load_frac,scheme,Q_high_MW,Q_low_MW,P_el_MW,role,Q_total_MW,specific_heat_release_kJ_kg,accepted_fixed_network
0.5,S2a,0.0,0.0,297.0492001488095,conditional_source_only_not_network_or_full_range_validated,0.0,2386.3637082538426,False
0.5,S2a,4.163311534887413,0.0,296.03772018418147,conditional_source_only_not_network_or_full_range_validated,4.163311534887413,2386.3637082538426,False
0.5,S2a,8.326623069774826,0.0,295.031824148832,conditional_source_only_not_network_or_full_range_validated,8.326623069774826,2386.3637082538426,False
0.5,S2a,12.48993460466224,0.0,294.03151204276105,conditional_source_only_not_network_or_full_range_validated,12.48993460466224,2386.3637082538426,False
0.5,S2a,16.65324613954965,0.0,293.03678386596863,conditional_source_only_not_network_or_full_range_validated,16.65324613954965,2386.3637082538426,False
0.5,S2a,20.816557674437064,0.0,292.0476396184548,conditional_source_only_not_network_or_full_range_validated,20.816557674437064,2386.3637082538426,False
0.5,S2a,24.97986920932448,0.0,291.06407930021953,conditional_source_only_not_network_or_full_range_validated,24.97986920932448,2386.3637082538426,False
0.5,S2a,29.143180744211893,0.0,290.0861029112628,conditional_source_only_not_network_or_full_range_validated,29.143180744211893,2386.3637082538426,False
0.5,S2a,33.3064922790993,0.0,289.1137104515847,conditional_source_only_not_network_or_full_range_validated,33.3064922790993,2386.3637082538426,False
0.5,S2a,37.46980381398672,0.0,288.1469019211851,conditional_source_only_not_network_or_full_range_validated,37.46980381398672,2386.363708253842,False
0.5,S2a,41.63311534887413,0.0,287.18567732006403,conditional_source_only_not_network_or_full_range_validated,41.63311534887413,2386.3637082538426,False
0.5,S2a,45.79642688376155,0.0,286.2300366482216,conditional_source_only_not_network_or_full_range_validated,45.79642688376155,2386.3637082538426,False
0.5,S2a,49.95973841864896,0.0,285.2799799056576,conditional_source_only_not_network_or_full_range_validated,49.95973841864896,2386.3637082538426,False
0.5,S2a,54.123049953536366,0.0,284.33550709237227,conditional_source_only_not_network_or_full_range_validated,54.123049953536366,2386.3637082538426,False
0.5,S2a,58.286361488423786,0.0,283.39661820836545,conditional_source_only_not_network_or_full_range_validated,58.286361488423786,2386.3637082538426,False
0.5,S2a,62.44967302331119,0.0,282.4633132536372,conditional_source_only_not_network_or_full_range_validated,62.44967302331119,2386.3637082538426,False
0.5,S2a,66.6129845581986,0.0,281.5355922281875,conditional_source_only_not_network_or_full_range_validated,66.6129845581986,2386.3637082538426,False
0.5,S2a,70.77629609308603,0.0,280.6134551320164,conditional_source_only_not_network_or_full_range_validated,70.77629609308603,2386.363708253842,False
0.5,S2a,74.93960762797343,0.0,279.6969019651238,conditional_source_only_not_network_or_full_range_validated,74.93960762797343,2386.3637082538426,False
0.5,S2a,79.10291916286084,0.0,278.78593272750976,conditional_source_only_not_network_or_full_range_validated,79.10291916286084,2386.363708253842,False
0.5,S2a,83.26623069774826,0.0,277.8805474191743,conditional_source_only_not_network_or_full_range_validated,83.26623069774826,2386.3637082538426,False
0.5,S2a,87.42954223263567,0.0,276.98074604011737,conditional_source_only_not_network_or_full_range_validated,87.42954223263567,2386.363708253842,False
0.5,S2a,91.5928537675231,0.0,276.086528590339,conditional_source_only_not_network_or_full_range_validated,91.5928537675231,2386.3637082538426,False
0.5,S2a,95.75616530241052,0.0,275.19789506983926,conditional_source_only_not_network_or_full_range_validated,95.75616530241052,2386.363708253842,False
0.5,S2a,99.91947683729792,0.0,274.314845478618,conditional_source_only_not_network_or_full_range_validated,99.91947683729792,2386.3637082538426,False
0.5,S2a,104.08278837218532,0.0,273.4373798166753,conditional_source_only_not_network_or_full_range_validated,104.08278837218532,2386.363708253842,False
0.5,S2a,108.24609990707272,0.0,272.5654980840112,conditional_source_only_not_network_or_full_range_validated,108.24609990707272,2386.3637082538426,False
0.5,S2a,112.40941144196016,0.0,271.69920028062563,conditional_source_only_not_network_or_full_range_validated,112.40941144196016,2386.363708253842,False
0.5,S2a,116.57272297684756,0.0,270.8384864065186,conditional_source_only_not_network_or_full_range_validated,116.57272297684756,2386.3637082538426,False
0.5,S2a,120.736034511735,0.0,269.98335646169016,conditional_source_only_not_network_or_full_range_validated,120.736034511735,2386.3637082538426,False
0.5,S2a,124.89934604662238,0.0,269.1338104461403,conditional_source_only_not_network_or_full_range_validated,124.89934604662238,2386.3637082538426,False
0.5,S2a,129.0626575815098,0.0,268.2898483598689,conditional_source_only_not_network_or_full_range_validated,129.0626575815098,2386.363708253842,False
0.5,S2a,133.2259691163972,0.0,267.4514702028762,conditional_source_only_not_network_or_full_range_validated,133.2259691163972,2386.3637082538426,False
0.5,S2a,137.38928065128462,0.0,266.6186759751619,conditional_source_only_not_network_or_full_range_validated,137.38928065128462,2386.363708253842,False
0.5,S2a,141.55259218617206,0.0,265.79146567672626,conditional_source_only_not_network_or_full_range_validated,141.55259218617206,2386.363708253842,False
0.5,S2a,145.71590372105945,0.0,264.96983930756915,conditional_source_only_not_network_or_full_range_validated,145.71590372105945,2386.3637082538426,False
0.5,S2a,149.87921525594686,0.0,264.1537968676906,conditional_source_only_not_network_or_full_range_validated,149.87921525594686,2386.3637082538426,False
0.5,S2a,154.04252679083427,0.0,263.3433383570906,conditional_source_only_not_network_or_full_range_validated,154.04252679083427,2386.3637082538426,False
0.5,S2a,158.2058383257217,0.0,262.5384637757692,conditional_source_only_not_network_or_full_range_validated,158.2058383257217,2386.363708253842,False
0.5,S2a,162.36914986060913,0.0,261.7391731237263,conditional_source_only_not_network_or_full_range_validated,162.36914986060913,2386.363708253842,False
0.5,S2a,166.5324613954965,0.0,260.945466400962,conditional_source_only_not_network_or_full_range_validated,166.5324613954965,2386.3637082538426,False
0.5,S2a,4.110468680222957,0.1053966328262296,296.03614303457505,conditional_source_only_not_network_or_full_range_validated,4.2158653130491865,2382.317431562115,False
0.5,S2a,8.220937360445914,0.2107932656524593,295.0285714495772,conditional_source_only_not_network_or_full_range_validated,8.431730626098373,2382.317431562115,False
0.5,S2a,12.33140604066887,0.316189898478689,294.02648539381613,conditional_source_only_not_network_or_full_range_validated,12.647595939147559,2382.3174315621145,False
0.5,S2a,16.44187472089183,0.4215865313049187,293.0298848672917,conditional_source_only_not_network_or_full_range_validated,16.863461252196746,2382.317431562115,False
0.5,S2a,20.552343401114783,0.5269831641311483,292.03876987000393,conditional_source_only_not_network_or_full_range_validated,21.079326565245932,2382.317431562115,False
0.5,S2a,24.66281208133774,0.6323797969573781,291.0531404019528,conditional_source_only_not_network_or_full_range_validated,25.295191878295118,2382.3174315621145,False
0.5,S2a,28.7732807615607,0.7377764297836077,290.0729964631384,conditional_source_only_not_network_or_full_range_validated,29.511057191344307,2382.3174315621145,False
0.5,S2a,32.88374944178366,0.8431730626098374,289.09833805356067,conditional_source_only_not_network_or_full_range_validated,33.72692250439349,2382.317431562115,False
0.5,S2a,36.99421812200661,0.948569695436067,288.12916517321963,conditional_source_only_not_network_or_full_range_validated,37.94278781744268,2382.3174315621154,False
0.5,S2a,41.104686802229566,1.0539663282622966,287.1654778221153,conditional_source_only_not_network_or_full_range_validated,42.158653130491864,2382.317431562115,False
0.5,S2a,45.21515548245253,1.1593629610885263,286.2072760002476,conditional_source_only_not_network_or_full_range_validated,46.37451844354106,2382.3174315621145,False
0.5,S2a,49.32562416267548,1.2647595939147562,285.2545597076166,conditional_source_only_not_network_or_full_range_validated,50.590383756590235,2382.3174315621145,False
0.5,S2a,53.43609284289844,1.3701562267409857,284.3073289442222,conditional_source_only_not_network_or_full_range_validated,54.80624906963943,2382.317431562115,False
0.5,S2a,57.5465615231214,1.4755528595672154,283.3655837100646,conditional_source_only_not_network_or_full_range_validated,59.02211438268861,2382.3174315621145,False
0.5,S2a,61.65703020334435,1.5809494923934448,282.4293240051436,conditional_source_only_not_network_or_full_range_validated,63.23797969573779,2382.317431562115,False
0.5,S2a,65.76749888356731,1.6863461252196748,281.4985498294593,conditional_source_only_not_network_or_full_range_validated,67.45384500878698,2382.317431562115,False
0.5,S2a,69.87796756379028,1.7917427580459044,280.57326118301165,conditional_source_only_not_network_or_full_range_validated,71.66971032183618,2382.3174315621145,False
0.5,S2a,73.98843624401322,1.897139390872134,279.65345806580075,conditional_source_only_not_network_or_full_range_validated,75.88557563488536,2382.3174315621154,False
0.5,S2a,78.09890492423618,2.002536023698364,278.7391404778265,conditional_source_only_not_network_or_full_range_validated,80.10144094793455,2382.317431562115,False
0.5,S2a,82.20937360445913,2.1079326565245933,277.83030841908885,conditional_source_only_not_network_or_full_range_validated,84.31730626098373,2382.317431562115,False
0.5,S2a,86.3198422846821,2.213329289350823,276.926961889588,conditional_source_only_not_network_or_full_range_validated,88.53317157403292,2382.317431562115,False
0.5,S2a,90.43031096490506,2.318725922177053,276.02910088932373,conditional_source_only_not_network_or_full_range_validated,92.74903688708211,2382.3174315621145,False
0.5,S2a,94.540779645128,2.4241225550032826,275.1367254182962,conditional_source_only_not_network_or_full_range_validated,96.96490220013128,2382.317431562115,False
0.5,S2a,98.65124832535096,2.5295191878295125,274.2498354765053,conditional_source_only_not_network_or_full_range_validated,101.18076751318047,2382.3174315621145,False
0.5,S2a,102.76171700557391,2.634915820655742,273.3684310639511,conditional_source_only_not_network_or_full_range_validated,105.39663282622965,2382.3174315621145,False
0.5,S2a,106.87218568579688,2.7403124534819714,272.49251218063364,conditional_source_only_not_network_or_full_range_validated,109.61249813927886,2382.317431562115,False
0.5,S2a,110.98265436601984,2.845709086308201,271.62207882655275,conditional_source_only_not_network_or_full_range_validated,113.82836345232805,2382.317431562115,False
0.5,S2a,115.0931230462428,2.9511057191344308,270.7571310017086,conditional_source_only_not_network_or_full_range_validated,118.04422876537723,2382.3174315621145,False
0.5,S2a,119.20359172646576,3.0565023519606607,269.8976687061011,conditional_source_only_not_network_or_full_range_validated,122.26009407842642,2382.317431562115,False
0.5,S2a,123.3140604066887,3.1618989847868897,269.0436919397304,conditional_source_only_not_network_or_full_range_validated,126.47595939147558,2382.317431562115,False
0.5,S2a,127.42452908691163,3.26729561761312,268.1952007025962,conditional_source_only_not_network_or_full_range_validated,130.69182470452475,2382.317431562115,False
0.5,S2a,131.53499776713463,3.372692250439349,267.3521949946988,conditional_source_only_not_network_or_full_range_validated,134.90769001757397,2382.317431562115,False
0.5,S2a,135.6454664473576,3.4780888832655794,266.514674816038,conditional_source_only_not_network_or_full_range_validated,139.12355533062316,2382.317431562115,False
0.5,S2a,139.75593512758056,3.583485516091809,265.6826401666139,conditional_source_only_not_network_or_full_range_validated,143.33942064367236,2382.3174315621145,False
0.5,S2a,143.8664038078035,3.6888821489180383,264.8560910464265,conditional_source_only_not_network_or_full_range_validated,147.55528595672152,2382.3174315621145,False
0.5,S2a,147.97687248802643,3.794278781744268,264.0350274554758,conditional_source_only_not_network_or_full_range_validated,151.7711512697707,2382.3174315621154,False
0.5,S2a,152.0873411682494,3.8996754145704977,263.2194493937617,conditional_source_only_not_network_or_full_range_validated,155.9870165828199,2382.317431562115,False
0.5,S2a,156.19780984847236,4.005072047396728,262.4093568612844,conditional_source_only_not_network_or_full_range_validated,160.2028818958691,2382.317431562115,False
0.5,S2a,160.30827852869533,4.110468680222957,261.60474985804365,conditional_source_only_not_network_or_full_range_validated,164.4187472089183,2382.317431562115,False
0.5,S2a,164.41874720891826,4.2158653130491865,260.80562838403966,conditional_source_only_not_network_or_full_range_validated,168.63461252196745,2382.317431562115,False
0.5,S2a,3.996677260246929,0.2103514347498383,296.0493981847125,conditional_source_only_not_network_or_full_range_validated,4.207028694996767,2378.284853236081,False
0.5,S2a,7.993354520493857,0.4207028694996767,295.05483045017485,conditional_source_only_not_network_or_full_range_validated,8.414057389993534,2378.284853236081,False
0.5,S2a,11.990031780740786,0.6310543042495151,294.06549694519634,conditional_source_only_not_network_or_full_range_validated,12.621086084990301,2378.2848532360813,False
0.5,S2a,15.986709040987714,0.8414057389993534,293.08139766977723,conditional_source_only_not_network_or_full_range_validated,16.828114779987068,2378.284853236081,False
0.5,S2a,19.98338630123464,1.0517571737491918,292.1025326239174,conditional_source_only_not_network_or_full_range_validated,21.03514347498383,2378.2848532360813,False
0.5,S2a,23.98006356148157,1.2621086084990305,291.1289018076169,conditional_source_only_not_network_or_full_range_validated,25.2421721699806,2378.2848532360813,False
0.5,S2a,27.9767408217285,1.4724600432488686,290.1605052208757,conditional_source_only_not_network_or_full_range_validated,29.44920086497737,2378.284853236081,False
0.5,S2a,31.973418081975428,1.682811477998707,289.19734286369373,conditional_source_only_not_network_or_full_range_validated,33.656229559974136,2378.284853236081,False
0.5,S2a,35.97009534222236,1.8931629127485448,288.239414736071,conditional_source_only_not_network_or_full_range_validated,37.8632582549709,2378.2848532360813,False
0.5,S2a,39.96677260246928,2.1035143474983835,287.2867208380077,conditional_source_only_not_network_or_full_range_validated,42.07028694996766,2378.2848532360813,False
0.5,S2a,43.96344986271622,2.313865782248222,286.3392611695036,conditional_source_only_not_network_or_full_range_validated,46.27731564496444,2378.284853236081,False
0.5,S2a,47.96012712296314,2.524217216998061,285.39703573055885,conditional_source_only_not_network_or_full_range_validated,50.4843443399612,2378.2848532360813,False
0.5,S2a,51.95680438321007,2.734568651747898,284.46004452117336,conditional_source_only_not_network_or_full_range_validated,54.69137303495797,2378.284853236081,False
0.5,S2a,55.953481643457,2.944920086497737,283.52828754134714,conditional_source_only_not_network_or_full_range_validated,58.89840172995474,2378.284853236081,False
0.5,S2a,59.95015890370392,3.1552715212475757,282.60176479108026,conditional_source_only_not_network_or_full_range_validated,63.1054304249515,2378.284853236081,False
0.5,S2a,63.946836163950856,3.365622955997414,281.68047627037265,conditional_source_only_not_network_or_full_range_validated,67.31245911994827,2378.284853236081,False
0.5,S2a,67.94351342419779,3.575974390747252,280.7644219792243,conditional_source_only_not_network_or_full_range_validated,71.51948781494504,2378.284853236081,False
0.5,S2a,71.94019068444472,3.7863258254970895,279.85360191763533,conditional_source_only_not_network_or_full_range_validated,75.7265165099418,2378.2848532360813,False
0.5,S2a,75.93686794469164,3.996677260246929,278.9480160856056,conditional_source_only_not_network_or_full_range_validated,79.93354520493857,2378.284853236081,False
0.5,S2a,79.93354520493857,4.207028694996767,278.0476644831351,conditional_source_only_not_network_or_full_range_validated,84.14057389993533,2378.2848532360813,False
0.5,S2a,83.9302224651855,4.417380129746605,277.152547110224,conditional_source_only_not_network_or_full_range_validated,88.3476025949321,2378.2848532360813,False
0.5,S2a,87.92689972543243,4.627731564496444,276.2626639668722,conditional_source_only_not_network_or_full_range_validated,92.55463128992888,2378.284853236081,False
0.5,S2a,91.92357698567936,4.838082999246282,275.37801505307965,conditional_source_only_not_network_or_full_range_validated,96.76165998492564,2378.284853236081,False
0.5,S2a,95.92025424592627,5.048434433996121,274.4986003688464,conditional_source_only_not_network_or_full_range_validated,100.9686886799224,2378.2848532360813,False
0.5,S2a,99.9169315061732,5.258785868745959,273.62441991417245,conditional_source_only_not_network_or_full_range_validated,105.17571737491916,2378.284853236081,False
0.5,S2a,103.91360876642014,5.469137303495797,272.75547368905774,conditional_source_only_not_network_or_full_range_validated,109.38274606991594,2378.284853236081,False
0.5,S2a,107.91028602666708,5.679488738245635,271.8917616935024,conditional_source_only_not_network_or_full_range_validated,113.58977476491272,2378.284853236081,False
0.5,S2a,111.906963286914,5.889840172995474,271.0332839275063,conditional_source_only_not_network_or_full_range_validated,117.79680345990948,2378.284853236081,False
0.5,S2a,115.90364054716092,6.100191607745312,270.1800403910695,conditional_source_only_not_network_or_full_range_validated,122.00383215490623,2378.2848532360813,False
0.5,S2a,119.90031780740784,6.310543042495151,269.332031084192,conditional_source_only_not_network_or_full_range_validated,126.210860849903,2378.284853236081,False
0.5,S2a,123.89699506765476,6.520894477244989,268.4892560068738,conditional_source_only_not_network_or_full_range_validated,130.41788954489974,2378.284853236081,False
0.5,S2a,127.89367232790173,6.731245911994828,267.6517151591149,conditional_source_only_not_network_or_full_range_validated,134.62491823989654,2378.284853236081,False
0.5,S2a,131.89034958814864,6.9415973467446666,266.8194085409153,conditional_source_only_not_network_or_full_range_validated,138.8319469348933,2378.2848532360804,False
0.5,S2a,135.88702684839558,7.151948781494504,265.99233615227496,conditional_source_only_not_network_or_full_range_validated,143.03897562989007,2378.284853236081,False
0.5,S2a,139.8837041086425,7.362300216244342,265.1704979931939,conditional_source_only_not_network_or_full_range_validated,147.24600432488683,2378.2848532360813,False
0.5,S2a,143.88038136888943,7.572651650994181,264.3538940636722,conditional_source_only_not_network_or_full_range_validated,151.4530330198836,2378.2848532360813,False
0.5,S2a,147.87705862913637,7.78300308574402,263.54252436370973,conditional_source_only_not_network_or_full_range_validated,155.66006171488038,2378.2848532360813,False
0.5,S2a,151.87373588938328,7.993354520493857,262.7363888933066,conditional_source_only_not_network_or_full_range_validated,159.86709040987714,2378.284853236081,False
0.5,S2a,155.87041314963022,8.203705955243697,261.9354876524628,conditional_source_only_not_network_or_full_range_validated,164.07411910487392,2378.284853236081,False
0.5,S2a,159.86709040987714,8.414057389993534,261.1398206411782,conditional_source_only_not_network_or_full_range_validated,168.28114779987067,2378.2848532360813,False
0.5,S2a,3.883361865009386,0.3148671782440043,296.06260382631024,conditional_source_only_not_network_or_full_range_validated,4.198229043253391,2374.2659038311094,False
0.5,S2a,7.766723730018773,0.6297343564880087,295.0810033686711,conditional_source_only_not_network_or_full_range_validated,8.396458086506781,2374.2659038311094,False
0.5,S2a,11.650085595028164,0.9446015347320132,294.1043987758919,conditional_source_only_not_network_or_full_range_validated,12.594687129760178,2374.2659038311094,False
0.5,S2a,15.533447460037548,1.2594687129760174,293.13279004797295,conditional_source_only_not_network_or_full_range_validated,16.792916173013566,2374.2659038311094,False
0.5,S2a,19.41680932504693,1.5743358912200218,292.1661771849141,conditional_source_only_not_network_or_full_range_validated,20.99114521626695,2374.2659038311094,False
0.5,S2a,23.300171190056325,1.8892030694640265,291.20456018671536,conditional_source_only_not_network_or_full_range_validated,25.189374259520353,2374.2659038311094,False
0.5,S2a,27.18353305506571,2.2040702477080307,290.24793905337674,conditional_source_only_not_network_or_full_range_validated,29.38760330277374,2374.2659038311094,False
0.5,S2a,31.066894920075093,2.5189374259520347,289.29631378489813,conditional_source_only_not_network_or_full_range_validated,33.585832346027125,2374.2659038311094,False
0.5,S2a,34.95025678508448,2.833804604196039,288.34968438127976,conditional_source_only_not_network_or_full_range_validated,37.78406138928052,2374.2659038311094,False
0.5,S2a,38.83361865009387,3.148671782440044,287.40805084252145,conditional_source_only_not_network_or_full_range_validated,41.982290432533915,2374.26590383111,False
0.5,S2a,42.71698051510325,3.463538960684048,286.4714131686232,conditional_source_only_not_network_or_full_range_validated,46.1805194757873,2374.2659038311094,False
0.5,S2a,46.60034238011265,3.778406138928053,285.5397713595852,conditional_source_only_not_network_or_full_range_validated,50.378748519040705,2374.2659038311094,False
0.5,S2a,50.48370424512203,4.093273317172057,284.61312541540707,conditional_source_only_not_network_or_full_range_validated,54.57697756229408,2374.265903831109,False
0.5,S2a,54.36706611013142,4.4081404954160615,283.69147533608924,conditional_source_only_not_network_or_full_range_validated,58.77520660554748,2374.2659038311094,False
0.5,S2a,58.2504279751408,4.7230076736600655,282.7748211216315,conditional_source_only_not_network_or_full_range_validated,62.973435648800866,2374.265903831109,False
0.5,S2a,62.133789840150186,5.0378748519040695,281.8631627720338,conditional_source_only_not_network_or_full_range_validated,67.17166469205425,2374.2659038311094,False
0.5,S2a,66.01715170515959,5.352742030148075,280.9565002872962,conditional_source_only_not_network_or_full_range_validated,71.36989373530767,2374.2659038311094,False
0.5,S2a,69.90051357016895,5.667609208392078,280.05483366741873,conditional_source_only_not_network_or_full_range_validated,75.56812277856103,2374.2659038311094,False
0.5,S2a,73.78387543517835,5.982476386636082,279.15816291240145,conditional_source_only_not_network_or_full_range_validated,79.76635182181442,2374.2659038311094,False
0.5,S2a,77.66723730018774,6.297343564880087,278.2664880222442,conditional_source_only_not_network_or_full_range_validated,83.96458086506783,2374.26590383111,False
0.5,S2a,81.55059916519713,6.612210743124091,277.3798089969471,conditional_source_only_not_network_or_full_range_validated,88.16280990832122,2374.26590383111,False
0.5,S2a,85.4339610302065,6.927077921368096,276.49812583651004,conditional_source_only_not_network_or_full_range_validated,92.3610389515746,2374.2659038311094,False
0.5,S2a,89.31732289521591,7.241945099612101,275.6214385409331,conditional_source_only_not_network_or_full_range_validated,96.559267994828,2374.265903831109,False
0.5,S2a,93.2006847602253,7.556812277856106,274.74974711021633,conditional_source_only_not_network_or_full_range_validated,100.75749703808141,2374.2659038311094,False
0.5,S2a,97.08404662523468,7.871679456100109,273.88305154435966,conditional_source_only_not_network_or_full_range_validated,104.95572608133479,2374.2659038311094,False
0.5,S2a,100.96740849024404,8.186546634344113,273.0213518433631,conditional_source_only_not_network_or_full_range_validated,109.15395512458815,2374.265903831109,False
0.5,S2a,104.85077035525345,8.501413812588119,272.16464800722656,conditional_source_only_not_network_or_full_range_validated,113.35218416784156,2374.265903831109,False
0.5,S2a,108.73413222026284,8.816280990832123,271.31294003595025,conditional_source_only_not_network_or_full_range_validated,117.55041321109496,2374.2659038311094,False
0.5,S2a,112.61749408527224,9.131148169076129,270.466227929534,conditional_source_only_not_network_or_full_range_validated,121.74864225434837,2374.2659038311094,False
0.5,S2a,116.5008559502816,9.446015347320133,269.6245116879779,conditional_source_only_not_network_or_full_range_validated,125.94687129760173,2374.265903831109,False
0.5,S2a,120.384217815291,9.760882525564137,268.7877913112818,conditional_source_only_not_network_or_full_range_validated,130.14510034085512,2374.265903831109,False
0.5,S2a,124.26757968030036,10.07574970380814,267.95606679944586,conditional_source_only_not_network_or_full_range_validated,134.3433293841085,2374.2659038311094,False
0.5,S2a,128.15094154530976,10.390616882052145,267.12933815247004,conditional_source_only_not_network_or_full_range_validated,138.5415584273619,2374.26590383111,False
0.5,S2a,132.03430341031918,10.70548406029615,266.30760537035434,conditional_source_only_not_network_or_full_range_validated,142.73978747061534,2374.2659038311094,False
0.5,S2a,135.91766527532857,11.020351238540153,265.4908684530988,conditional_source_only_not_network_or_full_range_validated,146.93801651386872,2374.2659038311094,False
0.5,S2a,139.8010271403379,11.335218416784157,264.67912740070324,conditional_source_only_not_network_or_full_range_validated,151.13624555712207,2374.2659038311094,False
0.5,S2a,143.68438900534733,11.650085595028164,263.87238221316784,conditional_source_only_not_network_or_full_range_validated,155.3344746003755,2374.2659038311094,False
0.5,S2a,147.5677508703567,11.964952773272165,263.07063289049256,conditional_source_only_not_network_or_full_range_validated,159.53270364362885,2374.2659038311094,False
0.5,S2a,151.45111273536608,12.27981995151617,262.2738794326774,conditional_source_only_not_network_or_full_range_validated,163.73093268688226,2374.26590383111,False
0.5,S2a,155.33447460037547,12.594687129760176,261.4821218397224,conditional_source_only_not_network_or_full_range_validated,167.92916173013566,2374.26590383111,False
0.5,S2a,3.770519513706866,0.4189466126340962,296.0757602322546,conditional_source_only_not_network_or_full_range_validated,4.189466126340962,2370.2605143711803,False
0.5,S2a,7.541039027413732,0.8378932252681924,295.10709059558275,conditional_source_only_not_network_or_full_range_validated,8.378932252681924,2370.2605143711803,False
0.5,S2a,11.311558541120595,1.2568398379022887,294.14319123879403,conditional_source_only_not_network_or_full_range_validated,12.568398379022884,2370.2605143711808,False
0.5,S2a,15.082078054827464,1.6757864505363849,293.1840621618884,conditional_source_only_not_network_or_full_range_validated,16.757864505363848,2370.2605143711803,False
0.5,S2a,18.85259756853433,2.094733063170481,292.2297033648659,conditional_source_only_not_network_or_full_range_validated,20.94733063170481,2370.2605143711803,False
0.5,S2a,22.623117082241198,2.5136796758045774,291.2801148477265,conditional_source_only_not_network_or_full_range_validated,25.136796758045776,2370.2605143711808,False
0.5,S2a,26.393636595948063,2.932626288438674,290.3352966104702,conditional_source_only_not_network_or_full_range_validated,29.326262884386736,2370.2605143711803,False
0.5,S2a,30.16415610965493,3.3515729010727697,289.395248653097,conditional_source_only_not_network_or_full_range_validated,33.515729010727696,2370.2605143711803,False
0.5,S2a,33.93467562336179,3.7705195137068657,288.4599709756069,conditional_source_only_not_network_or_full_range_validated,37.70519513706866,2370.2605143711808,False
0.5,S2a,37.70519513706866,4.189466126340962,287.52946357799993,conditional_source_only_not_network_or_full_range_validated,41.89466126340962,2370.2605143711803,False
0.5,S2a,41.47571465077553,4.608412738975058,286.60372646027605,conditional_source_only_not_network_or_full_range_validated,46.08412738975059,2370.2605143711803,False
0.5,S2a,45.24623416448239,5.027359351609155,285.6827596224353,conditional_source_only_not_network_or_full_range_validated,50.273593516091545,2370.2605143711808,False
0.5,S2a,49.01675367818925,5.446305964243251,284.7665630644776,conditional_source_only_not_network_or_full_range_validated,54.4630596424325,2370.2605143711803,False
0.5,S2a,52.787273191896126,5.865252576877348,283.8551367864031,conditional_source_only_not_network_or_full_range_validated,58.65252576877347,2370.2605143711803,False
0.5,S2a,56.557792705602985,6.284199189511443,282.94848078821167,conditional_source_only_not_network_or_full_range_validated,62.841991895114425,2370.2605143711808,False
0.5,S2a,60.32831221930986,6.70314580214554,282.04659506990333,conditional_source_only_not_network_or_full_range_validated,67.03145802145539,2370.2605143711803,False
0.5,S2a,64.09883173301672,7.122092414779636,281.1494796314781,conditional_source_only_not_network_or_full_range_validated,71.22092414779635,2370.2605143711803,False
0.5,S2a,67.86935124672358,7.541039027413731,280.25713447293595,conditional_source_only_not_network_or_full_range_validated,75.41039027413731,2370.2605143711808,False
0.5,S2a,71.63987076043045,7.959985640047828,279.3695595942769,conditional_source_only_not_network_or_full_range_validated,79.59985640047829,2370.2605143711808,False
0.5,S2a,75.41039027413731,8.378932252681924,278.48675499550103,conditional_source_only_not_network_or_full_range_validated,83.78932252681923,2370.2605143711803,False
0.5,S2a,79.18090978784417,8.79787886531602,277.6087206766082,conditional_source_only_not_network_or_full_range_validated,87.9787886531602,2370.2605143711808,False
0.5,S2a,82.95142930155106,9.216825477950117,276.73545663759853,conditional_source_only_not_network_or_full_range_validated,92.16825477950118,2370.2605143711803,False
0.5,S2a,86.72194881525792,9.635772090584211,275.8669628784719,conditional_source_only_not_network_or_full_range_validated,96.35772090584213,2370.2605143711808,False
0.5,S2a,90.49246832896478,10.05471870321831,275.00323939922845,conditional_source_only_not_network_or_full_range_validated,100.54718703218309,2370.2605143711808,False
0.5,S2a,94.26298784267163,10.473665315852404,274.1442861998681,conditional_source_only_not_network_or_full_range_validated,104.73665315852404,2370.2605143711803,False
0.5,S2a,98.03350735637852,10.892611928486502,273.2901032803908,conditional_source_only_not_network_or_full_range_validated,108.92611928486502,2370.2605143711803,False
0.5,S2a,101.80402687008538,11.311558541120595,272.4406906407966,conditional_source_only_not_network_or_full_range_validated,113.11558541120597,2370.2605143711803,False
0.5,S2a,105.57454638379224,11.730505153754695,271.5960482810856,conditional_source_only_not_network_or_full_range_validated,117.30505153754693,2370.2605143711808,False
0.5,S2a,109.34506589749913,12.149451766388792,270.7561762012576,conditional_source_only_not_network_or_full_range_validated,121.49451766388792,2370.2605143711803,False
0.5,S2a,113.11558541120596,12.568398379022886,269.92107440131275,conditional_source_only_not_network_or_full_range_validated,125.68398379022884,2370.2605143711808,False
0.5,S2a,116.88610492491284,12.987344991656984,269.090742881251,conditional_source_only_not_network_or_full_range_validated,129.87344991656983,2370.2605143711803,False
0.5,S2a,120.65662443861972,13.40629160429108,268.2651816410724,conditional_source_only_not_network_or_full_range_validated,134.06291604291079,2370.2605143711803,False
0.5,S2a,124.42714395232656,13.825238216925175,267.44439068077685,conditional_source_only_not_network_or_full_range_validated,138.25238216925175,2370.2605143711808,False
0.5,S2a,128.19766346603345,14.244184829559272,266.6283700003644,conditional_source_only_not_network_or_full_range_validated,142.4418482955927,2370.2605143711803,False
0.5,S2a,131.9681829797403,14.663131442193368,265.8171195998351,conditional_source_only_not_network_or_full_range_validated,146.63131442193367,2370.2605143711808,False
0.5,S2a,135.73870249344716,15.082078054827464,265.0106394791889,conditional_source_only_not_network_or_full_range_validated,150.82078054827463,2370.2605143711808,False
0.5,S2a,139.50922200715402,15.50102466746156,264.2089296384258,conditional_source_only_not_network_or_full_range_validated,155.0102466746156,2370.2605143711808,False
0.5,S2a,143.2797415208609,15.919971280095655,263.4119900775458,conditional_source_only_not_network_or_full_range_validated,159.19971280095658,2370.2605143711808,False
0.5,S2a,147.05026103456777,16.33891789272975,262.6198207965489,conditional_source_only_not_network_or_full_range_validated,163.3891789272975,2370.2605143711808,False
0.5,S2a,150.82078054827463,16.757864505363848,261.8324217954351,conditional_source_only_not_network_or_full_range_validated,167.57864505363847,2370.2605143711803,False
0.5,S2a,3.6581472503712464,0.5225924643387495,296.0888676734671,conditional_source_only_not_network_or_full_range_validated,4.180739714709996,2366.2686163449425,False
0.5,S2a,7.316294500742493,1.045184928677499,295.133092519408,conditional_source_only_not_network_or_full_range_validated,8.361479429419992,2366.2686163449425,False
0.5,S2a,10.974441751113742,1.5677773930162489,294.18187468663206,conditional_source_only_not_network_or_full_range_validated,12.54221914412999,2366.268616344942,False
0.5,S2a,14.632589001484986,2.090369857354998,293.23521417513933,conditional_source_only_not_network_or_full_range_validated,16.722958858839984,2366.2686163449425,False
0.5,S2a,18.290736251856234,2.612962321693748,292.2931109849299,conditional_source_only_not_network_or_full_range_validated,20.90369857354998,2366.268616344942,False
0.5,S2a,21.948883502227485,3.1355547860324977,291.35556511600373,conditional_source_only_not_network_or_full_range_validated,25.08443828825998,2366.268616344942,False
0.5,S2a,25.607030752598728,3.658147250371247,290.4225765683608,conditional_source_only_not_network_or_full_range_validated,29.265178002969975,2366.2686163449425,False
0.5,S2a,29.26517800296997,4.180739714709996,289.4941453420011,conditional_source_only_not_network_or_full_range_validated,33.44591771767997,2366.2686163449425,False
0.5,S2a,32.923325253341226,4.703332179048746,288.57027143692466,conditional_source_only_not_network_or_full_range_validated,37.62665743238997,2366.2686163449425,False
0.5,S2a,36.58147250371247,5.225924643387495,287.65095485313145,conditional_source_only_not_network_or_full_range_validated,41.80739714709996,2366.268616344942,False
0.5,S2a,40.23961975408372,5.748517107726245,286.73619559062143,conditional_source_only_not_network_or_full_range_validated,45.98813686180996,2366.2686163449425,False
0.5,S2a,43.89776700445497,6.271109572064995,285.8259936493948,conditional_source_only_not_network_or_full_range_validated,50.16887657651996,2366.268616344942,False
0.5,S2a,47.555914254826206,6.793702036403744,284.9203490294513,conditional_source_only_not_network_or_full_range_validated,54.34961629122995,2366.2686163449425,False
0.5,S2a,51.214061505197456,7.316294500742494,284.0192617307911,conditional_source_only_not_network_or_full_range_validated,58.53035600593995,2366.2686163449425,False
0.5,S2a,54.8722087555687,7.838886965081243,283.12273175341403,conditional_source_only_not_network_or_full_range_validated,62.71109572064994,2366.268616344942,False
0.5,S2a,58.53035600593994,8.361479429419992,282.23075909732034,conditional_source_only_not_network_or_full_range_validated,66.89183543535994,2366.2686163449425,False
0.5,S2a,62.18850325631119,8.884071893758742,281.34334376250985,conditional_source_only_not_network_or_full_range_validated,71.07257515006994,2366.268616344942,False
0.5,S2a,65.84665050668245,9.406664358097492,280.4604857489826,conditional_source_only_not_network_or_full_range_validated,75.25331486477994,2366.2686163449425,False
0.5,S2a,69.5047977570537,9.929256822436242,279.5821850567386,conditional_source_only_not_network_or_full_range_validated,79.43405457948994,2366.268616344942,False
0.5,S2a,73.16294500742494,10.45184928677499,278.7084416857778,conditional_source_only_not_network_or_full_range_validated,83.61479429419992,2366.268616344942,False
0.5,S2a,76.82109225779618,10.97444175111374,277.8392556361003,conditional_source_only_not_network_or_full_range_validated,87.79553400890993,2366.2686163449416,False
0.5,S2a,80.47923950816744,11.49703421545249,276.974626907706,conditional_source_only_not_network_or_full_range_validated,91.97627372361993,2366.2686163449425,False
0.5,S2a,84.13738675853868,12.01962667979124,276.11455550059503,conditional_source_only_not_network_or_full_range_validated,96.15701343832993,2366.2686163449425,False
0.5,S2a,87.79553400890994,12.54221914412999,275.25904141476724,conditional_source_only_not_network_or_full_range_validated,100.33775315303993,2366.268616344942,False
0.5,S2a,91.45368125928115,13.064811608468736,274.40808465022263,conditional_source_only_not_network_or_full_range_validated,104.51849286774988,2366.268616344942,False
0.5,S2a,95.1118285096524,13.587404072807487,273.5616852069614,conditional_source_only_not_network_or_full_range_validated,108.69923258245989,2366.268616344942,False
0.5,S2a,98.76997576002368,14.109996537146236,272.7198430849833,conditional_source_only_not_network_or_full_range_validated,112.87997229716991,2366.268616344942,False
0.5,S2a,102.42812301039493,14.632589001484988,271.8825582842885,conditional_source_only_not_network_or_full_range_validated,117.06071201187991,2366.2686163449425,False
0.5,S2a,106.08627026076616,15.155181465823738,271.04983080487693,conditional_source_only_not_network_or_full_range_validated,121.2414517265899,2366.2686163449425,False
0.5,S2a,109.7444175111374,15.677773930162486,270.22166064674866,conditional_source_only_not_network_or_full_range_validated,125.42219144129989,2366.268616344942,False
0.5,S2a,113.40256476150864,16.200366394501234,269.3980478099036,conditional_source_only_not_network_or_full_range_validated,129.60293115600987,2366.2686163449425,False
0.5,S2a,117.06071201187989,16.722958858839984,268.57899229434173,conditional_source_only_not_network_or_full_range_validated,133.78367087071987,2366.2686163449425,False
0.5,S2a,120.71885926225114,17.245551323178734,267.7644941000632,conditional_source_only_not_network_or_full_range_validated,137.96441058542987,2366.268616344942,False
0.5,S2a,124.3770065126224,17.768143787517484,266.95455322706783,conditional_source_only_not_network_or_full_range_validated,142.14515030013987,2366.268616344942,False
0.5,S2a,128.03515376299364,18.290736251856234,266.1491696753557,conditional_source_only_not_network_or_full_range_validated,146.32589001484988,2366.268616344942,False
0.5,S2a,131.6933010133649,18.813328716194984,265.3483434449269,conditional_source_only_not_network_or_full_range_validated,150.50662972955988,2366.2686163449425,False
0.5,S2a,135.35144826373613,19.33592118053373,264.5520745357813,conditional_source_only_not_network_or_full_range_validated,154.68736944426985,2366.2686163449425,False
0.5,S2a,139.0095955141074,19.858513644872485,263.7603629479189,conditional_source_only_not_network_or_full_range_validated,158.86810915897988,2366.268616344942,False
0.5,S2a,142.66774276447865,20.381106109211235,262.9732086813398,conditional_source_only_not_network_or_full_range_validated,163.04884887368988,2366.2686163449425,False
0.5,S2a,146.32589001484988,20.90369857354998,262.190611736044,conditional_source_only_not_network_or_full_range_validated,167.22958858839985,2366.268616344942,False
0.5,S2a,3.546242143611656,0.6258074371079393,296.1019264189216,conditional_source_only_not_network_or_full_range_validated,4.172049580719595,2362.290141701803,False
0.5,S2a,7.092484287223311,1.2516148742158786,295.1590095266339,conditional_source_only_not_network_or_full_range_validated,8.344099161439189,2362.2901417018024,False
0.5,S2a,10.638726430834968,1.877422311323818,294.2204494719463,conditional_source_only_not_network_or_full_range_validated,12.516148742158785,2362.2901417018024,False
0.5,S2a,14.18496857444662,2.503229748431757,293.28624625485907,conditional_source_only_not_network_or_full_range_validated,16.688198322878378,2362.2901417018024,False
0.5,S2a,17.731210718058275,3.1290371855396963,292.35639987537195,conditional_source_only_not_network_or_full_range_validated,20.860247903597973,2362.2901417018024,False
0.5,S2a,21.277452861669936,3.754844622647636,291.430910333485,conditional_source_only_not_network_or_full_range_validated,25.03229748431757,2362.2901417018024,False
0.5,S2a,24.82369500528159,4.380652059755575,290.5097776291982,conditional_source_only_not_network_or_full_range_validated,29.204347065037165,2362.2901417018024,False
0.5,S2a,28.369937148893243,5.006459496863514,289.5930017625116,conditional_source_only_not_network_or_full_range_validated,33.376396645756756,2362.2901417018024,False
0.5,S2a,31.916179292504896,5.6322669339714535,288.68058273342524,conditional_source_only_not_network_or_full_range_validated,37.54844622647635,2362.2901417018024,False
0.5,S2a,35.46242143611655,6.258074371079393,287.77252054193906,conditional_source_only_not_network_or_full_range_validated,41.720495807195945,2362.2901417018024,False
0.5,S2a,39.00866357972821,6.883881808187333,286.8688151880531,conditional_source_only_not_network_or_full_range_validated,45.89254538791554,2362.290141701802,False
0.5,S2a,42.55490572333987,7.509689245295272,285.9694666717673,conditional_source_only_not_network_or_full_range_validated,50.06459496863514,2362.2901417018024,False
0.5,S2a,46.10114786695152,8.135496682403211,285.07447499308176,conditional_source_only_not_network_or_full_range_validated,54.236644549354736,2362.2901417018024,False
0.5,S2a,49.64739001056318,8.76130411951115,284.1838401519963,conditional_source_only_not_network_or_full_range_validated,58.40869413007433,2362.2901417018024,False
0.5,S2a,53.19363215417483,9.38711155661909,283.2975621485111,conditional_source_only_not_network_or_full_range_validated,62.58074371079392,2362.2901417018024,False
0.5,S2a,56.739874297786486,10.012918993727029,282.4156409826261,conditional_source_only_not_network_or_full_range_validated,66.75279329151351,2362.2901417018024,False
0.5,S2a,60.28611644139814,10.638726430834968,281.53807665434124,conditional_source_only_not_network_or_full_range_validated,70.92484287223311,2362.2901417018024,False
0.5,S2a,63.83235858500979,11.264533867942909,280.6648691636566,conditional_source_only_not_network_or_full_range_validated,75.0968924529527,2362.2901417018024,False
0.5,S2a,67.37860072862145,11.890341305050848,279.7960185105722,conditional_source_only_not_network_or_full_range_validated,79.2689420336723,2362.2901417018024,False
0.5,S2a,70.9248428722331,12.516148742158784,278.93152469508794,conditional_source_only_not_network_or_full_range_validated,83.44099161439189,2362.2901417018024,False
0.5,S2a,74.47108501584476,13.141956179266726,278.07138771720383,conditional_source_only_not_network_or_full_range_validated,87.61304119511149,2362.2901417018024,False
0.5,S2a,78.01732715945643,13.767763616374666,277.21560757692,conditional_source_only_not_network_or_full_range_validated,91.7850907758311,2362.290141701802,False
0.5,S2a,81.56356930306808,14.393571053482605,276.36418427423627,conditional_source_only_not_network_or_full_range_validated,95.95714035655068,2362.290141701802,False
0.5,S2a,85.10981144667974,15.019378490590544,275.5171178091528,conditional_source_only_not_network_or_full_range_validated,100.12918993727028,2362.2901417018024,False
0.5,S2a,88.65605359029139,15.645185927698485,274.6744081816695,conditional_source_only_not_network_or_full_range_validated,104.30123951798987,2362.2901417018024,False
0.5,S2a,92.20229573390304,16.270993364806422,273.83605539178643,conditional_source_only_not_network_or_full_range_validated,108.47328909870947,2362.2901417018024,False
0.5,S2a,95.74853787751468,16.896800801914363,273.0020594395035,conditional_source_only_not_network_or_full_range_validated,112.64533867942905,2362.2901417018024,False
0.5,S2a,99.29478002112636,17.5226082390223,272.1724203248208,conditional_source_only_not_network_or_full_range_validated,116.81738826014866,2362.2901417018024,False
0.5,S2a,102.84102216473802,18.14841567613024,271.34713804773827,conditional_source_only_not_network_or_full_range_validated,120.98943784086826,2362.2901417018024,False
0.5,S2a,106.38726430834966,18.77422311323818,270.5262126082559,conditional_source_only_not_network_or_full_range_validated,125.16148742158784,2362.2901417018024,False
0.5,S2a,109.9335064519613,19.40003055034612,269.70964400637376,conditional_source_only_not_network_or_full_range_validated,129.33353700230742,2362.2901417018024,False
0.5,S2a,113.47974859557296,20.025837987454057,268.8974322420918,conditional_source_only_not_network_or_full_range_validated,133.50558658302702,2362.2901417018024,False
0.5,S2a,117.02599073918464,20.651645424562,268.08957731541005,conditional_source_only_not_network_or_full_range_validated,137.67763616374663,2362.290141701802,False
0.5,S2a,120.57223288279629,21.277452861669936,267.28607922632847,conditional_source_only_not_network_or_full_range_validated,141.84968574446623,2362.2901417018024,False
0.5,S2a,124.11847502640792,21.903260298777877,266.48693797484714,conditional_source_only_not_network_or_full_range_validated,146.0217353251858,2362.2901417018024,False
0.5,S2a,127.6647171700196,22.52906773588581,265.69215356096595,conditional_source_only_not_network_or_full_range_validated,150.1937849059054,2362.290141701802,False
0.5,S2a,131.21095931363126,23.154875172993755,264.90172598468496,conditional_source_only_not_network_or_full_range_validated,154.36583448662503,2362.290141701803,False
0.5,S2a,134.7572014572429,23.780682610101696,264.11565524600417,conditional_source_only_not_network_or_full_range_validated,158.5378840673446,2362.2901417018024,False
0.5,S2a,138.30344360085456,24.406490047209637,263.3339413449236,conditional_source_only_not_network_or_full_range_validated,162.7099336480642,2362.290141701802,False
0.5,S2a,141.8496857444662,25.03229748431757,262.5565842814431,conditional_source_only_not_network_or_full_range_validated,166.88198322878378,2362.2901417018024,False
0.5,S2a,3.4348012863595483,0.7285942122580862,296.1149367356613,conditional_source_only_not_network_or_full_range_validated,4.163395498617635,2358.3250228480624,False
0.5,S2a,6.869602572719097,1.4571884245161724,295.18484200174544,conditional_source_only_not_network_or_full_range_validated,8.32679099723527,2358.3250228480624,False
0.5,S2a,10.304403859078649,2.1857826367742588,294.2589159470621,conditional_source_only_not_network_or_full_range_validated,12.490186495852907,2358.3250228480615,False
0.5,S2a,13.739205145438191,2.9143768490323447,293.33715857161127,conditional_source_only_not_network_or_full_range_validated,16.653581994470535,2358.325022848062,False
0.5,S2a,17.174006431797743,3.642971061290431,292.4195698753929,conditional_source_only_not_network_or_full_range_validated,20.816977493088174,2358.325022848062,False
0.5,S2a,20.60880771815729,4.3715652735485175,291.50614985840696,conditional_source_only_not_network_or_full_range_validated,24.980372991705806,2358.3250228480615,False
0.5,S2a,24.04360900451684,5.100159485806604,290.59689852065355,conditional_source_only_not_network_or_full_range_validated,29.143768490323442,2358.325022848062,False
0.5,S2a,27.478410290876383,5.8287536980646895,289.69181586213256,conditional_source_only_not_network_or_full_range_validated,33.30716398894107,2358.325022848062,False
0.5,S2a,30.91321157723594,6.557347910322776,288.7909018828441,conditional_source_only_not_network_or_full_range_validated,37.47055948755872,2358.325022848062,False
0.5,S2a,34.348012863595486,7.285942122580861,287.89415658278807,conditional_source_only_not_network_or_full_range_validated,41.63395498617635,2358.325022848062,False
0.5,S2a,37.78281414995504,8.01453633483895,287.00157996196447,conditional_source_only_not_network_or_full_range_validated,45.79735048479399,2358.3250228480624,False
0.5,S2a,41.21761543631459,8.743130547097035,286.1131720203734,conditional_source_only_not_network_or_full_range_validated,49.96074598341163,2358.325022848062,False
0.5,S2a,44.65241672267413,9.47172475935512,285.2289327580148,conditional_source_only_not_network_or_full_range_validated,54.12414148202925,2358.3250228480615,False
0.5,S2a,48.08721800903368,10.200318971613209,284.34886217488867,conditional_source_only_not_network_or_full_range_validated,58.287536980646884,2358.325022848062,False
0.5,S2a,51.52201929539323,10.928913183871291,283.472960270995,conditional_source_only_not_network_or_full_range_validated,62.45093247926452,2358.325022848062,False
0.5,S2a,54.95682058175277,11.65750739612938,282.6012270463338,conditional_source_only_not_network_or_full_range_validated,66.61432797788216,2358.325022848062,False
0.5,S2a,58.39162186811233,12.386101608387468,281.7336625009051,conditional_source_only_not_network_or_full_range_validated,70.7777234764998,2358.325022848062,False
0.5,S2a,61.82642315447188,13.114695820645553,280.8702666347088,conditional_source_only_not_network_or_full_range_validated,74.94111897511743,2358.325022848062,False
0.5,S2a,65.26122444083143,13.84329003290364,280.011039447745,conditional_source_only_not_network_or_full_range_validated,79.10451447373507,2358.325022848062,False
0.5,S2a,68.69602572719097,14.571884245161725,279.1559809400137,conditional_source_only_not_network_or_full_range_validated,83.2679099723527,2358.325022848062,False
0.5,S2a,72.13082701355052,15.300478457419809,278.30509111151486,conditional_source_only_not_network_or_full_range_validated,87.43130547097033,2358.325022848062,False
0.5,S2a,75.56562829991007,16.0290726696779,277.4583699622485,conditional_source_only_not_network_or_full_range_validated,91.59470096958798,2358.3250228480624,False
0.5,S2a,79.00042958626962,16.757666881935982,276.6158174922146,conditional_source_only_not_network_or_full_range_validated,95.7580964682056,2358.3250228480615,False
0.5,S2a,82.43523087262918,17.48626109419407,275.7774337014132,conditional_source_only_not_network_or_full_range_validated,99.92149196682325,2358.325022848062,False
0.5,S2a,85.87003215898872,18.214855306452154,274.94321858984426,conditional_source_only_not_network_or_full_range_validated,104.08488746544087,2358.325022848062,False
0.5,S2a,89.30483344534827,18.94344951871024,274.11317215750773,conditional_source_only_not_network_or_full_range_validated,108.2482829640585,2358.3250228480615,False
0.5,S2a,92.73963473170782,19.67204373096833,273.2872944044037,conditional_source_only_not_network_or_full_range_validated,112.41167846267615,2358.325022848062,False
0.5,S2a,96.17443601806735,20.40063794322641,272.46558533053224,conditional_source_only_not_network_or_full_range_validated,116.57507396129377,2358.325022848062,False
0.5,S2a,99.60923730442693,21.1292321554845,271.64804493589315,conditional_source_only_not_network_or_full_range_validated,120.73846945991143,2358.325022848062,False
0.5,S2a,103.04403859078646,21.857826367742582,270.83467322048654,conditional_source_only_not_network_or_full_range_validated,124.90186495852905,2358.325022848062,False
0.5,S2a,106.478839877146,22.58642058000067,270.02547018431244,conditional_source_only_not_network_or_full_range_validated,129.06526045714668,2358.325022848062,False
0.5,S2a,109.91364116350556,23.31501479225876,269.22043582737075,conditional_source_only_not_network_or_full_range_validated,133.2286559557643,2358.325022848062,False
0.5,S2a,113.34844244986512,24.04360900451685,268.4195701496616,conditional_source_only_not_network_or_full_range_validated,137.39205145438197,2358.325022848062,False
0.5,S2a,116.78324373622466,24.772203216774933,267.6228731511849,conditional_source_only_not_network_or_full_range_validated,141.5554469529996,2358.325022848062,False
0.5,S2a,120.2180450225842,25.50079742903301,266.83034483194064,conditional_source_only_not_network_or_full_range_validated,145.7188424516172,2358.325022848062,False
0.5,S2a,123.65284630894377,26.229391641291105,266.04198519192886,conditional_source_only_not_network_or_full_range_validated,149.88223795023487,2358.325022848062,False
0.5,S2a,127.08764759530332,26.95798585354919,265.2577942311496,conditional_source_only_not_network_or_full_range_validated,154.04563344885253,2358.3250228480624,False
0.5,S2a,130.52244888166285,27.68658006580728,264.47777194960275,conditional_source_only_not_network_or_full_range_validated,158.20902894747013,2358.325022848062,False
0.5,S2a,133.9572501680224,28.41517427806536,263.7019183472884,conditional_source_only_not_network_or_full_range_validated,162.37242444608776,2358.325022848062,False
0.5,S2a,137.39205145438194,29.14376849032345,262.9302334242065,conditional_source_only_not_network_or_full_range_validated,166.5358199447054,2358.325022848062,False
0.5,S2a,3.3238217956169844,0.8309554489042461,296.1278988888154,conditional_source_only_not_network_or_full_range_validated,4.154777244521231,2354.3731926430883,False
0.5,S2a,6.647643591233969,1.6619108978084922,295.21059032723326,conditional_source_only_not_network_or_full_range_validated,8.309554489042462,2354.3731926430883,False
0.5,S2a,9.971465386850957,2.4928663467127388,294.29727446406315,conditional_source_only_not_network_or_full_range_validated,12.464331733563697,2354.373192643088,False
0.5,S2a,13.295287182467938,3.3238217956169844,293.38795129930503,conditional_source_only_not_network_or_full_range_validated,16.619108978084924,2354.3731926430883,False
0.5,S2a,16.61910897808492,4.15477724452123,292.4826208329589,conditional_source_only_not_network_or_full_range_validated,20.77388622260615,2354.373192643088,False
0.5,S2a,19.94293077370191,4.9857326934254775,291.5812830650248,conditional_source_only_not_network_or_full_range_validated,24.928663467127386,2354.373192643088,False
0.5,S2a,23.266752569318893,5.816688142329723,290.6839379955028,conditional_source_only_not_network_or_full_range_validated,29.083440711648617,2354.3731926430883,False
0.5,S2a,26.590574364935875,6.647643591233969,289.7905856243926,conditional_source_only_not_network_or_full_range_validated,33.23821795616985,2354.3731926430883,False
0.5,S2a,29.91439616055286,7.478599040138215,288.90122595169447,conditional_source_only_not_network_or_full_range_validated,37.392995200691075,2354.373192643088,False
0.5,S2a,33.23821795616984,8.30955448904246,288.0158589774084,conditional_source_only_not_network_or_full_range_validated,41.5477724452123,2354.373192643088,False
0.5,S2a,36.562039751786834,9.140509937946709,287.13448470153423,conditional_source_only_not_network_or_full_range_validated,45.702549689733544,2354.373192643088,False
0.5,S2a,39.88586154740382,9.971465386850957,286.2571031240721,conditional_source_only_not_network_or_full_range_validated,49.85732693425478,2354.373192643088,False
0.5,S2a,43.2096833430208,10.8024208357552,285.383714245022,conditional_source_only_not_network_or_full_range_validated,54.012104178776,2354.3731926430874,False
0.5,S2a,46.533505138637786,11.633376284659446,284.5143180643839,conditional_source_only_not_network_or_full_range_validated,58.166881423297234,2354.3731926430883,False
0.5,S2a,49.857326934254765,12.464331733563691,283.6489145821577,conditional_source_only_not_network_or_full_range_validated,62.321658667818454,2354.373192643088,False
0.5,S2a,53.18114872987175,13.295287182467938,282.7875037983436,conditional_source_only_not_network_or_full_range_validated,66.4764359123397,2354.3731926430883,False
0.5,S2a,56.50497052548874,14.126242631372186,281.93008571294155,conditional_source_only_not_network_or_full_range_validated,70.63121315686092,2354.373192643088,False
0.5,S2a,59.82879232110572,14.95719808027643,281.07666032595137,conditional_source_only_not_network_or_full_range_validated,74.78599040138215,2354.373192643088,False
0.5,S2a,63.1526141167227,15.788153529180676,280.22722763737323,conditional_source_only_not_network_or_full_range_validated,78.94076764590338,2354.373192643088,False
0.5,S2a,66.47643591233968,16.61910897808492,279.38178764720715,conditional_source_only_not_network_or_full_range_validated,83.0955448904246,2354.373192643088,False
0.5,S2a,69.80025770795667,17.45006442698917,278.540340355453,conditional_source_only_not_network_or_full_range_validated,87.25032213494585,2354.373192643088,False
0.5,S2a,73.12407950357367,18.281019875893417,277.7028857621109,conditional_source_only_not_network_or_full_range_validated,91.40509937946709,2354.373192643088,False
0.5,S2a,76.44790129919065,19.111975324797665,276.8694238671807,conditional_source_only_not_network_or_full_range_validated,95.55987662398832,2354.373192643088,False
0.5,S2a,79.77172309480764,19.94293077370191,276.0399546706626,conditional_source_only_not_network_or_full_range_validated,99.71465386850954,2354.373192643088,False
0.5,S2a,83.0955448904246,20.77388622260615,275.2144781725565,conditional_source_only_not_network_or_full_range_validated,103.86943111303076,2354.373192643088,False
0.5,S2a,86.4193666860416,21.6048416715104,274.39299437286235,conditional_source_only_not_network_or_full_range_validated,108.024208357552,2354.3731926430874,False
0.5,S2a,89.74318848165859,22.435797120414648,273.5755032715802,conditional_source_only_not_network_or_full_range_validated,112.17898560207324,2354.373192643088,False
0.5,S2a,93.06701027727556,23.266752569318893,272.7620048687101,conditional_source_only_not_network_or_full_range_validated,116.33376284659445,2354.373192643088,False
0.5,S2a,96.39083207289256,24.09770801822314,271.952499164252,conditional_source_only_not_network_or_full_range_validated,120.48854009111571,2354.3731926430874,False
0.5,S2a,99.71465386850952,24.928663467127382,271.14698615820583,conditional_source_only_not_network_or_full_range_validated,124.6433173356369,2354.373192643088,False
0.5,S2a,103.03847566412652,25.759618916031627,270.3454658505717,conditional_source_only_not_network_or_full_range_validated,128.79809458015814,2354.373192643088,False
0.5,S2a,106.3622974597435,26.590574364935875,269.5479382413496,conditional_source_only_not_network_or_full_range_validated,132.9528718246794,2354.3731926430883,False
0.5,S2a,109.6861192553605,27.421529813840124,268.75440333053945,conditional_source_only_not_network_or_full_range_validated,137.10764906920062,2354.373192643088,False
0.5,S2a,113.00994105097747,28.25248526274437,267.9648611181413,conditional_source_only_not_network_or_full_range_validated,141.26242631372185,2354.373192643088,False
0.5,S2a,116.33376284659444,29.08344071164861,267.17931160415515,conditional_source_only_not_network_or_full_range_validated,145.41720355824305,2354.373192643088,False
0.5,S2a,119.65758464221145,29.91439616055286,266.39775478858104,conditional_source_only_not_network_or_full_range_validated,149.5719808027643,2354.373192643088,False
0.5,S2a,122.98140643782844,30.745351609457103,265.62019067141887,conditional_source_only_not_network_or_full_range_validated,153.72675804728556,2354.3731926430883,False
0.5,S2a,126.3052282334454,31.57630705836135,264.8466192526688,conditional_source_only_not_network_or_full_range_validated,157.88153529180676,2354.373192643088,False
0.5,S2a,129.6290500290624,32.4072625072656,264.0770405323306,conditional_source_only_not_network_or_full_range_validated,162.036312536328,2354.3731926430883,False
0.5,S2a,132.95287182467936,33.23821795616984,263.31145451040453,conditional_source_only_not_network_or_full_range_validated,166.1910897808492,2354.373192643088,False
0.5,S2a,3.2133008122080007,0.9328937841894196,296.1408131416164,conditional_source_only_not_network_or_full_range_validated,4.14619459639742,2350.4345843955216,False
0.5,S2a,6.426601624416001,1.865787568378839,295.23625488360227,conditional_source_only_not_network_or_full_range_validated,8.29238919279484,2350.4345843955216,False
0.5,S2a,9.639902436624002,2.7986813525682583,294.33552537476714,conditional_source_only_not_network_or_full_range_validated,12.438583789192261,2350.434584395522,False
0.5,S2a,12.853203248832004,3.731575136757678,293.4386246151111,conditional_source_only_not_network_or_full_range_validated,16.584778385589683,2350.4345843955216,False
0.5,S2a,16.06650406104,4.664468920947097,292.545552604634,conditional_source_only_not_network_or_full_range_validated,20.730972981987097,2350.4345843955225,False
0.5,S2a,19.279804873248004,5.597362705136517,291.65630934333603,conditional_source_only_not_network_or_full_range_validated,24.877167578384523,2350.434584395522,False
0.5,S2a,22.493105685456005,6.530256489325937,290.770894831217,conditional_source_only_not_network_or_full_range_validated,29.02336217478194,2350.434584395522,False
0.5,S2a,25.706406497664005,7.463150273515356,289.889309068277,conditional_source_only_not_network_or_full_range_validated,33.16955677117936,2350.4345843955216,False
0.5,S2a,28.919707309872,8.396044057704774,289.011552054516,conditional_source_only_not_network_or_full_range_validated,37.31575136757677,2350.4345843955216,False
0.5,S2a,32.13300812208,9.328937841894192,288.13762378993414,conditional_source_only_not_network_or_full_range_validated,41.46194596397419,2350.434584395522,False
0.5,S2a,35.346308934288004,10.261831626083614,287.2675242745312,conditional_source_only_not_network_or_full_range_validated,45.608140560371616,2350.4345843955225,False
0.5,S2a,38.55960974649601,11.194725410273032,286.40125350830726,conditional_source_only_not_network_or_full_range_validated,49.75433515676904,2350.4345843955216,False
0.5,S2a,41.772910558704005,12.127619194462453,285.5388114912624,conditional_source_only_not_network_or_full_range_validated,53.90052975316646,2350.434584395522,False
0.5,S2a,44.98621137091201,13.060512978651872,284.6801982233966,conditional_source_only_not_network_or_full_range_validated,58.04672434956388,2350.434584395522,False
0.5,S2a,48.19951218312001,13.993406762841293,283.82541370470966,conditional_source_only_not_network_or_full_range_validated,62.192918945961296,2350.4345843955216,False
0.5,S2a,51.41281299532801,14.926300547030712,282.9744579352019,conditional_source_only_not_network_or_full_range_validated,66.33911354235872,2350.4345843955216,False
0.5,S2a,54.62611380753601,15.859194331220133,282.1273309148731,conditional_source_only_not_network_or_full_range_validated,70.48530813875614,2350.434584395522,False
0.5,S2a,57.839414619744,16.79208811540955,281.2840326437233,conditional_source_only_not_network_or_full_range_validated,74.63150273515355,2350.4345843955216,False
0.5,S2a,61.05271543195201,17.724981899598973,280.44456312175254,conditional_source_only_not_network_or_full_range_validated,78.77769733155098,2350.434584395522,False
0.5,S2a,64.26601624416,18.657875683788387,279.60892234896085,conditional_source_only_not_network_or_full_range_validated,82.92389192794839,2350.4345843955225,False
0.5,S2a,67.479317056368,19.590769467977807,278.7771103253481,conditional_source_only_not_network_or_full_range_validated,87.07008652434581,2350.434584395522,False
0.5,S2a,70.69261786857601,20.52366325216723,277.94912705091446,conditional_source_only_not_network_or_full_range_validated,91.21628112074323,2350.4345843955225,False
0.5,S2a,73.90591868078401,21.45655703635665,277.1249725256598,conditional_source_only_not_network_or_full_range_validated,95.36247571714065,2350.4345843955216,False
0.5,S2a,77.11921949299202,22.389450820546067,276.3046467495841,conditional_source_only_not_network_or_full_range_validated,99.50867031353809,2350.434584395522,False
0.5,S2a,80.3325203052,23.322344604735484,275.4881497226875,conditional_source_only_not_network_or_full_range_validated,103.6548649099355,2350.434584395522,False
0.5,S2a,83.54582111740801,24.255238388924905,274.67548144496993,conditional_source_only_not_network_or_full_range_validated,107.80105950633292,2350.434584395522,False
0.5,S2a,86.759121929616,25.18813217311432,273.8666419164313,conditional_source_only_not_network_or_full_range_validated,111.94725410273031,2350.434584395522,False
0.5,S2a,89.97242274182402,26.121025957303747,273.06163113707174,conditional_source_only_not_network_or_full_range_validated,116.09344869912776,2350.434584395522,False
0.5,S2a,93.18572355403202,27.053919741493168,272.26044910689126,conditional_source_only_not_network_or_full_range_validated,120.23964329552518,2350.4345843955216,False
0.5,S2a,96.39902436624,27.986813525682585,271.4630958258897,conditional_source_only_not_network_or_full_range_validated,124.38583789192259,2350.434584395522,False
0.5,S2a,99.612325178448,28.919707309872,270.6695712940672,conditional_source_only_not_network_or_full_range_validated,128.53203248832,2350.434584395522,False
0.5,S2a,102.82562599065602,29.852601094061423,269.87987551142373,conditional_source_only_not_network_or_full_range_validated,132.67822708471743,2350.4345843955216,False
0.5,S2a,106.038926802864,30.78549487825084,269.09400847795933,conditional_source_only_not_network_or_full_range_validated,136.82442168111484,2350.434584395522,False
0.5,S2a,109.25222761507202,31.718388662440265,268.31197019367386,conditional_source_only_not_network_or_full_range_validated,140.97061627751228,2350.434584395522,False
0.5,S2a,112.46552842728,32.65128244662968,267.5337606585675,conditional_source_only_not_network_or_full_range_validated,145.11681087390969,2350.434584395522,False
0.5,S2a,115.678829239488,33.5841762308191,266.75937987264007,conditional_source_only_not_network_or_full_range_validated,149.2630054703071,2350.4345843955216,False
0.5,S2a,118.892130051696,34.51707001500852,265.9888278358917,conditional_source_only_not_network_or_full_range_validated,153.40920006670453,2350.434584395522,False
0.5,S2a,122.10543086390402,35.449963799197945,265.2221045483224,conditional_source_only_not_network_or_full_range_validated,157.55539466310196,2350.434584395522,False
0.5,S2a,125.31873167611202,36.38285758338736,264.45921000993206,conditional_source_only_not_network_or_full_range_validated,161.70158925949937,2350.4345843955216,False
0.5,S2a,128.53203248832,37.31575136757677,263.7001442207207,conditional_source_only_not_network_or_full_range_validated,165.84778385589678,2350.4345843955225,False
0.5,S2a,3.1032355005330743,1.0344118335110248,296.153679755416,conditional_source_only_not_network_or_full_range_validated,4.137647334044099,2346.5091318595305,False
0.5,S2a,6.206471001066149,2.0688236670220497,295.2618360493798,conditional_source_only_not_network_or_full_range_validated,8.275294668088199,2346.5091318595305,False
0.5,S2a,9.309706501599226,3.103235500533075,294.3736690307011,conditional_source_only_not_network_or_full_range_validated,12.4129420021323,2346.5091318595305,False
0.5,S2a,12.412942002132295,4.137647334044099,293.4891786993798,conditional_source_only_not_network_or_full_range_validated,16.550589336176394,2346.509131859531,False
0.5,S2a,15.516177502665371,5.172059167555124,292.6083650554159,conditional_source_only_not_network_or_full_range_validated,20.688236670220498,2346.509131859531,False
0.5,S2a,18.619413003198453,6.20647100106615,291.7312280988095,conditional_source_only_not_network_or_full_range_validated,24.8258840042646,2346.5091318595305,False
0.5,S2a,21.722648503731524,7.2408828345771745,290.8577678295605,conditional_source_only_not_network_or_full_range_validated,28.963531338308698,2346.5091318595305,False
0.5,S2a,24.825884004264594,8.275294668088199,289.9879842476689,conditional_source_only_not_network_or_full_range_validated,33.101178672352795,2346.5091318595305,False
0.5,S2a,27.92911950479768,9.309706501599225,289.12187735313483,conditional_source_only_not_network_or_full_range_validated,37.238826006396906,2346.509131859531,False
0.5,S2a,31.032355005330743,10.344118335110249,288.2594471459581,conditional_source_only_not_network_or_full_range_validated,41.376473340440995,2346.509131859531,False
0.5,S2a,34.135590505863824,11.378530168621277,287.40069362613883,conditional_source_only_not_network_or_full_range_validated,45.5141206744851,2346.509131859531,False
0.5,S2a,37.238826006396906,12.4129420021323,286.545616793677,conditional_source_only_not_network_or_full_range_validated,49.6517680085292,2346.5091318595305,False
0.5,S2a,40.342061506929966,13.447353835643325,285.6942166485726,conditional_source_only_not_network_or_full_range_validated,53.78941534257329,2346.509131859531,False
0.5,S2a,43.44529700746305,14.481765669154347,284.84649319082564,conditional_source_only_not_network_or_full_range_validated,57.927062676617396,2346.5091318595305,False
0.5,S2a,46.54853250799612,15.516177502665371,284.00244642043606,conditional_source_only_not_network_or_full_range_validated,62.06471001066149,2346.5091318595305,False
0.5,S2a,49.65176800852919,16.550589336176397,283.162076337404,conditional_source_only_not_network_or_full_range_validated,66.20235734470559,2346.5091318595305,False
0.5,S2a,52.75500350906227,17.585001169687423,282.3253829417293,conditional_source_only_not_network_or_full_range_validated,70.3400046787497,2346.509131859531,False
0.5,S2a,55.85823900959535,18.61941300319845,281.492366233412,conditional_source_only_not_network_or_full_range_validated,74.4776520127938,2346.509131859531,False
0.5,S2a,58.961474510128426,19.653824836709475,280.66302621245217,conditional_source_only_not_network_or_full_range_validated,78.6152993468379,2346.5091318595305,False
0.5,S2a,62.06471001066149,20.688236670220498,279.83736287884983,conditional_source_only_not_network_or_full_range_validated,82.75294668088199,2346.5091318595305,False
0.5,S2a,65.16794551119457,21.722648503731524,279.01537623260486,conditional_source_only_not_network_or_full_range_validated,86.8905940149261,2346.509131859531,False
0.5,S2a,68.27118101172765,22.75706033724255,278.1970662737174,conditional_source_only_not_network_or_full_range_validated,91.0282413489702,2346.5091318595314,False
0.5,S2a,71.37441651226072,23.791472170753572,277.38243300218727,conditional_source_only_not_network_or_full_range_validated,95.16588868301429,2346.5091318595305,False
0.5,S2a,74.47765201279381,24.8258840042646,276.5714764180146,conditional_source_only_not_network_or_full_range_validated,99.3035360170584,2346.5091318595305,False
0.5,S2a,77.58088751332687,25.860295837775624,275.7641965211994,conditional_source_only_not_network_or_full_range_validated,103.4411833511025,2346.5091318595305,False
0.5,S2a,80.68412301385993,26.89470767128665,274.96059331174155,conditional_source_only_not_network_or_full_range_validated,107.57883068514658,2346.509131859531,False
0.5,S2a,83.78735851439302,27.929119504797672,274.16066678964114,conditional_source_only_not_network_or_full_range_validated,111.71647801919069,2346.509131859531,False
0.5,S2a,86.8905940149261,28.963531338308695,273.3644169548982,conditional_source_only_not_network_or_full_range_validated,115.85412535323479,2346.5091318595305,False
0.5,S2a,89.99382951545917,29.997943171819724,272.5718438075127,conditional_source_only_not_network_or_full_range_validated,119.9917726872789,2346.509131859531,False
0.5,S2a,93.09706501599224,31.032355005330743,271.78294734748465,conditional_source_only_not_network_or_full_range_validated,124.12942002132299,2346.5091318595305,False
0.5,S2a,96.20030051652532,32.06676683884177,270.99772757481395,conditional_source_only_not_network_or_full_range_validated,128.2670673553671,2346.509131859531,False
0.5,S2a,99.30353601705838,33.101178672352795,270.21618448950073,conditional_source_only_not_network_or_full_range_validated,132.40471468941118,2346.5091318595305,False
0.5,S2a,102.40677151759148,34.135590505863824,269.43831809154494,conditional_source_only_not_network_or_full_range_validated,136.5423620234553,2346.5091318595305,False
0.5,S2a,105.51000701812454,35.17000233937485,268.6641283809466,conditional_source_only_not_network_or_full_range_validated,140.6800093574994,2346.509131859531,False
0.5,S2a,108.6132425186576,36.20441417288587,267.8936153577057,conditional_source_only_not_network_or_full_range_validated,144.81765669154348,2346.509131859531,False
0.5,S2a,111.7164780191907,37.2388260063969,267.1267790218222,conditional_source_only_not_network_or_full_range_validated,148.9553040255876,2346.509131859531,False
0.5,S2a,114.81971351972376,38.27323783990792,266.3636193732961,conditional_source_only_not_network_or_full_range_validated,153.09295135963168,2346.509131859531,False
0.5,S2a,117.92294902025684,39.30764967341895,265.60413641212745,conditional_source_only_not_network_or_full_range_validated,157.2305986936758,2346.5091318595305,False
0.5,S2a,121.02618452078993,40.34206150692997,264.84833013831627,conditional_source_only_not_network_or_full_range_validated,161.3682460277199,2346.5091318595305,False
0.5,S2a,124.129420021323,41.376473340441,264.09620055186247,conditional_source_only_not_network_or_full_range_validated,165.505893361764,2346.509131859531,False
0.5,S2a,2.993623048326617,1.1355121907445789,296.16649898970167,conditional_source_only_not_network_or_full_range_validated,4.1291352390711955,2342.5967692310905,False
0.5,S2a,5.987246096653234,2.2710243814891578,295.2873342011243,conditional_source_only_not_network_or_full_range_validated,8.258270478142391,2342.5967692310905,False
0.5,S2a,8.980869144979852,3.4065365722337373,294.41170578307737,conditional_source_only_not_network_or_full_range_validated,12.38740571721359,2342.59676923109,False
0.5,S2a,11.974492193306467,4.542048762978316,293.5396137355609,conditional_source_only_not_network_or_full_range_validated,16.516540956284786,2342.5967692310905,False
0.5,S2a,14.968115241633084,5.677560953722894,292.67105805857494,conditional_source_only_not_network_or_full_range_validated,20.64567619535598,2342.5967692310905,False
0.5,S2a,17.961738289959705,6.813073144467475,291.80603875211943,conditional_source_only_not_network_or_full_range_validated,24.77481143442718,2342.59676923109,False
0.5,S2a,20.95536133828632,7.948585335212052,290.9445558161944,conditional_source_only_not_network_or_full_range_validated,28.90394667349837,2342.5967692310905,False
0.5,S2a,23.94898438661293,9.084097525956633,290.08660925079977,conditional_source_only_not_network_or_full_range_validated,33.033081912569564,2342.59676923109,False
0.5,S2a,26.94260743493955,10.21960971670121,289.23219905593567,conditional_source_only_not_network_or_full_range_validated,37.16221715164076,2342.5967692310905,False
0.5,S2a,29.93623048326617,11.355121907445788,288.3813252316021,conditional_source_only_not_network_or_full_range_validated,41.29135239071196,2342.5967692310905,False
0.5,S2a,32.929853531592784,12.490634098190368,287.5339877777989,conditional_source_only_not_network_or_full_range_validated,45.42048762978315,2342.59676923109,False
0.5,S2a,35.92347657991941,13.62614628893495,286.69018669452623,conditional_source_only_not_network_or_full_range_validated,49.54962286885436,2342.59676923109,False
0.5,S2a,38.91709962824602,14.761658479679529,285.84992198178395,conditional_source_only_not_network_or_full_range_validated,53.678758107925546,2342.5967692310905,False
0.5,S2a,41.91072267657264,15.897170670424105,285.0131936395722,conditional_source_only_not_network_or_full_range_validated,57.80789334699674,2342.5967692310905,False
0.5,S2a,44.90434572489925,17.032682861168684,284.1800016678909,conditional_source_only_not_network_or_full_range_validated,61.93702858606794,2342.59676923109,False
0.5,S2a,47.89796877322587,18.168195051913266,283.35034606674003,conditional_source_only_not_network_or_full_range_validated,66.06616382513914,2342.5967692310905,False
0.5,S2a,50.89159182155249,19.303707242657843,282.5242268361197,conditional_source_only_not_network_or_full_range_validated,70.19529906421033,2342.59676923109,False
0.5,S2a,53.8852148698791,20.43921943340242,281.7016439760298,conditional_source_only_not_network_or_full_range_validated,74.32443430328152,2342.5967692310905,False
0.5,S2a,56.878837918205726,21.574731624147,280.8825974864704,conditional_source_only_not_network_or_full_range_validated,78.45356954235272,2342.5967692310905,False
0.5,S2a,59.87246096653234,22.710243814891577,280.0670873674414,conditional_source_only_not_network_or_full_range_validated,82.58270478142391,2342.5967692310905,False
0.5,S2a,62.86608401485896,23.84575600563616,279.2551136189429,conditional_source_only_not_network_or_full_range_validated,86.71184002049512,2342.59676923109,False
0.5,S2a,65.85970706318557,24.981268196380736,278.44667624097485,conditional_source_only_not_network_or_full_range_validated,90.8409752595663,2342.59676923109,False
0.5,S2a,68.8533301115122,26.11678038712532,277.6417752335373,conditional_source_only_not_network_or_full_range_validated,94.97011049863751,2342.59676923109,False
0.5,S2a,71.84695315983882,27.2522925778699,276.8404105966302,conditional_source_only_not_network_or_full_range_validated,99.09924573770871,2342.59676923109,False
0.5,S2a,74.84057620816542,28.387804768614476,276.0425823302536,conditional_source_only_not_network_or_full_range_validated,103.22838097677989,2342.59676923109,False
0.5,S2a,77.83419925649204,29.52331695935905,275.2482904344074,conditional_source_only_not_network_or_full_range_validated,107.35751621585109,2342.5967692310905,False
0.5,S2a,80.82782230481867,30.658829150103635,274.4575349090917,conditional_source_only_not_network_or_full_range_validated,111.48665145492231,2342.59676923109,False
0.5,S2a,83.82144535314528,31.79434134084821,273.6703157543065,conditional_source_only_not_network_or_full_range_validated,115.61578669399348,2342.5967692310905,False
0.5,S2a,86.81506840147189,32.92985353159279,272.8866329700518,conditional_source_only_not_network_or_full_range_validated,119.74492193306469,2342.5967692310905,False
0.5,S2a,89.8086914497985,34.06536572233737,272.1064865563275,conditional_source_only_not_network_or_full_range_validated,123.87405717213588,2342.59676923109,False
0.5,S2a,92.80231449812511,35.200877913081946,271.3298765131337,conditional_source_only_not_network_or_full_range_validated,128.00319241120707,2342.5967692310905,False
0.5,S2a,95.79593754645174,36.33639010382653,270.5568028404704,conditional_source_only_not_network_or_full_range_validated,132.13232765027828,2342.5967692310905,False
0.5,S2a,98.78956059477837,37.47190229457111,269.78726553833746,conditional_source_only_not_network_or_full_range_validated,136.26146288934947,2342.59676923109,False
0.5,S2a,101.78318364310498,38.60741448531569,269.02126460673503,conditional_source_only_not_network_or_full_range_validated,140.39059812842066,2342.59676923109,False
0.5,S2a,104.7768066914316,39.74292667606026,268.2588000456631,conditional_source_only_not_network_or_full_range_validated,144.51973336749185,2342.5967692310905,False
0.5,S2a,107.7704297397582,40.87843886680484,267.4998718551216,conditional_source_only_not_network_or_full_range_validated,148.64886860656304,2342.5967692310905,False
0.5,S2a,110.76405278808484,42.01395105754943,266.7444800351106,conditional_source_only_not_network_or_full_range_validated,152.77800384563426,2342.59676923109,False
0.5,S2a,113.75767583641144,43.149463248294005,265.99262458563004,conditional_source_only_not_network_or_full_range_validated,156.90713908470545,2342.5967692310905,False
0.5,S2a,116.75129888473806,44.28497543903858,265.24430550668,conditional_source_only_not_network_or_full_range_validated,161.03627432377664,2342.59676923109,False
0.5,S2a,119.74492193306467,45.42048762978315,264.4995227982604,conditional_source_only_not_network_or_full_range_validated,165.16540956284783,2342.5967692310905,False
0.5,S2a,2.884460666417439,1.2361974284646169,296.1792711021132,conditional_source_only_not_network_or_full_range_validated,4.120658094882056,2338.6974311443096,False
0.5,S2a,5.768921332834878,2.4723948569292338,295.3127497134336,conditional_source_only_not_network_or_full_range_validated,8.241316189764111,2338.6974311443096,False
0.5,S2a,8.653381999252318,3.708592285393851,294.4496359827709,conditional_source_only_not_network_or_full_range_validated,12.36197428464617,2338.69743114431,False
0.5,S2a,11.537842665669755,4.944789713858468,293.58992991012485,conditional_source_only_not_network_or_full_range_validated,16.482632379528223,2338.697431144309,False
0.5,S2a,14.422303332087193,6.180987142323084,292.7336314954957,conditional_source_only_not_network_or_full_range_validated,20.603290474410276,2338.6974311443096,False
0.5,S2a,17.306763998504636,7.417184570787702,291.8807407388833,conditional_source_only_not_network_or_full_range_validated,24.72394856929234,2338.69743114431,False
0.5,S2a,20.19122466492207,8.653381999252318,291.03125764028766,conditional_source_only_not_network_or_full_range_validated,28.84460666417439,2338.6974311443096,False
0.5,S2a,23.07568533133951,9.889579427716937,290.1851821997089,conditional_source_only_not_network_or_full_range_validated,32.965264759056446,2338.697431144309,False
0.5,S2a,25.960145997756943,11.12577685618155,289.34251441714684,conditional_source_only_not_network_or_full_range_validated,37.08592285393849,2338.6974311443096,False
0.5,S2a,28.844606664174385,12.361974284646168,288.50325429260164,conditional_source_only_not_network_or_full_range_validated,41.20658094882055,2338.6974311443096,False
0.5,S2a,31.729067330591825,13.598171713110784,287.6674018260731,conditional_source_only_not_network_or_full_range_validated,45.327239043702605,2338.6974311443096,False
0.5,S2a,34.61352799700927,14.834369141575404,286.83495701756146,conditional_source_only_not_network_or_full_range_validated,49.44789713858468,2338.69743114431,False
0.5,S2a,37.4979886634267,16.070566570040018,286.0059198670666,conditional_source_only_not_network_or_full_range_validated,53.568555233466725,2338.6974311443096,False
0.5,S2a,40.38244932984414,17.306763998504636,285.18029037458854,conditional_source_only_not_network_or_full_range_validated,57.68921332834878,2338.6974311443096,False
0.5,S2a,43.26690999626158,18.542961426969253,284.35806854012725,conditional_source_only_not_network_or_full_range_validated,61.80987142323083,2338.6974311443096,False
0.5,S2a,46.15137066267902,19.77915885543387,283.5392543636828,conditional_source_only_not_network_or_full_range_validated,65.93052951811289,2338.6974311443096,False
0.5,S2a,49.03583132909646,21.015356283898488,282.7238478452551,conditional_source_only_not_network_or_full_range_validated,70.05118761299495,2338.69743114431,False
0.5,S2a,51.92029199551389,22.2515537123631,281.91184898484414,conditional_source_only_not_network_or_full_range_validated,74.171845707877,2338.69743114431,False
0.5,S2a,54.80475266193134,23.48775114082772,281.10325778245,conditional_source_only_not_network_or_full_range_validated,78.29250380275906,2338.69743114431,False
0.5,S2a,57.68921332834877,24.723948569292336,280.2980742380727,conditional_source_only_not_network_or_full_range_validated,82.4131618976411,2338.6974311443096,False
0.5,S2a,60.57367399476621,25.960145997756957,279.49629835171214,conditional_source_only_not_network_or_full_range_validated,86.53381999252316,2338.6974311443096,False
0.5,S2a,63.45813466118365,27.19634342622157,278.69793012336834,conditional_source_only_not_network_or_full_range_validated,90.65447808740522,2338.6974311443096,False
0.5,S2a,66.34259532760109,28.432540854686188,277.90296955304143,conditional_source_only_not_network_or_full_range_validated,94.77513618228727,2338.6974311443096,False
0.5,S2a,69.22705599401854,29.66873828315081,277.11141664073125,conditional_source_only_not_network_or_full_range_validated,98.89579427716936,2338.69743114431,False
0.5,S2a,72.11151666043595,30.904935711615416,276.32327138643785,conditional_source_only_not_network_or_full_range_validated,103.01645237205136,2338.6974311443096,False
0.5,S2a,74.9959773268534,32.14113314008004,275.5385337901612,conditional_source_only_not_network_or_full_range_validated,107.13711046693345,2338.6974311443096,False
0.5,S2a,77.88043799327085,33.37733056854465,274.7572038519014,conditional_source_only_not_network_or_full_range_validated,111.2577685618155,2338.6974311443096,False
0.5,S2a,80.76489865968828,34.61352799700927,273.9792815716584,conditional_source_only_not_network_or_full_range_validated,115.37842665669756,2338.6974311443096,False
0.5,S2a,83.64935932610572,35.84972542547389,273.20476694943216,conditional_source_only_not_network_or_full_range_validated,119.49908475157962,2338.6974311443096,False
0.5,S2a,86.53381999252316,37.085922853938506,272.43365998522273,conditional_source_only_not_network_or_full_range_validated,123.61974284646166,2338.6974311443096,False
0.5,S2a,89.41828065894059,38.32212028240312,271.6659606790301,conditional_source_only_not_network_or_full_range_validated,127.74040094134371,2338.6974311443096,False
0.5,S2a,92.30274132535804,39.55831771086774,270.90166903085424,conditional_source_only_not_network_or_full_range_validated,131.86105903622578,2338.6974311443096,False
0.5,S2a,95.18720199177548,40.79451513933236,270.1407850406951,conditional_source_only_not_network_or_full_range_validated,135.98171713110784,2338.69743114431,False
0.5,S2a,98.07166265819292,42.030712567796975,269.3833087085529,conditional_source_only_not_network_or_full_range_validated,140.1023752259899,2338.69743114431,False
0.5,S2a,100.95612332461036,43.26690999626159,268.62924003442737,conditional_source_only_not_network_or_full_range_validated,144.22303332087193,2338.6974311443096,False
0.5,S2a,103.84058399102778,44.5031074247262,267.8785790183187,conditional_source_only_not_network_or_full_range_validated,148.343691415754,2338.69743114431,False
0.5,S2a,106.72504465744524,45.73930485319082,267.1313256602268,conditional_source_only_not_network_or_full_range_validated,152.46434951063605,2338.6974311443096,False
0.5,S2a,109.60950532386268,46.97550228165544,266.38747996015167,conditional_source_only_not_network_or_full_range_validated,156.58500760551811,2338.69743114431,False
0.5,S2a,112.49396599028012,48.21169971012006,265.6470419180933,conditional_source_only_not_network_or_full_range_validated,160.70566570040017,2338.6974311443096,False
0.5,S2a,115.37842665669754,49.44789713858467,264.91001153405176,conditional_source_only_not_network_or_full_range_validated,164.8263237952822,2338.6974311443096,False
0.5,S2a,2.7757455884921813,1.336470098162902,296.19199634845813,conditional_source_only_not_network_or_full_range_validated,4.112215686655084,2334.81105266779,False
0.5,S2a,5.551491176984363,2.672940196325804,295.33808295895363,conditional_source_only_not_network_or_full_range_validated,8.224431373310168,2334.81105266779,False
0.5,S2a,8.327236765476544,4.009410294488706,294.487459980296,conditional_source_only_not_network_or_full_range_validated,12.33664705996525,2334.81105266779,False
0.5,S2a,11.102982353968724,5.345880392651608,293.64012741248536,conditional_source_only_not_network_or_full_range_validated,16.448862746620332,2334.81105266779,False
0.5,S2a,13.878727942460904,6.6823504908145095,292.7960852555217,conditional_source_only_not_network_or_full_range_validated,20.561078433275412,2334.81105266779,False
0.5,S2a,16.654473530953087,8.018820588977412,291.9553335094048,conditional_source_only_not_network_or_full_range_validated,24.6732941199305,2334.81105266779,False
0.5,S2a,19.43021911944527,9.355290687140316,291.11787217413485,conditional_source_only_not_network_or_full_range_validated,28.785509806585587,2334.8110526677897,False
0.5,S2a,22.20596470793745,10.691760785303217,290.28370124971184,conditional_source_only_not_network_or_full_range_validated,32.89772549324067,2334.81105266779,False
0.5,S2a,24.981710296429625,12.028230883466115,289.4528207361357,conditional_source_only_not_network_or_full_range_validated,37.00994117989574,2334.81105266779,False
0.5,S2a,27.757455884921807,13.36470098162902,288.6252306334065,conditional_source_only_not_network_or_full_range_validated,41.122156866550824,2334.81105266779,False
0.5,S2a,30.53320147341399,14.70117107979192,287.8009309415242,conditional_source_only_not_network_or_full_range_validated,45.23437255320591,2334.8110526677897,False
0.5,S2a,33.308947061906174,16.037641177954825,286.9799216604888,conditional_source_only_not_network_or_full_range_validated,49.346588239861,2334.81105266779,False
0.5,S2a,36.08469265039835,17.374111276117727,286.1622027903004,conditional_source_only_not_network_or_full_range_validated,53.45880392651608,2334.81105266779,False
0.5,S2a,38.86043823889054,18.71058137428063,285.3477743309588,conditional_source_only_not_network_or_full_range_validated,57.57101961317117,2334.81105266779,False
0.5,S2a,41.63618382738271,20.047051472443528,284.53663628246414,conditional_source_only_not_network_or_full_range_validated,61.68323529982624,2334.8110526677897,False
0.5,S2a,44.4119294158749,21.383521570606437,283.7287886448164,conditional_source_only_not_network_or_full_range_validated,65.79545098648134,2334.81105266779,False
0.5,S2a,47.18767500436707,22.71999166876933,282.92423141801555,conditional_source_only_not_network_or_full_range_validated,69.9076666731364,2334.81105266779,False
0.5,S2a,49.96342059285925,24.056461766932237,282.12296460206164,conditional_source_only_not_network_or_full_range_validated,74.0198823597915,2334.8110526677897,False
0.5,S2a,52.73916618135144,25.392931865095136,281.3249881969546,conditional_source_only_not_network_or_full_range_validated,78.13209804644657,2334.81105266779,False
0.5,S2a,55.514911769843614,26.72940196325804,280.5303022026945,conditional_source_only_not_network_or_full_range_validated,82.24431373310165,2334.81105266779,False
0.5,S2a,58.2906573583358,28.06587206142094,279.7389066192813,conditional_source_only_not_network_or_full_range_validated,86.35652941975674,2334.8110526677897,False
0.5,S2a,61.06640294682798,29.40234215958384,278.95080144671505,conditional_source_only_not_network_or_full_range_validated,90.46874510641182,2334.8110526677897,False
0.5,S2a,63.84214853532016,30.738812257746744,278.1659866849957,conditional_source_only_not_network_or_full_range_validated,94.58096079306691,2334.81105266779,False
0.5,S2a,66.61789412381235,32.07528235590965,277.3844623341232,conditional_source_only_not_network_or_full_range_validated,98.693176479722,2334.81105266779,False
0.5,S2a,69.39363971230452,33.41175245407255,276.6062283940976,conditional_source_only_not_network_or_full_range_validated,102.80539216637706,2334.8110526677897,False
0.5,S2a,72.1693853007967,34.748222552235454,275.831284864919,conditional_source_only_not_network_or_full_range_validated,106.91760785303217,2334.81105266779,False
0.5,S2a,74.94513088928889,36.08469265039835,275.05963174658723,conditional_source_only_not_network_or_full_range_validated,111.02982353968724,2334.81105266779,False
0.5,S2a,77.72087647778108,37.42116274856126,274.2912690391024,conditional_source_only_not_network_or_full_range_validated,115.14203922634233,2334.81105266779,False
0.5,S2a,80.49662206627326,38.75763284672416,273.5261967424645,conditional_source_only_not_network_or_full_range_validated,119.25425491299742,2334.81105266779,False
0.5,S2a,83.27236765476542,40.094102944887055,272.7644148566735,conditional_source_only_not_network_or_full_range_validated,123.36647059965247,2334.8110526677897,False
0.5,S2a,86.04811324325762,41.43057304304996,272.0059233817294,conditional_source_only_not_network_or_full_range_validated,127.47868628630758,2334.81105266779,False
0.5,S2a,88.8238588317498,42.76704314121287,271.2507223176322,conditional_source_only_not_network_or_full_range_validated,131.59090197296268,2334.81105266779,False
0.5,S2a,91.59960442024196,44.103513239375765,270.49881166438195,conditional_source_only_not_network_or_full_range_validated,135.70311765961773,2334.81105266779,False
0.5,S2a,94.37535000873416,45.43998333753866,269.75019142197857,conditional_source_only_not_network_or_full_range_validated,139.81533334627284,2334.81105266779,False
0.5,S2a,97.15109559722632,46.77645343570156,269.0048615904221,conditional_source_only_not_network_or_full_range_validated,143.92754903292789,2334.8110526677906,False
0.5,S2a,99.9268411857185,48.11292353386447,268.26282216971254,conditional_source_only_not_network_or_full_range_validated,148.03976471958296,2334.8110526677897,False
0.5,S2a,102.7025867742107,49.44939363202737,267.5240731598499,conditional_source_only_not_network_or_full_range_validated,152.15198040623807,2334.8110526677897,False
0.5,S2a,105.47833236270289,50.78586373019027,266.7886145608342,conditional_source_only_not_network_or_full_range_validated,156.26419609289314,2334.81105266779,False
0.5,S2a,108.25407795119506,52.12233382835317,266.0564463726654,conditional_source_only_not_network_or_full_range_validated,160.37641177954822,2334.8110526677897,False
0.5,S2a,111.02982353968724,53.45880392651608,265.3275685953435,conditional_source_only_not_network_or_full_range_validated,164.48862746620333,2334.81105266779,False
0.5,S2a,2.6674750708616304,1.4363327304639553,296.2046749827281,conditional_source_only_not_network_or_full_range_validated,4.103807801325585,2330.937569301021,False
0.5,S2a,5.334950141723261,2.8726654609279105,295.36333430838675,conditional_source_only_not_network_or_full_range_validated,8.20761560265117,2330.937569301021,False
0.5,S2a,8.002425212584894,4.308998191391867,294.5251781257853,conditional_source_only_not_network_or_full_range_validated,12.311423403976761,2330.9375693010215,False
0.5,S2a,10.669900283446522,5.745330921855821,293.69020643492394,conditional_source_only_not_network_or_full_range_validated,16.41523120530234,2330.937569301021,False
0.5,S2a,13.337375354308154,7.181663652319776,292.8584192358025,conditional_source_only_not_network_or_full_range_validated,20.51903900662793,2330.9375693010215,False
0.5,S2a,16.00485042516979,8.617996382783733,292.0298165284211,conditional_source_only_not_network_or_full_range_validated,24.622846807953522,2330.9375693010215,False
0.5,S2a,18.672325496031416,10.054329113247688,291.20439831277963,conditional_source_only_not_network_or_full_range_validated,28.7266546092791,2330.937569301021,False
0.5,S2a,21.339800566893043,11.490661843711642,290.38216458887825,conditional_source_only_not_network_or_full_range_validated,32.83046241060468,2330.937569301021,False
0.5,S2a,24.00727563775468,12.926994574175598,289.5631153567168,conditional_source_only_not_network_or_full_range_validated,36.93427021193028,2330.9375693010215,False
0.5,S2a,26.67475070861631,14.363327304639553,288.74725061629533,conditional_source_only_not_network_or_full_range_validated,41.03807801325586,2330.9375693010215,False
0.5,S2a,29.34222577947794,15.799660035103509,287.93457036761384,conditional_source_only_not_network_or_full_range_validated,45.14188581458145,2330.937569301021,False
0.5,S2a,32.00970085033958,17.235992765567467,287.1250746106724,conditional_source_only_not_network_or_full_range_validated,49.245693615907044,2330.9375693010215,False
0.5,S2a,34.6771759212012,18.67232549603142,286.3187633454709,conditional_source_only_not_network_or_full_range_validated,53.34950141723262,2330.9375693010215,False
0.5,S2a,37.34465099206283,20.108658226495372,285.5156365720095,conditional_source_only_not_network_or_full_range_validated,57.4533092185582,2330.9375693010215,False
0.5,S2a,40.01212606292446,21.544990956959328,284.715694290288,conditional_source_only_not_network_or_full_range_validated,61.55711701988379,2330.937569301021,False
0.5,S2a,42.679601133786086,22.981323687423284,283.91893650030653,conditional_source_only_not_network_or_full_range_validated,65.66092482120936,2330.937569301021,False
0.5,S2a,45.34707620464773,24.417656417887244,283.125363202065,conditional_source_only_not_network_or_full_range_validated,69.76473262253498,2330.9375693010215,False
0.5,S2a,48.01455127550936,25.8539891483512,282.3349743955635,conditional_source_only_not_network_or_full_range_validated,73.86854042386057,2330.9375693010215,False
0.5,S2a,50.68202634637098,27.290321878815156,281.547770080802,conditional_source_only_not_network_or_full_range_validated,77.97234822518614,2330.9375693010215,False
0.5,S2a,53.34950141723262,28.726654609279105,280.7637502577805,conditional_source_only_not_network_or_full_range_validated,82.07615602651173,2330.9375693010215,False
0.5,S2a,56.01697648809424,30.16298733974306,279.9829149264989,conditional_source_only_not_network_or_full_range_validated,86.1799638278373,2330.9375693010215,False
0.5,S2a,58.68445155895588,31.599320070207018,279.2052640869574,conditional_source_only_not_network_or_full_range_validated,90.2837716291629,2330.937569301021,False
0.5,S2a,61.35192662981752,33.03565280067098,278.4307977391558,conditional_source_only_not_network_or_full_range_validated,94.3875794304885,2330.937569301021,False
0.5,S2a,64.01940170067915,34.47198553113493,277.65951588309434,conditional_source_only_not_network_or_full_range_validated,98.49138723181409,2330.9375693010215,False
0.5,S2a,66.68687677154077,35.908318261598886,276.89141851877275,conditional_source_only_not_network_or_full_range_validated,102.59519503313965,2330.937569301021,False
0.5,S2a,69.3543518424024,37.34465099206284,276.1265056461912,conditional_source_only_not_network_or_full_range_validated,106.69900283446523,2330.9375693010215,False
0.5,S2a,72.02182691326404,38.7809837225268,275.36477726534963,conditional_source_only_not_network_or_full_range_validated,110.80281063579083,2330.9375693010215,False
0.5,S2a,74.68930198412566,40.21731645299075,274.6062333762481,conditional_source_only_not_network_or_full_range_validated,114.9066184371164,2330.937569301021,False
0.5,S2a,77.3567770549873,41.65364918345471,273.85087397888645,conditional_source_only_not_network_or_full_range_validated,119.01042623844202,2330.9375693010215,False
0.5,S2a,80.02425212584892,43.089981913918656,273.0986990732649,conditional_source_only_not_network_or_full_range_validated,123.11423403976758,2330.937569301021,False
0.5,S2a,82.69172719671056,44.526314644382616,272.3497086593833,conditional_source_only_not_network_or_full_range_validated,127.21804184109317,2330.937569301021,False
0.5,S2a,85.35920226757217,45.96264737484657,271.6039027372417,conditional_source_only_not_network_or_full_range_validated,131.32184964241873,2330.937569301021,False
0.5,S2a,88.02667733843383,47.398980105310535,270.86128130684006,conditional_source_only_not_network_or_full_range_validated,135.42565744374437,2330.937569301021,False
0.5,S2a,90.69415240929546,48.83531283577449,270.1218443681785,conditional_source_only_not_network_or_full_range_validated,139.52946524506996,2330.9375693010215,False
0.5,S2a,93.36162748015708,50.27164556623843,269.38559192125683,conditional_source_only_not_network_or_full_range_validated,143.63327304639552,2330.937569301021,False
0.5,S2a,96.02910255101872,51.70797829670239,268.65252396607525,conditional_source_only_not_network_or_full_range_validated,147.73708084772113,2330.9375693010215,False
0.5,S2a,98.69657762188034,53.144311027166346,267.9226405026336,conditional_source_only_not_network_or_full_range_validated,151.8408886490467,2330.937569301021,False
0.5,S2a,101.36405269274196,54.58064375763031,267.195941530932,conditional_source_only_not_network_or_full_range_validated,155.94469645037228,2330.9375693010215,False
0.5,S2a,104.03152776360362,56.016976488094265,266.4724270509703,conditional_source_only_not_network_or_full_range_validated,160.0485042516979,2330.937569301021,False
0.5,S2a,106.69900283446523,57.45330921855821,265.75209706274865,conditional_source_only_not_network_or_full_range_validated,164.15231205302345,2330.9375693010215,False
0.5,S2a,2.559646392229913,1.5357878353379475,296.21730725711444,conditional_source_only_not_network_or_full_range_validated,4.095434227567861,2327.0769169708133,False
0.5,S2a,5.119292784459826,3.0715756706758954,295.3885041305004,conditional_source_only_not_network_or_full_range_validated,8.190868455135721,2327.0769169708133,False
0.5,S2a,7.67893917668974,4.607363506013844,294.5627907689674,conditional_source_only_not_network_or_full_range_validated,12.286302682703583,2327.076916970813,False
0.5,S2a,10.238585568919651,6.143151341351791,293.7401671725153,conditional_source_only_not_network_or_full_range_validated,16.381736910271442,2327.0769169708133,False
0.5,S2a,12.798231961149565,7.678939176689738,292.9206333411443,conditional_source_only_not_network_or_full_range_validated,20.477171137839303,2327.076916970813,False
0.5,S2a,15.35787835337948,9.214727012027687,292.10418927485426,conditional_source_only_not_network_or_full_range_validated,24.572605365407167,2327.076916970813,False
0.5,S2a,17.91752474560939,10.750514847365636,291.2908349736453,conditional_source_only_not_network_or_full_range_validated,28.668039592975028,2327.076916970813,False
0.5,S2a,20.477171137839303,12.286302682703582,290.4805704375173,conditional_source_only_not_network_or_full_range_validated,32.763473820542885,2327.0769169708133,False
0.5,S2a,23.036817530069214,13.82209051804153,289.6733956664703,conditional_source_only_not_network_or_full_range_validated,36.85890804811075,2327.0769169708133,False
0.5,S2a,25.59646392229913,15.357878353379476,288.8693106605043,conditional_source_only_not_network_or_full_range_validated,40.954342275678606,2327.076916970813,False
0.5,S2a,28.156110314529045,16.893666188717425,288.0683154196193,conditional_source_only_not_network_or_full_range_validated,45.04977650324647,2327.076916970813,False
0.5,S2a,30.71575670675896,18.42945402405537,287.27040994381537,conditional_source_only_not_network_or_full_range_validated,49.14521073081433,2327.076916970813,False
0.5,S2a,33.27540309898887,19.965241859393323,286.47559423309235,conditional_source_only_not_network_or_full_range_validated,53.24064495838219,2327.076916970813,False
0.5,S2a,35.83504949121878,21.501029694731272,285.6838682874504,conditional_source_only_not_network_or_full_range_validated,57.336079185950055,2327.076916970813,False
0.5,S2a,38.39469588344869,23.03681753006921,284.89523210688947,conditional_source_only_not_network_or_full_range_validated,61.431513413517905,2327.0769169708133,False
0.5,S2a,40.954342275678606,24.572605365407163,284.1096856914095,conditional_source_only_not_network_or_full_range_validated,65.52694764108577,2327.0769169708133,False
0.5,S2a,43.51398866790852,26.108393200745112,283.3272290410106,conditional_source_only_not_network_or_full_range_validated,69.62238186865363,2327.076916970813,False
0.5,S2a,46.07363506013844,27.64418103608306,282.54786215569266,conditional_source_only_not_network_or_full_range_validated,73.7178160962215,2327.076916970813,False
0.5,S2a,48.63328145236835,29.17996887142101,281.7715850354557,conditional_source_only_not_network_or_full_range_validated,77.81325032378936,2327.0769169708133,False
0.5,S2a,51.19292784459826,30.715756706758956,280.99839768029983,conditional_source_only_not_network_or_full_range_validated,81.90868455135721,2327.0769169708124,False
0.5,S2a,53.752574236828174,32.2515445420969,280.22830009022493,conditional_source_only_not_network_or_full_range_validated,86.00411877892508,2327.0769169708124,False
0.5,S2a,56.31222062905809,33.78733237743485,279.461292265231,conditional_source_only_not_network_or_full_range_validated,90.09955300649294,2327.076916970813,False
0.5,S2a,58.871867021288,35.3231202127728,278.6973742053181,conditional_source_only_not_network_or_full_range_validated,94.19498723406079,2327.076916970813,False
0.5,S2a,61.43151341351792,36.85890804811075,277.93654591048625,conditional_source_only_not_network_or_full_range_validated,98.29042146162867,2327.076916970813,False
0.5,S2a,63.99115980574783,38.39469588344869,277.1788073807353,conditional_source_only_not_network_or_full_range_validated,102.38585568919652,2327.0769169708124,False
0.5,S2a,66.55080619797774,39.93048371878665,276.4241586160655,conditional_source_only_not_network_or_full_range_validated,106.48128991676438,2327.076916970813,False
0.5,S2a,69.11045259020766,41.46627155412459,275.6725996164766,conditional_source_only_not_network_or_full_range_validated,110.57672414433225,2327.076916970813,False
0.5,S2a,71.67009898243757,43.00205938946255,274.9241303819687,conditional_source_only_not_network_or_full_range_validated,114.67215837190011,2327.0769169708124,False
0.5,S2a,74.22974537466749,44.53784722480049,274.1787509125419,conditional_source_only_not_network_or_full_range_validated,118.76759259946797,2327.0769169708124,False
0.5,S2a,76.78939176689738,46.07363506013843,273.436461208196,conditional_source_only_not_network_or_full_range_validated,122.86302682703581,2327.076916970813,False
0.5,S2a,79.3490381591273,47.60942289547639,272.6972612689312,conditional_source_only_not_network_or_full_range_validated,126.9584610546037,2327.076916970813,False
0.5,S2a,81.90868455135721,49.14521073081433,271.9611510947474,conditional_source_only_not_network_or_full_range_validated,131.05389528217154,2327.0769169708133,False
0.5,S2a,84.46833094358712,50.68099856615228,271.22813068564454,conditional_source_only_not_network_or_full_range_validated,135.1493295097394,2327.0769169708133,False
0.5,S2a,87.02797733581704,52.21678640149023,270.4982000416228,conditional_source_only_not_network_or_full_range_validated,139.24476373730727,2327.076916970813,False
0.5,S2a,89.58762372804696,53.752574236828174,269.771359162682,conditional_source_only_not_network_or_full_range_validated,143.34019796487513,2327.0769169708133,False
0.5,S2a,92.14727012027689,55.28836207216612,269.04760804882216,conditional_source_only_not_network_or_full_range_validated,147.435632192443,2327.076916970813,False
0.5,S2a,94.70691651250678,56.82414990750407,268.3269467000434,conditional_source_only_not_network_or_full_range_validated,151.53106642001086,2327.076916970813,False
0.5,S2a,97.2665629047367,58.35993774284202,267.6093751163456,conditional_source_only_not_network_or_full_range_validated,155.62650064757872,2327.0769169708133,False
0.5,S2a,99.82620929696662,59.89572557817997,266.8948932977288,conditional_source_only_not_network_or_full_range_validated,159.7219348751466,2327.076916970813,False
0.5,S2a,102.38585568919652,61.43151341351791,266.18350124419305,conditional_source_only_not_network_or_full_range_validated,163.81736910271442,2327.0769169708124,False
0.5,S2a,2.4522568534664857,1.634837902310991,296.2298934220236,conditional_source_only_not_network_or_full_range_validated,4.087094755777477,2323.2290320277616,False
0.5,S2a,4.904513706932971,3.2696758046219814,295.4135927921359,conditional_source_only_not_network_or_full_range_validated,8.174189511554953,2323.2290320277616,False
0.5,S2a,7.3567705603994575,4.904513706932972,294.6002982591464,conditional_source_only_not_network_or_full_range_validated,12.26128426733243,2323.229032027762,False
0.5,S2a,9.809027413865945,6.539351609243963,293.7900098230552,conditional_source_only_not_network_or_full_range_validated,16.348379023109906,2323.2290320277616,False
0.5,S2a,12.261284267332428,8.174189511554953,292.9827274838621,conditional_source_only_not_network_or_full_range_validated,20.43547377888738,2323.229032027762,False
0.5,S2a,14.713541120798917,9.809027413865945,292.17845124156736,conditional_source_only_not_network_or_full_range_validated,24.522568534664863,2323.2290320277616,False
0.5,S2a,17.165797974265402,11.443865316176936,291.3771810961708,conditional_source_only_not_network_or_full_range_validated,28.609663290442338,2323.2290320277616,False
0.5,S2a,19.61805482773189,13.078703218487924,290.5789170476724,conditional_source_only_not_network_or_full_range_validated,32.69675804621981,2323.2290320277616,False
0.5,S2a,22.07031168119837,14.713541120798917,289.7836590960723,conditional_source_only_not_network_or_full_range_validated,36.783852801997284,2323.229032027762,False
0.5,S2a,24.522568534664856,16.348379023109906,288.9914072413704,conditional_source_only_not_network_or_full_range_validated,40.87094755777476,2323.229032027762,False
0.5,S2a,26.974825388131343,17.983216925420898,288.20216148356667,conditional_source_only_not_network_or_full_range_validated,44.95804231355224,2323.2290320277616,False
0.5,S2a,29.42708224159783,19.61805482773189,287.4159218226612,conditional_source_only_not_network_or_full_range_validated,49.04513706932972,2323.229032027762,False
0.5,S2a,31.879339095064317,21.25289273004288,286.632688258654,conditional_source_only_not_network_or_full_range_validated,53.1322318251072,2323.229032027762,False
0.5,S2a,34.331595948530804,22.887730632353872,285.8524607915449,conditional_source_only_not_network_or_full_range_validated,57.219326580884676,2323.2290320277616,False
0.5,S2a,36.78385280199728,24.522568534664856,285.0752394213341,conditional_source_only_not_network_or_full_range_validated,61.30642133666213,2323.2290320277616,False
0.5,S2a,39.23610965546377,26.15740643697585,284.30102414802155,conditional_source_only_not_network_or_full_range_validated,65.39351609243963,2323.2290320277616,False
0.5,S2a,41.68836650893026,27.79224433928684,283.5298149716072,conditional_source_only_not_network_or_full_range_validated,69.4806108482171,2323.2290320277616,False
0.5,S2a,44.14062336239674,29.42708224159783,282.7616118920911,conditional_source_only_not_network_or_full_range_validated,73.56770560399457,2323.229032027762,False
0.5,S2a,46.59288021586323,31.06192014390882,281.9964149094732,conditional_source_only_not_network_or_full_range_validated,77.65480035977205,2323.2290320277616,False
0.5,S2a,49.04513706932971,32.69675804621981,281.2342240237535,conditional_source_only_not_network_or_full_range_validated,81.74189511554953,2323.229032027762,False
0.5,S2a,51.497393922796206,34.331595948530804,280.475039234932,conditional_source_only_not_network_or_full_range_validated,85.82898987132701,2323.2290320277616,False
0.5,S2a,53.949650776262686,35.9664338508418,279.7188605430088,conditional_source_only_not_network_or_full_range_validated,89.91608462710448,2323.2290320277616,False
0.5,S2a,56.40190762972918,37.60127175315279,278.9656879479838,conditional_source_only_not_network_or_full_range_validated,94.00317938288197,2323.2290320277616,False
0.5,S2a,58.85416448319566,39.23610965546378,278.21552144985696,conditional_source_only_not_network_or_full_range_validated,98.09027413865944,2323.229032027762,False
0.5,S2a,61.30642133666214,40.87094755777477,277.4683610486284,conditional_source_only_not_network_or_full_range_validated,102.17736889443691,2323.2290320277616,False
0.5,S2a,63.75867819012863,42.50578546008576,276.72420674429804,conditional_source_only_not_network_or_full_range_validated,106.2644636502144,2323.229032027762,False
0.5,S2a,66.21093504359511,44.14062336239675,275.9830585368659,conditional_source_only_not_network_or_full_range_validated,110.35155840599187,2323.2290320277616,False
0.5,S2a,68.66319189706161,45.775461264707744,275.244916426332,conditional_source_only_not_network_or_full_range_validated,114.43865316176935,2323.2290320277616,False
0.5,S2a,71.11544875052809,47.410299167018735,274.5097804126964,conditional_source_only_not_network_or_full_range_validated,118.52574791754682,2323.2290320277616,False
0.5,S2a,73.56770560399457,49.04513706932971,273.7776504959589,conditional_source_only_not_network_or_full_range_validated,122.61284267332428,2323.2290320277616,False
0.5,S2a,76.01996245746106,50.67997497164071,273.04852667611965,conditional_source_only_not_network_or_full_range_validated,126.69993742910177,2323.2290320277616,False
0.5,S2a,78.47221931092754,52.3148128739517,272.32240895317864,conditional_source_only_not_network_or_full_range_validated,130.78703218487925,2323.2290320277616,False
0.5,S2a,80.92447616439404,53.9496507762627,271.59929732713584,conditional_source_only_not_network_or_full_range_validated,134.87412694065674,2323.229032027762,False
0.5,S2a,83.37673301786052,55.58448867857368,270.87919179799127,conditional_source_only_not_network_or_full_range_validated,138.9612216964342,2323.2290320277616,False
0.5,S2a,85.82898987132701,57.21932658088468,270.1620923657449,conditional_source_only_not_network_or_full_range_validated,143.04831645221168,2323.229032027761,False
0.5,S2a,88.28124672479348,58.85416448319566,269.4479990303968,conditional_source_only_not_network_or_full_range_validated,147.13541120798914,2323.229032027762,False
0.5,S2a,90.73350357825996,60.48900238550665,268.73691179194685,conditional_source_only_not_network_or_full_range_validated,151.2225059637666,2323.2290320277616,False
0.5,S2a,93.18576043172646,62.12384028781764,268.0288306503952,conditional_source_only_not_network_or_full_range_validated,155.3096007195441,2323.2290320277616,False
0.5,S2a,95.63801728519296,63.75867819012864,267.3237556057418,conditional_source_only_not_network_or_full_range_validated,159.3966954753216,2323.2290320277616,False
0.5,S2a,98.09027413865942,65.39351609243963,266.6216866579866,conditional_source_only_not_network_or_full_range_validated,163.48379023109905,2323.229032027762,False
0.5,S2a,2.345303777380929,1.7334854006728608,296.24243372609266,conditional_source_only_not_network_or_full_range_validated,4.07878917805379,2319.3938512427535,False
0.5,S2a,4.690607554761858,3.4669708013457217,295.43860065821684,conditional_source_only_not_network_or_full_range_validated,8.15757835610758,2319.3938512427535,False
0.5,S2a,7.035911332142788,5.200456202018583,294.637700945182,conditional_source_only_not_network_or_full_range_validated,12.23636753416137,2319.393851242753,False
0.5,S2a,9.381215109523716,6.933941602691443,293.8397345869884,conditional_source_only_not_network_or_full_range_validated,16.31515671221516,2319.3938512427535,False
0.5,S2a,11.726518886904644,8.667427003364304,293.0447015836357,conditional_source_only_not_network_or_full_range_validated,20.39394589026895,2319.3938512427535,False
0.5,S2a,14.071822664285577,10.400912404037166,292.25260193512406,conditional_source_only_not_network_or_full_range_validated,24.47273506832274,2319.393851242753,False
0.5,S2a,16.417126441666504,12.134397804710026,291.4634356414535,conditional_source_only_not_network_or_full_range_validated,28.55152424637653,2319.3938512427535,False
0.5,S2a,18.76243021904743,13.867883205382888,290.677202702624,conditional_source_only_not_network_or_full_range_validated,32.63031342443032,2319.3938512427535,False
0.5,S2a,21.10773399642836,15.601368606055749,289.89390311863554,conditional_source_only_not_network_or_full_range_validated,36.70910260248411,2319.3938512427535,False
0.5,S2a,23.45303777380929,17.33485400672861,289.1135368894881,conditional_source_only_not_network_or_full_range_validated,40.7878917805379,2319.3938512427535,False
0.5,S2a,25.798341551190223,19.06833940740147,288.3361040151818,conditional_source_only_not_network_or_full_range_validated,44.866680958591694,2319.3938512427535,False
0.5,S2a,28.14364532857115,20.801824808074333,287.56160449571644,conditional_source_only_not_network_or_full_range_validated,48.94547013664548,2319.3938512427535,False
0.5,S2a,30.48894910595208,22.535310208747195,286.79003833109215,conditional_source_only_not_network_or_full_range_validated,53.02425931469928,2319.393851242754,False
0.5,S2a,32.83425288333301,24.268795609420053,286.02140552130896,conditional_source_only_not_network_or_full_range_validated,57.10304849275306,2319.3938512427535,False
0.5,S2a,35.179556660713935,26.00228101009291,285.2557060663668,conditional_source_only_not_network_or_full_range_validated,61.18183767080684,2319.3938512427535,False
0.5,S2a,37.52486043809486,27.735766410765773,284.4929399662657,conditional_source_only_not_network_or_full_range_validated,65.26062684886064,2319.3938512427535,False
0.5,S2a,39.8701642154758,29.46925181143864,283.73310722100564,conditional_source_only_not_network_or_full_range_validated,69.33941602691445,2319.393851242754,False
0.5,S2a,42.21546799285672,31.202737212111497,282.97620783058665,conditional_source_only_not_network_or_full_range_validated,73.41820520496822,2319.3938512427535,False
0.5,S2a,44.56077177023766,32.93622261278436,282.2222417950087,conditional_source_only_not_network_or_full_range_validated,77.49699438302201,2319.3938512427535,False
0.5,S2a,46.90607554761858,34.66970801345722,281.47120911427186,conditional_source_only_not_network_or_full_range_validated,81.5757835610758,2319.3938512427535,False
0.5,S2a,49.25137932499951,36.40319341413008,280.72310978837595,conditional_source_only_not_network_or_full_range_validated,85.65457273912959,2319.393851242754,False
0.5,S2a,51.596683102380446,38.13667881480294,279.97794381732115,conditional_source_only_not_network_or_full_range_validated,89.73336191718339,2319.3938512427535,False
0.5,S2a,53.941986879761366,39.8701642154758,279.23571120110745,conditional_source_only_not_network_or_full_range_validated,93.81215109523717,2319.3938512427535,False
0.5,S2a,56.2872906571423,41.603649616148665,278.49641193973474,conditional_source_only_not_network_or_full_range_validated,97.89094027329097,2319.3938512427535,False
0.5,S2a,58.63259443452323,43.33713501682152,277.7600460332031,conditional_source_only_not_network_or_full_range_validated,101.96972945134475,2319.3938512427535,False
0.5,S2a,60.97789821190416,45.07062041749439,277.02661348151247,conditional_source_only_not_network_or_full_range_validated,106.04851862939856,2319.393851242754,False
0.5,S2a,63.32320198928508,46.80410581816725,276.29611428466296,conditional_source_only_not_network_or_full_range_validated,110.12730780745233,2319.3938512427535,False
0.5,S2a,65.66850576666602,48.537591218840106,275.5685484426545,conditional_source_only_not_network_or_full_range_validated,114.20609698550612,2319.3938512427535,False
0.5,S2a,68.01380954404695,50.27107661951297,274.84391595548703,conditional_source_only_not_network_or_full_range_validated,118.28488616355992,2319.3938512427535,False
0.5,S2a,70.35911332142787,52.00456202018582,274.1222168231606,conditional_source_only_not_network_or_full_range_validated,122.36367534161369,2319.3938512427535,False
0.5,S2a,72.70441709880879,53.738047420858685,273.4034510456753,conditional_source_only_not_network_or_full_range_validated,126.44246451966748,2319.3938512427535,False
0.5,S2a,75.04972087618972,55.47153282153155,272.687618623031,conditional_source_only_not_network_or_full_range_validated,130.52125369772128,2319.3938512427535,False
0.5,S2a,77.39502465357066,57.205018222204416,271.9747195552278,conditional_source_only_not_network_or_full_range_validated,134.60004287577507,2319.3938512427535,False
0.5,S2a,79.74032843095159,58.93850362287728,271.2647538422656,conditional_source_only_not_network_or_full_range_validated,138.67883205382887,2319.393851242754,False
0.5,S2a,82.08563220833251,60.671989023550125,270.55772148414445,conditional_source_only_not_network_or_full_range_validated,142.75762123188264,2319.3938512427535,False
0.5,S2a,84.43093598571345,62.405474424222994,269.85362248086443,conditional_source_only_not_network_or_full_range_validated,146.83641040993643,2319.3938512427535,False
0.5,S2a,86.77623976309438,64.13895982489585,269.1524568324254,conditional_source_only_not_network_or_full_range_validated,150.91519958799023,2319.393851242754,False
0.5,S2a,89.12154354047532,65.87244522556871,268.4542245388274,conditional_source_only_not_network_or_full_range_validated,154.99398876604403,2319.3938512427535,False
0.5,S2a,91.46684731785624,67.60593062624159,267.7589256000705,conditional_source_only_not_network_or_full_range_validated,159.07277794409782,2319.3938512427535,False
0.5,S2a,93.81215109523716,69.33941602691444,267.0665600161546,conditional_source_only_not_network_or_full_range_validated,163.1515671221516,2319.3938512427535,False
0.5,S2a,2.238784508500471,1.8317327796822036,296.25492841620456,conditional_source_only_not_network_or_full_range_validated,4.070517288182675,2315.5713118035005,False
0.5,S2a,4.477569017000942,3.663465559364407,295.46352809175784,conditional_source_only_not_network_or_full_range_validated,8.14103457636535,2315.5713118035005,False
0.5,S2a,6.716353525501413,5.495198339046611,294.67499917546934,conditional_source_only_not_network_or_full_range_validated,12.211551864548024,2315.5713118035005,False
0.5,S2a,8.955138034001884,7.326931118728813,293.889341667339,conditional_source_only_not_network_or_full_range_validated,16.282069152730696,2315.5713118034996,False
0.5,S2a,11.193922542502351,9.158663898411016,293.106555567367,conditional_source_only_not_network_or_full_range_validated,20.352586440913367,2315.5713118035005,False
0.5,S2a,13.432707051002826,10.99039667809322,292.3266408755532,conditional_source_only_not_network_or_full_range_validated,24.423103729096045,2315.5713118035,False
0.5,S2a,15.671491559503297,12.822129457775423,291.5495975918976,conditional_source_only_not_network_or_full_range_validated,28.49362101727872,2315.5713118035,False
0.5,S2a,17.910276068003768,14.653862237457629,290.7754257164002,conditional_source_only_not_network_or_full_range_validated,32.5641383054614,2315.5713118035005,False
0.5,S2a,20.14906057650424,16.48559501713983,290.00412524906096,conditional_source_only_not_network_or_full_range_validated,36.63465559364407,2315.5713118035005,False
0.5,S2a,22.387845085004702,18.31732779682203,289.23569618988006,conditional_source_only_not_network_or_full_range_validated,40.70517288182673,2315.5713118035005,False
0.5,S2a,24.62662959350518,20.14906057650424,288.4701385388573,conditional_source_only_not_network_or_full_range_validated,44.77569017000942,2315.5713118035,False
0.5,S2a,26.86541410200565,21.98079335618644,287.7074522959929,conditional_source_only_not_network_or_full_range_validated,48.84620745819209,2315.5713118035,False
0.5,S2a,29.10419861050612,23.81252613586864,286.9476374612866,conditional_source_only_not_network_or_full_range_validated,52.91672474637476,2315.5713118035005,False
0.5,S2a,31.34298311900659,25.644258915550846,286.19069403473856,conditional_source_only_not_network_or_full_range_validated,56.98724203455744,2315.5713118035005,False
0.5,S2a,33.581767627507055,27.475991695233045,285.43662201634874,conditional_source_only_not_network_or_full_range_validated,61.0577593227401,2315.5713118034996,False
0.5,S2a,35.820552136007535,29.30772447491525,284.6854214061171,conditional_source_only_not_network_or_full_range_validated,65.12827661092278,2315.5713118034996,False
0.5,S2a,38.059336644508,31.139457254597456,283.9370922040438,conditional_source_only_not_network_or_full_range_validated,69.19879389910545,2315.5713118035,False
0.5,S2a,40.29812115300847,32.97119003427966,283.19163441012864,conditional_source_only_not_network_or_full_range_validated,73.26931118728814,2315.5713118035005,False
0.5,S2a,42.53690566150894,34.80292281396186,282.4490480243717,conditional_source_only_not_network_or_full_range_validated,77.3398284754708,2315.5713118035005,False
0.5,S2a,44.77569017000941,36.63465559364406,281.709333046773,conditional_source_only_not_network_or_full_range_validated,81.41034576365348,2315.5713118035005,False
0.5,S2a,47.01447467850988,38.46638837332626,280.9724894773325,conditional_source_only_not_network_or_full_range_validated,85.48086305183614,2315.5713118035,False
0.5,S2a,49.25325918701036,40.29812115300847,280.23851731605026,conditional_source_only_not_network_or_full_range_validated,89.55138034001882,2315.5713118035,False
0.5,S2a,51.49204369551082,42.12985393269067,279.50741656292627,conditional_source_only_not_network_or_full_range_validated,93.6218976282015,2315.5713118035005,False
0.5,S2a,53.7308282040113,43.961586712372885,278.77918721796044,conditional_source_only_not_network_or_full_range_validated,97.6924149163842,2315.5713118035005,False
0.5,S2a,55.96961271251177,45.79331949205508,278.05382928115284,conditional_source_only_not_network_or_full_range_validated,101.76293220456685,2315.5713118035,False
0.5,S2a,58.20839722101224,47.62505227173728,277.3313427525035,conditional_source_only_not_network_or_full_range_validated,105.83344949274952,2315.5713118035005,False
0.5,S2a,60.44718172951272,49.45678505141949,276.61172763201233,conditional_source_only_not_network_or_full_range_validated,109.90396678093221,2315.5713118035005,False
0.5,S2a,62.68596623801318,51.28851783110169,275.8949839196795,conditional_source_only_not_network_or_full_range_validated,113.97448406911488,2315.5713118035005,False
0.5,S2a,64.92475074651365,53.12025061078389,275.18111161550473,conditional_source_only_not_network_or_full_range_validated,118.04500135729754,2315.5713118034996,False
0.5,S2a,67.16353525501411,54.95198339046609,274.4701107194883,conditional_source_only_not_network_or_full_range_validated,122.1155186454802,2315.5713118034996,False
0.5,S2a,69.40231976351458,56.783716170148296,273.76198123163005,conditional_source_only_not_network_or_full_range_validated,126.18603593366288,2315.5713118035,False
0.5,S2a,71.64110427201507,58.61544894983051,273.05672315193004,conditional_source_only_not_network_or_full_range_validated,130.2565532218456,2315.5713118035005,False
0.5,S2a,73.87988878051553,60.4471817295127,272.35433648038827,conditional_source_only_not_network_or_full_range_validated,134.32707051002822,2315.5713118035,False
0.5,S2a,76.118673289016,62.27891450919491,271.65482121700467,conditional_source_only_not_network_or_full_range_validated,138.3975877982109,2315.5713118035,False
0.5,S2a,78.35745779751646,64.1106472888771,270.9581773617793,conditional_source_only_not_network_or_full_range_validated,142.46810508639356,2315.5713118035005,False
0.5,S2a,80.59624230601695,65.94238006855932,270.2644049147122,conditional_source_only_not_network_or_full_range_validated,146.53862237457628,2315.5713118035005,False
0.5,S2a,82.83502681451742,67.77411284824153,269.5735038758033,conditional_source_only_not_network_or_full_range_validated,150.60913966275893,2315.5713118035,False
0.5,S2a,85.07381132301788,69.60584562792371,268.88547424505265,conditional_source_only_not_network_or_full_range_validated,154.6796569509416,2315.5713118035005,False
0.5,S2a,87.31259583151837,71.43757840760593,268.2003160224602,conditional_source_only_not_network_or_full_range_validated,158.7501742391243,2315.571311803501,False
0.5,S2a,89.55138034001882,73.26931118728812,267.51802920802595,conditional_source_only_not_network_or_full_range_validated,162.82069152730696,2315.5713118035005,False
0.5,S2a,2.132696412850207,1.9295824687692356,296.2673777375033,conditional_source_only_not_network_or_full_range_validated,4.062278881619442,2311.761351311109,False
0.5,S2a,4.265392825700414,3.859164937538471,295.4883754538734,conditional_source_only_not_network_or_full_range_validated,8.124557763238885,2311.761351311109,False
0.5,S2a,6.398089238550621,5.7887474063077065,294.7121932979198,conditional_source_only_not_network_or_full_range_validated,12.186836644858328,2311.7613513111096,False
0.5,S2a,8.530785651400828,7.718329875076941,293.93883126964244,conditional_source_only_not_network_or_full_range_validated,16.24911552647777,2311.7613513111096,False
0.5,S2a,10.663482064251037,9.647912343846176,293.16828936904136,conditional_source_only_not_network_or_full_range_validated,20.311394408097215,2311.7613513111096,False
0.5,S2a,12.79617847710124,11.577494812615411,292.4005675961166,conditional_source_only_not_network_or_full_range_validated,24.37367328971665,2311.761351311109,False
0.5,S2a,14.928874889951448,13.507077281384648,291.6356659508682,conditional_source_only_not_network_or_full_range_validated,28.435952171336098,2311.7613513111096,False
0.5,S2a,17.061571302801656,15.436659750153884,290.87358443329606,conditional_source_only_not_network_or_full_range_validated,32.49823105295554,2311.761351311109,False
0.5,S2a,19.19426771565186,17.366242218923116,290.1143230434002,conditional_source_only_not_network_or_full_range_validated,36.56050993457498,2311.76135131111,False
0.5,S2a,21.32696412850207,19.295824687692352,289.35788178118065,conditional_source_only_not_network_or_full_range_validated,40.62278881619442,2311.7613513111096,False
0.5,S2a,23.45966054135228,21.22540715646159,288.6042606466374,conditional_source_only_not_network_or_full_range_validated,44.68506769781387,2311.7613513111096,False
0.5,S2a,25.592356954202483,23.154989625230822,287.85345963977045,conditional_source_only_not_network_or_full_range_validated,48.747346579433305,2311.761351311109,False
0.5,S2a,27.72505336705269,25.08457209400006,287.1054787605798,conditional_source_only_not_network_or_full_range_validated,52.80962546105275,2311.761351311109,False
0.5,S2a,29.857749779902896,27.014154562769296,286.36031800906534,conditional_source_only_not_network_or_full_range_validated,56.871904342672195,2311.7613513111096,False
0.5,S2a,31.9904461927531,28.943737031538525,285.6179773852273,conditional_source_only_not_network_or_full_range_validated,60.93418322429163,2311.7613513111096,False
0.5,S2a,34.12314260560331,30.873319500307765,284.8784568890655,conditional_source_only_not_network_or_full_range_validated,64.99646210591108,2311.7613513111096,False
0.5,S2a,36.25583901845352,32.802901969077006,284.14175652058003,conditional_source_only_not_network_or_full_range_validated,69.05874098753053,2311.7613513111096,False
0.5,S2a,38.38853543130372,34.73248443784623,283.40787627977085,conditional_source_only_not_network_or_full_range_validated,73.12101986914996,2311.76135131111,False
0.5,S2a,40.52123184415393,36.66206690661547,282.676816166638,conditional_source_only_not_network_or_full_range_validated,77.18329875076941,2311.7613513111096,False
0.5,S2a,42.65392825700414,38.59164937538471,281.9485761811813,conditional_source_only_not_network_or_full_range_validated,81.24557763238886,2311.7613513111096,False
0.5,S2a,44.78662466985435,40.521231844153945,281.2231563234011,conditional_source_only_not_network_or_full_range_validated,85.3078565140083,2311.761351311109,False
0.5,S2a,46.91932108270456,42.45081431292318,280.50055659329706,conditional_source_only_not_network_or_full_range_validated,89.37013539562774,2311.7613513111096,False
0.5,S2a,49.05201749555476,44.38039678169241,279.7807769908693,conditional_source_only_not_network_or_full_range_validated,93.43241427724718,2311.76135131111,False
0.5,S2a,51.184713908404966,46.30997925046165,279.0638175161179,conditional_source_only_not_network_or_full_range_validated,97.49469315886662,2311.7613513111096,False
0.5,S2a,53.31741032125517,48.239561719230885,278.3496781690428,conditional_source_only_not_network_or_full_range_validated,101.55697204048604,2311.761351311109,False
0.5,S2a,55.45010673410538,50.16914418800012,277.638358949644,conditional_source_only_not_network_or_full_range_validated,105.6192509221055,2311.761351311109,False
0.5,S2a,57.582803146955584,52.09872665676935,276.92985985792143,conditional_source_only_not_network_or_full_range_validated,109.68152980372494,2311.7613513111096,False
0.5,S2a,59.71549955980579,54.02830912553859,276.2241808938752,conditional_source_only_not_network_or_full_range_validated,113.74380868534439,2311.7613513111096,False
0.5,S2a,61.84819597265601,55.957891594307824,275.5213220575053,conditional_source_only_not_network_or_full_range_validated,117.80608756696384,2311.7613513111096,False
0.5,S2a,63.9808923855062,57.88747406307705,274.8212833488117,conditional_source_only_not_network_or_full_range_validated,121.86836644858326,2311.7613513111096,False
0.5,S2a,66.11358879835642,59.81705653184629,274.1240647677943,conditional_source_only_not_network_or_full_range_validated,125.93064533020271,2311.7613513111096,False
0.5,S2a,68.24628521120663,61.74663900061553,273.42966631445324,conditional_source_only_not_network_or_full_range_validated,129.99292421182216,2311.7613513111096,False
0.5,S2a,70.37898162405683,63.67622146938477,272.7380879887885,conditional_source_only_not_network_or_full_range_validated,134.0552030934416,2311.7613513111096,False
0.5,S2a,72.51167803690704,65.60580393815401,272.0493297908,conditional_source_only_not_network_or_full_range_validated,138.11748197506105,2311.7613513111096,False
0.5,S2a,74.64437444975724,67.53538640692322,271.36339172048787,conditional_source_only_not_network_or_full_range_validated,142.17976085668045,2311.761351311109,False
0.5,S2a,76.77707086260745,69.46496887569246,270.680273777852,conditional_source_only_not_network_or_full_range_validated,146.24203973829992,2311.76135131111,False
0.5,S2a,78.90976727545765,71.3945513444617,269.99997596289245,conditional_source_only_not_network_or_full_range_validated,150.30431861991934,2311.761351311109,False
0.5,S2a,81.04246368830786,73.32413381323094,269.3224982756092,conditional_source_only_not_network_or_full_range_validated,154.36659750153882,2311.7613513111096,False
0.5,S2a,83.17516010115807,75.25371628200018,268.6478407160022,conditional_source_only_not_network_or_full_range_validated,158.42887638315824,2311.761351311109,False
0.5,S2a,85.30785651400828,77.18329875076941,267.9760032840715,conditional_source_only_not_network_or_full_range_validated,162.4911552647777,2311.7613513111096,False
0.5,S2a,2.027036877735997,2.027036877735997,296.2797819334087,conditional_source_only_not_network_or_full_range_validated,4.054073755471994,2307.963907776691,False
0.5,S2a,4.054073755471995,4.054073755471995,295.5131431037863,conditional_source_only_not_network_or_full_range_validated,8.10814751094399,2307.963907776691,False
0.5,S2a,6.0811106332079925,6.0811106332079925,294.7492836599425,conditional_source_only_not_network_or_full_range_validated,12.162221266415985,2307.963907776691,False
0.5,S2a,8.10814751094399,8.10814751094399,293.9882036018771,conditional_source_only_not_network_or_full_range_validated,16.21629502188798,2307.963907776691,False
0.5,S2a,10.135184388679988,10.135184388679988,293.2299029295902,conditional_source_only_not_network_or_full_range_validated,20.270368777359977,2307.963907776691,False
0.5,S2a,12.162221266415983,12.162221266415983,292.47438164308176,conditional_source_only_not_network_or_full_range_validated,24.324442532831966,2307.9639077766915,False
0.5,S2a,14.189258144151983,14.189258144151983,291.7216397423518,conditional_source_only_not_network_or_full_range_validated,28.378516288303967,2307.9639077766915,False
0.5,S2a,16.21629502188798,16.21629502188798,290.97167722740033,conditional_source_only_not_network_or_full_range_validated,32.43259004377596,2307.963907776691,False
0.5,S2a,18.24333189962397,18.24333189962397,290.2244940982273,conditional_source_only_not_network_or_full_range_validated,36.48666379924794,2307.9639077766915,False
0.5,S2a,20.270368777359973,20.270368777359973,289.48009035483284,conditional_source_only_not_network_or_full_range_validated,40.540737554719946,2307.963907776691,False
0.5,S2a,22.29740565509597,22.29740565509597,288.7384659972168,conditional_source_only_not_network_or_full_range_validated,44.59481131019194,2307.9639077766915,False
0.5,S2a,24.32444253283197,24.32444253283197,287.99962102537927,conditional_source_only_not_network_or_full_range_validated,48.64888506566394,2307.963907776691,False
0.5,S2a,26.351479410567965,26.351479410567965,287.2635554393202,conditional_source_only_not_network_or_full_range_validated,52.70295882113593,2307.963907776691,False
0.5,S2a,28.378516288303967,28.378516288303967,286.5302692390396,conditional_source_only_not_network_or_full_range_validated,56.75703257660793,2307.9639077766915,False
0.5,S2a,30.40555316603996,30.40555316603996,285.7997624245375,conditional_source_only_not_network_or_full_range_validated,60.81110633207992,2307.9639077766915,False
0.5,S2a,32.43259004377596,32.43259004377596,285.07203499581385,conditional_source_only_not_network_or_full_range_validated,64.86518008755192,2307.963907776691,False
0.5,S2a,34.459626921511955,34.459626921511955,284.3470869528687,conditional_source_only_not_network_or_full_range_validated,68.91925384302391,2307.963907776691,False
0.5,S2a,36.48666379924795,36.48666379924795,283.62491829570206,conditional_source_only_not_network_or_full_range_validated,72.9733275984959,2307.9639077766915,False
0.5,S2a,38.51370067698395,38.51370067698395,282.90552902431386,conditional_source_only_not_network_or_full_range_validated,77.0274013539679,2307.9639077766915,False
0.5,S2a,40.540737554719946,40.540737554719946,282.18891913870414,conditional_source_only_not_network_or_full_range_validated,81.08147510943989,2307.963907776691,False
0.5,S2a,42.56777443245595,42.56777443245595,281.47508863887293,conditional_source_only_not_network_or_full_range_validated,85.1355488649119,2307.963907776691,False
0.5,S2a,44.59481131019194,44.59481131019194,280.76403752482014,conditional_source_only_not_network_or_full_range_validated,89.18962262038389,2307.9639077766915,False
0.5,S2a,46.621848187927945,46.621848187927945,280.05576579654587,conditional_source_only_not_network_or_full_range_validated,93.24369637585589,2307.963907776691,False
0.5,S2a,48.64888506566394,48.64888506566394,279.35027345405007,conditional_source_only_not_network_or_full_range_validated,97.29777013132788,2307.963907776691,False
0.5,S2a,50.675921943399935,50.675921943399935,278.6475604973328,conditional_source_only_not_network_or_full_range_validated,101.35184388679987,2307.963907776691,False
0.5,S2a,52.70295882113593,52.70295882113593,277.947626926394,conditional_source_only_not_network_or_full_range_validated,105.40591764227186,2307.963907776691,False
0.5,S2a,54.72999569887193,54.72999569887193,277.25047274123364,conditional_source_only_not_network_or_full_range_validated,109.45999139774386,2307.9639077766915,False
0.5,S2a,56.75703257660793,56.75703257660793,276.55609794185176,conditional_source_only_not_network_or_full_range_validated,113.51406515321587,2307.9639077766915,False
0.5,S2a,58.78406945434393,58.78406945434393,275.8645025282484,conditional_source_only_not_network_or_full_range_validated,117.56813890868786,2307.9639077766915,False
0.5,S2a,60.81110633207992,60.81110633207992,275.17568650042347,conditional_source_only_not_network_or_full_range_validated,121.62221266415985,2307.9639077766915,False
0.5,S2a,62.83814320981592,62.83814320981592,274.48964985837705,conditional_source_only_not_network_or_full_range_validated,125.67628641963184,2307.9639077766915,False
0.5,S2a,64.86518008755192,64.86518008755192,273.8063926021091,conditional_source_only_not_network_or_full_range_validated,129.73036017510384,2307.963907776691,False
0.5,S2a,66.89221696528791,66.89221696528791,273.1259147316196,conditional_source_only_not_network_or_full_range_validated,133.78443393057583,2307.9639077766915,False
0.5,S2a,68.91925384302391,68.91925384302391,272.4482162469086,conditional_source_only_not_network_or_full_range_validated,137.83850768604782,2307.963907776691,False
0.5,S2a,70.9462907207599,70.9462907207599,271.7732971479761,conditional_source_only_not_network_or_full_range_validated,141.8925814415198,2307.9639077766915,False
0.5,S2a,72.9733275984959,72.9733275984959,271.1011574348221,conditional_source_only_not_network_or_full_range_validated,145.9466551969918,2307.9639077766915,False
0.5,S2a,75.00036447623191,75.00036447623191,270.4317971074465,conditional_source_only_not_network_or_full_range_validated,150.00072895246382,2307.963907776691,False
0.5,S2a,77.0274013539679,77.0274013539679,269.76521616584944,conditional_source_only_not_network_or_full_range_validated,154.0548027079358,2307.9639077766915,False
0.5,S2a,79.0544382317039,79.0544382317039,269.1014146100308,conditional_source_only_not_network_or_full_range_validated,158.1088764634078,2307.9639077766915,False
0.5,S2a,81.08147510943989,81.08147510943989,268.4403924399907,conditional_source_only_not_network_or_full_range_validated,162.16295021887979,2307.963907776691,False
0.5,S2a,1.9218033115299755,2.124098396954184,296.2921412456313,conditional_source_only_not_network_or_full_range_validated,4.045901708484159,2304.178919617994,False
0.5,S2a,3.843606623059951,4.248196793908368,295.5378313988369,conditional_source_only_not_network_or_full_range_validated,8.091803416968318,2304.178919617994,False
0.5,S2a,5.765409934589927,6.372295190862552,294.7862706084262,conditional_source_only_not_network_or_full_range_validated,12.137705125452479,2304.1789196179943,False
0.5,S2a,7.687213246119902,8.496393587816735,294.0374588743994,conditional_source_only_not_network_or_full_range_validated,16.183606833936636,2304.178919617994,False
0.5,S2a,9.609016557649875,10.620491984770918,293.29139619675635,conditional_source_only_not_network_or_full_range_validated,20.229508542420795,2304.178919617994,False
0.5,S2a,11.530819869179854,12.744590381725104,292.5480825754971,conditional_source_only_not_network_or_full_range_validated,24.275410250904958,2304.1789196179943,False
0.5,S2a,13.45262318070983,14.868688778679289,291.80751801062166,conditional_source_only_not_network_or_full_range_validated,28.32131195938912,2304.1789196179943,False
0.5,S2a,15.374426492239804,16.99278717563347,291.06970250213004,conditional_source_only_not_network_or_full_range_validated,32.36721366787327,2304.178919617994,False
0.5,S2a,17.29622980376978,19.11688557258765,290.3346360500222,conditional_source_only_not_network_or_full_range_validated,36.413115376357425,2304.178919617994,False
0.5,S2a,19.218033115299757,21.24098396954184,289.60231865429813,conditional_source_only_not_network_or_full_range_validated,40.4590170848416,2304.178919617994,False
0.5,S2a,21.13983642682973,23.365082366496026,288.87275031495784,conditional_source_only_not_network_or_full_range_validated,44.50491879332576,2304.1789196179943,False
0.5,S2a,23.06163973835971,25.489180763450207,288.1459310320014,conditional_source_only_not_network_or_full_range_validated,48.550820501809916,2304.1789196179943,False
0.5,S2a,24.983443049889683,27.613279160404385,287.42186080542865,conditional_source_only_not_network_or_full_range_validated,52.59672221029407,2304.178919617994,False
0.5,S2a,26.90524636141966,29.73737755735857,286.7005396352398,conditional_source_only_not_network_or_full_range_validated,56.64262391877823,2304.1789196179934,False
0.5,S2a,28.82704967294963,31.861475954312755,285.9819675214347,conditional_source_only_not_network_or_full_range_validated,60.688525627262386,2304.1789196179943,False
0.5,S2a,30.74885298447961,33.98557435126694,285.2661444640134,conditional_source_only_not_network_or_full_range_validated,64.73442733574655,2304.178919617994,False
0.5,S2a,32.67065629600959,36.10967274822112,284.5530704629759,conditional_source_only_not_network_or_full_range_validated,68.78032904423071,2304.1789196179943,False
0.5,S2a,34.59245960753956,38.2337711451753,283.8427455183222,conditional_source_only_not_network_or_full_range_validated,72.82623075271485,2304.178919617994,False
0.5,S2a,36.51426291906954,40.35786954212949,283.13516963005225,conditional_source_only_not_network_or_full_range_validated,76.87213246119903,2304.178919617994,False
0.5,S2a,38.43606623059951,42.48196793908368,282.4303427981662,conditional_source_only_not_network_or_full_range_validated,80.91803416968318,2304.1789196179934,False
0.5,S2a,40.357869542129485,44.60606633603786,281.72826502266383,conditional_source_only_not_network_or_full_range_validated,84.96393587816735,2304.1789196179943,False
0.5,S2a,42.27967285365947,46.73016473299205,281.0289363035453,conditional_source_only_not_network_or_full_range_validated,89.00983758665151,2304.178919617994,False
0.5,S2a,44.20147616518944,48.85426312994623,280.33235664081064,conditional_source_only_not_network_or_full_range_validated,93.05573929513568,2304.178919617994,False
0.5,S2a,46.12327947671942,50.978361526900414,279.6385260344597,conditional_source_only_not_network_or_full_range_validated,97.10164100361983,2304.1789196179943,False
0.5,S2a,48.04508278824939,53.1024599238546,278.94744448449256,conditional_source_only_not_network_or_full_range_validated,101.14754271210398,2304.178919617994,False
0.5,S2a,49.966886099779366,55.22655832080877,278.2591119909092,conditional_source_only_not_network_or_full_range_validated,105.19344442058814,2304.178919617994,False
0.5,S2a,51.88868941130934,57.35065671776296,277.57352855370965,conditional_source_only_not_network_or_full_range_validated,109.2393461290723,2304.1789196179943,False
0.5,S2a,53.81049272283932,59.47475511471715,276.8906941728939,conditional_source_only_not_network_or_full_range_validated,113.28524783755647,2304.178919617994,False
0.5,S2a,55.7322960343693,61.59885351167134,276.210608848462,conditional_source_only_not_network_or_full_range_validated,117.33114954604063,2304.178919617994,False
0.5,S2a,57.65409934589926,63.72295190862551,275.5332725804138,conditional_source_only_not_network_or_full_range_validated,121.37705125452477,2304.1789196179943,False
0.5,S2a,59.575902657429246,65.8470503055797,274.8586853687494,conditional_source_only_not_network_or_full_range_validated,125.42295296300895,2304.1789196179943,False
0.5,S2a,61.49770596895922,67.97114870253388,274.1868472134688,conditional_source_only_not_network_or_full_range_validated,129.4688546714931,2304.178919617994,False
0.5,S2a,63.4195092804892,70.09524709948806,273.517758114572,conditional_source_only_not_network_or_full_range_validated,133.51475637997726,2304.1789196179934,False
0.5,S2a,65.34131259201918,72.21934549644224,272.85141807205906,conditional_source_only_not_network_or_full_range_validated,137.56065808846142,2304.1789196179943,False
0.5,S2a,67.26311590354914,74.34344389339643,272.1878270859299,conditional_source_only_not_network_or_full_range_validated,141.60655979694556,2304.1789196179943,False
0.5,S2a,69.18491921507912,76.46754229035061,271.5269851561845,conditional_source_only_not_network_or_full_range_validated,145.65246150542973,2304.1789196179943,False
0.5,S2a,71.10672252660909,78.5916406873048,270.86889228282286,conditional_source_only_not_network_or_full_range_validated,149.6983632139139,2304.178919617994,False
0.5,S2a,73.02852583813907,80.71573908425898,270.2135484658451,conditional_source_only_not_network_or_full_range_validated,153.74426492239806,2304.178919617994,False
0.5,S2a,74.95032914966906,82.83983748121317,269.5609537052511,conditional_source_only_not_network_or_full_range_validated,157.79016663088223,2304.1789196179943,False
0.5,S2a,76.87213246119902,84.96393587816735,268.9111080010409,conditional_source_only_not_network_or_full_range_validated,161.83606833936636,2304.1789196179934,False
0.5,S2a,1.816993143458656,2.22076939756058,296.30445591418703,conditional_source_only_not_network_or_full_range_validated,4.0377625410192355,2300.406325656077,False
0.5,S2a,3.633986286917312,4.4415387951211605,295.56244069449104,conditional_source_only_not_network_or_full_range_validated,8.075525082038473,2300.4063256560776,False
0.5,S2a,5.45097943037597,6.662308192681742,294.8231544897216,conditional_source_only_not_network_or_full_range_validated,12.113287623057712,2300.406325656077,False
0.5,S2a,7.267972573834625,8.883077590242321,294.08659729987875,conditional_source_only_not_network_or_full_range_validated,16.151050164076945,2300.406325656077,False
0.5,S2a,9.08496571729328,11.103846987802902,293.3527691249624,conditional_source_only_not_network_or_full_range_validated,20.188812705096183,2300.4063256560776,False
0.5,S2a,10.90195886075194,13.324616385363484,292.62166996497257,conditional_source_only_not_network_or_full_range_validated,24.226575246115424,2300.406325656077,False
0.5,S2a,12.718952004210594,15.545385782924065,291.89329981990926,conditional_source_only_not_network_or_full_range_validated,28.264337787134657,2300.406325656077,False
0.5,S2a,14.53594514766925,17.766155180484642,291.1676586897725,conditional_source_only_not_network_or_full_range_validated,32.30210032815389,2300.406325656077,False
0.5,S2a,16.35293829112791,19.986924578045222,290.44474657456226,conditional_source_only_not_network_or_full_range_validated,36.33986286917313,2300.406325656077,False
0.5,S2a,18.16993143458656,22.207693975605803,289.72456347427857,conditional_source_only_not_network_or_full_range_validated,40.377625410192366,2300.4063256560776,False
0.5,S2a,19.986924578045222,24.428463373166384,289.00710938892144,conditional_source_only_not_network_or_full_range_validated,44.415387951211606,2300.406325656077,False
0.5,S2a,21.80391772150388,26.649232770726968,288.2923843184908,conditional_source_only_not_network_or_full_range_validated,48.45315049223085,2300.406325656077,False
0.5,S2a,23.62091086496253,28.87000216828754,287.5803882629867,conditional_source_only_not_network_or_full_range_validated,52.49091303325007,2300.406325656077,False
0.5,S2a,25.43790400842119,31.09077156584813,286.8711212224091,conditional_source_only_not_network_or_full_range_validated,56.528675574269315,2300.406325656077,False
0.5,S2a,27.254897151879845,33.3115409634087,286.16458319675803,conditional_source_only_not_network_or_full_range_validated,60.56643811528855,2300.4063256560776,False
0.5,S2a,29.0718902953385,35.532310360969284,285.4607741860335,conditional_source_only_not_network_or_full_range_validated,64.60420065630778,2300.406325656077,False
0.5,S2a,30.88888343879716,37.75307975852987,284.7596941902356,conditional_source_only_not_network_or_full_range_validated,68.64196319732703,2300.406325656077,False
0.5,S2a,32.70587658225582,39.973849156090445,284.06134320936417,conditional_source_only_not_network_or_full_range_validated,72.67972573834626,2300.406325656077,False
0.5,S2a,34.52286972571447,42.19461855365103,283.3657212434193,conditional_source_only_not_network_or_full_range_validated,76.71748827936551,2300.4063256560776,False
0.5,S2a,36.339862869173125,44.415387951211606,282.6728282924009,conditional_source_only_not_network_or_full_range_validated,80.75525082038473,2300.406325656077,False
0.5,S2a,38.15685601263178,46.63615734877219,281.982664356309,conditional_source_only_not_network_or_full_range_validated,84.79301336140396,2300.406325656077,False
0.5,S2a,39.973849156090445,48.85692674633277,281.2952294351437,conditional_source_only_not_network_or_full_range_validated,88.83077590242321,2300.406325656077,False
0.5,S2a,41.7908422995491,51.07769614389335,280.61052352890493,conditional_source_only_not_network_or_full_range_validated,92.86853844344245,2300.4063256560776,False
0.5,S2a,43.60783544300776,53.298465541453936,279.9285466375927,conditional_source_only_not_network_or_full_range_validated,96.9063009844617,2300.406325656077,False
0.5,S2a,45.4248285864664,55.51923493901451,279.249298761207,conditional_source_only_not_network_or_full_range_validated,100.94406352548091,2300.4063256560776,False
0.5,S2a,47.24182172992506,57.74000433657508,278.5727798997478,conditional_source_only_not_network_or_full_range_validated,104.98182606650013,2300.406325656077,False
0.5,S2a,49.05881487338373,59.96077373413567,277.8989900532152,conditional_source_only_not_network_or_full_range_validated,109.01958860751941,2300.4063256560776,False
0.5,S2a,50.87580801684238,62.18154313169625,277.22792922160903,conditional_source_only_not_network_or_full_range_validated,113.05735114853863,2300.406325656077,False
0.5,S2a,52.69280116030104,64.40231252925683,276.55959740492943,conditional_source_only_not_network_or_full_range_validated,117.09511368955788,2300.4063256560776,False
0.5,S2a,54.50979430375969,66.6230819268174,275.8939946031764,conditional_source_only_not_network_or_full_range_validated,121.1328762305771,2300.4063256560776,False
0.5,S2a,56.32678744721834,68.843851324378,275.2311208163499,conditional_source_only_not_network_or_full_range_validated,125.17063877159633,2300.4063256560776,False
0.5,S2a,58.143780590677,71.06462072193857,274.57097604444994,conditional_source_only_not_network_or_full_range_validated,129.20840131261556,2300.406325656077,False
0.5,S2a,59.96077373413566,73.28539011949916,273.91356028747646,conditional_source_only_not_network_or_full_range_validated,133.2461638536348,2300.406325656077,False
0.5,S2a,61.77776687759432,75.50615951705974,273.25887354542954,conditional_source_only_not_network_or_full_range_validated,137.28392639465406,2300.406325656077,False
0.5,S2a,63.59476002105297,77.72692891462032,272.6069158183092,conditional_source_only_not_network_or_full_range_validated,141.32168893567328,2300.406325656077,False
0.5,S2a,65.41175316451164,79.94769831218089,271.9576871061153,conditional_source_only_not_network_or_full_range_validated,145.35945147669253,2300.406325656077,False
0.5,S2a,67.22874630797028,82.16846770974146,271.311187408848,conditional_source_only_not_network_or_full_range_validated,149.39721401771175,2300.406325656077,False
0.5,S2a,69.04573945142894,84.38923710730205,270.6674167265072,conditional_source_only_not_network_or_full_range_validated,153.434976558731,2300.406325656077,False
0.5,S2a,70.8627325948876,86.61000650486264,270.02637505909297,conditional_source_only_not_network_or_full_range_validated,157.47273909975024,2300.406325656077,False
0.5,S2a,72.67972573834625,88.83077590242321,269.38806240660523,conditional_source_only_not_network_or_full_range_validated,161.51050164076946,2300.406325656077,False
0.5,S2a,1.712603823393592,2.3170522316501545,296.3167261774117,conditional_source_only_not_network_or_full_range_validated,4.029656055043747,2296.646065112014,False
0.5,S2a,3.425207646787184,4.634104463300309,295.5869713443498,conditional_source_only_not_network_or_full_range_validated,8.059312110087493,2296.646065112014,False
0.5,S2a,5.137811470180776,6.951156694950464,294.85993564962405,conditional_source_only_not_network_or_full_range_validated,12.088968165131242,2296.646065112014,False
0.5,S2a,6.850415293574368,9.268208926600618,294.1356190932342,conditional_source_only_not_network_or_full_range_validated,16.118624220174986,2296.646065112014,False
0.5,S2a,8.56301911696796,11.585261158250772,293.4140216751805,conditional_source_only_not_network_or_full_range_validated,20.14828027521873,2296.646065112014,False
0.5,S2a,10.275622940361552,13.902313389900929,292.6951433954627,conditional_source_only_not_network_or_full_range_validated,24.177936330262483,2296.646065112014,False
0.5,S2a,11.988226763755144,16.219365621551084,291.978984254081,conditional_source_only_not_network_or_full_range_validated,28.207592385306228,2296.646065112014,False
0.5,S2a,13.700830587148737,18.53641785320124,291.2655442510353,conditional_source_only_not_network_or_full_range_validated,32.23724844034997,2296.6460651120137,False
0.5,S2a,15.413434410542328,20.85347008485139,290.5548233863257,conditional_source_only_not_network_or_full_range_validated,36.26690449539372,2296.646065112014,False
0.5,S2a,17.12603823393592,23.170522316501543,289.84682165995207,conditional_source_only_not_network_or_full_range_validated,40.29656055043746,2296.646065112014,False
0.5,S2a,18.838642057329512,25.487574548151706,289.1415390719145,conditional_source_only_not_network_or_full_range_validated,44.32621660548122,2296.646065112014,False
0.5,S2a,20.551245880723105,27.80462677980185,288.43897562221287,conditional_source_only_not_network_or_full_range_validated,48.35587266052495,2296.646065112014,False
0.5,S2a,22.26384970411669,30.12167901145201,287.73913131084737,conditional_source_only_not_network_or_full_range_validated,52.3855287155687,2296.6460651120137,False
0.5,S2a,23.97645352751029,32.43873124310217,287.04200613781785,conditional_source_only_not_network_or_full_range_validated,56.415184770612456,2296.6460651120137,False
0.5,S2a,25.68905735090388,34.75578347475231,286.3476001031244,conditional_source_only_not_network_or_full_range_validated,60.44484082565619,2296.646065112014,False
0.5,S2a,27.401661174297477,37.07283570640247,285.65591320676685,conditional_source_only_not_network_or_full_range_validated,64.47449688069995,2296.646065112014,False
0.5,S2a,29.114264997691063,39.389887938052624,284.9669454487455,conditional_source_only_not_network_or_full_range_validated,68.50415293574369,2296.646065112014,False
0.5,S2a,30.826868821084656,41.70694016970278,284.28069682906005,conditional_source_only_not_network_or_full_range_validated,72.53380899078743,2296.646065112014,False
0.5,S2a,32.539472644478245,44.023992401352935,283.5971673477107,conditional_source_only_not_network_or_full_range_validated,76.56346504583118,2296.646065112014,False
0.5,S2a,34.25207646787184,46.34104463300309,282.9163570046973,conditional_source_only_not_network_or_full_range_validated,80.59312110087492,2296.646065112014,False
0.5,S2a,35.96468029126543,48.65809686465324,282.23826580002003,conditional_source_only_not_network_or_full_range_validated,84.62277715591867,2296.646065112014,False
0.5,S2a,37.677284114659024,50.97514909630341,281.56289373367866,conditional_source_only_not_network_or_full_range_validated,88.65243321096244,2296.646065112014,False
0.5,S2a,39.38988793805262,53.29220132795356,280.89024080567344,conditional_source_only_not_network_or_full_range_validated,92.68208926600619,2296.6460651120146,False
0.5,S2a,41.10249176144621,55.60925355960371,280.22030701600414,conditional_source_only_not_network_or_full_range_validated,96.71174532104992,2296.646065112014,False
0.5,S2a,42.8150955848398,57.92630579125385,279.553092364671,conditional_source_only_not_network_or_full_range_validated,100.74140137609365,2296.646065112014,False
0.5,S2a,44.52769940823339,60.24335802290402,278.8885968516737,conditional_source_only_not_network_or_full_range_validated,104.77105743113741,2296.646065112014,False
0.5,S2a,46.24030323162698,62.56041025455417,278.2268204770126,conditional_source_only_not_network_or_full_range_validated,108.80071348618115,2296.646065112014,False
0.5,S2a,47.95290705502058,64.87746248620434,277.56776324068744,conditional_source_only_not_network_or_full_range_validated,112.83036954122491,2296.6460651120137,False
0.5,S2a,49.665510878414175,67.19451471785449,276.9114251426984,conditional_source_only_not_network_or_full_range_validated,116.86002559626866,2296.6460651120137,False
0.5,S2a,51.37811470180775,69.51156694950463,276.25780618304526,conditional_source_only_not_network_or_full_range_validated,120.88968165131237,2296.646065112014,False
0.5,S2a,53.09071852520135,71.82861918115478,275.60690636172825,conditional_source_only_not_network_or_full_range_validated,124.91933770635613,2296.646065112014,False
0.5,S2a,54.80332234859495,74.14567141280494,274.9587256787472,conditional_source_only_not_network_or_full_range_validated,128.9489937613999,2296.646065112014,False
0.5,S2a,56.51592617198854,76.4627236444551,274.3132641341022,conditional_source_only_not_network_or_full_range_validated,132.97864981644364,2296.646065112014,False
0.5,S2a,58.228529995382125,78.77977587610525,273.6705217277932,conditional_source_only_not_network_or_full_range_validated,137.00830587148738,2296.646065112014,False
0.5,S2a,59.94113381877572,81.0968281077554,273.0304984598203,conditional_source_only_not_network_or_full_range_validated,141.03796192653112,2296.646065112014,False
0.5,S2a,61.65373764216931,83.41388033940557,272.3931943301833,conditional_source_only_not_network_or_full_range_validated,145.06761798157487,2296.646065112014,False
0.5,S2a,63.3663414655629,85.73093257105572,271.7586093388825,conditional_source_only_not_network_or_full_range_validated,149.09727403661861,2296.646065112014,False
0.5,S2a,65.07894528895649,88.04798480270587,271.1267434859176,conditional_source_only_not_network_or_full_range_validated,153.12693009166236,2296.646065112014,False
0.5,S2a,66.79154911235008,90.36503703435602,270.4975967712888,conditional_source_only_not_network_or_full_range_validated,157.1565861467061,2296.646065112014,False
0.5,S2a,68.50415293574368,92.68208926600616,269.871169194996,conditional_source_only_not_network_or_full_range_validated,161.18624220174985,2296.646065112014,False
0.5,S2a,1.6086328216445445,2.4129492324668176,296.32895227197514,conditional_source_only_not_network_or_full_range_validated,4.021582054111362,2292.898077603628,False
0.5,S2a,3.217265643289089,4.825898464933635,295.6114237001576,conditional_source_only_not_network_or_full_range_validated,8.043164108222724,2292.898077603628,False
0.5,S2a,4.825898464933633,7.238847697400454,294.89661443335666,conditional_source_only_not_network_or_full_range_validated,12.064746162334087,2292.8980776036283,False
0.5,S2a,6.434531286578178,9.65179692986727,294.18452447157244,conditional_source_only_not_network_or_full_range_validated,16.086328216445448,2292.898077603628,False
0.5,S2a,8.04316410822272,12.064746162334089,293.4751538148051,conditional_source_only_not_network_or_full_range_validated,20.107910270556808,2292.898077603628,False
0.5,S2a,9.651796929867269,14.477695394800907,292.76850246305435,conditional_source_only_not_network_or_full_range_validated,24.129492324668178,2292.8980776036283,False
0.5,S2a,11.260429751511811,16.890644627267722,292.06457041632046,conditional_source_only_not_network_or_full_range_validated,28.151074378779533,2292.898077603628,False
0.5,S2a,12.869062573156356,19.30359385973454,291.3633576746032,conditional_source_only_not_network_or_full_range_validated,32.172656432890896,2292.898077603628,False
0.5,S2a,14.477695394800898,21.71654309220136,290.6648642379027,conditional_source_only_not_network_or_full_range_validated,36.19423848700226,2292.898077603628,False
0.5,S2a,16.08632821644544,24.12949232466817,289.96909010621897,conditional_source_only_not_network_or_full_range_validated,40.215820541113615,2292.8980776036283,False
0.5,S2a,17.694961038089986,26.542441557134996,289.27603527955193,conditional_source_only_not_network_or_full_range_validated,44.23740259522498,2292.898077603628,False
0.5,S2a,19.303593859734534,28.95539078960181,288.58569975790164,conditional_source_only_not_network_or_full_range_validated,48.25898464933634,2292.898077603628,False
0.5,S2a,20.91222668137908,31.368340022068622,287.89808354126814,conditional_source_only_not_network_or_full_range_validated,52.280566703447704,2292.898077603628,False
0.5,S2a,22.520859503023622,33.781289254535444,287.2131866296513,conditional_source_only_not_network_or_full_range_validated,56.30214875755907,2292.898077603628,False
0.5,S2a,24.129492324668163,36.19423848700226,286.53100902305124,conditional_source_only_not_network_or_full_range_validated,60.32373081167042,2292.8980776036283,False
0.5,S2a,25.73812514631271,38.60718771946908,285.8515507214679,conditional_source_only_not_network_or_full_range_validated,64.34531286578179,2292.898077603628,False
0.5,S2a,27.346757967957256,41.020136951935896,285.1748117249013,conditional_source_only_not_network_or_full_range_validated,68.36689491989316,2292.898077603628,False
0.5,S2a,28.9553907896018,43.43308618440271,284.5007920333514,conditional_source_only_not_network_or_full_range_validated,72.3884769740045,2292.898077603628,False
0.5,S2a,30.56402361124634,45.846035416869526,283.82949164681827,conditional_source_only_not_network_or_full_range_validated,76.41005902811587,2292.8980776036283,False
0.5,S2a,32.17265643289088,48.25898464933635,283.1609105653019,conditional_source_only_not_network_or_full_range_validated,80.43164108222723,2292.898077603628,False
0.5,S2a,33.78128925453543,50.67193388180316,282.49504878880225,conditional_source_only_not_network_or_full_range_validated,84.4532231363386,2292.8980776036283,False
0.5,S2a,35.38992207617997,53.08488311426999,281.8319063173193,conditional_source_only_not_network_or_full_range_validated,88.47480519044996,2292.898077603628,False
0.5,S2a,36.99855489782452,55.4978323467368,281.1714831508531,conditional_source_only_not_network_or_full_range_validated,92.49638724456132,2292.898077603628,False
0.5,S2a,38.60718771946907,57.91078157920363,280.51377928940366,conditional_source_only_not_network_or_full_range_validated,96.5179692986727,2292.8980776036283,False
0.5,S2a,40.2158205411136,60.32373081167043,279.85879473297086,conditional_source_only_not_network_or_full_range_validated,100.53955135278403,2292.898077603628,False
0.5,S2a,41.82445336275816,62.73668004413725,279.20652948155487,conditional_source_only_not_network_or_full_range_validated,104.56113340689541,2292.898077603628,False
0.5,S2a,43.4330861844027,65.14962927660407,278.55698353515567,conditional_source_only_not_network_or_full_range_validated,108.58271546100677,2292.898077603628,False
0.5,S2a,45.041719006047245,67.56257850907089,277.9101568937731,conditional_source_only_not_network_or_full_range_validated,112.60429751511813,2292.898077603628,False
0.5,S2a,46.650351827691786,69.9755277415377,277.26604955740726,conditional_source_only_not_network_or_full_range_validated,116.62587956922948,2292.898077603628,False
0.5,S2a,48.25898464933633,72.38847697400452,276.6246615260583,conditional_source_only_not_network_or_full_range_validated,120.64746162334085,2292.8980776036283,False
0.5,S2a,49.86761747098088,74.80142620647133,275.9859927997259,conditional_source_only_not_network_or_full_range_validated,124.66904367745221,2292.898077603628,False
0.5,S2a,51.47625029262542,77.21437543893816,275.3500433784104,conditional_source_only_not_network_or_full_range_validated,128.69062573156359,2292.898077603628,False
0.5,S2a,53.08488311426997,79.62732467140498,274.7168132621115,conditional_source_only_not_network_or_full_range_validated,132.71220778567493,2292.898077603628,False
0.5,S2a,54.69351593591451,82.04027390387179,274.0863024508293,conditional_source_only_not_network_or_full_range_validated,136.7337898397863,2292.898077603628,False
0.5,S2a,56.30214875755905,84.45322313633861,273.458510944564,conditional_source_only_not_network_or_full_range_validated,140.75537189389766,2292.898077603628,False
0.5,S2a,57.9107815792036,86.86617236880542,272.83343874331536,conditional_source_only_not_network_or_full_range_validated,144.776953948009,2292.898077603628,False
0.5,S2a,59.51941440084814,89.27912160127225,272.2110858470834,conditional_source_only_not_network_or_full_range_validated,148.7985360021204,2292.898077603628,False
0.5,S2a,61.12804722249268,91.69207083373904,271.59145225586826,conditional_source_only_not_network_or_full_range_validated,152.8201180562317,2292.898077603628,False
0.5,S2a,62.73668004413723,94.10502006620588,270.97453796966977,conditional_source_only_not_network_or_full_range_validated,156.8417001103431,2292.898077603628,False
0.5,S2a,64.34531286578176,96.5179692986727,270.36034298848807,conditional_source_only_not_network_or_full_range_validated,160.86328216445446,2292.898077603628,False
0.5,S2a,1.5050776287551413,2.508462714591902,296.341134432896,conditional_source_only_not_network_or_full_range_validated,4.013540343347043,2289.162303142261,False
0.5,S2a,3.0101552575102826,5.016925429183804,295.635798111811,conditional_source_only_not_network_or_full_range_validated,8.027080686694086,2289.162303142261,False
0.5,S2a,4.515232886265424,7.525388143775706,294.93319118555473,conditional_source_only_not_network_or_full_range_validated,12.04062103004113,2289.1623031422605,False
0.5,S2a,6.020310515020565,10.033850858367607,294.23331365412696,conditional_source_only_not_network_or_full_range_validated,16.054161373388173,2289.162303142261,False
0.5,S2a,7.5253881437757055,12.54231357295951,293.5361655175279,conditional_source_only_not_network_or_full_range_validated,20.067701716735215,2289.1623031422605,False
0.5,S2a,9.030465772530848,15.050776287551413,292.8417467757574,conditional_source_only_not_network_or_full_range_validated,24.08124206008226,2289.1623031422605,False
0.5,S2a,10.535543401285988,17.559239002143315,292.15005742881544,conditional_source_only_not_network_or_full_range_validated,28.094782403429303,2289.1623031422605,False
0.5,S2a,12.04062103004113,20.06770171673521,291.4610974767021,conditional_source_only_not_network_or_full_range_validated,32.10832274677634,2289.1623031422605,False
0.5,S2a,13.545698658796272,22.57616443132712,290.7748669194175,conditional_source_only_not_network_or_full_range_validated,36.12186309012339,2289.1623031422605,False
0.5,S2a,15.050776287551413,25.08462714591902,290.0913657569613,conditional_source_only_not_network_or_full_range_validated,40.13540343347043,2289.1623031422605,False
0.5,S2a,16.555853916306553,27.59308986051092,289.41059398933385,conditional_source_only_not_network_or_full_range_validated,44.148943776817475,2289.162303142261,False
0.5,S2a,18.060931545061692,30.101552575102826,288.732551616535,conditional_source_only_not_network_or_full_range_validated,48.16248412016452,2289.1623031422605,False
0.5,S2a,19.566009173816838,32.61001528969472,288.0572386385647,conditional_source_only_not_network_or_full_range_validated,52.17602446351156,2289.162303142261,False
0.5,S2a,21.071086802571976,35.11847800428663,287.384655055423,conditional_source_only_not_network_or_full_range_validated,56.189564806858606,2289.1623031422605,False
0.5,S2a,22.576164431327115,37.62694071887853,286.71480086710994,conditional_source_only_not_network_or_full_range_validated,60.203105150205644,2289.1623031422605,False
0.5,S2a,24.08124206008226,40.13540343347043,286.0476760736255,conditional_source_only_not_network_or_full_range_validated,64.21664549355269,2289.162303142261,False
0.5,S2a,25.5863196888374,42.64386614806234,285.3832806749697,conditional_source_only_not_network_or_full_range_validated,68.23018583689974,2289.1623031422605,False
0.5,S2a,27.091397317592545,45.15232886265424,284.7216146711424,conditional_source_only_not_network_or_full_range_validated,72.24372618024678,2289.1623031422605,False
0.5,S2a,28.596474946347683,47.660791577246144,284.0626780621438,conditional_source_only_not_network_or_full_range_validated,76.25726652359383,2289.162303142261,False
0.5,S2a,30.101552575102826,50.16925429183804,283.4064708479737,conditional_source_only_not_network_or_full_range_validated,80.27080686694086,2289.1623031422605,False
0.5,S2a,31.606630203857964,52.67771700642994,282.75299302863226,conditional_source_only_not_network_or_full_range_validated,84.2843472102879,2289.162303142261,False
0.5,S2a,33.11170783261311,55.18617972102184,282.1022446041195,conditional_source_only_not_network_or_full_range_validated,88.29788755363495,2289.162303142261,False
0.5,S2a,34.61678546136825,57.694642435613744,281.4542255744352,conditional_source_only_not_network_or_full_range_validated,92.311427896982,2289.162303142261,False
0.5,S2a,36.12186309012339,60.20310515020565,280.8089359395796,conditional_source_only_not_network_or_full_range_validated,96.32496824032904,2289.1623031422605,False
0.5,S2a,37.62694071887853,62.71156786479754,280.16637569955265,conditional_source_only_not_network_or_full_range_validated,100.33850858367606,2289.1623031422605,False
0.5,S2a,39.13201834763367,65.22003057938944,279.5265448543542,conditional_source_only_not_network_or_full_range_validated,104.3520489270231,2289.1623031422605,False
0.5,S2a,40.637095976388814,67.72849329398136,278.88944340398444,conditional_source_only_not_network_or_full_range_validated,108.36558927037018,2289.162303142261,False
0.5,S2a,42.14217360514395,70.23695600857326,278.2550713484432,conditional_source_only_not_network_or_full_range_validated,112.37912961371721,2289.1623031422605,False
0.5,S2a,43.6472512338991,72.74541872316516,277.6234286877306,conditional_source_only_not_network_or_full_range_validated,116.39266995706426,2289.16230314226,False
0.5,S2a,45.15232886265423,75.25388143775706,276.99451542184664,conditional_source_only_not_network_or_full_range_validated,120.40621030041129,2289.1623031422605,False
0.5,S2a,46.657406491409375,77.76234415234896,276.36833155079125,conditional_source_only_not_network_or_full_range_validated,124.41975064375833,2289.162303142261,False
0.5,S2a,48.16248412016452,80.27080686694086,275.7448770745645,conditional_source_only_not_network_or_full_range_validated,128.43329098710538,2289.162303142261,False
0.5,S2a,49.66756174891966,82.77926958153276,275.1241519931664,conditional_source_only_not_network_or_full_range_validated,132.44683133045243,2289.162303142261,False
0.5,S2a,51.1726393776748,85.28773229612467,274.5061563065968,conditional_source_only_not_network_or_full_range_validated,136.46037167379947,2289.1623031422605,False
0.5,S2a,52.67771700642994,87.79619501071657,273.8908900148558,conditional_source_only_not_network_or_full_range_validated,140.47391201714652,2289.1623031422605,False
0.5,S2a,54.18279463518509,90.30465772530847,273.2783531179434,conditional_source_only_not_network_or_full_range_validated,144.48745236049356,2289.1623031422605,False
0.5,S2a,55.68787226394023,92.8131204399004,272.6685456158597,conditional_source_only_not_network_or_full_range_validated,148.50099270384064,2289.1623031422605,False
0.5,S2a,57.19294989269537,95.32158315449227,272.0614675086046,conditional_source_only_not_network_or_full_range_validated,152.51453304718763,2289.162303142261,False
0.5,S2a,58.69802752145051,97.8300458690842,271.457118796178,conditional_source_only_not_network_or_full_range_validated,156.5280733905347,2289.1623031422605,False
0.5,S2a,60.20310515020565,100.33850858367607,270.8554994785801,conditional_source_only_not_network_or_full_range_validated,160.54161373388172,2289.1623031422605,False
0.5,S2a,1.4019357553009757,2.603594974130384,296.3532728935551,conditional_source_only_not_network_or_full_range_validated,4.00553072943136,2285.4386821295707,False
0.5,S2a,2.8038715106019514,5.207189948260767,295.66009492736833,conditional_source_only_not_network_or_full_range_validated,8.011061458862718,2285.438682129571,False
0.5,S2a,4.205807265902927,7.810784922391151,294.96966625024936,conditional_source_only_not_network_or_full_range_validated,12.016592188294078,2285.438682129571,False
0.5,S2a,5.607743021203903,10.414379896521536,294.2819868621981,conditional_source_only_not_network_or_full_range_validated,16.02212291772544,2285.4386821295707,False
0.5,S2a,7.009678776504877,13.017974870651916,293.59705676321465,conditional_source_only_not_network_or_full_range_validated,20.027653647156793,2285.438682129571,False
0.5,S2a,8.411614531805855,15.621569844782302,292.9148759532989,conditional_source_only_not_network_or_full_range_validated,24.033184376588157,2285.438682129571,False
0.5,S2a,9.813550287106828,18.225164818912685,292.235444432451,conditional_source_only_not_network_or_full_range_validated,28.038715106019513,2285.4386821295707,False
0.5,S2a,11.215486042407806,20.82875979304307,291.5587622006708,conditional_source_only_not_network_or_full_range_validated,32.04424583545087,2285.438682129571,False
0.5,S2a,12.61742179770878,23.43235476717345,290.8848292579584,conditional_source_only_not_network_or_full_range_validated,36.04977656488223,2285.438682129571,False
0.5,S2a,14.019357553009757,26.03594974130383,290.2136456043137,conditional_source_only_not_network_or_full_range_validated,40.055307294313586,2285.43868212957,False
0.5,S2a,15.421293308310732,28.63954471543422,289.5452112397367,conditional_source_only_not_network_or_full_range_validated,44.06083802374495,2285.438682129571,False
0.5,S2a,16.82322906361171,31.243139689564604,288.8795261642275,conditional_source_only_not_network_or_full_range_validated,48.06636875317631,2285.438682129571,False
0.5,S2a,18.22516481891268,33.84673466369498,288.2165903777861,conditional_source_only_not_network_or_full_range_validated,52.07189948260766,2285.4386821295707,False
0.5,S2a,19.627100574213657,36.45032963782537,287.5564038804124,conditional_source_only_not_network_or_full_range_validated,56.077430212039026,2285.4386821295707,False
0.5,S2a,21.02903632951463,39.05392461195574,286.8989666721065,conditional_source_only_not_network_or_full_range_validated,60.082960941470375,2285.438682129571,False
0.5,S2a,22.43097208481561,41.65751958608614,286.2442787528683,conditional_source_only_not_network_or_full_range_validated,64.08849167090175,2285.438682129571,False
0.5,S2a,23.832907840116583,44.26111456021652,285.59234012269786,conditional_source_only_not_network_or_full_range_validated,68.0940224003331,2285.438682129571,False
0.5,S2a,25.23484359541756,46.8647095343469,284.9431507815952,conditional_source_only_not_network_or_full_range_validated,72.09955312976446,2285.438682129571,False
0.5,S2a,26.63677935071853,49.46830450847728,284.2967107295603,conditional_source_only_not_network_or_full_range_validated,76.10508385919582,2285.4386821295707,False
0.5,S2a,28.03871510601951,52.07189948260766,283.6530199665931,conditional_source_only_not_network_or_full_range_validated,80.11061458862717,2285.438682129571,False
0.5,S2a,29.44065086132048,54.67549445673804,283.0120784926937,conditional_source_only_not_network_or_full_range_validated,84.11614531805853,2285.438682129571,False
0.5,S2a,30.842586616621464,57.27908943086844,282.37388630786205,conditional_source_only_not_network_or_full_range_validated,88.1216760474899,2285.438682129571,False
0.5,S2a,32.24452237192244,59.88268440499882,281.7384434120981,conditional_source_only_not_network_or_full_range_validated,92.12720677692127,2285.438682129571,False
0.5,S2a,33.64645812722342,62.48627937912921,281.105749805402,conditional_source_only_not_network_or_full_range_validated,96.13273750635263,2285.438682129571,False
0.5,S2a,35.04839388252439,65.08987435325959,280.4758054877736,conditional_source_only_not_network_or_full_range_validated,100.13826823578398,2285.438682129571,False
0.5,S2a,36.45032963782536,67.69346932738996,279.848610459213,conditional_source_only_not_network_or_full_range_validated,104.14379896521532,2285.4386821295707,False
0.5,S2a,37.85226539312634,70.29706430152035,279.22416471972,conditional_source_only_not_network_or_full_range_validated,108.1493296946467,2285.438682129571,False
0.5,S2a,39.25420114842731,72.90065927565074,278.6024682692949,conditional_source_only_not_network_or_full_range_validated,112.15486042407805,2285.4386821295707,False
0.5,S2a,40.65613690372829,75.50425424978111,277.9835211079376,conditional_source_only_not_network_or_full_range_validated,116.16039115350941,2285.438682129571,False
0.5,S2a,42.05807265902926,78.10784922391149,277.3673232356479,conditional_source_only_not_network_or_full_range_validated,120.16592188294075,2285.438682129571,False
0.5,S2a,43.46000841433024,80.71144419804187,276.753874652426,conditional_source_only_not_network_or_full_range_validated,124.17145261237212,2285.438682129571,False
0.5,S2a,44.86194416963122,83.31503917217228,276.1431753582719,conditional_source_only_not_network_or_full_range_validated,128.1769833418035,2285.438682129571,False
0.5,S2a,46.26387992493219,85.91863414630265,275.5352253531855,conditional_source_only_not_network_or_full_range_validated,132.18251407123483,2285.43868212957,False
0.5,S2a,47.665815680233166,88.52222912043304,274.93002463716687,conditional_source_only_not_network_or_full_range_validated,136.1880448006662,2285.438682129571,False
0.5,S2a,49.06775143553414,91.1258240945634,274.32757321021603,conditional_source_only_not_network_or_full_range_validated,140.19357553009755,2285.438682129571,False
0.5,S2a,50.46968719083512,93.7294190686938,273.72787107233296,conditional_source_only_not_network_or_full_range_validated,144.19910625952892,2285.438682129571,False
0.5,S2a,51.8716229461361,96.3330140428242,273.13091822351754,conditional_source_only_not_network_or_full_range_validated,148.20463698896032,2285.4386821295716,False
0.5,S2a,53.27355870143707,98.93660901695456,272.53671466377,conditional_source_only_not_network_or_full_range_validated,152.21016771839163,2285.4386821295707,False
0.5,S2a,54.67549445673805,101.54020399108497,271.9452603930901,conditional_source_only_not_network_or_full_range_validated,156.215698447823,2285.4386821295707,False
0.5,S2a,56.07743021203902,104.14379896521532,271.35655541147804,conditional_source_only_not_network_or_full_range_validated,160.22122917725434,2285.438682129571,False
0.5,S2a,1.2992047316901227,2.698348288894871,296.36536788570976,conditional_source_only_not_network_or_full_range_validated,3.9975530205849936,2281.727155354366,False
0.5,S2a,2.598409463380245,5.396696577789742,295.68431449305734,conditional_source_only_not_network_or_full_range_validated,7.995106041169986,2281.727155354366,False
0.5,S2a,3.897614195070369,8.095044866684614,295.00603997085244,conditional_source_only_not_network_or_full_range_validated,11.992659061754983,2281.727155354366,False
0.5,S2a,5.196818926760491,10.793393155579484,294.3305443190948,conditional_source_only_not_network_or_full_range_validated,15.990212082339974,2281.727155354366,False
0.5,S2a,6.496023658450613,13.491741444474354,293.6578275377847,conditional_source_only_not_network_or_full_range_validated,19.987765102924968,2281.727155354366,False
0.5,S2a,7.795228390140738,16.190089733369227,292.987889626922,conditional_source_only_not_network_or_full_range_validated,23.985318123509966,2281.727155354366,False
0.5,S2a,9.09443312183086,18.888438022264097,292.32073058650667,conditional_source_only_not_network_or_full_range_validated,27.982871144094958,2281.727155354366,False
0.5,S2a,10.393637853520982,21.586786311158967,291.6563504165388,conditional_source_only_not_network_or_full_range_validated,31.98042416467995,2281.727155354366,False
0.5,S2a,11.692842585211103,24.28513460005384,290.9947491170183,conditional_source_only_not_network_or_full_range_validated,35.97797718526495,2281.7271553543665,False
0.5,S2a,12.992047316901226,26.983482888948707,290.3359266879452,conditional_source_only_not_network_or_full_range_validated,39.975530205849935,2281.727155354366,False
0.5,S2a,14.29125204859135,29.68183117784358,289.67988312931953,conditional_source_only_not_network_or_full_range_validated,43.97308322643493,2281.7271553543656,False
0.5,S2a,15.590456780281476,32.380179466738454,289.02661844114124,conditional_source_only_not_network_or_full_range_validated,47.97063624701993,2281.727155354366,False
0.5,S2a,16.889661511971596,35.078527755633324,288.3761326234104,conditional_source_only_not_network_or_full_range_validated,51.96818926760492,2281.727155354366,False
0.5,S2a,18.18886624366172,37.776876044528194,287.7284256761269,conditional_source_only_not_network_or_full_range_validated,55.965742288189915,2281.727155354366,False
0.5,S2a,19.48807097535184,40.47522433342306,287.0834975992909,conditional_source_only_not_network_or_full_range_validated,59.963295308774896,2281.727155354366,False
0.5,S2a,20.787275707041964,43.173572622317934,286.4413483929022,conditional_source_only_not_network_or_full_range_validated,63.9608483293599,2281.727155354366,False
0.5,S2a,22.08648043873209,45.8719209112128,285.80197805696105,conditional_source_only_not_network_or_full_range_validated,67.9584013499449,2281.727155354366,False
0.5,S2a,23.385685170422207,48.57026920010768,285.1653865914672,conditional_source_only_not_network_or_full_range_validated,71.9559543705299,2281.7271553543665,False
0.5,S2a,24.68488990211233,51.26861748900255,284.5315739964209,conditional_source_only_not_network_or_full_range_validated,75.95350739111488,2281.7271553543656,False
0.5,S2a,25.984094633802453,53.96696577789741,283.90054027182185,conditional_source_only_not_network_or_full_range_validated,79.95106041169986,2281.7271553543656,False
0.5,S2a,27.28329936549258,56.66531406679229,283.27228541767033,conditional_source_only_not_network_or_full_range_validated,83.94861343228487,2281.727155354366,False
0.5,S2a,28.5825040971827,59.36366235568716,282.6468094339661,conditional_source_only_not_network_or_full_range_validated,87.94616645286986,2281.7271553543656,False
0.5,S2a,29.881708828872828,62.06201064458204,282.0241123207094,conditional_source_only_not_network_or_full_range_validated,91.94371947345486,2281.727155354366,False
0.5,S2a,31.180913560562956,64.76035893347691,281.4041940779,conditional_source_only_not_network_or_full_range_validated,95.94127249403986,2281.727155354366,False
0.5,S2a,32.48011829225307,67.45870722237177,280.78705470553814,conditional_source_only_not_network_or_full_range_validated,99.93882551462484,2281.727155354366,False
0.5,S2a,33.77932302394319,70.15705551126665,280.1726942036236,conditional_source_only_not_network_or_full_range_validated,103.93637853520984,2281.727155354366,False
0.5,S2a,35.07852775563332,72.85540380016151,279.5611125721565,conditional_source_only_not_network_or_full_range_validated,107.93393155579483,2281.7271553543656,False
0.5,S2a,36.37773248732344,75.55375208905639,278.95230981113684,conditional_source_only_not_network_or_full_range_validated,111.93148457637983,2281.727155354366,False
0.5,S2a,37.67693721901357,78.25210037795127,278.3462859205645,conditional_source_only_not_network_or_full_range_validated,115.92903759696483,2281.727155354366,False
0.5,S2a,38.976141950703685,80.95044866684613,277.74304090043967,conditional_source_only_not_network_or_full_range_validated,119.9265906175498,2281.727155354366,False
0.5,S2a,40.27534668239381,83.648796955741,277.1425747507621,conditional_source_only_not_network_or_full_range_validated,123.92414363813481,2281.7271553543656,False
0.5,S2a,41.57455141408393,86.34714524463587,276.5448874715321,conditional_source_only_not_network_or_full_range_validated,127.9216966587198,2281.727155354366,False
0.5,S2a,42.873756145774045,89.04549353353073,275.94997906274943,conditional_source_only_not_network_or_full_range_validated,131.91924967930478,2281.727155354366,False
0.5,S2a,44.17296087746418,91.7438418224256,275.35784952441423,conditional_source_only_not_network_or_full_range_validated,135.9168026998898,2281.727155354366,False
0.5,S2a,45.47216560915429,94.44219011132049,274.7684988565264,conditional_source_only_not_network_or_full_range_validated,139.91435572047476,2281.7271553543656,False
0.5,S2a,46.77137034084441,97.14053840021536,274.18192705908604,conditional_source_only_not_network_or_full_range_validated,143.9119087410598,2281.7271553543665,False
0.5,S2a,48.07057507253454,99.83888668911024,273.598134132093,conditional_source_only_not_network_or_full_range_validated,147.90946176164476,2281.7271553543656,False
0.5,S2a,49.36977980422467,102.5372349780051,273.01712007554744,conditional_source_only_not_network_or_full_range_validated,151.90701478222977,2281.7271553543656,False
0.5,S2a,50.6689845359148,105.23558326689998,272.4388848894492,conditional_source_only_not_network_or_full_range_validated,155.90456780281477,2281.7271553543656,False
0.5,S2a,51.968189267604906,107.93393155579484,271.86342857379844,conditional_source_only_not_network_or_full_range_validated,159.90212082339974,2281.7271553543656,False
0.5,S2a,1.1968821079660323,2.792724918587409,296.3774196395077,conditional_source_only_not_network_or_full_range_validated,3.9896070265534416,2278.0276639894623,False
0.5,S2a,2.3937642159320647,5.585449837174819,295.708457153285,conditional_source_only_not_network_or_full_range_validated,7.979214053106883,2278.0276639894623,False
0.5,S2a,3.5906463238980977,8.378174755762231,295.0423126901416,conditional_source_only_not_network_or_full_range_validated,11.968821079660328,2278.0276639894623,False
0.5,S2a,4.787528431864129,11.170899674349638,294.3789862500772,conditional_source_only_not_network_or_full_range_validated,15.958428106213766,2278.0276639894623,False
0.5,S2a,5.9844105398301615,13.963624592937048,293.71847783309204,conditional_source_only_not_network_or_full_range_validated,19.94803513276721,2278.027663989463,False
0.5,S2a,7.181292647796195,16.756349511524462,293.060787439186,conditional_source_only_not_network_or_full_range_validated,23.937642159320657,2278.0276639894623,False
0.5,S2a,8.378174755762227,19.54907443011187,292.40591506835926,conditional_source_only_not_network_or_full_range_validated,27.927249185874096,2278.027663989463,False
0.5,S2a,9.57505686372826,22.34179934869928,291.7538607206116,conditional_source_only_not_network_or_full_range_validated,31.91685621242754,2278.027663989463,False
0.5,S2a,10.77193897169429,25.13452426728669,291.1046243959431,conditional_source_only_not_network_or_full_range_validated,35.906463238980976,2278.0276639894623,False
0.5,S2a,11.968821079660325,27.927249185874096,290.4582060943538,conditional_source_only_not_network_or_full_range_validated,39.89607026553442,2278.0276639894623,False
0.5,S2a,13.165703187626356,30.719974104461507,289.8146058158436,conditional_source_only_not_network_or_full_range_validated,43.88567729208786,2278.027663989463,False
0.5,S2a,14.36258529559239,33.512699023048924,289.17382356041264,conditional_source_only_not_network_or_full_range_validated,47.87528431864131,2278.0276639894623,False
0.5,S2a,15.559467403558422,36.30542394163633,288.53585932806084,conditional_source_only_not_network_or_full_range_validated,51.86489134519475,2278.027663989463,False
0.5,S2a,16.756349511524455,39.09814886022374,287.9007131187882,conditional_source_only_not_network_or_full_range_validated,55.85449837174819,2278.027663989463,False
0.5,S2a,17.953231619490484,41.89087377881114,287.2683849325947,conditional_source_only_not_network_or_full_range_validated,59.84410539830162,2278.027663989463,False
0.5,S2a,19.15011372745652,44.68359869739855,286.6388747694804,conditional_source_only_not_network_or_full_range_validated,63.83371242485507,2278.0276639894623,False
0.5,S2a,20.346995835422558,47.47632361598597,286.0121826294453,conditional_source_only_not_network_or_full_range_validated,67.82331945140852,2278.0276639894623,False
0.5,S2a,21.54387794338858,50.26904853457337,285.3883085124893,conditional_source_only_not_network_or_full_range_validated,71.81292647796195,2278.027663989463,False
0.5,S2a,22.740760051354613,53.06177345316078,284.76725241861254,conditional_source_only_not_network_or_full_range_validated,75.8025335045154,2278.027663989463,False
0.5,S2a,23.93764215932065,55.85449837174819,284.14901434781484,conditional_source_only_not_network_or_full_range_validated,79.79214053106884,2278.0276639894623,False
0.5,S2a,25.13452426728668,58.6472232903356,283.5335943000964,conditional_source_only_not_network_or_full_range_validated,83.78174755762228,2278.0276639894623,False
0.5,S2a,26.331406375252712,61.43994820892301,282.9209922754571,conditional_source_only_not_network_or_full_range_validated,87.77135458417573,2278.027663989463,False
0.5,S2a,27.528288483218745,64.23267312751042,282.311208273897,conditional_source_only_not_network_or_full_range_validated,91.76096161072917,2278.027663989463,False
0.5,S2a,28.72517059118478,67.02539804609785,281.70424229541607,conditional_source_only_not_network_or_full_range_validated,95.75056863728263,2278.0276639894623,False
0.5,S2a,29.92205269915081,69.81812296468524,281.1000943400142,conditional_source_only_not_network_or_full_range_validated,99.74017566383606,2278.027663989463,False
0.5,S2a,31.118934807116844,72.61084788327265,280.4987644076916,conditional_source_only_not_network_or_full_range_validated,103.7297826903895,2278.027663989463,False
0.5,S2a,32.31581691508288,75.40357280186007,279.90025249844814,conditional_source_only_not_network_or_full_range_validated,107.71938971694294,2278.027663989463,False
0.5,S2a,33.51269902304891,78.19629772044748,279.30455861228387,conditional_source_only_not_network_or_full_range_validated,111.70899674349639,2278.027663989463,False
0.5,S2a,34.70958113101494,80.98902263903489,278.7116827491988,conditional_source_only_not_network_or_full_range_validated,115.69860377004983,2278.0276639894623,False
0.5,S2a,35.90646323898097,83.78174755762228,278.1216249091928,conditional_source_only_not_network_or_full_range_validated,119.68821079660324,2278.027663989463,False
0.5,S2a,37.103345346947,86.57447247620969,277.53438509226606,conditional_source_only_not_network_or_full_range_validated,123.67781782315669,2278.0276639894623,False
0.5,S2a,38.30022745491304,89.3671973947971,276.9499632984184,conditional_source_only_not_network_or_full_range_validated,127.66742484971014,2278.0276639894623,False
0.5,S2a,39.49710956287908,92.15992231338451,276.36835952765,conditional_source_only_not_network_or_full_range_validated,131.6570318762636,2278.027663989463,False
0.5,S2a,40.69399167084511,94.95264723197194,275.7895737799607,conditional_source_only_not_network_or_full_range_validated,135.64663890281705,2278.027663989463,False
0.5,S2a,41.89087377881113,97.74537215055932,275.2136060553506,conditional_source_only_not_network_or_full_range_validated,139.63624592937043,2278.0276639894623,False
0.5,S2a,43.08775588677716,100.53809706914674,274.6404563538196,conditional_source_only_not_network_or_full_range_validated,143.6258529559239,2278.027663989463,False
0.5,S2a,44.28463799474319,103.33082198773415,274.0701246753679,conditional_source_only_not_network_or_full_range_validated,147.61545998247735,2278.027663989463,False
0.5,S2a,45.481520102709226,106.12354690632156,273.5026110199953,conditional_source_only_not_network_or_full_range_validated,151.6050670090308,2278.027663989463,False
0.5,S2a,46.67840221067527,108.916271824909,272.9379153877018,conditional_source_only_not_network_or_full_range_validated,155.59467403558426,2278.027663989463,False
0.5,S2a,47.87528431864129,111.7089967434964,272.3760377784876,conditional_source_only_not_network_or_full_range_validated,159.58428106213768,2278.0276639894623,False
0.5,S2a,1.0949654536127684,2.886727104979118,296.3894283835004,conditional_source_only_not_network_or_full_range_validated,3.9816925585918863,2274.340149588579,False
0.5,S2a,2.189930907225537,5.773454209958236,295.73252325064584,conditional_source_only_not_network_or_full_range_validated,7.963385117183773,2274.340149588579,False
0.5,S2a,3.2848963608383053,8.660181314937354,295.0784847502457,conditional_source_only_not_network_or_full_range_validated,11.945077675775659,2274.340149588579,False
0.5,S2a,4.379861814451074,11.546908419916472,294.42731288230016,conditional_source_only_not_network_or_full_range_validated,15.926770234367545,2274.340149588579,False
0.5,S2a,5.474827268063842,14.433635524895587,293.77900764680896,conditional_source_only_not_network_or_full_range_validated,19.90846279295943,2274.3401495885787,False
0.5,S2a,6.5697927216766105,17.320362629874708,293.1335690437724,conditional_source_only_not_network_or_full_range_validated,23.890155351551318,2274.340149588579,False
0.5,S2a,7.664758175289379,20.207089734853827,292.4909970731903,conditional_source_only_not_network_or_full_range_validated,27.871847910143206,2274.340149588579,False
0.5,S2a,8.759723628902147,23.093816839832943,291.85129173506266,conditional_source_only_not_network_or_full_range_validated,31.85354046873509,2274.340149588579,False
0.5,S2a,9.854689082514914,25.98054394481206,291.2144530293895,conditional_source_only_not_network_or_full_range_validated,35.83523302732697,2274.340149588579,False
0.5,S2a,10.949654536127683,28.867271049791174,290.5804809561709,conditional_source_only_not_network_or_full_range_validated,39.81692558591886,2274.3401495885787,False
0.5,S2a,12.044619989740452,31.753998154770297,289.9493755154068,conditional_source_only_not_network_or_full_range_validated,43.79861814451075,2274.340149588579,False
0.5,S2a,13.13958544335322,34.640725259749416,289.32113670709714,conditional_source_only_not_network_or_full_range_validated,47.780310703102636,2274.3401495885796,False
0.5,S2a,14.234550896965988,37.52745236472853,288.69576453124193,conditional_source_only_not_network_or_full_range_validated,51.76200326169452,2274.340149588579,False
0.5,S2a,15.32951635057876,40.414179469707655,288.07325898784126,conditional_source_only_not_network_or_full_range_validated,55.74369582028642,2274.340149588579,False
0.5,S2a,16.424481804191526,43.30090657468677,287.4536200768951,conditional_source_only_not_network_or_full_range_validated,59.72538837887829,2274.340149588579,False
0.5,S2a,17.519447257804295,46.187633679665886,286.8368477984034,conditional_source_only_not_network_or_full_range_validated,63.70708093747018,2274.340149588579,False
0.5,S2a,18.614412711417064,49.07436078464501,286.2229421523663,conditional_source_only_not_network_or_full_range_validated,67.68877349606207,2274.340149588579,False
0.5,S2a,19.70937816502983,51.96108788962412,285.6119031387836,conditional_source_only_not_network_or_full_range_validated,71.67046605465394,2274.340149588579,False
0.5,S2a,20.8043436186426,54.84781499460325,285.00373075765543,conditional_source_only_not_network_or_full_range_validated,75.65215861324585,2274.340149588579,False
0.5,S2a,21.899309072255367,57.73454209958236,284.39842500898175,conditional_source_only_not_network_or_full_range_validated,79.63385117183773,2274.340149588579,False
0.5,S2a,22.994274525868136,60.62126920456147,283.7959858927626,conditional_source_only_not_network_or_full_range_validated,83.61554373042961,2274.340149588579,False
0.5,S2a,24.089239979480904,63.507996309540594,283.19641340899784,conditional_source_only_not_network_or_full_range_validated,87.5972362890215,2274.340149588579,False
0.5,S2a,25.184205433093677,66.39472341451972,282.5997075576877,conditional_source_only_not_network_or_full_range_validated,91.5789288476134,2274.340149588579,False
0.5,S2a,26.27917088670644,69.28145051949883,282.005868338832,conditional_source_only_not_network_or_full_range_validated,95.56062140620527,2274.3401495885796,False
0.5,S2a,27.374136340319208,72.16817762447793,281.4148957524308,conditional_source_only_not_network_or_full_range_validated,99.54231396479715,2274.3401495885787,False
0.5,S2a,28.469101793931976,75.05490472945706,280.82678979848407,conditional_source_only_not_network_or_full_range_validated,103.52400652338903,2274.340149588579,False
0.5,S2a,29.564067247544745,77.94163183443618,280.24155047699185,conditional_source_only_not_network_or_full_range_validated,107.50569908198092,2274.3401495885787,False
0.5,S2a,30.65903270115752,80.82835893941531,279.6591777879541,conditional_source_only_not_network_or_full_range_validated,111.48739164057284,2274.340149588579,False
0.5,S2a,31.753998154770287,83.71508604439443,279.07967173137087,conditional_source_only_not_network_or_full_range_validated,115.46908419916471,2274.3401495885796,False
0.5,S2a,32.84896360838305,86.60181314937354,278.50303230724217,conditional_source_only_not_network_or_full_range_validated,119.45077675775659,2274.340149588579,False
0.5,S2a,33.94392906199582,89.48854025435266,277.9292595155679,conditional_source_only_not_network_or_full_range_validated,123.43246931634847,2274.340149588579,False
0.5,S2a,35.03889451560859,92.37526735933176,277.3583533563482,conditional_source_only_not_network_or_full_range_validated,127.41416187494035,2274.3401495885787,False
0.5,S2a,36.13385996922136,95.26199446431087,276.7903138295829,conditional_source_only_not_network_or_full_range_validated,131.39585443353224,2274.340149588579,False
0.5,S2a,37.22882542283413,98.14872156929002,276.2251409352722,conditional_source_only_not_network_or_full_range_validated,135.37754699212414,2274.340149588579,False
0.5,S2a,38.32379087644689,101.03544867426912,275.6628346734159,conditional_source_only_not_network_or_full_range_validated,139.359239550716,2274.340149588579,False
0.5,S2a,39.41875633005966,103.92217577924824,275.1033950440142,conditional_source_only_not_network_or_full_range_validated,143.3409321093079,2274.340149588579,False
0.5,S2a,40.51372178367243,106.80890288422736,274.5468220470669,conditional_source_only_not_network_or_full_range_validated,147.3226246678998,2274.3401495885796,False
0.5,S2a,41.6086872372852,109.6956299892065,273.9931156825741,conditional_source_only_not_network_or_full_range_validated,151.3043172264917,2274.340149588579,False
0.5,S2a,42.70365269089797,112.5823570941856,273.4422759505358,conditional_source_only_not_network_or_full_range_validated,155.28600978508356,2274.340149588579,False
0.5,S2a,43.79861814451073,115.46908419916473,272.8943028509521,conditional_source_only_not_network_or_full_range_validated,159.26770234367547,2274.340149588579,False
0.5,S2a,0.9934523573625612,2.980357072087684,296.4013943446569,conditional_source_only_not_network_or_full_range_validated,3.9738094294502453,2270.664554083258,False
0.5,S2a,1.9869047147251224,5.960714144175368,295.7565131259309,conditional_source_only_not_network_or_full_range_validated,7.947618858900491,2270.664554083258,False
0.5,S2a,2.9803570720876844,8.941071216263053,295.11455649263127,conditional_source_only_not_network_or_full_range_validated,11.921428288350738,2270.664554083258,False
0.5,S2a,3.973809429450245,11.921428288350736,294.47552444475826,conditional_source_only_not_network_or_full_range_validated,15.895237717800981,2270.664554083258,False
0.5,S2a,4.967261786812807,14.90178536043842,293.83941698231183,conditional_source_only_not_network_or_full_range_validated,19.869047147251226,2270.6645540832574,False
0.5,S2a,5.960714144175369,17.882142432526106,293.20623410529186,conditional_source_only_not_network_or_full_range_validated,23.842856576701475,2270.664554083258,False
0.5,S2a,6.95416650153793,20.86249950461379,292.5759758136984,conditional_source_only_not_network_or_full_range_validated,27.81666600615172,2270.664554083258,False
0.5,S2a,7.947618858900491,23.84285657670147,291.9486421075315,conditional_source_only_not_network_or_full_range_validated,31.790475435601962,2270.664554083258,False
0.5,S2a,8.941071216263053,26.82321364878916,291.3242329867912,conditional_source_only_not_network_or_full_range_validated,35.76428486505221,2270.664554083258,False
0.5,S2a,9.934523573625611,29.80357072087684,290.70274845147736,conditional_source_only_not_network_or_full_range_validated,39.73809429450245,2270.664554083258,False
0.5,S2a,10.927975930988175,32.783927792964526,290.08418850159006,conditional_source_only_not_network_or_full_range_validated,43.7119037239527,2270.664554083258,False
0.5,S2a,11.921428288350738,35.76428486505221,289.4685531371292,conditional_source_only_not_network_or_full_range_validated,47.68571315340295,2270.664554083258,False
0.5,S2a,12.914880645713298,38.744641937139896,288.855842358095,conditional_source_only_not_network_or_full_range_validated,51.65952258285319,2270.664554083258,False
0.5,S2a,13.90833300307586,41.72499900922758,288.2460561644873,conditional_source_only_not_network_or_full_range_validated,55.63333201230344,2270.664554083258,False
0.5,S2a,14.90178536043842,44.70535608131526,287.6391945563061,conditional_source_only_not_network_or_full_range_validated,59.60714144175368,2270.664554083258,False
0.5,S2a,15.89523771780098,47.68571315340294,287.0352575335515,conditional_source_only_not_network_or_full_range_validated,63.580950871203925,2270.664554083258,False
0.5,S2a,16.888690075163545,50.66607022549064,286.43424509622326,conditional_source_only_not_network_or_full_range_validated,67.55476030065418,2270.6645540832574,False
0.5,S2a,17.882142432526106,53.64642729757831,285.8361572443217,conditional_source_only_not_network_or_full_range_validated,71.52856973010442,2270.664554083258,False
0.5,S2a,18.875594789888662,56.626784369666,285.24099397784664,conditional_source_only_not_network_or_full_range_validated,75.50237915955466,2270.664554083258,False
0.5,S2a,19.869047147251223,59.60714144175368,284.64875529679813,conditional_source_only_not_network_or_full_range_validated,79.4761885890049,2270.664554083258,False
0.5,S2a,20.862499504613787,62.58749851384136,284.05944120117607,conditional_source_only_not_network_or_full_range_validated,83.44999801845515,2270.664554083258,False
0.5,S2a,21.85595186197635,65.56785558592905,283.4730516909806,conditional_source_only_not_network_or_full_range_validated,87.4238074479054,2270.664554083258,False
0.5,S2a,22.84940421933891,68.54821265801674,282.88958676621166,conditional_source_only_not_network_or_full_range_validated,91.39761687735565,2270.664554083258,False
0.5,S2a,23.842856576701475,71.52856973010442,282.3090464268692,conditional_source_only_not_network_or_full_range_validated,95.3714263068059,2270.664554083258,False
0.5,S2a,24.836308934064032,74.5089268021921,281.73143067295337,conditional_source_only_not_network_or_full_range_validated,99.34523573625613,2270.6645540832583,False
0.5,S2a,25.8297612914266,77.48928387427979,281.1567395044639,conditional_source_only_not_network_or_full_range_validated,103.3190451657064,2270.664554083258,False
0.5,S2a,26.82321364878916,80.46964094636746,280.5849729214011,conditional_source_only_not_network_or_full_range_validated,107.29285459515663,2270.664554083258,False
0.5,S2a,27.81666600615172,83.44999801845516,280.0161309237648,conditional_source_only_not_network_or_full_range_validated,111.26666402460688,2270.664554083258,False
0.5,S2a,28.81011836351428,86.43035509054285,279.45021351155503,conditional_source_only_not_network_or_full_range_validated,115.24047345405712,2270.664554083258,False
0.5,S2a,29.80357072087684,89.41071216263052,278.8872206847718,conditional_source_only_not_network_or_full_range_validated,119.21428288350737,2270.664554083258,False
0.5,S2a,30.7970230782394,92.3910692347182,278.32715244341506,conditional_source_only_not_network_or_full_range_validated,123.1880923129576,2270.664554083258,False
0.5,S2a,31.79047543560196,95.37142630680589,277.77000878748487,conditional_source_only_not_network_or_full_range_validated,127.16190174240785,2270.664554083258,False
0.5,S2a,32.783927792964526,98.35178337889356,277.21578971698125,conditional_source_only_not_network_or_full_range_validated,131.13571117185808,2270.664554083258,False
0.5,S2a,33.77738015032709,101.33214045098129,276.66449523190414,conditional_source_only_not_network_or_full_range_validated,135.10952060130836,2270.6645540832574,False
0.5,S2a,34.77083250768965,104.31249752306894,276.1161253322535,conditional_source_only_not_network_or_full_range_validated,139.0833300307586,2270.664554083258,False
0.5,S2a,35.76428486505221,107.29285459515664,275.5706800180294,conditional_source_only_not_network_or_full_range_validated,143.05713946020884,2270.664554083258,False
0.5,S2a,36.75773722241477,110.27321166724433,275.0281592892319,conditional_source_only_not_network_or_full_range_validated,147.0309488896591,2270.664554083258,False
0.5,S2a,37.75118957977733,113.253568739332,274.4885631458609,conditional_source_only_not_network_or_full_range_validated,151.00475831910933,2270.664554083258,False
0.5,S2a,38.744641937139896,116.23392581141968,273.9518915879164,conditional_source_only_not_network_or_full_range_validated,154.97856774855958,2270.664554083258,False
0.5,S2a,39.73809429450245,119.21428288350737,273.41814461539843,conditional_source_only_not_network_or_full_range_validated,158.9523771780098,2270.6645540832574,False
0.5,S2a,0.892340427005644,3.073617026352774,296.4133177483769,conditional_source_only_not_network_or_full_range_validated,3.965957453358418,2267.000819779816,False
0.5,S2a,1.784680854011288,6.147234052705548,295.7804271181366,conditional_source_only_not_network_or_full_range_validated,7.931914906716836,2267.000819779816,False
0.5,S2a,2.677021281016932,9.220851079058322,295.15052825808823,conditional_source_only_not_network_or_full_range_validated,11.897872360075255,2267.000819779816,False
0.5,S2a,3.569361708022576,12.294468105411095,294.52362116823207,conditional_source_only_not_network_or_full_range_validated,15.863829813433671,2267.000819779816,False
0.5,S2a,4.46170213502822,15.36808513176387,293.8997058485681,conditional_source_only_not_network_or_full_range_validated,19.82978726679209,2267.0008197798156,False
0.5,S2a,5.354042562033864,18.441702158116644,293.27878229909624,conditional_source_only_not_network_or_full_range_validated,23.79574472015051,2267.000819779816,False
0.5,S2a,6.246382989039508,21.51531918446942,292.6608505198165,conditional_source_only_not_network_or_full_range_validated,27.761702173508926,2267.0008197798156,False
0.5,S2a,7.138723416045152,24.58893621082219,292.04591051072896,conditional_source_only_not_network_or_full_range_validated,31.727659626867343,2267.000819779816,False
0.5,S2a,8.031063843050797,27.66255323717497,291.4339622718335,conditional_source_only_not_network_or_full_range_validated,35.69361708022576,2267.0008197798156,False
0.5,S2a,8.923404270056439,30.73617026352774,290.82500580313024,conditional_source_only_not_network_or_full_range_validated,39.65957453358418,2267.000819779816,False
0.5,S2a,9.815744697062083,33.80978728988051,290.21904110461907,conditional_source_only_not_network_or_full_range_validated,43.62553198694259,2267.0008197798156,False
0.5,S2a,10.708085124067727,36.88340431623329,289.6160681763001,conditional_source_only_not_network_or_full_range_validated,47.59148944030102,2267.000819779816,False
0.5,S2a,11.600425551073371,39.95702134258606,289.0160870181732,conditional_source_only_not_network_or_full_range_validated,51.55744689365943,2267.000819779816,False
0.5,S2a,12.492765978079015,43.03063836893884,288.4190976302385,conditional_source_only_not_network_or_full_range_validated,55.52340434701785,2267.0008197798156,False
0.5,S2a,13.385106405084658,46.10425539529161,287.8251000124959,conditional_source_only_not_network_or_full_range_validated,59.489361800376265,2267.000819779816,False
0.5,S2a,14.277446832090304,49.17787242164438,287.2340941649455,conditional_source_only_not_network_or_full_range_validated,63.455319253734686,2267.000819779816,False
0.5,S2a,15.16978725909595,52.251489447997166,286.6460800875872,conditional_source_only_not_network_or_full_range_validated,67.42127670709311,2267.000819779816,False
0.5,S2a,16.062127686101594,55.32510647434994,286.06105778042104,conditional_source_only_not_network_or_full_range_validated,71.38723416045153,2267.0008197798156,False
0.5,S2a,16.954468113107236,58.39872350070271,285.47902724344704,conditional_source_only_not_network_or_full_range_validated,75.35319161380994,2267.0008197798156,False
0.5,S2a,17.846808540112878,61.47234052705548,284.8999884766651,conditional_source_only_not_network_or_full_range_validated,79.31914906716835,2267.000819779816,False
0.5,S2a,18.739148967118524,64.54595755340826,284.3239414800754,conditional_source_only_not_network_or_full_range_validated,83.28510652052678,2267.000819779816,False
0.5,S2a,19.631489394124166,67.61957457976102,283.75088625367783,conditional_source_only_not_network_or_full_range_validated,87.25106397388518,2267.0008197798156,False
0.5,S2a,20.52382982112981,70.69319160611381,283.1808227974724,conditional_source_only_not_network_or_full_range_validated,91.21702142724362,2267.000819779816,False
0.5,S2a,21.41617024813545,73.76680863246658,282.61375111145907,conditional_source_only_not_network_or_full_range_validated,95.18297888060204,2267.000819779816,False
0.5,S2a,22.3085106751411,76.84042565881936,282.04967119563787,conditional_source_only_not_network_or_full_range_validated,99.14893633396045,2267.0008197798156,False
0.5,S2a,23.200851102146743,79.91404268517212,281.4885830500089,conditional_source_only_not_network_or_full_range_validated,103.11489378731886,2267.000819779816,False
0.5,S2a,24.09319152915239,82.9876597115249,280.930486674572,conditional_source_only_not_network_or_full_range_validated,107.08085124067729,2267.000819779816,False
0.5,S2a,24.98553195615803,86.06127673787768,280.37538206932726,conditional_source_only_not_network_or_full_range_validated,111.0468086940357,2267.0008197798156,False
0.5,S2a,25.87787238316368,89.13489376423045,279.8232692342747,conditional_source_only_not_network_or_full_range_validated,115.01276614739413,2267.0008197798156,False
0.5,S2a,26.77021281016932,92.20851079058322,279.2741481694143,conditional_source_only_not_network_or_full_range_validated,118.97872360075255,2267.000819779816,False
0.5,S2a,27.66255323717496,95.282127816936,278.72801887474594,conditional_source_only_not_network_or_full_range_validated,122.94468105411096,2267.000819779816,False
0.5,S2a,28.554893664180607,98.35574484328876,278.1848813502698,conditional_source_only_not_network_or_full_range_validated,126.91063850746937,2267.000819779816,False
0.5,S2a,29.44723409118625,101.42936186964154,277.6447355959857,conditional_source_only_not_network_or_full_range_validated,130.87659596082779,2267.000819779816,False
0.5,S2a,30.3395745181919,104.50297889599432,277.1075816118939,conditional_source_only_not_network_or_full_range_validated,134.84255341418623,2267.000819779816,False
0.5,S2a,31.23191494519753,107.57659592234708,276.57341939799414,conditional_source_only_not_network_or_full_range_validated,138.8085108675446,2267.000819779816,False
0.5,S2a,32.12425537220319,110.65021294869987,276.0422489542865,conditional_source_only_not_network_or_full_range_validated,142.77446832090305,2267.0008197798156,False
0.5,S2a,33.01659579920883,113.72382997505264,275.5140702807711,conditional_source_only_not_network_or_full_range_validated,146.74042577426147,2267.000819779816,False
0.5,S2a,33.90893622621447,116.79744700140542,274.9888833774478,conditional_source_only_not_network_or_full_range_validated,150.70638322761988,2267.0008197798156,False
0.5,S2a,34.801276653220114,119.87106402775818,274.46668824431663,conditional_source_only_not_network_or_full_range_validated,154.6723406809783,2267.0008197798156,False
0.5,S2a,35.69361708022576,122.94468105411096,273.9474848813776,conditional_source_only_not_network_or_full_range_validated,158.6382981343367,2267.0008197798156,False
0.5,S2a,0.7916272892023353,3.166509156809342,296.42519881850444,conditional_source_only_not_network_or_full_range_validated,3.958136446011677,2263.348889356328,False
0.5,S2a,1.5832545784046703,6.333018313618684,295.80426556447355,conditional_source_only_not_network_or_full_range_validated,7.916272892023354,2263.348889356328,False
0.5,S2a,2.3748818676070065,9.499527470428028,295.18640038671697,conditional_source_only_not_network_or_full_range_validated,11.874409338035035,2263.3488893563285,False
0.5,S2a,3.166509156809341,12.666036627237368,294.57160328523463,conditional_source_only_not_network_or_full_range_validated,15.832545784046708,2263.348889356328,False
0.5,S2a,3.9581364460116766,15.83254578404671,293.95987426002654,conditional_source_only_not_network_or_full_range_validated,19.790682230058387,2263.348889356328,False
0.5,S2a,4.749763735214013,18.999054940856052,293.35121331109275,conditional_source_only_not_network_or_full_range_validated,23.748818676070066,2263.3488893563285,False
0.5,S2a,5.541391024416348,22.1655640976654,292.7456204384332,conditional_source_only_not_network_or_full_range_validated,27.706955122081748,2263.3488893563285,False
0.5,S2a,6.333018313618682,25.332073254474736,292.1430956420479,conditional_source_only_not_network_or_full_range_validated,31.665091568093416,2263.348889356328,False
0.5,S2a,7.124645602821017,28.49858241128408,291.5436389219369,conditional_source_only_not_network_or_full_range_validated,35.623228014105095,2263.348889356328,False
0.5,S2a,7.916272892023353,31.66509156809342,290.94725027810017,conditional_source_only_not_network_or_full_range_validated,39.581364460116774,2263.348889356328,False
0.5,S2a,8.707900181225689,34.83160072490276,290.3539297105377,conditional_source_only_not_network_or_full_range_validated,43.53950090612845,2263.3488893563285,False
0.5,S2a,9.499527470428026,37.99810988171211,289.7636772192495,conditional_source_only_not_network_or_full_range_validated,47.49763735214014,2263.3488893563285,False
0.5,S2a,10.29115475963036,41.16461903852145,289.1764928042355,conditional_source_only_not_network_or_full_range_validated,51.45577379815181,2263.348889356328,False
0.5,S2a,11.082782048832696,44.33112819533079,288.5923764654958,conditional_source_only_not_network_or_full_range_validated,55.41391024416349,2263.3488893563285,False
0.5,S2a,11.87440933803503,47.49763735214013,288.0113282030304,conditional_source_only_not_network_or_full_range_validated,59.37204669017516,2263.348889356328,False
0.5,S2a,12.666036627237364,50.66414650894947,287.4333480168392,conditional_source_only_not_network_or_full_range_validated,63.33018313618683,2263.348889356328,False
0.5,S2a,13.457663916439705,53.830655665758826,286.85843590692235,conditional_source_only_not_network_or_full_range_validated,67.28831958219853,2263.348889356328,False
0.5,S2a,14.249291205642034,56.99716482256815,286.28659187327975,conditional_source_only_not_network_or_full_range_validated,71.24645602821019,2263.3488893563285,False
0.5,S2a,15.040918494844371,60.1636739793775,285.71781591591133,conditional_source_only_not_network_or_full_range_validated,75.20459247422187,2263.348889356328,False
0.5,S2a,15.832545784046706,63.33018313618684,285.1521080348173,conditional_source_only_not_network_or_full_range_validated,79.16272892023355,2263.348889356328,False
0.5,S2a,16.624173073249043,66.49669229299619,284.5894682299974,conditional_source_only_not_network_or_full_range_validated,83.12086536624523,2263.348889356328,False
0.5,S2a,17.415800362451378,69.66320144980553,284.02989650145184,conditional_source_only_not_network_or_full_range_validated,87.0790018122569,2263.3488893563285,False
0.5,S2a,18.207427651653717,72.82971060661487,283.4733928491805,conditional_source_only_not_network_or_full_range_validated,91.03713825826858,2263.3488893563285,False
0.5,S2a,18.99905494085605,75.99621976342422,282.9199572731835,conditional_source_only_not_network_or_full_range_validated,94.99527470428026,2263.348889356328,False
0.5,S2a,19.790682230058383,79.16272892023356,282.3695897734607,conditional_source_only_not_network_or_full_range_validated,98.95341115029194,2263.348889356328,False
0.5,S2a,20.58230951926072,82.3292380770429,281.8222903500122,conditional_source_only_not_network_or_full_range_validated,102.91154759630362,2263.348889356328,False
0.5,S2a,21.373936808463053,85.49574723385224,281.2780590028379,conditional_source_only_not_network_or_full_range_validated,106.8696840423153,2263.3488893563285,False
0.5,S2a,22.165564097665392,88.66225639066158,280.736895731938,conditional_source_only_not_network_or_full_range_validated,110.82782048832698,2263.3488893563285,False
0.5,S2a,22.957191386867727,91.82876554747094,280.1988005373122,conditional_source_only_not_network_or_full_range_validated,114.78595693433866,2263.348889356328,False
0.5,S2a,23.74881867607006,94.99527470428026,279.6637734189608,conditional_source_only_not_network_or_full_range_validated,118.74409338035032,2263.348889356328,False
0.5,S2a,24.540445965272397,98.1617838610896,279.1318143768836,conditional_source_only_not_network_or_full_range_validated,122.702229826362,2263.348889356328,False
0.5,S2a,25.33207325447473,101.32829301789894,278.6029234110806,conditional_source_only_not_network_or_full_range_validated,126.66036627237366,2263.348889356328,False
0.5,S2a,26.123700543677067,104.4948021747083,278.0771005215519,conditional_source_only_not_network_or_full_range_validated,130.61850271838537,2263.3488893563285,False
0.5,S2a,26.91532783287941,107.66131133151764,277.55434570829755,conditional_source_only_not_network_or_full_range_validated,134.57663916439705,2263.3488893563285,False
0.5,S2a,27.70695512208173,110.82782048832696,277.03465897131747,conditional_source_only_not_network_or_full_range_validated,138.5347756104087,2263.348889356328,False
0.5,S2a,28.49858241128407,113.9943296451363,276.5180403106115,conditional_source_only_not_network_or_full_range_validated,142.49291205642038,2263.3488893563285,False
0.5,S2a,29.290209700486404,117.16083880194566,276.00448972617994,conditional_source_only_not_network_or_full_range_validated,146.45104850243206,2263.3488893563285,False
0.5,S2a,30.081836989688743,120.327347958755,275.4940072180226,conditional_source_only_not_network_or_full_range_validated,150.40918494844374,2263.348889356328,False
0.5,S2a,30.87346427889108,123.49385711556435,274.9865927861395,conditional_source_only_not_network_or_full_range_validated,154.36732139445544,2263.3488893563285,False
0.5,S2a,31.665091568093413,126.66036627237368,274.48224643053067,conditional_source_only_not_network_or_full_range_validated,158.3254578404671,2263.348889356328,False
0.5,S2a,0.6913105892973451,3.2590356352589143,296.4370377773403,conditional_source_only_not_network_or_full_range_validated,3.9503462245562595,2259.7087058596367,False
0.5,S2a,1.3826211785946902,6.5180712705178285,295.82802880037565,conditional_source_only_not_network_or_full_range_validated,7.900692449112519,2259.7087058596367,False
0.5,S2a,2.073931767892036,9.777106905776744,295.22217321791544,conditional_source_only_not_network_or_full_range_validated,11.85103867366878,2259.7087058596367,False
0.5,S2a,2.7652423571893805,13.036142541035655,294.61947102995964,conditional_source_only_not_network_or_full_range_validated,15.801384898225036,2259.7087058596367,False
0.5,S2a,3.4565529464867257,16.29517817629457,294.0199222365084,conditional_source_only_not_network_or_full_range_validated,19.751731122781294,2259.708705859636,False
0.5,S2a,4.147863535784071,19.55421381155349,293.4235268375616,conditional_source_only_not_network_or_full_range_validated,23.70207734733756,2259.7087058596367,False
0.5,S2a,4.839174125081417,22.813249446812403,292.83028483311926,conditional_source_only_not_network_or_full_range_validated,27.65242357189382,2259.7087058596367,False
0.5,S2a,5.530484714378761,26.072285082071318,292.24019622318144,conditional_source_only_not_network_or_full_range_validated,31.60276979645008,2259.7087058596367,False
0.5,S2a,6.221795303676107,29.331320717330232,291.6532610077481,conditional_source_only_not_network_or_full_range_validated,35.55311602100634,2259.7087058596367,False
0.5,S2a,6.913105892973452,32.59035635258914,291.0694791868192,conditional_source_only_not_network_or_full_range_validated,39.503462245562595,2259.7087058596367,False
0.5,S2a,7.604416482270797,35.84939198784806,290.4888507603948,conditional_source_only_not_network_or_full_range_validated,43.45380847011886,2259.7087058596367,False
0.5,S2a,8.295727071568143,39.10842762310698,289.9113757284748,conditional_source_only_not_network_or_full_range_validated,47.40415469467512,2259.7087058596367,False
0.5,S2a,8.987037660865488,42.36746325836589,289.3370540910593,conditional_source_only_not_network_or_full_range_validated,51.35450091923138,2259.7087058596367,False
0.5,S2a,9.678348250162834,45.626498893624806,288.7658858481484,conditional_source_only_not_network_or_full_range_validated,55.30484714378764,2259.7087058596367,False
0.5,S2a,10.369658839460175,48.88553452888372,288.19787099974184,conditional_source_only_not_network_or_full_range_validated,59.255193368343896,2259.7087058596367,False
0.5,S2a,11.060969428757522,52.14457016414263,287.6330095458398,conditional_source_only_not_network_or_full_range_validated,63.20553959290015,2259.7087058596367,False
0.5,S2a,11.752280018054869,55.403605799401554,287.0713014864423,conditional_source_only_not_network_or_full_range_validated,67.15588581745642,2259.7087058596367,False
0.5,S2a,12.443590607352212,58.66264143466047,286.5127468215492,conditional_source_only_not_network_or_full_range_validated,71.10623204201268,2259.708705859636,False
0.5,S2a,13.134901196649558,61.921677069919376,285.95734555116053,conditional_source_only_not_network_or_full_range_validated,75.05657826656893,2259.708705859637,False
0.5,S2a,13.826211785946905,65.18071270517828,285.40509767527635,conditional_source_only_not_network_or_full_range_validated,79.00692449112519,2259.7087058596367,False
0.5,S2a,14.517522375244248,68.4397483404372,284.85600319389675,conditional_source_only_not_network_or_full_range_validated,82.95727071568146,2259.7087058596367,False
0.5,S2a,15.208832964541594,71.69878397569612,284.3100621070215,conditional_source_only_not_network_or_full_range_validated,86.90761694023772,2259.7087058596367,False
0.5,S2a,15.90014355383894,74.95781961095503,283.7672744146508,conditional_source_only_not_network_or_full_range_validated,90.85796316479397,2259.7087058596367,False
0.5,S2a,16.591454143136286,78.21685524621395,283.2276401167846,conditional_source_only_not_network_or_full_range_validated,94.80830938935024,2259.7087058596367,False
0.5,S2a,17.282764732433627,81.47589088147285,282.6911592134228,conditional_source_only_not_network_or_full_range_validated,98.75865561390648,2259.7087058596367,False
0.5,S2a,17.974075321730975,84.73492651673178,282.1578317045655,conditional_source_only_not_network_or_full_range_validated,102.70900183846275,2259.7087058596367,False
0.5,S2a,18.66538591102832,87.99396215199069,281.6276575902127,conditional_source_only_not_network_or_full_range_validated,106.65934806301901,2259.708705859637,False
0.5,S2a,19.35669650032567,91.2529977872496,281.1006368703644,conditional_source_only_not_network_or_full_range_validated,110.60969428757527,2259.7087058596367,False
0.5,S2a,20.04800708962301,94.51203342250852,280.5767695450205,conditional_source_only_not_network_or_full_range_validated,114.56004051213154,2259.708705859637,False
0.5,S2a,20.739317678920354,97.77106905776743,280.0560556141812,conditional_source_only_not_network_or_full_range_validated,118.51038673668779,2259.7087058596367,False
0.5,S2a,21.4306282682177,101.03010469302636,279.5384950778462,conditional_source_only_not_network_or_full_range_validated,122.46073296124406,2259.708705859637,False
0.5,S2a,22.121938857515044,104.28914032828526,279.0240879360158,conditional_source_only_not_network_or_full_range_validated,126.4110791858003,2259.7087058596367,False
0.5,S2a,22.81324944681239,107.54817596354415,278.51283418868985,conditional_source_only_not_network_or_full_range_validated,130.36142541035653,2259.708705859636,False
0.5,S2a,23.504560036109737,110.80721159880312,278.0047338358684,conditional_source_only_not_network_or_full_range_validated,134.31177163491287,2259.7087058596367,False
0.5,S2a,24.19587062540708,114.066247234062,277.49978687755134,conditional_source_only_not_network_or_full_range_validated,138.26211785946907,2259.7087058596367,False
0.5,S2a,24.887181214704427,117.32528286932092,276.99799331373885,conditional_source_only_not_network_or_full_range_validated,142.21246408402533,2259.7087058596367,False
0.5,S2a,25.57849180400177,120.58431850457984,276.4993531444308,conditional_source_only_not_network_or_full_range_validated,146.1628103085816,2259.7087058596367,False
0.5,S2a,26.26980239329912,123.84335413983877,276.0038663696272,conditional_source_only_not_network_or_full_range_validated,150.1131565331379,2259.708705859637,False
0.5,S2a,26.96111298259646,127.10238977509766,275.5115329893281,conditional_source_only_not_network_or_full_range_validated,154.06350275769412,2259.7087058596367,False
0.5,S2a,27.65242357189381,130.36142541035656,275.02235300353345,conditional_source_only_not_network_or_full_range_validated,158.01384898225038,2259.7087058596367,False
0.5,S2a,0.5913879911362665,3.351198616438846,296.4488348456561,conditional_source_only_not_network_or_full_range_validated,3.9425866075751124,2256.08021270239,False
0.5,S2a,1.182775982272533,6.702397232877692,295.8517171595085,conditional_source_only_not_network_or_full_range_validated,7.885173215150225,2256.08021270239,False
0.5,S2a,1.7741639734087995,10.053595849316538,295.25784709036685,conditional_source_only_not_network_or_full_range_validated,11.827759822725337,2256.0802127023894,False
0.5,S2a,2.365551964545066,13.404794465755383,294.66722463823095,conditional_source_only_not_network_or_full_range_validated,15.77034643030045,2256.08021270239,False
0.5,S2a,2.9569399556813325,16.75599308219423,294.07984980310096,conditional_source_only_not_network_or_full_range_validated,19.712933037875562,2256.08021270239,False
0.5,S2a,3.5483279468175994,20.10719169863308,293.4957225849768,conditional_source_only_not_network_or_full_range_validated,23.65551964545068,2256.08021270239,False
0.5,S2a,4.139715937953866,23.458390315071924,292.9148429838585,conditional_source_only_not_network_or_full_range_validated,27.59810625302579,2256.0802127023903,False
0.5,S2a,4.731103929090132,26.809588931510767,292.337210999746,conditional_source_only_not_network_or_full_range_validated,31.5406928606009,2256.08021270239,False
0.5,S2a,5.322491920226399,30.160787547949617,291.76282663263936,conditional_source_only_not_network_or_full_range_validated,35.483279468176015,2256.0802127023894,False
0.5,S2a,5.913879911362665,33.51198616438846,291.1916898825386,conditional_source_only_not_network_or_full_range_validated,39.425866075751124,2256.08021270239,False
0.5,S2a,6.505267902498932,36.86318478082731,290.62380074944366,conditional_source_only_not_network_or_full_range_validated,43.36845268332624,2256.0802127023894,False
0.5,S2a,7.096655893635199,40.21438339726616,290.0591592333546,conditional_source_only_not_network_or_full_range_validated,47.31103929090136,2256.08021270239,False
0.5,S2a,7.688043884771465,43.565582013705,289.4977653342714,conditional_source_only_not_network_or_full_range_validated,51.253625898476464,2256.08021270239,False
0.5,S2a,8.279431875907733,46.91678063014385,288.939619052194,conditional_source_only_not_network_or_full_range_validated,55.19621250605158,2256.0802127023903,False
0.5,S2a,8.870819867043998,50.26797924658269,288.38472038712246,conditional_source_only_not_network_or_full_range_validated,59.13879911362669,2256.08021270239,False
0.5,S2a,9.462207858180264,53.619177863021534,287.8330693390568,conditional_source_only_not_network_or_full_range_validated,63.0813857212018,2256.08021270239,False
0.5,S2a,10.053595849316531,56.97037647946039,287.2846659079969,conditional_source_only_not_network_or_full_range_validated,67.02397232877692,2256.0802127023894,False
0.5,S2a,10.6449838404528,60.321575095899234,286.7395100939429,conditional_source_only_not_network_or_full_range_validated,70.96655893635203,2256.0802127023894,False
0.5,S2a,11.236371831589064,63.67277371233808,286.19760189689487,conditional_source_only_not_network_or_full_range_validated,74.90914554392714,2256.08021270239,False
0.5,S2a,11.82775982272533,67.02397232877692,285.6589413168526,conditional_source_only_not_network_or_full_range_validated,78.85173215150225,2256.08021270239,False
0.5,S2a,12.419147813861596,70.37517094521576,285.12352835381614,conditional_source_only_not_network_or_full_range_validated,82.79431875907736,2256.0802127023903,False
0.5,S2a,13.010535804997865,73.72636956165462,284.5913630077856,conditional_source_only_not_network_or_full_range_validated,86.73690536665248,2256.0802127023894,False
0.5,S2a,13.60192379613413,77.07756817809346,284.0624452787608,conditional_source_only_not_network_or_full_range_validated,90.67949197422759,2256.08021270239,False
0.5,S2a,14.193311787270398,80.42876679453231,283.5367751667419,conditional_source_only_not_network_or_full_range_validated,94.62207858180271,2256.0802127023894,False
0.5,S2a,14.784699778406662,83.77996541097114,283.0143526717289,conditional_source_only_not_network_or_full_range_validated,98.5646651893778,2256.0802127023894,False
0.5,S2a,15.37608776954293,87.13116402741,282.49517779372167,conditional_source_only_not_network_or_full_range_validated,102.50725179695293,2256.08021270239,False
0.5,S2a,15.967475760679196,90.48236264384884,281.9792505327204,conditional_source_only_not_network_or_full_range_validated,106.44983840452804,2256.0802127023894,False
0.5,S2a,16.558863751815466,93.8335612602877,281.46657088872485,conditional_source_only_not_network_or_full_range_validated,110.39242501210316,2256.0802127023903,False
0.5,S2a,17.15025174295173,97.18475987672656,280.95713886173525,conditional_source_only_not_network_or_full_range_validated,114.33501161967828,2256.0802127023894,False
0.5,S2a,17.741639734087997,100.53595849316538,280.4509544517514,conditional_source_only_not_network_or_full_range_validated,118.27759822725338,2256.08021270239,False
0.5,S2a,18.333027725224262,103.88715710960425,279.9480176587735,conditional_source_only_not_network_or_full_range_validated,122.2201848348285,2256.0802127023894,False
0.5,S2a,18.924415716360528,107.23835572604308,279.4483284828014,conditional_source_only_not_network_or_full_range_validated,126.16277144240361,2256.08021270239,False
0.5,S2a,19.5158037074968,110.58955434248192,278.9518869238352,conditional_source_only_not_network_or_full_range_validated,130.10535804997872,2256.08021270239,False
0.5,S2a,20.107191698633063,113.94075295892078,278.4586929818748,conditional_source_only_not_network_or_full_range_validated,134.04794465755384,2256.0802127023894,False
0.5,S2a,20.69857968976933,117.2919515753596,277.96874665692025,conditional_source_only_not_network_or_full_range_validated,137.99053126512894,2256.08021270239,False
0.5,S2a,21.2899676809056,120.64315019179848,277.4820479489715,conditional_source_only_not_network_or_full_range_validated,141.9331178727041,2256.08021270239,False
0.5,S2a,21.88135567204186,123.99434880823728,276.9985968580287,conditional_source_only_not_network_or_full_range_validated,145.87570448027913,2256.08021270239,False
0.5,S2a,22.47274366317813,127.34554742467616,276.51839338409167,conditional_source_only_not_network_or_full_range_validated,149.81829108785428,2256.08021270239,False
0.5,S2a,23.0641316543144,130.696746041115,276.0414375271605,conditional_source_only_not_network_or_full_range_validated,153.7608776954294,2256.08021270239,False
0.5,S2a,23.65551964545066,134.04794465755384,275.5677292872352,conditional_source_only_not_network_or_full_range_validated,157.7034643030045,2256.08021270239,False
0.5,S2a,0.4918571768842258,3.443000238189581,296.4605902427061,conditional_source_only_not_network_or_full_range_validated,3.934857415073807,2252.4633536601104,False
0.5,S2a,0.9837143537684516,6.886000476379162,295.8753309737787,conditional_source_only_not_network_or_full_range_validated,7.869714830147614,2252.4633536601104,False
0.5,S2a,1.4755715306526778,10.329000714568744,295.2934223420273,conditional_source_only_not_network_or_full_range_validated,11.804572245221422,2252.463353660111,False
0.5,S2a,1.9674287075369037,13.772000952758324,294.714864347452,conditional_source_only_not_network_or_full_range_validated,15.739429660295228,2252.4633536601104,False
0.5,S2a,2.459285884421129,17.215001190947905,294.1396569900528,conditional_source_only_not_network_or_full_range_validated,19.674287075369033,2252.4633536601104,False
0.5,S2a,2.9511430613053555,20.65800142913749,293.5678002698296,conditional_source_only_not_network_or_full_range_validated,23.609144490442844,2252.463353660111,False
0.5,S2a,3.443000238189581,24.10100166732707,292.99929418678244,conditional_source_only_not_network_or_full_range_validated,27.544001905516648,2252.463353660111,False
0.5,S2a,3.934857415073807,27.544001905516648,292.4341387409113,conditional_source_only_not_network_or_full_range_validated,31.478859320590455,2252.4633536601104,False
0.5,S2a,4.426714591958032,30.987002143706228,291.8723339322163,conditional_source_only_not_network_or_full_range_validated,35.41371673566426,2252.463353660111,False
0.5,S2a,4.918571768842258,34.43000238189581,291.31387976069726,conditional_source_only_not_network_or_full_range_validated,39.34857415073807,2252.4633536601104,False
0.5,S2a,5.410428945726484,37.87300262008539,290.7587762263543,conditional_source_only_not_network_or_full_range_validated,43.283431565811874,2252.463353660111,False
0.5,S2a,5.902286122610711,41.31600285827498,290.20702332918745,conditional_source_only_not_network_or_full_range_validated,47.21828898088569,2252.463353660111,False
0.5,S2a,6.394143299494936,44.75900309646455,289.65862106919656,conditional_source_only_not_network_or_full_range_validated,51.15314639595949,2252.463353660111,False
0.5,S2a,6.886000476379162,48.20200333465414,289.1135694463818,conditional_source_only_not_network_or_full_range_validated,55.088003811033296,2252.463353660111,False
0.5,S2a,7.377857653263387,51.645003572843706,288.57186846074296,conditional_source_only_not_network_or_full_range_validated,59.022861226107096,2252.463353660111,False
0.5,S2a,7.869714830147614,55.088003811033296,288.03351811228026,conditional_source_only_not_network_or_full_range_validated,62.95771864118091,2252.4633536601104,False
0.5,S2a,8.36157200703184,58.53100404922289,287.4985184009936,conditional_source_only_not_network_or_full_range_validated,66.89257605625473,2252.463353660111,False
0.5,S2a,8.853429183916065,61.974004287412455,286.966869326883,conditional_source_only_not_network_or_full_range_validated,70.82743347132852,2252.463353660111,False
0.5,S2a,9.34528636080029,65.41700452560204,286.43857088994844,conditional_source_only_not_network_or_full_range_validated,74.76229088640233,2252.463353660111,False
0.5,S2a,9.837143537684517,68.86000476379162,285.9136230901899,conditional_source_only_not_network_or_full_range_validated,78.69714830147613,2252.4633536601104,False
0.5,S2a,10.329000714568744,72.3030050019812,285.39202592760745,conditional_source_only_not_network_or_full_range_validated,82.63200571654995,2252.4633536601114,False
0.5,S2a,10.820857891452969,75.74600524017077,284.873779402201,conditional_source_only_not_network_or_full_range_validated,86.56686313162375,2252.463353660111,False
0.5,S2a,11.312715068337196,79.18900547836037,284.3588835139706,conditional_source_only_not_network_or_full_range_validated,90.50172054669757,2252.4633536601114,False
0.5,S2a,11.804572245221422,82.63200571654995,283.8473382629163,conditional_source_only_not_network_or_full_range_validated,94.43657796177138,2252.463353660111,False
0.5,S2a,12.296429422105646,86.07500595473952,283.3391436490381,conditional_source_only_not_network_or_full_range_validated,98.37143537684517,2252.463353660111,False
0.5,S2a,12.788286598989872,89.5180061929291,282.8342996723358,conditional_source_only_not_network_or_full_range_validated,102.30629279191898,2252.463353660111,False
0.5,S2a,13.280143775874098,92.96100643111868,282.33280633280964,conditional_source_only_not_network_or_full_range_validated,106.24115020699277,2252.4633536601104,False
0.5,S2a,13.772000952758324,96.40400666930827,281.8346636304595,conditional_source_only_not_network_or_full_range_validated,110.17600762206659,2252.463353660111,False
0.5,S2a,14.263858129642552,99.84700690749786,281.3398715652854,conditional_source_only_not_network_or_full_range_validated,114.11086503714041,2252.463353660111,False
0.5,S2a,14.755715306526774,103.2900071456874,280.84843013728744,conditional_source_only_not_network_or_full_range_validated,118.04572245221416,2252.4633536601104,False
0.5,S2a,15.247572483411002,106.733007383877,280.3603393464654,conditional_source_only_not_network_or_full_range_validated,121.980579867288,2252.463353660111,False
0.5,S2a,15.739429660295228,110.1760076220666,279.87559919281944,conditional_source_only_not_network_or_full_range_validated,125.91543728236184,2252.463353660111,False
0.5,S2a,16.231286837179454,113.61900786025618,279.3942096763496,conditional_source_only_not_network_or_full_range_validated,129.85029469743563,2252.463353660111,False
0.5,S2a,16.72314401406368,117.06200809844576,278.91617079705577,conditional_source_only_not_network_or_full_range_validated,133.78515211250945,2252.463353660111,False
0.5,S2a,17.215001190947905,120.50500833663534,278.441482554938,conditional_source_only_not_network_or_full_range_validated,137.72000952758324,2252.463353660111,False
0.5,S2a,17.70685836783213,123.94800857482493,277.9701449499962,conditional_source_only_not_network_or_full_range_validated,141.65486694265707,2252.463353660111,False
0.5,S2a,18.19871554471636,127.39100881301452,277.50215798223053,conditional_source_only_not_network_or_full_range_validated,145.5897243577309,2252.4633536601114,False
0.5,S2a,18.69057272160058,130.83400905120408,277.0375216516409,conditional_source_only_not_network_or_full_range_validated,149.52458177280465,2252.463353660111,False
0.5,S2a,19.18242989848481,134.27700928939367,276.5762359582273,conditional_source_only_not_network_or_full_range_validated,153.45943918787847,2252.4633536601104,False
0.5,S2a,19.674287075369037,137.72000952758324,276.11830090198976,conditional_source_only_not_network_or_full_range_validated,157.3942966029523,2252.463353660111,False
0.5,S2a,0.3927158468466624,3.534442621619962,296.47230418624054,conditional_source_only_not_network_or_full_range_validated,3.9271584684666245,2248.858072868293,False
0.5,S2a,0.7854316936933248,7.068885243239924,295.8988705733421,conditional_source_only_not_network_or_full_range_validated,7.854316936933249,2248.858072868293,False
0.5,S2a,1.1781475405399873,10.603327864859889,295.3288993101145,conditional_source_only_not_network_or_full_range_validated,11.781475405399876,2248.858072868293,False
0.5,S2a,1.5708633873866495,14.137770486479848,294.76239039655746,conditional_source_only_not_network_or_full_range_validated,15.708633873866498,2248.858072868293,False
0.5,S2a,1.963579234233312,17.67221310809981,294.1993438326712,conditional_source_only_not_network_or_full_range_validated,19.635792342333122,2248.858072868293,False
0.5,S2a,2.3562950810799745,21.206655729719778,293.63975961845546,conditional_source_only_not_network_or_full_range_validated,23.56295081079975,2248.858072868293,False
0.5,S2a,2.7490109279266366,24.741098351339737,293.0836377539105,conditional_source_only_not_network_or_full_range_validated,27.490109279266374,2248.858072868293,False
0.5,S2a,3.141726774773299,28.275540972959696,292.5309782390362,conditional_source_only_not_network_or_full_range_validated,31.417267747732996,2248.858072868293,False
0.5,S2a,3.5344426216199616,31.80998359457966,291.98178107383256,conditional_source_only_not_network_or_full_range_validated,35.34442621619962,2248.858072868293,False
0.5,S2a,3.927158468466624,35.34442621619962,291.4360462582996,conditional_source_only_not_network_or_full_range_validated,39.271584684666244,2248.858072868293,False
0.5,S2a,4.319874315313286,38.87886883781959,290.89377379243734,conditional_source_only_not_network_or_full_range_validated,43.198743153132874,2248.858072868293,False
0.5,S2a,4.712590162159949,42.41331145943956,290.35496367624575,conditional_source_only_not_network_or_full_range_validated,47.12590162159951,2248.858072868293,False
0.5,S2a,5.105306009006611,45.94775408105951,289.8196159097248,conditional_source_only_not_network_or_full_range_validated,51.05306009006612,2248.858072868293,False
0.5,S2a,5.498021855853273,49.482196702679474,289.2877304928746,conditional_source_only_not_network_or_full_range_validated,54.98021855853275,2248.858072868293,False
0.5,S2a,5.890737702699936,53.01663932429943,288.75930742569494,conditional_source_only_not_network_or_full_range_validated,58.90737702699937,2248.8580728682928,False
0.5,S2a,6.283453549546598,56.55108194591939,288.2343467081861,conditional_source_only_not_network_or_full_range_validated,62.83453549546599,2248.858072868293,False
0.5,S2a,6.676169396393261,60.085524567539366,287.7128483403478,conditional_source_only_not_network_or_full_range_validated,66.76169396393263,2248.858072868293,False
0.5,S2a,7.068885243239923,63.61996718915932,287.19481232218027,conditional_source_only_not_network_or_full_range_validated,70.68885243239924,2248.858072868293,False
0.5,S2a,7.461601090086586,67.15440981077928,286.6802386536833,conditional_source_only_not_network_or_full_range_validated,74.61601090086587,2248.858072868293,False
0.5,S2a,7.854316936933247,70.68885243239924,286.16912733485714,conditional_source_only_not_network_or_full_range_validated,78.54316936933249,2248.858072868293,False
0.5,S2a,8.24703278377991,74.2232950540192,285.6614783657016,conditional_source_only_not_network_or_full_range_validated,82.47032783779912,2248.858072868293,False
0.5,S2a,8.639748630626572,77.75773767563918,285.15729174621674,conditional_source_only_not_network_or_full_range_validated,86.39748630626575,2248.858072868293,False
0.5,S2a,9.032464477473235,81.29218029725914,284.6565674764026,conditional_source_only_not_network_or_full_range_validated,90.32464477473238,2248.8580728682937,False
0.5,S2a,9.425180324319898,84.82662291887911,284.1593055562591,conditional_source_only_not_network_or_full_range_validated,94.251803243199,2248.858072868293,False
0.5,S2a,9.81789617116656,88.36106554049906,283.66550598578624,conditional_source_only_not_network_or_full_range_validated,98.17896171166561,2248.8580728682928,False
0.5,S2a,10.210612018013222,91.895508162119,283.17516876498405,conditional_source_only_not_network_or_full_range_validated,102.10612018013222,2248.858072868293,False
0.5,S2a,10.603327864859883,95.429950783739,282.68829389385263,conditional_source_only_not_network_or_full_range_validated,106.03327864859888,2248.8580728682928,False
0.5,S2a,10.996043711706546,98.96439340535896,282.2048813723917,conditional_source_only_not_network_or_full_range_validated,109.96043711706551,2248.858072868293,False
0.5,S2a,11.38875955855321,102.49883602697892,281.72493120060165,conditional_source_only_not_network_or_full_range_validated,113.88759558553213,2248.8580728682928,False
0.5,S2a,11.781475405399872,106.03327864859888,281.2484433784822,conditional_source_only_not_network_or_full_range_validated,117.81475405399875,2248.858072868293,False
0.5,S2a,12.174191252246532,109.56772127021884,280.7754179060334,conditional_source_only_not_network_or_full_range_validated,121.74191252246537,2248.858072868293,False
0.5,S2a,12.566907099093196,113.1021638918388,280.3058547832553,conditional_source_only_not_network_or_full_range_validated,125.669070990932,2248.858072868293,False
0.5,S2a,12.95962294593986,116.63660651345876,279.83975401014783,conditional_source_only_not_network_or_full_range_validated,129.59622945939861,2248.858072868293,False
0.5,S2a,13.352338792786522,120.17104913507872,279.3771155867111,conditional_source_only_not_network_or_full_range_validated,133.52338792786523,2248.858072868293,False
0.5,S2a,13.745054639633182,123.70549175669866,278.917939512945,conditional_source_only_not_network_or_full_range_validated,137.45054639633184,2248.8580728682928,False
0.5,S2a,14.137770486479846,127.23993437831864,278.4622257888496,conditional_source_only_not_network_or_full_range_validated,141.3777048647985,2248.858072868293,False
0.5,S2a,14.530486333326508,130.7743769999386,278.00997441442485,conditional_source_only_not_network_or_full_range_validated,145.3048633332651,2248.858072868293,False
0.5,S2a,14.923202180173172,134.30881962155857,277.5611853896708,conditional_source_only_not_network_or_full_range_validated,149.23202180173175,2248.858072868293,False
0.5,S2a,15.315918027019832,137.84326224317854,277.1158587145874,conditional_source_only_not_network_or_full_range_validated,153.15918027019836,2248.8580728682928,False
0.5,S2a,15.708633873866496,141.3777048647985,276.6739943891747,conditional_source_only_not_network_or_full_range_validated,157.08633873866498,2248.858072868293,False
0.5,S2a,0.29396171929221,3.625527871270593,296.48397689251806,conditional_source_only_not_network_or_full_range_validated,3.919489590562803,2245.2643148195248,False
0.5,S2a,0.5879234385844201,7.251055742541186,295.9223362866134,conditional_source_only_not_network_or_full_range_validated,7.838979181125606,2245.2643148195248,False
0.5,S2a,0.8818851578766304,10.876583613811782,295.36427833109565,conditional_source_only_not_network_or_full_range_validated,11.758468771688412,2245.2643148195243,False
0.5,S2a,1.1758468771688402,14.502111485082372,294.80980302596475,conditional_source_only_not_network_or_full_range_validated,15.677958362251212,2245.2643148195248,False
0.5,S2a,1.4698085964610503,18.127639356352965,294.2589103712207,conditional_source_only_not_network_or_full_range_validated,19.597447952814015,2245.2643148195248,False
0.5,S2a,1.7637703157532607,21.753167227623564,293.7116003668635,conditional_source_only_not_network_or_full_range_validated,23.516937543376823,2245.2643148195243,False
0.5,S2a,2.05773203504547,25.378695098894152,293.16787301289315,conditional_source_only_not_network_or_full_range_validated,27.436427133939624,2245.2643148195248,False
0.5,S2a,2.3516937543376804,29.004222970164744,292.62772830930965,conditional_source_only_not_network_or_full_range_validated,31.355916724502425,2245.2643148195248,False
0.5,S2a,2.6456554736298905,32.62975084143534,292.091166256113,conditional_source_only_not_network_or_full_range_validated,35.275406315065226,2245.2643148195248,False
0.5,S2a,2.9396171929221007,36.25527871270593,291.5581868533032,conditional_source_only_not_network_or_full_range_validated,39.19489590562803,2245.2643148195248,False
0.5,S2a,3.233578912214311,39.88080658397652,291.0287901008802,conditional_source_only_not_network_or_full_range_validated,43.114385496190835,2245.2643148195243,False
0.5,S2a,3.5275406315065214,43.50633445524713,290.50297599884414,conditional_source_only_not_network_or_full_range_validated,47.033875086753646,2245.2643148195243,False
0.5,S2a,3.821502350798731,47.13186232651771,289.9807445471949,conditional_source_only_not_network_or_full_range_validated,50.95336467731644,2245.2643148195243,False
0.5,S2a,4.115464070090941,50.757390197788304,289.4620957459325,conditional_source_only_not_network_or_full_range_validated,54.87285426787925,2245.2643148195248,False
0.5,S2a,4.409425789383151,54.382918069058896,288.94702959505696,conditional_source_only_not_network_or_full_range_validated,58.792343858442045,2245.2643148195243,False
0.5,S2a,4.703387508675361,58.00844594032949,288.43554609456834,conditional_source_only_not_network_or_full_range_validated,62.71183344900485,2245.2643148195248,False
0.5,S2a,4.997349227967572,61.63397381160009,287.9276452444665,conditional_source_only_not_network_or_full_range_validated,66.63132303956766,2245.2643148195248,False
0.5,S2a,5.291310947259781,65.25950168287068,287.42332704475155,conditional_source_only_not_network_or_full_range_validated,70.55081263013045,2245.2643148195248,False
0.5,S2a,5.585272666551991,68.88502955414127,286.92259149542343,conditional_source_only_not_network_or_full_range_validated,74.47030222069326,2245.2643148195243,False
0.5,S2a,5.879234385844201,72.51055742541186,286.42543859648214,conditional_source_only_not_network_or_full_range_validated,78.38979181125606,2245.2643148195248,False
0.5,S2a,6.173196105136412,76.13608529668245,285.9318683479278,conditional_source_only_not_network_or_full_range_validated,82.30928140181886,2245.2643148195248,False
0.5,S2a,6.467157824428622,79.76161316795304,285.4418807497602,conditional_source_only_not_network_or_full_range_validated,86.22877099238167,2245.2643148195243,False
0.5,S2a,6.761119543720832,83.38714103922364,284.9554758019795,conditional_source_only_not_network_or_full_range_validated,90.14826058294447,2245.2643148195248,False
0.5,S2a,7.055081263013043,87.01266891049426,284.47265350458565,conditional_source_only_not_network_or_full_range_validated,94.06775017350729,2245.2643148195243,False
0.5,S2a,7.349042982305251,90.63819678176482,283.9934138575787,conditional_source_only_not_network_or_full_range_validated,97.98723976407007,2245.2643148195248,False
0.5,S2a,7.643004701597462,94.26372465303542,283.5177568609585,conditional_source_only_not_network_or_full_range_validated,101.90672935463289,2245.2643148195243,False
0.5,S2a,7.936966420889672,97.88925252430602,283.04568251472523,conditional_source_only_not_network_or_full_range_validated,105.82621894519569,2245.2643148195248,False
0.5,S2a,8.230928140181883,101.5147803955766,282.5771908188788,conditional_source_only_not_network_or_full_range_validated,109.74570853575848,2245.2643148195248,False
0.5,S2a,8.524889859474092,105.1403082668472,282.1122817734192,conditional_source_only_not_network_or_full_range_validated,113.66519812632129,2245.2643148195243,False
0.5,S2a,8.818851578766301,108.7658361381178,281.6509553783465,conditional_source_only_not_network_or_full_range_validated,117.5846877168841,2245.2643148195243,False
0.5,S2a,9.112813298058512,112.39136400938838,281.1932116336606,conditional_source_only_not_network_or_full_range_validated,121.5041773074469,2245.2643148195248,False
0.5,S2a,9.40677501735072,116.01689188065896,280.7390505393616,conditional_source_only_not_network_or_full_range_validated,125.42366689800969,2245.2643148195248,False
0.5,S2a,9.700736736642932,119.64241975192957,280.2884720954494,conditional_source_only_not_network_or_full_range_validated,129.3431564885725,2245.2643148195248,False
0.5,S2a,9.994698455935143,123.2679476232002,279.84147630192405,conditional_source_only_not_network_or_full_range_validated,133.26264607913535,2245.264314819525,False
0.5,S2a,10.288660175227353,126.89347549447076,279.3980631587856,conditional_source_only_not_network_or_full_range_validated,137.1821356696981,2245.2643148195248,False
0.5,S2a,10.582621894519562,130.51900336574136,278.958232666034,conditional_source_only_not_network_or_full_range_validated,141.1016252602609,2245.2643148195248,False
0.5,S2a,10.876583613811771,134.14453123701196,278.52198482366924,conditional_source_only_not_network_or_full_range_validated,145.02111485082372,2245.2643148195243,False
0.5,S2a,11.170545333103982,137.77005910828254,278.0893196316913,conditional_source_only_not_network_or_full_range_validated,148.9406044413865,2245.2643148195243,False
0.5,S2a,11.464507052396192,141.39558697955314,277.6602370901003,conditional_source_only_not_network_or_full_range_validated,152.86009403194933,2245.2643148195243,False
0.5,S2a,11.758468771688404,145.02111485082372,277.2347371988961,conditional_source_only_not_network_or_full_range_validated,156.77958362251212,2245.2643148195248,False
0.5,S2a,0.1955925302776467,3.716258075275293,296.4956085763184,conditional_source_only_not_network_or_full_range_validated,3.9118506055529396,2241.682024360638,False
0.5,S2a,0.3911850605552934,7.432516150550586,295.9457284402744,conditional_source_only_not_network_or_full_range_validated,7.823701211105879,2241.682024360638,False
0.5,S2a,0.5867775908329402,11.14877422582588,295.3995597406774,conditional_source_only_not_network_or_full_range_validated,11.73555181665882,2241.682024360638,False
0.5,S2a,0.7823701211105869,14.865032301101172,294.8571024775274,conditional_source_only_not_network_or_full_range_validated,15.647402422211758,2241.682024360638,False
0.5,S2a,0.9779626513882336,18.581290376376465,294.31835665082457,conditional_source_only_not_network_or_full_range_validated,19.559253027764697,2241.6820243606376,False
0.5,S2a,1.1735551816658805,22.29754845165176,293.78332226056875,conditional_source_only_not_network_or_full_range_validated,23.47110363331764,2241.682024360638,False
0.5,S2a,1.3691477119435271,26.01380652692705,293.25199930676,conditional_source_only_not_network_or_full_range_validated,27.382954238870575,2241.682024360638,False
0.5,S2a,1.5647402422211738,29.730064602202344,292.72438778939835,conditional_source_only_not_network_or_full_range_validated,31.294804844423517,2241.682024360638,False
0.5,S2a,1.7603327724988207,33.44632267747764,292.20048770848376,conditional_source_only_not_network_or_full_range_validated,35.20665544997646,2241.682024360638,False
0.5,S2a,1.9559253027764671,37.16258075275293,291.6802990640162,conditional_source_only_not_network_or_full_range_validated,39.118506055529394,2241.6820243606376,False
0.5,S2a,2.151517833054114,40.87883882802822,291.16382185599576,conditional_source_only_not_network_or_full_range_validated,43.03035666108234,2241.682024360638,False
0.5,S2a,2.347110363331761,44.59509690330352,290.65105608442235,conditional_source_only_not_network_or_full_range_validated,46.94220726663528,2241.682024360638,False
0.5,S2a,2.542702893609407,48.311354978578805,290.142001749296,conditional_source_only_not_network_or_full_range_validated,50.854057872188214,2241.6820243606376,False
0.5,S2a,2.7382954238870543,52.0276130538541,289.63665885061675,conditional_source_only_not_network_or_full_range_validated,54.76590847774115,2241.682024360638,False
0.5,S2a,2.9338879541647005,55.74387112912939,289.1350273883845,conditional_source_only_not_network_or_full_range_validated,58.67775908329409,2241.682024360638,False
0.5,S2a,3.129480484442348,59.46012920440469,288.6371073625994,conditional_source_only_not_network_or_full_range_validated,62.589609688847034,2241.682024360638,False
0.5,S2a,3.3250730147199943,63.17638727967998,288.1428987732613,conditional_source_only_not_network_or_full_range_validated,66.50146029439998,2241.6820243606385,False
0.5,S2a,3.5206655449976414,66.89264535495528,287.65240162037026,conditional_source_only_not_network_or_full_range_validated,70.41331089995292,2241.682024360638,False
0.5,S2a,3.716258075275288,70.60890343023057,287.1656159039263,conditional_source_only_not_network_or_full_range_validated,74.32516150550586,2241.6820243606385,False
0.5,S2a,3.9118506055529343,74.32516150550586,286.68254162392947,conditional_source_only_not_network_or_full_range_validated,78.23701211105879,2241.6820243606376,False
0.5,S2a,4.107443135830581,78.04141958078115,286.20317878037963,conditional_source_only_not_network_or_full_range_validated,82.14886271661173,2241.6820243606376,False
0.5,S2a,4.303035666108228,81.75767765605644,285.72752737327687,conditional_source_only_not_network_or_full_range_validated,86.06071332216467,2241.682024360638,False
0.5,S2a,4.498628196385875,85.47393573133174,285.2555874026212,conditional_source_only_not_network_or_full_range_validated,89.97256392771762,2241.6820243606376,False
0.5,S2a,4.694220726663522,89.19019380660704,284.7873588684126,conditional_source_only_not_network_or_full_range_validated,93.88441453327056,2241.682024360638,False
0.5,S2a,4.889813256941168,92.90645188188232,284.32284177065105,conditional_source_only_not_network_or_full_range_validated,97.79626513882349,2241.6820243606376,False
0.5,S2a,5.085405787218814,96.6227099571576,283.86203610933654,conditional_source_only_not_network_or_full_range_validated,101.70811574437641,2241.6820243606376,False
0.5,S2a,5.280998317496461,100.3389680324329,283.4049418844692,conditional_source_only_not_network_or_full_range_validated,105.61996634992937,2241.682024360638,False
0.5,S2a,5.4765908477741085,104.0552261077082,282.9515590960488,conditional_source_only_not_network_or_full_range_validated,109.5318169554823,2241.682024360638,False
0.5,S2a,5.672183378051755,107.7714841829835,282.50188774407553,conditional_source_only_not_network_or_full_range_validated,113.44366756103526,2241.682024360638,False
0.5,S2a,5.867775908329401,111.48774225825878,282.0559278285493,conditional_source_only_not_network_or_full_range_validated,117.35551816658818,2241.682024360638,False
0.5,S2a,6.063368438607048,115.20400033353408,281.6136793494701,conditional_source_only_not_network_or_full_range_validated,121.26736877214113,2241.682024360638,False
0.5,S2a,6.258960968884695,118.92025840880936,281.175142306838,conditional_source_only_not_network_or_full_range_validated,125.17921937769405,2241.682024360638,False
0.5,S2a,6.454553499162342,122.63651648408468,280.7403167006529,conditional_source_only_not_network_or_full_range_validated,129.09106998324702,2241.682024360638,False
0.5,S2a,6.650146029439989,126.35277455935996,280.309202530915,conditional_source_only_not_network_or_full_range_validated,133.00292058879995,2241.6820243606385,False
0.5,S2a,6.845738559717635,130.06903263463525,279.8817997976241,conditional_source_only_not_network_or_full_range_validated,136.91477119435288,2241.682024360638,False
0.5,S2a,7.041331089995283,133.78529070991056,279.45810850078027,conditional_source_only_not_network_or_full_range_validated,140.82662179990584,2241.682024360638,False
0.5,S2a,7.236923620272929,137.50154878518583,279.03812864038355,conditional_source_only_not_network_or_full_range_validated,144.73847240545877,2241.6820243606385,False
0.5,S2a,7.432516150550576,141.21780686046114,278.62186021643384,conditional_source_only_not_network_or_full_range_validated,148.65032301101172,2241.6820243606385,False
0.5,S2a,7.628108680828222,144.93406493573642,278.2093032289312,conditional_source_only_not_network_or_full_range_validated,152.56217361656465,2241.682024360638,False
0.5,S2a,7.823701211105869,148.65032301101172,277.8004576778756,conditional_source_only_not_network_or_full_range_validated,156.47402422211758,2241.6820243606376,False
0.5,S2a,0.0976060334748885,3.8066353055206688,296.5071994509545,conditional_source_only_not_network_or_full_range_validated,3.9042413389955573,2238.111146689891,False
0.5,S2a,0.1952120669497771,7.6132706110413375,295.9690473592828,conditional_source_only_not_network_or_full_range_validated,7.8084826779911145,2238.111146689891,False
0.5,S2a,0.2928181004246658,11.419905916562008,295.4347438737942,conditional_source_only_not_network_or_full_range_validated,11.712724016986675,2238.111146689891,False
0.5,S2a,0.3904241338995543,15.226541222082677,294.9042889944888,conditional_source_only_not_network_or_full_range_validated,15.61696535598223,2238.111146689891,False
0.5,S2a,0.4880301673744429,19.03317652760334,294.37768272136674,conditional_source_only_not_network_or_full_range_validated,19.521206694977785,2238.1111466898906,False
0.5,S2a,0.5856362008493315,22.839811833124013,293.8549250544278,conditional_source_only_not_network_or_full_range_validated,23.425448033973346,2238.1111466898906,False
0.5,S2a,0.68324223432422,26.64644713864468,293.33601599367205,conditional_source_only_not_network_or_full_range_validated,27.3296893729689,2238.1111466898906,False
0.5,S2a,0.7808482677991087,30.45308244416535,292.8209555390996,conditional_source_only_not_network_or_full_range_validated,31.233930711964458,2238.111146689891,False
0.5,S2a,0.8784543012739973,34.25971774968602,292.3097436907103,conditional_source_only_not_network_or_full_range_validated,35.138172050960016,2238.1111466898906,False
0.5,S2a,0.9760603347488858,38.06635305520668,291.8023804485042,conditional_source_only_not_network_or_full_range_validated,39.04241338995557,2238.1111466898906,False
0.5,S2a,1.0736663682237744,41.87298836072736,291.29886581248144,conditional_source_only_not_network_or_full_range_validated,42.94665472895114,2238.1111466898906,False
0.5,S2a,1.171272401698663,45.67962366624803,290.7991997826418,conditional_source_only_not_network_or_full_range_validated,46.85089606794669,2238.1111466898906,False
0.5,S2a,1.2688784351735514,49.486258971768684,290.3033823589853,conditional_source_only_not_network_or_full_range_validated,50.75513740694224,2238.1111466898906,False
0.5,S2a,1.36648446864844,53.29289427728936,289.8114135415121,conditional_source_only_not_network_or_full_range_validated,54.6593787459378,2238.1111466898906,False
0.5,S2a,1.4640905021233286,57.09952958281003,289.3232933302221,conditional_source_only_not_network_or_full_range_validated,58.563620084933355,2238.111146689891,False
0.5,S2a,1.5616965355982173,60.9061648883307,288.83902172511534,conditional_source_only_not_network_or_full_range_validated,62.467861423928916,2238.111146689891,False
0.5,S2a,1.6593025690731058,64.71280019385136,288.35859872619176,conditional_source_only_not_network_or_full_range_validated,66.37210276292447,2238.1111466898906,False
0.5,S2a,1.7569086025479943,68.51943549937204,287.8820243334514,conditional_source_only_not_network_or_full_range_validated,70.27634410192003,2238.1111466898906,False
0.5,S2a,1.8545146360228832,72.32607080489271,287.40929854689426,conditional_source_only_not_network_or_full_range_validated,74.18058544091559,2238.1111466898906,False
0.5,S2a,1.9521206694977715,76.13270611041337,286.9404213665203,conditional_source_only_not_network_or_full_range_validated,78.08482677991114,2238.1111466898906,False
0.5,S2a,2.04972670297266,79.93934141593404,286.4753927923296,conditional_source_only_not_network_or_full_range_validated,81.9890681189067,2238.1111466898906,False
0.5,S2a,2.1473327364475487,83.74597672145471,286.0142128243221,conditional_source_only_not_network_or_full_range_validated,85.89330945790226,2238.111146689891,False
0.5,S2a,2.2449387699224377,87.55261202697538,285.5568814624978,conditional_source_only_not_network_or_full_range_validated,89.79755079689782,2238.111146689891,False
0.5,S2a,2.342544803397326,91.35924733249604,285.10339870685675,conditional_source_only_not_network_or_full_range_validated,93.70179213589337,2238.1111466898906,False
0.5,S2a,2.4401508368722147,95.16588263801673,284.65376455739886,conditional_source_only_not_network_or_full_range_validated,97.60603347488895,2238.1111466898906,False
0.5,S2a,2.5377568703471027,98.97251794353735,284.20797901412425,conditional_source_only_not_network_or_full_range_validated,101.51027481388445,2238.1111466898906,False
0.5,S2a,2.635362903821992,102.77915324905806,283.7660420770328,conditional_source_only_not_network_or_full_range_validated,105.41451615288005,2238.1111466898906,False
0.5,S2a,2.73296893729688,106.58578855457873,283.3279537461246,conditional_source_only_not_network_or_full_range_validated,109.3187574918756,2238.1111466898906,False
0.5,S2a,2.830574970771769,110.3924238600994,282.89371402139955,conditional_source_only_not_network_or_full_range_validated,113.22299883087116,2238.1111466898906,False
0.5,S2a,2.928181004246657,114.19905916562006,282.46332290285784,conditional_source_only_not_network_or_full_range_validated,117.12724016986671,2238.111146689891,False
0.5,S2a,3.025787037721546,118.00569447114071,282.0367803904992,conditional_source_only_not_network_or_full_range_validated,121.03148150886226,2238.111146689891,False
0.5,S2a,3.1233930711964346,121.8123297766614,281.6140864843238,conditional_source_only_not_network_or_full_range_validated,124.93572284785783,2238.111146689891,False
0.5,S2a,3.220999104671324,125.61896508218209,281.19524118433173,conditional_source_only_not_network_or_full_range_validated,128.83996418685342,2238.111146689891,False
0.5,S2a,3.318605138146212,129.42560038770273,280.7802444905228,conditional_source_only_not_network_or_full_range_validated,132.74420552584894,2238.1111466898906,False
0.5,S2a,3.4162111716211,133.2322356932234,280.369096402897,conditional_source_only_not_network_or_full_range_validated,136.64844686484452,2238.1111466898906,False
0.5,S2a,3.513817205095989,137.03887099874407,279.9617969214545,conditional_source_only_not_network_or_full_range_validated,140.55268820384006,2238.1111466898906,False
0.5,S2a,3.6114232385708775,140.84550630426477,279.55834604619525,conditional_source_only_not_network_or_full_range_validated,144.45692954283564,2238.11114668989,False
0.5,S2a,3.7090292720457674,144.65214160978542,279.1587437771191,conditional_source_only_not_network_or_full_range_validated,148.36117088183119,2238.1111466898906,False
0.5,S2a,3.806635305520655,148.4587769153061,278.7629901142262,conditional_source_only_not_network_or_full_range_validated,152.26541222082673,2238.1111466898906,False
0.5,S2a,3.904241338995543,152.26541222082673,278.3710850575166,conditional_source_only_not_network_or_full_range_validated,156.16965355982228,2238.1111466898906,False
0.5,S2a,0.0,3.896661617803828,296.51874972828506,conditional_source_only_not_network_or_full_range_validated,3.896661617803828,2234.5516273541693,False
0.5,S2a,0.0,7.793323235607656,295.9922933668814,conditional_source_only_not_network_or_full_range_validated,7.793323235607656,2234.5516273541693,False
0.5,S2a,0.0,11.689984853411486,295.4698310645988,conditional_source_only_not_network_or_full_range_validated,11.689984853411486,2234.5516273541693,False
0.5,S2a,0.0,15.586646471215312,294.9513628214371,conditional_source_only_not_network_or_full_range_validated,15.586646471215312,2234.5516273541693,False
0.5,S2a,0.0,19.48330808901914,294.4368886373963,conditional_source_only_not_network_or_full_range_validated,19.48330808901914,2234.5516273541693,False
0.5,S2a,0.0,23.379969706822973,293.9264085124764,conditional_source_only_not_network_or_full_range_validated,23.379969706822973,2234.5516273541693,False
0.5,S2a,0.0,27.2766313246268,293.4199224466774,conditional_source_only_not_network_or_full_range_validated,27.2766313246268,2234.5516273541693,False
0.5,S2a,0.0,31.173292942430624,292.9174304399993,conditional_source_only_not_network_or_full_range_validated,31.173292942430624,2234.5516273541693,False
0.5,S2a,0.0,35.06995456023445,292.41893249244225,conditional_source_only_not_network_or_full_range_validated,35.06995456023445,2234.5516273541693,False
0.5,S2a,0.0,38.96661617803828,291.924428604006,conditional_source_only_not_network_or_full_range_validated,38.96661617803828,2234.5516273541693,False
0.5,S2a,0.0,42.86327779584211,291.4339187746907,conditional_source_only_not_network_or_full_range_validated,42.86327779584211,2234.551627354169,False
0.5,S2a,0.0,46.759939413645945,290.9474030044964,conditional_source_only_not_network_or_full_range_validated,46.759939413645945,2234.5516273541693,False
0.5,S2a,0.0,50.65660103144977,290.46488129342293,conditional_source_only_not_network_or_full_range_validated,50.65660103144977,2234.5516273541693,False
0.5,S2a,0.0,54.5532626492536,289.9863536414704,conditional_source_only_not_network_or_full_range_validated,54.5532626492536,2234.5516273541693,False
0.5,S2a,0.0,58.44992426705742,289.51182004863875,conditional_source_only_not_network_or_full_range_validated,58.44992426705742,2234.5516273541693,False
0.5,S2a,0.0,62.34658588486125,289.0412805149281,conditional_source_only_not_network_or_full_range_validated,62.34658588486125,2234.5516273541693,False
0.5,S2a,0.0,66.24324750266508,288.57473504033834,conditional_source_only_not_network_or_full_range_validated,66.24324750266508,2234.551627354169,False
0.5,S2a,0.0,70.1399091204689,288.11218362486943,conditional_source_only_not_network_or_full_range_validated,70.1399091204689,2234.5516273541693,False
0.5,S2a,0.0,74.03657073827273,287.65362626852146,conditional_source_only_not_network_or_full_range_validated,74.03657073827273,2234.551627354169,False
0.5,S2a,0.0,77.93323235607656,287.1990629712945,conditional_source_only_not_network_or_full_range_validated,77.93323235607656,2234.5516273541693,False
0.5,S2a,0.0,81.82989397388039,286.7484937331884,conditional_source_only_not_network_or_full_range_validated,81.82989397388039,2234.5516273541693,False
0.5,S2a,0.0,85.72655559168422,286.3019185542032,conditional_source_only_not_network_or_full_range_validated,85.72655559168422,2234.551627354169,False
0.5,S2a,0.0,89.62321720948805,285.8593374343389,conditional_source_only_not_network_or_full_range_validated,89.62321720948805,2234.5516273541693,False
0.5,S2a,0.0,93.51987882729188,285.4207503735956,conditional_source_only_not_network_or_full_range_validated,93.51987882729188,2234.551627354169,False
0.5,S2a,0.0,97.4165404450957,284.9861573719732,conditional_source_only_not_network_or_full_range_validated,97.4165404450957,2234.5516273541693,False
0.5,S2a,0.0,101.31320206289952,284.55555842947166,conditional_source_only_not_network_or_full_range_validated,101.31320206289952,2234.5516273541693,False
0.5,S2a,0.0,105.20986368070336,284.1289535460911,conditional_source_only_not_network_or_full_range_validated,105.20986368070336,2234.5516273541693,False
0.5,S2a,0.0,109.1065252985072,283.70634272183145,conditional_source_only_not_network_or_full_range_validated,109.1065252985072,2234.5516273541693,False
0.5,S2a,0.0,113.00318691631102,283.2877259566927,conditional_source_only_not_network_or_full_range_validated,113.00318691631102,2234.5516273541693,False
0.5,S2a,0.0,116.89984853411484,282.87310325067483,conditional_source_only_not_network_or_full_range_validated,116.89984853411484,2234.5516273541693,False
0.5,S2a,0.0,120.79651015191868,282.46247460377793,conditional_source_only_not_network_or_full_range_validated,120.79651015191868,2234.5516273541693,False
0.5,S2a,0.0,124.6931717697225,282.055840016002,conditional_source_only_not_network_or_full_range_validated,124.6931717697225,2234.5516273541693,False
0.5,S2a,0.0,128.58983338752634,281.65319948734685,conditional_source_only_not_network_or_full_range_validated,128.58983338752634,2234.551627354169,False
0.5,S2a,0.0,132.48649500533017,281.2545530178127,conditional_source_only_not_network_or_full_range_validated,132.48649500533017,2234.551627354169,False
0.5,S2a,0.0,136.38315662313397,280.85990060739954,conditional_source_only_not_network_or_full_range_validated,136.38315662313397,2234.5516273541693,False
0.5,S2a,0.0,140.2798182409378,280.46924225610724,conditional_source_only_not_network_or_full_range_validated,140.2798182409378,2234.5516273541693,False
0.5,S2a,0.0,144.17647985874163,280.0825779639358,conditional_source_only_not_network_or_full_range_validated,144.17647985874163,2234.5516273541693,False
0.5,S2a,0.0,148.07314147654546,279.69990773088534,conditional_source_only_not_network_or_full_range_validated,148.07314147654546,2234.551627354169,False
0.5,S2a,0.0,151.96980309434932,279.3212315569558,conditional_source_only_not_network_or_full_range_validated,151.96980309434932,2234.551627354169,False
0.5,S2a,0.0,155.86646471215312,278.9465494421472,conditional_source_only_not_network_or_full_range_validated,155.86646471215312,2234.5516273541693,False
0.75,S2a,0.0,0.0,457.9892650785901,conditional_source_only_not_network_or_full_range_validated,0.0,2386.3637082538426,False
0.75,S2a,8.87809936390965,0.0,455.7561282643831,conditional_source_only_not_network_or_full_range_validated,8.87809936390965,2386.3637082538426,False
0.75,S2a,17.7561987278193,0.0,453.5390598094762,conditional_source_only_not_network_or_full_range_validated,17.7561987278193,2386.3637082538426,False
0.75,S2a,26.63429809172895,0.0,451.3380597138695,conditional_source_only_not_network_or_full_range_validated,26.63429809172895,2386.3637082538426,False
0.75,S2a,35.5123974556386,0.0,449.1531279775627,conditional_source_only_not_network_or_full_range_validated,35.5123974556386,2386.3637082538426,False
0.75,S2a,44.39049681954825,0.0,446.9842646005559,conditional_source_only_not_network_or_full_range_validated,44.39049681954825,2386.3637082538426,False
0.75,S2a,53.2685961834579,0.0,444.8314695828492,conditional_source_only_not_network_or_full_range_validated,53.2685961834579,2386.3637082538426,False
0.75,S2a,62.14669554736755,0.0,442.69474292444255,conditional_source_only_not_network_or_full_range_validated,62.14669554736755,2386.3637082538426,False
0.75,S2a,71.0247949112772,0.0,440.5740846253359,conditional_source_only_not_network_or_full_range_validated,71.0247949112772,2386.3637082538426,False
0.75,S2a,79.90289427518685,0.0,438.4694946855293,conditional_source_only_not_network_or_full_range_validated,79.90289427518685,2386.3637082538426,False
0.75,S2a,88.7809936390965,0.0,436.3809731050228,conditional_source_only_not_network_or_full_range_validated,88.7809936390965,2386.3637082538426,False
0.75,S2a,97.65909300300616,0.0,434.30851988381625,conditional_source_only_not_network_or_full_range_validated,97.65909300300616,2386.3637082538426,False
0.75,S2a,106.5371923669158,0.0,432.2521350219098,conditional_source_only_not_network_or_full_range_validated,106.5371923669158,2386.3637082538426,False
0.75,S2a,115.41529173082544,0.0,430.21181851930334,conditional_source_only_not_network_or_full_range_validated,115.41529173082544,2386.363708253842,False
0.75,S2a,124.2933910947351,0.0,428.1875703759969,conditional_source_only_not_network_or_full_range_validated,124.2933910947351,2386.3637082538426,False
0.75,S2a,133.17149045864474,0.0,426.1793905919906,conditional_source_only_not_network_or_full_range_validated,133.17149045864474,2386.3637082538426,False
0.75,S2a,142.0495898225544,0.0,424.18727916728426,conditional_source_only_not_network_or_full_range_validated,142.0495898225544,2386.3637082538426,False
0.75,S2a,150.92768918646405,0.0,422.211236101878,conditional_source_only_not_network_or_full_range_validated,150.92768918646405,2386.3637082538426,False
0.75,S2a,159.8057885503737,0.0,420.2512613957717,conditional_source_only_not_network_or_full_range_validated,159.8057885503737,2386.3637082538426,False
0.75,S2a,168.68388791428336,0.0,418.3073550489655,conditional_source_only_not_network_or_full_range_validated,168.68388791428336,2386.3637082538426,False
0.75,S2a,177.561987278193,0.0,416.3795170614594,conditional_source_only_not_network_or_full_range_validated,177.561987278193,2386.3637082538426,False
0.75,S2a,186.44008664210264,0.0,414.4677474332533,conditional_source_only_not_network_or_full_range_validated,186.44008664210264,2386.363708253842,False
0.75,S2a,195.3181860060123,0.0,412.5720461643472,conditional_source_only_not_network_or_full_range_validated,195.3181860060123,2386.363708253842,False
0.75,S2a,204.19628536992195,0.0,410.6924132547412,conditional_source_only_not_network_or_full_range_validated,204.19628536992195,2386.3637082538426,False
0.75,S2a,213.0743847338316,0.0,408.8288487044352,conditional_source_only_not_network_or_full_range_validated,213.0743847338316,2386.3637082538426,False
0.75,S2a,221.95248409774123,0.0,406.9813525134292,conditional_source_only_not_network_or_full_range_validated,221.95248409774123,2386.3637082538426,False
0.75,S2a,230.8305834616509,0.0,405.1499246817233,conditional_source_only_not_network_or_full_range_validated,230.8305834616509,2386.363708253842,False
0.75,S2a,239.70868282556052,0.0,403.33456520931736,conditional_source_only_not_network_or_full_range_validated,239.70868282556052,2386.363708253842,False
0.75,S2a,248.5867821894702,0.0,401.5352740962116,conditional_source_only_not_network_or_full_range_validated,248.5867821894702,2386.3637082538426,False
0.75,S2a,257.4648815533799,0.0,399.75205134240576,conditional_source_only_not_network_or_full_range_validated,257.4648815533799,2386.363708253842,False
0.75,S2a,266.3429809172895,0.0,397.9848969479,conditional_source_only_not_network_or_full_range_validated,266.3429809172895,2386.3637082538426,False
0.75,S2a,275.22108028119914,0.0,396.2338109126943,conditional_source_only_not_network_or_full_range_validated,275.22108028119914,2386.3637082538426,False
0.75,S2a,284.0991796451088,0.0,394.4987932367886,conditional_source_only_not_network_or_full_range_validated,284.0991796451088,2386.3637082538426,False
0.75,S2a,292.97727900901845,0.0,392.7798439201829,conditional_source_only_not_network_or_full_range_validated,292.97727900901845,2386.3637082538426,False
0.75,S2a,301.8553783729281,0.0,391.0769629628773,conditional_source_only_not_network_or_full_range_validated,301.8553783729281,2386.3637082538426,False
0.75,S2a,310.7334777368377,0.0,389.3901503648718,conditional_source_only_not_network_or_full_range_validated,310.7334777368377,2386.3637082538426,False
0.75,S2a,319.6115771007474,0.0,387.71940612616623,conditional_source_only_not_network_or_full_range_validated,319.6115771007474,2386.3637082538426,False
0.75,S2a,328.48967646465707,0.0,386.0647302467608,conditional_source_only_not_network_or_full_range_validated,328.48967646465707,2386.3637082538426,False
0.75,S2a,337.3677758285667,0.0,384.4261227266553,conditional_source_only_not_network_or_full_range_validated,337.3677758285667,2386.3637082538426,False
0.75,S2a,346.2458751924764,0.0,382.80358356584986,conditional_source_only_not_network_or_full_range_validated,346.2458751924764,2386.363708253842,False
0.75,S2a,355.123974556386,0.0,381.1971127643445,conditional_source_only_not_network_or_full_range_validated,355.123974556386,2386.3637082538426,False
0.75,S2a,8.699263706976412,0.2230580437686259,455.76924540818624,conditional_source_only_not_network_or_full_range_validated,8.922321750745038,2382.3174315621145,False
0.75,S2a,17.398527413952824,0.4461160875372519,453.564670274266,conditional_source_only_not_network_or_full_range_validated,17.844643501490076,2382.3174315621145,False
0.75,S2a,26.09779112092924,0.669174131305878,451.3755396768293,conditional_source_only_not_network_or_full_range_validated,26.766965252235117,2382.317431562115,False
0.75,S2a,34.79705482790565,0.8922321750745038,449.2018536158762,conditional_source_only_not_network_or_full_range_validated,35.68928700298015,2382.3174315621145,False
0.75,S2a,43.49631853488206,1.1152902188431295,447.0436120914067,conditional_source_only_not_network_or_full_range_validated,44.611608753725186,2382.317431562115,False
0.75,S2a,52.19558224185848,1.338348262611756,444.9008151034209,conditional_source_only_not_network_or_full_range_validated,53.533930504470234,2382.317431562115,False
0.75,S2a,60.894845948834885,1.5614063063803818,442.7734626519185,conditional_source_only_not_network_or_full_range_validated,62.45625225521527,2382.317431562115,False
0.75,S2a,69.5941096558113,1.7844643501490076,440.6615547368998,conditional_source_only_not_network_or_full_range_validated,71.3785740059603,2382.3174315621145,False
0.75,S2a,78.29337336278769,2.007522393917633,438.5650913583647,conditional_source_only_not_network_or_full_range_validated,80.30089575670533,2382.317431562115,False
0.75,S2a,86.99263706976411,2.2305804376862595,436.4840725163131,conditional_source_only_not_network_or_full_range_validated,89.22321750745037,2382.317431562115,False
0.75,S2a,95.69190077674052,2.453638481454885,434.4184982107452,conditional_source_only_not_network_or_full_range_validated,98.14553925819541,2382.317431562115,False
0.75,S2a,104.39116448371696,2.676696525223512,432.3683684416608,conditional_source_only_not_network_or_full_range_validated,107.06786100894047,2382.317431562115,False
0.75,S2a,113.09042819069334,2.899754568992137,430.33368320906,conditional_source_only_not_network_or_full_range_validated,115.99018275968548,2382.317431562115,False
0.75,S2a,121.78969189766975,3.122812612760764,428.3144425129428,conditional_source_only_not_network_or_full_range_validated,124.91250451043052,2382.317431562115,False
0.75,S2a,130.48895560464615,3.3458706565293888,426.3106463533092,conditional_source_only_not_network_or_full_range_validated,133.83482626117555,2382.3174315621154,False
0.75,S2a,139.1882193116226,3.5689287002980152,424.3222947301592,conditional_source_only_not_network_or_full_range_validated,142.7571480119206,2382.3174315621145,False
0.75,S2a,147.88748301859903,3.7919867440666417,422.3493876434927,conditional_source_only_not_network_or_full_range_validated,151.67946976266566,2382.3174315621145,False
0.75,S2a,156.58674672557538,4.015044787835267,420.39192509330985,conditional_source_only_not_network_or_full_range_validated,160.60179151341066,2382.317431562115,False
0.75,S2a,165.28601043255182,4.238102831603893,418.44990707961057,conditional_source_only_not_network_or_full_range_validated,169.52411326415572,2382.3174315621154,False
0.75,S2a,173.98527413952823,4.461160875372519,416.52333360239487,conditional_source_only_not_network_or_full_range_validated,178.44643501490074,2382.317431562115,False
0.75,S2a,182.68453784650464,4.684218919141145,414.6122046616628,conditional_source_only_not_network_or_full_range_validated,187.3687567656458,2382.317431562115,False
0.75,S2a,191.38380155348105,4.907276962909771,412.7165202574143,conditional_source_only_not_network_or_full_range_validated,196.29107851639083,2382.317431562115,False
0.75,S2a,200.0830652604575,5.130335006678397,410.83628038964935,conditional_source_only_not_network_or_full_range_validated,205.21340026713588,2382.317431562115,False
0.75,S2a,208.7823289674339,5.353393050447024,408.9714850583681,conditional_source_only_not_network_or_full_range_validated,214.1357220178809,2382.317431562115,False
0.75,S2a,217.48159267441028,5.576451094215649,407.1221342635703,conditional_source_only_not_network_or_full_range_validated,223.05804376862594,2382.317431562115,False
0.75,S2a,226.1808563813867,5.799509137984274,405.28822800525614,conditional_source_only_not_network_or_full_range_validated,231.98036551937096,2382.317431562115,False
0.75,S2a,234.8801200883631,6.022567181752901,403.4697662834256,conditional_source_only_not_network_or_full_range_validated,240.902687270116,2382.3174315621145,False
0.75,S2a,243.57938379533957,6.245625225521527,401.6667490980786,conditional_source_only_not_network_or_full_range_validated,249.8250090208611,2382.3174315621145,False
0.75,S2a,252.278647502316,6.468683269290153,399.8791764492152,conditional_source_only_not_network_or_full_range_validated,258.74733077160613,2382.317431562115,False
0.75,S2a,260.9779112092923,6.6917413130587775,398.1070483368354,conditional_source_only_not_network_or_full_range_validated,267.6696525223511,2382.3174315621154,False
0.75,S2a,269.6771749162688,6.914799356827405,396.3503647609392,conditional_source_only_not_network_or_full_range_validated,276.59197427309624,2382.317431562115,False
0.75,S2a,278.3764386232452,7.137857400596031,394.60912572152654,conditional_source_only_not_network_or_full_range_validated,285.5142960238412,2382.3174315621145,False
0.75,S2a,287.0757023302216,7.360915444364656,392.8833312185975,conditional_source_only_not_network_or_full_range_validated,294.43661777458624,2382.317431562115,False
0.75,S2a,295.77496603719806,7.583973488133283,391.17298125215206,conditional_source_only_not_network_or_full_range_validated,303.3589395253313,2382.3174315621145,False
0.75,S2a,304.47422974417435,7.807031531901908,389.4780758221902,conditional_source_only_not_network_or_full_range_validated,312.28126127607624,2382.3174315621145,False
0.75,S2a,313.1734934511508,8.030089575670534,387.7986149287119,conditional_source_only_not_network_or_full_range_validated,321.2035830268214,2382.3174315621145,False
0.75,S2a,321.87275715812723,8.25314761943916,386.1345985717172,conditional_source_only_not_network_or_full_range_validated,330.1259047775664,2382.3174315621145,False
0.75,S2a,330.57202086510364,8.476205663207786,384.4860267512061,conditional_source_only_not_network_or_full_range_validated,339.04822652831143,2382.3174315621154,False
0.75,S2a,339.27128457208005,8.699263706976412,382.8528994671786,conditional_source_only_not_network_or_full_range_validated,347.97054827905646,2382.317431562115,False
0.75,S2a,347.97054827905646,8.922321750745038,381.23521671963465,conditional_source_only_not_network_or_full_range_validated,356.8928700298015,2382.317431562115,False
0.75,S2a,8.456300869380481,0.445068466809499,455.798602437034,conditional_source_only_not_network_or_full_range_validated,8.90136933618998,2378.2848532360813,False
0.75,S2a,16.912601738760962,0.890136933618998,453.6225660698453,conditional_source_only_not_network_or_full_range_validated,17.80273867237996,2378.2848532360813,False
0.75,S2a,25.368902608141443,1.3352054004284972,451.4611559770239,conditional_source_only_not_network_or_full_range_validated,26.70410800856994,2378.284853236081,False
0.75,S2a,33.825203477521924,1.780273867237996,449.3143721585698,conditional_source_only_not_network_or_full_range_validated,35.60547734475992,2378.2848532360813,False
0.75,S2a,42.2815043469024,2.225342334047495,447.1822146144831,conditional_source_only_not_network_or_full_range_validated,44.5068466809499,2378.2848532360813,False
0.75,S2a,50.73780521628289,2.6704108008569944,445.06468334476375,conditional_source_only_not_network_or_full_range_validated,53.40821601713988,2378.284853236081,False
0.75,S2a,59.19410608566337,3.115479267666493,442.9617783494117,conditional_source_only_not_network_or_full_range_validated,62.309585353329865,2378.2848532360813,False
0.75,S2a,67.65040695504385,3.560547734475992,440.8734996284269,conditional_source_only_not_network_or_full_range_validated,71.21095468951984,2378.2848532360813,False
0.75,S2a,76.10670782442433,4.005616201285491,438.7998471818096,conditional_source_only_not_network_or_full_range_validated,80.11232402570982,2378.2848532360813,False
0.75,S2a,84.5630086938048,4.45068466809499,436.7408210095595,conditional_source_only_not_network_or_full_range_validated,89.0136933618998,2378.2848532360813,False
0.75,S2a,93.01930956318527,4.895753134904489,434.6964211116768,conditional_source_only_not_network_or_full_range_validated,97.91506269808977,2378.2848532360813,False
0.75,S2a,101.47561043256576,5.340821601713989,432.6666474881614,conditional_source_only_not_network_or_full_range_validated,106.81643203427974,2378.2848532360813,False
0.75,S2a,109.93191130194626,5.785890068523488,430.65150013901336,conditional_source_only_not_network_or_full_range_validated,115.71780137046974,2378.284853236081,False
0.75,S2a,118.38821217132674,6.230958535332987,428.6509790642327,conditional_source_only_not_network_or_full_range_validated,124.61917070665973,2378.2848532360813,False
0.75,S2a,126.8445130407072,6.676027002142485,426.66508426381927,conditional_source_only_not_network_or_full_range_validated,133.5205400428497,2378.2848532360813,False
0.75,S2a,135.3008139100877,7.121095468951984,424.69381573777326,conditional_source_only_not_network_or_full_range_validated,142.42190937903968,2378.2848532360813,False
0.75,S2a,143.75711477946817,7.566163935761484,422.7371734860945,conditional_source_only_not_network_or_full_range_validated,151.32327871522966,2378.284853236081,False
0.75,S2a,152.21341564884867,8.011232402570982,420.7951575087831,conditional_source_only_not_network_or_full_range_validated,160.22464805141965,2378.2848532360813,False
0.75,S2a,160.66971651822914,8.456300869380483,418.8677678058392,conditional_source_only_not_network_or_full_range_validated,169.1260173876096,2378.2848532360813,False
0.75,S2a,169.1260173876096,8.90136933618998,416.9550043772624,conditional_source_only_not_network_or_full_range_validated,178.0273867237996,2378.2848532360813,False
0.75,S2a,177.5823182569901,9.34643780299948,415.056867223053,conditional_source_only_not_network_or_full_range_validated,186.92875605998958,2378.2848532360813,False
0.75,S2a,186.03861912637055,9.79150626980898,413.173356343211,conditional_source_only_not_network_or_full_range_validated,195.83012539617954,2378.2848532360813,False
0.75,S2a,194.49491999575108,10.23657473661848,411.30447173773626,conditional_source_only_not_network_or_full_range_validated,204.73149473236955,2378.2848532360813,False
0.75,S2a,202.95122086513155,10.681643203427978,409.45021340662896,conditional_source_only_not_network_or_full_range_validated,213.6328640685595,2378.284853236081,False
0.75,S2a,211.407521734512,11.126711670237476,407.61058134988895,conditional_source_only_not_network_or_full_range_validated,222.53423340474947,2378.2848532360813,False
0.75,S2a,219.8638226038925,11.571780137046977,405.78557556751616,conditional_source_only_not_network_or_full_range_validated,231.43560274093946,2378.284853236081,False
0.75,S2a,228.320123473273,12.016848603856474,403.9751960595109,conditional_source_only_not_network_or_full_range_validated,240.33697207712947,2378.2848532360813,False
0.75,S2a,236.77642434265348,12.461917070665974,402.1794428258728,conditional_source_only_not_network_or_full_range_validated,249.23834141331946,2378.2848532360813,False
0.75,S2a,245.232725212034,12.906985537475473,400.3983158666021,conditional_source_only_not_network_or_full_range_validated,258.1397107495095,2378.2848532360817,False
0.75,S2a,253.6890260814144,13.35205400428497,398.6318151816988,conditional_source_only_not_network_or_full_range_validated,267.0410800856994,2378.2848532360813,False
0.75,S2a,262.14532695079487,13.797122471094468,396.8799407711627,conditional_source_only_not_network_or_full_range_validated,275.94244942188936,2378.2848532360813,False
0.75,S2a,270.6016278201754,14.242190937903969,395.142692634994,conditional_source_only_not_network_or_full_range_validated,284.84381875807935,2378.2848532360813,False
0.75,S2a,279.05792868955587,14.687259404713467,393.4200707731926,conditional_source_only_not_network_or_full_range_validated,293.74518809426934,2378.284853236081,False
0.75,S2a,287.51422955893634,15.132327871522968,391.7120751857586,conditional_source_only_not_network_or_full_range_validated,302.6465574304593,2378.284853236081,False
0.75,S2a,295.9705304283168,15.577396338332466,390.018705872692,conditional_source_only_not_network_or_full_range_validated,311.54792676664925,2378.2848532360804,False
0.75,S2a,304.42683129769733,16.022464805141965,388.33996283399256,conditional_source_only_not_network_or_full_range_validated,320.4492961028393,2378.2848532360813,False
0.75,S2a,312.8831321670778,16.467533271951464,386.67584606966057,conditional_source_only_not_network_or_full_range_validated,329.3506654390293,2378.284853236081,False
0.75,S2a,321.3394330364583,16.912601738760966,385.0263555796959,conditional_source_only_not_network_or_full_range_validated,338.2520347752192,2378.2848532360813,False
0.75,S2a,329.7957339058388,17.357670205570464,383.3914913640985,conditional_source_only_not_network_or_full_range_validated,347.15340411140926,2378.284853236081,False
0.75,S2a,338.2520347752192,17.80273867237996,381.7712534228685,conditional_source_only_not_network_or_full_range_validated,356.0547734475992,2378.2848532360813,False
0.75,S2a,8.21447646453316,0.6660386322594455,455.8278410598228,conditional_source_only_not_network_or_full_range_validated,8.880515096792605,2374.2659038311094,False
0.75,S2a,16.42895292906632,1.332077264518891,453.6802671873151,conditional_source_only_not_network_or_full_range_validated,17.76103019358521,2374.2659038311094,False
0.75,S2a,24.643429393599483,1.9981158967783368,451.5465434610672,conditional_source_only_not_network_or_full_range_validated,26.64154529037782,2374.2659038311094,False
0.75,S2a,32.85790585813264,2.664154529037782,449.4266698810791,conditional_source_only_not_network_or_full_range_validated,35.52206038717042,2374.2659038311094,False
0.75,S2a,41.0723823226658,3.330193161297227,447.3206464473506,conditional_source_only_not_network_or_full_range_validated,44.40257548396303,2374.2659038311085,False
0.75,S2a,49.286858787198966,3.996231793556673,445.2284731598818,conditional_source_only_not_network_or_full_range_validated,53.28309058075564,2374.2659038311094,False
0.75,S2a,57.50133525173212,4.662270425816118,443.1501500186728,conditional_source_only_not_network_or_full_range_validated,62.16360567754824,2374.2659038311094,False
0.75,S2a,65.71581171626528,5.328309058075564,441.0856770237235,conditional_source_only_not_network_or_full_range_validated,71.04412077434084,2374.2659038311094,False
0.75,S2a,73.93028818079843,5.994347690335008,439.03505417503385,conditional_source_only_not_network_or_full_range_validated,79.92463587113343,2374.2659038311094,False
0.75,S2a,82.14476464533159,6.660386322594454,436.998281472604,conditional_source_only_not_network_or_full_range_validated,88.80515096792604,2374.2659038311085,False
0.75,S2a,90.35924110986475,7.326424954853899,434.9753589164338,conditional_source_only_not_network_or_full_range_validated,97.68566606471866,2374.2659038311094,False
0.75,S2a,98.57371757439792,7.992463587113346,432.9662865065232,conditional_source_only_not_network_or_full_range_validated,106.56618116151127,2374.2659038311094,False
0.75,S2a,106.78819403893108,8.65850221937279,430.9710642428725,conditional_source_only_not_network_or_full_range_validated,115.44669625830387,2374.2659038311094,False
0.75,S2a,115.00267050346424,9.324540851632236,428.9896921254814,conditional_source_only_not_network_or_full_range_validated,124.32721135509648,2374.2659038311094,False
0.75,S2a,123.2171469679974,9.990579483891684,427.02217015435,conditional_source_only_not_network_or_full_range_validated,133.20772645188907,2374.265903831109,False
0.75,S2a,131.43162343253056,10.656618116151128,425.0684983294783,conditional_source_only_not_network_or_full_range_validated,142.08824154868168,2374.2659038311094,False
0.75,S2a,139.64609989706372,11.322656748410571,423.1286766508664,conditional_source_only_not_network_or_full_range_validated,150.9687566454743,2374.2659038311094,False
0.75,S2a,147.86057636159686,11.988695380670016,421.2027051185141,conditional_source_only_not_network_or_full_range_validated,159.84927174226686,2374.2659038311094,False
0.75,S2a,156.07505282613005,12.654734012929463,419.2905837324216,conditional_source_only_not_network_or_full_range_validated,168.7297868390595,2374.265903831109,False
0.75,S2a,164.28952929066318,13.320772645188908,417.3923124925888,conditional_source_only_not_network_or_full_range_validated,177.61030193585208,2374.2659038311085,False
0.75,S2a,172.50400575519637,13.986811277448354,415.5078913990157,conditional_source_only_not_network_or_full_range_validated,186.4908170326447,2374.2659038311094,False
0.75,S2a,180.7184822197295,14.6528499097078,413.63732045170224,conditional_source_only_not_network_or_full_range_validated,195.37133212943732,2374.2659038311094,False
0.75,S2a,188.9329586842627,15.318888541967247,411.7805996506486,conditional_source_only_not_network_or_full_range_validated,204.25184722622996,2374.2659038311094,False
0.75,S2a,197.14743514879584,15.984927174226693,409.93772899585457,conditional_source_only_not_network_or_full_range_validated,213.13236232302253,2374.2659038311094,False
0.75,S2a,205.36191161332897,16.650965806486134,408.1087084873203,conditional_source_only_not_network_or_full_range_validated,222.0128774198151,2374.2659038311094,False
0.75,S2a,213.57638807786216,17.31700443874558,406.29353812504576,conditional_source_only_not_network_or_full_range_validated,230.89339251660775,2374.2659038311094,False
0.75,S2a,221.7908645423953,17.983043071005028,404.4922179090309,conditional_source_only_not_network_or_full_range_validated,239.77390761340033,2374.2659038311094,False
0.75,S2a,230.0053410069285,18.64908170326447,402.7047478392757,conditional_source_only_not_network_or_full_range_validated,248.65442271019296,2374.2659038311094,False
0.75,S2a,238.21981747146165,19.31512033552392,400.9311279157803,conditional_source_only_not_network_or_full_range_validated,257.53493780698557,2374.2659038311094,False
0.75,S2a,246.4342939359948,19.981158967783365,399.1713581385445,conditional_source_only_not_network_or_full_range_validated,266.41545290377815,2374.265903831109,False
0.75,S2a,254.64877040052792,20.64719760004281,397.4254385075686,conditional_source_only_not_network_or_full_range_validated,275.2959680005707,2374.2659038311094,False
0.75,S2a,262.8632468650611,21.313236232302256,395.69336902285227,conditional_source_only_not_network_or_full_range_validated,284.17648309736336,2374.2659038311094,False
0.75,S2a,271.0777233295943,21.9792748645617,393.97514968439566,conditional_source_only_not_network_or_full_range_validated,293.056998194156,2374.2659038311094,False
0.75,S2a,279.29219979412744,22.645313496821142,392.2707804921988,conditional_source_only_not_network_or_full_range_validated,301.9375132909486,2374.2659038311094,False
0.75,S2a,287.5066762586606,23.31135212908059,390.5802614462616,conditional_source_only_not_network_or_full_range_validated,310.8180283877412,2374.2659038311094,False
0.75,S2a,295.7211527231937,23.977390761340036,388.9035925465841,conditional_source_only_not_network_or_full_range_validated,319.69854348453373,2374.2659038311094,False
0.75,S2a,303.9356291877269,24.64342939359948,387.2407737931664,conditional_source_only_not_network_or_full_range_validated,328.57905858132636,2374.2659038311094,False
0.75,S2a,312.1501056522601,25.30946802585893,385.5918051860083,conditional_source_only_not_network_or_full_range_validated,337.459573678119,2374.265903831109,False
0.75,S2a,320.3645821167932,25.975506658118373,383.95668672510993,conditional_source_only_not_network_or_full_range_validated,346.3400887749116,2374.2659038311094,False
0.75,S2a,328.5790585813264,26.641545290377817,382.3354184104713,conditional_source_only_not_network_or_full_range_validated,355.2206038717042,2374.2659038311085,False
0.75,S2a,7.973782509732978,0.8859758344147753,455.85696197285097,conditional_source_only_not_network_or_full_range_validated,8.859758344147753,2370.2605143711803,False
0.75,S2a,15.947565019465957,1.771951668829551,453.7377744558968,conditional_source_only_not_network_or_full_range_validated,17.719516688295506,2370.2605143711803,False
0.75,S2a,23.921347529198936,2.6579275032443266,451.6317025277273,conditional_source_only_not_network_or_full_range_validated,26.579275032443263,2370.2605143711803,False
0.75,S2a,31.895130038931917,3.5439033376591014,449.53874618834266,conditional_source_only_not_network_or_full_range_validated,35.43903337659102,2370.2605143711808,False
0.75,S2a,39.86891254866489,4.429879172073877,447.4589054377428,conditional_source_only_not_network_or_full_range_validated,44.29879172073876,2370.2605143711808,False
0.75,S2a,47.84269505839787,5.315855006488653,445.3921802759278,conditional_source_only_not_network_or_full_range_validated,53.158550064886526,2370.2605143711803,False
0.75,S2a,55.81647756813085,6.201830840903428,443.3385707028976,conditional_source_only_not_network_or_full_range_validated,62.018308409034276,2370.2605143711803,False
0.75,S2a,63.79026007786383,7.087806675318203,441.2980767186521,conditional_source_only_not_network_or_full_range_validated,70.87806675318203,2370.2605143711803,False
0.75,S2a,71.7640425875968,7.9737825097329775,439.2706983231915,conditional_source_only_not_network_or_full_range_validated,79.73782509732979,2370.2605143711808,False
0.75,S2a,79.73782509732978,8.859758344147753,437.25643551651575,conditional_source_only_not_network_or_full_range_validated,88.59758344147752,2370.2605143711808,False
0.75,S2a,87.71160760706276,9.745734178562529,435.2552882986247,conditional_source_only_not_network_or_full_range_validated,97.45734178562529,2370.2605143711808,False
0.75,S2a,95.68539011679574,10.631710012977306,433.2672566695185,conditional_source_only_not_network_or_full_range_validated,106.31710012977305,2370.2605143711803,False
0.75,S2a,103.65917262652871,11.51768584739208,431.2923406291972,conditional_source_only_not_network_or_full_range_validated,115.17685847392079,2370.2605143711808,False
0.75,S2a,111.6329551362617,12.403661681806856,429.3305401776605,conditional_source_only_not_network_or_full_range_validated,124.03661681806855,2370.2605143711803,False
0.75,S2a,119.60673764599466,13.28963751622163,427.3818553149088,conditional_source_only_not_network_or_full_range_validated,132.8963751622163,2370.2605143711808,False
0.75,S2a,127.58052015572764,14.175613350636404,425.44628604094174,conditional_source_only_not_network_or_full_range_validated,141.75613350636405,2370.2605143711803,False
0.75,S2a,135.55430266546065,15.061589185051185,423.5238323557596,conditional_source_only_not_network_or_full_range_validated,150.61589185051184,2370.2605143711803,False
0.75,S2a,143.5280851751936,15.947565019465957,421.61449425936223,conditional_source_only_not_network_or_full_range_validated,159.47565019465958,2370.2605143711808,False
0.75,S2a,151.5018676849266,16.83354085388073,419.7182717517496,conditional_source_only_not_network_or_full_range_validated,168.33540853880731,2370.26051437118,False
0.75,S2a,159.47565019465955,17.719516688295506,417.8351648329219,conditional_source_only_not_network_or_full_range_validated,177.19516688295505,2370.2605143711808,False
0.75,S2a,167.44943270439254,18.60549252271028,415.965173502879,conditional_source_only_not_network_or_full_range_validated,186.0549252271028,2370.2605143711803,False
0.75,S2a,175.42321521412552,19.491468357125058,414.1082977616208,conditional_source_only_not_network_or_full_range_validated,194.91468357125058,2370.2605143711808,False
0.75,S2a,183.3969977238585,20.37744419153984,412.26453760914745,conditional_source_only_not_network_or_full_range_validated,203.77444191539834,2370.2605143711808,False
0.75,S2a,191.3707802335915,21.263420025954613,410.4338930454589,conditional_source_only_not_network_or_full_range_validated,212.6342002595461,2370.2605143711803,False
0.75,S2a,199.34456274332445,22.14939586036938,408.6163640705552,conditional_source_only_not_network_or_full_range_validated,221.49395860369384,2370.2605143711808,False
0.75,S2a,207.31834525305743,23.03537169478416,406.8119506844363,conditional_source_only_not_network_or_full_range_validated,230.35371694784158,2370.2605143711808,False
0.75,S2a,215.2921277627904,23.921347529198936,405.0206528871021,conditional_source_only_not_network_or_full_range_validated,239.2134752919893,2370.2605143711803,False
0.75,S2a,223.2659102725234,24.807323363613712,403.2424706785529,conditional_source_only_not_network_or_full_range_validated,248.0732336361371,2370.2605143711803,False
0.75,S2a,231.2396927822564,25.693299198028484,401.4774040587884,conditional_source_only_not_network_or_full_range_validated,256.9329919802849,2370.2605143711808,False
0.75,S2a,239.2134752919893,26.57927503244326,399.7254530278086,conditional_source_only_not_network_or_full_range_validated,265.7927503244326,2370.2605143711808,False
0.75,S2a,247.1872578017223,27.46525086685803,397.98661758561377,conditional_source_only_not_network_or_full_range_validated,274.6525086685803,2370.2605143711808,False
0.75,S2a,255.1610403114553,28.35122670127281,396.26089773220366,conditional_source_only_not_network_or_full_range_validated,283.5122670127281,2370.2605143711803,False
0.75,S2a,263.13482282118827,29.237202535687587,394.54829346757833,conditional_source_only_not_network_or_full_range_validated,292.37202535687584,2370.2605143711808,False
0.75,S2a,271.10860533092125,30.12317837010237,392.84880479173785,conditional_source_only_not_network_or_full_range_validated,301.23178370102363,2370.2605143711803,False
0.75,S2a,279.0823878406542,31.00915420451713,391.1624317046822,conditional_source_only_not_network_or_full_range_validated,310.0915420451713,2370.2605143711803,False
0.75,S2a,287.0561703503872,31.89513003893191,389.48917420641135,conditional_source_only_not_network_or_full_range_validated,318.95130038931916,2370.2605143711808,False
0.75,S2a,295.02995286012015,32.78110587334668,387.8290322969253,conditional_source_only_not_network_or_full_range_validated,327.81105873346684,2370.2605143711808,False
0.75,S2a,303.0037353698532,33.66708170776146,386.182005976224,conditional_source_only_not_network_or_full_range_validated,336.67081707761463,2370.26051437118,False
0.75,S2a,310.9775178795861,34.55305754217624,384.5480952443076,conditional_source_only_not_network_or_full_range_validated,345.53057542176236,2370.2605143711803,False
0.75,S2a,318.9513003893191,35.43903337659101,382.9273001011759,conditional_source_only_not_network_or_full_range_validated,354.3903337659101,2370.2605143711808,False
0.75,S2a,7.734211096737475,1.104887299533925,455.8859658671692,conditional_source_only_not_network_or_full_range_validated,8.8390983962714,2366.268616344942,False
0.75,S2a,15.46842219347495,2.20977459906785,453.7950887020632,conditional_source_only_not_network_or_full_range_validated,17.6781967925428,2366.268616344942,False
0.75,S2a,23.202633290212425,3.3146618986017757,451.7166335832722,conditional_source_only_not_network_or_full_range_validated,26.517295188814202,2366.268616344942,False
0.75,S2a,30.9368443869499,4.4195491981357,449.65060051079615,conditional_source_only_not_network_or_full_range_validated,35.3563935850856,2366.268616344942,False
0.75,S2a,38.67105548368737,5.524436497669624,447.596989484635,conditional_source_only_not_network_or_full_range_validated,44.195491981356994,2366.2686163449425,False
0.75,S2a,46.40526658042485,6.629323797203551,445.55580050478886,conditional_source_only_not_network_or_full_range_validated,53.034590377628405,2366.2686163449425,False
0.75,S2a,54.139477677162326,7.734211096737475,443.5270335712577,conditional_source_only_not_network_or_full_range_validated,61.8736887738998,2366.268616344942,False
0.75,S2a,61.8736887738998,8.8390983962714,441.5106886840413,conditional_source_only_not_network_or_full_range_validated,70.7127871701712,2366.268616344942,False
0.75,S2a,69.60789987063727,9.943985695805324,439.50676584314,conditional_source_only_not_network_or_full_range_validated,79.55188556644259,2366.268616344942,False
0.75,S2a,77.34211096737474,11.048872995339249,437.51526504855366,conditional_source_only_not_network_or_full_range_validated,88.39098396271399,2366.2686163449425,False
0.75,S2a,85.07632206411222,12.153760294873177,435.5361863002822,conditional_source_only_not_network_or_full_range_validated,97.2300823589854,2366.2686163449425,False
0.75,S2a,92.8105331608497,13.2586475944071,433.56952959832574,conditional_source_only_not_network_or_full_range_validated,106.0691807552568,2366.268616344942,False
0.75,S2a,100.54474425758715,14.363534893941024,431.6152949426842,conditional_source_only_not_network_or_full_range_validated,114.90827915152818,2366.268616344942,False
0.75,S2a,108.27895535432464,15.46842219347495,429.6734823333576,conditional_source_only_not_network_or_full_range_validated,123.74737754779959,2366.268616344942,False
0.75,S2a,116.01316645106208,16.57330949300887,427.744091770346,conditional_source_only_not_network_or_full_range_validated,132.58647594407094,2366.268616344942,False
0.75,S2a,123.7473775477996,17.6781967925428,425.8271232536493,conditional_source_only_not_network_or_full_range_validated,141.4255743403424,2366.268616344942,False
0.75,S2a,131.48158864453706,18.783084092076724,423.92257678326746,conditional_source_only_not_network_or_full_range_validated,150.2646727366138,2366.268616344942,False
0.75,S2a,139.21579974127454,19.887971391610648,422.0304523592007,conditional_source_only_not_network_or_full_range_validated,159.10377113288519,2366.268616344942,False
0.75,S2a,146.95001083801202,20.992858691144573,420.1507499814488,conditional_source_only_not_network_or_full_range_validated,167.94286952915658,2366.268616344942,False
0.75,S2a,154.68422193474947,22.097745990678497,418.2834696500119,conditional_source_only_not_network_or_full_range_validated,176.78196792542798,2366.2686163449425,False
0.75,S2a,162.41843303148696,23.20263329021242,416.42861136489,conditional_source_only_not_network_or_full_range_validated,185.62106632169937,2366.2686163449425,False
0.75,S2a,170.15264412822444,24.30752058974635,414.5861751260829,conditional_source_only_not_network_or_full_range_validated,194.4601647179708,2366.2686163449425,False
0.75,S2a,177.88685522496192,25.412407889280274,412.7561609335908,conditional_source_only_not_network_or_full_range_validated,203.2992631142422,2366.2686163449425,False
0.75,S2a,185.6210663216994,26.5172951888142,410.9385687874137,conditional_source_only_not_network_or_full_range_validated,212.1383615105136,2366.268616344942,False
0.75,S2a,193.35527741843688,27.622182488348123,409.1333986875516,conditional_source_only_not_network_or_full_range_validated,220.97745990678501,2366.268616344942,False
0.75,S2a,201.08948851517437,28.727069787882048,407.34065063400425,conditional_source_only_not_network_or_full_range_validated,229.8165583030564,2366.268616344942,False
0.75,S2a,208.82369961191185,29.83195708741597,405.560324626772,conditional_source_only_not_network_or_full_range_validated,238.6556566993278,2366.268616344942,False
0.75,S2a,216.5579107086493,30.9368443869499,403.7924206658546,conditional_source_only_not_network_or_full_range_validated,247.4947550955992,2366.268616344942,False
0.75,S2a,224.2921218053868,32.04173168648383,402.03693875125225,conditional_source_only_not_network_or_full_range_validated,256.3338534918706,2366.2686163449425,False
0.75,S2a,232.02633290212415,33.14661898601774,400.2938788829648,conditional_source_only_not_network_or_full_range_validated,265.1729518881419,2366.268616344942,False
0.75,S2a,239.7605439988617,34.25150628555167,398.5632410609923,conditional_source_only_not_network_or_full_range_validated,274.01205028441336,2366.2686163449425,False
0.75,S2a,247.4947550955992,35.3563935850856,396.8450252853347,conditional_source_only_not_network_or_full_range_validated,282.8511486806848,2366.268616344942,False
0.75,S2a,255.22896619233669,36.461280884619526,395.1392315559921,conditional_source_only_not_network_or_full_range_validated,291.6902470769562,2366.2686163449425,False
0.75,S2a,262.9631772890741,37.56616818415345,393.4458598729644,conditional_source_only_not_network_or_full_range_validated,300.5293454732276,2366.268616344942,False
0.75,S2a,270.6973883858116,38.67105548368737,391.7649102362517,conditional_source_only_not_network_or_full_range_validated,309.368443869499,2366.268616344943,False
0.75,S2a,278.4315994825491,39.775942783221296,390.096382645854,conditional_source_only_not_network_or_full_range_validated,318.20754226577037,2366.268616344942,False
0.75,S2a,286.1658105792866,40.88083008275522,388.44027710177113,conditional_source_only_not_network_or_full_range_validated,327.0466406620418,2366.2686163449425,False
0.75,S2a,293.90002167602404,41.985717382289145,386.7965936040032,conditional_source_only_not_network_or_full_range_validated,335.88573905831316,2366.268616344942,False
0.75,S2a,301.6342327727615,43.09060468182307,385.1653321525503,conditional_source_only_not_network_or_full_range_validated,344.7248374545846,2366.2686163449425,False
0.75,S2a,309.36844386949895,44.195491981356994,383.54649274741234,conditional_source_only_not_network_or_full_range_validated,353.56393585085596,2366.2686163449425,False
0.75,S2a,7.495754390897062,1.3227801866288935,455.91485342862615,conditional_source_only_not_network_or_full_range_validated,8.818534577525956,2362.2901417018024,False
0.75,S2a,14.991508781794124,2.645560373257787,453.85221074951386,conditional_source_only_not_network_or_full_range_validated,17.63706915505191,2362.2901417018024,False
0.75,S2a,22.48726317269119,3.968340559886681,451.8013370412532,conditional_source_only_not_network_or_full_range_validated,26.45560373257787,2362.2901417018024,False
0.75,S2a,29.98301756358825,5.291120746515574,449.76223230384414,conditional_source_only_not_network_or_full_range_validated,35.27413831010382,2362.2901417018024,False
0.75,S2a,37.47877195448531,6.613900933144468,447.7348965372867,conditional_source_only_not_network_or_full_range_validated,44.092672887629774,2362.290141701802,False
0.75,S2a,44.97452634538238,7.936681119773362,445.7193297415809,conditional_source_only_not_network_or_full_range_validated,52.91120746515574,2362.2901417018024,False
0.75,S2a,52.47028073627944,9.259461306402256,443.7155319167267,conditional_source_only_not_network_or_full_range_validated,61.7297420426817,2362.290141701802,False
0.75,S2a,59.9660351271765,10.582241493031148,441.7235030627242,conditional_source_only_not_network_or_full_range_validated,70.54827662020764,2362.2901417018024,False
0.75,S2a,67.46178951807356,11.905021679660042,439.74324317957326,conditional_source_only_not_network_or_full_range_validated,79.3668111977336,2362.2901417018024,False
0.75,S2a,74.95754390897062,13.227801866288935,437.774752267274,conditional_source_only_not_network_or_full_range_validated,88.18534577525955,2362.290141701802,False
0.75,S2a,82.45329829986768,14.550582052917829,435.8180303258263,conditional_source_only_not_network_or_full_range_validated,97.00388035278552,2362.2901417018024,False
0.75,S2a,89.94905269076476,15.873362239546724,433.87307735523024,conditional_source_only_not_network_or_full_range_validated,105.82241493031148,2362.2901417018024,False
0.75,S2a,97.4448070816618,17.196142426175616,431.93989335548576,conditional_source_only_not_network_or_full_range_validated,114.64094950783742,2362.290141701802,False
0.75,S2a,104.94056147255888,18.51892261280451,430.018478326593,conditional_source_only_not_network_or_full_range_validated,123.45948408536339,2362.2901417018024,False
0.75,S2a,112.43631586345592,19.841702799433403,428.1088322685519,conditional_source_only_not_network_or_full_range_validated,132.2780186628893,2362.290141701802,False
0.75,S2a,119.932070254353,21.164482986062296,426.21095518136224,conditional_source_only_not_network_or_full_range_validated,141.0965532404153,2362.2901417018024,False
0.75,S2a,127.42782464525006,22.48726317269119,424.3248470650243,conditional_source_only_not_network_or_full_range_validated,149.91508781794124,2362.290141701802,False
0.75,S2a,134.92357903614712,23.810043359320083,422.4505079195381,conditional_source_only_not_network_or_full_range_validated,158.7336223954672,2362.2901417018024,False
0.75,S2a,142.41933342704417,25.132823545948977,420.58793774490334,conditional_source_only_not_network_or_full_range_validated,167.55215697299315,2362.290141701802,False
0.75,S2a,149.91508781794124,26.45560373257787,418.73713654112026,conditional_source_only_not_network_or_full_range_validated,176.3706915505191,2362.290141701802,False
0.75,S2a,157.4108422088383,27.77838391920676,416.89810430818886,conditional_source_only_not_network_or_full_range_validated,185.18922612804505,2362.2901417018024,False
0.75,S2a,164.90659659973537,29.101164105835657,415.070841046109,conditional_source_only_not_network_or_full_range_validated,194.00776070557103,2362.2901417018024,False
0.75,S2a,172.40235099063244,30.42394429246455,413.25534675488086,conditional_source_only_not_network_or_full_range_validated,202.82629528309698,2362.290141701802,False
0.75,S2a,179.89810538152952,31.746724479093448,411.45162143450426,conditional_source_only_not_network_or_full_range_validated,211.64482986062296,2362.2901417018024,False
0.75,S2a,187.3938597724265,33.069504665722334,409.65966508497934,conditional_source_only_not_network_or_full_range_validated,220.46336443814886,2362.2901417018024,False
0.75,S2a,194.8896141633236,34.39228485235123,407.879477706306,conditional_source_only_not_network_or_full_range_validated,229.28189901567484,2362.290141701802,False
0.75,S2a,202.38536855422063,35.71506503898012,406.1110592984844,conditional_source_only_not_network_or_full_range_validated,238.10043359320076,2362.2901417018024,False
0.75,S2a,209.8811229451177,37.03784522560902,404.3544098615142,conditional_source_only_not_network_or_full_range_validated,246.9189681707267,2362.2901417018024,False
0.75,S2a,217.3768773360148,38.36062541223792,402.6095293953958,conditional_source_only_not_network_or_full_range_validated,255.73750274825272,2362.290141701803,False
0.75,S2a,224.87263172691183,39.683405598866806,400.876417900129,conditional_source_only_not_network_or_full_range_validated,264.5560373257786,2362.290141701802,False
0.75,S2a,232.3683861178089,41.0061857854957,399.1550753757138,conditional_source_only_not_network_or_full_range_validated,273.3745719033046,2362.290141701802,False
0.75,S2a,239.864140508706,42.32896597212459,397.4455018221502,conditional_source_only_not_network_or_full_range_validated,282.1931064808306,2362.2901417018024,False
0.75,S2a,247.35989489960303,43.65174615875349,395.7476972394383,conditional_source_only_not_network_or_full_range_validated,291.01164105835653,2362.290141701803,False
0.75,S2a,254.8556492905001,44.97452634538238,394.061661627578,conditional_source_only_not_network_or_full_range_validated,299.8301756358825,2362.290141701802,False
0.75,S2a,262.3514036813972,46.29730653201127,392.3873949865693,conditional_source_only_not_network_or_full_range_validated,308.64871021340844,2362.2901417018024,False
0.75,S2a,269.84715807229423,47.62008671864017,390.7248973164122,conditional_source_only_not_network_or_full_range_validated,317.4672447909344,2362.2901417018024,False
0.75,S2a,277.3429124631913,48.94286690526906,389.0741686171068,conditional_source_only_not_network_or_full_range_validated,326.28577936846034,2362.2901417018024,False
0.75,S2a,284.8386668540884,50.265647091897954,387.43520888865294,conditional_source_only_not_network_or_full_range_validated,335.10431394598635,2362.290141701802,False
0.75,S2a,292.33442124498544,51.58842727852685,385.80801813105074,conditional_source_only_not_network_or_full_range_validated,343.9228485235123,2362.2901417018024,False
0.75,S2a,299.8301756358825,52.91120746515574,384.1925963443001,conditional_source_only_not_network_or_full_range_validated,352.7413831010382,2362.290141701802,False
0.75,S2a,7.258404630300955,1.5396615882456572,455.9436253379154,conditional_source_only_not_network_or_full_range_validated,8.798066218546612,2358.325022848062,False
0.75,S2a,14.51680926060191,3.0793231764913145,453.90914141914936,conditional_source_only_not_network_or_full_range_validated,17.596132437093225,2358.325022848062,False
0.75,S2a,21.775213890902865,4.618984764736972,451.88581332229177,conditional_source_only_not_network_or_full_range_validated,26.394198655639837,2358.325022848062,False
0.75,S2a,29.03361852120382,6.158646352982629,449.8736410473426,conditional_source_only_not_network_or_full_range_validated,35.19226487418645,2358.325022848062,False
0.75,S2a,36.29202315150477,7.698307941228286,447.872624594302,conditional_source_only_not_network_or_full_range_validated,43.99033109273306,2358.325022848062,False
0.75,S2a,43.55042778180573,9.237969529473943,445.88276396316985,conditional_source_only_not_network_or_full_range_validated,52.788397311279674,2358.325022848062,False
0.75,S2a,50.80883241210669,10.777631117719602,443.9040591539462,conditional_source_only_not_network_or_full_range_validated,61.58646352982629,2358.3250228480615,False
0.75,S2a,58.06723704240764,12.317292705965258,441.936510166631,conditional_source_only_not_network_or_full_range_validated,70.3845297483729,2358.325022848062,False
0.75,S2a,65.32564167270858,13.856954294210915,439.9801170012244,conditional_source_only_not_network_or_full_range_validated,79.18259596691951,2358.3250228480624,False
0.75,S2a,72.58404630300954,15.396615882456572,438.0348796577262,conditional_source_only_not_network_or_full_range_validated,87.98066218546612,2358.325022848062,False
0.75,S2a,79.8424509333105,16.93627747070223,436.1007981361365,conditional_source_only_not_network_or_full_range_validated,96.77872840401272,2358.325022848062,False
0.75,S2a,87.10085556361146,18.475939058947887,434.1778724364554,conditional_source_only_not_network_or_full_range_validated,105.57679462255935,2358.325022848062,False
0.75,S2a,94.3592601939124,20.015600647193544,432.2661025586827,conditional_source_only_not_network_or_full_range_validated,114.37486084110594,2358.325022848062,False
0.75,S2a,101.61766482421338,21.555262235439205,430.3654885028184,conditional_source_only_not_network_or_full_range_validated,123.17292705965258,2358.3250228480615,False
0.75,S2a,108.8760694545143,23.09492382368485,428.4760302688628,conditional_source_only_not_network_or_full_range_validated,131.97099327819916,2358.3250228480624,False
0.75,S2a,116.13447408481528,24.63458541193052,426.59772785681554,conditional_source_only_not_network_or_full_range_validated,140.7690594967458,2358.325022848062,False
0.75,S2a,123.39287871511624,26.174247000176173,424.7305812666768,conditional_source_only_not_network_or_full_range_validated,149.5671257152924,2358.325022848062,False
0.75,S2a,130.65128334541717,27.71390858842183,422.8745904984466,conditional_source_only_not_network_or_full_range_validated,158.36519193383901,2358.3250228480624,False
0.75,S2a,137.90968797571813,29.253570176667488,421.02975555212487,conditional_source_only_not_network_or_full_range_validated,167.16325815238562,2358.325022848062,False
0.75,S2a,145.1680926060191,30.793231764913145,419.1960764277116,conditional_source_only_not_network_or_full_range_validated,175.96132437093223,2358.325022848062,False
0.75,S2a,152.42649723632005,32.3328933531588,417.3735531252068,conditional_source_only_not_network_or_full_range_validated,184.75939058947884,2358.3250228480615,False
0.75,S2a,159.684901866621,33.87255494140446,415.56218564461057,conditional_source_only_not_network_or_full_range_validated,193.55745680802545,2358.325022848062,False
0.75,S2a,166.94330649692196,35.41221652965012,413.7619739859228,conditional_source_only_not_network_or_full_range_validated,202.3555230265721,2358.325022848062,False
0.75,S2a,174.20171112722292,36.951878117895774,411.9729181491435,conditional_source_only_not_network_or_full_range_validated,211.1535892451187,2358.325022848062,False
0.75,S2a,181.46011575752388,38.49153970614143,410.1950181342728,conditional_source_only_not_network_or_full_range_validated,219.9516554636653,2358.325022848062,False
0.75,S2a,188.7185203878248,40.03120129438709,408.4282739413104,conditional_source_only_not_network_or_full_range_validated,228.74972168221188,2358.325022848062,False
0.75,S2a,195.97692501812577,41.570862882632746,406.6726855702566,conditional_source_only_not_network_or_full_range_validated,237.54778790075852,2358.3250228480624,False
0.75,S2a,203.2353296484268,43.11052447087841,404.9282530211113,conditional_source_only_not_network_or_full_range_validated,246.34585411930522,2358.325022848062,False
0.75,S2a,210.4937342787277,44.65018605912406,403.1949762938745,conditional_source_only_not_network_or_full_range_validated,255.14392033785174,2358.325022848062,False
0.75,S2a,217.7521389090286,46.18984764736971,401.4728553885461,conditional_source_only_not_network_or_full_range_validated,263.9419865563983,2358.325022848062,False
0.75,S2a,225.0105435393296,47.729509235615375,399.7618903051263,conditional_source_only_not_network_or_full_range_validated,272.74005277494496,2358.325022848062,False
0.75,S2a,232.26894816963056,49.26917082386103,398.06208104361497,conditional_source_only_not_network_or_full_range_validated,281.5381189934916,2358.325022848062,False
0.75,S2a,239.52735279993152,50.808832412106696,396.37342760401214,conditional_source_only_not_network_or_full_range_validated,290.33618521203823,2358.325022848062,False
0.75,S2a,246.78575743023245,52.348494000352346,394.6959299863177,conditional_source_only_not_network_or_full_range_validated,299.1342514305848,2358.325022848062,False
0.75,S2a,254.04416206053335,53.888155588598,393.0295881905319,conditional_source_only_not_network_or_full_range_validated,307.93231764913133,2358.325022848062,False
0.75,S2a,261.30256669083434,55.42781717684366,391.3744022166545,conditional_source_only_not_network_or_full_range_validated,316.73038386767803,2358.3250228480624,False
0.75,S2a,268.56097132113536,56.967478765089325,389.7303720646856,conditional_source_only_not_network_or_full_range_validated,325.52845008622467,2358.325022848062,False
0.75,S2a,275.81937595143626,58.507140353334975,388.0974977346252,conditional_source_only_not_network_or_full_range_validated,334.32651630477125,2358.325022848062,False
0.75,S2a,283.0777805817372,60.04680194158063,386.4757792264733,conditional_source_only_not_network_or_full_range_validated,343.1245825233178,2358.325022848062,False
0.75,S2a,290.3361852120382,61.58646352982629,384.8652165402299,conditional_source_only_not_network_or_full_range_validated,351.92264874186446,2358.325022848062,False
0.75,S2a,7.0221541249349775,1.7555385312337444,455.97228227062095,conditional_source_only_not_network_or_full_range_validated,8.777692656168721,2354.373192643088,False
0.75,S2a,14.044308249869957,3.5110770624674887,453.9658815290482,conditional_source_only_not_network_or_full_range_validated,17.555385312337446,2354.373192643088,False
0.75,S2a,21.06646237480493,5.266615593701233,451.9700628538719,conditional_source_only_not_network_or_full_range_validated,26.333077968506164,2354.373192643088,False
0.75,S2a,28.08861649973991,7.0221541249349775,449.9848262450919,conditional_source_only_not_network_or_full_range_validated,35.110770624674885,2354.373192643088,False
0.75,S2a,35.110770624674885,8.777692656168721,448.0101717027083,conditional_source_only_not_network_or_full_range_validated,43.88846328084361,2354.373192643088,False
0.75,S2a,42.13292474960986,10.533231187402466,446.0460992267211,conditional_source_only_not_network_or_full_range_validated,52.66615593701233,2354.373192643088,False
0.75,S2a,49.15507887454484,12.28876971863621,444.0926088171302,conditional_source_only_not_network_or_full_range_validated,61.44384859318105,2354.373192643088,False
0.75,S2a,56.17723299947982,14.044308249869957,442.14970047393575,conditional_source_only_not_network_or_full_range_validated,70.22154124934977,2354.373192643088,False
0.75,S2a,63.199387124414784,15.799846781103696,440.2173741971377,conditional_source_only_not_network_or_full_range_validated,78.99923390551848,2354.373192643088,False
0.75,S2a,70.22154124934977,17.555385312337442,438.295629986736,conditional_source_only_not_network_or_full_range_validated,87.77692656168722,2354.373192643088,False
0.75,S2a,77.24369537428475,19.31092384357119,436.3844678427307,conditional_source_only_not_network_or_full_range_validated,96.55461921785594,2354.373192643088,False
0.75,S2a,84.26584949921973,21.06646237480493,434.4838877651218,conditional_source_only_not_network_or_full_range_validated,105.33231187402465,2354.373192643088,False
0.75,S2a,91.2880036241547,22.822000906038674,432.59388975390925,conditional_source_only_not_network_or_full_range_validated,114.11000453019338,2354.3731926430883,False
0.75,S2a,98.31015774908968,24.57753943727242,430.714473809093,conditional_source_only_not_network_or_full_range_validated,122.8876971863621,2354.373192643088,False
0.75,S2a,105.33231187402464,26.33307796850616,428.8456399306733,conditional_source_only_not_network_or_full_range_validated,131.6653898425308,2354.373192643088,False
0.75,S2a,112.35446599895964,28.08861649973991,426.9873881186499,conditional_source_only_not_network_or_full_range_validated,140.44308249869954,2354.373192643088,False
0.75,S2a,119.3766201238946,29.844155030973653,425.1397183730229,conditional_source_only_not_network_or_full_range_validated,149.22077515486825,2354.373192643088,False
0.75,S2a,126.39877424882955,31.599693562207392,423.3026306937922,conditional_source_only_not_network_or_full_range_validated,157.99846781103696,2354.3731926430883,False
0.75,S2a,133.42092837376455,33.35523209344114,421.476125080958,conditional_source_only_not_network_or_full_range_validated,166.7761604672057,2354.373192643088,False
0.75,S2a,140.44308249869954,35.110770624674885,419.66020153452007,conditional_source_only_not_network_or_full_range_validated,175.55385312337444,2354.373192643088,False
0.75,S2a,147.46523662363452,36.86630915590863,417.85486005447854,conditional_source_only_not_network_or_full_range_validated,184.33154577954315,2354.373192643088,False
0.75,S2a,154.4873907485695,38.62184768714238,416.0601006408334,conditional_source_only_not_network_or_full_range_validated,193.1092384357119,2354.373192643088,False
0.75,S2a,161.5095448735045,40.37738621837613,414.27592329358464,conditional_source_only_not_network_or_full_range_validated,201.88693109188063,2354.373192643088,False
0.75,S2a,168.53169899843945,42.13292474960986,412.5023280127323,conditional_source_only_not_network_or_full_range_validated,210.6646237480493,2354.373192643088,False
0.75,S2a,175.55385312337444,43.88846328084361,410.7393147982762,conditional_source_only_not_network_or_full_range_validated,219.44231640421805,2354.373192643088,False
0.75,S2a,182.5760072483094,45.64400181207735,408.9868836502167,conditional_source_only_not_network_or_full_range_validated,228.22000906038676,2354.3731926430883,False
0.75,S2a,189.5981613732444,47.399540343311095,407.2450345685534,conditional_source_only_not_network_or_full_range_validated,236.9977017165555,2354.3731926430874,False
0.75,S2a,196.62031549817937,49.15507887454484,405.5137675532866,conditional_source_only_not_network_or_full_range_validated,245.7753943727242,2354.373192643088,False
0.75,S2a,203.64246962311435,50.91061740577859,403.79308260441616,conditional_source_only_not_network_or_full_range_validated,254.55308702889295,2354.373192643088,False
0.75,S2a,210.66462374804928,52.66615593701232,402.082979721942,conditional_source_only_not_network_or_full_range_validated,263.3307796850616,2354.373192643088,False
0.75,S2a,217.6867778729843,54.42169446824607,400.3834589058644,conditional_source_only_not_network_or_full_range_validated,272.10847234123037,2354.373192643088,False
0.75,S2a,224.70893199791928,56.17723299947982,398.694520156183,conditional_source_only_not_network_or_full_range_validated,280.8861649973991,2354.373192643088,False
0.75,S2a,231.73108612285424,57.93277153071356,397.016163472898,conditional_source_only_not_network_or_full_range_validated,289.6638576535678,2354.3731926430874,False
0.75,S2a,238.7532402477892,59.688310061947305,395.3483888560096,conditional_source_only_not_network_or_full_range_validated,298.4415503097365,2354.373192643088,False
0.75,S2a,245.77539437272415,61.443848593181045,393.6911963055173,conditional_source_only_not_network_or_full_range_validated,307.2192429659052,2354.373192643088,False
0.75,S2a,252.79754849765916,63.199387124414784,392.0445858214216,conditional_source_only_not_network_or_full_range_validated,315.9969356220739,2354.373192643088,False
0.75,S2a,259.8197026225941,64.95492565564854,390.40855740372206,conditional_source_only_not_network_or_full_range_validated,324.77462827824263,2354.3731926430883,False
0.75,S2a,266.8418567475291,66.71046418688228,388.7831110524191,conditional_source_only_not_network_or_full_range_validated,333.5523209344114,2354.373192643088,False
0.75,S2a,273.8640108724641,68.46600271811603,387.1682467675124,conditional_source_only_not_network_or_full_range_validated,342.33001359058017,2354.373192643088,False
0.75,S2a,280.8861649973991,70.22154124934977,385.5639645490021,conditional_source_only_not_network_or_full_range_validated,351.1077062467489,2354.373192643088,False
0.75,S2a,6.786995255851032,1.9704179775051385,456.000824897262,conditional_source_only_not_network_or_full_range_validated,8.757413233356171,2350.4345843955225,False
0.75,S2a,13.573990511702064,3.940835955010277,454.0224318944442,conditional_source_only_not_network_or_full_range_validated,17.514826466712343,2350.4345843955225,False
0.75,S2a,20.360985767553096,5.911253932515415,452.05408607013663,conditional_source_only_not_network_or_full_range_validated,26.27223970006851,2350.434584395522,False
0.75,S2a,27.147981023404128,7.881671910020553,450.09578742433945,conditional_source_only_not_network_or_full_range_validated,35.02965293342468,2350.434584395522,False
0.75,S2a,33.93497627925516,9.852089887525691,448.1475359570525,conditional_source_only_not_network_or_full_range_validated,43.78706616678085,2350.4345843955216,False
0.75,S2a,40.72197153510619,11.82250786503083,446.2093316682759,conditional_source_only_not_network_or_full_range_validated,52.54447940013702,2350.434584395522,False
0.75,S2a,47.50896679095722,13.792925842535968,444.2811745580096,conditional_source_only_not_network_or_full_range_validated,61.30189263349318,2350.434584395522,False
0.75,S2a,54.295962046808256,15.763343820041106,442.3630646262536,conditional_source_only_not_network_or_full_range_validated,70.05930586684936,2350.434584395522,False
0.75,S2a,61.08295730265929,17.733761797546244,440.4550018730078,conditional_source_only_not_network_or_full_range_validated,78.81671910020553,2350.434584395522,False
0.75,S2a,67.86995255851032,19.704179775051383,438.5569862982724,conditional_source_only_not_network_or_full_range_validated,87.5741323335617,2350.4345843955216,False
0.75,S2a,74.65694781436135,21.67459775255652,436.66901790204713,conditional_source_only_not_network_or_full_range_validated,96.33154556691787,2350.434584395522,False
0.75,S2a,81.44394307021238,23.64501573006166,434.7910966843323,conditional_source_only_not_network_or_full_range_validated,105.08895880027404,2350.434584395522,False
0.75,S2a,88.23093832606341,25.6154337075668,432.9232226451277,conditional_source_only_not_network_or_full_range_validated,113.84637203363022,2350.4345843955225,False
0.75,S2a,95.01793358191443,27.585851685071937,431.0653957844334,conditional_source_only_not_network_or_full_range_validated,122.60378526698636,2350.434584395522,False
0.75,S2a,101.80492883776547,29.556269662577076,429.2176161022494,conditional_source_only_not_network_or_full_range_validated,131.36119850034254,2350.434584395522,False
0.75,S2a,108.59192409361653,31.52668764008221,427.3798835985757,conditional_source_only_not_network_or_full_range_validated,140.11861173369874,2350.4345843955225,False
0.75,S2a,115.37891934946754,33.49710561758735,425.55219827341233,conditional_source_only_not_network_or_full_range_validated,148.8760249670549,2350.434584395522,False
0.75,S2a,122.16591460531858,35.46752359509249,423.7345601267592,conditional_source_only_not_network_or_full_range_validated,157.63343820041106,2350.434584395522,False
0.75,S2a,128.95290986116962,37.43794157259763,421.9269691586163,conditional_source_only_not_network_or_full_range_validated,166.39085143376724,2350.434584395522,False
0.75,S2a,135.73990511702064,39.408359550102766,420.1294253689838,conditional_source_only_not_network_or_full_range_validated,175.1482646671234,2350.4345843955216,False
0.75,S2a,142.5269003728717,41.3787775276079,418.3419287578616,conditional_source_only_not_network_or_full_range_validated,183.9056779004796,2350.4345843955216,False
0.75,S2a,149.3138956287227,43.349195505113045,416.5644793252496,conditional_source_only_not_network_or_full_range_validated,192.66309113383574,2350.434584395522,False
0.75,S2a,156.10089088457374,45.31961348261818,414.7970770711479,conditional_source_only_not_network_or_full_range_validated,201.42050436719194,2350.434584395522,False
0.75,S2a,162.88788614042477,47.29003146012332,413.0397219955566,conditional_source_only_not_network_or_full_range_validated,210.17791760054808,2350.434584395522,False
0.75,S2a,169.6748813962758,49.26044943762845,411.2924140984755,conditional_source_only_not_network_or_full_range_validated,218.93533083390423,2350.4345843955216,False
0.75,S2a,176.46187665212682,51.2308674151336,409.5551533799047,conditional_source_only_not_network_or_full_range_validated,227.69274406726043,2350.4345843955225,False
0.75,S2a,183.24887190797784,53.20128539263873,407.8279398398442,conditional_source_only_not_network_or_full_range_validated,236.45015730061658,2350.434584395522,False
0.75,S2a,190.0358671638289,55.171703370143874,406.110773478294,conditional_source_only_not_network_or_full_range_validated,245.20757053397278,2350.434584395522,False
0.75,S2a,196.82286241967992,57.14212134764901,404.4036542952541,conditional_source_only_not_network_or_full_range_validated,253.96498376732893,2350.434584395522,False
0.75,S2a,203.60985767553092,59.11253932515415,402.7065822907245,conditional_source_only_not_network_or_full_range_validated,262.7223970006851,2350.434584395522,False
0.75,S2a,210.396852931382,61.08295730265929,401.01955746470514,conditional_source_only_not_network_or_full_range_validated,271.4798102340413,2350.434584395522,False
0.75,S2a,217.18384818723305,63.05337528016442,399.3425798171961,conditional_source_only_not_network_or_full_range_validated,280.2372234673975,2350.4345843955225,False
0.75,S2a,223.97084344308408,65.02379325766957,397.6756493481973,conditional_source_only_not_network_or_full_range_validated,288.99463670075363,2350.434584395522,False
0.75,S2a,230.75783869893507,66.9942112351747,396.01876605770894,conditional_source_only_not_network_or_full_range_validated,297.7520499341098,2350.434584395522,False
0.75,S2a,237.5448339547861,68.96462921267984,394.3719299457308,conditional_source_only_not_network_or_full_range_validated,306.5094631674659,2350.434584395522,False
0.75,S2a,244.33182921063715,70.93504719018497,392.7351410122629,conditional_source_only_not_network_or_full_range_validated,315.2668764008221,2350.434584395522,False
0.75,S2a,251.11882446648815,72.90546516769011,391.1083992573053,conditional_source_only_not_network_or_full_range_validated,324.0242896341783,2350.434584395522,False
0.75,S2a,257.90581972233923,74.87588314519526,389.491704680858,conditional_source_only_not_network_or_full_range_validated,332.7817028675345,2350.434584395522,False
0.75,S2a,264.69281497819026,76.8463011227004,387.885057282921,conditional_source_only_not_network_or_full_range_validated,341.5391161008906,2350.4345843955216,False
0.75,S2a,271.4798102340413,78.81671910020553,386.2884570634944,conditional_source_only_not_network_or_full_range_validated,350.2965293342468,2350.4345843955216,False
0.75,S2a,6.552920474348055,2.184306824782685,456.0292538833383,conditional_source_only_not_network_or_full_range_validated,8.73722729913074,2346.5091318595305,False
0.75,S2a,13.10584094869611,4.36861364956537,454.0787933277048,conditional_source_only_not_network_or_full_range_validated,17.47445459826148,2346.5091318595305,False
0.75,S2a,19.658761423044165,6.552920474348055,452.13788341168976,conditional_source_only_not_network_or_full_range_validated,26.21168189739222,2346.5091318595305,False
0.75,S2a,26.21168189739222,8.73722729913074,450.206524135293,conditional_source_only_not_network_or_full_range_validated,34.94890919652296,2346.5091318595305,False
0.75,S2a,32.764602371740274,10.921534123913425,448.2847154985146,conditional_source_only_not_network_or_full_range_validated,43.6861364956537,2346.5091318595305,False
0.75,S2a,39.31752284608833,13.10584094869611,446.3724575013545,conditional_source_only_not_network_or_full_range_validated,52.42336379478444,2346.5091318595305,False
0.75,S2a,45.8704433204364,15.290147773478797,444.4697501438128,conditional_source_only_not_network_or_full_range_validated,61.1605910939152,2346.509131859531,False
0.75,S2a,52.42336379478444,17.47445459826148,442.5765934258894,conditional_source_only_not_network_or_full_range_validated,69.89781839304592,2346.5091318595305,False
0.75,S2a,58.97628426913249,19.658761423044165,440.6929873475844,conditional_source_only_not_network_or_full_range_validated,78.63504569217666,2346.509131859531,False
0.75,S2a,65.52920474348055,21.84306824782685,438.8189319088977,conditional_source_only_not_network_or_full_range_validated,87.3722729913074,2346.5091318595305,False
0.75,S2a,72.0821252178286,24.027375072609537,436.9544271098294,conditional_source_only_not_network_or_full_range_validated,96.10950029043815,2346.5091318595314,False
0.75,S2a,78.63504569217666,26.21168189739222,435.0994729503794,conditional_source_only_not_network_or_full_range_validated,104.84672758956889,2346.5091318595305,False
0.75,S2a,85.18796616652472,28.395988722174906,433.2540694305477,conditional_source_only_not_network_or_full_range_validated,113.58395488869962,2346.509131859531,False
0.75,S2a,91.7408866408728,30.580295546957597,431.4182165503344,conditional_source_only_not_network_or_full_range_validated,122.3211821878304,2346.509131859531,False
0.75,S2a,98.29380711522084,32.764602371740274,429.5919143097394,conditional_source_only_not_network_or_full_range_validated,131.05840948696112,2346.509131859531,False
0.75,S2a,104.84672758956889,34.94890919652296,427.7751627087628,conditional_source_only_not_network_or_full_range_validated,139.79563678609185,2346.5091318595305,False
0.75,S2a,111.39964806391694,37.13321602130565,425.9679617474045,conditional_source_only_not_network_or_full_range_validated,148.5328640852226,2346.509131859531,False
0.75,S2a,117.95256853826498,39.31752284608833,424.1703114256646,conditional_source_only_not_network_or_full_range_validated,157.27009138435332,2346.509131859531,False
0.75,S2a,124.50548901261304,41.50182967087102,422.382211743543,conditional_source_only_not_network_or_full_range_validated,166.00731868348407,2346.509131859531,False
0.75,S2a,131.0584094869611,43.6861364956537,420.60366270103975,conditional_source_only_not_network_or_full_range_validated,174.7445459826148,2346.5091318595305,False
0.75,S2a,137.61132996130917,45.87044332043639,418.8346642981549,conditional_source_only_not_network_or_full_range_validated,183.48177328174555,2346.509131859531,False
0.75,S2a,144.1642504356572,48.054750145219074,417.0752165348883,conditional_source_only_not_network_or_full_range_validated,192.2190005808763,2346.5091318595314,False
0.75,S2a,150.71717091000528,50.23905697000176,415.32531941124006,conditional_source_only_not_network_or_full_range_validated,200.95622788000705,2346.5091318595305,False
0.75,S2a,157.27009138435332,52.42336379478444,413.5849729272102,conditional_source_only_not_network_or_full_range_validated,209.69345517913777,2346.5091318595305,False
0.75,S2a,163.82301185870136,54.60767061956712,411.8541770827986,conditional_source_only_not_network_or_full_range_validated,218.4306824782685,2346.509131859531,False
0.75,S2a,170.37593233304943,56.79197744434981,410.1329318780054,conditional_source_only_not_network_or_full_range_validated,227.16790977739925,2346.509131859531,False
0.75,S2a,176.9288528073975,58.9762842691325,408.42123731283056,conditional_source_only_not_network_or_full_range_validated,235.90513707653,2346.5091318595305,False
0.75,S2a,183.4817732817456,61.16059109391519,406.7190933872741,conditional_source_only_not_network_or_full_range_validated,244.6423643756608,2346.509131859531,False
0.75,S2a,190.0346937560936,63.34489791869787,405.0265001013359,conditional_source_only_not_network_or_full_range_validated,253.37959167479147,2346.509131859531,False
0.75,S2a,196.5876142304417,65.52920474348055,403.3434574550161,conditional_source_only_not_network_or_full_range_validated,262.11681897392225,2346.509131859531,False
0.75,S2a,203.14053470478967,67.71351156826323,401.6699654483146,conditional_source_only_not_network_or_full_range_validated,270.8540462730529,2346.509131859531,False
0.75,S2a,209.69345517913777,69.89781839304592,400.0060240812315,conditional_source_only_not_network_or_full_range_validated,279.5912735721837,2346.5091318595305,False
0.75,S2a,216.2463756534858,72.0821252178286,398.3516333537667,conditional_source_only_not_network_or_full_range_validated,288.3285008713144,2346.509131859531,False
0.75,S2a,222.79929612783388,74.2664320426113,396.7067932659203,conditional_source_only_not_network_or_full_range_validated,297.0657281704452,2346.509131859531,False
0.75,S2a,229.3522166021819,76.45073886739397,395.0715038176921,conditional_source_only_not_network_or_full_range_validated,305.80295546957586,2346.509131859531,False
0.75,S2a,235.90513707653,78.63504569217666,393.4457650090824,conditional_source_only_not_network_or_full_range_validated,314.54018276870664,2346.5091318595305,False
0.75,S2a,242.45805755087804,80.81935251695934,391.82957684009097,conditional_source_only_not_network_or_full_range_validated,323.27741006783737,2346.509131859531,False
0.75,S2a,249.0109780252261,83.00365934174204,390.2229393107179,conditional_source_only_not_network_or_full_range_validated,332.01463736696815,2346.509131859531,False
0.75,S2a,255.56389849957412,85.18796616652472,388.6258524209632,conditional_source_only_not_network_or_full_range_validated,340.75186466609887,2346.509131859531,False
0.75,S2a,262.1168189739222,87.3722729913074,387.0383161708268,conditional_source_only_not_network_or_full_range_validated,349.4890919652296,2346.5091318595305,False
0.75,S2a,6.319922301164288,2.3972119073381783,456.0575698893744,conditional_source_only_not_network_or_full_range_validated,8.717134208502467,2342.59676923109,False
0.75,S2a,12.639844602328576,4.794423814676357,454.13496663831125,conditional_source_only_not_network_or_full_range_validated,17.434268417004933,2342.59676923109,False
0.75,S2a,18.959766903492863,7.191635722014536,452.2214553254008,conditional_source_only_not_network_or_full_range_validated,26.151402625507398,2342.59676923109,False
0.75,S2a,25.279689204657156,9.588847629352712,450.3170359506429,conditional_source_only_not_network_or_full_range_validated,34.868536834009866,2342.59676923109,False
0.75,S2a,31.59961150582144,11.986059536690892,448.4217085140377,conditional_source_only_not_network_or_full_range_validated,43.58567104251233,2342.5967692310905,False
0.75,S2a,37.91953380698573,14.383271444029072,446.53547301558496,conditional_source_only_not_network_or_full_range_validated,52.3028052510148,2342.5967692310905,False
0.75,S2a,44.239456108150016,16.78048335136725,444.65832945528496,conditional_source_only_not_network_or_full_range_validated,61.01993945951726,2342.59676923109,False
0.75,S2a,50.55937840931431,19.177695258705427,442.7902778331375,conditional_source_only_not_network_or_full_range_validated,69.73707366801975,2342.5967692310905,False
0.75,S2a,56.8793007104786,21.57490716604361,440.9313181491426,conditional_source_only_not_network_or_full_range_validated,78.45420787652222,2342.596769231091,False
0.75,S2a,63.19922301164288,23.972119073381783,439.0814504033005,conditional_source_only_not_network_or_full_range_validated,87.17134208502466,2342.5967692310905,False
0.75,S2a,69.51914531280717,26.369330980719965,437.2406745956108,conditional_source_only_not_network_or_full_range_validated,95.88847629352713,2342.59676923109,False
0.75,S2a,75.83906761397147,28.766542888058144,435.4089907260738,conditional_source_only_not_network_or_full_range_validated,104.6056105020296,2342.5967692310905,False
0.75,S2a,82.15898991513575,31.16375479539632,433.5863987946894,conditional_source_only_not_network_or_full_range_validated,113.32274471053206,2342.59676923109,False
0.75,S2a,88.47891221630003,33.5609667027345,431.7728988014576,conditional_source_only_not_network_or_full_range_validated,122.03987891903452,2342.59676923109,False
0.75,S2a,94.79883451746431,35.95817861007268,429.9684907463785,conditional_source_only_not_network_or_full_range_validated,130.757013127537,2342.59676923109,False
0.75,S2a,101.1187568186286,38.35539051741085,428.1731746294518,conditional_source_only_not_network_or_full_range_validated,139.47414733603944,2342.59676923109,False
0.75,S2a,107.4386791197929,40.75260242474904,426.3869504506779,conditional_source_only_not_network_or_full_range_validated,148.19128154454194,2342.5967692310905,False
0.75,S2a,113.7586014209572,43.14981433208722,424.6098182100565,conditional_source_only_not_network_or_full_range_validated,156.90841575304444,2342.596769231091,False
0.75,S2a,120.07852372212147,45.5470262394254,422.84177790758775,conditional_source_only_not_network_or_full_range_validated,165.62554996154688,2342.59676923109,False
0.75,S2a,126.39844602328576,47.94423814676357,421.08282954327166,conditional_source_only_not_network_or_full_range_validated,174.34268417004932,2342.5967692310905,False
0.75,S2a,132.71836832445004,50.34145005410175,419.33297311710805,conditional_source_only_not_network_or_full_range_validated,183.0598183785518,2342.5967692310905,False
0.75,S2a,139.03829062561434,52.73866196143993,417.5922086290972,conditional_source_only_not_network_or_full_range_validated,191.77695258705427,2342.59676923109,False
0.75,S2a,145.35821292677863,55.135873868778106,415.8605360792388,conditional_source_only_not_network_or_full_range_validated,200.49408679555674,2342.59676923109,False
0.75,S2a,151.67813522794293,57.53308577611629,414.1379554675331,conditional_source_only_not_network_or_full_range_validated,209.2112210040592,2342.5967692310905,False
0.75,S2a,157.9980575291072,59.93029768345446,412.42446679398006,conditional_source_only_not_network_or_full_range_validated,217.92835521256166,2342.5967692310905,False
0.75,S2a,164.3179798302715,62.32750959079264,410.7200700585795,conditional_source_only_not_network_or_full_range_validated,226.64548942106413,2342.59676923109,False
0.75,S2a,170.63790213143577,64.72472149813082,409.02476526133165,conditional_source_only_not_network_or_full_range_validated,235.3626236295666,2342.5967692310905,False
0.75,S2a,176.95782443260006,67.121933405469,407.3385524022363,conditional_source_only_not_network_or_full_range_validated,244.07975783806904,2342.59676923109,False
0.75,S2a,183.2777467337644,69.51914531280718,405.6614314812937,conditional_source_only_not_network_or_full_range_validated,252.79689204657157,2342.5967692310905,False
0.75,S2a,189.59766903492863,71.91635722014536,403.9934024985036,conditional_source_only_not_network_or_full_range_validated,261.514026255074,2342.59676923109,False
0.75,S2a,195.91759133609293,74.31356912748355,402.3344654538661,conditional_source_only_not_network_or_full_range_validated,270.2311604635765,2342.5967692310905,False
0.75,S2a,202.2375136372572,76.71078103482171,400.68462034738127,conditional_source_only_not_network_or_full_range_validated,278.9482946720789,2342.5967692310896,False
0.75,S2a,208.55743593842152,79.1079929421599,399.043867179049,conditional_source_only_not_network_or_full_range_validated,287.66542888058143,2342.596769231091,False
0.75,S2a,214.8773582395858,81.50520484949807,397.4122059488694,conditional_source_only_not_network_or_full_range_validated,296.3825630890839,2342.5967692310905,False
0.75,S2a,221.19728054075009,83.90241675683625,395.7896366568424,conditional_source_only_not_network_or_full_range_validated,305.0996972975863,2342.59676923109,False
0.75,S2a,227.5172028419144,86.29962866417443,394.176159302968,conditional_source_only_not_network_or_full_range_validated,313.8168315060889,2342.596769231091,False
0.75,S2a,233.83712514307865,88.69684057151261,392.5717738872461,conditional_source_only_not_network_or_full_range_validated,322.53396571459126,2342.5967692310905,False
0.75,S2a,240.15704744424295,91.0940524788508,390.976480409677,conditional_source_only_not_network_or_full_range_validated,331.25109992309376,2342.59676923109,False
0.75,S2a,246.47696974540725,93.49126438618896,389.3902788702604,conditional_source_only_not_network_or_full_range_validated,339.9682341315962,2342.5967692310905,False
0.75,S2a,252.79689204657151,95.88847629352712,387.8131692689964,conditional_source_only_not_network_or_full_range_validated,348.68536834009865,2342.5967692310905,False
0.75,S2a,6.0879933256806495,2.609139996720278,456.0857735709634,conditional_source_only_not_network_or_full_range_validated,8.697133322400928,2338.69743114431,False
0.75,S2a,12.1759866513613,5.218279993440557,454.19095263283856,conditional_source_only_not_network_or_full_range_validated,17.39426664480186,2338.69743114431,False
0.75,S2a,18.26397997704195,7.827419990160837,452.3048022642156,conditional_source_only_not_network_or_full_range_validated,26.091399967202786,2338.6974311443096,False
0.75,S2a,24.3519733027226,10.436559986881116,450.4273224650944,conditional_source_only_not_network_or_full_range_validated,34.78853328960372,2338.69743114431,False
0.75,S2a,30.439966628403244,13.045699983601391,448.5585132354751,conditional_source_only_not_network_or_full_range_validated,43.485666612004636,2338.69743114431,False
0.75,S2a,36.5279599540839,15.654839980321674,446.6983745753576,conditional_source_only_not_network_or_full_range_validated,52.18279993440557,2338.6974311443096,False
0.75,S2a,42.61595327976455,18.263979977041952,444.8469064847419,conditional_source_only_not_network_or_full_range_validated,60.879933256806495,2338.697431144309,False
0.75,S2a,48.7039466054452,20.87311997376223,443.0041089636281,conditional_source_only_not_network_or_full_range_validated,69.57706657920744,2338.69743114431,False
0.75,S2a,54.79193993112584,23.482259970482502,441.169982012016,conditional_source_only_not_network_or_full_range_validated,78.27419990160834,2338.69743114431,False
0.75,S2a,60.87993325680649,26.091399967202783,439.3445256299058,conditional_source_only_not_network_or_full_range_validated,86.97133322400927,2338.69743114431,False
0.75,S2a,66.96792658248714,28.700539963923063,437.5277398172975,conditional_source_only_not_network_or_full_range_validated,95.6684665464102,2338.6974311443096,False
0.75,S2a,73.0559199081678,31.309679960643347,435.719624574191,conditional_source_only_not_network_or_full_range_validated,104.36559986881115,2338.6974311443096,False
0.75,S2a,79.14391323384844,33.918819957363624,433.9201799005863,conditional_source_only_not_network_or_full_range_validated,113.06273319121206,2338.6974311443096,False
0.75,S2a,85.2319065595291,36.527959954083904,432.12940579648347,conditional_source_only_not_network_or_full_range_validated,121.75986651361299,2338.697431144309,False
0.75,S2a,91.31989988520972,39.13709995080417,430.3473022618824,conditional_source_only_not_network_or_full_range_validated,130.4569998360139,2338.6974311443096,False
0.75,S2a,97.4078932108904,41.74623994752446,428.5738692967832,conditional_source_only_not_network_or_full_range_validated,139.15413315841488,2338.69743114431,False
0.75,S2a,103.49588653657104,44.35537994424474,426.8091069011859,conditional_source_only_not_network_or_full_range_validated,147.85126648081578,2338.6974311443096,False
0.75,S2a,109.58387986225168,46.96451994096501,425.0530150750904,conditional_source_only_not_network_or_full_range_validated,156.54839980321668,2338.69743114431,False
0.75,S2a,115.67187318793232,49.5736599376853,423.3055938184966,conditional_source_only_not_network_or_full_range_validated,165.2455331256176,2338.697431144309,False
0.75,S2a,121.75986651361298,52.18279993440557,421.5668431314048,conditional_source_only_not_network_or_full_range_validated,173.94266644801854,2338.6974311443096,False
0.75,S2a,127.84785983929362,54.79193993112585,419.83676301381473,conditional_source_only_not_network_or_full_range_validated,182.63979977041947,2338.69743114431,False
0.75,S2a,133.93585316497428,57.401079927846126,418.1153534657265,conditional_source_only_not_network_or_full_range_validated,191.3369330928204,2338.6974311443096,False
0.75,S2a,140.02384649065493,60.010219924566414,416.40261448714017,conditional_source_only_not_network_or_full_range_validated,200.03406641522133,2338.6974311443096,False
0.75,S2a,146.1118398163356,62.61935992128669,414.6985460780556,conditional_source_only_not_network_or_full_range_validated,208.73119973762226,2338.6974311443096,False
0.75,S2a,152.19983314201622,65.22849991800696,413.0031482384729,conditional_source_only_not_network_or_full_range_validated,217.4283330600232,2338.6974311443096,False
0.75,S2a,158.28782646769687,67.83763991472725,411.316420968392,conditional_source_only_not_network_or_full_range_validated,226.12546638242412,2338.6974311443096,False
0.75,S2a,164.37581979337753,70.44677991144752,409.6383642678129,conditional_source_only_not_network_or_full_range_validated,234.82259970482505,2338.6974311443096,False
0.75,S2a,170.4638131190582,73.05591990816781,407.9689781367357,conditional_source_only_not_network_or_full_range_validated,243.51973302722598,2338.697431144309,False
0.75,S2a,176.55180644473882,75.66505990488808,406.3082625751603,conditional_source_only_not_network_or_full_range_validated,252.2168663496269,2338.6974311443096,False
0.75,S2a,182.63979977041944,78.27419990160834,404.65621758308674,conditional_source_only_not_network_or_full_range_validated,260.9139996720278,2338.6974311443096,False
0.75,S2a,188.72779309610013,80.88333989832864,403.012843160515,conditional_source_only_not_network_or_full_range_validated,269.6111329944288,2338.697431144309,False
0.75,S2a,194.8157864217808,83.49247989504892,401.37813930744505,conditional_source_only_not_network_or_full_range_validated,278.30826631682976,2338.69743114431,False
0.75,S2a,200.90377974746144,86.1016198917692,399.75210602387705,conditional_source_only_not_network_or_full_range_validated,287.00539963923063,2338.6974311443096,False
0.75,S2a,206.99177307314207,88.71075988848948,398.1347433098108,conditional_source_only_not_network_or_full_range_validated,295.70253296163156,2338.6974311443096,False
0.75,S2a,213.0797663988227,91.31989988520976,396.5260511652464,conditional_source_only_not_network_or_full_range_validated,304.3996662840325,2338.69743114431,False
0.75,S2a,219.16775972450336,93.92903988193002,394.9260295901838,conditional_source_only_not_network_or_full_range_validated,313.09679960643336,2338.69743114431,False
0.75,S2a,225.255753050184,96.5381798786503,393.334678584623,conditional_source_only_not_network_or_full_range_validated,321.7939329288343,2338.6974311443096,False
0.75,S2a,231.34374637586467,99.1473198753706,391.7519981485641,conditional_source_only_not_network_or_full_range_validated,330.4910662512353,2338.6974311443096,False
0.75,S2a,237.43173970154533,101.75645987209089,390.1779882820071,conditional_source_only_not_network_or_full_range_validated,339.1881995736362,2338.6974311443096,False
0.75,S2a,243.51973302722595,104.36559986881116,388.61264898495176,conditional_source_only_not_network_or_full_range_validated,347.8853328960371,2338.6974311443096,False
0.75,S2a,5.8571262051350566,2.8200978024724344,456.1138655788108,conditional_source_only_not_network_or_full_range_validated,8.67722400760749,2334.81105266779,False
0.75,S2a,11.714252410270111,5.640195604944869,454.2467521149375,conditional_source_only_not_network_or_full_range_validated,17.35444801521498,2334.81105266779,False
0.75,S2a,17.571378615405173,8.460293407417305,452.3879246869703,conditional_source_only_not_network_or_full_range_validated,26.031672022822477,2334.81105266779,False
0.75,S2a,23.428504820540223,11.280391209889736,450.537383294909,conditional_source_only_not_network_or_full_range_validated,34.708896030429955,2334.8110526677897,False
0.75,S2a,29.285631025675283,14.100489012362171,448.6951279387536,conditional_source_only_not_network_or_full_range_validated,43.386120038037454,2334.81105266779,False
0.75,S2a,35.142757230810346,16.92058681483461,446.8611586185043,conditional_source_only_not_network_or_full_range_validated,52.06334404564495,2334.81105266779,False
0.75,S2a,40.9998834359454,19.740684617307043,445.0354753341609,conditional_source_only_not_network_or_full_range_validated,60.740568053252446,2334.81105266779,False
0.75,S2a,46.85700964108045,22.560782419779475,443.2180780857235,conditional_source_only_not_network_or_full_range_validated,69.41779206085992,2334.81105266779,False
0.75,S2a,52.71413584621551,25.38088022225191,441.40896687319207,conditional_source_only_not_network_or_full_range_validated,78.09501606846743,2334.8110526677906,False
0.75,S2a,58.571262051350566,28.200978024724343,439.6081416965666,conditional_source_only_not_network_or_full_range_validated,86.77224007607491,2334.81105266779,False
0.75,S2a,64.42838825648562,31.021075827196785,437.8156025558472,conditional_source_only_not_network_or_full_range_validated,95.4494640836824,2334.81105266779,False
0.75,S2a,70.28551446162069,33.84117362966922,436.0313494510336,conditional_source_only_not_network_or_full_range_validated,104.1266880912899,2334.81105266779,False
0.75,S2a,76.14264066675574,36.66127143214165,434.2553823821261,conditional_source_only_not_network_or_full_range_validated,112.8039120988974,2334.81105266779,False
0.75,S2a,81.9997668718908,39.481369234614085,432.48770134912456,conditional_source_only_not_network_or_full_range_validated,121.48113610650489,2334.81105266779,False
0.75,S2a,87.85689307702584,42.30146703708652,430.728306352029,conditional_source_only_not_network_or_full_range_validated,130.15836011411236,2334.81105266779,False
0.75,S2a,93.7140192821609,45.12156483955895,428.97719739083936,conditional_source_only_not_network_or_full_range_validated,138.83558412171985,2334.81105266779,False
0.75,S2a,99.57114548729598,47.9416626420314,427.2343744655558,conditional_source_only_not_network_or_full_range_validated,147.51280812932737,2334.81105266779,False
0.75,S2a,105.42827169243104,50.76176044450382,425.4998375761781,conditional_source_only_not_network_or_full_range_validated,156.19003213693486,2334.81105266779,False
0.75,S2a,111.28539789756609,53.58185824697626,423.77358672270645,conditional_source_only_not_network_or_full_range_validated,164.86725614454235,2334.81105266779,False
0.75,S2a,117.14252410270112,56.40195604944869,422.0556219051408,conditional_source_only_not_network_or_full_range_validated,173.54448015214982,2334.81105266779,False
0.75,S2a,122.9996503078362,59.222053851921125,420.34594312348105,conditional_source_only_not_network_or_full_range_validated,182.22170415975734,2334.8110526677897,False
0.75,S2a,128.85677651297124,62.04215165439357,418.64455037772734,conditional_source_only_not_network_or_full_range_validated,190.8989281673648,2334.81105266779,False
0.75,S2a,134.71390271810634,64.86224945686601,416.9514436678795,conditional_source_only_not_network_or_full_range_validated,199.57615217497235,2334.8110526677897,False
0.75,S2a,140.5710289232414,67.68234725933844,415.26662299393774,conditional_source_only_not_network_or_full_range_validated,208.25337618257987,2334.81105266779,False
0.75,S2a,146.42815512837643,70.50244506181087,413.590088355902,conditional_source_only_not_network_or_full_range_validated,216.9306001901873,2334.81105266779,False
0.75,S2a,152.28528133351148,73.3225428642833,411.9218397537721,conditional_source_only_not_network_or_full_range_validated,225.6078241977948,2334.81105266779,False
0.75,S2a,158.14240753864652,76.14264066675574,410.2618771875482,conditional_source_only_not_network_or_full_range_validated,234.28504820540226,2334.81105266779,False
0.75,S2a,163.9995337437816,78.96273846922817,408.6102006572304,conditional_source_only_not_network_or_full_range_validated,242.96227221300978,2334.81105266779,False
0.75,S2a,169.85665994891667,81.78283627170062,406.9668101628184,conditional_source_only_not_network_or_full_range_validated,251.63949622061727,2334.8110526677897,False
0.75,S2a,175.7137861540517,84.60293407417304,405.3317057043125,conditional_source_only_not_network_or_full_range_validated,260.3167202282247,2334.81105266779,False
0.75,S2a,181.57091235918676,87.42303187664547,403.7048872817126,conditional_source_only_not_network_or_full_range_validated,268.99394423583226,2334.8110526677906,False
0.75,S2a,187.4280385643218,90.2431296791179,402.0863548950186,conditional_source_only_not_network_or_full_range_validated,277.6711682434397,2334.81105266779,False
0.75,S2a,193.2851647694569,93.06322748159036,400.4761085442306,conditional_source_only_not_network_or_full_range_validated,286.34839225104724,2334.81105266779,False
0.75,S2a,199.142290974592,95.8833252840628,398.8741482293485,conditional_source_only_not_network_or_full_range_validated,295.0256162586548,2334.81105266779,False
0.75,S2a,204.99941717972695,98.7034230865352,397.2804739503725,conditional_source_only_not_network_or_full_range_validated,303.7028402662621,2334.8110526677897,False
0.75,S2a,210.85654338486205,101.52352088900764,395.6950857073024,conditional_source_only_not_network_or_full_range_validated,312.3800642738697,2334.8110526677906,False
0.75,S2a,216.7136695899971,104.34361869148007,394.1179835001384,conditional_source_only_not_network_or_full_range_validated,321.05728828147716,2334.81105266779,False
0.75,S2a,222.5707957951321,107.16371649395252,392.5491673288802,conditional_source_only_not_network_or_full_range_validated,329.73451228908465,2334.81105266779,False
0.75,S2a,228.42792200026724,109.98381429642497,390.98863719352806,conditional_source_only_not_network_or_full_range_validated,338.4117362966922,2334.81105266779,False
0.75,S2a,234.28504820540223,112.80391209889738,389.4363930940819,conditional_source_only_not_network_or_full_range_validated,347.08896030429963,2334.81105266779,False
0.75,S2a,5.627313663847523,3.0300919728409745,456.1418465587773,conditional_source_only_not_network_or_full_range_validated,8.657405636688498,2330.9375693010215,False
0.75,S2a,11.254627327695044,6.060183945681949,454.3023658853173,conditional_source_only_not_network_or_full_range_validated,17.314811273376993,2330.9375693010215,False
0.75,S2a,16.88194099154257,9.090275918522924,452.4708230582097,conditional_source_only_not_network_or_full_range_validated,25.972216910065494,2330.9375693010215,False
0.75,S2a,22.50925465539009,12.120367891363898,450.6472180774548,conditional_source_only_not_network_or_full_range_validated,34.62962254675399,2330.9375693010215,False
0.75,S2a,28.13656831923761,15.150459864204873,448.8315509430524,conditional_source_only_not_network_or_full_range_validated,43.28702818344249,2330.9375693010215,False
0.75,S2a,33.76388198308514,18.180551837045847,447.02382165500256,conditional_source_only_not_network_or_full_range_validated,51.94443382013099,2330.9375693010215,False
0.75,S2a,39.391195646932665,21.210643809886825,445.2240302133053,conditional_source_only_not_network_or_full_range_validated,60.60183945681949,2330.9375693010215,False
0.75,S2a,45.01850931078018,24.2407357827278,443.43217661796064,conditional_source_only_not_network_or_full_range_validated,69.25924509350799,2330.9375693010215,False
0.75,S2a,50.645822974627706,27.27082775556877,441.6482608689685,conditional_source_only_not_network_or_full_range_validated,77.91665073019648,2330.937569301021,False
0.75,S2a,56.27313663847523,30.300919728409745,439.87228296632895,conditional_source_only_not_network_or_full_range_validated,86.57405636688497,2330.9375693010215,False
0.75,S2a,61.90045030232275,33.33101170125072,438.1042429100421,conditional_source_only_not_network_or_full_range_validated,95.23146200357348,2330.9375693010215,False
0.75,S2a,67.52776396617028,36.361103674091694,436.3441407001076,conditional_source_only_not_network_or_full_range_validated,103.88886764026198,2330.9375693010215,False
0.75,S2a,73.1550776300178,39.39119564693267,434.5919763365259,conditional_source_only_not_network_or_full_range_validated,112.54627327695047,2330.937569301021,False
0.75,S2a,78.78239129386533,42.42128761977365,432.8477498192966,conditional_source_only_not_network_or_full_range_validated,121.20367891363898,2330.9375693010215,False
0.75,S2a,84.40970495771283,45.45137959261461,431.11146114842,conditional_source_only_not_network_or_full_range_validated,129.86108455032743,2330.937569301021,False
0.75,S2a,90.03701862156036,48.48147156545559,429.3831103238959,conditional_source_only_not_network_or_full_range_validated,138.51849018701597,2330.9375693010215,False
0.75,S2a,95.6643322854079,51.51156353829657,427.6626973457244,conditional_source_only_not_network_or_full_range_validated,147.17589582370448,2330.9375693010215,False
0.75,S2a,101.2916459492554,54.54165551113754,425.9502222139054,conditional_source_only_not_network_or_full_range_validated,155.83330146039293,2330.937569301021,False
0.75,S2a,106.91895961310294,57.57174748397852,424.245684928439,conditional_source_only_not_network_or_full_range_validated,164.49070709708147,2330.9375693010215,False
0.75,S2a,112.54627327695046,60.60183945681949,422.5490854893253,conditional_source_only_not_network_or_full_range_validated,173.14811273376995,2330.9375693010215,False
0.75,S2a,118.17358694079796,63.63193142966047,420.860423896564,conditional_source_only_not_network_or_full_range_validated,181.80551837045843,2330.937569301021,False
0.75,S2a,123.8009006046455,66.66202340250145,419.1797001501554,conditional_source_only_not_network_or_full_range_validated,190.46292400714697,2330.9375693010215,False
0.75,S2a,129.42821426849304,69.69211537534242,417.50691425009927,conditional_source_only_not_network_or_full_range_validated,199.12032964383548,2330.9375693010215,False
0.75,S2a,135.05552793234057,72.72220734818339,415.84206619639576,conditional_source_only_not_network_or_full_range_validated,207.77773528052396,2330.9375693010215,False
0.75,S2a,140.68284159618807,75.75229932102437,414.1851559890448,conditional_source_only_not_network_or_full_range_validated,216.43514091721244,2330.937569301021,False
0.75,S2a,146.3101552600356,78.78239129386535,412.5361836280465,conditional_source_only_not_network_or_full_range_validated,225.09254655390095,2330.937569301021,False
0.75,S2a,151.93746892388313,81.81248326670632,410.8951491134007,conditional_source_only_not_network_or_full_range_validated,233.74995219058945,2330.937569301021,False
0.75,S2a,157.56478258773066,84.8425752395473,409.2620524451074,conditional_source_only_not_network_or_full_range_validated,242.40735782727796,2330.9375693010215,False
0.75,S2a,163.19209625157816,87.87266721238827,407.6368936231668,conditional_source_only_not_network_or_full_range_validated,251.06476346396641,2330.937569301021,False
0.75,S2a,168.81940991542567,90.90275918522924,406.0196726475788,conditional_source_only_not_network_or_full_range_validated,259.7221691006549,2330.9375693010215,False
0.75,S2a,174.4467235792732,93.9328511580702,404.41038951834327,conditional_source_only_not_network_or_full_range_validated,268.37957473734343,2330.937569301021,False
0.75,S2a,180.07403724312073,96.9629431309112,402.8090442354603,conditional_source_only_not_network_or_full_range_validated,277.03698037403194,2330.9375693010215,False
0.75,S2a,185.70135090696823,99.99303510375216,401.21563679893,conditional_source_only_not_network_or_full_range_validated,285.6943860107204,2330.937569301021,False
0.75,S2a,191.3286645708158,103.02312707659314,399.6301672087522,conditional_source_only_not_network_or_full_range_validated,294.35179164740896,2330.9375693010215,False
0.75,S2a,196.9559782346633,106.0532190494341,398.052635464927,conditional_source_only_not_network_or_full_range_validated,303.0091972840974,2330.9375693010215,False
0.75,S2a,202.5832918985108,109.08331102227508,396.4830415674544,conditional_source_only_not_network_or_full_range_validated,311.66660292078586,2330.937569301021,False
0.75,S2a,208.21060556235835,112.11340299511606,394.9213855163343,conditional_source_only_not_network_or_full_range_validated,320.32400855747443,2330.937569301021,False
0.75,S2a,213.83791922620588,115.14349496795704,393.3676673115668,conditional_source_only_not_network_or_full_range_validated,328.98141419416294,2330.9375693010215,False
0.75,S2a,219.4652328900534,118.17358694079802,391.8218869531519,conditional_source_only_not_network_or_full_range_validated,337.6388198308514,2330.937569301021,False
0.75,S2a,225.0925465539009,121.20367891363898,390.2840444410895,conditional_source_only_not_network_or_full_range_validated,346.2962254675399,2330.9375693010215,False
0.75,S2a,5.3985484924558325,3.2391290954734995,456.1697171519219,conditional_source_only_not_network_or_full_range_validated,8.637677587929332,2327.0769169708133,False
0.75,S2a,10.797096984911663,6.478258190946999,454.35779474172847,conditional_source_only_not_network_or_full_range_validated,17.275355175858664,2327.0769169708133,False
0.75,S2a,16.1956454773675,9.7173872864205,452.5534978480099,conditional_source_only_not_network_or_full_range_validated,25.913032763788,2327.076916970813,False
0.75,S2a,21.59419396982333,12.956516381893998,450.7568264707662,conditional_source_only_not_network_or_full_range_validated,34.55071035171733,2327.0769169708133,False
0.75,S2a,26.99274246227916,16.1956454773675,448.9677806099973,conditional_source_only_not_network_or_full_range_validated,43.18838793964666,2327.0769169708133,False
0.75,S2a,32.391290954735,19.434774572841,447.1863602657032,conditional_source_only_not_network_or_full_range_validated,51.826065527576,2327.076916970813,False
0.75,S2a,37.78983944719083,22.673903668314495,445.412565437884,conditional_source_only_not_network_or_full_range_validated,60.46374311550532,2327.076916970813,False
0.75,S2a,43.18838793964666,25.913032763788,443.6463961265395,conditional_source_only_not_network_or_full_range_validated,69.10142070343466,2327.0769169708133,False
0.75,S2a,48.58693643210249,29.152161859261497,441.8878523316699,conditional_source_only_not_network_or_full_range_validated,77.73909829136399,2327.076916970813,False
0.75,S2a,53.98548492455832,32.391290954735,440.1369340532751,conditional_source_only_not_network_or_full_range_validated,86.37677587929332,2327.0769169708133,False
0.75,S2a,59.384033417014166,35.6304200502085,438.3936412913552,conditional_source_only_not_network_or_full_range_validated,95.01445346722267,2327.076916970813,False
0.75,S2a,64.78258190947,38.869549145682,436.65797404591,conditional_source_only_not_network_or_full_range_validated,103.652131055152,2327.076916970813,False
0.75,S2a,70.18113040192583,42.108678241155495,434.9299323169397,conditional_source_only_not_network_or_full_range_validated,112.28980864308133,2327.076916970813,False
0.75,S2a,75.57967889438166,45.347807336629,433.2095161044442,conditional_source_only_not_network_or_full_range_validated,120.92748623101066,2327.076916970813,False
0.75,S2a,80.97822738683749,48.5869364321025,431.4967254084235,conditional_source_only_not_network_or_full_range_validated,129.56516381894,2327.076916970813,False
0.75,S2a,86.37677587929332,51.82606552757599,429.7915602288777,conditional_source_only_not_network_or_full_range_validated,138.2028414068693,2327.0769169708133,False
0.75,S2a,91.77532437174916,55.06519462304949,428.0940205658067,conditional_source_only_not_network_or_full_range_validated,146.84051899479866,2327.076916970813,False
0.75,S2a,97.17387286420498,58.304323718522994,426.4041064192105,conditional_source_only_not_network_or_full_range_validated,155.47819658272797,2327.076916970813,False
0.75,S2a,102.57242135666084,61.543452813996495,424.72181778908913,conditional_source_only_not_network_or_full_range_validated,164.11587417065732,2327.076916970813,False
0.75,S2a,107.97096984911664,64.78258190947,423.0471546754426,conditional_source_only_not_network_or_full_range_validated,172.75355175858664,2327.0769169708133,False
0.75,S2a,113.36951834157249,68.0217110049435,421.3801170782708,conditional_source_only_not_network_or_full_range_validated,181.39122934651598,2327.0769169708133,False
0.75,S2a,118.76806683402832,71.260840100417,419.72070499757393,conditional_source_only_not_network_or_full_range_validated,190.02890693444533,2327.076916970813,False
0.75,S2a,124.16661532648416,74.49996919589049,418.0689184333519,conditional_source_only_not_network_or_full_range_validated,198.66658452237465,2327.0769169708124,False
0.75,S2a,129.56516381894,77.739098291364,416.42475738560455,conditional_source_only_not_network_or_full_range_validated,207.304262110304,2327.076916970813,False
0.75,S2a,134.9637123113958,80.97822738683749,414.78822185433216,conditional_source_only_not_network_or_full_range_validated,215.94193969823328,2327.0769169708133,False
0.75,S2a,140.36226080385163,84.21735648231099,413.15931183953455,conditional_source_only_not_network_or_full_range_validated,224.5796172861626,2327.076916970813,False
0.75,S2a,145.76080929630749,87.45648557778449,411.53802734121183,conditional_source_only_not_network_or_full_range_validated,233.21729487409198,2327.076916970813,False
0.75,S2a,151.15935778876332,90.695614673258,409.9243683593638,conditional_source_only_not_network_or_full_range_validated,241.85497246202132,2327.076916970813,False
0.75,S2a,156.55790628121918,93.9347437687315,408.3183348939907,conditional_source_only_not_network_or_full_range_validated,250.49265004995067,2327.0769169708133,False
0.75,S2a,161.95645477367498,97.173872864205,406.7199269450924,conditional_source_only_not_network_or_full_range_validated,259.13032763788,2327.076916970813,False
0.75,S2a,167.3550032661308,100.4130019596785,405.12914451266886,conditional_source_only_not_network_or_full_range_validated,267.7680052258093,2327.076916970813,False
0.75,S2a,172.75355175858664,103.65213105515198,403.5459875967202,conditional_source_only_not_network_or_full_range_validated,276.4056828137386,2327.0769169708133,False
0.75,S2a,178.1521002510425,106.8912601506255,401.9704561972464,conditional_source_only_not_network_or_full_range_validated,285.043360401668,2327.0769169708133,False
0.75,S2a,183.55064874349836,110.130389246099,400.4025503142474,conditional_source_only_not_network_or_full_range_validated,293.68103798959737,2327.076916970813,False
0.75,S2a,188.94919723595416,113.36951834157249,398.8422699477232,conditional_source_only_not_network_or_full_range_validated,302.31871557752663,2327.0769169708133,False
0.75,S2a,194.34774572841,116.608647437046,397.28961509767385,conditional_source_only_not_network_or_full_range_validated,310.956393165456,2327.0769169708133,False
0.75,S2a,199.74629422086585,119.8477765325195,395.7445857640993,conditional_source_only_not_network_or_full_range_validated,319.5940707533854,2327.0769169708133,False
0.75,S2a,205.14484271332165,123.086905627993,394.2071819469995,conditional_source_only_not_network_or_full_range_validated,328.23174834131464,2327.076916970813,False
0.75,S2a,210.54339120577748,126.32603472346648,392.6774036463746,conditional_source_only_not_network_or_full_range_validated,336.86942592924396,2327.076916970813,False
0.75,S2a,215.94193969823328,129.56516381894,391.1552508622246,conditional_source_only_not_network_or_full_range_validated,345.5071035171733,2327.0769169708133,False
0.75,S2a,5.170823547161656,3.447215698107771,456.19747799454336,conditional_source_only_not_network_or_full_range_validated,8.618039245269427,2323.229032027762,False
0.75,S2a,10.341647094323312,6.894431396215542,454.4130394789481,conditional_source_only_not_network_or_full_range_validated,17.236078490538855,2323.229032027762,False
0.75,S2a,15.512470641484972,10.341647094323315,452.63594953180433,conditional_source_only_not_network_or_full_range_validated,25.854117735808288,2323.229032027761,False
0.75,S2a,20.683294188646624,13.788862792431084,450.866208153112,conditional_source_only_not_network_or_full_range_validated,34.47215698107771,2323.229032027762,False
0.75,S2a,25.854117735808284,17.236078490538855,449.1038153428711,conditional_source_only_not_network_or_full_range_validated,43.09019622634714,2323.2290320277616,False
0.75,S2a,31.024941282969944,20.68329418864663,447.3487711010816,conditional_source_only_not_network_or_full_range_validated,51.708235471616575,2323.229032027761,False
0.75,S2a,36.1957648301316,24.1305098867544,445.6010754277436,conditional_source_only_not_network_or_full_range_validated,60.326274716886005,2323.229032027762,False
0.75,S2a,41.36658837729325,27.57772558486217,443.860728322857,conditional_source_only_not_network_or_full_range_validated,68.94431396215542,2323.229032027762,False
0.75,S2a,46.53741192445491,31.02494128296994,442.1277297864219,conditional_source_only_not_network_or_full_range_validated,77.56235320742485,2323.229032027762,False
0.75,S2a,51.70823547161657,34.47215698107771,440.4020798184382,conditional_source_only_not_network_or_full_range_validated,86.18039245269428,2323.2290320277616,False
0.75,S2a,56.87905901877822,37.919372679185486,438.683778418906,conditional_source_only_not_network_or_full_range_validated,94.79843169796371,2323.2290320277616,False
0.75,S2a,62.04988256593989,41.36658837729326,436.9728255878252,conditional_source_only_not_network_or_full_range_validated,103.41647094323315,2323.229032027761,False
0.75,S2a,67.22070611310154,44.81380407540103,435.26922132519593,conditional_source_only_not_network_or_full_range_validated,112.03451018850257,2323.2290320277616,False
0.75,S2a,72.39152966026319,48.2610197735088,433.572965631018,conditional_source_only_not_network_or_full_range_validated,120.65254943377198,2323.2290320277616,False
0.75,S2a,77.56235320742485,51.708235471616575,431.8840585052916,conditional_source_only_not_network_or_full_range_validated,129.27058867904142,2323.2290320277616,False
0.75,S2a,82.7331767545865,55.15545116972434,430.20249994801657,conditional_source_only_not_network_or_full_range_validated,137.88862792431084,2323.229032027762,False
0.75,S2a,87.90400030174817,58.60266686783211,428.52828995919305,conditional_source_only_not_network_or_full_range_validated,146.50666716958028,2323.229032027762,False
0.75,S2a,93.07482384890982,62.04988256593988,426.8614285388209,conditional_source_only_not_network_or_full_range_validated,155.1247064148497,2323.229032027762,False
0.75,S2a,98.24564739607148,65.49709826404766,425.2019156869002,conditional_source_only_not_network_or_full_range_validated,163.74274566011914,2323.229032027762,False
0.75,S2a,103.41647094323314,68.94431396215542,423.5497514034311,conditional_source_only_not_network_or_full_range_validated,172.36078490538856,2323.2290320277616,False
0.75,S2a,108.5872944903948,72.3915296602632,421.9049356884133,conditional_source_only_not_network_or_full_range_validated,180.978824150658,2323.229032027762,False
0.75,S2a,113.75811803755644,75.83874535837097,420.2674685418469,conditional_source_only_not_network_or_full_range_validated,189.59686339592741,2323.2290320277616,False
0.75,S2a,118.9289415847181,79.28596105647875,418.6373499637321,conditional_source_only_not_network_or_full_range_validated,198.21490264119686,2323.229032027762,False
0.75,S2a,124.09976513187978,82.73317675458652,417.0145799540686,conditional_source_only_not_network_or_full_range_validated,206.8329418864663,2323.229032027761,False
0.75,S2a,129.2705886790414,86.18039245269428,415.3991585128566,conditional_source_only_not_network_or_full_range_validated,215.45098113173566,2323.2290320277616,False
0.75,S2a,134.44141222620308,89.62760815080206,413.7910856400961,conditional_source_only_not_network_or_full_range_validated,224.06902037700513,2323.2290320277616,False
0.75,S2a,139.61223577336474,93.07482384890984,412.19036133578703,conditional_source_only_not_network_or_full_range_validated,232.6870596222746,2323.229032027762,False
0.75,S2a,144.78305932052638,96.5220395470176,410.5969855999294,conditional_source_only_not_network_or_full_range_validated,241.30509886754396,2323.2290320277616,False
0.75,S2a,149.9538828676881,99.96925524512538,409.0109584325232,conditional_source_only_not_network_or_full_range_validated,249.9231381128135,2323.229032027762,False
0.75,S2a,155.1247064148497,103.41647094323316,407.4322798335684,conditional_source_only_not_network_or_full_range_validated,258.54117735808285,2323.2290320277616,False
0.75,S2a,160.29552996201136,106.8636866413409,405.8609498030651,conditional_source_only_not_network_or_full_range_validated,267.15921660335226,2323.229032027762,False
0.75,S2a,165.466353509173,110.31090233944867,404.29696834101327,conditional_source_only_not_network_or_full_range_validated,275.7772558486217,2323.229032027762,False
0.75,S2a,170.63717705633468,113.75811803755649,402.74033544741286,conditional_source_only_not_network_or_full_range_validated,284.39529509389115,2323.2290320277616,False
0.75,S2a,175.80800060349634,117.20533373566424,401.1910511222639,conditional_source_only_not_network_or_full_range_validated,293.01333433916056,2323.2290320277616,False
0.75,S2a,180.978824150658,120.652549433772,399.64911536556633,conditional_source_only_not_network_or_full_range_validated,301.63137358443,2323.2290320277616,False
0.75,S2a,186.14964769781963,124.09976513187976,398.11452817732027,conditional_source_only_not_network_or_full_range_validated,310.2494128296994,2323.229032027762,False
0.75,S2a,191.3204712449813,127.54698082998756,396.5872895575257,conditional_source_only_not_network_or_full_range_validated,318.86745207496887,2323.2290320277616,False
0.75,S2a,196.49129479214292,130.99419652809533,395.0673995061824,conditional_source_only_not_network_or_full_range_validated,327.4854913202382,2323.2290320277616,False
0.75,S2a,201.6621183393046,134.44141222620308,393.5548580232907,conditional_source_only_not_network_or_full_range_validated,336.1035305655077,2323.229032027762,False
0.75,S2a,206.83294188646627,137.88862792431084,392.0496651088504,conditional_source_only_not_network_or_full_range_validated,344.7215698107771,2323.2290320277616,False
0.75,S2a,4.944131748986923,3.654358249251205,456.2251297182232,conditional_source_only_not_network_or_full_range_validated,8.598489998238128,2319.3938512427535,False
0.75,S2a,9.888263497973846,7.30871649850241,454.4681008887645,conditional_source_only_not_network_or_full_range_validated,17.196979996476255,2319.3938512427535,False
0.75,S2a,14.832395246960772,10.963074747753616,452.7181785902141,conditional_source_only_not_network_or_full_range_validated,25.795469994714388,2319.3938512427535,False
0.75,S2a,19.77652699594769,14.61743299700482,450.9753628225719,conditional_source_only_not_network_or_full_range_validated,34.39395999295251,2319.3938512427535,False
0.75,S2a,24.720658744934617,18.271791246256026,449.23965358583786,conditional_source_only_not_network_or_full_range_validated,42.99244999119064,2319.3938512427535,False
0.75,S2a,29.664790493921544,21.926149495507232,447.511050880012,conditional_source_only_not_network_or_full_range_validated,51.590939989428776,2319.3938512427535,False
0.75,S2a,34.60892224290846,25.580507744758435,445.7895547050945,conditional_source_only_not_network_or_full_range_validated,60.1894299876669,2319.3938512427535,False
0.75,S2a,39.55305399189538,29.23486599400964,444.075165061085,conditional_source_only_not_network_or_full_range_validated,68.78791998590502,2319.3938512427535,False
0.75,S2a,44.49718574088231,32.88922424326085,442.3678819479839,conditional_source_only_not_network_or_full_range_validated,77.38640998414316,2319.3938512427535,False
0.75,S2a,49.44131748986924,36.54358249251205,440.6677053657909,conditional_source_only_not_network_or_full_range_validated,85.9848999823813,2319.393851242754,False
0.75,S2a,54.38544923885616,40.19794074176325,438.974635314506,conditional_source_only_not_network_or_full_range_validated,94.58338998061942,2319.393851242754,False
0.75,S2a,59.32958098784309,43.852298991014464,437.2886717941295,conditional_source_only_not_network_or_full_range_validated,103.18187997885755,2319.3938512427535,False
0.75,S2a,64.27371273683,47.50665724026566,435.60981480466114,conditional_source_only_not_network_or_full_range_validated,111.78036997709566,2319.393851242753,False
0.75,S2a,69.21784448581693,51.16101548951687,433.938064346101,conditional_source_only_not_network_or_full_range_validated,120.3788599753338,2319.3938512427535,False
0.75,S2a,74.16197623480384,54.81537373876807,432.273420418449,conditional_source_only_not_network_or_full_range_validated,128.9773499735719,2319.3938512427535,False
0.75,S2a,79.10610798379076,58.46973198801928,430.6158830217053,conditional_source_only_not_network_or_full_range_validated,137.57583997181004,2319.3938512427535,False
0.75,S2a,84.0502397327777,62.12409023727048,428.9654521558698,conditional_source_only_not_network_or_full_range_validated,146.17432997004818,2319.3938512427535,False
0.75,S2a,88.99437148176462,65.7784484865217,427.32212782094246,conditional_source_only_not_network_or_full_range_validated,154.7728199682863,2319.3938512427535,False
0.75,S2a,93.93850323075156,69.4328067357729,425.68591001692334,conditional_source_only_not_network_or_full_range_validated,163.37130996652445,2319.3938512427535,False
0.75,S2a,98.88263497973848,73.08716498502409,424.0567987438124,conditional_source_only_not_network_or_full_range_validated,171.96979996476256,2319.3938512427535,False
0.75,S2a,103.8267667287254,76.7415232342753,422.4347940016097,conditional_source_only_not_network_or_full_range_validated,180.56828996300072,2319.3938512427535,False
0.75,S2a,108.77089847771232,80.39588148352651,420.8198957903152,conditional_source_only_not_network_or_full_range_validated,189.16677996123883,2319.393851242754,False
0.75,S2a,113.71503022669924,84.05023973277773,419.2121041099289,conditional_source_only_not_network_or_full_range_validated,197.76526995947697,2319.393851242754,False
0.75,S2a,118.65916197568616,87.70459798202893,417.6114189604508,conditional_source_only_not_network_or_full_range_validated,206.3637599577151,2319.3938512427535,False
0.75,S2a,123.6032937246731,91.35895623128012,416.01784034188097,conditional_source_only_not_network_or_full_range_validated,214.9622499559532,2319.393851242754,False
0.75,S2a,128.54742547366,95.01331448053132,414.4313682542193,conditional_source_only_not_network_or_full_range_validated,223.56073995419132,2319.393851242753,False
0.75,S2a,133.49155722264692,98.66767272978252,412.8520026974659,conditional_source_only_not_network_or_full_range_validated,232.15922995242943,2319.3938512427535,False
0.75,S2a,138.43568897163385,102.32203097903374,411.27974367162057,conditional_source_only_not_network_or_full_range_validated,240.7577199506676,2319.3938512427535,False
0.75,S2a,143.37982072062078,105.97638922828494,409.71459117668354,conditional_source_only_not_network_or_full_range_validated,249.35620994890573,2319.393851242753,False
0.75,S2a,148.3239524696077,109.63074747753612,408.1565452126548,conditional_source_only_not_network_or_full_range_validated,257.9546999471438,2319.3938512427535,False
0.75,S2a,153.26808421859462,113.28510572678736,406.6056057795341,conditional_source_only_not_network_or_full_range_validated,266.553189945382,2319.393851242753,False
0.75,S2a,158.21221596758153,116.93946397603855,405.0617728773217,conditional_source_only_not_network_or_full_range_validated,275.1516799436201,2319.3938512427535,False
0.75,S2a,163.1563477165685,120.59382222528976,403.5250465060175,conditional_source_only_not_network_or_full_range_validated,283.75016994185825,2319.393851242754,False
0.75,S2a,168.1004794655554,124.24818047454096,401.99542666562144,conditional_source_only_not_network_or_full_range_validated,292.34865994009635,2319.3938512427535,False
0.75,S2a,173.0446112145423,127.90253872379216,400.4729133561336,conditional_source_only_not_network_or_full_range_validated,300.94714993833446,2319.3938512427535,False
0.75,S2a,177.98874296352923,131.5568969730434,398.95750657755406,conditional_source_only_not_network_or_full_range_validated,309.5456399365726,2319.3938512427535,False
0.75,S2a,182.93287471251617,135.21125522229457,397.44920632988266,conditional_source_only_not_network_or_full_range_validated,318.14412993481073,2319.393851242754,False
0.75,S2a,187.8770064615031,138.8656134715458,395.9480126131195,conditional_source_only_not_network_or_full_range_validated,326.7426199330489,2319.393851242754,False
0.75,S2a,192.82113821049,142.519971720797,394.45392542726455,conditional_source_only_not_network_or_full_range_validated,335.341109931287,2319.393851242754,False
0.75,S2a,197.7652699594769,146.17432997004818,392.9669447723178,conditional_source_only_not_network_or_full_range_validated,343.9395999295251,2319.3938512427535,False
0.75,S2a,4.718466083040286,3.860563158851143,456.2526729498663,conditional_source_only_not_network_or_full_range_validated,8.57902924189143,2315.5713118035005,False
0.75,S2a,9.436932166080572,7.721126317702286,454.5229797599637,conditional_source_only_not_network_or_full_range_validated,17.15805848378286,2315.5713118035005,False
0.75,S2a,14.15539824912086,11.581689476553429,452.80018550888224,conditional_source_only_not_network_or_full_range_validated,25.73708772567429,2315.5713118035005,False
0.75,S2a,18.873864332161144,15.442252635404571,451.08429019662185,conditional_source_only_not_network_or_full_range_validated,34.31611696756572,2315.5713118035005,False
0.75,S2a,23.592330415201427,19.302815794255714,449.3752938231826,conditional_source_only_not_network_or_full_range_validated,42.89514620945714,2315.5713118035005,False
0.75,S2a,28.31079649824172,23.163378953106857,447.6731963885645,conditional_source_only_not_network_or_full_range_validated,51.47417545134858,2315.5713118035005,False
0.75,S2a,33.029262581282005,27.023942111958,445.9779978927676,conditional_source_only_not_network_or_full_range_validated,60.053204693240005,2315.5713118035005,False
0.75,S2a,37.74772866432229,30.884505270809143,444.2896983357917,conditional_source_only_not_network_or_full_range_validated,68.63223393513144,2315.5713118035005,False
0.75,S2a,42.46619474736257,34.745068429660286,442.608297717637,conditional_source_only_not_network_or_full_range_validated,77.21126317702286,2315.5713118035005,False
0.75,S2a,47.184660830402855,38.60563158851143,440.9337960383034,conditional_source_only_not_network_or_full_range_validated,85.79029241891428,2315.5713118035005,False
0.75,S2a,51.903126913443145,42.46619474736257,439.266193297791,conditional_source_only_not_network_or_full_range_validated,94.36932166080572,2315.5713118035,False
0.75,S2a,56.62159299648344,46.326757906213714,437.60548949609966,conditional_source_only_not_network_or_full_range_validated,102.94835090269716,2315.5713118035005,False
0.75,S2a,61.34005907952371,50.18732106506486,435.9516846332295,conditional_source_only_not_network_or_full_range_validated,111.52738014458856,2315.5713118035,False
0.75,S2a,66.05852516256401,54.047884223916,434.3047787091804,conditional_source_only_not_network_or_full_range_validated,120.10640938648001,2315.5713118035005,False
0.75,S2a,70.77699124560428,57.90844738276713,432.6647717239525,conditional_source_only_not_network_or_full_range_validated,128.6854386283714,2315.5713118034996,False
0.75,S2a,75.49545732864458,61.769010541618286,431.0316636775457,conditional_source_only_not_network_or_full_range_validated,137.26446787026288,2315.5713118035005,False
0.75,S2a,80.21392341168487,65.62957370046944,429.40545456996,conditional_source_only_not_network_or_full_range_validated,145.8434971121543,2315.5713118034996,False
0.75,S2a,84.93238949472514,69.49013685932057,427.7861444011955,conditional_source_only_not_network_or_full_range_validated,154.42252635404571,2315.5713118035005,False
0.75,S2a,89.65085557776543,73.35070001817171,426.1737331712521,conditional_source_only_not_network_or_full_range_validated,163.00155559593713,2315.5713118034996,False
0.75,S2a,94.36932166080572,77.21126317702286,424.5682208801298,conditional_source_only_not_network_or_full_range_validated,171.58058483782858,2315.5713118035005,False
0.75,S2a,99.087787743846,81.07182633587401,422.9696075278287,conditional_source_only_not_network_or_full_range_validated,180.15961407972,2315.5713118035,False
0.75,S2a,103.80625382688628,84.93238949472514,421.37789311434864,conditional_source_only_not_network_or_full_range_validated,188.73864332161142,2315.5713118035,False
0.75,S2a,108.5247199099266,88.7929526535763,419.7930776396898,conditional_source_only_not_network_or_full_range_validated,197.3176725635029,2315.5713118035,False
0.75,S2a,113.24318599296689,92.65351581242744,418.215161103852,conditional_source_only_not_network_or_full_range_validated,205.89670180539434,2315.5713118035005,False
0.75,S2a,117.96165207600714,96.51407897127856,416.64414350683535,conditional_source_only_not_network_or_full_range_validated,214.4757310472857,2315.5713118035,False
0.75,S2a,122.68011815904742,100.37464213012971,415.0800248486399,conditional_source_only_not_network_or_full_range_validated,223.05476028917712,2315.5713118035,False
0.75,S2a,127.39858424208772,104.23520528898086,413.5228051292655,conditional_source_only_not_network_or_full_range_validated,231.6337895310686,2315.5713118035,False
0.75,S2a,132.11705032512802,108.095768447832,411.9724843487122,conditional_source_only_not_network_or_full_range_validated,240.21281877296002,2315.5713118035005,False
0.75,S2a,136.8355164081683,111.95633160668316,410.4290625069801,conditional_source_only_not_network_or_full_range_validated,248.79184801485147,2315.5713118035005,False
0.75,S2a,141.55398249120856,115.81689476553426,408.8925396040692,conditional_source_only_not_network_or_full_range_validated,257.3708772567428,2315.5713118034996,False
0.75,S2a,146.27244857424887,119.67745792438542,407.36291563997935,conditional_source_only_not_network_or_full_range_validated,265.9499064986343,2315.5713118034996,False
0.75,S2a,150.99091465728915,123.53802108323656,405.84019061471065,conditional_source_only_not_network_or_full_range_validated,274.5289357405257,2315.5713118035005,False
0.75,S2a,155.70938074032944,127.39858424208772,404.324364528263,conditional_source_only_not_network_or_full_range_validated,283.1079649824172,2315.5713118035005,False
0.75,S2a,160.42784682336975,131.25914740093887,402.8154373806366,conditional_source_only_not_network_or_full_range_validated,291.6869942243086,2315.5713118034996,False
0.75,S2a,165.14631290640995,135.11971055978998,401.31340917183127,conditional_source_only_not_network_or_full_range_validated,300.26602346619995,2315.5713118035,False
0.75,S2a,169.8647789894503,138.98027371864114,399.8182799018471,conditional_source_only_not_network_or_full_range_validated,308.84505270809143,2315.5713118035005,False
0.75,S2a,174.58324507249057,142.84083687749228,398.330049570684,conditional_source_only_not_network_or_full_range_validated,317.42408194998285,2315.5713118035,False
0.75,S2a,179.30171115553085,146.7014000363434,396.8487181783421,conditional_source_only_not_network_or_full_range_validated,326.00311119187427,2315.5713118035005,False
0.75,S2a,184.02017723857116,150.56196319519455,395.3742857248213,conditional_source_only_not_network_or_full_range_validated,334.58214043376574,2315.5713118035,False
0.75,S2a,188.73864332161145,154.42252635404571,393.9067522101216,conditional_source_only_not_network_or_full_range_validated,343.16116967565716,2315.5713118035005,False
0.75,S2a,4.493819597793529,4.065836778956051,456.2801083117423,conditional_source_only_not_network_or_full_range_validated,8.55965637674958,2311.7613513111096,False
0.75,S2a,8.987639195587057,8.131673557912102,454.577676878316,conditional_source_only_not_network_or_full_range_validated,17.11931275349916,2311.7613513111096,False
0.75,S2a,13.481458793380588,12.197510336868154,452.8819707783109,conditional_source_only_not_network_or_full_range_validated,25.678969130248742,2311.7613513111096,False
0.75,S2a,17.975278391174115,16.263347115824203,451.1929900117272,conditional_source_only_not_network_or_full_range_validated,34.23862550699832,2311.7613513111096,False
0.75,S2a,22.469097988967643,20.32918389478025,449.5107345785648,conditional_source_only_not_network_or_full_range_validated,42.79828188374789,2311.7613513111096,False
0.75,S2a,26.962917586761176,24.39502067373631,447.8352044788237,conditional_source_only_not_network_or_full_range_validated,51.357938260497484,2311.7613513111096,False
0.75,S2a,31.456737184554704,28.460857452692355,446.166399712504,conditional_source_only_not_network_or_full_range_validated,59.91759463724706,2311.7613513111096,False
0.75,S2a,35.95055678234823,32.526694231648406,444.5043202796056,conditional_source_only_not_network_or_full_range_validated,68.47725101399664,2311.7613513111096,False
0.75,S2a,40.44437638014176,36.59253101060446,442.84896618012846,conditional_source_only_not_network_or_full_range_validated,77.03690739074622,2311.761351311109,False
0.75,S2a,44.93819597793529,40.65836778956051,441.2003374140727,conditional_source_only_not_network_or_full_range_validated,85.5965637674958,2311.7613513111096,False
0.75,S2a,49.43201557572882,44.72420456851656,439.5584339814383,conditional_source_only_not_network_or_full_range_validated,94.15622014424538,2311.7613513111096,False
0.75,S2a,53.92583517352235,48.79004134747262,437.92325588222513,conditional_source_only_not_network_or_full_range_validated,102.71587652099497,2311.7613513111096,False
0.75,S2a,58.41965477131588,52.85587812642866,436.2948031164333,conditional_source_only_not_network_or_full_range_validated,111.27553289774454,2311.7613513111096,False
0.75,S2a,62.91347436910941,56.92171490538471,434.6730756840629,conditional_source_only_not_network_or_full_range_validated,119.83518927449413,2311.7613513111096,False
0.75,S2a,67.40729396690293,60.98755168434076,433.0580735851138,conditional_source_only_not_network_or_full_range_validated,128.39484565124368,2311.7613513111096,False
0.75,S2a,71.90111356469646,65.05338846329681,431.4497968195859,conditional_source_only_not_network_or_full_range_validated,136.95450202799327,2311.7613513111096,False
0.75,S2a,76.39493316248999,69.11922524225287,429.8482453874794,conditional_source_only_not_network_or_full_range_validated,145.51415840474286,2311.7613513111096,False
0.75,S2a,80.88875276028352,73.18506202120892,428.2534192887943,conditional_source_only_not_network_or_full_range_validated,154.07381478149244,2311.761351311109,False
0.75,S2a,85.38257235807706,77.25089880016498,426.6653185235304,conditional_source_only_not_network_or_full_range_validated,162.63347115824203,2311.7613513111096,False
0.75,S2a,89.87639195587057,81.31673557912102,425.0839430916879,conditional_source_only_not_network_or_full_range_validated,171.1931275349916,2311.7613513111096,False
0.75,S2a,94.3702115536641,85.38257235807707,423.50929299326674,conditional_source_only_not_network_or_full_range_validated,179.75278391174118,2311.7613513111096,False
0.75,S2a,98.86403115145764,89.44840913703312,421.94136822826687,conditional_source_only_not_network_or_full_range_validated,188.31244028849076,2311.7613513111096,False
0.75,S2a,103.35785074925116,93.51424591598918,420.3801687966883,conditional_source_only_not_network_or_full_range_validated,196.87209666524035,2311.76135131111,False
0.75,S2a,107.8516703470447,97.58008269494523,418.8256946985312,conditional_source_only_not_network_or_full_range_validated,205.43175304198994,2311.7613513111096,False
0.75,S2a,112.34548994483822,101.64591947390127,417.2779459337952,conditional_source_only_not_network_or_full_range_validated,213.9914094187395,2311.7613513111096,False
0.75,S2a,116.83930954263175,105.71175625285731,415.7369225024807,conditional_source_only_not_network_or_full_range_validated,222.55106579548908,2311.7613513111096,False
0.75,S2a,121.33312914042529,109.77759303181335,414.2026244045874,conditional_source_only_not_network_or_full_range_validated,231.11072217223864,2311.7613513111096,False
0.75,S2a,125.82694873821882,113.84342981076942,412.6750516401155,conditional_source_only_not_network_or_full_range_validated,239.67037854898825,2311.7613513111096,False
0.75,S2a,130.32076833601235,117.90926658972548,411.15420420906497,conditional_source_only_not_network_or_full_range_validated,248.2300349257378,2311.761351311109,False
0.75,S2a,134.81458793380585,121.97510336868152,409.6400821114357,conditional_source_only_not_network_or_full_range_validated,256.78969130248737,2311.7613513111096,False
0.75,S2a,139.3084075315994,126.04094014763756,408.1326853472277,conditional_source_only_not_network_or_full_range_validated,265.349347679237,2311.761351311109,False
0.75,S2a,143.80222712939292,130.10677692659362,406.6320139164412,conditional_source_only_not_network_or_full_range_validated,273.90900405598654,2311.7613513111096,False
0.75,S2a,148.29604672718645,134.17261370554968,405.13806781907584,conditional_source_only_not_network_or_full_range_validated,282.4686604327361,2311.761351311109,False
0.75,S2a,152.78986632497998,138.23845048450573,403.6508470551319,conditional_source_only_not_network_or_full_range_validated,291.0283168094857,2311.7613513111096,False
0.75,S2a,157.2836859227735,142.30428726346176,402.1703516246093,conditional_source_only_not_network_or_full_range_validated,299.5879731862352,2311.7613513111096,False
0.75,S2a,161.77750552056705,146.37012404241784,400.696581527508,conditional_source_only_not_network_or_full_range_validated,308.1476295629849,2311.761351311109,False
0.75,S2a,166.27132511836055,150.43596082137387,399.229536763828,conditional_source_only_not_network_or_full_range_validated,316.70728593973445,2311.7613513111096,False
0.75,S2a,170.7651447161541,154.50179760032995,397.7692173335694,conditional_source_only_not_network_or_full_range_validated,325.26694231648406,2311.7613513111096,False
0.75,S2a,175.25896431394762,158.56763437928598,396.315623236732,conditional_source_only_not_network_or_full_range_validated,333.82659869323356,2311.7613513111096,False
0.75,S2a,179.75278391174115,162.63347115824203,394.868754473316,conditional_source_only_not_network_or_full_range_validated,342.3862550699832,2311.7613513111096,False
0.75,S2a,4.270185404367765,4.270185404367765,456.3074364215264,conditional_source_only_not_network_or_full_range_validated,8.54037080873553,2307.963907776691,False
0.75,S2a,8.54037080873553,8.54037080873553,454.63219302656415,conditional_source_only_not_network_or_full_range_validated,17.08074161747106,2307.963907776691,False
0.75,S2a,12.810556213103297,12.810556213103297,452.9635348937034,conditional_source_only_not_network_or_full_range_validated,25.621112426206594,2307.9639077766915,False
0.75,S2a,17.08074161747106,17.08074161747106,451.3014620229441,conditional_source_only_not_network_or_full_range_validated,34.16148323494212,2307.963907776691,False
0.75,S2a,21.350927021838825,21.350927021838825,449.6459744142862,conditional_source_only_not_network_or_full_range_validated,42.70185404367765,2307.963907776691,False
0.75,S2a,25.621112426206597,25.621112426206597,447.9970720677297,conditional_source_only_not_network_or_full_range_validated,51.242224852413194,2307.963907776691,False
0.75,S2a,29.89129783057436,29.89129783057436,446.3547549832747,conditional_source_only_not_network_or_full_range_validated,59.78259566114872,2307.963907776691,False
0.75,S2a,34.16148323494212,34.16148323494212,444.719023160921,conditional_source_only_not_network_or_full_range_validated,68.32296646988424,2307.963907776691,False
0.75,S2a,38.43166863930988,38.43166863930988,443.0898766006689,conditional_source_only_not_network_or_full_range_validated,76.86333727861977,2307.963907776691,False
0.75,S2a,42.70185404367765,42.70185404367765,441.46731530251816,conditional_source_only_not_network_or_full_range_validated,85.4037080873553,2307.963907776691,False
0.75,S2a,46.972039448045415,46.972039448045415,439.85133926646887,conditional_source_only_not_network_or_full_range_validated,93.94407889609083,2307.963907776691,False
0.75,S2a,51.24222485241319,51.24222485241319,438.241948492521,conditional_source_only_not_network_or_full_range_validated,102.48444970482637,2307.9639077766915,False
0.75,S2a,55.51241025678095,55.51241025678095,436.63914298067465,conditional_source_only_not_network_or_full_range_validated,111.0248205135619,2307.963907776691,False
0.75,S2a,59.78259566114871,59.78259566114871,435.04292273092966,conditional_source_only_not_network_or_full_range_validated,119.56519132229742,2307.963907776691,False
0.75,S2a,64.05278106551647,64.05278106551647,433.45328774328607,conditional_source_only_not_network_or_full_range_validated,128.10556213103294,2307.9639077766915,False
0.75,S2a,68.32296646988424,68.32296646988424,431.870238017744,conditional_source_only_not_network_or_full_range_validated,136.64593293976847,2307.963907776691,False
0.75,S2a,72.59315187425202,72.59315187425202,430.2937735543033,conditional_source_only_not_network_or_full_range_validated,145.18630374850403,2307.963907776691,False
0.75,S2a,76.86333727861977,76.86333727861977,428.723894352964,conditional_source_only_not_network_or_full_range_validated,153.72667455723953,2307.963907776691,False
0.75,S2a,81.13352268298753,81.13352268298753,427.16060041372623,conditional_source_only_not_network_or_full_range_validated,162.26704536597506,2307.963907776691,False
0.75,S2a,85.4037080873553,85.4037080873553,425.6038917365899,conditional_source_only_not_network_or_full_range_validated,170.8074161747106,2307.963907776691,False
0.75,S2a,89.67389349172306,89.67389349172306,424.05376832155497,conditional_source_only_not_network_or_full_range_validated,179.34778698344613,2307.963907776691,False
0.75,S2a,93.94407889609084,93.94407889609084,422.51023016862143,conditional_source_only_not_network_or_full_range_validated,187.8881577921817,2307.963907776691,False
0.75,S2a,98.2142643004586,98.2142643004586,420.9732772777894,conditional_source_only_not_network_or_full_range_validated,196.4285286009172,2307.9639077766915,False
0.75,S2a,102.48444970482636,102.48444970482636,419.4429096490588,conditional_source_only_not_network_or_full_range_validated,204.96889940965272,2307.963907776691,False
0.75,S2a,106.75463510919413,106.75463510919413,417.9191272824296,conditional_source_only_not_network_or_full_range_validated,213.50927021838825,2307.963907776691,False
0.75,S2a,111.02482051356188,111.02482051356188,416.4019301779018,conditional_source_only_not_network_or_full_range_validated,222.04964102712376,2307.963907776691,False
0.75,S2a,115.29500591792966,115.29500591792966,414.8913183354756,conditional_source_only_not_network_or_full_range_validated,230.59001183585931,2307.963907776691,False
0.75,S2a,119.56519132229742,119.56519132229742,413.3872917551506,conditional_source_only_not_network_or_full_range_validated,239.13038264459485,2307.963907776691,False
0.75,S2a,123.8353767266652,123.8353767266652,411.8898504369272,conditional_source_only_not_network_or_full_range_validated,247.6707534533304,2307.963907776691,False
0.75,S2a,128.10556213103294,128.10556213103294,410.3989943808052,conditional_source_only_not_network_or_full_range_validated,256.2111242620659,2307.9639077766915,False
0.75,S2a,132.3757475354007,132.3757475354007,408.9147235867846,conditional_source_only_not_network_or_full_range_validated,264.7514950708014,2307.963907776691,False
0.75,S2a,136.64593293976847,136.64593293976847,407.4370380548654,conditional_source_only_not_network_or_full_range_validated,273.29186587953694,2307.963907776691,False
0.75,S2a,140.9161183441363,140.9161183441363,405.9659377850477,conditional_source_only_not_network_or_full_range_validated,281.8322366882726,2307.963907776691,False
0.75,S2a,145.18630374850403,145.18630374850403,404.5014227773314,conditional_source_only_not_network_or_full_range_validated,290.37260749700806,2307.963907776691,False
0.75,S2a,149.45648915287177,149.45648915287177,403.0434930317167,conditional_source_only_not_network_or_full_range_validated,298.91297830574354,2307.963907776691,False
0.75,S2a,153.72667455723953,153.72667455723953,401.5921485482033,conditional_source_only_not_network_or_full_range_validated,307.45334911447907,2307.963907776691,False
0.75,S2a,157.9968599616073,157.9968599616073,400.1473893267913,conditional_source_only_not_network_or_full_range_validated,315.9937199232146,2307.963907776691,False
0.75,S2a,162.26704536597506,162.26704536597506,398.7092153674808,conditional_source_only_not_network_or_full_range_validated,324.53409073195013,2307.963907776691,False
0.75,S2a,166.53723077034286,166.53723077034286,397.2776266702717,conditional_source_only_not_network_or_full_range_validated,333.0744615406857,2307.9639077766915,False
0.75,S2a,170.8074161747106,170.8074161747106,395.852623235164,conditional_source_only_not_network_or_full_range_validated,341.6148323494212,2307.963907776691,False
0.75,S2a,4.047556675829244,4.473615273284955,456.3346578923392,conditional_source_only_not_network_or_full_range_validated,8.5211719491142,2304.178919617994,False
0.75,S2a,8.095113351658489,8.94723054656991,454.686528984412,conditional_source_only_not_network_or_full_range_validated,17.0423438982284,2304.178919617994,False
0.75,S2a,12.142670027487734,13.420845819854868,453.0448783548084,conditional_source_only_not_network_or_full_range_validated,25.5635158473426,2304.178919617994,False
0.75,S2a,16.190226703316977,17.89446109313982,451.40970600352847,conditional_source_only_not_network_or_full_range_validated,34.0846877964568,2304.178919617994,False
0.75,S2a,20.237783379146222,22.368076366424773,449.7810119305722,conditional_source_only_not_network_or_full_range_validated,42.605859745570996,2304.1789196179943,False
0.75,S2a,24.285340054975467,26.841691639709733,448.1587961359396,conditional_source_only_not_network_or_full_range_validated,51.1270316946852,2304.1789196179943,False
0.75,S2a,28.332896730804716,31.31530691299469,446.5430586196306,conditional_source_only_not_network_or_full_range_validated,59.648203643799405,2304.178919617994,False
0.75,S2a,32.380453406633954,35.78892218627964,444.9337993816452,conditional_source_only_not_network_or_full_range_validated,68.1693755929136,2304.178919617994,False
0.75,S2a,36.4280100824632,40.2625374595646,443.3310184219835,conditional_source_only_not_network_or_full_range_validated,76.6905475420278,2304.178919617994,False
0.75,S2a,40.475566758292445,44.73615273284955,441.7347157406455,conditional_source_only_not_network_or_full_range_validated,85.21171949114199,2304.1789196179943,False
0.75,S2a,44.52312343412169,49.2097680061345,440.1448913376311,conditional_source_only_not_network_or_full_range_validated,93.7328914402562,2304.178919617994,False
0.75,S2a,48.570680109950935,53.683383279419466,438.56154521294025,conditional_source_only_not_network_or_full_range_validated,102.2540633893704,2304.1789196179943,False
0.75,S2a,52.61823678578018,58.156998552704415,436.9846773665731,conditional_source_only_not_network_or_full_range_validated,110.77523533848459,2304.1789196179943,False
0.75,S2a,56.66579346160943,62.63061382598937,435.4142877985296,conditional_source_only_not_network_or_full_range_validated,119.29640728759881,2304.1789196179943,False
0.75,S2a,60.71335013743867,67.10422909927432,433.8503765088098,conditional_source_only_not_network_or_full_range_validated,127.81757923671299,2304.1789196179943,False
0.75,S2a,64.76090681326791,71.57784437255928,432.2929434974136,conditional_source_only_not_network_or_full_range_validated,136.3387511858272,2304.178919617994,False
0.75,S2a,68.80846348909716,76.05145964584423,430.741988764341,conditional_source_only_not_network_or_full_range_validated,144.8599231349414,2304.1789196179943,False
0.75,S2a,72.8560201649264,80.5250749191292,429.1975123095921,conditional_source_only_not_network_or_full_range_validated,153.3810950840556,2304.178919617994,False
0.75,S2a,76.90357684075565,84.99869019241416,427.6595141331669,conditional_source_only_not_network_or_full_range_validated,161.9022670331698,2304.178919617994,False
0.75,S2a,80.95113351658489,89.4723054656991,426.1279942350652,conditional_source_only_not_network_or_full_range_validated,170.42343898228398,2304.1789196179943,False
0.75,S2a,84.99869019241413,93.94592073898406,424.6029526152872,conditional_source_only_not_network_or_full_range_validated,178.9446109313982,2304.178919617994,False
0.75,S2a,89.04624686824339,98.419536012269,423.08438927383287,conditional_source_only_not_network_or_full_range_validated,187.4657828805124,2304.178919617994,False
0.75,S2a,93.09380354407264,102.89315128555396,421.57230421070216,conditional_source_only_not_network_or_full_range_validated,195.9869548296266,2304.1789196179943,False
0.75,S2a,97.14136021990188,107.36676655883892,420.0666974258952,conditional_source_only_not_network_or_full_range_validated,204.5081267787408,2304.1789196179943,False
0.75,S2a,101.18891689573113,111.84038183212388,418.5675689194117,conditional_source_only_not_network_or_full_range_validated,213.029298727855,2304.178919617994,False
0.75,S2a,105.23647357156035,116.31399710540884,417.0749186912519,conditional_source_only_not_network_or_full_range_validated,221.5504706769692,2304.1789196179943,False
0.75,S2a,109.2840302473896,120.78761237869378,415.5887467414158,conditional_source_only_not_network_or_full_range_validated,230.07164262608336,2304.1789196179943,False
0.75,S2a,113.33158692321884,125.26122765197874,414.1090530699033,conditional_source_only_not_network_or_full_range_validated,238.59281457519756,2304.178919617994,False
0.75,S2a,117.37914359904808,129.7348429252637,412.6358376767145,conditional_source_only_not_network_or_full_range_validated,247.11398652431177,2304.178919617994,False
0.75,S2a,121.42670027487732,134.20845819854864,411.1691005618493,conditional_source_only_not_network_or_full_range_validated,255.63515847342597,2304.1789196179943,False
0.75,S2a,125.47425695070658,138.6820734718336,409.7088417253077,conditional_source_only_not_network_or_full_range_validated,264.1563304225402,2304.1789196179943,False
0.75,S2a,129.52181362653582,143.15568874511857,408.2550611670898,conditional_source_only_not_network_or_full_range_validated,272.6775023716544,2304.178919617994,False
0.75,S2a,133.5693703023651,147.6293040184035,406.8077588871956,conditional_source_only_not_network_or_full_range_validated,281.1986743207686,2304.178919617994,False
0.75,S2a,137.61692697819433,152.1029192916885,405.3669348856249,conditional_source_only_not_network_or_full_range_validated,289.71984626988285,2304.1789196179943,False
0.75,S2a,141.66448365402354,156.5765345649734,403.932589162378,conditional_source_only_not_network_or_full_range_validated,298.24101821899694,2304.178919617994,False
0.75,S2a,145.7120403298528,161.0501498382584,402.5047217174546,conditional_source_only_not_network_or_full_range_validated,306.7621901681112,2304.178919617994,False
0.75,S2a,149.75959700568205,165.52376511154336,401.0833325508549,conditional_source_only_not_network_or_full_range_validated,315.2833621172254,2304.1789196179943,False
0.75,S2a,153.8071536815113,169.99738038482832,399.6684216625789,conditional_source_only_not_network_or_full_range_validated,323.8045340663396,2304.178919617994,False
0.75,S2a,157.85471035734056,174.47099565811325,398.25998905262645,conditional_source_only_not_network_or_full_range_validated,332.3257060154538,2304.178919617994,False
0.75,S2a,161.90226703316978,178.9446109313982,396.8580347209977,conditional_source_only_not_network_or_full_range_validated,340.84687796456797,2304.1789196179943,False
0.75,S2a,3.825926646494655,4.676132567937912,456.36177333278704,conditional_source_only_not_network_or_full_range_validated,8.502059214432567,2300.4063256560776,False
0.75,S2a,7.651853292989309,9.352265135875824,454.7406855285132,conditional_source_only_not_network_or_full_range_validated,17.004118428865134,2300.4063256560776,False
0.75,S2a,11.477779939483964,14.028397703813736,453.1260016657687,conditional_source_only_not_network_or_full_range_validated,25.5061776432977,2300.4063256560776,False
0.75,S2a,15.30370658597862,18.704530271751647,451.5177217445533,conditional_source_only_not_network_or_full_range_validated,34.00823685773027,2300.4063256560776,False
0.75,S2a,19.12963323247327,23.38066283968956,449.9158457648672,conditional_source_only_not_network_or_full_range_validated,42.51029607216283,2300.406325656077,False
0.75,S2a,22.95555987896793,28.056795407627472,448.32037372671033,conditional_source_only_not_network_or_full_range_validated,51.0123552865954,2300.4063256560776,False
0.75,S2a,26.781486525462583,32.73292797556539,446.7313056300827,conditional_source_only_not_network_or_full_range_validated,59.51441450102797,2300.406325656077,False
0.75,S2a,30.60741317195724,37.409060543503294,445.1486414749843,conditional_source_only_not_network_or_full_range_validated,68.01647371546053,2300.4063256560776,False
0.75,S2a,34.43333981845189,42.08519311144121,443.5723812614151,conditional_source_only_not_network_or_full_range_validated,76.5185329298931,2300.4063256560776,False
0.75,S2a,38.25926646494654,46.76132567937912,442.0025249893751,conditional_source_only_not_network_or_full_range_validated,85.02059214432566,2300.406325656077,False
0.75,S2a,42.08519311144121,51.43745824731703,440.4390726588644,conditional_source_only_not_network_or_full_range_validated,93.52265135875824,2300.406325656077,False
0.75,S2a,45.91111975793586,56.11359081525495,438.8820242698828,conditional_source_only_not_network_or_full_range_validated,102.02471057319082,2300.4063256560776,False
0.75,S2a,49.73704640443051,60.78972338319286,437.33137982243056,conditional_source_only_not_network_or_full_range_validated,110.52676978762337,2300.4063256560776,False
0.75,S2a,53.562973050925166,65.46585595113078,435.7871393165075,conditional_source_only_not_network_or_full_range_validated,119.02882900205594,2300.406325656077,False
0.75,S2a,57.38889969741982,70.14198851906868,434.2493027521137,conditional_source_only_not_network_or_full_range_validated,127.53088821648849,2300.406325656077,False
0.75,S2a,61.21482634391448,74.81812108700659,432.7178701292491,conditional_source_only_not_network_or_full_range_validated,136.03294743092107,2300.4063256560776,False
0.75,S2a,65.04075299040913,79.4942536549445,431.1928414479137,conditional_source_only_not_network_or_full_range_validated,144.53500664535363,2300.406325656077,False
0.75,S2a,68.86667963690378,84.17038622288241,429.6742167081076,conditional_source_only_not_network_or_full_range_validated,153.0370658597862,2300.4063256560776,False
0.75,S2a,72.69260628339843,88.84651879082033,428.1619959098307,conditional_source_only_not_network_or_full_range_validated,161.53912507421876,2300.4063256560776,False
0.75,S2a,76.51853292989308,93.52265135875824,426.656179053083,conditional_source_only_not_network_or_full_range_validated,170.04118428865132,2300.406325656077,False
0.75,S2a,80.34445957638773,98.19878392669617,425.1567661378645,conditional_source_only_not_network_or_full_range_validated,178.5432435030839,2300.4063256560767,False
0.75,S2a,84.17038622288241,102.87491649463406,423.6637571641753,conditional_source_only_not_network_or_full_range_validated,187.04530271751648,2300.406325656077,False
0.75,S2a,87.99631286937706,107.55104906257198,422.1771521320153,conditional_source_only_not_network_or_full_range_validated,195.54736193194904,2300.406325656077,False
0.75,S2a,91.82223951587171,112.22718163050988,420.6969510413845,conditional_source_only_not_network_or_full_range_validated,204.04942114638158,2300.406325656077,False
0.75,S2a,95.64816616236637,116.9033141984478,419.2231538922829,conditional_source_only_not_network_or_full_range_validated,212.55148036081417,2300.406325656077,False
0.75,S2a,99.47409280886102,121.57944676638571,417.75576068471065,conditional_source_only_not_network_or_full_range_validated,221.05353957524673,2300.4063256560776,False
0.75,S2a,103.30001945535568,126.25557933432364,416.2947714186676,conditional_source_only_not_network_or_full_range_validated,229.55559878967932,2300.406325656077,False
0.75,S2a,107.12594610185032,130.93171190226155,414.8401860941537,conditional_source_only_not_network_or_full_range_validated,238.0576580041119,2300.4063256560776,False
0.75,S2a,110.951872748345,135.60784447019947,413.392004711169,conditional_source_only_not_network_or_full_range_validated,246.55971721854445,2300.406325656077,False
0.75,S2a,114.77779939483963,140.28397703813735,411.9502272697136,conditional_source_only_not_network_or_full_range_validated,255.06177643297698,2300.406325656077,False
0.75,S2a,118.6037260413343,144.9601096060753,410.5148537697874,conditional_source_only_not_network_or_full_range_validated,263.5638356474096,2300.406325656077,False
0.75,S2a,122.42965268782896,149.63624217401318,409.08588421139046,conditional_source_only_not_network_or_full_range_validated,272.06589486184214,2300.4063256560776,False
0.75,S2a,126.2555793343236,154.3123747419511,407.6633185945228,conditional_source_only_not_network_or_full_range_validated,280.5679540762747,2300.4063256560776,False
0.75,S2a,130.08150598081826,158.988507309889,406.24715691918425,conditional_source_only_not_network_or_full_range_validated,289.07001329070727,2300.406325656077,False
0.75,S2a,133.90743262731291,163.66463987782691,404.837399185375,conditional_source_only_not_network_or_full_range_validated,297.57207250513983,2300.406325656077,False
0.75,S2a,137.73335927380757,168.34077244576483,403.43404539309495,conditional_source_only_not_network_or_full_range_validated,306.0741317195724,2300.4063256560776,False
0.75,S2a,141.55928592030222,173.01690501370274,402.0370955423441,conditional_source_only_not_network_or_full_range_validated,314.57619093400496,2300.406325656077,False
0.75,S2a,145.38521256679687,177.69303758164065,400.6465496331225,conditional_source_only_not_network_or_full_range_validated,323.0782501484375,2300.4063256560776,False
0.75,S2a,149.21113921329152,182.36917014957857,399.26240766543015,conditional_source_only_not_network_or_full_range_validated,331.5803093628701,2300.406325656077,False
0.75,S2a,153.03706585978617,187.04530271751648,397.88466963926703,conditional_source_only_not_network_or_full_range_validated,340.08236857730265,2300.406325656077,False
0.75,S2a,3.6052886112457383,4.877743415214824,456.38878334700127,conditional_source_only_not_network_or_full_range_validated,8.483032026460563,2296.646065112014,False
0.75,S2a,7.210577222491477,9.755486830429648,454.7946634324621,conditional_source_only_not_network_or_full_range_validated,16.966064052921126,2296.646065112014,False
0.75,S2a,10.815865833737218,14.633230245644476,453.2069053349727,conditional_source_only_not_network_or_full_range_validated,25.449096079381697,2296.646065112014,False
0.75,S2a,14.421154444982957,19.510973660859296,451.6255090545328,conditional_source_only_not_network_or_full_range_validated,33.93212810584225,2296.646065112014,False
0.75,S2a,18.026443056228693,24.388717076074123,450.0504745911425,conditional_source_only_not_network_or_full_range_validated,42.415160132302816,2296.646065112014,False
0.75,S2a,21.63173166747444,29.26646049128895,448.4818019448019,conditional_source_only_not_network_or_full_range_validated,50.89819215876339,2296.646065112014,False
0.75,S2a,25.237020278720173,34.144203906503776,446.9194911155109,conditional_source_only_not_network_or_full_range_validated,59.38122418522395,2296.646065112014,False
0.75,S2a,28.84230888996591,39.02194732171859,445.3635421032696,conditional_source_only_not_network_or_full_range_validated,67.8642562116845,2296.646065112014,False
0.75,S2a,32.447597501211646,43.89969073693342,443.8139549080779,conditional_source_only_not_network_or_full_range_validated,76.34728823814507,2296.6460651120137,False
0.75,S2a,36.05288611245739,48.777434152148246,442.2707295299358,conditional_source_only_not_network_or_full_range_validated,84.83032026460563,2296.646065112014,False
0.75,S2a,39.658174723703134,53.65517756736308,440.73386596884336,conditional_source_only_not_network_or_full_range_validated,93.31335229106622,2296.6460651120146,False
0.75,S2a,43.26346333494888,58.5329209825779,439.20336422480057,conditional_source_only_not_network_or_full_range_validated,101.79638431752679,2296.646065112014,False
0.75,S2a,46.86875194619461,63.41066439779272,437.6792242978074,conditional_source_only_not_network_or_full_range_validated,110.27941634398732,2296.646065112014,False
0.75,S2a,50.47404055744035,68.28840781300755,436.16144618786393,conditional_source_only_not_network_or_full_range_validated,118.7624483704479,2296.646065112014,False
0.75,S2a,54.07932916868608,73.16615122822236,434.65002989497,conditional_source_only_not_network_or_full_range_validated,127.24548039690845,2296.646065112014,False
0.75,S2a,57.68461777993182,78.04389464343718,433.1449754191258,conditional_source_only_not_network_or_full_range_validated,135.728512423369,2296.646065112014,False
0.75,S2a,61.28990639117757,82.92163805865204,431.64628276033113,conditional_source_only_not_network_or_full_range_validated,144.2115444498296,2296.646065112014,False
0.75,S2a,64.89519500242329,87.79938147386684,430.1539519185861,conditional_source_only_not_network_or_full_range_validated,152.69457647629014,2296.6460651120137,False
0.75,S2a,68.50048361366903,92.67712488908168,428.6679828938909,conditional_source_only_not_network_or_full_range_validated,161.17760850275073,2296.646065112014,False
0.75,S2a,72.10577222491477,97.55486830429648,427.18837568624514,conditional_source_only_not_network_or_full_range_validated,169.66064052921126,2296.646065112014,False
0.75,S2a,75.71106083616051,102.43261171951131,425.715130295649,conditional_source_only_not_network_or_full_range_validated,178.14367255567183,2296.646065112014,False
0.75,S2a,79.31634944740627,107.31035513472617,424.2482467221026,conditional_source_only_not_network_or_full_range_validated,186.62670458213245,2296.6460651120146,False
0.75,S2a,82.92163805865201,112.18809854994096,422.7877249656058,conditional_source_only_not_network_or_full_range_validated,195.10973660859298,2296.646065112014,False
0.75,S2a,86.52692666989775,117.0658419651558,421.33356502615857,conditional_source_only_not_network_or_full_range_validated,203.59276863505355,2296.646065112014,False
0.75,S2a,90.13221528114347,121.9435853803706,419.8857669037611,conditional_source_only_not_network_or_full_range_validated,212.07580066151408,2296.646065112014,False
0.75,S2a,93.7375038923892,126.82132879558544,418.4443305984132,conditional_source_only_not_network_or_full_range_validated,220.55883268797464,2296.646065112014,False
0.75,S2a,97.34279250363495,131.69907221080027,417.0092561101149,conditional_source_only_not_network_or_full_range_validated,229.04186471443523,2296.646065112014,False
0.75,S2a,100.9480811148807,136.5768156260151,415.5805434388663,conditional_source_only_not_network_or_full_range_validated,237.5248967408958,2296.646065112014,False
0.75,S2a,104.55336972612643,141.4545590412299,414.1581925846673,conditional_source_only_not_network_or_full_range_validated,246.00792876735636,2296.646065112014,False
0.75,S2a,108.15865833737216,146.33230245644472,412.74220354751793,conditional_source_only_not_network_or_full_range_validated,254.4909607938169,2296.646065112014,False
0.75,S2a,111.76394694861791,151.21004587165956,411.3325763274182,conditional_source_only_not_network_or_full_range_validated,262.9739928202775,2296.646065112014,False
0.75,S2a,115.36923555986364,156.08778928687437,409.9293109243681,conditional_source_only_not_network_or_full_range_validated,271.457024846738,2296.646065112014,False
0.75,S2a,118.9745241711094,160.96553270208923,408.5324073383677,conditional_source_only_not_network_or_full_range_validated,279.9400568731986,2296.646065112014,False
0.75,S2a,122.57981278235516,165.84327611730407,407.1418655694168,conditional_source_only_not_network_or_full_range_validated,288.4230888996592,2296.646065112014,False
0.75,S2a,126.18510139360085,170.72101953251882,405.7576856175157,conditional_source_only_not_network_or_full_range_validated,296.9061209261197,2296.646065112014,False
0.75,S2a,129.7903900048466,175.5987629477337,404.37986748266417,conditional_source_only_not_network_or_full_range_validated,305.3891529525803,2296.6460651120137,False
0.75,S2a,133.39567861609234,180.47650636294853,403.0084111648623,conditional_source_only_not_network_or_full_range_validated,313.87218497904087,2296.646065112014,False
0.75,S2a,137.00096722733807,185.3542497781633,401.64331666410993,conditional_source_only_not_network_or_full_range_validated,322.35521700550134,2296.6460651120137,False
0.75,S2a,140.60625583858382,190.23199319337817,400.2845839804073,conditional_source_only_not_network_or_full_range_validated,330.838249031962,2296.6460651120137,False
0.75,S2a,144.21154444982955,195.10973660859295,398.9322131137544,conditional_source_only_not_network_or_full_range_validated,339.3212810584225,2296.646065112014,False
0.75,S2a,3.385635924853108,5.078453887279664,456.4156885346775,conditional_source_only_not_network_or_full_range_validated,8.464089812132771,2292.8980776036283,False
0.75,S2a,6.771271849706215,10.156907774559327,454.8484634667839,conditional_source_only_not_network_or_full_range_validated,16.928179624265542,2292.8980776036283,False
0.75,S2a,10.156907774559324,15.235361661838992,453.2875898749094,conditional_source_only_not_network_or_full_range_validated,25.392269436398315,2292.898077603628,False
0.75,S2a,13.54254369941243,20.31381554911865,451.7330677590538,conditional_source_only_not_network_or_full_range_validated,33.85635924853108,2292.8980776036283,False
0.75,S2a,16.92817962426554,25.392269436398315,450.1848971192174,conditional_source_only_not_network_or_full_range_validated,42.320449060663854,2292.8980776036283,False
0.75,S2a,20.313815549118647,30.470723323677984,448.6430779553999,conditional_source_only_not_network_or_full_range_validated,50.78453887279663,2292.898077603628,False
0.75,S2a,23.69945147397176,35.549177210957644,447.1076102676015,conditional_source_only_not_network_or_full_range_validated,59.2486286849294,2292.898077603628,False
0.75,S2a,27.08508739882486,40.62763109823731,445.57849405582215,conditional_source_only_not_network_or_full_range_validated,67.71271849706217,2292.8980776036283,False
0.75,S2a,30.47072332367797,45.70608498551697,444.0557293200618,conditional_source_only_not_network_or_full_range_validated,76.17680830919494,2292.898077603628,False
0.75,S2a,33.85635924853108,50.78453887279663,442.5393160603205,conditional_source_only_not_network_or_full_range_validated,84.64089812132771,2292.8980776036283,False
0.75,S2a,37.24199517338419,55.8629927600763,441.02925427659824,conditional_source_only_not_network_or_full_range_validated,93.10498793346049,2292.8980776036283,False
0.75,S2a,40.627631098237295,60.94144664735597,439.525543968895,conditional_source_only_not_network_or_full_range_validated,101.56907774559326,2292.898077603628,False
0.75,S2a,44.0132670230904,66.01990053463562,438.0281851372108,conditional_source_only_not_network_or_full_range_validated,110.03316755772602,2292.8980776036283,False
0.75,S2a,47.39890294794351,71.09835442191529,436.5371777815456,conditional_source_only_not_network_or_full_range_validated,118.4972573698588,2292.898077603628,False
0.75,S2a,50.78453887279661,76.17680830919494,435.0525219018995,conditional_source_only_not_network_or_full_range_validated,126.96134718199156,2292.8980776036283,False
0.75,S2a,54.17017479764972,81.25526219647462,433.5742174982724,conditional_source_only_not_network_or_full_range_validated,135.42543699412434,2292.8980776036283,False
0.75,S2a,57.555810722502834,86.33371608375428,432.1022645706643,conditional_source_only_not_network_or_full_range_validated,143.88952680625712,2292.898077603628,False
0.75,S2a,60.94144664735594,91.41216997103396,430.6366631190753,conditional_source_only_not_network_or_full_range_validated,152.3536166183899,2292.8980776036283,False
0.75,S2a,64.32708257220905,96.4906238583136,429.1774131435053,conditional_source_only_not_network_or_full_range_validated,160.81770643052266,2292.8980776036283,False
0.75,S2a,67.71271849706216,101.56907774559326,427.7245146439543,conditional_source_only_not_network_or_full_range_validated,169.28179624265542,2292.8980776036283,False
0.75,S2a,71.09835442191526,106.64753163287294,426.2779676204224,conditional_source_only_not_network_or_full_range_validated,177.7458860547882,2292.898077603628,False
0.75,S2a,74.48399034676838,111.7259855201526,424.8377720729095,conditional_source_only_not_network_or_full_range_validated,186.20997586692098,2292.8980776036283,False
0.75,S2a,77.86962627162148,116.80443940743226,423.4039280014156,conditional_source_only_not_network_or_full_range_validated,194.67406567905374,2292.8980776036283,False
0.75,S2a,81.25526219647459,121.88289329471192,421.9764354059408,conditional_source_only_not_network_or_full_range_validated,203.13815549118652,2292.8980776036283,False
0.75,S2a,84.6408981213277,126.96134718199158,420.5552942864849,conditional_source_only_not_network_or_full_range_validated,211.60224530331928,2292.8980776036283,False
0.75,S2a,88.0265340461808,132.03980106927125,419.1405046430482,conditional_source_only_not_network_or_full_range_validated,220.06633511545203,2292.8980776036283,False
0.75,S2a,91.4121699710339,137.1182549565509,417.73206647563046,conditional_source_only_not_network_or_full_range_validated,228.53042492758482,2292.8980776036283,False
0.75,S2a,94.79780589588702,142.19670884383058,416.3299797842317,conditional_source_only_not_network_or_full_range_validated,236.9945147397176,2292.898077603628,False
0.75,S2a,98.18344182074011,147.27516273111024,414.9342445688521,conditional_source_only_not_network_or_full_range_validated,245.45860455185036,2292.898077603628,False
0.75,S2a,101.56907774559322,152.35361661838988,413.5448608294915,conditional_source_only_not_network_or_full_range_validated,253.9226943639831,2292.8980776036283,False
0.75,S2a,104.95471367044634,157.43207050566957,412.1618285661498,conditional_source_only_not_network_or_full_range_validated,262.3867841761159,2292.898077603628,False
0.75,S2a,108.34034959529944,162.51052439294924,410.78514777882725,conditional_source_only_not_network_or_full_range_validated,270.8508739882487,2292.8980776036283,False
0.75,S2a,111.72598552015256,167.5889782802289,409.4148184675237,conditional_source_only_not_network_or_full_range_validated,279.31496380038146,2292.898077603628,False
0.75,S2a,115.11162144500568,172.66743216750857,408.0508406322392,conditional_source_only_not_network_or_full_range_validated,287.77905361251425,2292.898077603628,False
0.75,S2a,118.49725736985876,177.7458860547882,406.6932142729737,conditional_source_only_not_network_or_full_range_validated,296.243143424647,2292.8980776036283,False
0.75,S2a,121.88289329471188,182.8243399420679,405.3419393897273,conditional_source_only_not_network_or_full_range_validated,304.70723323677976,2292.898077603628,False
0.75,S2a,125.26852921956498,187.9027938293476,403.9970159824999,conditional_source_only_not_network_or_full_range_validated,313.17132304891254,2292.898077603628,False
0.75,S2a,128.6541651444181,192.9812477166272,402.6584440512916,conditional_source_only_not_network_or_full_range_validated,321.6354128610453,2292.8980776036283,False
0.75,S2a,132.03980106927122,198.0597016039069,401.3262235961022,conditional_source_only_not_network_or_full_range_validated,330.0995026731781,2292.898077603628,False
0.75,S2a,135.4254369941243,203.13815549118647,400.0003546169319,conditional_source_only_not_network_or_full_range_validated,338.5635924853108,2292.8980776036283,False
0.75,S2a,3.166962001309079,5.278270002181799,456.442489491114,conditional_source_only_not_network_or_full_range_validated,8.445232003490878,2289.1623031422605,False
0.75,S2a,6.333924002618158,10.556540004363598,454.9020863989264,conditional_source_only_not_network_or_full_range_validated,16.890464006981755,2289.1623031422605,False
0.75,S2a,9.500886003927238,15.8348100065454,453.36805580202696,conditional_source_only_not_network_or_full_range_validated,25.33569601047264,2289.1623031422605,False
0.75,S2a,12.667848005236316,21.113080008727195,451.840397700416,conditional_source_only_not_network_or_full_range_validated,33.78092801396351,2289.1623031422605,False
0.75,S2a,15.834810006545396,26.391350010908997,450.3191120940932,conditional_source_only_not_network_or_full_range_validated,42.22616001745439,2289.1623031422605,False
0.75,S2a,19.00177200785448,31.6696200130908,448.8041989830588,conditional_source_only_not_network_or_full_range_validated,50.67139202094528,2289.1623031422605,False
0.75,S2a,22.16873400916356,36.94789001527259,447.2956583673128,conditional_source_only_not_network_or_full_range_validated,59.11662402443615,2289.16230314226,False
0.75,S2a,25.33569601047263,42.22616001745439,445.793490246855,conditional_source_only_not_network_or_full_range_validated,67.56185602792702,2289.1623031422605,False
0.75,S2a,28.502658011781715,47.50443001963619,444.2976946216857,conditional_source_only_not_network_or_full_range_validated,76.00708803141791,2289.162303142261,False
0.75,S2a,31.669620013090796,52.78270002181799,442.8082714918045,conditional_source_only_not_network_or_full_range_validated,84.45232003490878,2289.162303142261,False
0.75,S2a,34.83658201439987,58.06097002399979,441.3252208572118,conditional_source_only_not_network_or_full_range_validated,92.89755203839967,2289.1623031422605,False
0.75,S2a,38.00354401570896,63.3392400261816,439.8485427179073,conditional_source_only_not_network_or_full_range_validated,101.34278404189055,2289.1623031422605,False
0.75,S2a,41.17050601701803,68.61751002836338,438.3782370738912,conditional_source_only_not_network_or_full_range_validated,109.78801604538141,2289.162303142261,False
0.75,S2a,44.33746801832712,73.89578003054518,436.9143039251634,conditional_source_only_not_network_or_full_range_validated,118.2332480488723,2289.16230314226,False
0.75,S2a,47.50443001963619,79.17405003272698,435.4567432717239,conditional_source_only_not_network_or_full_range_validated,126.67848005236317,2289.1623031422605,False
0.75,S2a,50.67139202094526,84.45232003490878,434.0055551135728,conditional_source_only_not_network_or_full_range_validated,135.12371205585404,2289.1623031422605,False
0.75,S2a,53.83835402225435,89.7305900370906,432.56073945071,conditional_source_only_not_network_or_full_range_validated,143.56894405934494,2289.1623031422605,False
0.75,S2a,57.00531602356343,95.00886003927238,431.1222962831355,conditional_source_only_not_network_or_full_range_validated,152.01417606283582,2289.162303142261,False
0.75,S2a,60.17227802487251,100.28713004145418,429.69022561084927,conditional_source_only_not_network_or_full_range_validated,160.4594080663267,2289.162303142261,False
0.75,S2a,63.33924002618159,105.56540004363598,428.2645274338514,conditional_source_only_not_network_or_full_range_validated,168.90464006981756,2289.162303142261,False
0.75,S2a,66.50620202749066,110.84367004581776,426.8452017521419,conditional_source_only_not_network_or_full_range_validated,177.3498720733084,2289.1623031422605,False
0.75,S2a,69.67316402879975,116.1219400479996,425.4322485657207,conditional_source_only_not_network_or_full_range_validated,185.79510407679936,2289.1623031422605,False
0.75,S2a,72.84012603010882,121.4002100501814,424.0256678745879,conditional_source_only_not_network_or_full_range_validated,194.2403360802902,2289.1623031422605,False
0.75,S2a,76.00708803141791,126.6784800523632,422.6254596787433,conditional_source_only_not_network_or_full_range_validated,202.6855680837811,2289.1623031422605,False
0.75,S2a,79.17405003272698,131.95675005454495,421.2316239781871,conditional_source_only_not_network_or_full_range_validated,211.13080008727195,2289.162303142261,False
0.75,S2a,82.34101203403605,137.23502005672677,419.8441607729192,conditional_source_only_not_network_or_full_range_validated,219.57603209076282,2289.162303142261,False
0.75,S2a,85.50797403534514,142.51329005890858,418.4630700629396,conditional_source_only_not_network_or_full_range_validated,228.02126409425372,2289.1623031422605,False
0.75,S2a,88.67493603665423,147.79156006109037,417.0883518482484,conditional_source_only_not_network_or_full_range_validated,236.4664960977446,2289.1623031422605,False
0.75,S2a,91.84189803796332,153.06983006327218,415.7200061288455,conditional_source_only_not_network_or_full_range_validated,244.9117281012355,2289.1623031422605,False
0.75,S2a,95.00886003927238,158.34810006545396,414.3580329047308,conditional_source_only_not_network_or_full_range_validated,253.35696010472634,2289.1623031422605,False
0.75,S2a,98.17582204058148,163.62637006763578,413.0024321759046,conditional_source_only_not_network_or_full_range_validated,261.80219210821724,2289.1623031422605,False
0.75,S2a,101.34278404189052,168.90464006981756,411.6532039423666,conditional_source_only_not_network_or_full_range_validated,270.2474241117081,2289.1623031422605,False
0.75,S2a,104.5097460431996,174.18291007199937,410.310348204117,conditional_source_only_not_network_or_full_range_validated,278.692656115199,2289.1623031422605,False
0.75,S2a,107.6767080445087,179.4611800741812,408.9738649611557,conditional_source_only_not_network_or_full_range_validated,287.1378881186899,2289.1623031422605,False
0.75,S2a,110.84367004581776,184.73945007636297,407.64375421348274,conditional_source_only_not_network_or_full_range_validated,295.58312012218073,2289.1623031422605,False
0.75,S2a,114.01063204712686,190.0177200785448,406.320015961098,conditional_source_only_not_network_or_full_range_validated,304.0283521256717,2289.1623031422605,False
0.75,S2a,117.17759404843594,195.2959900807265,405.0026502040017,conditional_source_only_not_network_or_full_range_validated,312.4735841291624,2289.16230314226,False
0.75,S2a,120.34455604974502,200.57426008290835,403.6916569421937,conditional_source_only_not_network_or_full_range_validated,320.9188161326534,2289.162303142261,False
0.75,S2a,123.51151805105413,205.85253008509017,402.3870361756741,conditional_source_only_not_network_or_full_range_validated,329.3640481361443,2289.1623031422605,False
0.75,S2a,126.67848005236316,211.13080008727195,401.0887879044427,conditional_source_only_not_network_or_full_range_validated,337.8092801396351,2289.162303142261,False
0.75,S2a,2.9492603131694195,5.477197724457494,456.4691868072508,conditional_source_only_not_network_or_full_range_validated,8.426458037626913,2285.4386821295707,False
0.75,S2a,5.898520626338839,10.954395448914989,454.9555329932521,conditional_source_only_not_network_or_full_range_validated,16.852916075253827,2285.4386821295707,False
0.75,S2a,8.84778093950826,16.431593173372484,453.44830363659406,conditional_source_only_not_network_or_full_range_validated,25.279374112880745,2285.438682129571,False
0.75,S2a,11.797041252677678,21.908790897829977,451.9474987372766,conditional_source_only_not_network_or_full_range_validated,33.70583215050765,2285.4386821295707,False
0.75,S2a,14.746301565847098,27.38598862228747,450.4531182952997,conditional_source_only_not_network_or_full_range_validated,42.13229018813457,2285.438682129571,False
0.75,S2a,17.69556187901652,32.86318634674497,448.96516231066346,conditional_source_only_not_network_or_full_range_validated,50.55874822576149,2285.438682129571,False
0.75,S2a,20.644822192185934,38.34038407120246,447.4836307833677,conditional_source_only_not_network_or_full_range_validated,58.98520626338839,2285.438682129571,False
0.75,S2a,23.59408250535536,43.817581795659954,446.0085237134126,conditional_source_only_not_network_or_full_range_validated,67.41166430101532,2285.438682129571,False
0.75,S2a,26.543342818524778,49.29477952011744,444.53984110079807,conditional_source_only_not_network_or_full_range_validated,75.83812233864222,2285.438682129571,False
0.75,S2a,29.4926031316942,54.77197724457494,443.07758294552417,conditional_source_only_not_network_or_full_range_validated,84.26458037626914,2285.438682129571,False
0.75,S2a,32.441863444863614,60.24917496903244,441.6217492475908,conditional_source_only_not_network_or_full_range_validated,92.69103841389605,2285.438682129571,False
0.75,S2a,35.39112375803304,65.72637269348994,440.17234000699807,conditional_source_only_not_network_or_full_range_validated,101.11749645152298,2285.438682129571,False
0.75,S2a,38.34038407120246,71.20357041794743,438.729355223746,conditional_source_only_not_network_or_full_range_validated,109.54395448914988,2285.43868212957,False
0.75,S2a,41.28964438437188,76.68076814240492,437.2927948978344,conditional_source_only_not_network_or_full_range_validated,117.9704125267768,2285.438682129571,False
0.75,S2a,44.238904697541294,82.15796586686241,435.86265902926345,conditional_source_only_not_network_or_full_range_validated,126.39687056440371,2285.4386821295707,False
0.75,S2a,47.18816501071071,87.63516359131991,434.438947618033,conditional_source_only_not_network_or_full_range_validated,134.8233286020306,2285.4386821295707,False
0.75,S2a,50.13742532388014,93.1123613157774,433.02166066414327,conditional_source_only_not_network_or_full_range_validated,143.24978663965754,2285.4386821295707,False
0.75,S2a,53.08668563704956,98.58955904023487,431.6107981675941,conditional_source_only_not_network_or_full_range_validated,151.67624467728444,2285.4386821295707,False
0.75,S2a,56.035945950218974,104.0667567646924,430.2063601283854,conditional_source_only_not_network_or_full_range_validated,160.10270271491137,2285.438682129571,False
0.75,S2a,58.98520626338839,109.54395448914988,428.80834654651744,conditional_source_only_not_network_or_full_range_validated,168.52916075253827,2285.438682129571,False
0.75,S2a,61.93446657655782,115.02115221360738,427.4167574219901,conditional_source_only_not_network_or_full_range_validated,176.9556187901652,2285.438682129571,False
0.75,S2a,64.88372688972723,120.49834993806488,426.0315927548032,conditional_source_only_not_network_or_full_range_validated,185.3820768277921,2285.438682129571,False
0.75,S2a,67.83298720289666,125.97554766252236,424.652852544957,conditional_source_only_not_network_or_full_range_validated,193.808534865419,2285.4386821295707,False
0.75,S2a,70.78224751606608,131.45274538697987,423.28053679245136,conditional_source_only_not_network_or_full_range_validated,202.23499290304596,2285.438682129571,False
0.75,S2a,73.73150782923548,136.92994311143735,421.9146454972863,conditional_source_only_not_network_or_full_range_validated,210.66145094067284,2285.4386821295707,False
0.75,S2a,76.68076814240492,142.40714083589486,420.5551786594618,conditional_source_only_not_network_or_full_range_validated,219.08790897829977,2285.43868212957,False
0.75,S2a,79.63002845557433,147.88433856035235,419.202136278978,conditional_source_only_not_network_or_full_range_validated,227.51436701592667,2285.438682129571,False
0.75,S2a,82.57928876874375,153.36153628480983,417.85551835583465,conditional_source_only_not_network_or_full_range_validated,235.94082505355357,2285.438682129571,False
0.75,S2a,85.52854908191318,158.83873400926734,416.515324890032,conditional_source_only_not_network_or_full_range_validated,244.36728309118052,2285.438682129571,False
0.75,S2a,88.47780939508259,164.31593173372482,415.1815558815699,conditional_source_only_not_network_or_full_range_validated,252.79374112880743,2285.4386821295707,False
0.75,S2a,91.427069708252,169.7931294581823,413.8542113304484,conditional_source_only_not_network_or_full_range_validated,261.2201991664343,2285.4386821295707,False
0.75,S2a,94.37633002142142,175.27032718263982,412.5332912366675,conditional_source_only_not_network_or_full_range_validated,269.6466572040612,2285.4386821295707,False
0.75,S2a,97.32559033459086,180.74752490709733,411.2187956002272,conditional_source_only_not_network_or_full_range_validated,278.0731152416882,2285.438682129571,False
0.75,S2a,100.27485064776027,186.2247226315548,409.9107244211274,conditional_source_only_not_network_or_full_range_validated,286.4995732793151,2285.4386821295707,False
0.75,S2a,103.22411096092968,191.7019203560123,408.6090776993683,conditional_source_only_not_network_or_full_range_validated,294.926031316942,2285.438682129571,False
0.75,S2a,106.17337127409913,197.17911808046975,407.31385543494974,conditional_source_only_not_network_or_full_range_validated,303.3524893545689,2285.4386821295707,False
0.75,S2a,109.12263158726854,202.6563158049273,406.02505762787183,conditional_source_only_not_network_or_full_range_validated,311.77894739219585,2285.438682129571,False
0.75,S2a,112.07189190043796,208.1335135293848,404.7426842781345,conditional_source_only_not_network_or_full_range_validated,320.20540542982275,2285.4386821295707,False
0.75,S2a,115.02115221360737,213.61071125384228,403.4667353857377,conditional_source_only_not_network_or_full_range_validated,328.63186346744965,2285.4386821295707,False
0.75,S2a,117.97041252677678,219.08790897829977,402.1972109506816,conditional_source_only_not_network_or_full_range_validated,337.05832150507655,2285.438682129571,False
0.75,S2a,2.732524390903853,5.675242965723387,456.4957810697068,conditional_source_only_not_network_or_full_range_validated,8.40776735662724,2281.7271553543656,False
0.75,S2a,5.465048781807705,11.350485931446777,455.0088040110315,conditional_source_only_not_network_or_full_range_validated,16.815534713254483,2281.727155354366,False
0.75,S2a,8.197573172711559,17.025728897170165,453.5283339025641,conditional_source_only_not_network_or_full_range_validated,25.223302069881726,2281.7271553543665,False
0.75,S2a,10.93009756361541,22.70097186289355,452.0543707443047,conditional_source_only_not_network_or_full_range_validated,33.63106942650896,2281.7271553543656,False
0.75,S2a,13.662621954519262,28.37621482861693,450.5869145362532,conditional_source_only_not_network_or_full_range_validated,42.03883678313619,2281.727155354366,False
0.75,S2a,16.395146345423118,34.05145779434033,449.1259652784097,conditional_source_only_not_network_or_full_range_validated,50.44660413976345,2281.7271553543665,False
0.75,S2a,19.12767073632697,39.726700760063714,447.6715229707741,conditional_source_only_not_network_or_full_range_validated,58.854371496390684,2281.7271553543656,False
0.75,S2a,21.86019512723082,45.4019437257871,446.22358761334647,conditional_source_only_not_network_or_full_range_validated,67.26213885301792,2281.7271553543656,False
0.75,S2a,24.592719518134675,51.07718669151049,444.7821592061267,conditional_source_only_not_network_or_full_range_validated,75.66990620964516,2281.7271553543665,False
0.75,S2a,27.325243909038523,56.75242965723387,443.3472377491149,conditional_source_only_not_network_or_full_range_validated,84.0776735662724,2281.727155354366,False
0.75,S2a,30.057768299942374,62.42767262295726,441.9188232423112,conditional_source_only_not_network_or_full_range_validated,92.48544092289964,2281.7271553543665,False
0.75,S2a,32.79029269084624,68.10291558868066,440.4969156857153,conditional_source_only_not_network_or_full_range_validated,100.8932082795269,2281.727155354366,False
0.75,S2a,35.522817081750084,73.77815855440403,439.0815150793274,conditional_source_only_not_network_or_full_range_validated,109.3009756361541,2281.727155354366,False
0.75,S2a,38.25534147265394,79.45340152012743,437.6726214231474,conditional_source_only_not_network_or_full_range_validated,117.70874299278137,2281.7271553543656,False
0.75,S2a,40.987865863557786,85.12864448585081,436.2702347171754,conditional_source_only_not_network_or_full_range_validated,126.1165103494086,2281.727155354366,False
0.75,S2a,43.72039025446164,90.8038874515742,434.8743549614113,conditional_source_only_not_network_or_full_range_validated,134.52427770603583,2281.7271553543656,False
0.75,S2a,46.452914645365496,96.4791304172976,433.4849821558552,conditional_source_only_not_network_or_full_range_validated,142.9320450626631,2281.727155354366,False
0.75,S2a,49.18543903626935,102.15437338302098,432.102116300507,conditional_source_only_not_network_or_full_range_validated,151.33981241929033,2281.7271553543665,False
0.75,S2a,51.9179634271732,107.82961634874437,430.7257573953667,conditional_source_only_not_network_or_full_range_validated,159.74757977591756,2281.7271553543656,False
0.75,S2a,54.650487818077046,113.50485931446774,429.35590544043447,conditional_source_only_not_network_or_full_range_validated,168.1553471325448,2281.727155354366,False
0.75,S2a,57.38301220898091,119.18010228019114,427.9925604357101,conditional_source_only_not_network_or_full_range_validated,176.56311448917205,2281.7271553543665,False
0.75,S2a,60.11553659988476,124.85534524591452,426.6357223811937,conditional_source_only_not_network_or_full_range_validated,184.97088184579928,2281.727155354366,False
0.75,S2a,62.84806099078862,130.53058821163793,425.2853912768852,conditional_source_only_not_network_or_full_range_validated,193.37864920242654,2281.7271553543656,False
0.75,S2a,65.58058538169247,136.20583117736132,423.9415671227847,conditional_source_only_not_network_or_full_range_validated,201.7864165590538,2281.7271553543665,False
0.75,S2a,68.3131097725963,141.88107414308467,422.60424991889215,conditional_source_only_not_network_or_full_range_validated,210.19418391568098,2281.727155354366,False
0.75,S2a,71.04563416350017,147.55631710880806,421.2734396652075,conditional_source_only_not_network_or_full_range_validated,218.6019512723082,2281.727155354366,False
0.75,S2a,73.77815855440402,153.23156007453144,419.9491363617309,conditional_source_only_not_network_or_full_range_validated,227.00971862893545,2281.727155354366,False
0.75,S2a,76.51068294530788,158.90680304025486,418.6313400084621,conditional_source_only_not_network_or_full_range_validated,235.41748598556273,2281.7271553543656,False
0.75,S2a,79.24320733621173,164.58204600597824,417.3200506054014,conditional_source_only_not_network_or_full_range_validated,243.82525334218997,2281.727155354366,False
0.75,S2a,81.97573172711557,170.25728897170163,416.01526815254846,conditional_source_only_not_network_or_full_range_validated,252.2330206988172,2281.727155354366,False
0.75,S2a,84.70825611801943,175.932531937425,414.7169926499036,conditional_source_only_not_network_or_full_range_validated,260.64078805544443,2281.727155354366,False
0.75,S2a,87.44078050892328,181.6077749031484,413.4252240974666,conditional_source_only_not_network_or_full_range_validated,269.04855541207166,2281.7271553543656,False
0.75,S2a,90.17330489982714,187.2830178688718,412.1399624952376,conditional_source_only_not_network_or_full_range_validated,277.45632276869895,2281.727155354366,False
0.75,S2a,92.905829290731,192.9582608345952,410.8612078432166,conditional_source_only_not_network_or_full_range_validated,285.8640901253262,2281.727155354366,False
0.75,S2a,95.63835368163484,198.6335038003185,409.58896014140345,conditional_source_only_not_network_or_full_range_validated,294.27185748195336,2281.7271553543665,False
0.75,S2a,98.3708780725387,204.308746766042,408.3232193897984,conditional_source_only_not_network_or_full_range_validated,302.6796248385807,2281.727155354366,False
0.75,S2a,101.10340246344256,209.98398973176532,407.06398558840107,conditional_source_only_not_network_or_full_range_validated,311.0873921952079,2281.727155354366,False
0.75,S2a,103.8359268543464,215.6592326974887,405.8112587372117,conditional_source_only_not_network_or_full_range_validated,319.4951595518351,2281.7271553543656,False
0.75,S2a,106.56845124525024,221.3344756632121,404.5650388362305,conditional_source_only_not_network_or_full_range_validated,327.90292690846235,2281.7271553543665,False
0.75,S2a,109.30097563615408,227.00971862893547,403.3253258854571,conditional_source_only_not_network_or_full_range_validated,336.3106942650895,2281.7271553543656,False
0.75,S2a,2.5167478222551862,5.872411585262102,456.522272860818,conditional_source_only_not_network_or_full_range_validated,8.389159407517289,2278.027663989463,False
0.75,S2a,5.0334956445103725,11.744823170524205,455.0619002104356,conditional_source_only_not_network_or_full_range_validated,16.778318815034577,2278.027663989463,False
0.75,S2a,7.550243466765559,17.61723475578631,453.60814712744303,conditional_source_only_not_network_or_full_range_validated,25.167478222551868,2278.027663989463,False
0.75,S2a,10.066991289020743,23.48964634104841,452.16101361184025,conditional_source_only_not_network_or_full_range_validated,33.556637630069154,2278.027663989463,False
0.75,S2a,12.583739111275928,29.36205792631051,450.7204996636272,conditional_source_only_not_network_or_full_range_validated,41.94579703758644,2278.0276639894623,False
0.75,S2a,15.100486933531116,35.23446951157262,449.2866052828039,conditional_source_only_not_network_or_full_range_validated,50.334956445103735,2278.027663989463,False
0.75,S2a,17.617234755786303,41.10688109683472,447.8593304693703,conditional_source_only_not_network_or_full_range_validated,58.724115852621026,2278.0276639894632,False
0.75,S2a,20.13398257804149,46.97929268209682,446.43867522332647,conditional_source_only_not_network_or_full_range_validated,67.11327526013831,2278.027663989463,False
0.75,S2a,22.650730400296677,52.85170426735892,445.0246395446724,conditional_source_only_not_network_or_full_range_validated,75.50243466765559,2278.0276639894623,False
0.75,S2a,25.167478222551857,58.72411585262102,443.61722343340807,conditional_source_only_not_network_or_full_range_validated,83.89159407517288,2278.0276639894623,False
0.75,S2a,27.684226044807044,64.59652743788313,442.2164268895335,conditional_source_only_not_network_or_full_range_validated,92.28075348269017,2278.0276639894623,False
0.75,S2a,30.200973867062235,70.46893902314524,440.8222499130487,conditional_source_only_not_network_or_full_range_validated,100.66991289020747,2278.027663989463,False
0.75,S2a,32.717721689317415,76.34135060840732,439.43469250395367,conditional_source_only_not_network_or_full_range_validated,109.05907229772474,2278.027663989463,False
0.75,S2a,35.234469511572605,82.21376219366944,438.0537546622484,conditional_source_only_not_network_or_full_range_validated,117.44823170524205,2278.0276639894632,False
0.75,S2a,37.75121733382779,88.08617377893154,436.67943638793287,conditional_source_only_not_network_or_full_range_validated,125.83739111275932,2278.0276639894623,False
0.75,S2a,40.26796515608298,93.95858536419364,435.3117376810071,conditional_source_only_not_network_or_full_range_validated,134.22655052027662,2278.027663989463,False
0.75,S2a,42.78471297833816,99.83099694945577,433.9506585414711,conditional_source_only_not_network_or_full_range_validated,142.61570992779394,2278.027663989463,False
0.75,S2a,45.30146080059335,105.70340853471784,432.5961989693248,conditional_source_only_not_network_or_full_range_validated,151.00486933531118,2278.0276639894623,False
0.75,S2a,47.81820862284854,111.57582011997997,431.2483589645683,conditional_source_only_not_network_or_full_range_validated,159.3940287428285,2278.027663989463,False
0.75,S2a,50.334956445103714,117.44823170524204,429.9071385272016,conditional_source_only_not_network_or_full_range_validated,167.78318815034575,2278.0276639894623,False
0.75,S2a,52.851704267358905,123.32064329050417,428.5725376572245,conditional_source_only_not_network_or_full_range_validated,176.17234755786308,2278.027663989463,False
0.75,S2a,55.36845208961409,129.19305487576625,427.2445563546372,conditional_source_only_not_network_or_full_range_validated,184.56150696538035,2278.0276639894623,False
0.75,S2a,57.88519991186928,135.06546646102836,425.9231946194397,conditional_source_only_not_network_or_full_range_validated,192.95066637289764,2278.027663989463,False
0.75,S2a,60.40194773412447,140.93787804629048,424.608452451632,conditional_source_only_not_network_or_full_range_validated,201.33982578041494,2278.027663989463,False
0.75,S2a,62.91869555637964,146.81028963155254,423.300329851214,conditional_source_only_not_network_or_full_range_validated,209.72898518793218,2278.027663989463,False
0.75,S2a,65.43544337863483,152.68270121681465,421.9988268181857,conditional_source_only_not_network_or_full_range_validated,218.11814459544948,2278.027663989463,False
0.75,S2a,67.95219120089001,158.55511280207676,420.7039433525472,conditional_source_only_not_network_or_full_range_validated,226.50730400296678,2278.027663989463,False
0.75,S2a,70.46893902314521,164.42752438733888,419.41567945429847,conditional_source_only_not_network_or_full_range_validated,234.8964634104841,2278.0276639894632,False
0.75,S2a,72.9856868454004,170.29993597260096,418.13403512343945,conditional_source_only_not_network_or_full_range_validated,243.28562281800134,2278.0276639894623,False
0.75,S2a,75.50243466765558,176.17234755786308,416.8590103599702,conditional_source_only_not_network_or_full_range_validated,251.67478222551864,2278.0276639894623,False
0.75,S2a,78.01918248991076,182.0447591431252,415.5906051638908,conditional_source_only_not_network_or_full_range_validated,260.06394163303594,2278.027663989463,False
0.75,S2a,80.53593031216596,187.91717072838728,414.328819535201,conditional_source_only_not_network_or_full_range_validated,268.45310104055324,2278.027663989463,False
0.75,S2a,83.05267813442114,193.7895823136494,413.073653473901,conditional_source_only_not_network_or_full_range_validated,276.84226044807053,2278.027663989463,False
0.75,S2a,85.56942595667633,199.6619938989115,411.8251069799908,conditional_source_only_not_network_or_full_range_validated,285.23141985558783,2278.0276639894623,False
0.75,S2a,88.0861737789315,205.5344054841736,410.5831800534703,conditional_source_only_not_network_or_full_range_validated,293.62057926310507,2278.027663989463,False
0.75,S2a,90.6029216011867,211.40681706943568,409.3478726943396,conditional_source_only_not_network_or_full_range_validated,302.00973867062237,2278.0276639894623,False
0.75,S2a,93.11966942344188,217.2792286546978,408.11918490259865,conditional_source_only_not_network_or_full_range_validated,310.39889807813967,2278.0276639894623,False
0.75,S2a,95.63641724569707,223.1516402399599,406.8971166782474,conditional_source_only_not_network_or_full_range_validated,318.78805748565696,2278.027663989463,False
0.75,S2a,98.15316506795226,229.024051825222,405.68166802128593,conditional_source_only_not_network_or_full_range_validated,327.17721689317426,2278.027663989463,False
0.75,S2a,100.66991289020744,234.89646341048407,404.4728389317143,conditional_source_only_not_network_or_full_range_validated,335.5663763006915,2278.0276639894623,False
0.75,S2a,2.3019242516069287,6.068709390600088,456.5486627586745,conditional_source_only_not_network_or_full_range_validated,8.370633642207018,2274.3401495885796,False
0.75,S2a,4.603848503213857,12.137418781200177,455.1148223465311,conditional_source_only_not_network_or_full_range_validated,16.741267284414036,2274.3401495885796,False
0.75,S2a,6.905772754820787,18.206128171800263,453.68774384216,conditional_source_only_not_network_or_full_range_validated,25.11190092662105,2274.340149588579,False
0.75,S2a,9.207697006427717,24.27483756240035,452.2674272455611,conditional_source_only_not_network_or_full_range_validated,33.482534568828065,2274.3401495885787,False
0.75,S2a,11.509621258034642,30.343546953000438,450.8538725567344,conditional_source_only_not_network_or_full_range_validated,41.85316821103508,2274.340149588579,False
0.75,S2a,13.811545509641574,36.412256343600525,449.44707977568,conditional_source_only_not_network_or_full_range_validated,50.2238018532421,2274.340149588579,False
0.75,S2a,16.1134697612485,42.48096573420061,448.0470489023977,conditional_source_only_not_network_or_full_range_validated,58.594435495449105,2274.340149588579,False
0.75,S2a,18.41539401285543,48.5496751248007,446.6537799368877,conditional_source_only_not_network_or_full_range_validated,66.96506913765613,2274.340149588579,False
0.75,S2a,20.71731826446236,54.618384515400784,445.2672728791498,conditional_source_only_not_network_or_full_range_validated,75.33570277986314,2274.340149588579,False
0.75,S2a,23.019242516069284,60.68709390600087,443.8875277291842,conditional_source_only_not_network_or_full_range_validated,83.70633642207015,2274.340149588579,False
0.75,S2a,25.32116676767621,66.75580329660096,442.51454448699087,conditional_source_only_not_network_or_full_range_validated,92.07697006427716,2274.340149588579,False
0.75,S2a,27.623091019283148,72.82451268720105,441.1483231525697,conditional_source_only_not_network_or_full_range_validated,100.4476037064842,2274.340149588579,False
0.75,S2a,29.92501527089007,78.89322207780113,439.7888637259207,conditional_source_only_not_network_or_full_range_validated,108.8182373486912,2274.340149588579,False
0.75,S2a,32.226939522497,84.96193146840122,438.436166207044,conditional_source_only_not_network_or_full_range_validated,117.18887099089821,2274.340149588579,False
0.75,S2a,34.528863774103925,91.03064085900132,437.0902305959394,conditional_source_only_not_network_or_full_range_validated,125.55950463310525,2274.340149588579,False
0.75,S2a,36.83078802571086,97.0993502496014,435.7510568926072,conditional_source_only_not_network_or_full_range_validated,133.93013827531226,2274.340149588579,False
0.75,S2a,39.13271227731779,103.16805964020148,434.41864509704703,conditional_source_only_not_network_or_full_range_validated,142.30077191751928,2274.340149588579,False
0.75,S2a,41.43463652892471,109.23676903080155,433.0929952092592,conditional_source_only_not_network_or_full_range_validated,150.67140555972628,2274.340149588579,False
0.75,S2a,43.73656078053165,115.30547842140166,431.7741072292436,conditional_source_only_not_network_or_full_range_validated,159.0420392019333,2274.340149588579,False
0.75,S2a,46.03848503213857,121.37418781200174,430.46198115700014,conditional_source_only_not_network_or_full_range_validated,167.4126728441403,2274.340149588579,False
0.75,S2a,48.3404092837455,127.44289720260184,429.1566169925289,conditional_source_only_not_network_or_full_range_validated,175.78330648634733,2274.340149588579,False
0.75,S2a,50.64233353535243,133.51160659320192,427.8580147358299,conditional_source_only_not_network_or_full_range_validated,184.15394012855435,2274.340149588579,False
0.75,S2a,52.94425778695936,139.58031598380202,426.5661743869031,conditional_source_only_not_network_or_full_range_validated,192.52457377076138,2274.340149588579,False
0.75,S2a,55.246182038566296,145.6490253744021,425.2810959457486,conditional_source_only_not_network_or_full_range_validated,200.8952074129684,2274.340149588579,False
0.75,S2a,57.54810629017321,151.71773476500218,424.00277941236624,conditional_source_only_not_network_or_full_range_validated,209.26584105517537,2274.340149588579,False
0.75,S2a,59.85003054178014,157.78644415560225,422.7312247867561,conditional_source_only_not_network_or_full_range_validated,217.6364746973824,2274.340149588579,False
0.75,S2a,62.15195479338707,163.85515354620236,421.46643206891815,conditional_source_only_not_network_or_full_range_validated,226.00710833958942,2274.340149588579,False
0.75,S2a,64.453879044994,169.92386293680244,420.20840125885246,conditional_source_only_not_network_or_full_range_validated,234.37774198179642,2274.340149588579,False
0.75,S2a,66.75580329660093,175.99257232740254,418.957132356559,conditional_source_only_not_network_or_full_range_validated,242.74837562400347,2274.3401495885796,False
0.75,S2a,69.05772754820785,182.06128171800265,417.7126253620377,conditional_source_only_not_network_or_full_range_validated,251.1190092662105,2274.340149588579,False
0.75,S2a,71.35965179981478,188.1299911086027,416.4748802752888,conditional_source_only_not_network_or_full_range_validated,259.48964290841747,2274.340149588579,False
0.75,S2a,73.66157605142172,194.1987004992028,415.2438970963119,conditional_source_only_not_network_or_full_range_validated,267.8602765506245,2274.340149588579,False
0.75,S2a,75.96350030302864,200.26740988980288,414.0196758251072,conditional_source_only_not_network_or_full_range_validated,276.2309101928315,2274.340149588579,False
0.75,S2a,78.26542455463559,206.33611928040295,412.8022164616749,conditional_source_only_not_network_or_full_range_validated,284.60154383503857,2274.340149588579,False
0.75,S2a,80.56734880624249,212.40482867100303,411.59151900601466,conditional_source_only_not_network_or_full_range_validated,292.9721774772455,2274.340149588579,False
0.75,S2a,82.86927305784943,218.47353806160316,410.3875834581267,conditional_source_only_not_network_or_full_range_validated,301.34281111945256,2274.340149588579,False
0.75,S2a,85.17119730945635,224.5422474522032,409.190409818011,conditional_source_only_not_network_or_full_range_validated,309.71344476165956,2274.340149588579,False
0.75,S2a,87.4731215610633,230.6109568428033,407.9999980856674,conditional_source_only_not_network_or_full_range_validated,318.08407840386656,2274.3401495885787,False
0.75,S2a,89.77504581267021,236.6796662334034,406.81634826109615,conditional_source_only_not_network_or_full_range_validated,326.4547120460736,2274.340149588579,False
0.75,S2a,92.07697006427712,242.74837562400347,405.6394603442971,conditional_source_only_not_network_or_full_range_validated,334.8253456882806,2274.340149588579,False
0.75,S2a,2.088047379359275,6.264142138077825,456.5749513371576,conditional_source_only_not_network_or_full_range_validated,8.3521895174371,2270.664554083258,False
0.75,S2a,4.17609475871855,12.52828427615565,455.1675711712744,conditional_source_only_not_network_or_full_range_validated,16.7043790348742,2270.664554083258,False
0.75,S2a,6.264142138077825,18.792426414233475,453.76712458094056,conditional_source_only_not_network_or_full_range_validated,25.0565685523113,2270.6645540832583,False
0.75,S2a,8.3521895174371,25.0565685523113,452.373611566156,conditional_source_only_not_network_or_full_range_validated,33.4087580697484,2270.664554083258,False
0.75,S2a,10.440236896796376,31.320710690389124,450.9870321269206,conditional_source_only_not_network_or_full_range_validated,41.7609475871855,2270.664554083258,False
0.75,S2a,12.52828427615565,37.58485282846695,449.60738626323456,conditional_source_only_not_network_or_full_range_validated,50.1131371046226,2270.6645540832583,False
0.75,S2a,14.616331655514928,43.84899496654478,448.2346739750978,conditional_source_only_not_network_or_full_range_validated,58.465326622059706,2270.664554083258,False
0.75,S2a,16.7043790348742,50.1131371046226,446.8688952625103,conditional_source_only_not_network_or_full_range_validated,66.8175161394968,2270.664554083258,False
0.75,S2a,18.792426414233475,56.377279242700425,445.51005012547216,conditional_source_only_not_network_or_full_range_validated,75.1697056569339,2270.664554083258,False
0.75,S2a,20.88047379359275,62.64142138077825,444.1581385639832,conditional_source_only_not_network_or_full_range_validated,83.521895174371,2270.664554083258,False
0.75,S2a,22.968521172952027,68.90556351885608,442.8131605780436,conditional_source_only_not_network_or_full_range_validated,91.87408469180811,2270.664554083258,False
0.75,S2a,25.0565685523113,75.1697056569339,441.47511616765325,conditional_source_only_not_network_or_full_range_validated,100.2262742092452,2270.6645540832583,False
0.75,S2a,27.14461593167057,81.43384779501173,440.1440053328122,conditional_source_only_not_network_or_full_range_validated,108.5784637266823,2270.664554083258,False
0.75,S2a,29.232663311029853,87.69798993308956,438.81982807352045,conditional_source_only_not_network_or_full_range_validated,116.93065324411941,2270.664554083258,False
0.75,S2a,31.320710690389124,93.96213207116736,437.502584389778,conditional_source_only_not_network_or_full_range_validated,125.28284276155648,2270.664554083258,False
0.75,S2a,33.4087580697484,100.2262742092452,436.1922742815848,conditional_source_only_not_network_or_full_range_validated,133.6350322789936,2270.664554083258,False
0.75,S2a,35.49680544910768,106.49041634732302,434.8888977489409,conditional_source_only_not_network_or_full_range_validated,141.9872217964307,2270.664554083258,False
0.75,S2a,37.58485282846695,112.75455848540084,433.5924547918462,conditional_source_only_not_network_or_full_range_validated,150.3394113138678,2270.6645540832583,False
0.75,S2a,39.672900207826224,119.01870062347868,432.3029454103008,conditional_source_only_not_network_or_full_range_validated,158.6916008313049,2270.664554083258,False
0.75,S2a,41.7609475871855,125.2828427615565,431.02036960430473,conditional_source_only_not_network_or_full_range_validated,167.043790348742,2270.664554083258,False
0.75,S2a,43.84899496654477,131.5469848996343,429.744727373858,conditional_source_only_not_network_or_full_range_validated,175.3959798661791,2270.664554083258,False
0.75,S2a,45.93704234590405,137.81112703771217,428.47601871896046,conditional_source_only_not_network_or_full_range_validated,183.74816938361622,2270.664554083258,False
0.75,S2a,48.02508972526333,144.07526917578997,427.2142436396122,conditional_source_only_not_network_or_full_range_validated,192.1003589010533,2270.6645540832583,False
0.75,S2a,50.1131371046226,150.3394113138678,425.9594021358133,conditional_source_only_not_network_or_full_range_validated,200.4525484184904,2270.6645540832583,False
0.75,S2a,52.20118448398188,156.60355345194563,424.7114942075637,conditional_source_only_not_network_or_full_range_validated,208.8047379359275,2270.6645540832574,False
0.75,S2a,54.28923186334115,162.86769559002346,423.47051985486326,conditional_source_only_not_network_or_full_range_validated,217.1569274533646,2270.664554083258,False
0.75,S2a,56.377279242700425,169.1318377281013,422.2364790777122,conditional_source_only_not_network_or_full_range_validated,225.5091169708017,2270.664554083258,False
0.75,S2a,58.465326622059706,175.39597986617912,421.0093718761104,conditional_source_only_not_network_or_full_range_validated,233.86130648823882,2270.664554083258,False
0.75,S2a,60.55337400141898,181.66012200425692,419.7891982500578,conditional_source_only_not_network_or_full_range_validated,242.2134960056759,2270.664554083258,False
0.75,S2a,62.64142138077825,187.92426414233475,418.5759581995546,conditional_source_only_not_network_or_full_range_validated,250.565685523113,2270.664554083258,False
0.75,S2a,64.72946876013752,194.18840628041252,417.3696517246007,conditional_source_only_not_network_or_full_range_validated,258.91787504055003,2270.6645540832574,False
0.75,S2a,66.8175161394968,200.4525484184904,416.170278825196,conditional_source_only_not_network_or_full_range_validated,267.2700645579872,2270.664554083258,False
0.75,S2a,68.90556351885608,206.71669055656827,414.9778395013406,conditional_source_only_not_network_or_full_range_validated,275.62225407542434,2270.664554083258,False
0.75,S2a,70.99361089821535,212.98083269464604,413.7923337530345,conditional_source_only_not_network_or_full_range_validated,283.9744435928614,2270.664554083258,False
0.75,S2a,73.08165827757462,219.24497483272387,412.6137615802776,conditional_source_only_not_network_or_full_range_validated,292.3266331102985,2270.6645540832574,False
0.75,S2a,75.1697056569339,225.5091169708017,411.4421229830701,conditional_source_only_not_network_or_full_range_validated,300.6788226277356,2270.664554083258,False
0.75,S2a,77.25775303629318,231.77325910887956,410.2774179614119,conditional_source_only_not_network_or_full_range_validated,309.0310121451727,2270.664554083258,False
0.75,S2a,79.34580041565245,238.03740124695736,409.11964651530286,conditional_source_only_not_network_or_full_range_validated,317.3832016626098,2270.664554083258,False
0.75,S2a,81.43384779501173,244.3015433850352,407.9688086447432,conditional_source_only_not_network_or_full_range_validated,325.7353911800469,2270.6645540832574,False
0.75,S2a,83.521895174371,250.565685523113,406.8249043497328,conditional_source_only_not_network_or_full_range_validated,334.087580697484,2270.664554083258,False
0.75,S2a,1.875110961313312,6.45871553341252,456.6011391659761,conditional_source_only_not_network_or_full_range_validated,8.333826494725832,2267.0008197798156,False
0.75,S2a,3.750221922626624,12.91743106682504,455.2201474335071,conditional_source_only_not_network_or_full_range_validated,16.667652989451664,2267.0008197798156,False
0.75,S2a,5.625332883939937,19.37614660023756,453.8462898811829,conditional_source_only_not_network_or_full_range_validated,25.001479484177498,2267.000819779816,False
0.75,S2a,7.500443845253248,25.83486213365008,452.4795665090036,conditional_source_only_not_network_or_full_range_validated,33.33530597890333,2267.0008197798156,False
0.75,S2a,9.37555480656656,32.29357766706259,451.11997731696914,conditional_source_only_not_network_or_full_range_validated,41.669132473629155,2267.000819779816,False
0.75,S2a,11.250665767879871,38.75229320047512,449.76752230507947,conditional_source_only_not_network_or_full_range_validated,50.002958968354996,2267.000819779816,False
0.75,S2a,13.125776729193184,45.21100873388764,448.42220147333467,conditional_source_only_not_network_or_full_range_validated,58.33678546308082,2267.0008197798156,False
0.75,S2a,15.000887690506495,51.66972426730016,447.0840148217347,conditional_source_only_not_network_or_full_range_validated,66.67061195780666,2267.0008197798156,False
0.75,S2a,16.875998651819806,58.12843980071268,445.7529623502796,conditional_source_only_not_network_or_full_range_validated,75.00443845253248,2267.000819779816,False
0.75,S2a,18.75110961313312,64.58715533412519,444.4290440589694,conditional_source_only_not_network_or_full_range_validated,83.33826494725831,2267.000819779816,False
0.75,S2a,20.62622057444643,71.04587086753772,443.112259947804,conditional_source_only_not_network_or_full_range_validated,91.67209144198415,2267.000819779816,False
0.75,S2a,22.501331535759743,77.50458640095025,441.8026100167835,conditional_source_only_not_network_or_full_range_validated,100.00591793670999,2267.000819779816,False
0.75,S2a,24.376442497073054,83.96330193436275,440.5000942659078,conditional_source_only_not_network_or_full_range_validated,108.3397444314358,2267.000819779816,False
0.75,S2a,26.25155345838637,90.42201746777528,439.20471269517697,conditional_source_only_not_network_or_full_range_validated,116.67357092616164,2267.0008197798156,False
0.75,S2a,28.12666441969968,96.88073300118778,437.91646530459104,conditional_source_only_not_network_or_full_range_validated,125.00739742088746,2267.000819779816,False
0.75,S2a,30.001775381012997,103.33944853460032,436.6353520941499,conditional_source_only_not_network_or_full_range_validated,133.3412239156133,2267.0008197798156,False
0.75,S2a,31.876886342326305,109.79816406801284,435.3613730638536,conditional_source_only_not_network_or_full_range_validated,141.67505041033914,2267.0008197798156,False
0.75,S2a,33.75199730363961,116.25687960142535,434.09452821370223,conditional_source_only_not_network_or_full_range_validated,150.00887690506497,2267.000819779816,False
0.75,S2a,35.62710826495292,122.71559513483788,432.8348175436957,conditional_source_only_not_network_or_full_range_validated,158.34270339979082,2267.0008197798165,False
0.75,S2a,37.50221922626624,129.17431066825037,431.5822410538339,conditional_source_only_not_network_or_full_range_validated,166.67652989451662,2267.000819779816,False
0.75,S2a,39.377330187579545,135.6330262016629,430.336798744117,conditional_source_only_not_network_or_full_range_validated,175.01035638924242,2267.000819779816,False
0.75,S2a,41.25244114889286,142.09174173507543,429.098490614545,conditional_source_only_not_network_or_full_range_validated,183.3441828839683,2267.000819779816,False
0.75,S2a,43.127552110206175,148.55045726848795,427.8673166651178,conditional_source_only_not_network_or_full_range_validated,191.67800937869413,2267.000819779816,False
0.75,S2a,45.00266307151949,155.0091728019005,426.6432768958355,conditional_source_only_not_network_or_full_range_validated,200.01183587341998,2267.000819779816,False
0.75,S2a,46.8777740328328,161.46788833531298,425.4263713066981,conditional_source_only_not_network_or_full_range_validated,208.34566236814578,2267.000819779816,False
0.75,S2a,48.75288499414611,167.9266038687255,424.2165998977055,conditional_source_only_not_network_or_full_range_validated,216.6794888628716,2267.000819779816,False
0.75,S2a,50.62799595545943,174.38531940213804,423.0139626688577,conditional_source_only_not_network_or_full_range_validated,225.01331535759746,2267.0008197798156,False
0.75,S2a,52.50310691677274,180.84403493555052,421.8184596201548,conditional_source_only_not_network_or_full_range_validated,233.34714185232326,2267.000819779816,False
0.75,S2a,54.37821787808605,187.30275046896307,420.6300907515968,conditional_source_only_not_network_or_full_range_validated,241.68096834704912,2267.0008197798156,False
0.75,S2a,56.25332883939935,193.7614660023756,419.44885606318354,conditional_source_only_not_network_or_full_range_validated,250.01479484177497,2267.000819779816,False
0.75,S2a,58.12843980071266,200.22018153578807,418.2747555549152,conditional_source_only_not_network_or_full_range_validated,258.34862133650074,2267.000819779816,False
0.75,S2a,60.00355076202599,206.67889706920064,417.1077892267917,conditional_source_only_not_network_or_full_range_validated,266.6824478312266,2267.0008197798156,False
0.75,S2a,61.8786617233393,213.1376126026132,415.947957078813,conditional_source_only_not_network_or_full_range_validated,275.0162743259525,2267.000819779816,False
0.75,S2a,63.75377268465261,219.59632813602568,414.7952591109792,conditional_source_only_not_network_or_full_range_validated,283.3501008206783,2267.0008197798156,False
0.75,S2a,65.62888364596591,226.0550436694382,413.6496953232903,conditional_source_only_not_network_or_full_range_validated,291.6839273154041,2267.000819779816,False
0.75,S2a,67.50399460727922,232.5137592028507,412.51126571574616,conditional_source_only_not_network_or_full_range_validated,300.01775381012993,2267.000819779816,False
0.75,S2a,69.37910556859254,238.9724747362632,411.3799702883469,conditional_source_only_not_network_or_full_range_validated,308.3515803048557,2267.0008197798156,False
0.75,S2a,71.25421652990585,245.4311902696757,410.25580904109256,conditional_source_only_not_network_or_full_range_validated,316.68540679958153,2267.0008197798156,False
0.75,S2a,73.12932749121916,251.88990580308823,409.138781973983,conditional_source_only_not_network_or_full_range_validated,325.01923329430736,2267.0008197798156,False
0.75,S2a,75.00443845253247,258.34862133650074,408.0288890870183,conditional_source_only_not_network_or_full_range_validated,333.3530597890332,2267.000819779816,False
0.75,S2a,1.6631088080633418,6.652435232253369,456.6272268107029,conditional_source_only_not_network_or_full_range_validated,8.315544040316711,2263.348889356328,False
0.75,S2a,3.326217616126684,13.304870464506738,455.272551878952,conditional_source_only_not_network_or_full_range_validated,16.631088080633422,2263.348889356328,False
0.75,S2a,4.9893264241900255,19.95730569676011,453.9252402833373,conditional_source_only_not_network_or_full_range_validated,24.946632120950134,2263.348889356328,False
0.75,S2a,6.652435232253367,26.60974092901348,452.5852920238589,conditional_source_only_not_network_or_full_range_validated,33.26217616126685,2263.3488893563285,False
0.75,S2a,8.31554404031671,33.262176161266844,451.2527071005168,conditional_source_only_not_network_or_full_range_validated,41.57772020158355,2263.348889356328,False
0.75,S2a,9.978652848380053,39.91461139352022,449.927485513311,conditional_source_only_not_network_or_full_range_validated,49.89326424190027,2263.3488893563276,False
0.75,S2a,11.641761656443393,46.56704662577359,448.6096272622414,conditional_source_only_not_network_or_full_range_validated,58.208808282216985,2263.348889356328,False
0.75,S2a,13.304870464506736,53.21948185802695,447.2991323473081,conditional_source_only_not_network_or_full_range_validated,66.52435232253369,2263.348889356328,False
0.75,S2a,14.967979272570076,59.87191709028032,445.9960007685111,conditional_source_only_not_network_or_full_range_validated,74.8398963628504,2263.3488893563285,False
0.75,S2a,16.63108808063342,66.52435232253369,444.7002325258503,conditional_source_only_not_network_or_full_range_validated,83.1554404031671,2263.348889356328,False
0.75,S2a,18.29419688869676,73.17678755478707,443.4118276193257,conditional_source_only_not_network_or_full_range_validated,91.47098444348383,2263.348889356328,False
0.75,S2a,19.957305696760105,79.82922278704044,442.1307860489374,conditional_source_only_not_network_or_full_range_validated,99.78652848380054,2263.3488893563276,False
0.75,S2a,21.620414504823444,86.4816580192938,440.8571078146855,conditional_source_only_not_network_or_full_range_validated,108.10207252411725,2263.348889356328,False
0.75,S2a,23.283523312886786,93.13409325154716,439.59079291656974,conditional_source_only_not_network_or_full_range_validated,116.41761656443394,2263.3488893563285,False
0.75,S2a,24.946632120950124,99.78652848380052,438.3318413545903,conditional_source_only_not_network_or_full_range_validated,124.73316060475065,2263.348889356328,False
0.75,S2a,26.60974092901347,106.4389637160539,437.0802531287471,conditional_source_only_not_network_or_full_range_validated,133.04870464506737,2263.348889356328,False
0.75,S2a,28.27284973707681,113.09139894830729,435.83602823904016,conditional_source_only_not_network_or_full_range_validated,141.3642486853841,2263.3488893563285,False
0.75,S2a,29.935958545140156,119.74383418056064,434.5991666854695,conditional_source_only_not_network_or_full_range_validated,149.6797927257008,2263.3488893563285,False
0.75,S2a,31.59906735320349,126.39626941281402,433.3696684680351,conditional_source_only_not_network_or_full_range_validated,157.99533676601752,2263.348889356328,False
0.75,S2a,33.26217616126684,133.04870464506735,432.147533586737,conditional_source_only_not_network_or_full_range_validated,166.31088080633418,2263.348889356328,False
0.75,S2a,34.92528496933018,139.70113987732074,430.93276204157513,conditional_source_only_not_network_or_full_range_validated,174.62642484665093,2263.3488893563285,False
0.75,S2a,36.58839377739352,146.35357510957414,429.7253538325495,conditional_source_only_not_network_or_full_range_validated,182.94196888696766,2263.348889356328,False
0.75,S2a,38.25150258545686,153.00601034182748,428.52530895966015,conditional_source_only_not_network_or_full_range_validated,191.25751292728432,2263.348889356328,False
0.75,S2a,39.91461139352021,159.65844557408087,427.3326274229072,conditional_source_only_not_network_or_full_range_validated,199.57305696760108,2263.3488893563276,False
0.75,S2a,41.577720201583546,166.31088080633424,426.1473092222903,conditional_source_only_not_network_or_full_range_validated,207.88860100791777,2263.348889356328,False
0.75,S2a,43.24082900964689,172.9633160385876,424.9693543578098,conditional_source_only_not_network_or_full_range_validated,216.2041450482345,2263.348889356328,False
0.75,S2a,44.90393781771023,179.61575127084097,423.7987628294656,conditional_source_only_not_network_or_full_range_validated,224.51968908855122,2263.3488893563285,False
0.75,S2a,46.56704662577357,186.26818650309437,422.6355346372576,conditional_source_only_not_network_or_full_range_validated,232.83523312886794,2263.348889356328,False
0.75,S2a,48.23015543383691,192.9206217353477,421.47966978118575,conditional_source_only_not_network_or_full_range_validated,241.1507771691846,2263.3488893563285,False
0.75,S2a,49.89326424190025,199.57305696760105,420.33116826125024,conditional_source_only_not_network_or_full_range_validated,249.4663212095013,2263.348889356328,False
0.75,S2a,51.5563730499636,206.22549219985444,419.1900300774511,conditional_source_only_not_network_or_full_range_validated,257.78186524981805,2263.348889356328,False
0.75,S2a,53.21948185802694,212.8779274321078,418.0562552297881,conditional_source_only_not_network_or_full_range_validated,266.09740929013475,2263.348889356328,False
0.75,S2a,54.88259066609027,219.5303626643612,416.9298437182615,conditional_source_only_not_network_or_full_range_validated,274.4129533304515,2263.348889356328,False
0.75,S2a,56.54569947415363,226.18279789661457,415.8107955428711,conditional_source_only_not_network_or_full_range_validated,282.7284973707682,2263.3488893563285,False
0.75,S2a,58.20880828221696,232.8352331288679,414.6991107036169,conditional_source_only_not_network_or_full_range_validated,291.0440414110849,2263.348889356328,False
0.75,S2a,59.87191709028031,239.48766836112128,413.594789200499,conditional_source_only_not_network_or_full_range_validated,299.3595854514016,2263.3488893563285,False
0.75,S2a,61.53502589834364,246.14010359337465,412.4978310335174,conditional_source_only_not_network_or_full_range_validated,307.6751294917183,2263.348889356328,False
0.75,S2a,63.19813470640699,252.79253882562804,411.4082362026721,conditional_source_only_not_network_or_full_range_validated,315.99067353203503,2263.348889356328,False
0.75,S2a,64.86124351447033,259.4449740578814,410.32600470796297,conditional_source_only_not_network_or_full_range_validated,324.3062175723517,2263.3488893563285,False
0.75,S2a,66.52435232253367,266.09740929013475,409.2511365493901,conditional_source_only_not_network_or_full_range_validated,332.6217616126684,2263.348889356328,False
0.75,S2a,1.452034784397177,6.845306840729552,456.6532148328101,conditional_source_only_not_network_or_full_range_validated,8.297341625126728,2259.7087058596367,False
0.75,S2a,2.904069568794354,13.690613681459103,455.3247852502093,conditional_source_only_not_network_or_full_range_validated,16.594683250253457,2259.7087058596367,False
0.75,S2a,4.356104353191531,20.535920522188658,454.00397633078745,conditional_source_only_not_network_or_full_range_validated,24.892024875380187,2259.7087058596367,False
0.75,S2a,5.808139137588708,27.381227362918207,452.6907880745448,conditional_source_only_not_network_or_full_range_validated,33.189366500506914,2259.7087058596367,False
0.75,S2a,7.260173921985884,34.22653420364776,451.385220481481,conditional_source_only_not_network_or_full_range_validated,41.48670812563364,2259.7087058596367,False
0.75,S2a,8.712208706383063,41.07184104437732,450.0872735515964,conditional_source_only_not_network_or_full_range_validated,49.78404975076039,2259.7087058596367,False
0.75,S2a,10.16424349078024,47.917147885106864,448.7969472848909,conditional_source_only_not_network_or_full_range_validated,58.08139137588711,2259.7087058596367,False
0.75,S2a,11.616278275177416,54.76245472583641,447.5142416813644,conditional_source_only_not_network_or_full_range_validated,66.37873300101383,2259.7087058596367,False
0.75,S2a,13.068313059574594,61.60776156656597,446.23915674101687,conditional_source_only_not_network_or_full_range_validated,74.67607462614056,2259.7087058596367,False
0.75,S2a,14.520347843971768,68.45306840729552,444.9716924638485,conditional_source_only_not_network_or_full_range_validated,82.97341625126728,2259.7087058596367,False
0.75,S2a,15.972382628368946,75.29837524802507,443.7118488498592,conditional_source_only_not_network_or_full_range_validated,91.27075787639401,2259.708705859637,False
0.75,S2a,17.424417412766125,82.14368208875463,442.45962589904894,conditional_source_only_not_network_or_full_range_validated,99.56809950152075,2259.7087058596367,False
0.75,S2a,18.8764521971633,88.98898892948417,441.2150236114177,conditional_source_only_not_network_or_full_range_validated,107.86544112664747,2259.7087058596367,False
0.75,S2a,20.32848698156048,95.83429577021371,439.9780419869657,conditional_source_only_not_network_or_full_range_validated,116.16278275177419,2259.708705859636,False
0.75,S2a,21.78052176595765,102.67960261094326,438.7486810256926,conditional_source_only_not_network_or_full_range_validated,124.46012437690092,2259.7087058596367,False
0.75,S2a,23.232556550354836,109.52490945167284,437.52694072759846,conditional_source_only_not_network_or_full_range_validated,132.75746600202768,2259.7087058596367,False
0.75,S2a,24.68459133475201,116.37021629240238,436.3128210926835,conditional_source_only_not_network_or_full_range_validated,141.0548076271544,2259.7087058596367,False
0.75,S2a,26.136626119149188,123.21552313313194,435.10632212094765,conditional_source_only_not_network_or_full_range_validated,149.35214925228112,2259.7087058596367,False
0.75,S2a,27.58866090354637,130.0608299738615,433.9074438123908,conditional_source_only_not_network_or_full_range_validated,157.64949087740786,2259.7087058596367,False
0.75,S2a,29.040695687943536,136.90613681459104,432.716186167013,conditional_source_only_not_network_or_full_range_validated,165.94683250253456,2259.7087058596367,False
0.75,S2a,30.492730472340718,143.75144365532057,431.5325491848144,conditional_source_only_not_network_or_full_range_validated,174.2441741276613,2259.7087058596367,False
0.75,S2a,31.94476525673789,150.5967504960501,430.3565328657947,conditional_source_only_not_network_or_full_range_validated,182.541515752788,2259.708705859637,False
0.75,S2a,33.39680004113507,157.4420573367797,429.1881372099541,conditional_source_only_not_network_or_full_range_validated,190.83885737791476,2259.7087058596367,False
0.75,S2a,34.84883482553225,164.28736417750926,428.0273622172925,conditional_source_only_not_network_or_full_range_validated,199.1361990030415,2259.7087058596367,False
0.75,S2a,36.30086960992942,171.13267101823877,426.8742078878101,conditional_source_only_not_network_or_full_range_validated,207.4335406281682,2259.7087058596367,False
0.75,S2a,37.7529043943266,177.97797785896833,425.72867422150665,conditional_source_only_not_network_or_full_range_validated,215.73088225329494,2259.7087058596367,False
0.75,S2a,39.20493917872378,184.8232846996979,424.5907612183823,conditional_source_only_not_network_or_full_range_validated,224.02822387842167,2259.7087058596367,False
0.75,S2a,40.65697396312096,191.66859154042743,423.460468878437,conditional_source_only_not_network_or_full_range_validated,232.32556550354838,2259.708705859636,False
0.75,S2a,42.10900874751813,198.513898381157,422.3377972016708,conditional_source_only_not_network_or_full_range_validated,240.62290712867514,2259.7087058596367,False
0.75,S2a,43.5610435319153,205.35920522188653,421.2227461880836,conditional_source_only_not_network_or_full_range_validated,248.92024875380184,2259.7087058596367,False
0.75,S2a,45.01307831631249,212.2045120626161,420.1153158376755,conditional_source_only_not_network_or_full_range_validated,257.21759037892855,2259.708705859636,False
0.75,S2a,46.46511310070967,219.04981890334565,419.0155061504464,conditional_source_only_not_network_or_full_range_validated,265.5149320040553,2259.708705859636,False
0.75,S2a,47.91714788510684,225.8951257440752,417.92331712639646,conditional_source_only_not_network_or_full_range_validated,273.812273629182,2259.7087058596367,False
0.75,S2a,49.36918266950402,232.74043258480475,416.8387487655255,conditional_source_only_not_network_or_full_range_validated,282.1096152543088,2259.7087058596367,False
0.75,S2a,50.82121745390119,239.58573942553429,415.7618010678337,conditional_source_only_not_network_or_full_range_validated,290.4069568794355,2259.7087058596367,False
0.75,S2a,52.273252238298376,246.43104626626388,414.6924740333208,conditional_source_only_not_network_or_full_range_validated,298.70429850456225,2259.7087058596367,False
0.75,S2a,53.72528702269555,253.2763531069934,413.6307676619871,conditional_source_only_not_network_or_full_range_validated,307.00164012968895,2259.7087058596367,False
0.75,S2a,55.17732180709273,260.121659947723,412.5766819538324,conditional_source_only_not_network_or_full_range_validated,315.2989817548157,2259.7087058596367,False
0.75,S2a,56.6293565914899,266.9669667884525,411.5302169088568,conditional_source_only_not_network_or_full_range_validated,323.5963233799424,2259.7087058596367,False
0.75,S2a,58.08139137588707,273.8122736291821,410.4913725270602,conditional_source_only_not_network_or_full_range_validated,331.8936650050691,2259.7087058596367,False
0.75,S2a,1.2418828087042983,7.037335915991029,456.6791037897055,conditional_source_only_not_network_or_full_range_validated,8.279218724695328,2256.08021270239,False
0.75,S2a,2.4837656174085967,14.07467183198206,455.3768482867538,conditional_source_only_not_network_or_full_range_validated,16.558437449390656,2256.0802127023894,False
0.75,S2a,3.725648426112896,21.11200774797309,454.0824985697351,conditional_source_only_not_network_or_full_range_validated,24.83765617408599,2256.0802127023903,False
0.75,S2a,4.967531234817193,28.14934366396412,452.7960546386493,conditional_source_only_not_network_or_full_range_validated,33.11687489878131,2256.0802127023894,False
0.75,S2a,6.209414043521492,35.18667957995515,451.5175164934965,conditional_source_only_not_network_or_full_range_validated,41.39609362347664,2256.0802127023903,False
0.75,S2a,7.451296852225791,42.22401549594618,450.2468841342766,conditional_source_only_not_network_or_full_range_validated,49.67531234817197,2256.08021270239,False
0.75,S2a,8.69317966093009,49.261351411937206,448.9841575609896,conditional_source_only_not_network_or_full_range_validated,57.9545310728673,2256.08021270239,False
0.75,S2a,9.935062469634389,56.29868732792824,447.7293367736356,conditional_source_only_not_network_or_full_range_validated,66.23374979756264,2256.08021270239,False
0.75,S2a,11.176945278338684,63.336023243919264,446.48242177221454,conditional_source_only_not_network_or_full_range_validated,74.51296852225795,2256.0802127023894,False
0.75,S2a,12.418828087042984,70.3733591599103,445.2434125567264,conditional_source_only_not_network_or_full_range_validated,82.79218724695328,2256.0802127023903,False
0.75,S2a,13.660710895747284,77.41069507590133,444.0123091271712,conditional_source_only_not_network_or_full_range_validated,91.07140597164862,2256.0802127023903,False
0.75,S2a,14.902593704451585,84.44803099189237,442.7891114835489,conditional_source_only_not_network_or_full_range_validated,99.35062469634396,2256.0802127023903,False
0.75,S2a,16.14447651315588,91.4853669078834,441.5738196258596,conditional_source_only_not_network_or_full_range_validated,107.62984342103928,2256.08021270239,False
0.75,S2a,17.38635932186018,98.5227028238744,440.3664335541032,conditional_source_only_not_network_or_full_range_validated,115.90906214573458,2256.08021270239,False
0.75,S2a,18.628242130564477,105.56003873986543,439.1669532682797,conditional_source_only_not_network_or_full_range_validated,124.1882808704299,2256.08021270239,False
0.75,S2a,19.870124939268774,112.59737465585648,437.9753787683893,conditional_source_only_not_network_or_full_range_validated,132.46749959512525,2256.0802127023894,False
0.75,S2a,21.112007747973077,119.6347105718475,436.7917100544316,conditional_source_only_not_network_or_full_range_validated,140.7467183198206,2256.08021270239,False
0.75,S2a,22.35389055667737,126.67204648783851,435.61594712640704,conditional_source_only_not_network_or_full_range_validated,149.0259370445159,2256.08021270239,False
0.75,S2a,23.59577336538167,133.70938240382958,434.44808998431535,conditional_source_only_not_network_or_full_range_validated,157.30515576921124,2256.0802127023894,False
0.75,S2a,24.837656174085968,140.7467183198206,433.28813862815656,conditional_source_only_not_network_or_full_range_validated,165.58437449390655,2256.0802127023903,False
0.75,S2a,26.079538982790268,147.78405423581162,432.1360930579308,conditional_source_only_not_network_or_full_range_validated,173.8635932186019,2256.08021270239,False
0.75,S2a,27.32142179149457,154.82139015180266,430.99195327363793,conditional_source_only_not_network_or_full_range_validated,182.14281194329723,2256.0802127023903,False
0.75,S2a,28.563304600198865,161.85872606779367,429.8557192752779,conditional_source_only_not_network_or_full_range_validated,190.42203066799254,2256.08021270239,False
0.75,S2a,29.80518740890317,168.89606198378473,428.727391062851,conditional_source_only_not_network_or_full_range_validated,198.7012493926879,2256.0802127023903,False
0.75,S2a,31.047070217607462,175.93339789977574,427.6069686363569,conditional_source_only_not_network_or_full_range_validated,206.9804681173832,2256.0802127023894,False
0.75,S2a,32.28895302631176,182.9707338157668,426.49445199579577,conditional_source_only_not_network_or_full_range_validated,215.25968684207857,2256.08021270239,False
0.75,S2a,33.530835835016056,190.0080697317578,425.3898411411676,conditional_source_only_not_network_or_full_range_validated,223.53890556677385,2256.08021270239,False
0.75,S2a,34.77271864372036,197.0454056477488,424.2931360724724,conditional_source_only_not_network_or_full_range_validated,231.81812429146916,2256.08021270239,False
0.75,S2a,36.01460145242466,204.08274156373983,423.20433678971006,conditional_source_only_not_network_or_full_range_validated,240.09734301616447,2256.08021270239,False
0.75,S2a,37.25648426112895,211.12007747973087,422.1234432928807,conditional_source_only_not_network_or_full_range_validated,248.3765617408598,2256.08021270239,False
0.75,S2a,38.49836706983325,218.1574133957219,421.0504555819842,conditional_source_only_not_network_or_full_range_validated,256.65578046555515,2256.08021270239,False
0.75,S2a,39.74024987853755,225.1947493117129,419.9853736570208,conditional_source_only_not_network_or_full_range_validated,264.93499919025044,2256.0802127023894,False
0.75,S2a,40.98213268724185,232.232085227704,418.92819751799016,conditional_source_only_not_network_or_full_range_validated,273.21421791494583,2256.08021270239,False
0.75,S2a,42.22401549594615,239.269421143695,417.8789271648926,conditional_source_only_not_network_or_full_range_validated,281.4934366396412,2256.08021270239,False
0.75,S2a,43.465898304650445,246.306757059686,416.8375625977279,conditional_source_only_not_network_or_full_range_validated,289.77265536433646,2256.08021270239,False
0.75,S2a,44.70778111335474,253.34409297567703,415.8041038164962,conditional_source_only_not_network_or_full_range_validated,298.0518740890318,2256.08021270239,False
0.75,S2a,45.949663922059045,260.3814288916681,414.77855082119737,conditional_source_only_not_network_or_full_range_validated,306.3310928137272,2256.0802127023903,False
0.75,S2a,47.19154673076334,267.4187648076592,413.7609036118315,conditional_source_only_not_network_or_full_range_validated,314.61031153842254,2256.0802127023894,False
0.75,S2a,48.433429539467646,274.4561007236502,412.7511621883986,conditional_source_only_not_network_or_full_range_validated,322.8895302631178,2256.0802127023894,False
0.75,S2a,49.675312348171936,281.4934366396412,411.7493265508987,conditional_source_only_not_network_or_full_range_validated,331.1687489878131,2256.0802127023903,False
0.75,S2a,1.0326468523917545,7.2285279667422815,456.7048942347667,conditional_source_only_not_network_or_full_range_validated,8.261174819134036,2252.463353660111,False
0.75,S2a,2.065293704783509,14.457055933484565,455.4287417249324,conditional_source_only_not_network_or_full_range_validated,16.522349638268075,2252.4633536601114,False
0.75,S2a,3.097940557175264,21.685583900226845,454.160807549087,conditional_source_only_not_network_or_full_range_validated,24.78352445740211,2252.4633536601104,False
0.75,S2a,4.130587409567018,28.91411186696913,452.90109170723065,conditional_source_only_not_network_or_full_range_validated,33.04469927653615,2252.4633536601114,False
0.75,S2a,5.163234261958772,36.14263983371141,451.6495941993632,conditional_source_only_not_network_or_full_range_validated,41.30587409567018,2252.463353660111,False
0.75,S2a,6.195881114350527,43.37116780045369,450.4063150254846,conditional_source_only_not_network_or_full_range_validated,49.56704891480422,2252.4633536601104,False
0.75,S2a,7.2285279667422815,50.59969576719597,449.1712541855951,conditional_source_only_not_network_or_full_range_validated,57.82822373393825,2252.463353660111,False
0.75,S2a,8.261174819134036,57.82822373393825,447.9444116796945,conditional_source_only_not_network_or_full_range_validated,66.08939855307229,2252.463353660111,False
0.75,S2a,9.29382167152579,65.05675170068054,446.7257875077829,conditional_source_only_not_network_or_full_range_validated,74.35057337220633,2252.4633536601114,False
0.75,S2a,10.326468523917544,72.28527966742281,445.5153816698602,conditional_source_only_not_network_or_full_range_validated,82.61174819134035,2252.463353660111,False
0.75,S2a,11.3591153763093,79.51380763416509,444.3131941659265,conditional_source_only_not_network_or_full_range_validated,90.8729230104744,2252.463353660111,False
0.75,S2a,12.391762228701054,86.74233560090738,443.1192249959818,conditional_source_only_not_network_or_full_range_validated,99.13409782960844,2252.4633536601104,False
0.75,S2a,13.424409081092808,93.97086356764966,441.9334741600261,conditional_source_only_not_network_or_full_range_validated,107.39527264874246,2252.463353660111,False
0.75,S2a,14.457055933484565,101.19939153439194,440.75594165805927,conditional_source_only_not_network_or_full_range_validated,115.6564474678765,2252.463353660111,False
0.75,S2a,15.489702785876316,108.4279195011342,439.5866274900814,conditional_source_only_not_network_or_full_range_validated,123.91762228701052,2252.4633536601104,False
0.75,S2a,16.52234963826807,115.6564474678765,438.42553165609246,conditional_source_only_not_network_or_full_range_validated,132.17879710614457,2252.463353660111,False
0.75,S2a,17.55499649065983,122.8849754346188,437.2726541560926,conditional_source_only_not_network_or_full_range_validated,140.43997192527863,2252.463353660111,False
0.75,S2a,18.58764334305158,130.11350340136107,436.1279949900816,conditional_source_only_not_network_or_full_range_validated,148.70114674441265,2252.4633536601114,False
0.75,S2a,19.62029019544333,137.3420313681033,434.9915541580596,conditional_source_only_not_network_or_full_range_validated,156.96232156354665,2252.4633536601114,False
0.75,S2a,20.65293704783509,144.57055933484563,433.8633316600266,conditional_source_only_not_network_or_full_range_validated,165.2234963826807,2252.463353660111,False
0.75,S2a,21.685583900226845,151.79908730158792,432.7433274959824,conditional_source_only_not_network_or_full_range_validated,173.48467120181476,2252.463353660111,False
0.75,S2a,22.7182307526186,159.02761526833018,431.6315416659274,conditional_source_only_not_network_or_full_range_validated,181.7458460209488,2252.463353660111,False
0.75,S2a,23.75087760501036,166.2561432350725,430.5279741698612,conditional_source_only_not_network_or_full_range_validated,190.00702084008287,2252.463353660111,False
0.75,S2a,24.78352445740211,173.48467120181476,429.432625007784,conditional_source_only_not_network_or_full_range_validated,198.26819565921687,2252.4633536601104,False
0.75,S2a,25.81617130979386,180.71319916855705,428.3454941796957,conditional_source_only_not_network_or_full_range_validated,206.52937047835093,2252.4633536601114,False
0.75,S2a,26.848818162185616,187.9417271352993,427.26658168559646,conditional_source_only_not_network_or_full_range_validated,214.7905452974849,2252.463353660111,False
0.75,S2a,27.881465014577373,195.1702551020416,426.19588752548617,conditional_source_only_not_network_or_full_range_validated,223.05172011661898,2252.463353660111,False
0.75,S2a,28.91411186696913,202.39878306878387,425.1334116993648,conditional_source_only_not_network_or_full_range_validated,231.312894935753,2252.463353660111,False
0.75,S2a,29.946758719360883,209.6273110355262,424.0791542072324,conditional_source_only_not_network_or_full_range_validated,239.57406975488706,2252.4633536601104,False
0.75,S2a,30.979405571752636,216.85583900226845,423.03311504908896,conditional_source_only_not_network_or_full_range_validated,247.8352445740211,2252.463353660111,False
0.75,S2a,32.012052424144386,224.08436696901072,421.99529422493447,conditional_source_only_not_network_or_full_range_validated,256.0964193931551,2252.463353660111,False
0.75,S2a,33.04469927653614,231.312894935753,420.965691734769,conditional_source_only_not_network_or_full_range_validated,264.35759421228914,2252.463353660111,False
0.75,S2a,34.0773461289279,238.5414229024953,419.9443075785924,conditional_source_only_not_network_or_full_range_validated,272.6187690314232,2252.463353660111,False
0.75,S2a,35.10999298131966,245.7699508692376,418.9311417564048,conditional_source_only_not_network_or_full_range_validated,280.87994385055725,2252.463353660111,False
0.75,S2a,36.14263983371141,252.99847883597985,417.9261942682062,conditional_source_only_not_network_or_full_range_validated,289.14111866969125,2252.463353660111,False
0.75,S2a,37.17528668610316,260.22700680272214,416.9294651139965,conditional_source_only_not_network_or_full_range_validated,297.4022934888253,2252.4633536601114,False
0.75,S2a,38.20793353849491,267.4555347694644,415.9409542937758,conditional_source_only_not_network_or_full_range_validated,305.6634683079593,2252.463353660111,False
0.75,S2a,39.24058039088667,274.68406273620667,414.96066180754406,conditional_source_only_not_network_or_full_range_validated,313.92464312709336,2252.4633536601114,False
0.75,S2a,40.27322724327843,281.912590702949,413.9885876553013,conditional_source_only_not_network_or_full_range_validated,322.1858179462274,2252.463353660111,False
0.75,S2a,41.30587409567018,289.14111866969125,413.02473183704745,conditional_source_only_not_network_or_full_range_validated,330.4469927653614,2252.463353660111,False
0.75,S2a,0.8243209393076745,7.418888453769072,456.730586717377,conditional_source_only_not_network_or_full_range_validated,8.243209393076746,2248.858072868293,False
0.75,S2a,1.648641878615349,14.837776907538144,455.4804662979619,conditional_source_only_not_network_or_full_range_validated,16.486418786153493,2248.858072868293,False
0.75,S2a,2.472962817923024,22.25666536130722,454.2389038203447,conditional_source_only_not_network_or_full_range_validated,24.729628179230243,2248.858072868293,False
0.75,S2a,3.297283757230698,29.675553815076288,453.0058992845254,conditional_source_only_not_network_or_full_range_validated,32.972837572306986,2248.858072868293,False
0.75,S2a,4.121604696538372,37.09444226884536,451.781452690504,conditional_source_only_not_network_or_full_range_validated,41.21604696538373,2248.858072868293,False
0.75,S2a,4.945925635846048,44.51333072261444,450.5655640382806,conditional_source_only_not_network_or_full_range_validated,49.459256358460486,2248.858072868293,False
0.75,S2a,5.770246575153722,51.93221917638351,449.3582333278551,conditional_source_only_not_network_or_full_range_validated,57.70246575153723,2248.858072868293,False
0.75,S2a,6.594567514461396,59.351107630152576,448.15946055922745,conditional_source_only_not_network_or_full_range_validated,65.94567514461397,2248.858072868293,False
0.75,S2a,7.418888453769071,66.76999608392165,446.9692457323978,conditional_source_only_not_network_or_full_range_validated,74.18888453769073,2248.858072868293,False
0.75,S2a,8.243209393076745,74.18888453769073,445.78758884736607,conditional_source_only_not_network_or_full_range_validated,82.43209393076746,2248.858072868293,False
0.75,S2a,9.06753033238442,81.6077729914598,444.6144899041322,conditional_source_only_not_network_or_full_range_validated,90.67530332384422,2248.8580728682937,False
0.75,S2a,9.891851271692095,89.02666144522888,443.4499489026963,conditional_source_only_not_network_or_full_range_validated,98.91851271692097,2248.858072868293,False
0.75,S2a,10.716172210999767,96.44554989899794,442.2939658430583,conditional_source_only_not_network_or_full_range_validated,107.16172210999771,2248.8580728682937,False
0.75,S2a,11.540493150307444,103.86443835276702,441.14654072521824,conditional_source_only_not_network_or_full_range_validated,115.40493150307447,2248.858072868293,False
0.75,S2a,12.364814089615118,111.28332680653608,440.0076735491761,conditional_source_only_not_network_or_full_range_validated,123.6481408961512,2248.858072868293,False
0.75,S2a,13.189135028922792,118.70221526030517,438.8773643149319,conditional_source_only_not_network_or_full_range_validated,131.89135028922794,2248.8580728682928,False
0.75,S2a,14.013455968230469,126.12110371407424,437.75561302248553,conditional_source_only_not_network_or_full_range_validated,140.1345596823047,2248.858072868293,False
0.75,S2a,14.837776907538142,133.5399921678433,436.6424196718372,conditional_source_only_not_network_or_full_range_validated,148.37776907538145,2248.858072868293,False
0.75,S2a,15.662097846845816,140.95888062161237,435.5377842629868,conditional_source_only_not_network_or_full_range_validated,156.6209784684582,2248.8580728682937,False
0.75,S2a,16.48641878615349,148.37776907538145,434.4417067959342,conditional_source_only_not_network_or_full_range_validated,164.86418786153493,2248.858072868293,False
0.75,S2a,17.310739725461165,155.79665752915054,433.3541872706796,conditional_source_only_not_network_or_full_range_validated,173.1073972546117,2248.8580728682928,False
0.75,S2a,18.13506066476884,163.2155459829196,432.2752256872229,conditional_source_only_not_network_or_full_range_validated,181.35060664768844,2248.8580728682937,False
0.75,S2a,18.95938160407652,170.63443443668868,431.2048220455641,conditional_source_only_not_network_or_full_range_validated,189.5938160407652,2248.858072868293,False
0.75,S2a,19.78370254338419,178.05332289045776,430.1429763457032,conditional_source_only_not_network_or_full_range_validated,197.83702543384194,2248.858072868293,False
0.75,S2a,20.608023482691863,185.4722113442268,429.0896885876403,conditional_source_only_not_network_or_full_range_validated,206.08023482691866,2248.858072868293,False
0.75,S2a,21.432344421999534,192.89109979799588,428.04495877137526,conditional_source_only_not_network_or_full_range_validated,214.32344421999542,2248.8580728682937,False
0.75,S2a,22.25666536130721,200.30998825176496,427.00878689690825,conditional_source_only_not_network_or_full_range_validated,222.56665361307216,2248.858072868293,False
0.75,S2a,23.08098630061489,207.72887670553405,425.9811729642391,conditional_source_only_not_network_or_full_range_validated,230.80986300614893,2248.858072868293,False
0.75,S2a,23.90530723992256,215.1477651593031,424.9621169733678,conditional_source_only_not_network_or_full_range_validated,239.05307239922567,2248.858072868293,False
0.75,S2a,24.72962817923024,222.56665361307216,423.9516189242945,conditional_source_only_not_network_or_full_range_validated,247.2962817923024,2248.858072868293,False
0.75,S2a,25.553949118537908,229.98554206684125,422.9496788170191,conditional_source_only_not_network_or_full_range_validated,255.53949118537915,2248.858072868293,False
0.75,S2a,26.378270057845583,237.4044305206103,421.9562966515416,conditional_source_only_not_network_or_full_range_validated,263.7827005784559,2248.858072868293,False
0.75,S2a,27.20259099715326,244.8233189743794,420.971472427862,conditional_source_only_not_network_or_full_range_validated,272.02590997153266,2248.858072868293,False
0.75,S2a,28.026911936460937,252.24220742814848,419.9952061459804,conditional_source_only_not_network_or_full_range_validated,280.2691193646094,2248.858072868293,False
0.75,S2a,28.85123287576861,259.6610958819175,419.0274978058967,conditional_source_only_not_network_or_full_range_validated,288.51232875768613,2248.858072868293,False
0.75,S2a,29.675553815076285,267.0799843356866,418.0683474076109,conditional_source_only_not_network_or_full_range_validated,296.7555381507629,2248.858072868293,False
0.75,S2a,30.499874754383956,274.4988727894557,417.117754951123,conditional_source_only_not_network_or_full_range_validated,304.9987475438396,2248.858072868293,False
0.75,S2a,31.32419569369163,281.9177612432248,416.1757204364331,conditional_source_only_not_network_or_full_range_validated,313.24195693691644,2248.858072868293,False
0.75,S2a,32.14851663299931,289.33664969699385,415.2422438635411,conditional_source_only_not_network_or_full_range_validated,321.48516632999315,2248.858072868293,False
0.75,S2a,32.97283757230698,296.7555381507629,414.3173252324469,conditional_source_only_not_network_or_full_range_validated,329.72837572306986,2248.858072868293,False
0.75,S2a,0.616899145172299,7.608422790458359,456.7561817829589,conditional_source_only_not_network_or_full_range_validated,8.225321935630658,2245.2643148195248,False
0.75,S2a,1.233798290344598,15.216845580916718,455.5320227359276,conditional_source_only_not_network_or_full_range_validated,16.450643871261317,2245.2643148195248,False
0.75,S2a,1.8506974355168972,22.825268371375085,454.3167879374962,conditional_source_only_not_network_or_full_range_validated,24.67596580689198,2245.2643148195248,False
0.75,S2a,2.467596580689196,30.43369116183344,453.1104773876646,conditional_source_only_not_network_or_full_range_validated,32.90128774252263,2245.2643148195243,False
0.75,S2a,3.084495725861496,38.0421139522918,451.913091086433,conditional_source_only_not_network_or_full_range_validated,41.126609678153294,2245.2643148195243,False
0.75,S2a,3.701394871033795,45.65053674275017,450.7246290338013,conditional_source_only_not_network_or_full_range_validated,49.35193161378396,2245.2643148195248,False
0.75,S2a,4.318294016206093,53.25895953320852,449.5450912297695,conditional_source_only_not_network_or_full_range_validated,57.577253549414614,2245.2643148195248,False
0.75,S2a,4.935193161378392,60.86738232366688,448.3744776743375,conditional_source_only_not_network_or_full_range_validated,65.80257548504527,2245.2643148195243,False
0.75,S2a,5.552092306550692,68.47580511412524,447.2127883675055,conditional_source_only_not_network_or_full_range_validated,74.02789742067593,2245.2643148195248,False
0.75,S2a,6.168991451722991,76.0842279045836,446.0600233092733,conditional_source_only_not_network_or_full_range_validated,82.25321935630659,2245.2643148195243,False
0.75,S2a,6.78589059689529,83.69265069504196,444.9161824996411,conditional_source_only_not_network_or_full_range_validated,90.47854129193725,2245.2643148195243,False
0.75,S2a,7.40278974206759,91.30107348550034,443.7812659386087,conditional_source_only_not_network_or_full_range_validated,98.70386322756792,2245.2643148195248,False
0.75,S2a,8.019688887239887,98.90949627595867,442.6552736261762,conditional_source_only_not_network_or_full_range_validated,106.92918516319855,2245.2643148195243,False
0.75,S2a,8.636588032412186,106.51791906641704,441.5382055623436,conditional_source_only_not_network_or_full_range_validated,115.15450709882923,2245.2643148195248,False
0.75,S2a,9.253487177584486,114.12634185687538,440.4300617471109,conditional_source_only_not_network_or_full_range_validated,123.37982903445987,2245.2643148195248,False
0.75,S2a,9.870386322756785,121.73476464733376,439.3308421804781,conditional_source_only_not_network_or_full_range_validated,131.60515097009053,2245.2643148195243,False
0.75,S2a,10.487285467929086,129.34318743779212,438.2405468624452,conditional_source_only_not_network_or_full_range_validated,139.83047290572122,2245.2643148195248,False
0.75,S2a,11.104184613101385,136.95161022825047,437.1591757930122,conditional_source_only_not_network_or_full_range_validated,148.05579484135185,2245.2643148195248,False
0.75,S2a,11.721083758273682,144.56003301870882,436.0867289721791,conditional_source_only_not_network_or_full_range_validated,156.28111677698251,2245.264314819525,False
0.75,S2a,12.33798290344598,152.1684558091672,435.0232063999459,conditional_source_only_not_network_or_full_range_validated,164.50643871261317,2245.2643148195243,False
0.75,S2a,12.95488204861828,159.77687859962555,433.9686080763125,conditional_source_only_not_network_or_full_range_validated,172.73176064824384,2245.2643148195248,False
0.75,S2a,13.57178119379058,167.38530139008392,432.92293400127903,conditional_source_only_not_network_or_full_range_validated,180.9570825838745,2245.2643148195243,False
0.75,S2a,14.18868033896288,174.9937241805423,431.8861841748455,conditional_source_only_not_network_or_full_range_validated,189.18240451950518,2245.2643148195248,False
0.75,S2a,14.80557948413518,182.60214697100068,430.85835859701183,conditional_source_only_not_network_or_full_range_validated,197.40772645513584,2245.2643148195248,False
0.75,S2a,15.422478629307475,190.210569761459,429.839457267778,conditional_source_only_not_network_or_full_range_validated,205.63304839076648,2245.2643148195248,False
0.75,S2a,16.039377774479775,197.81899255191732,428.8294801871442,conditional_source_only_not_network_or_full_range_validated,213.8583703263971,2245.2643148195248,False
0.75,S2a,16.656276919652075,205.42741534237567,427.8284273551102,conditional_source_only_not_network_or_full_range_validated,222.08369226202774,2245.2643148195243,False
0.75,S2a,17.273176064824373,213.03583813283407,426.8362987716761,conditional_source_only_not_network_or_full_range_validated,230.30901419765846,2245.2643148195248,False
0.75,S2a,17.890075209996674,220.64426092329248,425.8530944368419,conditional_source_only_not_network_or_full_range_validated,238.53433613328914,2245.2643148195248,False
0.75,S2a,18.50697435516897,228.2526837137508,424.8788143506076,conditional_source_only_not_network_or_full_range_validated,246.75965806891978,2245.2643148195248,False
0.75,S2a,19.123873500341272,235.8611065042092,423.91345851297314,conditional_source_only_not_network_or_full_range_validated,254.98498000455047,2245.2643148195248,False
0.75,S2a,19.74077264551357,243.4695292946675,422.95702692393866,conditional_source_only_not_network_or_full_range_validated,263.21030194018107,2245.2643148195248,False
0.75,S2a,20.35767179068587,251.0779520851259,422.009519583504,conditional_source_only_not_network_or_full_range_validated,271.43562387581176,2245.2643148195243,False
0.75,S2a,20.97457093585817,258.68637487558425,421.0709364916693,conditional_source_only_not_network_or_full_range_validated,279.66094581144245,2245.2643148195248,False
0.75,S2a,21.59147008103047,266.2947976660426,420.1412776484344,conditional_source_only_not_network_or_full_range_validated,287.8862677470731,2245.2643148195243,False
0.75,S2a,22.20836922620277,273.90322045650095,419.2205430537995,conditional_source_only_not_network_or_full_range_validated,296.1115896827037,2245.2643148195248,False
0.75,S2a,22.825268371375067,281.5116432469593,418.3087327077644,conditional_source_only_not_network_or_full_range_validated,304.33691161833434,2245.2643148195248,False
0.75,S2a,23.442167516547364,289.12006603741764,417.40584661032926,conditional_source_only_not_network_or_full_range_validated,312.56223355396503,2245.264314819525,False
0.75,S2a,24.059066661719665,296.72848882787605,416.511884761494,conditional_source_only_not_network_or_full_range_validated,320.7875554895957,2245.2643148195248,False
0.75,S2a,24.675965806891963,304.3369116183344,415.6268471612586,conditional_source_only_not_network_or_full_range_validated,329.01287742522635,2245.2643148195243,False
0.75,S2a,0.4103755970163912,7.797136343311444,456.7816799730087,conditional_source_only_not_network_or_full_range_validated,8.207511940327835,2241.682024360638,False
0.75,S2a,0.8207511940327824,15.594272686622888,455.5834117657823,conditional_source_only_not_network_or_full_range_validated,16.41502388065567,2241.682024360638,False
0.75,S2a,1.2311267910491737,23.391409029934334,454.3944604569108,conditional_source_only_not_network_or_full_range_validated,24.622535820983508,2241.682024360638,False
0.75,S2a,1.6415023880655648,31.188545373245777,453.2148260463942,conditional_source_only_not_network_or_full_range_validated,32.83004776131134,2241.682024360638,False
0.75,S2a,2.051877985081956,38.98568171655722,452.0445085342325,conditional_source_only_not_network_or_full_range_validated,41.037559701639175,2241.6820243606385,False
0.75,S2a,2.4622535820983478,46.78281805986867,450.8835079204257,conditional_source_only_not_network_or_full_range_validated,49.245071641967016,2241.682024360638,False
0.75,S2a,2.8726291791147385,54.57995440318011,449.7318242049739,conditional_source_only_not_network_or_full_range_validated,57.45258358229485,2241.682024360638,False
0.75,S2a,3.2830047761311296,62.377090746491554,448.5894573878769,conditional_source_only_not_network_or_full_range_validated,65.66009552262268,2241.682024360638,False
0.75,S2a,3.6933803731475208,70.174227089803,447.4564074691349,conditional_source_only_not_network_or_full_range_validated,73.86760746295052,2241.682024360638,False
0.75,S2a,4.103755970163912,77.97136343311443,446.33267444874775,conditional_source_only_not_network_or_full_range_validated,82.07511940327835,2241.6820243606385,False
0.75,S2a,4.514131567180304,85.7684997764259,445.2182583267156,conditional_source_only_not_network_or_full_range_validated,90.2826313436062,2241.682024360638,False
0.75,S2a,4.924507164196695,93.56563611973732,444.11315910303824,conditional_source_only_not_network_or_full_range_validated,98.49014328393402,2241.682024360638,False
0.75,S2a,5.334882761213086,101.36277246304878,443.0173767777158,conditional_source_only_not_network_or_full_range_validated,106.69765522426187,2241.682024360638,False
0.75,S2a,5.745258358229477,109.15990880636022,441.9309113507483,conditional_source_only_not_network_or_full_range_validated,114.9051671645897,2241.682024360638,False
0.75,S2a,6.155633955245868,116.95704514967166,440.85376282213576,conditional_source_only_not_network_or_full_range_validated,123.11267910491753,2241.682024360638,False
0.75,S2a,6.566009552262259,124.75418149298312,439.78593119187815,conditional_source_only_not_network_or_full_range_validated,131.3201910452454,2241.682024360638,False
0.75,S2a,6.97638514927865,132.55131783629454,438.72741645997536,conditional_source_only_not_network_or_full_range_validated,139.5277029855732,2241.6820243606385,False
0.75,S2a,7.3867607462950415,140.348454179606,437.6782186264275,conditional_source_only_not_network_or_full_range_validated,147.73521492590103,2241.682024360638,False
0.75,S2a,7.797136343311433,148.14559052291744,436.63833769123454,conditional_source_only_not_network_or_full_range_validated,155.94272686622887,2241.6820243606376,False
0.75,S2a,8.207511940327825,155.94272686622887,435.60777365439657,conditional_source_only_not_network_or_full_range_validated,164.1502388065567,2241.6820243606385,False
0.75,S2a,8.617887537344215,163.73986320954032,434.5865265159135,conditional_source_only_not_network_or_full_range_validated,172.35775074688453,2241.682024360638,False
0.75,S2a,9.028263134360609,171.5369995528518,433.57459627578527,conditional_source_only_not_network_or_full_range_validated,180.5652626872124,2241.682024360638,False
0.75,S2a,9.438638731377,179.33413589616322,432.571982934012,conditional_source_only_not_network_or_full_range_validated,188.77277462754023,2241.6820243606385,False
0.75,S2a,9.84901432839339,187.13127223947467,431.5786864905936,conditional_source_only_not_network_or_full_range_validated,196.98028656786806,2241.682024360638,False
0.75,S2a,10.25938992540978,194.9284085827861,430.59470694553016,conditional_source_only_not_network_or_full_range_validated,205.18779850819587,2241.682024360638,False
0.75,S2a,10.669765522426172,202.7255449260976,429.6200442988216,conditional_source_only_not_network_or_full_range_validated,213.39531044852376,2241.682024360638,False
0.75,S2a,11.080141119442564,210.522681269409,428.654698550468,conditional_source_only_not_network_or_full_range_validated,221.60282238885156,2241.682024360638,False
0.75,S2a,11.490516716458954,218.31981761272044,427.6986697004692,conditional_source_only_not_network_or_full_range_validated,229.8103343291794,2241.682024360638,False
0.75,S2a,11.900892313475346,226.1169539560319,426.7519577488254,conditional_source_only_not_network_or_full_range_validated,238.01784626950723,2241.6820243606376,False
0.75,S2a,12.311267910491736,233.9140902993433,425.8145626955365,conditional_source_only_not_network_or_full_range_validated,246.225358209835,2241.682024360638,False
0.75,S2a,12.721643507508128,241.7112266426548,424.8864845406025,conditional_source_only_not_network_or_full_range_validated,254.43287015016293,2241.682024360638,False
0.75,S2a,13.132019104524518,249.50836298596624,423.96772328402346,conditional_source_only_not_network_or_full_range_validated,262.6403820904908,2241.682024360638,False
0.75,S2a,13.54239470154091,257.30549932927767,423.0582789257993,conditional_source_only_not_network_or_full_range_validated,270.84789403081857,2241.6820243606376,False
0.75,S2a,13.9527702985573,265.1026356725891,422.15815146593,conditional_source_only_not_network_or_full_range_validated,279.0554059711464,2241.6820243606385,False
0.75,S2a,14.363145895573693,272.89977201590057,421.2673409044157,conditional_source_only_not_network_or_full_range_validated,287.26291791147423,2241.682024360638,False
0.75,S2a,14.773521492590085,280.696908359212,420.3858472412562,conditional_source_only_not_network_or_full_range_validated,295.47042985180207,2241.682024360638,False
0.75,S2a,15.183897089606477,288.4940447025234,419.5136704764517,conditional_source_only_not_network_or_full_range_validated,303.6779417921299,2241.682024360638,False
0.75,S2a,15.594272686622864,296.2911810458349,418.6508106100021,conditional_source_only_not_network_or_full_range_validated,311.88545373245773,2241.6820243606376,False
0.75,S2a,16.004648283639256,304.0883173891463,417.79726764190735,conditional_source_only_not_network_or_full_range_validated,320.09296567278557,2241.682024360638,False
0.75,S2a,16.41502388065565,311.88545373245773,416.95304157216754,conditional_source_only_not_network_or_full_range_validated,328.3004776131134,2241.6820243606385,False
0.75,S2a,0.2047444726269346,7.985034432450481,456.8070818251306,conditional_source_only_not_network_or_full_range_validated,8.189778905077416,2238.111146689891,False
0.75,S2a,0.4094889452538693,15.970068864900965,455.6346341113459,conditional_source_only_not_network_or_full_range_validated,16.379557810154832,2238.1111466898906,False
0.75,S2a,0.6142334178808041,23.95510329735145,454.471921937236,conditional_source_only_not_network_or_full_range_validated,24.569336715232254,2238.111146689891,False
0.75,S2a,0.8189778905077387,31.94013772980193,453.3189453028008,conditional_source_only_not_network_or_full_range_validated,32.759115620309665,2238.1111466898906,False
0.75,S2a,1.0237223631346732,39.9251721622524,452.1757042080405,conditional_source_only_not_network_or_full_range_validated,40.948894525387075,2238.111146689891,False
0.75,S2a,1.2284668357616082,47.91020659470289,451.0421986529551,conditional_source_only_not_network_or_full_range_validated,49.1386734304645,2238.1111466898906,False
0.75,S2a,1.4332113083885427,55.89524102715337,449.91842863754425,conditional_source_only_not_network_or_full_range_validated,57.32845233554191,2238.1111466898906,False
0.75,S2a,1.6379557810154777,63.88027545960385,448.8043941618084,conditional_source_only_not_network_or_full_range_validated,65.51823124061933,2238.111146689891,False
0.75,S2a,1.842700253642412,71.86530989205433,447.7000952257473,conditional_source_only_not_network_or_full_range_validated,73.70801014569673,2238.111146689891,False
0.75,S2a,2.0474447262693465,79.8503443245048,446.60553182936087,conditional_source_only_not_network_or_full_range_validated,81.89778905077415,2238.111146689891,False
0.75,S2a,2.252189198896281,87.8353787569553,445.5207039726493,conditional_source_only_not_network_or_full_range_validated,90.08756795585157,2238.1111466898906,False
0.75,S2a,2.4569336715232164,95.82041318940578,444.4456116556125,conditional_source_only_not_network_or_full_range_validated,98.277346860929,2238.1111466898906,False
0.75,S2a,2.6616781441501507,103.80544762185626,443.3802548782506,conditional_source_only_not_network_or_full_range_validated,106.4671257660064,2238.1111466898906,False
0.75,S2a,2.866422616777085,111.79048205430674,442.3246336405634,conditional_source_only_not_network_or_full_range_validated,114.65690467108382,2238.1111466898906,False
0.75,S2a,3.07116708940402,119.7755164867572,441.2787479425511,conditional_source_only_not_network_or_full_range_validated,122.84668357616121,2238.1111466898906,False
0.75,S2a,3.275911562030955,127.7605509192077,440.24259778421344,conditional_source_only_not_network_or_full_range_validated,131.03646248123866,2238.111146689891,False
0.75,S2a,3.4806560346578896,135.74558535165818,439.21618316555066,conditional_source_only_not_network_or_full_range_validated,139.22624138631608,2238.111146689891,False
0.75,S2a,3.685400507284824,143.73061978410863,438.1995040865627,conditional_source_only_not_network_or_full_range_validated,147.41602029139344,2238.1111466898906,False
0.75,S2a,3.8901449799117582,151.71565421655913,437.1925605472495,conditional_source_only_not_network_or_full_range_validated,155.60579919647088,2238.1111466898906,False
0.75,S2a,4.094889452538693,159.7006886490096,436.19535254761104,conditional_source_only_not_network_or_full_range_validated,163.7955781015483,2238.111146689891,False
0.75,S2a,4.299633925165628,167.68572308146008,435.2078800876475,conditional_source_only_not_network_or_full_range_validated,171.98535700662572,2238.111146689891,False
0.75,S2a,4.504378397792562,175.6707575139106,434.2301431673587,conditional_source_only_not_network_or_full_range_validated,180.17513591170314,2238.1111466898906,False
0.75,S2a,4.709122870419497,183.65579194636103,433.2621417867446,conditional_source_only_not_network_or_full_range_validated,188.36491481678053,2238.1111466898906,False
0.75,S2a,4.913867343046433,191.6408263788116,432.3038759458054,conditional_source_only_not_network_or_full_range_validated,196.55469372185803,2238.111146689891,False
0.75,S2a,5.118611815673366,199.625860811262,431.3553456445409,conditional_source_only_not_network_or_full_range_validated,204.74447262693536,2238.111146689891,False
0.75,S2a,5.323356288300301,207.6108952437125,430.4165508829513,conditional_source_only_not_network_or_full_range_validated,212.93425153201278,2238.1111466898906,False
0.75,S2a,5.528100760927236,215.595929676163,429.4874916610365,conditional_source_only_not_network_or_full_range_validated,221.12403043709023,2238.1111466898906,False
0.75,S2a,5.732845233554171,223.58096410861347,428.5681679787964,conditional_source_only_not_network_or_full_range_validated,229.31380934216764,2238.1111466898906,False
0.75,S2a,5.937589706181106,231.56599854106395,427.6585798362311,conditional_source_only_not_network_or_full_range_validated,237.50358824724506,2238.1111466898906,False
0.75,S2a,6.14233417880804,239.5510329735144,426.7587272333407,conditional_source_only_not_network_or_full_range_validated,245.69336715232242,2238.1111466898906,False
0.75,S2a,6.347078651434974,247.5360674059649,425.868610170125,conditional_source_only_not_network_or_full_range_validated,253.88314605739987,2238.1111466898906,False
0.75,S2a,6.55182312406191,255.5211018384154,424.9882286465841,conditional_source_only_not_network_or_full_range_validated,262.0729249624773,2238.111146689891,False
0.75,S2a,6.756567596688844,263.50613627086585,424.117582662718,conditional_source_only_not_network_or_full_range_validated,270.2627038675547,2238.111146689891,False
0.75,S2a,6.961312069315779,271.4911707033164,423.2566722185267,conditional_source_only_not_network_or_full_range_validated,278.4524827726322,2238.111146689891,False
0.75,S2a,7.166056541942713,279.4762051357668,422.40549731401023,conditional_source_only_not_network_or_full_range_validated,286.64226167770954,2238.1111466898906,False
0.75,S2a,7.370801014569647,287.4612395682173,421.56405794916856,conditional_source_only_not_network_or_full_range_validated,294.83204058278693,2238.111146689891,False
0.75,S2a,7.575545487196583,295.4462740006678,420.7323541240016,conditional_source_only_not_network_or_full_range_validated,303.0218194878644,2238.1111466898906,False
0.75,S2a,7.7802899598235165,303.43130843311826,419.9103858385095,conditional_source_only_not_network_or_full_range_validated,311.21159839294177,2238.1111466898906,False
0.75,S2a,7.985034432450452,311.4163428655688,419.0981530926922,conditional_source_only_not_network_or_full_range_validated,319.40137729801927,2238.1111466898906,False
0.75,S2a,8.189778905077386,319.4013772980192,418.2956558865496,conditional_source_only_not_network_or_full_range_validated,327.5911562030966,2238.111146689891,False
0.75,S2a,0.0,8.172122332118425,456.8323878730694,conditional_source_only_not_network_or_full_range_validated,8.172122332118425,2234.5516273541693,False
0.75,S2a,0.0,16.34424466423685,455.6856904933048,conditional_source_only_not_network_or_full_range_validated,16.34424466423685,2234.5516273541693,False
0.75,S2a,0.0,24.51636699635528,454.54917293929634,conditional_source_only_not_network_or_full_range_validated,24.51636699635528,2234.5516273541693,False
0.75,S2a,0.0,32.6884893284737,453.4228352110439,conditional_source_only_not_network_or_full_range_validated,32.6884893284737,2234.5516273541693,False
0.75,S2a,0.0,40.86061166059212,452.3066773085474,conditional_source_only_not_network_or_full_range_validated,40.86061166059212,2234.551627354169,False
0.75,S2a,0.0,49.03273399271056,451.2006992318072,conditional_source_only_not_network_or_full_range_validated,49.03273399271056,2234.5516273541693,False
0.75,S2a,0.0,57.204856324828974,450.1049009808228,conditional_source_only_not_network_or_full_range_validated,57.204856324828974,2234.5516273541693,False
0.75,S2a,0.0,65.3769786569474,449.01928255559454,conditional_source_only_not_network_or_full_range_validated,65.3769786569474,2234.5516273541693,False
0.75,S2a,0.0,73.54910098906582,447.9438439561224,conditional_source_only_not_network_or_full_range_validated,73.54910098906582,2234.5516273541693,False
0.75,S2a,0.0,81.72122332118424,446.8785851824062,conditional_source_only_not_network_or_full_range_validated,81.72122332118424,2234.551627354169,False
0.75,S2a,0.0,89.89334565330267,445.8235062344461,conditional_source_only_not_network_or_full_range_validated,89.89334565330267,2234.5516273541693,False
0.75,S2a,0.0,98.06546798542112,444.778607112242,conditional_source_only_not_network_or_full_range_validated,98.06546798542112,2234.5516273541693,False
0.75,S2a,0.0,106.23759031753951,443.7438878157941,conditional_source_only_not_network_or_full_range_validated,106.23759031753951,2234.551627354169,False
0.75,S2a,0.0,114.40971264965796,442.7193483451021,conditional_source_only_not_network_or_full_range_validated,114.40971264965796,2234.5516273541693,False
0.75,S2a,0.0,122.58183498177635,441.70498870016615,conditional_source_only_not_network_or_full_range_validated,122.58183498177635,2234.5516273541693,False
0.75,S2a,0.0,130.7539573138948,440.7008088809864,conditional_source_only_not_network_or_full_range_validated,130.7539573138948,2234.5516273541693,False
0.75,S2a,0.0,138.92607964601322,439.70680888756254,conditional_source_only_not_network_or_full_range_validated,138.92607964601322,2234.551627354169,False
0.75,S2a,0.0,147.09820197813164,438.7229887198948,conditional_source_only_not_network_or_full_range_validated,147.09820197813164,2234.5516273541693,False
0.75,S2a,0.0,155.27032431025006,437.7493483779831,conditional_source_only_not_network_or_full_range_validated,155.27032431025006,2234.5516273541693,False
0.75,S2a,0.0,163.44244664236848,436.78588786182746,conditional_source_only_not_network_or_full_range_validated,163.44244664236848,2234.551627354169,False
0.75,S2a,0.0,171.6145689744869,435.8326071714279,conditional_source_only_not_network_or_full_range_validated,171.6145689744869,2234.5516273541693,False
0.75,S2a,0.0,179.78669130660535,434.8895063067843,conditional_source_only_not_network_or_full_range_validated,179.78669130660535,2234.5516273541693,False
0.75,S2a,0.0,187.95881363872377,433.95658526789686,conditional_source_only_not_network_or_full_range_validated,187.95881363872377,2234.5516273541693,False
0.75,S2a,0.0,196.13093597084224,433.0338440547654,conditional_source_only_not_network_or_full_range_validated,196.13093597084224,2234.5516273541693,False
0.75,S2a,0.0,204.3030583029606,432.12128266739,conditional_source_only_not_network_or_full_range_validated,204.3030583029606,2234.5516273541693,False
0.75,S2a,0.0,212.47518063507903,431.2189011057706,conditional_source_only_not_network_or_full_range_validated,212.47518063507903,2234.551627354169,False
0.75,S2a,0.0,220.64730296719748,430.3266993699074,conditional_source_only_not_network_or_full_range_validated,220.64730296719748,2234.5516273541693,False
0.75,S2a,0.0,228.8194252993159,429.4446774598002,conditional_source_only_not_network_or_full_range_validated,228.8194252993159,2234.5516273541693,False
0.75,S2a,0.0,236.99154763143432,428.572835375449,conditional_source_only_not_network_or_full_range_validated,236.99154763143432,2234.551627354169,False
0.75,S2a,0.0,245.1636699635527,427.7111731168539,conditional_source_only_not_network_or_full_range_validated,245.1636699635527,2234.5516273541693,False
0.75,S2a,0.0,253.33579229567115,426.8596906840148,conditional_source_only_not_network_or_full_range_validated,253.33579229567115,2234.5516273541693,False
0.75,S2a,0.0,261.5079146277896,426.0183880769318,conditional_source_only_not_network_or_full_range_validated,261.5079146277896,2234.5516273541693,False
0.75,S2a,0.0,269.680036959908,425.1872652956049,conditional_source_only_not_network_or_full_range_validated,269.680036959908,2234.5516273541693,False
0.75,S2a,0.0,277.85215929202644,424.3663223400339,conditional_source_only_not_network_or_full_range_validated,277.85215929202644,2234.551627354169,False
0.75,S2a,0.0,286.02428162414486,423.55555921021903,conditional_source_only_not_network_or_full_range_validated,286.02428162414486,2234.5516273541693,False
0.75,S2a,0.0,294.1964039562633,422.7549759061602,conditional_source_only_not_network_or_full_range_validated,294.1964039562633,2234.5516273541693,False
0.75,S2a,0.0,302.3685262883817,421.96457242785743,conditional_source_only_not_network_or_full_range_validated,302.3685262883817,2234.5516273541693,False
0.75,S2a,0.0,310.5406486205001,421.1843487753108,conditional_source_only_not_network_or_full_range_validated,310.5406486205001,2234.5516273541693,False
0.75,S2a,0.0,318.71277095261854,420.4143049485201,conditional_source_only_not_network_or_full_range_validated,318.71277095261854,2234.5516273541693,False
0.75,S2a,0.0,326.88489328473696,419.6544409474855,conditional_source_only_not_network_or_full_range_validated,326.88489328473696,2234.551627354169,False
1.0,S2a,0.0,0.0,620.5816446940104,conditional_source_only_not_network_or_full_range_validated,0.0,2386.3637082538426,False
1.0,S2a,13.663011602591771,0.0,617.1009578296548,conditional_source_only_not_network_or_full_range_validated,13.663011602591771,2386.3637082538426,False
1.0,S2a,27.326023205183542,0.0,613.6468960122772,conditional_source_only_not_network_or_full_range_validated,27.326023205183542,2386.3637082538426,False
1.0,S2a,40.98903480777532,0.0,610.2194592418774,conditional_source_only_not_network_or_full_range_validated,40.98903480777532,2386.363708253843,False
1.0,S2a,54.65204641036709,0.0,606.8186475184556,conditional_source_only_not_network_or_full_range_validated,54.65204641036709,2386.363708253842,False
1.0,S2a,68.31505801295886,0.0,603.4444608420117,conditional_source_only_not_network_or_full_range_validated,68.31505801295886,2386.363708253843,False
1.0,S2a,81.97806961555064,0.0,600.0968992125455,conditional_source_only_not_network_or_full_range_validated,81.97806961555064,2386.363708253843,False
1.0,S2a,95.6410812181424,0.0,596.7759626300574,conditional_source_only_not_network_or_full_range_validated,95.6410812181424,2386.363708253842,False
1.0,S2a,109.30409282073418,0.0,593.4816510945473,conditional_source_only_not_network_or_full_range_validated,109.30409282073418,2386.363708253842,False
1.0,S2a,122.96710442332596,0.0,590.2139646060149,conditional_source_only_not_network_or_full_range_validated,122.96710442332596,2386.3637082538426,False
1.0,S2a,136.63011602591772,0.0,586.9729031644605,conditional_source_only_not_network_or_full_range_validated,136.63011602591772,2386.363708253843,False
1.0,S2a,150.2931276285095,0.0,583.758466769884,conditional_source_only_not_network_or_full_range_validated,150.2931276285095,2386.3637082538426,False
1.0,S2a,163.95613923110128,0.0,580.5706554222854,conditional_source_only_not_network_or_full_range_validated,163.95613923110128,2386.363708253843,False
1.0,S2a,177.61915083369303,0.0,577.4094691216648,conditional_source_only_not_network_or_full_range_validated,177.61915083369303,2386.363708253842,False
1.0,S2a,191.2821624362848,0.0,574.274907868022,conditional_source_only_not_network_or_full_range_validated,191.2821624362848,2386.363708253842,False
1.0,S2a,204.9451740388766,0.0,571.166971661357,conditional_source_only_not_network_or_full_range_validated,204.9451740388766,2386.3637082538426,False
1.0,S2a,218.6081856414684,0.0,568.0856605016701,conditional_source_only_not_network_or_full_range_validated,218.6081856414684,2386.363708253842,False
1.0,S2a,232.27119724406012,0.0,565.0309743889609,conditional_source_only_not_network_or_full_range_validated,232.27119724406012,2386.363708253842,False
1.0,S2a,245.9342088466519,0.0,562.0029133232297,conditional_source_only_not_network_or_full_range_validated,245.9342088466519,2386.3637082538426,False
1.0,S2a,259.59722044924365,0.0,559.0014773044765,conditional_source_only_not_network_or_full_range_validated,259.59722044924365,2386.3637082538426,False
1.0,S2a,273.26023205183543,0.0,556.0266663327011,conditional_source_only_not_network_or_full_range_validated,273.26023205183543,2386.363708253843,False
1.0,S2a,286.9232436544272,0.0,553.0784804079036,conditional_source_only_not_network_or_full_range_validated,286.9232436544272,2386.3637082538426,False
1.0,S2a,300.586255257019,0.0,550.1569195300841,conditional_source_only_not_network_or_full_range_validated,300.586255257019,2386.3637082538426,False
1.0,S2a,314.2492668596108,0.0,547.2619836992425,conditional_source_only_not_network_or_full_range_validated,314.2492668596108,2386.3637082538426,False
1.0,S2a,327.9122784622025,0.0,544.3936729153787,conditional_source_only_not_network_or_full_range_validated,327.9122784622025,2386.3637082538426,False
1.0,S2a,341.5752900647943,0.0,541.5519871784928,conditional_source_only_not_network_or_full_range_validated,341.5752900647943,2386.3637082538426,False
1.0,S2a,355.23830166738605,0.0,538.7369264885849,conditional_source_only_not_network_or_full_range_validated,355.23830166738605,2386.363708253842,False
1.0,S2a,368.9013132699778,0.0,535.9484908456549,conditional_source_only_not_network_or_full_range_validated,368.9013132699778,2386.363708253842,True
1.0,S2a,382.5643248725696,0.0,533.1866802497026,conditional_source_only_not_network_or_full_range_validated,382.5643248725696,2386.363708253842,True
1.0,S2a,396.2273364751615,0.0,530.4514947007284,conditional_source_only_not_network_or_full_range_validated,396.2273364751615,2386.363708253842,True
1.0,S2a,409.8903480777532,0.0,527.7429341987321,conditional_source_only_not_network_or_full_range_validated,409.8903480777532,2386.3637082538426,True
1.0,S2a,423.55335968034495,0.0,525.0609987437136,conditional_source_only_not_network_or_full_range_validated,423.55335968034495,2386.363708253842,True
1.0,S2a,437.21637128293673,0.0,522.4056883356732,conditional_source_only_not_network_or_full_range_validated,437.21637128293673,2386.363708253842,False
1.0,S2a,450.8793828855285,0.0,519.7770029746106,conditional_source_only_not_network_or_full_range_validated,450.8793828855285,2386.3637082538426,False
1.0,S2a,464.5423944881203,0.0,517.1749426605259,conditional_source_only_not_network_or_full_range_validated,464.5423944881203,2386.3637082538426,False
1.0,S2a,478.205406090712,0.0,514.599507393419,conditional_source_only_not_network_or_full_range_validated,478.205406090712,2386.363708253842,False
1.0,S2a,491.8684176933038,0.0,512.0506971732901,conditional_source_only_not_network_or_full_range_validated,491.8684176933038,2386.3637082538426,False
1.0,S2a,505.5314292958956,0.0,509.5285120001392,conditional_source_only_not_network_or_full_range_validated,505.5314292958956,2386.3637082538426,False
1.0,S2a,519.1944408984873,0.0,507.03295187396606,conditional_source_only_not_network_or_full_range_validated,519.1944408984873,2386.3637082538426,False
1.0,S2a,532.8574525010791,0.0,504.5640167947709,conditional_source_only_not_network_or_full_range_validated,532.8574525010791,2386.3637082538426,False
1.0,S2a,546.5204641036709,0.0,502.1217067625536,conditional_source_only_not_network_or_full_range_validated,546.5204641036709,2386.363708253843,False
1.0,S2a,13.383066756309752,0.3431555578540962,617.1226410788373,conditional_source_only_not_network_or_full_range_validated,13.726222314163849,2382.3174315621145,False
1.0,S2a,26.766133512619504,0.6863111157081925,613.6890173744705,conditional_source_only_not_network_or_full_range_validated,27.452444628327697,2382.3174315621145,False
1.0,S2a,40.14920026892926,1.0294666735622888,610.2807735809098,conditional_source_only_not_network_or_full_range_validated,41.17866694249155,2382.317431562115,False
1.0,S2a,53.53226702523901,1.372622231416385,606.8979096981553,conditional_source_only_not_network_or_full_range_validated,54.904889256655395,2382.3174315621145,False
1.0,S2a,66.91533378154877,1.715777789270481,603.540425726207,conditional_source_only_not_network_or_full_range_validated,68.63111157081924,2382.3174315621145,False
1.0,S2a,80.29840053785853,2.0589333471245777,600.2083216650649,conditional_source_only_not_network_or_full_range_validated,82.3573338849831,2382.317431562115,False
1.0,S2a,93.68146729416829,2.402088904978674,596.901597514729,conditional_source_only_not_network_or_full_range_validated,96.08355619914695,2382.317431562115,False
1.0,S2a,107.06453405047802,2.74524446283277,593.6202532751992,conditional_source_only_not_network_or_full_range_validated,109.80977851331079,2382.3174315621145,False
1.0,S2a,120.44760080678778,3.088400020686866,590.3642889464757,conditional_source_only_not_network_or_full_range_validated,123.53600082747464,2382.317431562115,False
1.0,S2a,133.8306675630975,3.431555578540962,587.1337045285584,conditional_source_only_not_network_or_full_range_validated,137.26222314163846,2382.3174315621145,False
1.0,S2a,147.21373431940728,3.7747111363950583,583.9285000214471,conditional_source_only_not_network_or_full_range_validated,150.98844545580235,2382.317431562115,False
1.0,S2a,160.59680107571705,4.117866694249155,580.7486754251421,conditional_source_only_not_network_or_full_range_validated,164.7146677699662,2382.317431562115,False
1.0,S2a,173.9798678320268,4.461022252103251,577.5942307396432,conditional_source_only_not_network_or_full_range_validated,178.44089008413005,2382.3174315621145,False
1.0,S2a,187.36293458833651,4.804177809957348,574.4651659649505,conditional_source_only_not_network_or_full_range_validated,192.16711239829385,2382.3174315621145,False
1.0,S2a,200.74600134464623,5.147333367811443,571.3614811010641,conditional_source_only_not_network_or_full_range_validated,205.8933347124577,2382.317431562115,False
1.0,S2a,214.12906810095603,5.49048892566554,568.2831761479838,conditional_source_only_not_network_or_full_range_validated,219.61955702662158,2382.3174315621145,False
1.0,S2a,227.5121348572658,5.833644483519636,565.2302511057096,conditional_source_only_not_network_or_full_range_validated,233.34577934078544,2382.3174315621145,False
1.0,S2a,240.89520161357555,6.176800041373732,562.2027059742417,conditional_source_only_not_network_or_full_range_validated,247.07200165494928,2382.317431562115,False
1.0,S2a,254.27826836988527,6.5199555992278295,559.20054075358,conditional_source_only_not_network_or_full_range_validated,260.7982239691131,2382.317431562115,False
1.0,S2a,267.66133512619507,6.863111157081924,556.2237554437244,conditional_source_only_not_network_or_full_range_validated,274.524446283277,2382.3174315621145,False
1.0,S2a,281.0444018825048,7.206266714936021,553.2723500446749,conditional_source_only_not_network_or_full_range_validated,288.25066859744084,2382.317431562115,False
1.0,S2a,294.42746863881456,7.549422272790117,550.3463245564318,conditional_source_only_not_network_or_full_range_validated,301.9768909116047,2382.317431562115,False
1.0,S2a,307.8105353951244,7.892577830644214,547.4456789789947,conditional_source_only_not_network_or_full_range_validated,315.7031132257686,2382.3174315621145,False
1.0,S2a,321.1936021514341,8.23573338849831,544.5704133123638,conditional_source_only_not_network_or_full_range_validated,329.4293355399324,2382.317431562115,False
1.0,S2a,334.5766689077438,8.578888946352405,541.7205275565392,conditional_source_only_not_network_or_full_range_validated,343.1555578540962,2382.317431562115,False
1.0,S2a,347.9597356640536,8.922044504206502,538.8960217115207,conditional_source_only_not_network_or_full_range_validated,356.8817801682601,2382.3174315621145,False
1.0,S2a,361.34280242036334,9.2652000620606,536.0968957773084,conditional_source_only_not_network_or_full_range_validated,370.60800248242396,2382.317431562115,True
1.0,S2a,374.7258691766731,9.608355619914697,533.3231497539023,conditional_source_only_not_network_or_full_range_validated,384.33422479658776,2382.317431562115,True
1.0,S2a,388.1089359329829,9.951511177768792,530.5747836413024,conditional_source_only_not_network_or_full_range_validated,398.0604471107517,2382.3174315621145,True
1.0,S2a,401.4920026892925,10.294666735622886,527.8517974395087,conditional_source_only_not_network_or_full_range_validated,411.78666942491543,2382.3174315621154,True
1.0,S2a,414.8750694456023,10.637822293476985,525.154191148521,conditional_source_only_not_network_or_full_range_validated,425.5128917390793,2382.317431562115,True
1.0,S2a,428.25813620191207,10.98097785133108,522.4819647683396,conditional_source_only_not_network_or_full_range_validated,439.23911405324316,2382.3174315621145,False
1.0,S2a,441.6412029582218,11.324133409185176,519.8351182989644,conditional_source_only_not_network_or_full_range_validated,452.96533636740696,2382.3174315621145,False
1.0,S2a,455.0242697145316,11.667288967039273,517.2136517403953,conditional_source_only_not_network_or_full_range_validated,466.6915586815709,2382.3174315621145,False
1.0,S2a,468.4073364708413,12.010444524893368,514.6175650926325,conditional_source_only_not_network_or_full_range_validated,480.4177809957347,2382.317431562115,False
1.0,S2a,481.7904032271511,12.353600082747464,512.0468583556758,conditional_source_only_not_network_or_full_range_validated,494.14400330989855,2382.317431562115,False
1.0,S2a,495.1734699834609,12.69675564060156,509.5015315295253,conditional_source_only_not_network_or_full_range_validated,507.87022562406247,2382.317431562115,False
1.0,S2a,508.55653673977065,13.03991119845566,506.981584614181,conditional_source_only_not_network_or_full_range_validated,521.5964479382263,2382.317431562115,False
1.0,S2a,521.9396034960804,13.383066756309754,504.4870176096429,conditional_source_only_not_network_or_full_range_validated,535.3226702523901,2382.3174315621145,False
1.0,S2a,535.3226702523901,13.726222314163849,502.0178305159109,conditional_source_only_not_network_or_full_range_validated,549.048892566554,2382.3174315621145,False
1.0,S2a,13.00593334919038,0.6845228078521253,617.1692815626266,conditional_source_only_not_network_or_full_range_validated,13.690456157042506,2378.2848532360813,False
1.0,S2a,26.01186669838076,1.3690456157042503,613.7807465499477,conditional_source_only_not_network_or_full_range_validated,27.380912314085013,2378.2848532360813,False
1.0,S2a,39.01780004757114,2.053568423556376,610.4160396559737,conditional_source_only_not_network_or_full_range_validated,41.07136847112752,2378.2848532360813,False
1.0,S2a,52.02373339676152,2.738091231408501,607.0751608807046,conditional_source_only_not_network_or_full_range_validated,54.761824628170025,2378.2848532360813,False
1.0,S2a,65.0296667459519,3.422614039260626,603.7581102241404,conditional_source_only_not_network_or_full_range_validated,68.45228078521252,2378.284853236081,False
1.0,S2a,78.03560009514229,4.107136847112752,600.4648876862811,conditional_source_only_not_network_or_full_range_validated,82.14273694225504,2378.2848532360813,False
1.0,S2a,91.04153344433269,4.791659654964877,597.1954932671267,conditional_source_only_not_network_or_full_range_validated,95.83319309929756,2378.284853236081,False
1.0,S2a,104.04746679352304,5.476182462817002,593.9499269666773,conditional_source_only_not_network_or_full_range_validated,109.52364925634005,2378.2848532360813,False
1.0,S2a,117.0534001427134,6.160705270669127,590.7281887849327,conditional_source_only_not_network_or_full_range_validated,123.21410541338253,2378.284853236081,False
1.0,S2a,130.0593334919038,6.845228078521252,587.5302787218931,conditional_source_only_not_network_or_full_range_validated,136.90456157042505,2378.284853236081,False
1.0,S2a,143.06526684109417,7.529750886373378,584.3561967775582,conditional_source_only_not_network_or_full_range_validated,150.59501772746756,2378.2848532360813,False
1.0,S2a,156.07120019028457,8.214273694225504,581.2059429519285,conditional_source_only_not_network_or_full_range_validated,164.28547388451008,2378.2848532360813,False
1.0,S2a,169.07713353947494,8.898796502077628,578.0795172450033,conditional_source_only_not_network_or_full_range_validated,177.97593004155257,2378.2848532360813,False
1.0,S2a,182.08306688866531,9.583319309929754,574.9769196567833,conditional_source_only_not_network_or_full_range_validated,191.66638619859506,2378.284853236081,False
1.0,S2a,195.08900023785569,10.26784211778188,571.8981501872681,conditional_source_only_not_network_or_full_range_validated,205.35684235563755,2378.284853236081,False
1.0,S2a,208.09493358704609,10.952364925634004,568.843208836458,conditional_source_only_not_network_or_full_range_validated,219.0472985126801,2378.2848532360813,False
1.0,S2a,221.10086693623649,11.63688773348613,565.8120956043525,conditional_source_only_not_network_or_full_range_validated,232.73775466972262,2378.284853236081,False
1.0,S2a,234.10680028542683,12.321410541338254,562.8048104909521,conditional_source_only_not_network_or_full_range_validated,246.42821082676508,2378.284853236081,False
1.0,S2a,247.1127336346172,13.00593334919038,559.8213534962566,conditional_source_only_not_network_or_full_range_validated,260.1186669838076,2378.2848532360813,False
1.0,S2a,260.1186669838076,13.690456157042505,556.8617246202659,conditional_source_only_not_network_or_full_range_validated,273.8091231408501,2378.284853236081,False
1.0,S2a,273.12460033299794,14.37497896489463,553.9259238629802,conditional_source_only_not_network_or_full_range_validated,287.4995792978926,2378.2848532360813,False
1.0,S2a,286.13053368218834,15.059501772746756,551.0139512243993,conditional_source_only_not_network_or_full_range_validated,301.1900354549351,2378.2848532360813,False
1.0,S2a,299.13646703137874,15.744024580598882,548.1258067045234,conditional_source_only_not_network_or_full_range_validated,314.8804916119776,2378.284853236081,False
1.0,S2a,312.14240038056914,16.42854738845101,545.2614903033523,conditional_source_only_not_network_or_full_range_validated,328.57094776902017,2378.2848532360813,False
1.0,S2a,325.14833372975943,17.11307019630313,542.4210020208861,conditional_source_only_not_network_or_full_range_validated,342.26140392606254,2378.284853236081,False
1.0,S2a,338.1542670789499,17.797593004155257,539.604341857125,conditional_source_only_not_network_or_full_range_validated,355.95186008310515,2378.2848532360813,False
1.0,S2a,351.16020042814023,18.482115812007383,536.8115098120686,conditional_source_only_not_network_or_full_range_validated,369.64231624014764,2378.2848532360813,True
1.0,S2a,364.1661337773307,19.16663861985951,534.0425058857172,conditional_source_only_not_network_or_full_range_validated,383.3327723971902,2378.284853236081,True
1.0,S2a,377.172067126521,19.851161427711634,531.2973300780707,conditional_source_only_not_network_or_full_range_validated,397.0232285542326,2378.2848532360813,True
1.0,S2a,390.17800047571137,20.53568423556376,528.5759823891291,conditional_source_only_not_network_or_full_range_validated,410.7136847112751,2378.284853236081,True
1.0,S2a,403.18393382490177,21.220207043415883,525.8784628188922,conditional_source_only_not_network_or_full_range_validated,424.40414086831765,2378.284853236081,True
1.0,S2a,416.1898671740921,21.90472985126801,523.2047713673605,conditional_source_only_not_network_or_full_range_validated,438.09459702536014,2378.284853236081,True
1.0,S2a,429.1958005232825,22.58925265912013,520.5549080345336,conditional_source_only_not_network_or_full_range_validated,451.78505318240263,2378.284853236081,False
1.0,S2a,442.2017338724729,23.27377546697226,517.9288728204115,conditional_source_only_not_network_or_full_range_validated,465.4755093394452,2378.284853236081,False
1.0,S2a,455.20766722166326,23.958298274824383,515.3266657249944,conditional_source_only_not_network_or_full_range_validated,479.1659654964876,2378.284853236081,False
1.0,S2a,468.21360057085366,24.64282108267651,512.7482867482822,conditional_source_only_not_network_or_full_range_validated,492.85642165353016,2378.284853236081,False
1.0,S2a,481.21953392004406,25.32734389052864,510.1937358902749,conditional_source_only_not_network_or_full_range_validated,506.5468778105727,2378.284853236081,False
1.0,S2a,494.2254672692344,26.01186669838076,507.6630131509725,conditional_source_only_not_network_or_full_range_validated,520.2373339676152,2378.2848532360813,False
1.0,S2a,507.2314006184248,26.696389506232887,505.15611853037495,conditional_source_only_not_network_or_full_range_validated,533.9277901246577,2378.284853236081,False
1.0,S2a,520.2373339676152,27.38091231408501,502.6730520284824,conditional_source_only_not_network_or_full_range_validated,547.6182462817002,2378.284853236081,False
1.0,S2a,12.630760212961055,1.0241156929427884,617.2157155994671,conditional_source_only_not_network_or_full_range_validated,13.654875905903843,2374.2659038311094,False
1.0,S2a,25.26152042592211,2.0482313858855767,613.8721428610746,conditional_source_only_not_network_or_full_range_validated,27.309751811807686,2374.2659038311094,False
1.0,S2a,37.892280638883165,3.0723470788283653,610.5509264788332,conditional_source_only_not_network_or_full_range_validated,40.96462771771153,2374.2659038311094,False
1.0,S2a,50.52304085184422,4.0964627717711535,607.2520664527427,conditional_source_only_not_network_or_full_range_validated,54.61950362361537,2374.2659038311094,False
1.0,S2a,63.15380106480527,5.120578464713941,603.9755627828031,conditional_source_only_not_network_or_full_range_validated,68.27437952951921,2374.265903831109,False
1.0,S2a,75.78456127776633,6.144694157656731,600.7214154690145,conditional_source_only_not_network_or_full_range_validated,81.92925543542306,2374.2659038311094,False
1.0,S2a,88.41532149072738,7.168809850599518,597.4896245113769,conditional_source_only_not_network_or_full_range_validated,95.5841313413269,2374.265903831109,False
1.0,S2a,101.04608170368844,8.192925543542307,594.2801899098899,conditional_source_only_not_network_or_full_range_validated,109.23900724723075,2374.2659038311094,False
1.0,S2a,113.6768419166495,9.217041236485096,591.0931116645543,conditional_source_only_not_network_or_full_range_validated,122.8938831531346,2374.2659038311094,False
1.0,S2a,126.30760212961054,10.241156929427882,587.9283897753694,conditional_source_only_not_network_or_full_range_validated,136.54875905903842,2374.265903831109,False
1.0,S2a,138.9383623425716,11.265272622370672,584.7860242423354,conditional_source_only_not_network_or_full_range_validated,150.20363496494227,2374.265903831109,False
1.0,S2a,151.56912255553266,12.28938831531346,581.6660150654526,conditional_source_only_not_network_or_full_range_validated,163.85851087084612,2374.2659038311094,False
1.0,S2a,164.1998827684937,13.313504008256247,578.5683622447204,conditional_source_only_not_network_or_full_range_validated,177.51338677674994,2374.2659038311094,False
1.0,S2a,176.83064298145476,14.337619701199037,575.4930657801394,conditional_source_only_not_network_or_full_range_validated,191.1682626826538,2374.265903831109,False
1.0,S2a,189.46140319441585,15.361735394141824,572.4401256717093,conditional_source_only_not_network_or_full_range_validated,204.82313858855767,2374.2659038311094,False
1.0,S2a,202.0921634073769,16.385851087084614,569.4095419194301,conditional_source_only_not_network_or_full_range_validated,218.4780144944615,2374.2659038311094,False
1.0,S2a,214.72292362033795,17.409966780027403,566.401314523302,conditional_source_only_not_network_or_full_range_validated,232.13289040036534,2374.2659038311094,False
1.0,S2a,227.353683833299,18.43408247297019,563.4154434833247,conditional_source_only_not_network_or_full_range_validated,245.7877663062692,2374.2659038311094,False
1.0,S2a,239.98444404626,19.45819816591297,560.4519287994983,conditional_source_only_not_network_or_full_range_validated,259.442642212173,2374.2659038311094,False
1.0,S2a,252.6152042592211,20.482313858855765,557.5107704718229,conditional_source_only_not_network_or_full_range_validated,273.09751811807683,2374.265903831109,False
1.0,S2a,265.2459644721821,21.506429551798558,554.5919685002985,conditional_source_only_not_network_or_full_range_validated,286.7523940239806,2374.2659038311094,False
1.0,S2a,277.8767246851432,22.530545244741344,551.6955228849249,conditional_source_only_not_network_or_full_range_validated,300.40726992988454,2374.265903831109,False
1.0,S2a,290.5074848981043,23.554660937684133,548.8214336257024,conditional_source_only_not_network_or_full_range_validated,314.06214583578844,2374.2659038311094,False
1.0,S2a,303.1382451110653,24.578776630626923,545.9697007226308,conditional_source_only_not_network_or_full_range_validated,327.71702174169224,2374.2659038311094,False
1.0,S2a,315.76900532402635,25.602892323569705,543.1403241757101,conditional_source_only_not_network_or_full_range_validated,341.37189764759603,2374.265903831109,False
1.0,S2a,328.3997655369874,26.62700801651249,540.3333039849405,conditional_source_only_not_network_or_full_range_validated,355.0267735534999,2374.2659038311094,False
1.0,S2a,341.0305257499485,27.651123709455284,537.5486401503217,conditional_source_only_not_network_or_full_range_validated,368.6816494594038,2374.2659038311094,True
1.0,S2a,353.6612859629095,28.675239402398077,534.7863326718538,conditional_source_only_not_network_or_full_range_validated,382.3365253653076,2374.265903831109,True
1.0,S2a,366.29204617587067,29.699355095340863,532.0463815495369,conditional_source_only_not_network_or_full_range_validated,395.99140127121154,2374.2659038311094,True
1.0,S2a,378.9228063888317,30.72347078828365,529.328786783371,conditional_source_only_not_network_or_full_range_validated,409.64627717711534,2374.2659038311094,True
1.0,S2a,391.5535666017928,31.74758648122644,526.633548373356,conditional_source_only_not_network_or_full_range_validated,423.30115308301924,2374.2659038311094,True
1.0,S2a,404.1843268147538,32.77170217416923,523.960666319492,conditional_source_only_not_network_or_full_range_validated,436.956028988923,2374.2659038311094,True
1.0,S2a,416.81508702771487,33.79581786711202,521.3101406217788,conditional_source_only_not_network_or_full_range_validated,450.6109048948269,2374.2659038311094,False
1.0,S2a,429.4458472406759,34.81993356005481,518.6819712802167,conditional_source_only_not_network_or_full_range_validated,464.2657808007307,2374.2659038311094,False
1.0,S2a,442.0766074536369,35.84404925299759,516.0761582948055,conditional_source_only_not_network_or_full_range_validated,477.9206567066345,2374.2659038311094,False
1.0,S2a,454.707367666598,36.86816494594038,513.4927016655453,conditional_source_only_not_network_or_full_range_validated,491.5755326125384,2374.2659038311094,False
1.0,S2a,467.338127879559,37.89228063888317,510.9316013924359,conditional_source_only_not_network_or_full_range_validated,505.2304085184422,2374.265903831109,False
1.0,S2a,479.9688880925201,38.91639633182595,508.3928574754776,conditional_source_only_not_network_or_full_range_validated,518.8852844243461,2374.2659038311094,False
1.0,S2a,492.5996483054812,39.94051202476875,505.87646991467005,conditional_source_only_not_network_or_full_range_validated,532.5401603302499,2374.2659038311094,False
1.0,S2a,505.2304085184422,40.96462771771153,503.3824387100136,conditional_source_only_not_network_or_full_range_validated,546.1950362361537,2374.265903831109,False
1.0,S2a,12.257532103542175,1.3619480115046865,617.261944515709,conditional_source_only_not_network_or_full_range_validated,13.619480115046862,2370.2605143711808,False
1.0,S2a,24.515064207084357,2.7238960230093725,613.9632077800253,conditional_source_only_not_network_or_full_range_validated,27.23896023009373,2370.2605143711803,False
1.0,S2a,36.772596310626525,4.085844034514059,610.6854344869591,conditional_source_only_not_network_or_full_range_validated,40.858440345140586,2370.2605143711808,False
1.0,S2a,49.03012841416871,5.447792046018745,607.4286246365104,conditional_source_only_not_network_or_full_range_validated,54.477920460187455,2370.2605143711808,False
1.0,S2a,61.28766051771088,6.809740057523431,604.1927782286795,conditional_source_only_not_network_or_full_range_validated,68.09740057523432,2370.2605143711808,False
1.0,S2a,73.54519262125305,8.171688069028118,600.977895263466,conditional_source_only_not_network_or_full_range_validated,81.71688069028117,2370.2605143711808,False
1.0,S2a,85.80272472479523,9.533636080532805,597.7839757408701,conditional_source_only_not_network_or_full_range_validated,95.33636080532803,2370.2605143711803,False
1.0,S2a,98.06025682833742,10.89558409203749,594.611019660892,conditional_source_only_not_network_or_full_range_validated,108.95584092037491,2370.2605143711808,False
1.0,S2a,110.31778893187958,12.257532103542175,591.4590270235312,conditional_source_only_not_network_or_full_range_validated,122.57532103542175,2370.2605143711803,False
1.0,S2a,122.57532103542177,13.619480115046862,588.3279978287882,conditional_source_only_not_network_or_full_range_validated,136.19480115046863,2370.2605143711808,False
1.0,S2a,134.83285313896394,14.981428126551547,585.2179320766626,conditional_source_only_not_network_or_full_range_validated,149.8142812655155,2370.2605143711803,False
1.0,S2a,147.0903852425061,16.343376138056236,582.1288297671546,conditional_source_only_not_network_or_full_range_validated,163.43376138056234,2370.2605143711808,False
1.0,S2a,159.3479173460483,17.70532414956092,579.0606909002641,conditional_source_only_not_network_or_full_range_validated,177.0532414956092,2370.2605143711803,False
1.0,S2a,171.60544944959045,19.06727216106561,576.0135154759913,conditional_source_only_not_network_or_full_range_validated,190.67272161065605,2370.2605143711803,False
1.0,S2a,183.8629815531326,20.429220172570293,572.9873034943361,conditional_source_only_not_network_or_full_range_validated,204.2922017257029,2370.2605143711808,False
1.0,S2a,196.12051365667483,21.79116818407498,569.9820549552984,conditional_source_only_not_network_or_full_range_validated,217.91168184074982,2370.2605143711808,False
1.0,S2a,208.378045760217,23.153116195579667,566.9977698588783,conditional_source_only_not_network_or_full_range_validated,231.53116195579665,2370.2605143711803,False
1.0,S2a,220.63557786375915,24.51506420708435,564.0344482050758,conditional_source_only_not_network_or_full_range_validated,245.1506420708435,2370.2605143711803,False
1.0,S2a,232.8931099673013,25.87701221858904,561.0920899938909,conditional_source_only_not_network_or_full_range_validated,258.77012218589033,2370.2605143711803,False
1.0,S2a,245.1506420708435,27.238960230093724,558.1706952253235,conditional_source_only_not_network_or_full_range_validated,272.3896023009372,2370.2605143711808,False
1.0,S2a,257.4081741743857,28.60090824159841,555.2702638993737,conditional_source_only_not_network_or_full_range_validated,286.0090824159841,2370.2605143711803,False
1.0,S2a,269.6657062779279,29.962856253103094,552.3907960160415,conditional_source_only_not_network_or_full_range_validated,299.628562531031,2370.2605143711803,False
1.0,S2a,281.92323838147,31.32480426460778,549.5322915753269,conditional_source_only_not_network_or_full_range_validated,313.2480426460778,2370.2605143711808,False
1.0,S2a,294.1807704850122,32.68675227611247,546.6947505772298,conditional_source_only_not_network_or_full_range_validated,326.8675227611247,2370.2605143711808,False
1.0,S2a,306.4383025885544,34.04870028761715,543.8781730217504,conditional_source_only_not_network_or_full_range_validated,340.4870028761716,2370.2605143711803,False
1.0,S2a,318.6958346920966,35.41064829912184,541.0825589088886,conditional_source_only_not_network_or_full_range_validated,354.1064829912184,2370.2605143711803,False
1.0,S2a,330.9533667956388,36.77259631062653,538.3079082386442,conditional_source_only_not_network_or_full_range_validated,367.7259631062653,2370.2605143711808,True
1.0,S2a,343.2108988991809,38.13454432213121,535.5542210110175,conditional_source_only_not_network_or_full_range_validated,381.3454432213121,2370.2605143711803,True
1.0,S2a,355.4684310027231,39.4964923336359,532.8214972260083,conditional_source_only_not_network_or_full_range_validated,394.964923336359,2370.2605143711803,True
1.0,S2a,367.7259631062652,40.858440345140586,530.1097368836167,conditional_source_only_not_network_or_full_range_validated,408.5844034514058,2370.2605143711808,True
1.0,S2a,379.9834952098074,42.22038835664527,527.4189399838427,conditional_source_only_not_network_or_full_range_validated,422.2038835664527,2370.2605143711803,True
1.0,S2a,392.24102731334966,43.58233636814996,524.7491065266863,conditional_source_only_not_network_or_full_range_validated,435.82336368149964,2370.2605143711808,True
1.0,S2a,404.4985594168918,44.94428437965465,522.1002365121474,conditional_source_only_not_network_or_full_range_validated,449.4428437965464,2370.2605143711803,False
1.0,S2a,416.756091520434,46.30623239115933,519.4723299402261,conditional_source_only_not_network_or_full_range_validated,463.0623239115933,2370.2605143711808,False
1.0,S2a,429.0136236239761,47.668180402664014,516.8653868109225,conditional_source_only_not_network_or_full_range_validated,476.6818040266401,2370.2605143711808,False
1.0,S2a,441.2711557275183,49.0301284141687,514.2794071242363,conditional_source_only_not_network_or_full_range_validated,490.301284141687,2370.2605143711803,False
1.0,S2a,453.5286878310605,50.3920764256734,511.7143908801678,conditional_source_only_not_network_or_full_range_validated,503.9207642567339,2370.2605143711808,False
1.0,S2a,465.7862199346027,51.75402443717808,509.1703380787168,conditional_source_only_not_network_or_full_range_validated,517.5402443717808,2370.2605143711803,False
1.0,S2a,478.0437520381449,53.11597244868276,506.64724871988346,conditional_source_only_not_network_or_full_range_validated,531.1597244868276,2370.2605143711808,False
1.0,S2a,490.301284141687,54.47792046018745,504.1451228036676,conditional_source_only_not_network_or_full_range_validated,544.7792046018744,2370.2605143711808,False
1.0,S2a,11.886233934506592,1.6980334192152275,617.3079696268649,conditional_source_only_not_network_or_full_range_validated,13.58426735372182,2366.268616344942,False
1.0,S2a,23.772467869013184,3.396066838430455,614.053942775264,conditional_source_only_not_network_or_full_range_validated,27.16853470744364,2366.268616344942,False
1.0,S2a,35.658701803519776,5.094100257645683,610.8195641392077,conditional_source_only_not_network_or_full_range_validated,40.75280206116546,2366.2686163449425,False
1.0,S2a,47.54493573802637,6.79213367686091,607.604833718696,conditional_source_only_not_network_or_full_range_validated,54.33706941488728,2366.268616344942,False
1.0,S2a,59.43116967253296,8.490167096076137,604.4097515137289,conditional_source_only_not_network_or_full_range_validated,67.9213367686091,2366.268616344942,False
1.0,S2a,71.31740360703955,10.188200515291364,601.2343175243064,conditional_source_only_not_network_or_full_range_validated,81.50560412233091,2366.268616344942,False
1.0,S2a,83.20363754154614,11.886233934506592,598.0785317504285,conditional_source_only_not_network_or_full_range_validated,95.08987147605274,2366.2686163449425,False
1.0,S2a,95.08987147605274,13.58426735372182,594.9423941920951,conditional_source_only_not_network_or_full_range_validated,108.67413882977456,2366.268616344942,False
1.0,S2a,106.97610541055931,15.282300772937049,591.8259048493064,conditional_source_only_not_network_or_full_range_validated,122.25840618349636,2366.2686163449425,False
1.0,S2a,118.86233934506592,16.980334192152274,588.7290637220623,conditional_source_only_not_network_or_full_range_validated,135.8426735372182,2366.268616344942,False
1.0,S2a,130.74857327957253,18.678367611367506,585.6518708103628,conditional_source_only_not_network_or_full_range_validated,149.42694089094005,2366.2686163449425,False
1.0,S2a,142.6348072140791,20.37640103058273,582.5943261142078,conditional_source_only_not_network_or_full_range_validated,163.01120824466184,2366.2686163449425,False
1.0,S2a,154.52104114858568,22.074434449797955,579.5564296335975,conditional_source_only_not_network_or_full_range_validated,176.59547559838364,2366.268616344942,False
1.0,S2a,166.4072750830923,23.772467869013184,576.5381813685318,conditional_source_only_not_network_or_full_range_validated,190.17974295210547,2366.2686163449425,False
1.0,S2a,178.2935090175989,25.47050128822841,573.5395813190106,conditional_source_only_not_network_or_full_range_validated,203.7640103058273,2366.268616344942,False
1.0,S2a,190.17974295210547,27.16853470744364,570.560629485034,conditional_source_only_not_network_or_full_range_validated,217.34827765954913,2366.268616344942,False
1.0,S2a,202.06597688661208,28.86656812665887,567.601325866602,conditional_source_only_not_network_or_full_range_validated,230.93254501327095,2366.2686163449425,False
1.0,S2a,213.95221082111863,30.56460154587409,564.6616704637147,conditional_source_only_not_network_or_full_range_validated,244.51681236699272,2366.2686163449425,False
1.0,S2a,225.83844475562523,32.26263496508932,561.7416632763718,conditional_source_only_not_network_or_full_range_validated,258.10107972071455,2366.268616344942,False
1.0,S2a,237.72467869013184,33.96066838430455,558.8413043045737,conditional_source_only_not_network_or_full_range_validated,271.6853470744364,2366.268616344942,False
1.0,S2a,249.61091262463844,35.658701803519776,555.96059354832,conditional_source_only_not_network_or_full_range_validated,285.2696144281582,2366.2686163449425,False
1.0,S2a,261.49714655914505,37.35673522273501,553.0995310076111,conditional_source_only_not_network_or_full_range_validated,298.8538817818801,2366.2686163449425,False
1.0,S2a,273.38338049365166,39.05476864195023,550.2581166824466,conditional_source_only_not_network_or_full_range_validated,312.43814913560186,2366.268616344942,False
1.0,S2a,285.2696144281582,40.75280206116546,547.4363505728268,conditional_source_only_not_network_or_full_range_validated,326.0224164893237,2366.2686163449425,False
1.0,S2a,297.1558483626648,42.45083548038068,544.6342326787516,conditional_source_only_not_network_or_full_range_validated,339.6066838430455,2366.268616344942,False
1.0,S2a,309.04208229717136,44.14886889959591,541.8517630002209,conditional_source_only_not_network_or_full_range_validated,353.1909511967673,2366.268616344942,False
1.0,S2a,320.928316231678,45.84690231881114,539.0889415372349,conditional_source_only_not_network_or_full_range_validated,366.77521855048917,2366.268616344942,True
1.0,S2a,332.8145501661846,47.54493573802637,536.3457682897935,conditional_source_only_not_network_or_full_range_validated,380.35948590421094,2366.2686163449425,True
1.0,S2a,344.7007841006912,49.2429691572416,533.6222432578966,conditional_source_only_not_network_or_full_range_validated,393.94375325793277,2366.2686163449425,True
1.0,S2a,356.5870180351978,50.941002576456825,530.9183664415443,conditional_source_only_not_network_or_full_range_validated,407.5280206116546,2366.268616344942,True
1.0,S2a,368.4732519697044,52.63903599567205,528.2341378407366,conditional_source_only_not_network_or_full_range_validated,421.1122879653764,2366.268616344942,True
1.0,S2a,380.3594859042109,54.33706941488728,525.5695574554735,conditional_source_only_not_network_or_full_range_validated,434.69655531909814,2366.268616344942,True
1.0,S2a,392.2457198387176,56.03510283410251,522.924625285755,conditional_source_only_not_network_or_full_range_validated,448.28082267282014,2366.268616344942,True
1.0,S2a,404.13195377322415,57.73313625331774,520.2993413315811,conditional_source_only_not_network_or_full_range_validated,461.8650900265419,2366.2686163449425,False
1.0,S2a,416.0181877077307,59.43116967253296,517.6937055929519,conditional_source_only_not_network_or_full_range_validated,475.4493573802637,2366.2686163449425,False
1.0,S2a,427.9044216422373,61.12920309174819,515.1077180698672,conditional_source_only_not_network_or_full_range_validated,489.0336247339855,2366.2686163449425,False
1.0,S2a,439.7906555767439,62.82723651096342,512.5413787623271,conditional_source_only_not_network_or_full_range_validated,502.61789208770733,2366.2686163449425,False
1.0,S2a,451.67688951125047,64.52526993017864,509.9946876703316,conditional_source_only_not_network_or_full_range_validated,516.2021594414291,2366.268616344942,False
1.0,S2a,463.5631234457571,66.22330334939387,507.4676447938807,conditional_source_only_not_network_or_full_range_validated,529.786426795151,2366.268616344942,False
1.0,S2a,475.4493573802637,67.9213367686091,504.9602501329743,conditional_source_only_not_network_or_full_range_validated,543.3706941488728,2366.268616344942,False
1.0,S2a,11.516850775046844,2.03238543089062,617.3537922377114,conditional_source_only_not_network_or_full_range_validated,13.549236205937465,2362.2901417018024,False
1.0,S2a,23.03370155009369,4.06477086178124,614.1443493114451,conditional_source_only_not_network_or_full_range_validated,27.09847241187493,2362.2901417018024,False
1.0,S2a,34.550552325140536,6.097156292671861,610.9533159152113,conditional_source_only_not_network_or_full_range_validated,40.6477086178124,2362.2901417018024,False
1.0,S2a,46.06740310018738,8.12954172356248,607.7806920490102,conditional_source_only_not_network_or_full_range_validated,54.19694482374986,2362.2901417018024,False
1.0,S2a,57.58425387523422,10.1619271544531,604.6264777128416,conditional_source_only_not_network_or_full_range_validated,67.74618102968732,2362.2901417018024,False
1.0,S2a,69.10110465028107,12.194312585343722,601.4906729067058,conditional_source_only_not_network_or_full_range_validated,81.2954172356248,2362.2901417018024,False
1.0,S2a,80.61795542532792,14.22669801623434,598.3732776306024,conditional_source_only_not_network_or_full_range_validated,94.84465344156226,2362.290141701802,False
1.0,S2a,92.13480620037475,16.25908344712496,595.2742918845317,conditional_source_only_not_network_or_full_range_validated,108.39388964749972,2362.2901417018024,False
1.0,S2a,103.6516569754216,18.29146887801558,592.1937156684936,conditional_source_only_not_network_or_full_range_validated,121.94312585343718,2362.2901417018024,False
1.0,S2a,115.16850775046844,20.3238543089062,589.1315489824882,conditional_source_only_not_network_or_full_range_validated,135.49236205937464,2362.2901417018024,False
1.0,S2a,126.68535852551533,22.356239739796823,586.0877918265153,conditional_source_only_not_network_or_full_range_validated,149.04159826531216,2362.2901417018024,False
1.0,S2a,138.20220930056217,24.388625170687444,583.062444200575,conditional_source_only_not_network_or_full_range_validated,162.59083447124962,2362.2901417018024,False
1.0,S2a,149.71906007560898,26.42101060157806,580.0555061046673,conditional_source_only_not_network_or_full_range_validated,176.14007067718705,2362.290141701803,False
1.0,S2a,161.23591085065584,28.45339603246868,577.0669775387923,conditional_source_only_not_network_or_full_range_validated,189.68930688312452,2362.290141701802,False
1.0,S2a,172.75276162570268,30.485781463359302,574.0968585029499,conditional_source_only_not_network_or_full_range_validated,203.23854308906198,2362.2901417018024,False
1.0,S2a,184.2696124007495,32.51816689424992,571.1451489971402,conditional_source_only_not_network_or_full_range_validated,216.78777929499944,2362.2901417018024,False
1.0,S2a,195.7864631757964,34.55055232514054,568.2118490213628,conditional_source_only_not_network_or_full_range_validated,230.33701550093696,2362.2901417018024,False
1.0,S2a,207.3033139508432,36.58293775603116,565.2969585756182,conditional_source_only_not_network_or_full_range_validated,243.88625170687436,2362.2901417018024,False
1.0,S2a,218.82016472589004,38.61532318692178,562.4004776599062,conditional_source_only_not_network_or_full_range_validated,257.4354879128118,2362.290141701803,False
1.0,S2a,230.33701550093687,40.6477086178124,559.5224062742269,conditional_source_only_not_network_or_full_range_validated,270.9847241187493,2362.2901417018024,False
1.0,S2a,241.85386627598373,42.68009404870302,556.6627444185801,conditional_source_only_not_network_or_full_range_validated,284.53396032468675,2362.290141701802,False
1.0,S2a,253.37071705103065,44.71247947959365,553.8214920929659,conditional_source_only_not_network_or_full_range_validated,298.0831965306243,2362.2901417018024,False
1.0,S2a,264.8875678260775,46.74486491048427,550.9986492973843,conditional_source_only_not_network_or_full_range_validated,311.6324327365618,2362.2901417018024,False
1.0,S2a,276.4044186011243,48.77725034137489,548.1942160318354,conditional_source_only_not_network_or_full_range_validated,325.1816689424992,2362.2901417018024,False
1.0,S2a,287.9212693761711,50.80963577226549,545.408192296319,conditional_source_only_not_network_or_full_range_validated,338.7309051484366,2362.290141701803,False
1.0,S2a,299.438120151218,52.84202120315612,542.6405780908352,conditional_source_only_not_network_or_full_range_validated,352.2801413543741,2362.2901417018024,False
1.0,S2a,310.9549709262648,54.87440663404674,539.8913734153841,conditional_source_only_not_network_or_full_range_validated,365.82937756031157,2362.2901417018024,True
1.0,S2a,322.4718217013117,56.90679206493736,537.1605782699656,conditional_source_only_not_network_or_full_range_validated,379.37861376624903,2362.290141701802,True
1.0,S2a,333.9886724763585,58.939177495827984,534.4481926545797,conditional_source_only_not_network_or_full_range_validated,392.9278499721865,2362.290141701803,True
1.0,S2a,345.5055232514053,60.971562926718605,531.7542165692263,conditional_source_only_not_network_or_full_range_validated,406.4770861781239,2362.290141701802,True
1.0,S2a,357.0223740264522,63.003948357609225,529.0786500139056,conditional_source_only_not_network_or_full_range_validated,420.0263223840614,2362.290141701802,True
1.0,S2a,368.539224801499,65.03633378849985,526.4214929886176,conditional_source_only_not_network_or_full_range_validated,433.5755585899989,2362.2901417018024,True
1.0,S2a,380.0560755765459,67.06871921939046,523.7827454933621,conditional_source_only_not_network_or_full_range_validated,447.12479479593634,2362.2901417018024,True
1.0,S2a,391.5729263515928,69.10110465028109,521.1624075281392,conditional_source_only_not_network_or_full_range_validated,460.6740310018739,2362.2901417018024,False
1.0,S2a,403.0897771266396,71.1334900811717,518.560479092949,conditional_source_only_not_network_or_full_range_validated,474.2232672078113,2362.290141701802,False
1.0,S2a,414.6066279016864,73.16587551206231,515.9769601877913,conditional_source_only_not_network_or_full_range_validated,487.7725034137487,2362.2901417018024,False
1.0,S2a,426.12347867673327,75.19826094295294,513.4118508126662,conditional_source_only_not_network_or_full_range_validated,501.32173961968624,2362.2901417018024,False
1.0,S2a,437.6403294517801,77.23064637384356,510.8651509675738,conditional_source_only_not_network_or_full_range_validated,514.8709758256236,2362.290141701803,False
1.0,S2a,449.157180226827,79.26303180473418,508.336860652514,conditional_source_only_not_network_or_full_range_validated,528.4202120315612,2362.2901417018024,False
1.0,S2a,460.67403100187374,81.2954172356248,505.8269798674867,conditional_source_only_not_network_or_full_range_validated,541.9694482374986,2362.2901417018024,False
1.0,S2a,11.14936784797376,2.3650174222974645,617.3994136423918,conditional_source_only_not_network_or_full_range_validated,13.514385270271225,2358.325022848062,False
1.0,S2a,22.29873569594752,4.730034844594929,614.2344288493163,conditional_source_only_not_network_or_full_range_validated,27.02877054054245,2358.325022848062,False
1.0,S2a,33.44810354392128,7.095052266892393,611.086690314784,conditional_source_only_not_network_or_full_range_validated,40.54315581081367,2358.3250228480624,False
1.0,S2a,44.59747139189504,9.460069689189858,607.9561980387952,conditional_source_only_not_network_or_full_range_validated,54.0575410810849,2358.325022848062,False
1.0,S2a,55.74683923986879,11.82508711148732,604.8429520213493,conditional_source_only_not_network_or_full_range_validated,67.57192635135611,2358.325022848062,False
1.0,S2a,66.89620708784255,14.190104533784789,601.7469522624467,conditional_source_only_not_network_or_full_range_validated,81.08631162162735,2358.3250228480624,False
1.0,S2a,78.04557493581632,16.55512195608225,598.6681987620873,conditional_source_only_not_network_or_full_range_validated,94.60069689189856,2358.325022848062,False
1.0,S2a,89.19494278379007,18.92013937837972,595.606691520271,conditional_source_only_not_network_or_full_range_validated,108.11508216216978,2358.325022848062,False
1.0,S2a,100.34431063176382,21.28515680067718,592.562430536998,conditional_source_only_not_network_or_full_range_validated,121.629467432441,2358.325022848062,False
1.0,S2a,111.49367847973758,23.65017422297464,589.5354158122684,conditional_source_only_not_network_or_full_range_validated,135.14385270271222,2358.325022848062,False
1.0,S2a,122.64304632771136,26.01519164527211,586.5256473460818,conditional_source_only_not_network_or_full_range_validated,148.65823797298347,2358.325022848062,False
1.0,S2a,133.7924141756851,28.380209067569574,583.5331251384384,conditional_source_only_not_network_or_full_range_validated,162.1726232432547,2358.3250228480624,False
1.0,S2a,144.94178202365887,30.74522648986704,580.5578491893382,conditional_source_only_not_network_or_full_range_validated,175.6870085135259,2358.325022848062,False
1.0,S2a,156.09114987163264,33.1102439121645,577.5998194987812,conditional_source_only_not_network_or_full_range_validated,189.20139378379713,2358.325022848062,False
1.0,S2a,167.24051771960634,35.47526133446196,574.6590360667675,conditional_source_only_not_network_or_full_range_validated,202.71577905406832,2358.325022848062,False
1.0,S2a,178.38988556758014,37.84027875675943,571.735498893297,conditional_source_only_not_network_or_full_range_validated,216.23016432433957,2358.325022848062,False
1.0,S2a,189.5392534155539,40.205296179056894,568.8292079783697,conditional_source_only_not_network_or_full_range_validated,229.7445495946108,2358.325022848062,False
1.0,S2a,200.68862126352764,42.57031360135436,565.9401633219856,conditional_source_only_not_network_or_full_range_validated,243.258934864882,2358.325022848062,False
1.0,S2a,211.83798911150143,44.93533102365183,563.0683649241446,conditional_source_only_not_network_or_full_range_validated,256.77332013515326,2358.325022848062,False
1.0,S2a,222.9873569594752,47.30034844594928,560.2138127848468,conditional_source_only_not_network_or_full_range_validated,270.2877054054245,2358.3250228480624,False
1.0,S2a,234.13672480744893,49.66536586824675,557.3765069040924,conditional_source_only_not_network_or_full_range_validated,283.8020906756957,2358.325022848062,False
1.0,S2a,245.28609265542272,52.03038329054422,554.556447281881,conditional_source_only_not_network_or_full_range_validated,297.31647594596694,2358.325022848062,False
1.0,S2a,256.4354605033964,54.39540071284168,551.7536339182129,conditional_source_only_not_network_or_full_range_validated,310.8308612162381,2358.3250228480615,False
1.0,S2a,267.5848283513702,56.76041813513915,548.9680668130881,conditional_source_only_not_network_or_full_range_validated,324.3452464865094,2358.3250228480624,False
1.0,S2a,278.734196199344,59.1254355574366,546.1997459665064,conditional_source_only_not_network_or_full_range_validated,337.85963175678063,2358.325022848062,False
1.0,S2a,289.88356404731775,61.49045297973407,543.4486713784679,conditional_source_only_not_network_or_full_range_validated,351.3740170270518,2358.325022848062,False
1.0,S2a,301.0329318952915,63.855470402031536,540.7148430489726,conditional_source_only_not_network_or_full_range_validated,364.888402297323,2358.3250228480615,True
1.0,S2a,312.1822997432653,66.220487824329,537.9982609780205,conditional_source_only_not_network_or_full_range_validated,378.40278756759426,2358.325022848062,True
1.0,S2a,323.331667591239,68.58550524662647,535.2989251656116,conditional_source_only_not_network_or_full_range_validated,391.91717283786545,2358.3250228480615,True
1.0,S2a,334.4810354392127,70.95052266892392,532.6168356117461,conditional_source_only_not_network_or_full_range_validated,405.43155810813664,2358.325022848062,True
1.0,S2a,345.6304032871865,73.3155400912214,529.9519923164236,conditional_source_only_not_network_or_full_range_validated,418.9459433784079,2358.325022848062,True
1.0,S2a,356.7797711351603,75.68055751351886,527.3043952796444,conditional_source_only_not_network_or_full_range_validated,432.46032864867914,2358.325022848062,True
1.0,S2a,367.92913898313407,78.04557493581632,524.6740445014083,conditional_source_only_not_network_or_full_range_validated,445.9747139189504,2358.3250228480624,True
1.0,S2a,379.0785068311078,80.41059235811379,522.0609399817155,conditional_source_only_not_network_or_full_range_validated,459.4890991892216,2358.325022848062,True
1.0,S2a,390.2278746790816,82.77560978041124,519.4650817205659,conditional_source_only_not_network_or_full_range_validated,473.0034844594928,2358.3250228480624,False
1.0,S2a,401.3772425270553,85.14062720270871,516.8864697179595,conditional_source_only_not_network_or_full_range_validated,486.517869729764,2358.325022848062,False
1.0,S2a,412.52661037502907,87.50564462500618,514.3251039738961,conditional_source_only_not_network_or_full_range_validated,500.03225500003526,2358.325022848062,False
1.0,S2a,423.67597822300286,89.87066204730365,511.78098448837625,conditional_source_only_not_network_or_full_range_validated,513.5466402703065,2358.325022848062,False
1.0,S2a,434.8253460709766,92.23567946960112,509.2541112613994,conditional_source_only_not_network_or_full_range_validated,527.0610255405777,2358.325022848062,False
1.0,S2a,445.97471391895033,94.60069689189856,506.7444842929658,conditional_source_only_not_network_or_full_range_validated,540.5754108108489,2358.325022848062,False
1.0,S2a,10.783770527745856,2.695942631936464,617.444835124516,conditional_source_only_not_network_or_full_range_validated,13.479713159682321,2354.373192643088,False
1.0,S2a,21.56754105549171,5.391885263872927,614.3241828456265,conditional_source_only_not_network_or_full_range_validated,26.95942631936464,2354.3731926430883,False
1.0,S2a,32.35131158323757,8.087827895809392,611.2196878573418,conditional_source_only_not_network_or_full_range_validated,40.43913947904696,2354.3731926430874,False
1.0,S2a,43.13508211098342,10.783770527745856,608.1313501596619,conditional_source_only_not_network_or_full_range_validated,53.91885263872928,2354.373192643088,False
1.0,S2a,53.91885263872927,13.479713159682316,605.0591697525869,conditional_source_only_not_network_or_full_range_validated,67.39856579841158,2354.373192643088,False
1.0,S2a,64.70262316647514,16.175655791618784,602.0031466361165,conditional_source_only_not_network_or_full_range_validated,80.87827895809392,2354.3731926430874,False
1.0,S2a,75.48639369422098,18.871598423555245,598.9632808102511,conditional_source_only_not_network_or_full_range_validated,94.35799211777622,2354.3731926430874,False
1.0,S2a,86.27016422196684,21.56754105549171,595.9395722749905,conditional_source_only_not_network_or_full_range_validated,107.83770527745855,2354.3731926430883,False
1.0,S2a,97.05393474971268,24.26348368742817,592.9320210303347,conditional_source_only_not_network_or_full_range_validated,121.31741843714084,2354.373192643088,False
1.0,S2a,107.83770527745854,26.959426319364635,589.9406270762837,conditional_source_only_not_network_or_full_range_validated,134.79713159682316,2354.373192643088,False
1.0,S2a,118.6214758052044,29.6553689513011,586.9653904128376,conditional_source_only_not_network_or_full_range_validated,148.2768447565055,2354.373192643088,False
1.0,S2a,129.40524633295027,32.35131158323757,584.0063110399963,conditional_source_only_not_network_or_full_range_validated,161.75655791618783,2354.3731926430874,False
1.0,S2a,140.1890168606961,35.04725421517403,581.0633889577597,conditional_source_only_not_network_or_full_range_validated,175.23627107587015,2354.373192643088,False
1.0,S2a,150.97278738844196,37.74319684711049,578.1366241661281,conditional_source_only_not_network_or_full_range_validated,188.71598423555244,2354.3731926430874,False
1.0,S2a,161.7565579161878,40.43913947904695,575.2260166651012,conditional_source_only_not_network_or_full_range_validated,202.19569739523476,2354.3731926430874,False
1.0,S2a,172.54032844393367,43.13508211098342,572.3315664546791,conditional_source_only_not_network_or_full_range_validated,215.6754105549171,2354.3731926430883,False
1.0,S2a,183.32409897167952,45.83102474291988,569.4532735348619,conditional_source_only_not_network_or_full_range_validated,229.1551237145994,2354.373192643088,False
1.0,S2a,194.10786949942536,48.52696737485634,566.5911379056495,conditional_source_only_not_network_or_full_range_validated,242.6348368742817,2354.373192643088,False
1.0,S2a,204.8916400271712,51.2229100067928,563.7451595670419,conditional_source_only_not_network_or_full_range_validated,256.114550033964,2354.373192643088,False
1.0,S2a,215.67541055491708,53.91885263872927,560.9153385190391,conditional_source_only_not_network_or_full_range_validated,269.5942631936463,2354.373192643088,False
1.0,S2a,226.45918108266287,56.61479527066573,558.1016747616411,conditional_source_only_not_network_or_full_range_validated,283.0739763533286,2354.373192643088,False
1.0,S2a,237.2429516104088,59.3107379026022,555.3041682948481,conditional_source_only_not_network_or_full_range_validated,296.553689513011,2354.373192643088,False
1.0,S2a,248.02672213815464,62.00668053453866,552.5228191186598,conditional_source_only_not_network_or_full_range_validated,310.0334026726933,2354.373192643088,False
1.0,S2a,258.81049266590054,64.70262316647514,549.757627233076,conditional_source_only_not_network_or_full_range_validated,323.51311583237566,2354.3731926430874,False
1.0,S2a,269.5942631936463,67.39856579841158,547.0085926380975,conditional_source_only_not_network_or_full_range_validated,336.9928289920579,2354.373192643088,False
1.0,S2a,280.3780337213922,70.09450843034806,544.2757153337237,conditional_source_only_not_network_or_full_range_validated,350.4725421517403,2354.373192643088,False
1.0,S2a,291.1618042491381,72.79045106228452,541.5589953199546,conditional_source_only_not_network_or_full_range_validated,363.9522553114226,2354.373192643088,True
1.0,S2a,301.9455747768839,75.48639369422098,538.8584325967904,conditional_source_only_not_network_or_full_range_validated,377.4319684711049,2354.3731926430874,True
1.0,S2a,312.72934530462976,78.18233632615744,536.174027164231,conditional_source_only_not_network_or_full_range_validated,390.9116816307872,2354.373192643088,True
1.0,S2a,323.5131158323756,80.8782789580939,533.5057790222764,conditional_source_only_not_network_or_full_range_validated,404.3913947904695,2354.3731926430874,True
1.0,S2a,334.2968863601215,83.57422159003038,530.8536881709266,conditional_source_only_not_network_or_full_range_validated,417.8711079501519,2354.373192643088,True
1.0,S2a,345.0806568878673,86.27016422196684,528.2177546101817,conditional_source_only_not_network_or_full_range_validated,431.3508211098341,2354.373192643088,True
1.0,S2a,355.8644274156132,88.9661068539033,525.5979783400415,conditional_source_only_not_network_or_full_range_validated,444.8305342695165,2354.3731926430874,True
1.0,S2a,366.64819794335904,91.66204948583976,522.9943593605062,conditional_source_only_not_network_or_full_range_validated,458.3102474291988,2354.373192643088,True
1.0,S2a,377.4319684711049,94.35799211777622,520.4068976715758,conditional_source_only_not_network_or_full_range_validated,471.7899605888811,2354.373192643088,False
1.0,S2a,388.2157389988507,97.05393474971268,517.8355932732502,conditional_source_only_not_network_or_full_range_validated,485.2696737485634,2354.373192643088,False
1.0,S2a,398.9995095265966,99.74987738164916,515.2804461655294,conditional_source_only_not_network_or_full_range_validated,498.7493869082458,2354.373192643088,False
1.0,S2a,409.7832800543424,102.4458200135856,512.7414563484134,conditional_source_only_not_network_or_full_range_validated,512.229100067928,2354.373192643088,False
1.0,S2a,420.5670505820883,105.14176264552208,510.21862382190216,conditional_source_only_not_network_or_full_range_validated,525.7088132276103,2354.3731926430874,False
1.0,S2a,431.35082110983416,107.83770527745854,507.7119485859958,conditional_source_only_not_network_or_full_range_validated,539.1885263872927,2354.373192643088,False
1.0,S2a,10.420044338529005,3.0251741627987427,617.4900579572611,conditional_source_only_not_network_or_full_range_validated,13.445218501327748,2350.434584395522,False
1.0,S2a,20.84008867705801,6.0503483255974855,614.4136127530361,conditional_source_only_not_network_or_full_range_validated,26.890437002655496,2350.434584395522,False
1.0,S2a,31.26013301558701,9.07552248839623,611.3523090813352,conditional_source_only_not_network_or_full_range_validated,40.33565550398324,2350.4345843955216,False
1.0,S2a,41.68017735411601,12.100696651194973,608.3061469421586,conditional_source_only_not_network_or_full_range_validated,53.780874005310984,2350.434584395522,False
1.0,S2a,52.10022169264501,15.125870813993712,605.2751263355062,conditional_source_only_not_network_or_full_range_validated,67.22609250663872,2350.434584395522,False
1.0,S2a,62.520266031174025,18.15104497679246,602.2592472613782,conditional_source_only_not_network_or_full_range_validated,80.67131100796648,2350.4345843955216,False
1.0,S2a,72.94031036970303,21.1762191395912,599.2585097197742,conditional_source_only_not_network_or_full_range_validated,94.11652950929422,2350.434584395522,False
1.0,S2a,83.36035470823202,24.201393302389945,596.2729137106945,conditional_source_only_not_network_or_full_range_validated,107.56174801062197,2350.434584395522,False
1.0,S2a,93.78039904676102,27.226567465188683,593.3024592341391,conditional_source_only_not_network_or_full_range_validated,121.0069665119497,2350.4345843955216,False
1.0,S2a,104.20044338529,30.251741627987425,590.3471462901078,conditional_source_only_not_network_or_full_range_validated,134.45218501327741,2350.4345843955216,False
1.0,S2a,114.62048772381904,33.27691579078617,587.4069748786009,conditional_source_only_not_network_or_full_range_validated,147.8974035146052,2350.4345843955216,False
1.0,S2a,125.04053206234803,36.30208995358492,584.481944999618,conditional_source_only_not_network_or_full_range_validated,161.34262201593296,2350.4345843955216,False
1.0,S2a,135.46057640087704,39.32726411638366,581.5720566531595,conditional_source_only_not_network_or_full_range_validated,174.7878405172607,2350.4345843955216,False
1.0,S2a,145.88062073940606,42.3524382791824,578.6773098392251,conditional_source_only_not_network_or_full_range_validated,188.23305901858845,2350.434584395522,False
1.0,S2a,156.300665077935,45.377612441981135,575.797704557815,conditional_source_only_not_network_or_full_range_validated,201.67827751991615,2350.434584395522,False
1.0,S2a,166.72070941646405,48.40278660477989,572.9332408089292,conditional_source_only_not_network_or_full_range_validated,215.12349602124394,2350.434584395522,False
1.0,S2a,177.14075375499306,51.42796076757863,570.0839185925676,conditional_source_only_not_network_or_full_range_validated,228.5687145225717,2350.434584395522,False
1.0,S2a,187.56079809352204,54.45313493037737,567.24973790873,conditional_source_only_not_network_or_full_range_validated,242.0139330238994,2350.4345843955216,False
1.0,S2a,197.98084243205105,57.47830909317611,564.4306987574167,conditional_source_only_not_network_or_full_range_validated,255.45915152522716,2350.434584395522,False
1.0,S2a,208.40088677058003,60.50348325597485,561.6268011386278,conditional_source_only_not_network_or_full_range_validated,268.9043700265549,2350.434584395522,False
1.0,S2a,218.82093110910907,63.5286574187736,558.838045052363,conditional_source_only_not_network_or_full_range_validated,282.34958852788264,2350.434584395522,False
1.0,S2a,229.24097544763808,66.55383158157234,556.0644304986225,conditional_source_only_not_network_or_full_range_validated,295.7948070292104,2350.4345843955216,False
1.0,S2a,239.6610197861671,69.57900574437109,553.3059574774062,conditional_source_only_not_network_or_full_range_validated,309.24002553053816,2350.434584395522,False
1.0,S2a,250.0810641246961,72.60417990716984,550.5626259887141,conditional_source_only_not_network_or_full_range_validated,322.6852440318659,2350.4345843955216,False
1.0,S2a,260.5011084632251,75.62935406996857,547.8344360325463,conditional_source_only_not_network_or_full_range_validated,336.1304625331936,2350.434584395522,False
1.0,S2a,270.9211528017541,78.65452823276732,545.1213876089026,conditional_source_only_not_network_or_full_range_validated,349.5756810345214,2350.4345843955216,False
1.0,S2a,281.3411971402831,81.67970239556605,542.4234807177833,conditional_source_only_not_network_or_full_range_validated,363.02089953584914,2350.434584395522,True
1.0,S2a,291.7612414788121,84.7048765583648,539.7407153591881,conditional_source_only_not_network_or_full_range_validated,376.4661180371769,2350.434584395522,True
1.0,S2a,302.1812858173411,87.73005072116355,537.0730915331171,conditional_source_only_not_network_or_full_range_validated,389.91133653850466,2350.4345843955216,True
1.0,S2a,312.60133015587,90.75522488396228,534.4206092395705,conditional_source_only_not_network_or_full_range_validated,403.3565550398323,2350.4345843955216,True
1.0,S2a,323.0213744943991,93.78039904676102,531.7832684785479,conditional_source_only_not_network_or_full_range_validated,416.8017735411601,2350.434584395522,True
1.0,S2a,333.4414188329281,96.80557320955975,529.1610692500496,conditional_source_only_not_network_or_full_range_validated,430.2469920424878,2350.434584395522,True
1.0,S2a,343.8614631714571,99.8307473723585,526.5540115540756,conditional_source_only_not_network_or_full_range_validated,443.6922105438156,2350.434584395522,True
1.0,S2a,354.2815075099861,102.85592153515724,523.9620953906258,conditional_source_only_not_network_or_full_range_validated,457.13742904514334,2350.434584395522,True
1.0,S2a,364.7015518485151,105.88109569795598,521.3853207597002,conditional_source_only_not_network_or_full_range_validated,470.5826475464711,2350.434584395522,False
1.0,S2a,375.1215961870441,108.90626986075472,518.8236876612989,conditional_source_only_not_network_or_full_range_validated,484.0278660477988,2350.434584395522,False
1.0,S2a,385.5416405255731,111.93144402355348,516.2771960954217,conditional_source_only_not_network_or_full_range_validated,497.47308454912655,2350.434584395522,False
1.0,S2a,395.9616848641021,114.95661818635222,513.7458460620688,conditional_source_only_not_network_or_full_range_validated,510.9183030504543,2350.434584395522,False
1.0,S2a,406.3817292026312,117.98179234915098,511.2296375612401,conditional_source_only_not_network_or_full_range_validated,524.3635215517822,2350.434584395522,False
1.0,S2a,416.80177354116006,121.0069665119497,508.7285705929356,conditional_source_only_not_network_or_full_range_validated,537.8087400531098,2350.434584395522,False
1.0,S2a,10.05817495228582,3.352724984095273,617.5350834034693,conditional_source_only_not_network_or_full_range_validated,13.410899936381092,2346.509131859531,False
1.0,S2a,20.11634990457164,6.705449968190547,614.5027200200316,conditional_source_only_not_network_or_full_range_validated,26.821799872762185,2346.509131859531,False
1.0,S2a,30.174524856857463,10.05817495228582,611.4845545436976,conditional_source_only_not_network_or_full_range_validated,40.232699809143284,2346.509131859531,False
1.0,S2a,40.23269980914328,13.410899936381094,608.480586974467,conditional_source_only_not_network_or_full_range_validated,53.64359974552437,2346.509131859531,False
1.0,S2a,50.2908747614291,16.763624920476367,605.49081731234,conditional_source_only_not_network_or_full_range_validated,67.05449968190547,2346.5091318595305,False
1.0,S2a,60.349049713714926,20.11634990457164,602.5152455573165,conditional_source_only_not_network_or_full_range_validated,80.46539961828657,2346.509131859531,False
1.0,S2a,70.40722466600076,23.46907488866692,599.5538717093964,conditional_source_only_not_network_or_full_range_validated,93.87629955466768,2346.509131859531,False
1.0,S2a,80.46539961828657,26.82179987276219,596.60669576858,conditional_source_only_not_network_or_full_range_validated,107.28719949104875,2346.509131859531,False
1.0,S2a,90.5235745705724,30.174524856857463,593.673717734867,conditional_source_only_not_network_or_full_range_validated,120.69809942742987,2346.509131859531,False
1.0,S2a,100.5817495228582,33.527249840952734,590.7549376082576,conditional_source_only_not_network_or_full_range_validated,134.10899936381094,2346.5091318595305,False
1.0,S2a,110.63992447514404,36.87997482504801,587.8503553887517,conditional_source_only_not_network_or_full_range_validated,147.51989930019204,2346.5091318595305,False
1.0,S2a,120.69809942742984,40.23269980914328,584.9599710763492,conditional_source_only_not_network_or_full_range_validated,160.9307992365731,2346.5091318595305,False
1.0,S2a,130.75627437971568,43.58542479323856,582.0837846710505,conditional_source_only_not_network_or_full_range_validated,174.34169917295424,2346.509131859531,False
1.0,S2a,140.81444933200152,46.93814977733384,579.2217961728551,conditional_source_only_not_network_or_full_range_validated,187.75259910933536,2346.509131859531,False
1.0,S2a,150.8726242842873,50.2908747614291,576.3740055817633,conditional_source_only_not_network_or_full_range_validated,201.1634990457164,2346.509131859531,False
1.0,S2a,160.93079923657314,53.64359974552438,573.540412897775,conditional_source_only_not_network_or_full_range_validated,214.5743989820975,2346.509131859531,False
1.0,S2a,170.98897418885895,56.99632472961965,570.7210181208902,conditional_source_only_not_network_or_full_range_validated,227.9852989184786,2346.5091318595305,False
1.0,S2a,181.0471491411448,60.349049713714926,567.9158212511089,conditional_source_only_not_network_or_full_range_validated,241.39619885485973,2346.509131859531,False
1.0,S2a,191.1053240934306,63.7017746978102,565.1248222884311,conditional_source_only_not_network_or_full_range_validated,254.8070987912408,2346.509131859531,False
1.0,S2a,201.1634990457164,67.05449968190547,562.348021232857,conditional_source_only_not_network_or_full_range_validated,268.2179987276219,2346.5091318595305,False
1.0,S2a,211.22167399800225,70.40722466600074,559.5854180843863,conditional_source_only_not_network_or_full_range_validated,281.628898664003,2346.5091318595305,False
1.0,S2a,221.27984895028808,73.75994965009602,556.8370128430191,conditional_source_only_not_network_or_full_range_validated,295.0397986003841,2346.5091318595305,False
1.0,S2a,231.33802390257387,77.1126746341913,554.1028055087555,conditional_source_only_not_network_or_full_range_validated,308.4506985367652,2346.509131859531,False
1.0,S2a,241.3961988548597,80.46539961828657,551.3827960815953,conditional_source_only_not_network_or_full_range_validated,321.8615984731463,2346.509131859531,False
1.0,S2a,251.4543738071455,83.81812460238183,548.6769845615387,conditional_source_only_not_network_or_full_range_validated,335.2724984095273,2346.5091318595305,False
1.0,S2a,261.5125487594313,87.17084958647712,545.9853709485856,conditional_source_only_not_network_or_full_range_validated,348.6833983459084,2346.509131859531,False
1.0,S2a,271.5707237117172,90.5235745705724,543.307955242736,conditional_source_only_not_network_or_full_range_validated,362.0942982822896,2346.509131859531,False
1.0,S2a,281.62889866400303,93.87629955466768,540.64473744399,conditional_source_only_not_network_or_full_range_validated,375.5051982186707,2346.509131859531,True
1.0,S2a,291.68707361628884,97.22902453876294,537.9957175523475,conditional_source_only_not_network_or_full_range_validated,388.91609815505177,2346.5091318595305,True
1.0,S2a,301.7452485685746,100.5817495228582,535.3608955678085,conditional_source_only_not_network_or_full_range_validated,402.3269980914328,2346.509131859531,True
1.0,S2a,311.8034235208604,103.93447450695348,532.7402714903731,conditional_source_only_not_network_or_full_range_validated,415.7378980278139,2346.509131859531,True
1.0,S2a,321.8615984731463,107.28719949104875,530.133845320041,conditional_source_only_not_network_or_full_range_validated,429.148797964195,2346.509131859531,True
1.0,S2a,331.9197734254321,110.63992447514404,527.5416170568127,conditional_source_only_not_network_or_full_range_validated,442.5596979005761,2346.509131859531,True
1.0,S2a,341.9779483777179,113.9926494592393,524.9635867006876,conditional_source_only_not_network_or_full_range_validated,455.9705978369572,2346.5091318595305,True
1.0,S2a,352.03612333000376,117.34537444333458,522.3997542516663,conditional_source_only_not_network_or_full_range_validated,469.3814977733383,2346.5091318595305,True
1.0,S2a,362.0942982822896,120.69809942742984,519.8501197097485,conditional_source_only_not_network_or_full_range_validated,482.79239770971947,2346.509131859531,False
1.0,S2a,372.1524732345754,124.05082441152511,517.3146830749341,conditional_source_only_not_network_or_full_range_validated,496.2032976461005,2346.509131859531,False
1.0,S2a,382.2106481868612,127.4035493956204,514.7934443472233,conditional_source_only_not_network_or_full_range_validated,509.6141975824816,2346.509131859531,False
1.0,S2a,392.268823139147,130.75627437971568,512.2864035266159,conditional_source_only_not_network_or_full_range_validated,523.0250975188627,2346.5091318595305,False
1.0,S2a,402.3269980914328,134.10899936381094,509.79356061311216,conditional_source_only_not_network_or_full_range_validated,536.4359974552438,2346.5091318595305,False
1.0,S2a,9.698148186894215,3.678607932959876,617.5799127157459,conditional_source_only_not_network_or_full_range_validated,13.376756119854091,2342.59676923109,False
1.0,S2a,19.396296373788434,7.357215865919752,614.5915060908438,conditional_source_only_not_network_or_full_range_validated,26.753512239708186,2342.59676923109,False
1.0,S2a,29.094444560682657,11.03582379887963,611.6164248193044,conditional_source_only_not_network_or_full_range_validated,40.13026835956229,2342.5967692310905,False
1.0,S2a,38.79259274757687,14.714431731839504,608.6546689011273,conditional_source_only_not_network_or_full_range_validated,53.50702447941637,2342.59676923109,False
1.0,S2a,48.49074093447109,18.393039664799375,605.7062383363127,conditional_source_only_not_network_or_full_range_validated,66.88378059927047,2342.5967692310905,False
1.0,S2a,58.188889121365314,22.07164759775926,602.7711331248605,conditional_source_only_not_network_or_full_range_validated,80.26053671912457,2342.5967692310905,False
1.0,S2a,67.88703730825954,25.750255530719134,599.8493532667709,conditional_source_only_not_network_or_full_range_validated,93.63729283897867,2342.59676923109,False
1.0,S2a,77.58518549515374,29.428863463679008,596.9408987620438,conditional_source_only_not_network_or_full_range_validated,107.01404895883275,2342.59676923109,False
1.0,S2a,87.28333368204795,33.107471396638886,594.0457696106791,conditional_source_only_not_network_or_full_range_validated,120.39080507868684,2342.5967692310905,False
1.0,S2a,96.98148186894215,36.78607932959876,591.163965812677,conditional_source_only_not_network_or_full_range_validated,133.76756119854093,2342.5967692310905,False
1.0,S2a,106.67963005583638,40.46468726255864,588.2954873680374,conditional_source_only_not_network_or_full_range_validated,147.14431731839503,2342.59676923109,False
1.0,S2a,116.37777824273064,44.14329519551852,585.4403342767602,conditional_source_only_not_network_or_full_range_validated,160.52107343824918,2342.5967692310905,False
1.0,S2a,126.07592642962484,47.82190312847839,582.5985065388454,conditional_source_only_not_network_or_full_range_validated,173.89782955810324,2342.5967692310905,False
1.0,S2a,135.77407461651907,51.50051106143827,579.7700041542931,conditional_source_only_not_network_or_full_range_validated,187.27458567795733,2342.59676923109,False
1.0,S2a,145.47222280341325,55.17911899439814,576.9548271231034,conditional_source_only_not_network_or_full_range_validated,200.65134179781137,2342.5967692310905,False
1.0,S2a,155.17037099030748,58.857726927358016,574.1529754452762,conditional_source_only_not_network_or_full_range_validated,214.0280979176655,2342.59676923109,False
1.0,S2a,164.8685191772017,62.5363348603179,571.3644491208113,conditional_source_only_not_network_or_full_range_validated,227.4048540375196,2342.59676923109,False
1.0,S2a,174.5666673640959,66.21494279327777,568.5892481497091,conditional_source_only_not_network_or_full_range_validated,240.78161015737368,2342.5967692310905,False
1.0,S2a,184.2648155509901,69.89355072623765,565.8273725319691,conditional_source_only_not_network_or_full_range_validated,254.15836627722774,2342.59676923109,False
1.0,S2a,193.96296373788437,73.57215865919751,563.0788222675917,conditional_source_only_not_network_or_full_range_validated,267.53512239708186,2342.5967692310905,False
1.0,S2a,203.6611119247786,77.2507665921574,560.3435973565769,conditional_source_only_not_network_or_full_range_validated,280.911878516936,2342.59676923109,False
1.0,S2a,213.3592601116728,80.92937452511727,557.6216977989245,conditional_source_only_not_network_or_full_range_validated,294.28863463679005,2342.59676923109,False
1.0,S2a,223.05740829856703,84.60798245807716,554.9131235946346,conditional_source_only_not_network_or_full_range_validated,307.6653907566442,2342.59676923109,False
1.0,S2a,232.75555648546128,88.28659039103704,552.2178747437072,conditional_source_only_not_network_or_full_range_validated,321.04214687649835,2342.5967692310905,False
1.0,S2a,242.45370467235543,91.9651983239969,549.5359512461422,conditional_source_only_not_network_or_full_range_validated,334.41890299635236,2342.5967692310905,False
1.0,S2a,252.1518528592497,95.64380625695678,546.8673531019398,conditional_source_only_not_network_or_full_range_validated,347.7956591162065,2342.5967692310905,False
1.0,S2a,261.85000104614386,99.32241418991666,544.2120803110997,conditional_source_only_not_network_or_full_range_validated,361.1724152360605,2342.59676923109,False
1.0,S2a,271.54814923303815,103.00102212287652,541.5701328736221,conditional_source_only_not_network_or_full_range_validated,374.54917135591467,2342.59676923109,True
1.0,S2a,281.2462974199323,106.6796300558364,538.9415107895071,conditional_source_only_not_network_or_full_range_validated,387.92592747576873,2342.5967692310905,True
1.0,S2a,290.9444456068265,110.35823798879628,536.3262140587545,conditional_source_only_not_network_or_full_range_validated,401.30268359562274,2342.5967692310905,True
1.0,S2a,300.6425937937208,114.03684592175615,533.7242426813646,conditional_source_only_not_network_or_full_range_validated,414.6794397154769,2342.5967692310905,True
1.0,S2a,310.3407419806149,117.71545385471605,531.1355966573369,conditional_source_only_not_network_or_full_range_validated,428.0561958353309,2342.59676923109,True
1.0,S2a,320.0388901675092,121.39406178767592,528.5602759866719,conditional_source_only_not_network_or_full_range_validated,441.4329519551851,2342.5967692310905,True
1.0,S2a,329.7370383544034,125.0726697206358,525.9982806693693,conditional_source_only_not_network_or_full_range_validated,454.8097080750392,2342.59676923109,True
1.0,S2a,339.4351865412976,128.75127765359565,523.4496107054291,conditional_source_only_not_network_or_full_range_validated,468.18646419489323,2342.5967692310905,True
1.0,S2a,349.1333347281918,132.42988558655554,520.9142660948514,conditional_source_only_not_network_or_full_range_validated,481.56322031474735,2342.5967692310905,False
1.0,S2a,358.83148291508604,136.1084935195154,518.3922468376363,conditional_source_only_not_network_or_full_range_validated,494.9399764346015,2342.5967692310905,False
1.0,S2a,368.5296311019802,139.7871014524753,515.8835529337836,conditional_source_only_not_network_or_full_range_validated,508.3167325544555,2342.59676923109,False
1.0,S2a,378.22777928887456,143.4657093854352,513.3881843832934,conditional_source_only_not_network_or_full_range_validated,521.6934886743097,2342.5967692310905,False
1.0,S2a,387.9259274757687,147.14431731839505,510.9061411861656,conditional_source_only_not_network_or_full_range_validated,535.0702447941637,2342.59676923109,False
1.0,S2a,9.339950004294648,4.002835716126278,617.6245471365563,conditional_source_only_not_network_or_full_range_validated,13.342785720420927,2338.69743114431,False
1.0,S2a,18.679900008589296,8.005671432252557,614.6799724053683,conditional_source_only_not_network_or_full_range_validated,26.685571440841855,2338.69743114431,False
1.0,S2a,28.019850012883943,12.008507148378836,611.7479205004466,conditional_source_only_not_network_or_full_range_validated,40.028357161262775,2338.6974311443096,False
1.0,S2a,37.35980001717859,16.011342864505114,608.8283914217909,conditional_source_only_not_network_or_full_range_validated,53.37114288168371,2338.69743114431,False
1.0,S2a,46.69975002147324,20.01417858063139,605.9213851694016,conditional_source_only_not_network_or_full_range_validated,66.71392860210463,2338.697431144309,False
1.0,S2a,56.03970002576789,24.017014296757672,603.0269017432782,conditional_source_only_not_network_or_full_range_validated,80.05671432252556,2338.69743114431,False
1.0,S2a,65.37965003006254,28.01985001288395,600.1449411434212,conditional_source_only_not_network_or_full_range_validated,93.39950004294649,2338.6974311443096,False
1.0,S2a,74.71960003435719,32.02268572901023,597.2755033698302,conditional_source_only_not_network_or_full_range_validated,106.74228576336742,2338.69743114431,False
1.0,S2a,84.05955003865184,36.025521445136505,594.4185884225055,conditional_source_only_not_network_or_full_range_validated,120.08507148378834,2338.6974311443096,False
1.0,S2a,93.39950004294649,40.02835716126278,591.5741963014468,conditional_source_only_not_network_or_full_range_validated,133.42785720420926,2338.697431144309,False
1.0,S2a,102.73945004724114,44.03119287738907,588.7423270066545,conditional_source_only_not_network_or_full_range_validated,146.7706429246302,2338.6974311443096,False
1.0,S2a,112.0794000515358,48.03402859351535,585.9229805381282,conditional_source_only_not_network_or_full_range_validated,160.11342864505116,2338.69743114431,False
1.0,S2a,121.41935005583042,52.03686430964162,583.1161568958681,conditional_source_only_not_network_or_full_range_validated,173.45621436547205,2338.69743114431,False
1.0,S2a,130.75930006012507,56.0397000257679,580.3218560798741,conditional_source_only_not_network_or_full_range_validated,186.79900008589297,2338.6974311443096,False
1.0,S2a,140.09925006441972,60.04253574189418,577.5400780901465,conditional_source_only_not_network_or_full_range_validated,200.1417858063139,2338.6974311443096,False
1.0,S2a,149.43920006871437,64.04537145802045,574.7708229266848,conditional_source_only_not_network_or_full_range_validated,213.48457152673484,2338.69743114431,False
1.0,S2a,158.77915007300902,68.04820717414674,572.0140905894895,conditional_source_only_not_network_or_full_range_validated,226.82735724715576,2338.6974311443096,False
1.0,S2a,168.11910007730367,72.05104289027301,569.2698810785602,conditional_source_only_not_network_or_full_range_validated,240.17014296757668,2338.6974311443096,False
1.0,S2a,177.45905008159832,76.0538786063993,566.5381943938971,conditional_source_only_not_network_or_full_range_validated,253.5129286879976,2338.6974311443096,False
1.0,S2a,186.7990000858929,80.05671432252556,563.8190305355002,conditional_source_only_not_network_or_full_range_validated,266.85571440841846,2338.697431144309,False
1.0,S2a,196.1389500901876,84.05955003865185,561.1123895033695,conditional_source_only_not_network_or_full_range_validated,280.19850012883944,2338.6974311443096,False
1.0,S2a,205.47890009448227,88.06238575477813,558.4182712975049,conditional_source_only_not_network_or_full_range_validated,293.5412858492604,2338.6974311443096,False
1.0,S2a,214.8188500987769,92.06522147090442,555.7366759179065,conditional_source_only_not_network_or_full_range_validated,306.8840715696813,2338.6974311443096,False
1.0,S2a,224.1588001030716,96.06805718703067,553.0676033645742,conditional_source_only_not_network_or_full_range_validated,320.22685729010226,2338.69743114431,False
1.0,S2a,233.49875010736616,100.07089290315696,550.4110536375082,conditional_source_only_not_network_or_full_range_validated,333.5696430105231,2338.6974311443096,False
1.0,S2a,242.83870011166084,104.07372861928324,547.7670267367083,conditional_source_only_not_network_or_full_range_validated,346.9124287309441,2338.69743114431,False
1.0,S2a,252.1786501159555,108.07656433540951,545.1355226621746,conditional_source_only_not_network_or_full_range_validated,360.255214451365,2338.6974311443096,False
1.0,S2a,261.51860012025014,112.0794000515358,542.516541413907,conditional_source_only_not_network_or_full_range_validated,373.59800017178594,2338.6974311443096,True
1.0,S2a,270.8585501245448,116.0822357676621,539.9100829919056,conditional_source_only_not_network_or_full_range_validated,386.9407858922069,2338.6974311443096,True
1.0,S2a,280.19850012883944,120.08507148378835,537.3161473961703,conditional_source_only_not_network_or_full_range_validated,400.2835716126278,2338.6974311443096,True
1.0,S2a,289.53845013313406,124.08790719991462,534.7347346267013,conditional_source_only_not_network_or_full_range_validated,413.6263573330487,2338.69743114431,True
1.0,S2a,298.87840013742874,128.0907429160409,532.1658446834984,conditional_source_only_not_network_or_full_range_validated,426.9691430534697,2338.69743114431,True
1.0,S2a,308.2183501417234,132.0935786321672,529.6094775665617,conditional_source_only_not_network_or_full_range_validated,440.3119287738906,2338.6974311443096,True
1.0,S2a,317.55830014601804,136.09641434829348,527.0656332758912,conditional_source_only_not_network_or_full_range_validated,453.6547144943115,2338.6974311443096,True
1.0,S2a,326.89825015031266,140.09925006441975,524.5343118114869,conditional_source_only_not_network_or_full_range_validated,466.99750021473244,2338.6974311443096,True
1.0,S2a,336.23820015460734,144.10208578054602,522.0155131733486,conditional_source_only_not_network_or_full_range_validated,480.34028593515336,2338.6974311443096,True
1.0,S2a,345.578150158902,148.10492149667232,519.5092373614766,conditional_source_only_not_network_or_full_range_validated,493.68307165557434,2338.6974311443096,False
1.0,S2a,354.91810016319664,152.1077572127986,517.0154843758706,conditional_source_only_not_network_or_full_range_validated,507.0258573759952,2338.6974311443096,False
1.0,S2a,364.25805016749126,156.11059292892486,514.5342542165309,conditional_source_only_not_network_or_full_range_validated,520.3686430964161,2338.69743114431,False
1.0,S2a,373.5980001717859,160.11342864505113,512.0655468834574,conditional_source_only_not_network_or_full_range_validated,533.711428816837,2338.69743114431,False
1.0,S2a,8.983566508665492,4.325420911579681,617.6689878983213,conditional_source_only_not_network_or_full_range_validated,13.308987420245174,2334.81105266779,False
1.0,S2a,17.967133017330983,8.650841823159363,614.7681203990902,conditional_source_only_not_network_or_full_range_validated,26.617974840490348,2334.81105266779,False
1.0,S2a,26.95069952599648,12.976262734739043,611.8790421963165,conditional_source_only_not_network_or_full_range_validated,39.92696226073552,2334.8110526677897,False
1.0,S2a,35.93426603466197,17.301683646318725,609.0017532900006,conditional_source_only_not_network_or_full_range_validated,53.235949680980696,2334.81105266779,False
1.0,S2a,44.91783254332746,21.6271045578984,606.1362536801425,conditional_source_only_not_network_or_full_range_validated,66.54493710122586,2334.8110526677897,False
1.0,S2a,53.90139905199296,25.95252546947809,603.282543366742,conditional_source_only_not_network_or_full_range_validated,79.85392452147104,2334.8110526677897,False
1.0,S2a,62.88496556065844,30.277946381057767,600.4406223497992,conditional_source_only_not_network_or_full_range_validated,93.1629119417162,2334.8110526677897,False
1.0,S2a,71.86853206932393,34.60336729263745,597.6104906293141,conditional_source_only_not_network_or_full_range_validated,106.47189936196139,2334.81105266779,False
1.0,S2a,80.85209857798942,38.92878820421713,594.7921482052867,conditional_source_only_not_network_or_full_range_validated,119.78088678220655,2334.81105266779,False
1.0,S2a,89.83566508665491,43.2542091157968,591.985595077717,conditional_source_only_not_network_or_full_range_validated,133.0898742024517,2334.8110526677897,False
1.0,S2a,98.81923159532042,47.579630027376496,589.190831246605,conditional_source_only_not_network_or_full_range_validated,146.39886162269693,2334.81105266779,False
1.0,S2a,107.80279810398592,51.90505093895618,586.4078567119507,conditional_source_only_not_network_or_full_range_validated,159.7078490429421,2334.8110526677897,False
1.0,S2a,116.78636461265138,56.23047185053585,583.6366714737541,conditional_source_only_not_network_or_full_range_validated,173.01683646318725,2334.81105266779,False
1.0,S2a,125.76993112131689,60.55589276211553,580.8772755320151,conditional_source_only_not_network_or_full_range_validated,186.3258238834324,2334.8110526677897,False
1.0,S2a,134.75349762998238,64.88131367369522,578.1296688867338,conditional_source_only_not_network_or_full_range_validated,199.6348113036776,2334.8110526677897,False
1.0,S2a,143.73706413864787,69.2067345852749,575.3938515379105,conditional_source_only_not_network_or_full_range_validated,212.94379872392278,2334.81105266779,False
1.0,S2a,152.72063064731338,73.53215549685459,572.6698234855445,conditional_source_only_not_network_or_full_range_validated,226.25278614416797,2334.81105266779,False
1.0,S2a,161.70419715597885,77.85757640843426,569.9575847296364,conditional_source_only_not_network_or_full_range_validated,239.5617735644131,2334.81105266779,False
1.0,S2a,170.68776366464434,82.18299732001394,567.257135270186,conditional_source_only_not_network_or_full_range_validated,252.87076098465826,2334.81105266779,False
1.0,S2a,179.67133017330983,86.50841823159361,564.5684751071932,conditional_source_only_not_network_or_full_range_validated,266.1797484049034,2334.8110526677897,False
1.0,S2a,188.6548966819753,90.8338391431733,561.8916042406582,conditional_source_only_not_network_or_full_range_validated,279.4887358251486,2334.81105266779,False
1.0,S2a,197.63846319064083,95.159260054753,559.2265226705808,conditional_source_only_not_network_or_full_range_validated,292.79772324539385,2334.8110526677897,False
1.0,S2a,206.6220296993063,99.48468096633266,556.5732303969612,conditional_source_only_not_network_or_full_range_validated,306.10671066563896,2334.81105266779,False
1.0,S2a,215.60559620797184,103.81010187791236,553.9317274197992,conditional_source_only_not_network_or_full_range_validated,319.4156980858842,2334.8110526677897,False
1.0,S2a,224.58916271663728,108.135522789492,551.302013739095,conditional_source_only_not_network_or_full_range_validated,332.7246855061293,2334.81105266779,False
1.0,S2a,233.5727292253028,112.4609437010717,548.6840893548484,conditional_source_only_not_network_or_full_range_validated,346.0336729263745,2334.8110526677897,False
1.0,S2a,242.55629573396828,116.7863646126514,546.0779542670596,conditional_source_only_not_network_or_full_range_validated,359.3426603466197,2334.81105266779,False
1.0,S2a,251.53986224263377,121.11178552423108,543.4836084757284,conditional_source_only_not_network_or_full_range_validated,372.65164776686487,2334.81105266779,True
1.0,S2a,260.52342875129926,125.43720643581077,540.9010519808548,conditional_source_only_not_network_or_full_range_validated,385.96063518711003,2334.81105266779,True
1.0,S2a,269.50699525996475,129.76262734739043,538.3302847824392,conditional_source_only_not_network_or_full_range_validated,399.2696226073552,2334.8110526677897,True
1.0,S2a,278.4905617686302,134.0880482589701,535.771306880481,conditional_source_only_not_network_or_full_range_validated,412.5786100276003,2334.8110526677906,True
1.0,S2a,287.47412827729573,138.4134691705498,533.2241182749807,conditional_source_only_not_network_or_full_range_validated,425.88759744784556,2334.81105266779,True
1.0,S2a,296.4576947859612,142.73889008212947,530.688718965938,conditional_source_only_not_network_or_full_range_validated,439.19658486809067,2334.81105266779,True
1.0,S2a,305.4412612946268,147.06431099370917,528.165108953353,conditional_source_only_not_network_or_full_range_validated,452.505572288336,2334.81105266779,True
1.0,S2a,314.4248278032922,151.3897319052888,525.6532882372258,conditional_source_only_not_network_or_full_range_validated,465.814559708581,2334.81105266779,True
1.0,S2a,323.4083943119577,155.7151528168685,523.1532568175561,conditional_source_only_not_network_or_full_range_validated,479.1235471288262,2334.81105266779,False
1.0,S2a,332.3919608206232,160.0405737284482,520.6650146943442,conditional_source_only_not_network_or_full_range_validated,492.4325345490714,2334.81105266779,False
1.0,S2a,341.3755273292887,164.36599464002788,518.1885618675901,conditional_source_only_not_network_or_full_range_validated,505.7415219693165,2334.81105266779,False
1.0,S2a,350.3590938379542,168.69141555160758,515.7238983372936,conditional_source_only_not_network_or_full_range_validated,519.0505093895617,2334.8110526677897,False
1.0,S2a,359.34266034661965,173.01683646318722,513.2710241034547,conditional_source_only_not_network_or_full_range_validated,532.3594968098068,2334.8110526677897,False
1.0,S2a,8.628983944626102,4.646375970183287,617.7132362235127,conditional_source_only_not_network_or_full_range_validated,13.275359914809389,2330.937569301021,False
1.0,S2a,17.257967889252203,9.292751940366571,614.8559515030112,conditional_source_only_not_network_or_full_range_validated,26.550719829618775,2330.9375693010215,False
1.0,S2a,25.886951833878307,13.93912791054986,612.0097905325057,conditional_source_only_not_network_or_full_range_validated,39.82607974442817,2330.937569301021,False
1.0,S2a,34.51593577850441,18.585503880733143,609.1747533119961,conditional_source_only_not_network_or_full_range_validated,53.10143965923755,2330.9375693010215,False
1.0,S2a,43.144919723130506,23.23187985091643,606.3508398414825,conditional_source_only_not_network_or_full_range_validated,66.37679957404694,2330.9375693010215,False
1.0,S2a,51.77390366775661,27.87825582109972,603.5380501209651,conditional_source_only_not_network_or_full_range_validated,79.65215948885634,2330.937569301021,False
1.0,S2a,60.40288761238271,32.52463179128301,600.7363841504437,conditional_source_only_not_network_or_full_range_validated,92.92751940366571,2330.937569301021,False
1.0,S2a,69.03187155700881,37.17100776146629,597.9458419299183,conditional_source_only_not_network_or_full_range_validated,106.20287931847511,2330.9375693010215,False
1.0,S2a,77.66085550163491,41.81738373164958,595.1664234593889,conditional_source_only_not_network_or_full_range_validated,119.47823923328448,2330.9375693010215,False
1.0,S2a,86.28983944626101,46.46375970183286,592.3981287388555,conditional_source_only_not_network_or_full_range_validated,132.75359914809388,2330.9375693010215,False
1.0,S2a,94.91882339088713,51.11013567201616,589.6409577683181,conditional_source_only_not_network_or_full_range_validated,146.02895906290328,2330.937569301021,False
1.0,S2a,103.54780733551324,55.75651164219944,586.8949105477767,conditional_source_only_not_network_or_full_range_validated,159.30431897771268,2330.937569301021,False
1.0,S2a,112.17679128013933,60.40288761238273,584.1599870772316,conditional_source_only_not_network_or_full_range_validated,172.57967889252205,2330.9375693010215,False
1.0,S2a,120.80577522476544,65.04926358256601,581.4361873566822,conditional_source_only_not_network_or_full_range_validated,185.85503880733145,2330.9375693010215,False
1.0,S2a,129.43475916939153,69.6956395527493,578.723511386129,conditional_source_only_not_network_or_full_range_validated,199.13039872214082,2330.9375693010215,False
1.0,S2a,138.06374311401763,74.34201552293258,576.0219591655717,conditional_source_only_not_network_or_full_range_validated,212.40575863695022,2330.9375693010215,False
1.0,S2a,146.69272705864373,78.98839149311587,573.3315306950105,conditional_source_only_not_network_or_full_range_validated,225.6811185517596,2330.9375693010215,False
1.0,S2a,155.32171100326983,83.63476746329916,570.6522259744455,conditional_source_only_not_network_or_full_range_validated,238.95647846656897,2330.9375693010215,False
1.0,S2a,163.95069494789593,88.28114343348244,567.9840450038763,conditional_source_only_not_network_or_full_range_validated,252.23183838137837,2330.937569301021,False
1.0,S2a,172.57967889252205,92.92751940366573,565.3269877833033,conditional_source_only_not_network_or_full_range_validated,265.50719829618777,2330.9375693010215,False
1.0,S2a,181.20866283714813,97.57389537384904,562.6810543127261,conditional_source_only_not_network_or_full_range_validated,278.7825582109972,2330.9375693010215,False
1.0,S2a,189.83764678177425,102.22027134403233,560.0462445921451,conditional_source_only_not_network_or_full_range_validated,292.05791812580657,2330.937569301021,False
1.0,S2a,198.4666307264004,106.8666473142156,557.42255862156,conditional_source_only_not_network_or_full_range_validated,305.333278040616,2330.937569301021,False
1.0,S2a,207.09561467102645,111.51302328439888,554.809996400971,conditional_source_only_not_network_or_full_range_validated,318.60863795542537,2330.937569301021,False
1.0,S2a,215.72459861565247,116.15939925458215,552.2085579303781,conditional_source_only_not_network_or_full_range_validated,331.8839978702346,2330.937569301021,False
1.0,S2a,224.35358256027865,120.80577522476544,549.6182432097811,conditional_source_only_not_network_or_full_range_validated,345.1593577850441,2330.9375693010215,False
1.0,S2a,232.98256650490475,125.45215119494875,547.0390522391801,conditional_source_only_not_network_or_full_range_validated,358.43471769985354,2330.9375693010215,False
1.0,S2a,241.61155044953085,130.09852716513203,544.4709850185753,conditional_source_only_not_network_or_full_range_validated,371.71007761466285,2330.937569301021,True
1.0,S2a,250.24053439415695,134.74490313531533,541.9140415479665,conditional_source_only_not_network_or_full_range_validated,384.9854375294723,2330.937569301021,True
1.0,S2a,258.86951833878305,139.3912791054986,539.3682218273536,conditional_source_only_not_network_or_full_range_validated,398.26079744428165,2330.9375693010215,True
1.0,S2a,267.49850228340915,144.0376550756819,536.8335258567369,conditional_source_only_not_network_or_full_range_validated,411.536157359091,2330.9375693010215,True
1.0,S2a,276.12748622803525,148.68403104586517,534.309953636116,conditional_source_only_not_network_or_full_range_validated,424.81151727390045,2330.9375693010215,True
1.0,S2a,284.7564701726614,153.33040701604847,531.7975051654912,conditional_source_only_not_network_or_full_range_validated,438.0868771887099,2330.937569301021,True
1.0,S2a,293.38545411728745,157.97678298623174,529.2961804448626,conditional_source_only_not_network_or_full_range_validated,451.3622371035192,2330.9375693010215,True
1.0,S2a,302.01443806191355,162.62315895641504,526.8059794742298,conditional_source_only_not_network_or_full_range_validated,464.6375970183286,2330.937569301021,False
1.0,S2a,310.64342200653965,167.2695349265983,524.3269022535932,conditional_source_only_not_network_or_full_range_validated,477.91295693313793,2330.9375693010215,False
1.0,S2a,319.2724059511657,171.9159108967816,521.8589487829526,conditional_source_only_not_network_or_full_range_validated,491.1883168479473,2330.9375693010215,False
1.0,S2a,327.90138989579185,176.56228686696488,519.4021190623079,conditional_source_only_not_network_or_full_range_validated,504.46367676275673,2330.937569301021,False
1.0,S2a,336.530373840418,181.20866283714815,516.9564130916593,conditional_source_only_not_network_or_full_range_validated,517.7390366775662,2330.9375693010215,False
1.0,S2a,345.15935778504405,185.85503880733145,514.5218308710067,conditional_source_only_not_network_or_full_range_validated,531.0143965923755,2330.9375693010215,False
1.0,S2a,8.276188695467056,4.965713217280233,617.7572933247462,conditional_source_only_not_network_or_full_range_validated,13.241901912747288,2327.0769169708124,False
1.0,S2a,16.55237739093411,9.931426434560466,614.9434671435807,conditional_source_only_not_network_or_full_range_validated,26.483803825494576,2327.0769169708124,False
1.0,S2a,24.828566086401164,14.8971396518407,612.140166150514,conditional_source_only_not_network_or_full_range_validated,39.725705738241864,2327.076916970813,False
1.0,S2a,33.10475478186822,19.86285286912093,609.3473903455458,conditional_source_only_not_network_or_full_range_validated,52.96760765098915,2327.0769169708124,False
1.0,S2a,41.38094347733527,24.82856608640116,606.5651397286765,conditional_source_only_not_network_or_full_range_validated,66.20950956373643,2327.076916970813,False
1.0,S2a,49.65713217280233,29.7942793036814,603.7934142999059,conditional_source_only_not_network_or_full_range_validated,79.45141147648373,2327.076916970813,False
1.0,S2a,57.93332086826938,34.75999252096163,601.0322140592339,conditional_source_only_not_network_or_full_range_validated,92.69331338923101,2327.076916970813,False
1.0,S2a,66.20950956373645,39.72570573824186,598.2815390066606,conditional_source_only_not_network_or_full_range_validated,105.9352153019783,2327.0769169708124,False
1.0,S2a,74.48569825920349,44.691418955522096,595.5413891421861,conditional_source_only_not_network_or_full_range_validated,119.17711721472558,2327.076916970813,False
1.0,S2a,82.76188695467054,49.65713217280232,592.8117644658101,conditional_source_only_not_network_or_full_range_validated,132.41901912747286,2327.076916970813,False
1.0,S2a,91.0380756501376,54.62284539008256,590.0926649775331,conditional_source_only_not_network_or_full_range_validated,145.66092104022016,2327.076916970813,False
1.0,S2a,99.31426434560466,59.5885586073628,587.3840906773545,conditional_source_only_not_network_or_full_range_validated,158.90282295296745,2327.076916970813,False
1.0,S2a,107.5904530410717,64.55427182464302,584.6860415652748,conditional_source_only_not_network_or_full_range_validated,172.14472486571472,2327.076916970813,False
1.0,S2a,115.86664173653875,69.51998504192326,581.9985176412938,conditional_source_only_not_network_or_full_range_validated,185.38662677846202,2327.076916970813,False
1.0,S2a,124.1428304320058,74.48569825920347,579.3215189054114,conditional_source_only_not_network_or_full_range_validated,198.62852869120928,2327.076916970813,False
1.0,S2a,132.4190191274729,79.45141147648373,576.6550453576277,conditional_source_only_not_network_or_full_range_validated,211.8704306039566,2327.0769169708124,False
1.0,S2a,140.69520782293995,84.41712469376397,573.9990969979427,conditional_source_only_not_network_or_full_range_validated,225.11233251670393,2327.0769169708133,False
1.0,S2a,148.97139651840698,89.38283791104419,571.3536738263565,conditional_source_only_not_network_or_full_range_validated,238.35423442945117,2327.076916970813,False
1.0,S2a,157.24758521387403,94.34855112832444,568.7187758428689,conditional_source_only_not_network_or_full_range_validated,251.59613634219846,2327.0769169708133,False
1.0,S2a,165.5237739093411,99.31426434560464,566.09440304748,conditional_source_only_not_network_or_full_range_validated,264.83803825494573,2327.076916970813,False
1.0,S2a,173.79996260480817,104.2799775628849,563.48055544019,conditional_source_only_not_network_or_full_range_validated,278.07994016769305,2327.076916970813,False
1.0,S2a,182.0761513002752,109.24569078016512,560.8772330209983,conditional_source_only_not_network_or_full_range_validated,291.3218420804403,2327.076916970813,False
1.0,S2a,190.35233999574228,114.21140399744536,558.2844357899056,conditional_source_only_not_network_or_full_range_validated,304.56374399318764,2327.076916970813,False
1.0,S2a,198.6285286912093,119.1771172147256,555.7021637469117,conditional_source_only_not_network_or_full_range_validated,317.8056459059349,2327.076916970813,False
1.0,S2a,206.9047173866764,124.1428304320058,553.1304168920162,conditional_source_only_not_network_or_full_range_validated,331.0475478186822,2327.0769169708124,False
1.0,S2a,215.1809060821434,129.10854364928605,550.5691952252196,conditional_source_only_not_network_or_full_range_validated,344.28944973142944,2327.076916970813,False
1.0,S2a,223.45709477761048,134.0742568665663,548.0184987465217,conditional_source_only_not_network_or_full_range_validated,357.53135164417677,2327.076916970813,False
1.0,S2a,231.7332834730775,139.03997008384653,545.4783274559223,conditional_source_only_not_network_or_full_range_validated,370.77325355692403,2327.076916970813,True
1.0,S2a,240.0094721685446,144.00568330112677,542.9486813534219,conditional_source_only_not_network_or_full_range_validated,384.01515546967136,2327.076916970813,True
1.0,S2a,248.2856608640116,148.97139651840695,540.4295604390201,conditional_source_only_not_network_or_full_range_validated,397.25705738241857,2327.076916970813,True
1.0,S2a,256.5618495594787,153.93710973568722,537.9209647127168,conditional_source_only_not_network_or_full_range_validated,410.4989592951659,2327.076916970813,True
1.0,S2a,264.8380382549458,158.90282295296743,535.4228941745124,conditional_source_only_not_network_or_full_range_validated,423.7408612079132,2327.0769169708124,True
1.0,S2a,273.1142269504128,163.8685361702477,532.9353488244066,conditional_source_only_not_network_or_full_range_validated,436.9827631206605,2327.0769169708133,True
1.0,S2a,281.3904156458799,168.83424938752793,530.4583286623996,conditional_source_only_not_network_or_full_range_validated,450.22466503340786,2327.0769169708133,False
1.0,S2a,289.6666043413469,173.79996260480812,527.9918336884913,conditional_source_only_not_network_or_full_range_validated,463.466566946155,2327.076916970813,False
1.0,S2a,297.94279303681395,178.76567582208838,525.5358639026815,conditional_source_only_not_network_or_full_range_validated,476.70846885890234,2327.076916970813,False
1.0,S2a,306.218981732281,183.7313890393686,523.0904193049706,conditional_source_only_not_network_or_full_range_validated,489.9503707716496,2327.076916970813,False
1.0,S2a,314.49517042774806,188.6971022566489,520.6554998953583,conditional_source_only_not_network_or_full_range_validated,503.1922726843969,2327.0769169708133,False
1.0,S2a,322.7713591232151,193.66281547392907,518.2311056738448,conditional_source_only_not_network_or_full_range_validated,516.4341745971442,2327.076916970813,False
1.0,S2a,331.0475478186822,198.62852869120928,515.8172366404299,conditional_source_only_not_network_or_full_range_validated,529.6760765098915,2327.076916970813,False
1.0,S2a,7.9251672814070515,5.283444854271369,617.801160404875,conditional_source_only_not_network_or_full_range_validated,13.20861213567842,2323.229032027762,False
1.0,S2a,15.850334562814105,10.566889708542735,615.0306687426289,conditional_source_only_not_network_or_full_range_validated,26.41722427135684,2323.229032027762,False
1.0,S2a,23.77550184422116,15.850334562814108,612.2701697072721,conditional_source_only_not_network_or_full_range_validated,39.625836407035266,2323.2290320277616,False
1.0,S2a,31.70066912562821,21.133779417085474,609.5196632988049,conditional_source_only_not_network_or_full_range_validated,52.83444854271369,2323.229032027762,False
1.0,S2a,39.62583640703526,26.41722427135684,606.779149517227,conditional_source_only_not_network_or_full_range_validated,66.0430606783921,2323.229032027761,False
1.0,S2a,47.55100368844232,31.700669125628213,604.0486283625386,conditional_source_only_not_network_or_full_range_validated,79.25167281407053,2323.229032027762,False
1.0,S2a,55.47617096984936,36.984113979899575,601.3280998347394,conditional_source_only_not_network_or_full_range_validated,92.46028494974894,2323.2290320277616,False
1.0,S2a,63.40133825125641,42.26755883417095,598.6175639338298,conditional_source_only_not_network_or_full_range_validated,105.66889708542736,2323.229032027762,False
1.0,S2a,71.32650553266346,47.55100368844231,595.9170206598094,conditional_source_only_not_network_or_full_range_validated,118.87750922110577,2323.2290320277616,False
1.0,S2a,79.25167281407052,52.83444854271368,593.2264700126785,conditional_source_only_not_network_or_full_range_validated,132.0861213567842,2323.229032027761,False
1.0,S2a,87.17684009547757,58.11789339698505,590.545911992437,conditional_source_only_not_network_or_full_range_validated,145.29473349246263,2323.2290320277616,False
1.0,S2a,95.10200737688464,63.401338251256426,587.875346599085,conditional_source_only_not_network_or_full_range_validated,158.50334562814106,2323.229032027762,False
1.0,S2a,103.02717465829166,68.68478310552779,585.2147738326223,conditional_source_only_not_network_or_full_range_validated,171.71195776381944,2323.2290320277616,False
1.0,S2a,110.95234193969873,73.96822795979915,582.5641936930491,conditional_source_only_not_network_or_full_range_validated,184.92056989949788,2323.2290320277616,False
1.0,S2a,118.87750922110575,79.25167281407052,579.9236061803651,conditional_source_only_not_network_or_full_range_validated,198.12918203517626,2323.2290320277616,False
1.0,S2a,126.80267650251282,84.5351176683419,577.2930112945705,conditional_source_only_not_network_or_full_range_validated,211.33779417085472,2323.229032027762,False
1.0,S2a,134.7278437839199,89.81856252261326,574.6724090356655,conditional_source_only_not_network_or_full_range_validated,224.54640630653316,2323.2290320277616,False
1.0,S2a,142.65301106532692,95.1020073768846,572.0617994036498,conditional_source_only_not_network_or_full_range_validated,237.7550184422115,2323.2290320277616,False
1.0,S2a,150.57817834673398,100.385452231156,569.4611823985235,conditional_source_only_not_network_or_full_range_validated,250.96363057788997,2323.2290320277616,False
1.0,S2a,158.50334562814103,105.66889708542736,566.8705580202867,conditional_source_only_not_network_or_full_range_validated,264.1722427135684,2323.229032027761,False
1.0,S2a,166.4285129095481,110.95234193969873,564.289926268939,conditional_source_only_not_network_or_full_range_validated,277.3808548492468,2323.2290320277616,False
1.0,S2a,174.35368019095517,116.2357867939701,561.719287144481,conditional_source_only_not_network_or_full_range_validated,290.58946698492525,2323.2290320277616,False
1.0,S2a,182.2788474723622,121.51923164824149,559.1586406469122,conditional_source_only_not_network_or_full_range_validated,303.7980791206037,2323.2290320277616,False
1.0,S2a,190.2040147537693,126.80267650251284,556.6079867762329,conditional_source_only_not_network_or_full_range_validated,317.0066912562821,2323.229032027762,False
1.0,S2a,198.12918203517623,132.0861213567842,554.0673255324431,conditional_source_only_not_network_or_full_range_validated,330.21530339196045,2323.229032027762,False
1.0,S2a,206.0543493165833,137.36956621105557,551.5366569155426,conditional_source_only_not_network_or_full_range_validated,343.4239155276389,2323.2290320277616,False
1.0,S2a,213.9795165979904,142.65301106532692,549.0159809255315,conditional_source_only_not_network_or_full_range_validated,356.6325276633173,2323.229032027762,False
1.0,S2a,221.90468387939745,147.9364559195983,546.5052975624096,conditional_source_only_not_network_or_full_range_validated,369.84113979899575,2323.2290320277616,True
1.0,S2a,229.8298511608045,153.21990077386968,544.0046068261773,conditional_source_only_not_network_or_full_range_validated,383.0497519346742,2323.229032027762,True
1.0,S2a,237.75501844221156,158.50334562814103,541.5139087168344,conditional_source_only_not_network_or_full_range_validated,396.2583640703526,2323.2290320277616,True
1.0,S2a,245.6801857236186,163.7867904824124,539.033203234381,conditional_source_only_not_network_or_full_range_validated,409.466976206031,2323.2290320277616,True
1.0,S2a,253.60535300502565,169.0702353366838,536.5624903788168,conditional_source_only_not_network_or_full_range_validated,422.67558834170944,2323.229032027762,True
1.0,S2a,261.5305202864327,174.35368019095517,534.101770150142,conditional_source_only_not_network_or_full_range_validated,435.8842004773879,2323.2290320277616,False
1.0,S2a,269.4556875678398,179.63712504522653,531.6510425483567,conditional_source_only_not_network_or_full_range_validated,449.0928126130663,2323.2290320277616,False
1.0,S2a,277.3808548492468,184.92056989949788,529.2103075734608,conditional_source_only_not_network_or_full_range_validated,462.3014247487447,2323.2290320277616,False
1.0,S2a,285.30602213065384,190.20401475376923,526.7795652254542,conditional_source_only_not_network_or_full_range_validated,475.5100368844231,2323.2290320277616,False
1.0,S2a,293.23118941206087,195.4874596080406,524.3588155043371,conditional_source_only_not_network_or_full_range_validated,488.71864902010145,2323.2290320277616,False
1.0,S2a,301.156356693468,200.770904462312,521.9480584101094,conditional_source_only_not_network_or_full_range_validated,501.92726115578,2323.229032027762,False
1.0,S2a,309.08152397487504,206.0543493165834,519.5472939427709,conditional_source_only_not_network_or_full_range_validated,515.1358732914584,2323.2290320277616,False
1.0,S2a,317.00669125628207,211.33779417085472,517.156522102322,conditional_source_only_not_network_or_full_range_validated,528.3444854271368,2323.229032027761,False
1.0,S2a,7.575906357876073,5.599582960169273,617.8448386570813,conditional_source_only_not_network_or_full_range_validated,13.175489318045345,2319.3938512427535,False
1.0,S2a,15.151812715752143,11.199165920338546,615.1175577173026,conditional_source_only_not_network_or_full_range_validated,26.350978636090687,2319.3938512427535,False
1.0,S2a,22.72771907362822,16.79874888050782,612.3998018746739,conditional_source_only_not_network_or_full_range_validated,39.52646795413604,2319.3938512427535,False
1.0,S2a,30.30362543150429,22.39833184067709,609.6915711291957,conditional_source_only_not_network_or_full_range_validated,52.70195727218138,2319.3938512427535,False
1.0,S2a,37.879531789380366,27.99791480084636,606.9928654808675,conditional_source_only_not_network_or_full_range_validated,65.87744659022673,2319.393851242754,False
1.0,S2a,45.45543814725644,33.59749776101564,604.3036849296896,conditional_source_only_not_network_or_full_range_validated,79.05293590827208,2319.3938512427535,False
1.0,S2a,53.03134450513252,39.19708072118491,601.624029475662,conditional_source_only_not_network_or_full_range_validated,92.22842522631743,2319.3938512427535,False
1.0,S2a,60.60725086300858,44.79666368135418,598.9538991187845,conditional_source_only_not_network_or_full_range_validated,105.40391454436276,2319.3938512427535,False
1.0,S2a,68.18315722088467,50.396246641523454,596.2932938590574,conditional_source_only_not_network_or_full_range_validated,118.57940386240813,2319.393851242754,False
1.0,S2a,75.75906357876073,55.99582960169272,593.6422136964803,conditional_source_only_not_network_or_full_range_validated,131.75489318045345,2319.393851242754,False
1.0,S2a,83.33496993663681,61.595412561862,591.0006586310535,conditional_source_only_not_network_or_full_range_validated,144.9303824984988,2319.3938512427535,False
1.0,S2a,90.91087629451287,67.19499552203128,588.368628662777,conditional_source_only_not_network_or_full_range_validated,158.10587181654415,2319.3938512427535,False
1.0,S2a,98.48678265238895,72.79457848220055,585.7461237916507,conditional_source_only_not_network_or_full_range_validated,171.2813611345895,2319.3938512427535,False
1.0,S2a,106.06268901026505,78.39416144236982,583.1331440176747,conditional_source_only_not_network_or_full_range_validated,184.45685045263485,2319.3938512427535,False
1.0,S2a,113.6385953681411,83.99374440253908,580.5296893408488,conditional_source_only_not_network_or_full_range_validated,197.63233977068018,2319.393851242754,False
1.0,S2a,121.21450172601716,89.59332736270837,577.9357597611731,conditional_source_only_not_network_or_full_range_validated,210.80782908872553,2319.3938512427535,False
1.0,S2a,128.79040808389323,95.19291032287764,575.3513552786478,conditional_source_only_not_network_or_full_range_validated,223.98331840677088,2319.3938512427535,False
1.0,S2a,136.36631444176933,100.79249328304692,572.7764758932726,conditional_source_only_not_network_or_full_range_validated,237.15880772481626,2319.393851242754,False
1.0,S2a,143.94222079964538,106.39207624321618,570.2111216050478,conditional_source_only_not_network_or_full_range_validated,250.33429704286158,2319.393851242754,False
1.0,S2a,151.51812715752146,111.99165920338544,567.655292413973,conditional_source_only_not_network_or_full_range_validated,263.5097863609069,2319.393851242754,False
1.0,S2a,159.09403351539754,117.59124216355472,565.1089883200484,conditional_source_only_not_network_or_full_range_validated,276.6852756789523,2319.393851242754,False
1.0,S2a,166.66993987327362,123.190825123724,562.5722093232743,conditional_source_only_not_network_or_full_range_validated,289.8607649969976,2319.3938512427535,False
1.0,S2a,174.2458462311497,128.79040808389328,560.0449554236502,conditional_source_only_not_network_or_full_range_validated,303.036254315043,2319.393851242754,False
1.0,S2a,181.82175258902572,134.38999104406255,557.5272266211764,conditional_source_only_not_network_or_full_range_validated,316.2117436330883,2319.393851242754,False
1.0,S2a,189.39765894690183,139.9895740042318,555.0190229158528,conditional_source_only_not_network_or_full_range_validated,329.3872329511336,2319.3938512427535,False
1.0,S2a,196.9735653047779,145.5891569644011,552.5203443076794,conditional_source_only_not_network_or_full_range_validated,342.562722269179,2319.3938512427535,False
1.0,S2a,204.549471662654,151.18873992457034,550.0311907966563,conditional_source_only_not_network_or_full_range_validated,355.7382115872243,2319.393851242753,False
1.0,S2a,212.1253780205301,156.78832288473964,547.5515623827833,conditional_source_only_not_network_or_full_range_validated,368.9137009052697,2319.3938512427535,True
1.0,S2a,219.7012843784061,162.38790584490891,545.0814590660608,conditional_source_only_not_network_or_full_range_validated,382.089190223315,2319.3938512427535,True
1.0,S2a,227.2771907362822,167.98748880507816,542.6208808464883,conditional_source_only_not_network_or_full_range_validated,395.26467954136035,2319.393851242754,True
1.0,S2a,234.85309709415827,173.58707176524746,540.1698277240661,conditional_source_only_not_network_or_full_range_validated,408.44016885940573,2319.3938512427535,True
1.0,S2a,242.42900345203432,179.18665472541673,537.7282996987941,conditional_source_only_not_network_or_full_range_validated,421.61565817745105,2319.3938512427535,False
1.0,S2a,250.00490980991043,184.786237685586,535.2962967706723,conditional_source_only_not_network_or_full_range_validated,434.79114749549643,2319.393851242754,False
1.0,S2a,257.5808161677865,190.38582064575527,532.8738189397009,conditional_source_only_not_network_or_full_range_validated,447.96663681354175,2319.3938512427535,False
1.0,S2a,265.15672252566253,195.9854036059245,530.4608662058795,conditional_source_only_not_network_or_full_range_validated,461.142126131587,2319.393851242754,False
1.0,S2a,272.73262888353867,201.58498656609385,528.0574385692083,conditional_source_only_not_network_or_full_range_validated,474.3176154496325,2319.393851242754,False
1.0,S2a,280.3085352414147,207.1845695262631,525.6635360296875,conditional_source_only_not_network_or_full_range_validated,487.4931047676778,2319.3938512427535,False
1.0,S2a,287.8844415992908,212.7841524864324,523.2791585873168,conditional_source_only_not_network_or_full_range_validated,500.6685940857232,2319.393851242754,False
1.0,S2a,295.4603479571669,218.3837354466017,520.9043062420964,conditional_source_only_not_network_or_full_range_validated,513.8440834037685,2319.3938512427535,False
1.0,S2a,303.0362543150429,223.98331840677088,518.5389789940263,conditional_source_only_not_network_or_full_range_validated,527.0195727218138,2319.393851242754,False
1.0,S2a,7.228392713824299,5.914139493128972,617.8883292649684,conditional_source_only_not_network_or_full_range_validated,13.14253220695327,2315.5713118035,False
1.0,S2a,14.456785427648596,11.828278986257944,615.2041354800051,conditional_source_only_not_network_or_full_range_validated,26.28506441390654,2315.5713118035,False
1.0,S2a,21.685178141472896,17.742418479386913,612.5290633391204,conditional_source_only_not_network_or_full_range_validated,39.42759662085981,2315.5713118035005,False
1.0,S2a,28.913570855297195,23.656557972515888,609.8631128423144,conditional_source_only_not_network_or_full_range_validated,52.57012882781308,2315.5713118035,False
1.0,S2a,36.14196356912149,29.57069746564485,607.206283989587,conditional_source_only_not_network_or_full_range_validated,65.71266103476634,2315.5713118034996,False
1.0,S2a,43.37035628294579,35.484836958773826,604.5585767809382,conditional_source_only_not_network_or_full_range_validated,78.85519324171962,2315.5713118035005,False
1.0,S2a,50.59874899677009,41.3989764519028,601.9199912163681,conditional_source_only_not_network_or_full_range_validated,91.9977254486729,2315.5713118035,False
1.0,S2a,57.82714171059439,47.313115945031775,599.2905272958766,conditional_source_only_not_network_or_full_range_validated,105.14025765562616,2315.5713118035,False
1.0,S2a,65.05553442441868,53.22725543816074,596.6701850194637,conditional_source_only_not_network_or_full_range_validated,118.28278986257942,2315.5713118035,False
1.0,S2a,72.28392713824299,59.14139493128971,594.0589643871294,conditional_source_only_not_network_or_full_range_validated,131.42532206953268,2315.5713118034996,False
1.0,S2a,79.5123198520673,65.0555344244187,591.4568653988738,conditional_source_only_not_network_or_full_range_validated,144.567854276486,2315.5713118035005,False
1.0,S2a,86.74071256589158,70.96967391754765,588.863888054697,conditional_source_only_not_network_or_full_range_validated,157.71038648343924,2315.5713118035005,False
1.0,S2a,93.96910527971588,76.88381341067662,586.2800323545986,conditional_source_only_not_network_or_full_range_validated,170.8529186903925,2315.5713118035,False
1.0,S2a,101.19749799354018,82.7979529038056,583.7052982985789,conditional_source_only_not_network_or_full_range_validated,183.9954508973458,2315.5713118035,False
1.0,S2a,108.42589070736447,88.71209239693457,581.1396858866378,conditional_source_only_not_network_or_full_range_validated,197.13798310429905,2315.5713118035005,False
1.0,S2a,115.65428342118878,94.62623189006356,578.5831951187754,conditional_source_only_not_network_or_full_range_validated,210.28051531125234,2315.5713118035,False
1.0,S2a,122.88267613501309,100.54037138319252,576.0358259949916,conditional_source_only_not_network_or_full_range_validated,223.4230475182056,2315.5713118035,False
1.0,S2a,130.11106884883736,106.45451087632148,573.4975785152865,conditional_source_only_not_network_or_full_range_validated,236.56557972515884,2315.5713118035,False
1.0,S2a,137.33946156266165,112.36865036945044,570.9684526796599,conditional_source_only_not_network_or_full_range_validated,249.7081119321121,2315.5713118035005,False
1.0,S2a,144.56785427648597,118.28278986257942,568.4484484881121,conditional_source_only_not_network_or_full_range_validated,262.85064413906537,2315.5713118034996,False
1.0,S2a,151.79624699031027,124.1969293557084,565.9375659406428,conditional_source_only_not_network_or_full_range_validated,275.9931763460187,2315.5713118035005,False
1.0,S2a,159.0246397041346,130.1110688488374,563.4358050372522,conditional_source_only_not_network_or_full_range_validated,289.135708552972,2315.5713118035005,False
1.0,S2a,166.25303241795888,136.02520834196636,560.9431657779403,conditional_source_only_not_network_or_full_range_validated,302.2782407599252,2315.5713118035,False
1.0,S2a,173.48142513178317,141.9393478350953,558.4596481627069,conditional_source_only_not_network_or_full_range_validated,315.4207729668785,2315.5713118035005,False
1.0,S2a,180.70981784560743,147.85348732822428,555.9852521915523,conditional_source_only_not_network_or_full_range_validated,328.56330517383174,2315.5713118035005,False
1.0,S2a,187.93821055943172,153.76762682135325,553.5199778644761,conditional_source_only_not_network_or_full_range_validated,341.70583738078494,2315.5713118035,False
1.0,S2a,195.16660327325607,159.68176631448222,551.0638251814787,conditional_source_only_not_network_or_full_range_validated,354.84836958773826,2315.5713118035,False
1.0,S2a,202.3949959870804,165.5959058076112,548.6167941425599,conditional_source_only_not_network_or_full_range_validated,367.9909017946916,2315.5713118035,True
1.0,S2a,209.62338870090468,171.5100453007402,546.1788847477197,conditional_source_only_not_network_or_full_range_validated,381.1334340016449,2315.5713118035,True
1.0,S2a,216.85178141472892,177.42418479386913,543.7500969969582,conditional_source_only_not_network_or_full_range_validated,394.27596620859805,2315.5713118035,True
1.0,S2a,224.08017412855324,183.3383242869981,541.3304308902754,conditional_source_only_not_network_or_full_range_validated,407.4184984155513,2315.5713118035,True
1.0,S2a,231.3085668423776,189.2524637801271,538.919886427671,conditional_source_only_not_network_or_full_range_validated,420.5610306225047,2315.5713118035,False
1.0,S2a,238.53695955620185,195.16660327325604,536.5184636091453,conditional_source_only_not_network_or_full_range_validated,433.7035628294579,2315.5713118035005,False
1.0,S2a,245.7653522700261,201.080742766385,534.1261624346985,conditional_source_only_not_network_or_full_range_validated,446.8460950364111,2315.5713118035,False
1.0,S2a,252.99374498385043,206.994882259514,531.7429829043301,conditional_source_only_not_network_or_full_range_validated,459.9886272433644,2315.5713118035,False
1.0,S2a,260.2221376976747,212.90902175264296,529.3689250180404,conditional_source_only_not_network_or_full_range_validated,473.1311594503177,2315.5713118035,False
1.0,S2a,267.450530411499,218.82316124577196,527.0039887758293,conditional_source_only_not_network_or_full_range_validated,486.273691657271,2315.5713118035005,False
1.0,S2a,274.6789231253233,224.7373007389009,524.6481741776969,conditional_source_only_not_network_or_full_range_validated,499.4162238642242,2315.5713118035005,False
1.0,S2a,281.90731583914766,230.6514402320299,522.301481223643,conditional_source_only_not_network_or_full_range_validated,512.5587560711775,2315.5713118035,False
1.0,S2a,289.13570855297195,236.56557972515884,519.9639099136679,conditional_source_only_not_network_or_full_range_validated,525.7012882781307,2315.5713118034996,False
1.0,S2a,6.882613270056326,6.2271262919557255,617.9316334026496,conditional_source_only_not_network_or_full_range_validated,13.109739562012052,2311.7613513111096,False
1.0,S2a,13.765226540112652,12.454252583911453,615.2904034383375,conditional_source_only_not_network_or_full_range_validated,26.219479124024105,2311.761351311109,False
1.0,S2a,20.647839810168986,18.68137887586718,612.6579548010745,conditional_source_only_not_network_or_full_range_validated,39.329218686036164,2311.761351311109,False
1.0,S2a,27.530453080225303,24.908505167822906,610.0342874908603,conditional_source_only_not_network_or_full_range_validated,52.43895824804821,2311.761351311109,False
1.0,S2a,34.41306635028163,31.135631459778622,607.4194015076949,conditional_source_only_not_network_or_full_range_validated,65.54869781006025,2311.761351311109,False
1.0,S2a,41.29567962033797,37.36275775173436,604.8132968515783,conditional_source_only_not_network_or_full_range_validated,78.65843737207233,2311.761351311109,False
1.0,S2a,48.17829289039429,43.58988404369008,602.2159735225107,conditional_source_only_not_network_or_full_range_validated,91.76817693408437,2311.761351311109,False
1.0,S2a,55.06090616045061,49.81701033564581,599.627431520492,conditional_source_only_not_network_or_full_range_validated,104.87791649609642,2311.761351311109,False
1.0,S2a,61.94351943050694,56.04413662760152,597.047670845522,conditional_source_only_not_network_or_full_range_validated,117.98765605810846,2311.7613513111096,False
1.0,S2a,68.82613270056326,62.27126291955725,594.476691497601,conditional_source_only_not_network_or_full_range_validated,131.09739562012052,2311.7613513111096,False
1.0,S2a,75.7087459706196,68.49838921151299,591.9144934767287,conditional_source_only_not_network_or_full_range_validated,144.2071351821326,2311.7613513111096,False
1.0,S2a,82.59135924067593,74.72551550346871,589.3610767829053,conditional_source_only_not_network_or_full_range_validated,157.31687474414463,2311.7613513111087,False
1.0,S2a,89.47397251073225,80.95264179542444,586.8164414161308,conditional_source_only_not_network_or_full_range_validated,170.4266143061567,2311.7613513111096,False
1.0,S2a,96.35658578078858,87.17976808738017,584.2805873764053,conditional_source_only_not_network_or_full_range_validated,183.53635386816876,2311.761351311109,False
1.0,S2a,103.23919905084487,93.40689437933588,581.7535146637285,conditional_source_only_not_network_or_full_range_validated,196.64609343018077,2311.7613513111096,False
1.0,S2a,110.1218123209012,99.6340206712916,579.2352232781005,conditional_source_only_not_network_or_full_range_validated,209.75583299219278,2311.761351311109,False
1.0,S2a,117.00442559095757,105.86114696324734,576.7257132195215,conditional_source_only_not_network_or_full_range_validated,222.8655725542049,2311.7613513111096,False
1.0,S2a,123.88703886101388,112.08827325520303,574.2249844879913,conditional_source_only_not_network_or_full_range_validated,235.9753121162169,2311.7613513111096,False
1.0,S2a,130.76965213107022,118.3153995471588,571.73303708351,conditional_source_only_not_network_or_full_range_validated,249.08505167822904,2311.7613513111096,False
1.0,S2a,137.65226540112653,124.5425258391145,569.2498710060775,conditional_source_only_not_network_or_full_range_validated,262.19479124024105,2311.7613513111096,False
1.0,S2a,144.53487867118287,130.76965213107025,566.7754862556939,conditional_source_only_not_network_or_full_range_validated,275.3045308022531,2311.7613513111096,False
1.0,S2a,151.4174919412392,136.99677842302597,564.3098828323592,conditional_source_only_not_network_or_full_range_validated,288.4142703642652,2311.7613513111096,False
1.0,S2a,158.30010521129552,143.2239047149817,561.8530607360733,conditional_source_only_not_network_or_full_range_validated,301.52400992627724,2311.76135131111,False
1.0,S2a,165.18271848135186,149.45103100693743,559.4050199668363,conditional_source_only_not_network_or_full_range_validated,314.63374948828925,2311.7613513111087,False
1.0,S2a,172.06533175140817,155.67815729889313,556.9657605246481,conditional_source_only_not_network_or_full_range_validated,327.74348905030126,2311.761351311109,False
1.0,S2a,178.9479450214645,161.90528359084888,554.5352824095088,conditional_source_only_not_network_or_full_range_validated,340.8532286123134,2311.7613513111096,False
1.0,S2a,185.83055829152084,168.1324098828046,552.1135856214183,conditional_source_only_not_network_or_full_range_validated,353.96296817432545,2311.76135131111,False
1.0,S2a,192.7131715615772,174.35953617476034,549.7006701603768,conditional_source_only_not_network_or_full_range_validated,367.0727077363375,2311.761351311109,True
1.0,S2a,199.5957848316335,180.5866624667161,547.2965360263842,conditional_source_only_not_network_or_full_range_validated,380.1824472983496,2311.7613513111096,True
1.0,S2a,206.47839810168975,186.81378875867173,544.9011832194402,conditional_source_only_not_network_or_full_range_validated,393.2921868603615,2311.7613513111096,True
1.0,S2a,213.3610113717461,193.0409150506275,542.5146117395452,conditional_source_only_not_network_or_full_range_validated,406.40192642237355,2311.761351311109,False
1.0,S2a,220.24362464180243,199.2680413425832,540.136821586699,conditional_source_only_not_network_or_full_range_validated,419.5116659843856,2311.761351311109,False
1.0,S2a,227.1262379118588,205.49516763453892,537.7678127609018,conditional_source_only_not_network_or_full_range_validated,432.6214055463977,2311.761351311109,False
1.0,S2a,234.0088511819151,211.72229392649467,535.4075852621534,conditional_source_only_not_network_or_full_range_validated,445.7311451084098,2311.76135131111,False
1.0,S2a,240.89146445197144,217.9494202184504,533.0561390904538,conditional_source_only_not_network_or_full_range_validated,458.8408846704218,2311.761351311109,False
1.0,S2a,247.77407772202776,224.1765465104061,530.7134742458032,conditional_source_only_not_network_or_full_range_validated,471.9506242324338,2311.7613513111096,False
1.0,S2a,254.6566909920841,230.40367280236185,528.3795907282013,conditional_source_only_not_network_or_full_range_validated,485.06036379444595,2311.761351311109,False
1.0,S2a,261.53930426214043,236.6307990943176,526.0544885376484,conditional_source_only_not_network_or_full_range_validated,498.17010335645807,2311.7613513111096,False
1.0,S2a,268.42191753219674,242.8579253862733,523.7381676741442,conditional_source_only_not_network_or_full_range_validated,511.2798429184701,2311.7613513111096,False
1.0,S2a,275.30453080225305,249.085051678229,521.430628137689,conditional_source_only_not_network_or_full_range_validated,524.3895824804821,2311.7613513111096,False
1.0,S2a,6.5385550775903045,6.5385550775903045,617.974752234838,conditional_source_only_not_network_or_full_range_validated,13.077110155180609,2307.9639077766915,False
1.0,S2a,13.077110155180607,13.077110155180607,615.3763629950433,conditional_source_only_not_network_or_full_range_validated,26.154220310361215,2307.963907776691,False
1.0,S2a,19.615665232770915,19.615665232770915,612.7864769746266,conditional_source_only_not_network_or_full_range_validated,39.23133046554183,2307.963907776691,False
1.0,S2a,26.154220310361215,26.154220310361215,610.2050941735877,conditional_source_only_not_network_or_full_range_validated,52.30844062072243,2307.963907776691,False
1.0,S2a,32.69277538795152,32.69277538795152,607.6322145919265,conditional_source_only_not_network_or_full_range_validated,65.38555077590304,2307.9639077766915,False
1.0,S2a,39.23133046554183,39.23133046554183,605.0678382296431,conditional_source_only_not_network_or_full_range_validated,78.46266093108366,2307.963907776691,False
1.0,S2a,45.76988554313213,45.76988554313213,602.5119650867375,conditional_source_only_not_network_or_full_range_validated,91.53977108626427,2307.9639077766915,False
1.0,S2a,52.30844062072244,52.30844062072244,599.9645951632099,conditional_source_only_not_network_or_full_range_validated,104.61688124144489,2307.963907776691,False
1.0,S2a,58.84699569831274,58.84699569831274,597.42572845906,conditional_source_only_not_network_or_full_range_validated,117.69399139662548,2307.9639077766915,False
1.0,S2a,65.38555077590304,65.38555077590304,594.8953649742879,conditional_source_only_not_network_or_full_range_validated,130.77110155180608,2307.9639077766915,False
1.0,S2a,71.92410585349336,71.92410585349336,592.3735047088936,conditional_source_only_not_network_or_full_range_validated,143.84821170698672,2307.963907776691,False
1.0,S2a,78.46266093108366,78.46266093108366,589.8601476628771,conditional_source_only_not_network_or_full_range_validated,156.92532186216732,2307.963907776691,False
1.0,S2a,85.00121600867396,85.00121600867396,587.3552938362384,conditional_source_only_not_network_or_full_range_validated,170.00243201734793,2307.963907776691,False
1.0,S2a,91.53977108626428,91.53977108626428,584.8589432289776,conditional_source_only_not_network_or_full_range_validated,183.07954217252856,2307.963907776691,False
1.0,S2a,98.07832616385456,98.07832616385456,582.3710958410945,conditional_source_only_not_network_or_full_range_validated,196.1566523277091,2307.963907776691,False
1.0,S2a,104.61688124144489,104.61688124144489,579.8917516725894,conditional_source_only_not_network_or_full_range_validated,209.23376248288977,2307.963907776691,False
1.0,S2a,111.1554363190352,111.1554363190352,577.420910723462,conditional_source_only_not_network_or_full_range_validated,222.3108726380704,2307.963907776691,False
1.0,S2a,117.69399139662548,117.69399139662548,574.9585729937124,conditional_source_only_not_network_or_full_range_validated,235.38798279325096,2307.9639077766915,False
1.0,S2a,124.2325464742158,124.2325464742158,572.5047384833406,conditional_source_only_not_network_or_full_range_validated,248.4650929484316,2307.963907776691,False
1.0,S2a,130.77110155180608,130.77110155180608,570.0594071923466,conditional_source_only_not_network_or_full_range_validated,261.54220310361217,2307.9639077766915,False
1.0,S2a,137.3096566293964,137.3096566293964,567.6225791207305,conditional_source_only_not_network_or_full_range_validated,274.6193132587928,2307.9639077766915,False
1.0,S2a,143.84821170698672,143.84821170698672,565.1942542684922,conditional_source_only_not_network_or_full_range_validated,287.69642341397343,2307.963907776691,False
1.0,S2a,150.38676678457702,150.38676678457702,562.7744326356317,conditional_source_only_not_network_or_full_range_validated,300.77353356915404,2307.9639077766915,False
1.0,S2a,156.92532186216732,156.92532186216732,560.363114222149,conditional_source_only_not_network_or_full_range_validated,313.85064372433465,2307.963907776691,False
1.0,S2a,163.4638769397576,163.4638769397576,557.960299028044,conditional_source_only_not_network_or_full_range_validated,326.9277538795152,2307.9639077766915,False
1.0,S2a,170.00243201734793,170.00243201734793,555.5659870533169,conditional_source_only_not_network_or_full_range_validated,340.00486403469586,2307.963907776691,False
1.0,S2a,176.54098709493823,176.54098709493823,553.1801782979676,conditional_source_only_not_network_or_full_range_validated,353.08197418987646,2307.9639077766915,False
1.0,S2a,183.07954217252853,183.07954217252853,550.8028727619962,conditional_source_only_not_network_or_full_range_validated,366.15908434505707,2307.9639077766915,True
1.0,S2a,189.61809725011884,189.61809725011884,548.4340704454025,conditional_source_only_not_network_or_full_range_validated,379.2361945002377,2307.963907776691,True
1.0,S2a,196.15665232770917,196.15665232770917,546.0737713481867,conditional_source_only_not_network_or_full_range_validated,392.31330465541834,2307.9639077766915,False
1.0,S2a,202.69520740529944,202.69520740529944,543.7219754703486,conditional_source_only_not_network_or_full_range_validated,405.3904148105989,2307.963907776691,False
1.0,S2a,209.23376248288972,209.23376248288972,541.3786828118884,conditional_source_only_not_network_or_full_range_validated,418.46752496577943,2307.963907776691,False
1.0,S2a,215.77231756048005,215.77231756048005,539.0438933728061,conditional_source_only_not_network_or_full_range_validated,431.5446351209601,2307.963907776691,False
1.0,S2a,222.3108726380704,222.3108726380704,536.7176071531015,conditional_source_only_not_network_or_full_range_validated,444.6217452761408,2307.963907776691,False
1.0,S2a,228.84942771566065,228.84942771566065,534.3998241527747,conditional_source_only_not_network_or_full_range_validated,457.6988554313213,2307.963907776691,False
1.0,S2a,235.38798279325096,235.38798279325096,532.0905443718258,conditional_source_only_not_network_or_full_range_validated,470.7759655865019,2307.9639077766915,False
1.0,S2a,241.9265378708413,241.9265378708413,529.7897678102546,conditional_source_only_not_network_or_full_range_validated,483.8530757416826,2307.963907776691,False
1.0,S2a,248.4650929484316,248.4650929484316,527.4974944680613,conditional_source_only_not_network_or_full_range_validated,496.9301858968632,2307.963907776691,False
1.0,S2a,255.0036480260219,255.0036480260219,525.2137243452457,conditional_source_only_not_network_or_full_range_validated,510.0072960520438,2307.963907776691,False
1.0,S2a,261.54220310361217,261.54220310361217,522.9384574418082,conditional_source_only_not_network_or_full_range_validated,523.0844062072243,2307.9639077766915,False
1.0,S2a,6.1962053160414605,6.8484374545721405,618.017686916935,conditional_source_only_not_network_or_full_range_validated,13.044642770613601,2304.1789196179943,False
1.0,S2a,12.39241063208292,13.69687490914428,615.462015547955,conditional_source_only_not_network_or_full_range_validated,26.0892855412272,2304.1789196179943,False
1.0,S2a,18.58861594812438,20.545312363716423,612.9146305870702,conditional_source_only_not_network_or_full_range_validated,39.133928311840805,2304.1789196179943,False
1.0,S2a,24.78482126416584,27.39374981828856,610.3755320342808,conditional_source_only_not_network_or_full_range_validated,52.1785710824544,2304.1789196179943,False
1.0,S2a,30.9810265802073,34.242187272860704,607.8447198895866,conditional_source_only_not_network_or_full_range_validated,65.223213853068,2304.1789196179943,False
1.0,S2a,37.17723189624876,41.090624727432846,605.3221941529879,conditional_source_only_not_network_or_full_range_validated,78.26785662368161,2304.1789196179943,False
1.0,S2a,43.37343721229023,47.93906218200499,602.8079548244842,conditional_source_only_not_network_or_full_range_validated,91.31249939429522,2304.178919617994,False
1.0,S2a,49.56964252833168,54.78749963657712,600.3020019040761,conditional_source_only_not_network_or_full_range_validated,104.3571421649088,2304.1789196179943,False
1.0,S2a,55.76584784437314,61.63593709114927,597.8043353917631,conditional_source_only_not_network_or_full_range_validated,117.40178493552241,2304.178919617994,False
1.0,S2a,61.9620531604146,68.48437454572141,595.3149552875454,conditional_source_only_not_network_or_full_range_validated,130.446427706136,2304.1789196179943,False
1.0,S2a,68.15825847645607,75.33281200029356,592.8338615914232,conditional_source_only_not_network_or_full_range_validated,143.49107047674963,2304.178919617994,False
1.0,S2a,74.35446379249753,82.18124945486569,590.361054303396,conditional_source_only_not_network_or_full_range_validated,156.53571324736322,2304.1789196179943,False
1.0,S2a,80.55066910853898,89.02968690943783,587.8965334234645,conditional_source_only_not_network_or_full_range_validated,169.5803560179768,2304.1789196179943,False
1.0,S2a,86.74687442458045,95.87812436400998,585.4402989516279,conditional_source_only_not_network_or_full_range_validated,182.62499878859043,2304.178919617994,False
1.0,S2a,92.94307974062193,102.72656181858213,582.9923508878869,conditional_source_only_not_network_or_full_range_validated,195.66964155920405,2304.1789196179943,False
1.0,S2a,99.13928505666335,109.57499927315423,580.552689232241,conditional_source_only_not_network_or_full_range_validated,208.7142843298176,2304.1789196179943,False
1.0,S2a,105.33549037270484,116.4234367277264,578.1213139846905,conditional_source_only_not_network_or_full_range_validated,221.75892710043124,2304.1789196179943,False
1.0,S2a,111.53169568874628,123.27187418229856,575.6982251452354,conditional_source_only_not_network_or_full_range_validated,234.80356987104483,2304.178919617994,False
1.0,S2a,117.72790100478774,130.12031163687067,573.2834227138753,conditional_source_only_not_network_or_full_range_validated,247.8482126416584,2304.178919617994,False
1.0,S2a,123.9241063208292,136.96874909144282,570.8769066906108,conditional_source_only_not_network_or_full_range_validated,260.892855412272,2304.1789196179943,False
1.0,S2a,130.12031163687067,143.81718654601497,568.4786770754415,conditional_source_only_not_network_or_full_range_validated,273.93749818288563,2304.1789196179943,False
1.0,S2a,136.31651695291214,150.66562400058712,566.0887338683675,conditional_source_only_not_network_or_full_range_validated,286.98214095349925,2304.178919617994,False
1.0,S2a,142.5127222689536,157.51406145515926,563.7070770693888,conditional_source_only_not_network_or_full_range_validated,300.0267837241129,2304.178919617994,False
1.0,S2a,148.70892758499505,164.3624989097314,561.3337066785055,conditional_source_only_not_network_or_full_range_validated,313.07142649472644,2304.178919617994,False
1.0,S2a,154.9051329010365,171.2109363643035,558.9686226957173,conditional_source_only_not_network_or_full_range_validated,326.11606926534,2304.1789196179943,False
1.0,S2a,161.10133821707797,178.05937381887566,556.6118251210245,conditional_source_only_not_network_or_full_range_validated,339.1607120359536,2304.1789196179943,False
1.0,S2a,167.29754353311944,184.9078112734478,554.2633139544271,conditional_source_only_not_network_or_full_range_validated,352.20535480656724,2304.178919617994,False
1.0,S2a,173.4937488491609,191.75624872801995,551.9230891959248,conditional_source_only_not_network_or_full_range_validated,365.24999757718086,2304.178919617994,True
1.0,S2a,179.68995416520238,198.6046861825921,549.591150845518,conditional_source_only_not_network_or_full_range_validated,378.2946403477945,2304.1789196179943,False
1.0,S2a,185.88615948124385,205.45312363716425,547.2674989032064,conditional_source_only_not_network_or_full_range_validated,391.3392831184081,2304.1789196179943,False
1.0,S2a,192.0823647972853,212.30156109173635,544.9521333689901,conditional_source_only_not_network_or_full_range_validated,404.3839258890216,2304.178919617994,False
1.0,S2a,198.27857011332677,219.1499985463085,542.645054242869,conditional_source_only_not_network_or_full_range_validated,417.4285686596353,2304.1789196179943,False
1.0,S2a,204.4747754293682,225.99843600088064,540.3462615248435,conditional_source_only_not_network_or_full_range_validated,430.47321143024885,2304.1789196179943,False
1.0,S2a,210.67098074540968,232.8468734554528,538.055755214913,conditional_source_only_not_network_or_full_range_validated,443.5178542008625,2304.1789196179943,False
1.0,S2a,216.8671860614511,239.69531091002492,535.7735353130779,conditional_source_only_not_network_or_full_range_validated,456.562496971476,2304.178919617994,False
1.0,S2a,223.06339137749256,246.5437483645971,533.4996018193382,conditional_source_only_not_network_or_full_range_validated,469.60713974208966,2304.178919617994,False
1.0,S2a,229.259596693534,253.3921858191692,531.2339547336938,conditional_source_only_not_network_or_full_range_validated,482.6517825127032,2304.1789196179943,False
1.0,S2a,235.45580200957548,260.24062327374133,528.9765940561446,conditional_source_only_not_network_or_full_range_validated,495.6964252833168,2304.178919617994,False
1.0,S2a,241.65200732561692,267.0890607283135,526.7275197866907,conditional_source_only_not_network_or_full_range_validated,508.7410680539304,2304.1789196179943,False
1.0,S2a,247.8482126416584,273.93749818288563,524.4867319253322,conditional_source_only_not_network_or_full_range_validated,521.785710824544,2304.1789196179943,False
1.0,S2a,5.855551292029685,7.156784912480727,618.0604385951177,conditional_source_only_not_network_or_full_range_validated,13.012336204510412,2300.406325656077,False
1.0,S2a,11.71110258405937,14.313569824961451,615.5473624899436,conditional_source_only_not_network_or_full_range_validated,26.024672409020823,2300.4063256560776,False
1.0,S2a,17.566653876089052,21.470354737442182,613.0424163784879,conditional_source_only_not_network_or_full_range_validated,39.037008613531235,2300.4063256560776,False
1.0,S2a,23.42220516811874,28.627139649922903,610.5456002607508,conditional_source_only_not_network_or_full_range_validated,52.04934481804165,2300.4063256560776,False
1.0,S2a,29.27775646014842,35.783924562403634,608.0569141367322,conditional_source_only_not_network_or_full_range_validated,65.06168102255205,2300.406325656077,False
1.0,S2a,35.133307752178105,42.940709474884365,605.5763580064322,conditional_source_only_not_network_or_full_range_validated,78.07401722706247,2300.4063256560776,False
1.0,S2a,40.98885904420779,50.09749438736508,603.1039318698506,conditional_source_only_not_network_or_full_range_validated,91.08635343157287,2300.406325656077,False
1.0,S2a,46.84441033623748,57.25427929984581,600.6396357269876,conditional_source_only_not_network_or_full_range_validated,104.0986896360833,2300.406325656077,False
1.0,S2a,52.69996162826716,64.41106421232654,598.1834695778432,conditional_source_only_not_network_or_full_range_validated,117.1110258405937,2300.406325656077,False
1.0,S2a,58.55551292029684,71.56784912480727,595.7354334224171,conditional_source_only_not_network_or_full_range_validated,130.1233620451041,2300.406325656077,False
1.0,S2a,64.41106421232654,78.724634037288,593.2955272607097,conditional_source_only_not_network_or_full_range_validated,143.13569824961453,2300.406325656077,False
1.0,S2a,70.26661550435621,85.88141894976873,590.8637510927208,conditional_source_only_not_network_or_full_range_validated,156.14803445412494,2300.4063256560776,False
1.0,S2a,76.1221667963859,93.03820386224945,588.4401049184504,conditional_source_only_not_network_or_full_range_validated,169.16037065863534,2300.406325656077,False
1.0,S2a,81.97771808841559,100.19498877473016,586.0245887378986,conditional_source_only_not_network_or_full_range_validated,182.17270686314575,2300.406325656077,False
1.0,S2a,87.83326938044526,107.3517736872109,583.6172025510652,conditional_source_only_not_network_or_full_range_validated,195.18504306765615,2300.4063256560776,False
1.0,S2a,93.68882067247496,114.50855859969164,581.2179463579504,conditional_source_only_not_network_or_full_range_validated,208.1973792721666,2300.406325656077,False
1.0,S2a,99.54437196450463,121.66534351217236,578.826820158554,conditional_source_only_not_network_or_full_range_validated,221.209715476677,2300.406325656077,False
1.0,S2a,105.39992325653432,128.82212842465307,576.4438239528763,conditional_source_only_not_network_or_full_range_validated,234.2220516811874,2300.406325656077,False
1.0,S2a,111.255474548564,135.9789133371338,574.0689577409171,conditional_source_only_not_network_or_full_range_validated,247.2343878856978,2300.4063256560776,False
1.0,S2a,117.11102584059368,143.1356982496145,571.7022215226764,conditional_source_only_not_network_or_full_range_validated,260.2467240902082,2300.406325656077,False
1.0,S2a,122.96657713262336,150.29248316209524,569.3436152981542,conditional_source_only_not_network_or_full_range_validated,273.2590602947186,2300.406325656077,False
1.0,S2a,128.82212842465307,157.449268074576,566.9931390673504,conditional_source_only_not_network_or_full_range_validated,286.27139649922907,2300.406325656077,False
1.0,S2a,134.67767971668275,164.60605298705673,564.6507928302652,conditional_source_only_not_network_or_full_range_validated,299.2837327037395,2300.406325656077,False
1.0,S2a,140.53323100871242,171.76283789953746,562.3165765868986,conditional_source_only_not_network_or_full_range_validated,312.2960689082499,2300.4063256560776,False
1.0,S2a,146.38878230074212,178.91962281201816,559.9904903372505,conditional_source_only_not_network_or_full_range_validated,325.3084051127603,2300.4063256560767,False
1.0,S2a,152.2443335927718,186.0764077244989,557.6725340813209,conditional_source_only_not_network_or_full_range_validated,338.3207413172707,2300.406325656077,False
1.0,S2a,158.09988488480147,193.2331926369796,555.3627078191099,conditional_source_only_not_network_or_full_range_validated,351.3330775217811,2300.406325656077,False
1.0,S2a,163.95543617683117,200.38997754946035,553.0610115506172,conditional_source_only_not_network_or_full_range_validated,364.34541372629155,2300.4063256560776,True
1.0,S2a,169.81098746886087,207.54676246194109,550.7674452758432,conditional_source_only_not_network_or_full_range_validated,377.35774993080196,2300.406325656077,False
1.0,S2a,175.66653876089052,214.7035473744218,548.4820089947877,conditional_source_only_not_network_or_full_range_validated,390.3700861353123,2300.4063256560776,False
1.0,S2a,181.5220900529202,221.8603322869025,546.2047027074508,conditional_source_only_not_network_or_full_range_validated,403.3824223398227,2300.406325656077,False
1.0,S2a,187.37764134494992,229.01711719938325,543.9355264138323,conditional_source_only_not_network_or_full_range_validated,416.3947585443332,2300.406325656077,False
1.0,S2a,193.2331926369796,236.173902111864,541.6744801139324,conditional_source_only_not_network_or_full_range_validated,429.40709474884363,2300.4063256560776,False
1.0,S2a,199.08874392900927,243.3306870243447,539.4215638077511,conditional_source_only_not_network_or_full_range_validated,442.419430953354,2300.406325656077,False
1.0,S2a,204.9442952210389,250.4874719368254,537.1767774952881,conditional_source_only_not_network_or_full_range_validated,455.43176715786433,2300.4063256560776,False
1.0,S2a,210.79984651306864,257.64425684930615,534.9401211765438,conditional_source_only_not_network_or_full_range_validated,468.4441033623748,2300.406325656077,False
1.0,S2a,216.65539780509832,264.8010417617869,532.7115948515179,conditional_source_only_not_network_or_full_range_validated,481.45643956688525,2300.406325656077,False
1.0,S2a,222.510949097128,271.9578266742676,530.4911985202107,conditional_source_only_not_network_or_full_range_validated,494.4687757713956,2300.4063256560776,False
1.0,S2a,228.3665003891577,279.1146115867484,528.2789321826219,conditional_source_only_not_network_or_full_range_validated,507.4811119759061,2300.4063256560776,False
1.0,S2a,234.22205168118737,286.27139649922907,526.0747958387517,conditional_source_only_not_network_or_full_range_validated,520.4934481804164,2300.406325656077,False
1.0,S2a,5.516580437610705,7.463608827355663,618.1030084064251,conditional_source_only_not_network_or_full_range_validated,12.980189264966368,2296.6460651120137,False
1.0,S2a,11.03316087522141,14.927217654711326,615.6324052088706,conditional_source_only_not_network_or_full_range_validated,25.960378529932736,2296.6460651120137,False
1.0,S2a,16.54974131283212,22.39082648206699,613.1698351013467,conditional_source_only_not_network_or_full_range_validated,38.94056779489911,2296.6460651120137,False
1.0,S2a,22.06632175044282,29.85443530942265,610.7152980838537,conditional_source_only_not_network_or_full_range_validated,51.92075705986547,2296.6460651120137,False
1.0,S2a,27.582902188053527,37.31804413677831,608.2687941563912,conditional_source_only_not_network_or_full_range_validated,64.90094632483184,2296.6460651120137,False
1.0,S2a,33.09948262566424,44.78165296413398,605.8303233189595,conditional_source_only_not_network_or_full_range_validated,77.88113558979822,2296.6460651120137,False
1.0,S2a,38.616063063274936,52.24526179148964,603.3998855715585,conditional_source_only_not_network_or_full_range_validated,90.86132485476458,2296.646065112014,False
1.0,S2a,44.13264350088564,59.7088706188453,600.9774809141882,conditional_source_only_not_network_or_full_range_validated,103.84151411973095,2296.6460651120137,False
1.0,S2a,49.64922393849635,67.17247944620095,598.5631093468486,conditional_source_only_not_network_or_full_range_validated,116.8217033846973,2296.646065112014,False
1.0,S2a,55.165804376107054,74.63608827355662,596.1567708695396,conditional_source_only_not_network_or_full_range_validated,129.80189264966367,2296.6460651120137,False
1.0,S2a,60.68238481371776,82.0996971009123,593.7584654822615,conditional_source_only_not_network_or_full_range_validated,142.78208191463006,2296.6460651120137,False
1.0,S2a,66.19896525132847,89.56330592826797,591.368193185014,conditional_source_only_not_network_or_full_range_validated,155.76227117959644,2296.6460651120137,False
1.0,S2a,71.71554568893916,97.0269147556236,588.9859539777972,conditional_source_only_not_network_or_full_range_validated,168.74246044456277,2296.646065112014,False
1.0,S2a,77.23212612654987,104.49052358297928,586.6117478606111,conditional_source_only_not_network_or_full_range_validated,181.72264970952915,2296.646065112014,False
1.0,S2a,82.74870656416057,111.95413241033494,584.2455748334557,conditional_source_only_not_network_or_full_range_validated,194.7028389744955,2296.6460651120137,False
1.0,S2a,88.26528700177128,119.4177412376906,581.8874348963311,conditional_source_only_not_network_or_full_range_validated,207.6830282394619,2296.6460651120137,False
1.0,S2a,93.781867439382,126.88135006504628,579.5373280492371,conditional_source_only_not_network_or_full_range_validated,220.66321750442827,2296.6460651120137,False
1.0,S2a,99.2984478769927,134.3449588924019,577.1952542921739,conditional_source_only_not_network_or_full_range_validated,233.6434067693946,2296.646065112014,False
1.0,S2a,104.8150283146034,141.80856771975758,574.8612136251413,conditional_source_only_not_network_or_full_range_validated,246.62359603436096,2296.6460651120137,False
1.0,S2a,110.33160875221412,149.27217654711325,572.5352060481395,conditional_source_only_not_network_or_full_range_validated,259.60378529932734,2296.6460651120137,False
1.0,S2a,115.84818918982482,156.73578537446892,570.2172315611683,conditional_source_only_not_network_or_full_range_validated,272.5839745642937,2296.646065112014,False
1.0,S2a,121.36476962743552,164.1993942018246,567.9072901642277,conditional_source_only_not_network_or_full_range_validated,285.5641638292601,2296.6460651120137,False
1.0,S2a,126.88135006504623,171.66300302918026,565.605381857318,conditional_source_only_not_network_or_full_range_validated,298.5443530942265,2296.646065112014,False
1.0,S2a,132.39793050265695,179.12661185653593,563.311506640439,conditional_source_only_not_network_or_full_range_validated,311.5245423591929,2296.6460651120137,False
1.0,S2a,137.9145109402676,186.59022068389157,561.0256645135908,conditional_source_only_not_network_or_full_range_validated,324.50473162415915,2296.6460651120137,False
1.0,S2a,143.43109137787832,194.0538295112472,558.747855476773,conditional_source_only_not_network_or_full_range_validated,337.48492088912553,2296.646065112014,False
1.0,S2a,148.94767181548903,201.5174383386029,556.4780795299861,conditional_source_only_not_network_or_full_range_validated,350.4651101540919,2296.646065112014,False
1.0,S2a,154.46425225309974,208.98104716595856,554.2163366732299,conditional_source_only_not_network_or_full_range_validated,363.4452994190583,2296.646065112014,False
1.0,S2a,159.98083269071046,216.44465599331423,551.9626269065044,conditional_source_only_not_network_or_full_range_validated,376.4254886840247,2296.646065112014,False
1.0,S2a,165.49741312832114,223.90826482066987,549.7169502298095,conditional_source_only_not_network_or_full_range_validated,389.405677948991,2296.6460651120137,False
1.0,S2a,171.01399356593186,231.37187364802557,547.4793066431454,conditional_source_only_not_network_or_full_range_validated,402.38586721395745,2296.6460651120146,False
1.0,S2a,176.53057400354257,238.8354824753812,545.2496961465121,conditional_source_only_not_network_or_full_range_validated,415.3660564789238,2296.6460651120137,False
1.0,S2a,182.04715444115328,246.29909130273688,543.0281187399094,conditional_source_only_not_network_or_full_range_validated,428.34624574389017,2296.646065112014,False
1.0,S2a,187.563734878764,253.76270013009253,540.8145744233374,conditional_source_only_not_network_or_full_range_validated,441.3264350088565,2296.6460651120137,False
1.0,S2a,193.08031531637468,261.22630895744817,538.6090631967961,conditional_source_only_not_network_or_full_range_validated,454.3066242738229,2296.6460651120146,False
1.0,S2a,198.5968957539854,268.6899177848038,536.4115850602855,conditional_source_only_not_network_or_full_range_validated,467.2868135387892,2296.646065112014,False
1.0,S2a,204.1134761915961,276.1535266121595,534.2221400138056,conditional_source_only_not_network_or_full_range_validated,480.26700280375564,2296.646065112014,False
1.0,S2a,209.6300566292068,283.61713543951515,532.0407280573564,conditional_source_only_not_network_or_full_range_validated,493.2471920687219,2296.6460651120137,False
1.0,S2a,215.1466370668175,291.08074426687085,529.867349190938,conditional_source_only_not_network_or_full_range_validated,506.22738133368836,2296.646065112014,False
1.0,S2a,220.66321750442825,298.5443530942265,527.7020034145502,conditional_source_only_not_network_or_full_range_validated,519.2075705986547,2296.6460651120137,False
1.0,S2a,5.179280308730463,7.768920463095697,618.1453974788443,conditional_source_only_not_network_or_full_range_validated,12.94820077182616,2292.8980776036283,False
1.0,S2a,10.358560617460926,15.537840926191397,615.7171450875421,conditional_source_only_not_network_or_full_range_validated,25.896401543652324,2292.898077603628,False
1.0,S2a,15.53784092619139,23.306761389287093,613.2968875201037,conditional_source_only_not_network_or_full_range_validated,38.84460231547848,2292.898077603628,False
1.0,S2a,20.71712123492185,31.07568185238279,610.8846247765292,conditional_source_only_not_network_or_full_range_validated,51.79280308730464,2292.8980776036283,False
1.0,S2a,25.896401543652317,38.84460231547848,608.4803568568185,conditional_source_only_not_network_or_full_range_validated,64.7410038591308,2292.898077603628,False
1.0,S2a,31.07568185238278,46.613522778574186,606.0840837609717,conditional_source_only_not_network_or_full_range_validated,77.68920463095697,2292.898077603628,False
1.0,S2a,36.25496216111324,54.38244324166989,603.6958054889886,conditional_source_only_not_network_or_full_range_validated,90.63740540278313,2292.898077603628,False
1.0,S2a,41.4342424698437,62.15136370476558,601.3155220408695,conditional_source_only_not_network_or_full_range_validated,103.58560617460928,2292.8980776036283,False
1.0,S2a,46.61352277857417,69.92028416786128,598.9432334166141,conditional_source_only_not_network_or_full_range_validated,116.53380694643545,2292.898077603628,False
1.0,S2a,51.79280308730463,77.68920463095697,596.5789396162227,conditional_source_only_not_network_or_full_range_validated,129.4820077182616,2292.898077603628,False
1.0,S2a,56.972083396035096,85.45812509405268,594.2226406396949,conditional_source_only_not_network_or_full_range_validated,142.43020849008778,2292.898077603628,False
1.0,S2a,62.15136370476556,93.22704555714836,591.8743364870311,conditional_source_only_not_network_or_full_range_validated,155.37840926191393,2292.8980776036283,False
1.0,S2a,67.33064401349601,100.99596602024408,589.5340271582311,conditional_source_only_not_network_or_full_range_validated,168.3266100337401,2292.8980776036283,False
1.0,S2a,72.50992432222648,108.76488648333978,587.2017126532949,conditional_source_only_not_network_or_full_range_validated,181.27481080556626,2292.898077603628,False
1.0,S2a,77.68920463095695,116.53380694643546,584.8773929722227,conditional_source_only_not_network_or_full_range_validated,194.2230115773924,2292.898077603628,False
1.0,S2a,82.8684849396874,124.30272740953116,582.5610681150141,conditional_source_only_not_network_or_full_range_validated,207.17121234921856,2292.8980776036283,False
1.0,S2a,88.04776524841787,132.07164787262687,580.2527380816695,conditional_source_only_not_network_or_full_range_validated,220.11941312104474,2292.8980776036283,False
1.0,S2a,93.22704555714834,139.84056833572257,577.9524028721887,conditional_source_only_not_network_or_full_range_validated,233.0676138928709,2292.898077603628,False
1.0,S2a,98.4063258658788,147.60948879881826,575.6600624865717,conditional_source_only_not_network_or_full_range_validated,246.01581466469707,2292.8980776036283,False
1.0,S2a,103.58560617460924,155.37840926191393,573.3757169248187,conditional_source_only_not_network_or_full_range_validated,258.96401543652314,2292.8980776036274,False
1.0,S2a,108.76488648333972,163.14732972500966,571.0993661869294,conditional_source_only_not_network_or_full_range_validated,271.9122162083494,2292.8980776036283,False
1.0,S2a,113.9441667920702,170.91625018810535,568.8310102729039,conditional_source_only_not_network_or_full_range_validated,284.86041698017556,2292.898077603628,False
1.0,S2a,119.12344710080068,178.68517065120108,566.5706491827424,conditional_source_only_not_network_or_full_range_validated,297.80861775200174,2292.8980776036283,False
1.0,S2a,124.30272740953112,186.45409111429677,564.3182829164446,conditional_source_only_not_network_or_full_range_validated,310.75681852382786,2292.898077603628,False
1.0,S2a,129.48200771826157,194.2230115773924,562.0739114740106,conditional_source_only_not_network_or_full_range_validated,323.705019295654,2292.898077603628,False
1.0,S2a,134.66128802699205,201.9919320404881,559.8375348554406,conditional_source_only_not_network_or_full_range_validated,336.65322006748016,2292.8980776036283,False
1.0,S2a,139.8405683357225,209.76085250358383,557.6091530607343,conditional_source_only_not_network_or_full_range_validated,349.60142083930634,2292.898077603628,False
1.0,S2a,145.01984864445296,217.5297729666796,555.3887660898919,conditional_source_only_not_network_or_full_range_validated,362.5496216111326,2292.8980776036283,False
1.0,S2a,150.19912895318345,225.29869342977528,553.1763739429133,conditional_source_only_not_network_or_full_range_validated,375.4978223829587,2292.898077603628,False
1.0,S2a,155.3784092619139,233.06761389287087,550.9719766197986,conditional_source_only_not_network_or_full_range_validated,388.44602315478477,2292.898077603628,False
1.0,S2a,160.55768957064436,240.8365343559666,548.7755741205477,conditional_source_only_not_network_or_full_range_validated,401.39422392661095,2292.8980776036283,False
1.0,S2a,165.7369698793748,248.60545481906232,546.5871664451607,conditional_source_only_not_network_or_full_range_validated,414.3424246984371,2292.8980776036283,False
1.0,S2a,170.9162501881053,256.37437528215804,544.4067535936374,conditional_source_only_not_network_or_full_range_validated,427.2906254702633,2292.898077603628,False
1.0,S2a,176.09553049683575,264.14329574525374,542.234335565978,conditional_source_only_not_network_or_full_range_validated,440.2388262420895,2292.8980776036283,False
1.0,S2a,181.2748108055662,271.91221620834943,540.0699123621824,conditional_source_only_not_network_or_full_range_validated,453.18702701391567,2292.898077603628,False
1.0,S2a,186.4540911142967,279.6811366714452,537.9134839822508,conditional_source_only_not_network_or_full_range_validated,466.1352277857419,2292.8980776036283,False
1.0,S2a,191.6333714230271,287.4500571345408,535.7650504261829,conditional_source_only_not_network_or_full_range_validated,479.0834285575679,2292.8980776036283,False
1.0,S2a,196.8126517317576,295.2189775976365,533.6246116939789,conditional_source_only_not_network_or_full_range_validated,492.03162932939415,2292.8980776036283,False
1.0,S2a,201.99193204048805,302.9878980607322,531.4921677856387,conditional_source_only_not_network_or_full_range_validated,504.9798301012203,2292.8980776036283,False
1.0,S2a,207.1712123492185,310.75681852382786,529.3677187011624,conditional_source_only_not_network_or_full_range_validated,517.9280308730464,2292.898077603628,False
1.0,S2a,4.843638583702283,8.072730972837139,618.1876069313951,conditional_source_only_not_network_or_full_range_validated,12.916369556539422,2289.162303142261,False
1.0,S2a,9.687277167404568,16.145461945674278,615.8015835036649,conditional_source_only_not_network_or_full_range_validated,25.832739113078844,2289.1623031422605,False
1.0,S2a,14.530915751106852,24.21819291851142,613.4235744108203,conditional_source_only_not_network_or_full_range_validated,38.74910866961827,2289.1623031422605,False
1.0,S2a,19.374554334809133,32.290923891348555,611.0535796528612,conditional_source_only_not_network_or_full_range_validated,51.66547822615769,2289.162303142261,False
1.0,S2a,24.218192918511416,40.36365486418569,608.6915992297875,conditional_source_only_not_network_or_full_range_validated,64.58184778269711,2289.162303142261,False
1.0,S2a,29.061831502213707,48.43638583702284,606.337633141599,conditional_source_only_not_network_or_full_range_validated,77.49821733923655,2289.1623031422605,False
1.0,S2a,33.90547008591599,56.50911680985998,603.991681388296,conditional_source_only_not_network_or_full_range_validated,90.41458689577597,2289.162303142261,False
1.0,S2a,38.749108669618266,64.58184778269711,601.6537439698785,conditional_source_only_not_network_or_full_range_validated,103.33095645231538,2289.162303142261,False
1.0,S2a,43.59274725332055,72.65457875553425,599.3238208863464,conditional_source_only_not_network_or_full_range_validated,116.2473260088548,2289.1623031422605,False
1.0,S2a,48.43638583702283,80.72730972837138,597.0019121376996,conditional_source_only_not_network_or_full_range_validated,129.16369556539422,2289.162303142261,False
1.0,S2a,53.28002442072511,88.80004070120853,594.6880177239383,conditional_source_only_not_network_or_full_range_validated,142.08006512193364,2289.162303142261,False
1.0,S2a,58.12366300442741,96.87277167404568,592.3821376450625,conditional_source_only_not_network_or_full_range_validated,154.9964346784731,2289.1623031422605,False
1.0,S2a,62.967301588129686,104.9455026468828,590.0842719010719,conditional_source_only_not_network_or_full_range_validated,167.9128042350125,2289.1623031422605,False
1.0,S2a,67.81094017183197,113.01823361971996,587.7944204919668,conditional_source_only_not_network_or_full_range_validated,180.82917379155194,2289.162303142261,False
1.0,S2a,72.65457875553425,121.09096459255709,585.5125834177471,conditional_source_only_not_network_or_full_range_validated,193.74554334809133,2289.1623031422605,False
1.0,S2a,77.49821733923653,129.16369556539422,583.2387606784129,conditional_source_only_not_network_or_full_range_validated,206.66191290463075,2289.162303142261,False
1.0,S2a,82.34185592293883,137.23642653823137,580.972952273964,conditional_source_only_not_network_or_full_range_validated,219.5782824611702,2289.1623031422605,False
1.0,S2a,87.1854945066411,145.3091575110685,578.7151582044005,conditional_source_only_not_network_or_full_range_validated,232.4946520177096,2289.1623031422605,False
1.0,S2a,92.0291330903434,153.38188848390564,576.4653784697224,conditional_source_only_not_network_or_full_range_validated,245.41102157424905,2289.162303142261,False
1.0,S2a,96.87277167404568,161.45461945674276,574.2236130699299,conditional_source_only_not_network_or_full_range_validated,258.32739113078844,2289.1623031422605,False
1.0,S2a,101.71641025774797,169.52735042957994,571.9898620050226,conditional_source_only_not_network_or_full_range_validated,271.2437606873279,2289.1623031422605,False
1.0,S2a,106.56004884145024,177.60008140241706,569.7641252750008,conditional_source_only_not_network_or_full_range_validated,284.1601302438673,2289.162303142261,False
1.0,S2a,111.40368742515253,185.6728123752542,567.5464028798643,conditional_source_only_not_network_or_full_range_validated,297.07649980040674,2289.1623031422605,False
1.0,S2a,116.24732600885484,193.74554334809136,565.3366948196134,conditional_source_only_not_network_or_full_range_validated,309.9928693569462,2289.1623031422605,False
1.0,S2a,121.09096459255709,201.81827432092845,563.1350010942479,conditional_source_only_not_network_or_full_range_validated,322.9092389134855,2289.162303142261,False
1.0,S2a,125.93460317625936,209.8910052937656,560.9413217037676,conditional_source_only_not_network_or_full_range_validated,335.825608470025,2289.1623031422605,False
1.0,S2a,130.77824175996165,217.9637362666028,558.7556566481728,conditional_source_only_not_network_or_full_range_validated,348.7419780265644,2289.1623031422605,False
1.0,S2a,135.62188034366395,226.03646723943996,556.5780059274636,conditional_source_only_not_network_or_full_range_validated,361.65834758310393,2289.1623031422605,False
1.0,S2a,140.46551892736622,234.10919821227705,554.4083695416394,conditional_source_only_not_network_or_full_range_validated,374.57471713964327,2289.1623031422605,False
1.0,S2a,145.3091575110685,242.18192918511417,552.246747490701,conditional_source_only_not_network_or_full_range_validated,387.49108669618266,2289.1623031422605,False
1.0,S2a,150.1527960947708,250.2546601579513,550.0931397746479,conditional_source_only_not_network_or_full_range_validated,400.4074562527221,2289.162303142261,False
1.0,S2a,154.9964346784731,258.32739113078844,547.9475463934801,conditional_source_only_not_network_or_full_range_validated,413.3238258092615,2289.1623031422605,False
1.0,S2a,159.84007326217537,266.4001221036256,545.8099673471978,conditional_source_only_not_network_or_full_range_validated,426.240195365801,2289.1623031422605,False
1.0,S2a,164.68371184587767,274.47285307646274,543.6804026358009,conditional_source_only_not_network_or_full_range_validated,439.1565649223404,2289.1623031422605,False
1.0,S2a,169.52735042957994,282.54558404929986,541.5588522592893,conditional_source_only_not_network_or_full_range_validated,452.0729344788798,2289.1623031422605,False
1.0,S2a,174.3709890132822,290.618315022137,539.4453162176634,conditional_source_only_not_network_or_full_range_validated,464.9893040354192,2289.1623031422605,False
1.0,S2a,179.21462759698449,298.69104599497416,537.3397945109226,conditional_source_only_not_network_or_full_range_validated,477.90567359195865,2289.1623031422605,False
1.0,S2a,184.0582661806868,306.7637769678113,535.2422871390673,conditional_source_only_not_network_or_full_range_validated,490.8220431484981,2289.162303142261,False
1.0,S2a,188.90190476438903,314.8365079406484,533.1527941020975,conditional_source_only_not_network_or_full_range_validated,503.73841270503743,2289.162303142261,False
1.0,S2a,193.74554334809133,322.9092389134855,531.0713154000131,conditional_source_only_not_network_or_full_range_validated,516.6547822615769,2289.162303142261,False
1.0,S2a,4.509643061706451,8.375051400311982,618.2296378742134,conditional_source_only_not_network_or_full_range_validated,12.884694462018434,2285.4386821295707,False
1.0,S2a,9.019286123412902,16.750102800623964,615.8857218298054,conditional_source_only_not_network_or_full_range_validated,25.769388924036868,2285.4386821295707,False
1.0,S2a,13.528929185119356,25.12515420093595,613.5498965607866,conditional_source_only_not_network_or_full_range_validated,38.654083386055305,2285.4386821295707,False
1.0,S2a,18.038572246825805,33.50020560124793,611.2221620671567,conditional_source_only_not_network_or_full_range_validated,51.538777848073735,2285.4386821295707,False
1.0,S2a,22.548215308532257,41.87525700155991,608.9025183489157,conditional_source_only_not_network_or_full_range_validated,64.42347231009217,2285.438682129571,False
1.0,S2a,27.057858370238712,50.2503084018719,606.590965406064,conditional_source_only_not_network_or_full_range_validated,77.30816677211061,2285.4386821295707,False
1.0,S2a,31.56750143194516,58.62535980218388,604.2875032386012,conditional_source_only_not_network_or_full_range_validated,90.19286123412904,2285.438682129571,False
1.0,S2a,36.07714449365161,67.00041120249585,601.9921318465274,conditional_source_only_not_network_or_full_range_validated,103.07755569614747,2285.4386821295707,False
1.0,S2a,40.58678755535807,75.37546260280784,599.7048512298428,conditional_source_only_not_network_or_full_range_validated,115.96225015816592,2285.4386821295707,False
1.0,S2a,45.09643061706451,83.75051400311982,597.425661388547,conditional_source_only_not_network_or_full_range_validated,128.84694462018433,2285.438682129571,False
1.0,S2a,49.60607367877097,92.1255654034318,595.1545623226403,conditional_source_only_not_network_or_full_range_validated,141.73163908220278,2285.438682129571,False
1.0,S2a,54.115716740477424,100.5006168037438,592.8915540321228,conditional_source_only_not_network_or_full_range_validated,154.61633354422122,2285.4386821295707,False
1.0,S2a,58.625359802183866,108.87566820405576,590.6366365169941,conditional_source_only_not_network_or_full_range_validated,167.5010280062396,2285.4386821295707,False
1.0,S2a,63.13500286389032,117.25071960436776,588.3898097772546,conditional_source_only_not_network_or_full_range_validated,180.38572246825808,2285.438682129571,False
1.0,S2a,67.64464592559676,125.62577100467972,586.1510738129041,conditional_source_only_not_network_or_full_range_validated,193.2704169302765,2285.438682129571,False
1.0,S2a,72.15428898730322,134.0008224049917,583.9204286239426,conditional_source_only_not_network_or_full_range_validated,206.15511139229494,2285.4386821295707,False
1.0,S2a,76.66393204900967,142.3758738053037,581.6978742103701,conditional_source_only_not_network_or_full_range_validated,219.03980585431339,2285.438682129571,False
1.0,S2a,81.17357511071613,150.7509252056157,579.4834105721867,conditional_source_only_not_network_or_full_range_validated,231.92450031633183,2285.438682129571,False
1.0,S2a,85.68321817242258,159.12597660592766,577.2770377093923,conditional_source_only_not_network_or_full_range_validated,244.80919477835025,2285.438682129571,False
1.0,S2a,90.19286123412904,167.50102800623964,575.0787556219869,conditional_source_only_not_network_or_full_range_validated,257.69388924036866,2285.438682129571,False
1.0,S2a,94.70250429583548,175.87607940655164,572.8885643099705,conditional_source_only_not_network_or_full_range_validated,270.5785837023871,2285.4386821295707,False
1.0,S2a,99.21214735754194,184.2511308068636,570.7064637733433,conditional_source_only_not_network_or_full_range_validated,283.46327816440555,2285.438682129571,False
1.0,S2a,103.7217904192484,192.6261822071756,568.5324540121051,conditional_source_only_not_network_or_full_range_validated,296.347972626424,2285.4386821295707,False
1.0,S2a,108.23143348095483,201.0012336074876,566.3665350262557,conditional_source_only_not_network_or_full_range_validated,309.23266708844244,2285.438682129571,False
1.0,S2a,112.74107654266128,209.37628500779957,564.2087068157955,conditional_source_only_not_network_or_full_range_validated,322.1173615504608,2285.4386821295707,False
1.0,S2a,117.25071960436772,217.75133640811157,562.0589693807244,conditional_source_only_not_network_or_full_range_validated,335.0020560124793,2285.438682129571,False
1.0,S2a,121.7603626660742,226.12638780842352,559.9173227210423,conditional_source_only_not_network_or_full_range_validated,347.8867504744977,2285.438682129571,False
1.0,S2a,126.27000572778064,234.50143920873552,557.7837668367491,conditional_source_only_not_network_or_full_range_validated,360.77144493651616,2285.438682129571,False
1.0,S2a,130.7796487894871,242.8764906090475,555.6583017278451,conditional_source_only_not_network_or_full_range_validated,373.6561393985346,2285.4386821295707,False
1.0,S2a,135.28929185119352,251.25154200935947,553.5409273943301,conditional_source_only_not_network_or_full_range_validated,386.540833860553,2285.4386821295707,False
1.0,S2a,139.7989349129,259.62659340967144,551.431643836204,conditional_source_only_not_network_or_full_range_validated,399.42552832257144,2285.4386821295707,False
1.0,S2a,144.30857797460644,268.0016448099834,549.330451053467,conditional_source_only_not_network_or_full_range_validated,412.3102227845899,2285.4386821295707,False
1.0,S2a,148.8182210363129,276.37669621029545,547.2373490461191,conditional_source_only_not_network_or_full_range_validated,425.1949172466084,2285.438682129571,False
1.0,S2a,153.32786409801935,284.7517476106074,545.1523378141602,conditional_source_only_not_network_or_full_range_validated,438.07961170862677,2285.438682129571,False
1.0,S2a,157.8375071597258,293.12679901091934,543.0754173575904,conditional_source_only_not_network_or_full_range_validated,450.96430617064516,2285.4386821295707,False
1.0,S2a,162.34715022143226,301.5018504112314,541.0065876764095,conditional_source_only_not_network_or_full_range_validated,463.84900063266366,2285.438682129571,False
1.0,S2a,166.8567932831387,309.87690181154335,538.9458487706177,conditional_source_only_not_network_or_full_range_validated,476.73369509468205,2285.438682129571,False
1.0,S2a,171.36643634484517,318.2519532118553,536.8932006402149,conditional_source_only_not_network_or_full_range_validated,489.6183895567005,2285.438682129571,False
1.0,S2a,175.8760794065516,326.6270046121673,534.8486432852012,conditional_source_only_not_network_or_full_range_validated,502.50308401871894,2285.4386821295707,False
1.0,S2a,180.38572246825805,335.0020560124793,532.8121767055765,conditional_source_only_not_network_or_full_range_validated,515.3877784807373,2285.438682129571,False
1.0,S2a,4.177281661311821,8.675892681186092,618.2714914086357,conditional_source_only_not_network_or_full_range_validated,12.853174342497912,2281.727155354366,False
1.0,S2a,8.354563322623642,17.351785362372183,615.96956143335,conditional_source_only_not_network_or_full_range_validated,25.706348684995824,2281.727155354366,False
1.0,S2a,12.531844983935464,26.027678043558275,613.6758547681533,conditional_source_only_not_network_or_full_range_validated,38.55952302749374,2281.727155354366,False
1.0,S2a,16.709126645247284,34.70357072474437,611.3903714130455,conditional_source_only_not_network_or_full_range_validated,51.41269736999165,2281.727155354366,False
1.0,S2a,20.8864083065591,43.37946340593045,609.1131113680266,conditional_source_only_not_network_or_full_range_validated,64.26587171248956,2281.727155354366,False
1.0,S2a,25.06368996787093,52.05535608711655,606.8440746330965,conditional_source_only_not_network_or_full_range_validated,77.11904605498748,2281.727155354366,False
1.0,S2a,29.240971629182745,60.73124876830264,604.5832612082555,conditional_source_only_not_network_or_full_range_validated,89.97222039748539,2281.727155354366,False
1.0,S2a,33.41825329049457,69.40714144948873,602.3306710935034,conditional_source_only_not_network_or_full_range_validated,102.8253947399833,2281.727155354366,False
1.0,S2a,37.59553495180639,78.08303413067482,600.0863042888402,conditional_source_only_not_network_or_full_range_validated,115.6785690824812,2281.727155354366,False
1.0,S2a,41.7728166131182,86.7589268118609,597.850160794266,conditional_source_only_not_network_or_full_range_validated,128.5317434249791,2281.727155354366,False
1.0,S2a,45.95009827443003,95.43481949304702,595.6222406097806,conditional_source_only_not_network_or_full_range_validated,141.38491776747705,2281.7271553543656,False
1.0,S2a,50.12737993574186,104.1107121742331,593.4025437353843,conditional_source_only_not_network_or_full_range_validated,154.23809210997496,2281.727155354366,False
1.0,S2a,54.30466159705367,112.78660485541918,591.1910701710767,conditional_source_only_not_network_or_full_range_validated,167.09126645247287,2281.7271553543656,False
1.0,S2a,58.48194325836549,121.46249753660528,588.9878199168583,conditional_source_only_not_network_or_full_range_validated,179.94444079497077,2281.727155354366,False
1.0,S2a,62.65922491967731,130.13839021779134,586.7927929727286,conditional_source_only_not_network_or_full_range_validated,192.79761513746865,2281.727155354366,False
1.0,S2a,66.83650658098914,138.81428289897747,584.6059893386879,conditional_source_only_not_network_or_full_range_validated,205.6507894799666,2281.727155354366,False
1.0,S2a,71.01378824230096,147.49017558016357,582.4274090147362,conditional_source_only_not_network_or_full_range_validated,218.50396382246453,2281.727155354366,False
1.0,S2a,75.19106990361277,156.16606826134964,580.2570520008734,conditional_source_only_not_network_or_full_range_validated,231.3571381649624,2281.727155354366,False
1.0,S2a,79.3683515649246,164.84196094253574,578.0949182970995,conditional_source_only_not_network_or_full_range_validated,244.21031250746034,2281.727155354366,False
1.0,S2a,83.5456332262364,173.5178536237218,575.9410079034145,conditional_source_only_not_network_or_full_range_validated,257.0634868499582,2281.727155354366,False
1.0,S2a,87.72291488754824,182.19374630490796,573.7953208198185,conditional_source_only_not_network_or_full_range_validated,269.9166611924562,2281.727155354366,False
1.0,S2a,91.90019654886008,190.86963898609403,571.6578570463114,conditional_source_only_not_network_or_full_range_validated,282.7698355349541,2281.7271553543656,False
1.0,S2a,96.07747821017188,199.5455316672801,569.5286165828933,conditional_source_only_not_network_or_full_range_validated,295.623009877452,2281.727155354366,False
1.0,S2a,100.25475987148371,208.2214243484662,567.407599429564,conditional_source_only_not_network_or_full_range_validated,308.4761842199499,2281.727155354366,False
1.0,S2a,104.43204153279552,216.89731702965227,565.2948055863237,conditional_source_only_not_network_or_full_range_validated,321.3293585624478,2281.7271553543656,False
1.0,S2a,108.60932319410736,225.5732097108384,563.1902350531724,conditional_source_only_not_network_or_full_range_validated,334.1825329049458,2281.727155354366,False
1.0,S2a,112.78660485541916,234.24910239202444,561.0938878301099,conditional_source_only_not_network_or_full_range_validated,347.0357072474436,2281.7271553543665,False
1.0,S2a,116.96388651673098,242.92499507321057,559.0057639171364,conditional_source_only_not_network_or_full_range_validated,359.88888158994155,2281.727155354366,False
1.0,S2a,121.14116817804282,251.60088775439667,556.9258633142518,conditional_source_only_not_network_or_full_range_validated,372.7420559324395,2281.7271553543656,False
1.0,S2a,125.3184498393546,260.2767804355827,554.8541860214561,conditional_source_only_not_network_or_full_range_validated,385.5952302749373,2281.727155354366,False
1.0,S2a,129.49573150066644,268.95267311676884,552.7907320387494,conditional_source_only_not_network_or_full_range_validated,398.44840461743524,2281.727155354366,False
1.0,S2a,133.67301316197828,277.62856579795493,550.7355013661316,conditional_source_only_not_network_or_full_range_validated,411.3015789599332,2281.727155354366,False
1.0,S2a,137.85029482329008,286.30445847914103,548.6884940036027,conditional_source_only_not_network_or_full_range_validated,424.1547533024311,2281.727155354366,False
1.0,S2a,142.02757648460192,294.98035116032713,546.6497099511628,conditional_source_only_not_network_or_full_range_validated,437.00792764492905,2281.727155354366,False
1.0,S2a,146.2048581459137,303.6562438415132,544.6191492088118,conditional_source_only_not_network_or_full_range_validated,449.8611019874269,2281.727155354366,False
1.0,S2a,150.38213980722554,312.3321365226993,542.5968117765498,conditional_source_only_not_network_or_full_range_validated,462.7142763299248,2281.727155354366,False
1.0,S2a,154.55942146853738,321.00802920388537,540.5826976543766,conditional_source_only_not_network_or_full_range_validated,475.56745067242275,2281.727155354366,False
1.0,S2a,158.7367031298492,329.68392188507147,538.5768068422924,conditional_source_only_not_network_or_full_range_validated,488.4206250149207,2281.727155354366,False
1.0,S2a,162.913984791161,338.3598145662576,536.579139340297,conditional_source_only_not_network_or_full_range_validated,501.2737993574186,2281.727155354366,False
1.0,S2a,167.0912664524728,347.0357072474436,534.5896951483908,conditional_source_only_not_network_or_full_range_validated,514.1269736999164,2281.727155354366,False
1.0,S2a,3.8465424190190567,8.975265644377801,618.3131686272801,conditional_source_only_not_network_or_full_range_validated,12.821808063396858,2278.0276639894623,False
1.0,S2a,7.693084838038113,17.950531288755602,616.0531036764681,conditional_source_only_not_network_or_full_range_validated,25.643616126793717,2278.0276639894623,False
1.0,S2a,11.539627257057171,26.92579693313341,613.8014498415743,conditional_source_only_not_network_or_full_range_validated,38.46542419019058,2278.027663989463,False
1.0,S2a,15.386169676076229,35.901062577511205,611.5582071225986,conditional_source_only_not_network_or_full_range_validated,51.28723225358743,2278.0276639894623,False
1.0,S2a,19.232712095095284,44.87632822188901,609.323375519541,conditional_source_only_not_network_or_full_range_validated,64.10904031698429,2278.0276639894623,False
1.0,S2a,23.079254514114343,53.85159386626682,607.0969550324016,conditional_source_only_not_network_or_full_range_validated,76.93084838038116,2278.027663989463,False
1.0,S2a,26.9257969331334,62.826859510644624,604.8789456611804,conditional_source_only_not_network_or_full_range_validated,89.75265644377802,2278.0276639894623,False
1.0,S2a,30.772339352152454,71.80212515502241,602.6693474058774,conditional_source_only_not_network_or_full_range_validated,102.57446450717487,2278.0276639894623,False
1.0,S2a,34.61888177117151,80.77739079940021,600.4681602664924,conditional_source_only_not_network_or_full_range_validated,115.39627257057171,2278.027663989463,False
1.0,S2a,38.46542419019057,89.75265644377802,598.2753842430258,conditional_source_only_not_network_or_full_range_validated,128.21808063396858,2278.0276639894623,False
1.0,S2a,42.31196660920963,98.72792208815582,596.0910193354771,conditional_source_only_not_network_or_full_range_validated,141.03988869736546,2278.0276639894623,False
1.0,S2a,46.158509028228686,107.70318773253364,593.9150655438467,conditional_source_only_not_network_or_full_range_validated,153.86169676076233,2278.027663989463,False
1.0,S2a,50.00505144724774,116.67845337691143,591.7475228681344,conditional_source_only_not_network_or_full_range_validated,166.68350482415917,2278.027663989463,False
1.0,S2a,53.8515938662668,125.65371902128923,589.5883913083404,conditional_source_only_not_network_or_full_range_validated,179.50531288755604,2278.027663989463,False
1.0,S2a,57.69813628528585,134.62898466566702,587.4376708644645,conditional_source_only_not_network_or_full_range_validated,192.32712095095286,2278.027663989463,False
1.0,S2a,61.54467870430491,143.60425031004482,585.2953615365067,conditional_source_only_not_network_or_full_range_validated,205.14892901434973,2278.0276639894623,False
1.0,S2a,65.39122112332397,152.57951595442265,583.1614633244671,conditional_source_only_not_network_or_full_range_validated,217.9707370777466,2278.0276639894623,False
1.0,S2a,69.23776354234302,161.55478159880042,581.0359762283457,conditional_source_only_not_network_or_full_range_validated,230.79254514114342,2278.027663989463,False
1.0,S2a,73.08430596136208,170.53004724317825,578.9189002481424,conditional_source_only_not_network_or_full_range_validated,243.61435320454032,2278.027663989463,False
1.0,S2a,76.93084838038114,179.50531288755604,576.8102353838573,conditional_source_only_not_network_or_full_range_validated,256.43616126793717,2278.0276639894623,False
1.0,S2a,80.7773907994002,188.48057853193384,574.7099816354904,conditional_source_only_not_network_or_full_range_validated,269.25796933133404,2278.027663989463,False
1.0,S2a,84.62393321841925,197.45584417631164,572.6181390030416,conditional_source_only_not_network_or_full_range_validated,282.0797773947309,2278.0276639894623,False
1.0,S2a,88.47047563743831,206.43110982068947,570.5347074865109,conditional_source_only_not_network_or_full_range_validated,294.9015854581278,2278.027663989463,False
1.0,S2a,92.31701805645736,215.40637546506727,568.4596870858985,conditional_source_only_not_network_or_full_range_validated,307.7233935215246,2278.0276639894623,False
1.0,S2a,96.16356047547642,224.38164110944504,566.3930778012043,conditional_source_only_not_network_or_full_range_validated,320.5452015849215,2278.027663989463,False
1.0,S2a,100.01010289449547,233.35690675382287,564.334879632428,conditional_source_only_not_network_or_full_range_validated,333.36700964831834,2278.027663989463,False
1.0,S2a,103.85664531351456,242.33217239820067,562.2850925795701,conditional_source_only_not_network_or_full_range_validated,346.1888177117152,2278.0276639894623,False
1.0,S2a,107.7031877325336,251.3074380425785,560.2437166426303,conditional_source_only_not_network_or_full_range_validated,359.0106257751121,2278.0276639894623,False
1.0,S2a,111.54973015155268,260.2827036869563,558.2107518216087,conditional_source_only_not_network_or_full_range_validated,371.832433838509,2278.027663989463,False
1.0,S2a,115.3962725705717,269.25796933133404,556.1861981165052,conditional_source_only_not_network_or_full_range_validated,384.6542419019057,2278.027663989463,False
1.0,S2a,119.24281498959076,278.23323497571187,554.1700555273198,conditional_source_only_not_network_or_full_range_validated,397.47604996530265,2278.027663989463,False
1.0,S2a,123.0893574086098,287.20850062008964,552.1623240540528,conditional_source_only_not_network_or_full_range_validated,410.29785802869947,2278.027663989463,False
1.0,S2a,126.93589982762887,296.18376626446747,550.1630036967038,conditional_source_only_not_network_or_full_range_validated,423.11966609209634,2278.027663989463,False
1.0,S2a,130.78244224664795,305.1590319088453,548.1720944552729,conditional_source_only_not_network_or_full_range_validated,435.9414741554932,2278.0276639894623,False
1.0,S2a,134.628984665667,314.13429755322306,546.1895963297602,conditional_source_only_not_network_or_full_range_validated,448.76328221889,2278.0276639894623,False
1.0,S2a,138.47552708468604,323.10956319760083,544.2155093201658,conditional_source_only_not_network_or_full_range_validated,461.58509028228684,2278.027663989463,False
1.0,S2a,142.3220695037051,332.08482884197866,542.2498334264894,conditional_source_only_not_network_or_full_range_validated,474.40689834568377,2278.0276639894623,False
1.0,S2a,146.16861192272415,341.0600944863565,540.2925686487312,conditional_source_only_not_network_or_full_range_validated,487.22870640908064,2278.027663989463,False
1.0,S2a,150.01515434174323,350.0353601307343,538.3437149868912,conditional_source_only_not_network_or_full_range_validated,500.0505144724775,2278.0276639894623,False
1.0,S2a,153.86169676076227,359.0106257751121,536.4032724409694,conditional_source_only_not_network_or_full_range_validated,512.8723225358743,2278.0276639894623,False
1.0,S2a,3.5174134878251664,9.27318101335726,618.3546706141283,conditional_source_only_not_network_or_full_range_validated,12.790594501182426,2274.340149588579,False
1.0,S2a,7.034826975650333,18.54636202671452,616.1363499160767,conditional_source_only_not_network_or_full_range_validated,25.58118900236485,2274.340149588579,False
1.0,S2a,10.5522404634755,27.819543040071785,613.9266825998558,conditional_source_only_not_network_or_full_range_validated,38.371783503547285,2274.3401495885787,False
1.0,S2a,14.069653951300666,37.092724053429045,611.7256686654654,conditional_source_only_not_network_or_full_range_validated,51.16237800472971,2274.340149588579,False
1.0,S2a,17.587067439125832,46.365905066786304,609.5333081129054,conditional_source_only_not_network_or_full_range_validated,63.952972505912136,2274.340149588579,False
1.0,S2a,21.104480926951,55.63908608014357,607.349600942176,conditional_source_only_not_network_or_full_range_validated,76.74356700709457,2274.3401495885787,False
1.0,S2a,24.621894414776165,64.91226709350083,605.1745471532772,conditional_source_only_not_network_or_full_range_validated,89.534161508277,2274.3401495885796,False
1.0,S2a,28.13930790260133,74.18544810685809,603.0081467462089,conditional_source_only_not_network_or_full_range_validated,102.32475600945942,2274.340149588579,False
1.0,S2a,31.656721390426497,83.45862912021535,600.8503997209712,conditional_source_only_not_network_or_full_range_validated,115.11535051064185,2274.3401495885796,False
1.0,S2a,35.174134878251664,92.7318101335726,598.7013060775639,conditional_source_only_not_network_or_full_range_validated,127.90594501182426,2274.340149588579,False
1.0,S2a,38.69154836607683,102.00499114692988,596.5608658159872,conditional_source_only_not_network_or_full_range_validated,140.6965395130067,2274.340149588579,False
1.0,S2a,42.208961853902,111.27817216028714,594.429078936241,conditional_source_only_not_network_or_full_range_validated,153.48713401418914,2274.3401495885787,False
1.0,S2a,45.72637534172716,120.5513531736444,592.3059454383255,conditional_source_only_not_network_or_full_range_validated,166.27772851537156,2274.340149588579,False
1.0,S2a,49.24378882955233,129.82453418700166,590.1914653222403,conditional_source_only_not_network_or_full_range_validated,179.068323016554,2274.3401495885796,False
1.0,S2a,52.761202317377496,139.09771520035892,588.0856385879858,conditional_source_only_not_network_or_full_range_validated,191.85891751773642,2274.340149588579,False
1.0,S2a,56.27861580520266,148.37089621371618,585.9884652355619,conditional_source_only_not_network_or_full_range_validated,204.64951201891884,2274.340149588579,False
1.0,S2a,59.79602929302784,157.64407722707347,583.8999452649683,conditional_source_only_not_network_or_full_range_validated,217.44010652010132,2274.340149588579,False
1.0,S2a,63.313442780853,166.9172582404307,581.8200786762054,conditional_source_only_not_network_or_full_range_validated,230.2307010212837,2274.340149588579,False
1.0,S2a,66.83085626867818,176.190439253788,579.748865469273,conditional_source_only_not_network_or_full_range_validated,243.02129552246618,2274.340149588579,False
1.0,S2a,70.34826975650333,185.4636202671452,577.6863056441712,conditional_source_only_not_network_or_full_range_validated,255.81189002364852,2274.340149588579,False
1.0,S2a,73.8656832443285,194.73680128050248,575.6323992008998,conditional_source_only_not_network_or_full_range_validated,268.60248452483097,2274.3401495885787,False
1.0,S2a,77.38309673215366,204.00998229385976,573.587146139459,conditional_source_only_not_network_or_full_range_validated,281.3930790260134,2274.340149588579,False
1.0,S2a,80.90051021997884,213.28316330721705,571.5505464598489,conditional_source_only_not_network_or_full_range_validated,294.1836735271959,2274.3401495885787,False
1.0,S2a,84.417923707804,222.55634432057428,569.5226001620691,conditional_source_only_not_network_or_full_range_validated,306.9742680283783,2274.3401495885787,False
1.0,S2a,87.93533719562916,231.8295253339315,567.5033072461199,conditional_source_only_not_network_or_full_range_validated,319.7648625295607,2274.3401495885796,False
1.0,S2a,91.45275068345433,241.1027063472888,565.4926677120012,conditional_source_only_not_network_or_full_range_validated,332.5554570307431,2274.340149588579,False
1.0,S2a,94.9701641712795,250.3758873606461,563.4906815597133,conditional_source_only_not_network_or_full_range_validated,345.3460515319256,2274.340149588579,False
1.0,S2a,98.48757765910466,259.6490683740033,561.4973487892556,conditional_source_only_not_network_or_full_range_validated,358.136646033108,2274.3401495885796,False
1.0,S2a,102.00499114692984,268.9222493873606,559.5126694006286,conditional_source_only_not_network_or_full_range_validated,370.92724053429043,2274.340149588579,False
1.0,S2a,105.522404634755,278.19543040071784,557.5366433938322,conditional_source_only_not_network_or_full_range_validated,383.71783503547283,2274.340149588579,False
1.0,S2a,109.03981812258016,287.4686114140751,555.5692707688662,conditional_source_only_not_network_or_full_range_validated,396.5084295366553,2274.3401495885796,False
1.0,S2a,112.55723161040532,296.7417924274324,553.6105515257308,conditional_source_only_not_network_or_full_range_validated,409.29902403783774,2274.340149588579,False
1.0,S2a,116.0746450982305,306.0149734407896,551.6604856644259,conditional_source_only_not_network_or_full_range_validated,422.08961853902014,2274.340149588579,False
1.0,S2a,119.59205858605569,315.28815445414693,549.7190731849515,conditional_source_only_not_network_or_full_range_validated,434.88021304020265,2274.340149588579,False
1.0,S2a,123.10947207388082,324.56133546750414,547.7863140873078,conditional_source_only_not_network_or_full_range_validated,447.670807541385,2274.340149588579,False
1.0,S2a,126.626885561706,333.8345164808614,545.8622083714945,conditional_source_only_not_network_or_full_range_validated,460.4614020425674,2274.340149588579,False
1.0,S2a,130.14429904953116,343.10769749421866,543.9467560375118,conditional_source_only_not_network_or_full_range_validated,473.2519965437498,2274.340149588579,False
1.0,S2a,133.66171253735635,352.380878507576,542.0399570853596,conditional_source_only_not_network_or_full_range_validated,486.04259104493235,2274.340149588579,False
1.0,S2a,137.1791260251815,361.6540595209332,540.1418115150381,conditional_source_only_not_network_or_full_range_validated,498.8331855461147,2274.340149588579,False
1.0,S2a,140.69653951300666,370.9272405342904,538.2523193265469,conditional_source_only_not_network_or_full_range_validated,511.62378004729703,2274.340149588579,False
1.0,S2a,3.1898831358089423,9.569649407426828,618.3959984446059,conditional_source_only_not_network_or_full_range_validated,12.759532543235771,2270.664554083258,False
1.0,S2a,6.379766271617885,19.139298814853653,616.2193015038075,conditional_source_only_not_network_or_full_range_validated,25.51906508647154,2270.664554083258,False
1.0,S2a,9.569649407426828,28.708948222280483,614.0515538716152,conditional_source_only_not_network_or_full_range_validated,38.27859762970731,2270.664554083258,False
1.0,S2a,12.75953254323577,38.278597629707306,611.8927555480291,conditional_source_only_not_network_or_full_range_validated,51.03813017294308,2270.664554083258,False
1.0,S2a,15.94941567904471,47.84824703713413,609.7429065330491,conditional_source_only_not_network_or_full_range_validated,63.79766271617884,2270.664554083258,False
1.0,S2a,19.139298814853657,57.41789644456097,607.6020068266752,conditional_source_only_not_network_or_full_range_validated,76.55719525941463,2270.664554083258,False
1.0,S2a,22.3291819506626,66.98754585198779,605.4700564289074,conditional_source_only_not_network_or_full_range_validated,89.31672780265039,2270.664554083258,False
1.0,S2a,25.51906508647154,76.55719525941461,603.3470553397457,conditional_source_only_not_network_or_full_range_validated,102.07626034588615,2270.664554083258,False
1.0,S2a,28.70894822228048,86.12684466684144,601.2330035591901,conditional_source_only_not_network_or_full_range_validated,114.83579288912192,2270.6645540832574,False
1.0,S2a,31.89883135808942,95.69649407426826,599.1279010872407,conditional_source_only_not_network_or_full_range_validated,127.59532543235768,2270.664554083258,False
1.0,S2a,35.088714493898365,105.2661434816951,597.0317479238975,conditional_source_only_not_network_or_full_range_validated,140.35485797559346,2270.664554083258,False
1.0,S2a,38.27859762970731,114.83579288912192,594.9445440691602,conditional_source_only_not_network_or_full_range_validated,153.11439051882923,2270.6645540832574,False
1.0,S2a,41.46848076551625,124.40544229654874,592.8662895230292,conditional_source_only_not_network_or_full_range_validated,165.873923062065,2270.6645540832574,False
1.0,S2a,44.6583639013252,133.97509170397558,590.7969842855042,conditional_source_only_not_network_or_full_range_validated,178.63345560530078,2270.664554083258,False
1.0,S2a,47.84824703713413,143.5447411114024,588.7366283565855,conditional_source_only_not_network_or_full_range_validated,191.39298814853652,2270.6645540832574,False
1.0,S2a,51.03813017294308,153.11439051882925,586.6852217362728,conditional_source_only_not_network_or_full_range_validated,204.15252069177234,2270.664554083258,False
1.0,S2a,54.22801330875202,162.68403992625605,584.6427644245662,conditional_source_only_not_network_or_full_range_validated,216.91205323500807,2270.6645540832574,False
1.0,S2a,57.41789644456096,172.25368933368287,582.6092564214657,conditional_source_only_not_network_or_full_range_validated,229.67158577824384,2270.6645540832574,False
1.0,S2a,60.6077795803699,181.8233387411097,580.5846977269713,conditional_source_only_not_network_or_full_range_validated,242.4311183214796,2270.664554083258,False
1.0,S2a,63.79766271617884,191.3929881485365,578.5690883410831,conditional_source_only_not_network_or_full_range_validated,255.19065086471534,2270.664554083258,False
1.0,S2a,66.98754585198779,200.96263755596337,576.562428263801,conditional_source_only_not_network_or_full_range_validated,267.95018340795116,2270.664554083258,False
1.0,S2a,70.17742898779673,210.5322869633902,574.564717495125,conditional_source_only_not_network_or_full_range_validated,280.7097159511869,2270.664554083258,False
1.0,S2a,73.36731212360567,220.101936370817,572.5759560350551,conditional_source_only_not_network_or_full_range_validated,293.4692484944227,2270.6645540832583,False
1.0,S2a,76.55719525941463,229.67158577824387,570.5961438835915,conditional_source_only_not_network_or_full_range_validated,306.2287810376585,2270.664554083258,False
1.0,S2a,79.74707839522355,239.24123518567063,568.6252810407339,conditional_source_only_not_network_or_full_range_validated,318.9883135808942,2270.664554083258,False
1.0,S2a,82.9369615310325,248.81088459309748,566.6633675064824,conditional_source_only_not_network_or_full_range_validated,331.74784612413,2270.6645540832574,False
1.0,S2a,86.12684466684144,258.38053400052434,564.7104032808369,conditional_source_only_not_network_or_full_range_validated,344.50737866736574,2270.664554083258,False
1.0,S2a,89.31672780265039,267.9501834079512,562.7663883637977,conditional_source_only_not_network_or_full_range_validated,357.2669112106016,2270.664554083258,False
1.0,S2a,92.50661093845932,277.519832815378,560.8313227553646,conditional_source_only_not_network_or_full_range_validated,370.02644375383727,2270.664554083258,False
1.0,S2a,95.69649407426826,287.0894822228048,558.9052064555375,conditional_source_only_not_network_or_full_range_validated,382.78597629707303,2270.6645540832574,False
1.0,S2a,98.8863772100772,296.6591316302316,556.9880394643167,conditional_source_only_not_network_or_full_range_validated,395.5455088403088,2270.664554083258,False
1.0,S2a,102.07626034588615,306.22878103765845,555.0798217817019,conditional_source_only_not_network_or_full_range_validated,408.3050413835446,2270.664554083258,False
1.0,S2a,105.2661434816951,315.7984304450853,553.1805534076932,conditional_source_only_not_network_or_full_range_validated,421.0645739267804,2270.664554083258,False
1.0,S2a,108.45602661750404,325.3680798525121,551.2902343422907,conditional_source_only_not_network_or_full_range_validated,433.82410647001615,2270.6645540832574,False
1.0,S2a,111.64590975331298,334.9377292599389,549.4088645854943,conditional_source_only_not_network_or_full_range_validated,446.5836390132519,2270.664554083258,False
1.0,S2a,114.83579288912192,344.50737866736574,547.536444137304,conditional_source_only_not_network_or_full_range_validated,459.3431715564877,2270.6645540832574,False
1.0,S2a,118.02567602493086,354.07702807479257,545.6729729977197,conditional_source_only_not_network_or_full_range_validated,472.10270409972344,2270.6645540832583,False
1.0,S2a,121.2155591607398,363.6466774822194,543.8184511667419,conditional_source_only_not_network_or_full_range_validated,484.8622366429592,2270.664554083258,False
1.0,S2a,124.40544229654876,373.2163268896463,541.9728786443698,conditional_source_only_not_network_or_full_range_validated,497.6217691861951,2270.664554083258,False
1.0,S2a,127.59532543235768,382.785976297073,540.136255430604,conditional_source_only_not_network_or_full_range_validated,510.3813017294307,2270.664554083258,False
1.0,S2a,2.8639397447369617,9.86468134298287,618.4371531856624,conditional_source_only_not_network_or_full_range_validated,12.728621087719832,2267.0008197798156,False
1.0,S2a,5.727879489473923,19.72936268596574,616.3019597859748,conditional_source_only_not_network_or_full_range_validated,25.457242175439664,2267.0008197798156,False
1.0,S2a,8.591819234210886,29.594044028948613,614.1760644949475,conditional_source_only_not_network_or_full_range_validated,38.1858632631595,2267.0008197798156,False
1.0,S2a,11.455758978947848,39.45872537193148,612.0594673125804,conditional_source_only_not_network_or_full_range_validated,50.91448435087933,2267.0008197798156,False
1.0,S2a,14.319698723684809,49.32340671491435,609.9521682388736,conditional_source_only_not_network_or_full_range_validated,63.64310543859916,2267.000819779816,False
1.0,S2a,17.183638468421773,59.188088057897225,607.854167273827,conditional_source_only_not_network_or_full_range_validated,76.371726526319,2267.0008197798156,False
1.0,S2a,20.047578213158733,69.0527694008801,605.7654644174407,conditional_source_only_not_network_or_full_range_validated,89.10034761403882,2267.0008197798156,False
1.0,S2a,22.911517957895693,78.91745074386296,603.6860596697147,conditional_source_only_not_network_or_full_range_validated,101.82896870175865,2267.0008197798156,False
1.0,S2a,25.775457702632657,88.78213208684583,601.6159530306492,conditional_source_only_not_network_or_full_range_validated,114.5575897894785,2267.000819779816,False
1.0,S2a,28.639397447369618,98.6468134298287,599.5551445002437,conditional_source_only_not_network_or_full_range_validated,127.28621087719831,2267.000819779816,False
1.0,S2a,31.50333719210658,108.51149477281156,597.5036340784986,conditional_source_only_not_network_or_full_range_validated,140.01483196491813,2267.0008197798156,False
1.0,S2a,34.367276936843545,118.37617611579444,595.4614217654138,conditional_source_only_not_network_or_full_range_validated,152.743453052638,2267.000819779816,False
1.0,S2a,37.231216681580506,128.24085745877733,593.4285075609893,conditional_source_only_not_network_or_full_range_validated,165.47207414035785,2267.000819779816,False
1.0,S2a,40.095156426317466,138.1055388017602,591.4048914652251,conditional_source_only_not_network_or_full_range_validated,178.20069522807765,2267.0008197798156,False
1.0,S2a,42.959096171054426,147.97022014474305,589.390573478121,conditional_source_only_not_network_or_full_range_validated,190.92931631579748,2267.0008197798156,False
1.0,S2a,45.82303591579139,157.83490148772592,587.3855535996773,conditional_source_only_not_network_or_full_range_validated,203.6579374035173,2267.0008197798156,False
1.0,S2a,48.68697566052836,167.6995828307088,585.3898318298939,conditional_source_only_not_network_or_full_range_validated,216.38655849123717,2267.0008197798156,False
1.0,S2a,51.550915405265314,177.56426417369167,583.4034081687707,conditional_source_only_not_network_or_full_range_validated,229.115179578957,2267.000819779816,False
1.0,S2a,54.41485515000228,187.42894551667456,581.4262826163078,conditional_source_only_not_network_or_full_range_validated,241.84380066667683,2267.000819779816,False
1.0,S2a,57.27879489473924,197.2936268596574,579.4584551725054,conditional_source_only_not_network_or_full_range_validated,254.57242175439663,2267.000819779816,False
1.0,S2a,60.1427346394762,207.15830820264028,577.4999258373631,conditional_source_only_not_network_or_full_range_validated,267.3010428421165,2267.000819779816,False
1.0,S2a,63.00667438421316,217.02298954562315,575.550694610881,conditional_source_only_not_network_or_full_range_validated,280.0296639298363,2267.000819779816,False
1.0,S2a,65.87061412895012,226.887670888606,573.6107614930593,conditional_source_only_not_network_or_full_range_validated,292.75828501755615,2267.000819779816,False
1.0,S2a,68.73455387368709,236.7523522315889,571.6801264838979,conditional_source_only_not_network_or_full_range_validated,305.486906105276,2267.0008197798156,False
1.0,S2a,71.59849361842404,246.61703357457176,569.7587895833967,conditional_source_only_not_network_or_full_range_validated,318.2155271929958,2267.000819779816,False
1.0,S2a,74.46243336316101,256.48171491755465,567.8467507915559,conditional_source_only_not_network_or_full_range_validated,330.9441482807157,2267.000819779816,False
1.0,S2a,77.32637310789798,266.3463962605375,565.9440101083753,conditional_source_only_not_network_or_full_range_validated,343.6727693684355,2267.0008197798165,False
1.0,S2a,80.19031285263493,276.2110776035204,564.050567533855,conditional_source_only_not_network_or_full_range_validated,356.4013904561553,2267.0008197798156,False
1.0,S2a,83.05425259737191,286.0757589465033,562.166423067995,conditional_source_only_not_network_or_full_range_validated,369.1300115438752,2267.000819779816,False
1.0,S2a,85.91819234210885,295.9404402894861,560.2915767107952,conditional_source_only_not_network_or_full_range_validated,381.85863263159496,2267.0008197798156,False
1.0,S2a,88.78213208684582,305.80512163246897,558.4260284622558,conditional_source_only_not_network_or_full_range_validated,394.5872537193148,2267.000819779816,False
1.0,S2a,91.64607183158276,315.66980297545183,556.5697783223766,conditional_source_only_not_network_or_full_range_validated,407.31587480703456,2267.0008197798156,False
1.0,S2a,94.51001157631974,325.5344843184347,554.7228262911577,conditional_source_only_not_network_or_full_range_validated,420.04449589475445,2267.000819779816,False
1.0,S2a,97.37395132105672,335.3991656614176,552.8851723685991,conditional_source_only_not_network_or_full_range_validated,432.77311698247433,2267.0008197798156,False
1.0,S2a,100.23789106579366,345.2638470044004,551.0568165547007,conditional_source_only_not_network_or_full_range_validated,445.50173807019405,2267.0008197798156,False
1.0,S2a,103.10183081053064,355.12852834738334,549.2377588494628,conditional_source_only_not_network_or_full_range_validated,458.230359157914,2267.0008197798156,False
1.0,S2a,105.96577055526758,364.9932096903662,547.427999252885,conditional_source_only_not_network_or_full_range_validated,470.95898024563377,2267.000819779816,False
1.0,S2a,108.82971030000456,374.8578910333491,545.6275377649675,conditional_source_only_not_network_or_full_range_validated,483.68760133335365,2267.000819779816,False
1.0,S2a,111.69365004474152,384.722572376332,543.8363743857103,conditional_source_only_not_network_or_full_range_validated,496.4162224210735,2267.000819779816,False
1.0,S2a,114.55758978947848,394.5872537193148,542.0545091151133,conditional_source_only_not_network_or_full_range_validated,509.14484350879326,2267.000819779816,False
1.0,S2a,2.5395718086898142,10.15828723475926,618.4781358958504,conditional_source_only_not_network_or_full_range_validated,12.697859043449075,2263.3488893563285,False
1.0,S2a,5.0791436173796285,20.31657446951852,616.3843261035466,conditional_source_only_not_network_or_full_range_validated,25.39571808689815,2263.3488893563285,False
1.0,S2a,7.618715426069443,30.474861704277775,614.3002153170992,conditional_source_only_not_network_or_full_range_validated,38.093577130347214,2263.348889356328,False
1.0,S2a,10.158287234759255,40.63314893903704,612.2258035365079,conditional_source_only_not_network_or_full_range_validated,50.7914361737963,2263.3488893563285,False
1.0,S2a,12.69785904344907,50.79143617379629,610.1610907617727,conditional_source_only_not_network_or_full_range_validated,63.48929521724536,2263.3488893563285,False
1.0,S2a,15.237430852138884,60.94972340855556,608.1060769928938,conditional_source_only_not_network_or_full_range_validated,76.18715426069444,2263.348889356328,False
1.0,S2a,17.7770026608287,71.10801064331481,606.060762229871,conditional_source_only_not_network_or_full_range_validated,88.88501330414351,2263.3488893563285,False
1.0,S2a,20.316574469518518,81.26629787807407,604.0251464727046,conditional_source_only_not_network_or_full_range_validated,101.58287234759258,2263.348889356328,False
1.0,S2a,22.856146278208325,91.42458511283331,601.9992297213943,conditional_source_only_not_network_or_full_range_validated,114.28073139104164,2263.3488893563285,False
1.0,S2a,25.39571808689814,101.58287234759258,599.9830119759401,conditional_source_only_not_network_or_full_range_validated,126.97859043449073,2263.3488893563285,False
1.0,S2a,27.935289895587957,111.74115958235184,597.9764932363422,conditional_source_only_not_network_or_full_range_validated,139.6764494779398,2263.3488893563285,False
1.0,S2a,30.47486170427777,121.89944681711113,595.9796735026005,conditional_source_only_not_network_or_full_range_validated,152.3743085213889,2263.348889356328,False
1.0,S2a,33.01443351296758,132.05773405187037,593.992552774715,conditional_source_only_not_network_or_full_range_validated,165.07216756483794,2263.348889356328,False
1.0,S2a,35.5540053216574,142.21602128662963,592.0151310526857,conditional_source_only_not_network_or_full_range_validated,177.77002660828703,2263.3488893563285,False
1.0,S2a,38.09357713034721,152.37430852138888,590.0474083365125,conditional_source_only_not_network_or_full_range_validated,190.46788565173608,2263.348889356328,False
1.0,S2a,40.63314893903703,162.53259575614814,588.0893846261956,conditional_source_only_not_network_or_full_range_validated,203.16574469518517,2263.348889356328,False
1.0,S2a,43.17272074772684,172.69088299090745,586.141059921735,conditional_source_only_not_network_or_full_range_validated,215.8636037386343,2263.3488893563285,False
1.0,S2a,45.71229255641665,182.84917022566663,584.2024342231305,conditional_source_only_not_network_or_full_range_validated,228.56146278208328,2263.3488893563285,False
1.0,S2a,48.25186436510647,193.00745746042597,582.2735075303822,conditional_source_only_not_network_or_full_range_validated,241.25932182553242,2263.348889356328,False
1.0,S2a,50.79143617379628,203.1657446951852,580.35427984349,conditional_source_only_not_network_or_full_range_validated,253.95718086898148,2263.348889356328,False
1.0,S2a,53.3310079824861,213.32403192994445,578.444751162454,conditional_source_only_not_network_or_full_range_validated,266.65503991243054,2263.3488893563276,False
1.0,S2a,55.87057979117591,223.48231916470368,576.5449214872745,conditional_source_only_not_network_or_full_range_validated,279.3528989558796,2263.3488893563285,False
1.0,S2a,58.41015159986573,233.64060639946297,574.6547908179509,conditional_source_only_not_network_or_full_range_validated,292.0507579993287,2263.3488893563285,False
1.0,S2a,60.94972340855554,243.79889363422225,572.7743591544837,conditional_source_only_not_network_or_full_range_validated,304.7486170427778,2263.348889356328,False
1.0,S2a,63.48929521724535,253.95718086898148,570.9036264968726,conditional_source_only_not_network_or_full_range_validated,317.4464760862268,2263.348889356328,False
1.0,S2a,66.02886702593516,264.11546810374074,569.0425928451176,conditional_source_only_not_network_or_full_range_validated,330.1443351296759,2263.348889356328,False
1.0,S2a,68.56843883462498,274.2737553385,567.1912581992191,conditional_source_only_not_network_or_full_range_validated,342.842194173125,2263.348889356328,False
1.0,S2a,71.1080106433148,284.43204257325925,565.3496225591765,conditional_source_only_not_network_or_full_range_validated,355.54005321657405,2263.3488893563285,False
1.0,S2a,73.64758245200461,294.59032980801857,563.5176859249902,conditional_source_only_not_network_or_full_range_validated,368.23791226002317,2263.348889356328,False
1.0,S2a,76.18715426069441,304.74861704277777,561.6954482966601,conditional_source_only_not_network_or_full_range_validated,380.93577130347217,2263.348889356328,False
1.0,S2a,78.72672606938424,314.906904277537,559.8829096741862,conditional_source_only_not_network_or_full_range_validated,393.6336303469213,2263.3488893563285,False
1.0,S2a,81.26629787807406,325.0651915122963,558.0800700575686,conditional_source_only_not_network_or_full_range_validated,406.33148939037034,2263.348889356328,False
1.0,S2a,83.80586968676387,335.2234787470556,556.2869294468071,conditional_source_only_not_network_or_full_range_validated,419.02934843381945,2263.348889356328,False
1.0,S2a,86.34544149545368,345.38176598181485,554.5034878419018,conditional_source_only_not_network_or_full_range_validated,431.7272074772685,2263.3488893563285,False
1.0,S2a,88.8850133041435,355.54005321657405,552.7297452428527,conditional_source_only_not_network_or_full_range_validated,444.42506652071756,2263.3488893563285,False
1.0,S2a,91.4245851128333,365.6983404513333,550.9657016496599,conditional_source_only_not_network_or_full_range_validated,457.1229255641666,2263.3488893563285,False
1.0,S2a,93.96415692152311,375.8566276860926,549.2113570623233,conditional_source_only_not_network_or_full_range_validated,469.82078460761574,2263.348889356328,False
1.0,S2a,96.50372873021294,386.0149149208519,547.4667114808427,conditional_source_only_not_network_or_full_range_validated,482.51864365106485,2263.348889356328,False
1.0,S2a,99.04330053890276,396.1732021556112,545.7317649052185,conditional_source_only_not_network_or_full_range_validated,495.21650269451396,2263.348889356328,False
1.0,S2a,101.58287234759256,406.3314893903704,544.0065173354504,conditional_source_only_not_network_or_full_range_validated,507.91436173796296,2263.348889356328,False
1.0,S2a,2.216767932708184,10.450477397052872,618.5189476254034,conditional_source_only_not_network_or_full_range_validated,12.667245329761055,2259.7087058596367,False
1.0,S2a,4.433535865416368,20.900954794105747,616.4664017921169,conditional_source_only_not_network_or_full_range_validated,25.334490659522114,2259.7087058596367,False
1.0,S2a,6.650303798124553,31.351432191158622,614.4240071941515,conditional_source_only_not_network_or_full_range_validated,38.001735989283176,2259.7087058596367,False
1.0,S2a,8.867071730832736,41.80190958821149,612.3917638315066,conditional_source_only_not_network_or_full_range_validated,50.66898131904422,2259.7087058596367,False
1.0,S2a,11.08383966354092,52.25238698526436,610.3696717041826,conditional_source_only_not_network_or_full_range_validated,63.33622664880528,2259.7087058596367,False
1.0,S2a,13.300607596249106,62.702864382317244,608.3577308121793,conditional_source_only_not_network_or_full_range_validated,76.00347197856635,2259.7087058596367,False
1.0,S2a,15.517375528957288,73.15334177937011,606.3559411554968,conditional_source_only_not_network_or_full_range_validated,88.6707173083274,2259.7087058596367,False
1.0,S2a,17.73414346166547,83.60381917642299,604.3643027341351,conditional_source_only_not_network_or_full_range_validated,101.33796263808846,2259.7087058596367,False
1.0,S2a,19.95091139437365,94.05429657347584,602.382815548094,conditional_source_only_not_network_or_full_range_validated,114.00520796784949,2259.7087058596367,False
1.0,S2a,22.16767932708184,104.50477397052872,600.4114795973737,conditional_source_only_not_network_or_full_range_validated,126.67245329761056,2259.7087058596367,False
1.0,S2a,24.384447259790026,114.9552513675816,598.4502948819743,conditional_source_only_not_network_or_full_range_validated,139.33969862737163,2259.708705859637,False
1.0,S2a,26.601215192498213,125.40572876463447,596.4992614018954,conditional_source_only_not_network_or_full_range_validated,152.00694395713268,2259.708705859636,False
1.0,S2a,28.81798312520639,135.85620616168734,594.5583791571374,conditional_source_only_not_network_or_full_range_validated,164.67418928689372,2259.7087058596367,False
1.0,S2a,31.034751057914576,146.30668355874022,592.6276481477001,conditional_source_only_not_network_or_full_range_validated,177.3414346166548,2259.7087058596367,False
1.0,S2a,33.25151899062276,156.75716095579307,590.7070683735838,conditional_source_only_not_network_or_full_range_validated,190.00867994641584,2259.7087058596367,False
1.0,S2a,35.46828692333094,167.20763835284598,588.7966398347879,conditional_source_only_not_network_or_full_range_validated,202.6759252761769,2259.7087058596367,False
1.0,S2a,37.68505485603913,177.65811574989883,586.8963625313129,conditional_source_only_not_network_or_full_range_validated,215.34317060593796,2259.7087058596367,False
1.0,S2a,39.90182278874731,188.1085931469517,585.0062364631588,conditional_source_only_not_network_or_full_range_validated,228.01041593569903,2259.708705859637,False
1.0,S2a,42.1185907214555,198.55907054400456,583.1262616303252,conditional_source_only_not_network_or_full_range_validated,240.67766126546005,2259.7087058596367,False
1.0,S2a,44.33535865416368,209.00954794105743,581.2564380328125,conditional_source_only_not_network_or_full_range_validated,253.34490659522112,2259.7087058596367,False
1.0,S2a,46.55212658687186,219.4600253381103,579.3967656706205,conditional_source_only_not_network_or_full_range_validated,266.01215192498216,2259.708705859636,False
1.0,S2a,48.76889451958005,229.9105027351632,577.5472445437492,conditional_source_only_not_network_or_full_range_validated,278.67939725474326,2259.708705859637,False
1.0,S2a,50.98566245228823,240.36098013221607,575.7078746521988,conditional_source_only_not_network_or_full_range_validated,291.3466425845043,2259.7087058596367,False
1.0,S2a,53.202430384996426,250.81145752926895,573.8786559959691,conditional_source_only_not_network_or_full_range_validated,304.01388791426535,2259.708705859636,False
1.0,S2a,55.4191983177046,261.26193492632177,572.05958857506,conditional_source_only_not_network_or_full_range_validated,316.68113324402634,2259.7087058596367,False
1.0,S2a,57.63596625041278,271.7124123233747,570.2506723894719,conditional_source_only_not_network_or_full_range_validated,329.34837857378744,2259.7087058596367,False
1.0,S2a,59.85273418312097,282.1628897204276,568.4519074392045,conditional_source_only_not_network_or_full_range_validated,342.01562390354854,2259.7087058596367,False
1.0,S2a,62.06950211582915,292.61336711748044,566.6632937242579,conditional_source_only_not_network_or_full_range_validated,354.6828692333096,2259.7087058596367,False
1.0,S2a,64.28627004853735,303.06384451453334,564.8848312446319,conditional_source_only_not_network_or_full_range_validated,367.3501145630707,2259.7087058596367,False
1.0,S2a,66.50303798124551,313.51432191158614,563.1165200003267,conditional_source_only_not_network_or_full_range_validated,380.0173598928317,2259.7087058596367,False
1.0,S2a,68.7198059139537,323.96479930863904,561.3583599913422,conditional_source_only_not_network_or_full_range_validated,392.6846052225927,2259.708705859636,False
1.0,S2a,70.93657384666189,334.41527670569195,559.6103512176785,conditional_source_only_not_network_or_full_range_validated,405.3518505523538,2259.7087058596367,False
1.0,S2a,73.15334177937008,344.8657541027448,557.8724936793357,conditional_source_only_not_network_or_full_range_validated,418.01909588211487,2259.7087058596367,False
1.0,S2a,75.37010971207826,355.3162314997977,556.1447873763135,conditional_source_only_not_network_or_full_range_validated,430.68634121187597,2259.7087058596367,False
1.0,S2a,77.58687764478644,365.7667088968505,554.4272323086121,conditional_source_only_not_network_or_full_range_validated,443.35358654163696,2259.7087058596367,False
1.0,S2a,79.80364557749462,376.2171862939034,552.7198284762313,conditional_source_only_not_network_or_full_range_validated,456.02083187139806,2259.708705859637,False
1.0,S2a,82.02041351020281,386.6676636909563,551.0225758791715,conditional_source_only_not_network_or_full_range_validated,468.6880772011591,2259.7087058596367,False
1.0,S2a,84.237181442911,397.1181410880092,549.3354745174323,conditional_source_only_not_network_or_full_range_validated,481.3553225309202,2259.7087058596367,False
1.0,S2a,86.45394937561919,407.5686184850621,547.6585243910139,conditional_source_only_not_network_or_full_range_validated,494.02256786068125,2259.7087058596367,False
1.0,S2a,88.67071730832735,418.01909588211487,545.9917254999162,conditional_source_only_not_network_or_full_range_validated,506.68981319044224,2259.7087058596367,False
1.0,S2a,1.8955168314584867,10.741262044931432,618.5595894163129,conditional_source_only_not_network_or_full_range_validated,12.636778876389918,2256.08021270239,False
1.0,S2a,3.791033662916973,21.482524089862864,616.5481881818791,conditional_source_only_not_network_or_full_range_validated,25.273557752779837,2256.08021270239,False
1.0,S2a,5.68655049437546,32.223786134794295,614.5474409907091,conditional_source_only_not_network_or_full_range_validated,37.910336629169755,2256.08021270239,False
1.0,S2a,7.582067325833947,42.96504817972573,612.5573478428028,conditional_source_only_not_network_or_full_range_validated,50.547115505559674,2256.08021270239,False
1.0,S2a,9.477584157292432,53.70631022465715,610.5779087381603,conditional_source_only_not_network_or_full_range_validated,63.183894381949585,2256.08021270239,False
1.0,S2a,11.37310098875092,64.44757226958859,608.6091236767815,conditional_source_only_not_network_or_full_range_validated,75.82067325833951,2256.08021270239,False
1.0,S2a,13.268617820209403,75.18883431452002,606.6509926586663,conditional_source_only_not_network_or_full_range_validated,88.45745213472942,2256.08021270239,False
1.0,S2a,15.164134651667894,85.93009635945145,604.7035156838149,conditional_source_only_not_network_or_full_range_validated,101.09423101111935,2256.08021270239,False
1.0,S2a,17.05965148312638,96.67135840438289,602.7666927522272,conditional_source_only_not_network_or_full_range_validated,113.73100988750926,2256.08021270239,False
1.0,S2a,18.955168314584864,107.4126204493143,600.8405238639033,conditional_source_only_not_network_or_full_range_validated,126.36778876389917,2256.08021270239,False
1.0,S2a,20.850685146043357,118.15388249424576,598.9250090188431,conditional_source_only_not_network_or_full_range_validated,139.0045676402891,2256.08021270239,False
1.0,S2a,22.74620197750184,128.89514453917718,597.0201482170465,conditional_source_only_not_network_or_full_range_validated,151.64134651667902,2256.08021270239,False
1.0,S2a,24.641718808960324,139.6364065841086,595.1259414585138,conditional_source_only_not_network_or_full_range_validated,164.27812539306893,2256.08021270239,False
1.0,S2a,26.53723564041881,150.37766862904004,593.2423887432449,conditional_source_only_not_network_or_full_range_validated,176.91490426945884,2256.08021270239,False
1.0,S2a,28.432752471877297,161.11893067397145,591.3694900712395,conditional_source_only_not_network_or_full_range_validated,189.55168314584876,2256.08021270239,False
1.0,S2a,30.328269303335787,171.8601927189029,589.507245442498,conditional_source_only_not_network_or_full_range_validated,202.1884620222387,2256.08021270239,False
1.0,S2a,32.223786134794274,182.60145476383437,587.6556548570201,conditional_source_only_not_network_or_full_range_validated,214.82524089862864,2256.0802127023894,False
1.0,S2a,34.11930296625276,193.34271680876577,585.8147183148059,conditional_source_only_not_network_or_full_range_validated,227.46201977501852,2256.08021270239,False
1.0,S2a,36.01481979771124,204.0839788536972,583.9844358158555,conditional_source_only_not_network_or_full_range_validated,240.09879865140846,2256.08021270239,False
1.0,S2a,37.91033662916973,214.8252408986286,582.1648073601689,conditional_source_only_not_network_or_full_range_validated,252.73557752779834,2256.08021270239,False
1.0,S2a,39.80585346062822,225.56650294356007,580.3558329477459,conditional_source_only_not_network_or_full_range_validated,265.3723564041883,2256.0802127023894,False
1.0,S2a,41.70137029208671,236.3077649884915,578.5575125785867,conditional_source_only_not_network_or_full_range_validated,278.0091352805782,2256.08021270239,False
1.0,S2a,43.59688712354519,247.0490270334229,576.7698462526913,conditional_source_only_not_network_or_full_range_validated,290.6459141569681,2256.08021270239,False
1.0,S2a,45.49240395500368,257.7902890783544,574.9928339700596,conditional_source_only_not_network_or_full_range_validated,303.2826930333581,2256.0802127023894,False
1.0,S2a,47.38792078646216,268.53155112328574,573.2264757306915,conditional_source_only_not_network_or_full_range_validated,315.9194719097479,2256.0802127023903,False
1.0,S2a,49.28343761792065,279.2728131682172,571.4707715345871,conditional_source_only_not_network_or_full_range_validated,328.55625078613787,2256.08021270239,False
1.0,S2a,51.17895444937914,290.01407521314866,569.7257213817466,conditional_source_only_not_network_or_full_range_validated,341.1930296625278,2256.08021270239,False
1.0,S2a,53.07447128083762,300.7553372580801,567.9913252721697,conditional_source_only_not_network_or_full_range_validated,353.8298085389177,2256.08021270239,False
1.0,S2a,54.969988112296114,311.4965993030115,566.2675832058566,conditional_source_only_not_network_or_full_range_validated,366.46658741530763,2256.0802127023894,False
1.0,S2a,56.865504943754594,322.2378613479429,564.5544951828072,conditional_source_only_not_network_or_full_range_validated,379.1033662916975,2256.08021270239,False
1.0,S2a,58.76102177521308,332.9791233928744,562.8520612030215,conditional_source_only_not_network_or_full_range_validated,391.74014516808745,2256.08021270239,False
1.0,S2a,60.656538606671575,343.7203854378058,561.1602812664996,conditional_source_only_not_network_or_full_range_validated,404.3769240444774,2256.08021270239,False
1.0,S2a,62.55205543813005,354.46164748273725,559.4791553732414,conditional_source_only_not_network_or_full_range_validated,417.0137029208673,2256.0802127023894,False
1.0,S2a,64.44757226958855,365.2029095276687,557.8086835232469,conditional_source_only_not_network_or_full_range_validated,429.6504817972572,2256.0802127023894,False
1.0,S2a,66.34308910104703,375.94417157260006,556.1488657165162,conditional_source_only_not_network_or_full_range_validated,442.2872606736471,2256.08021270239,False
1.0,S2a,68.23860593250552,386.68543361753154,554.4997019530491,conditional_source_only_not_network_or_full_range_validated,454.92403955003704,2256.08021270239,False
1.0,S2a,70.134122763964,397.426695662463,552.8611922328458,conditional_source_only_not_network_or_full_range_validated,467.560818426427,2256.0802127023894,False
1.0,S2a,72.02963959542248,408.1679577073944,551.2333365559062,conditional_source_only_not_network_or_full_range_validated,480.1975973028169,2256.08021270239,False
1.0,S2a,73.92515642688097,418.9092197523258,549.6161349222303,conditional_source_only_not_network_or_full_range_validated,492.83437617920674,2256.08021270239,False
1.0,S2a,75.82067325833945,429.6504817972572,548.0095873318184,conditional_source_only_not_network_or_full_range_validated,505.4711550555967,2256.08021270239,False
1.0,S2a,1.575807327917702,11.030651295423915,618.600062302406,conditional_source_only_not_network_or_full_range_validated,12.606458623341616,2252.463353660111,False
1.0,S2a,3.151614655835404,22.06130259084783,616.6296865976018,conditional_source_only_not_network_or_full_range_validated,25.212917246683233,2252.463353660111,False
1.0,S2a,4.727421983753107,33.09195388627175,614.670517579598,conditional_source_only_not_network_or_full_range_validated,37.81937587002486,2252.4633536601104,False
1.0,S2a,6.303229311670808,44.12260518169566,612.7225552483945,conditional_source_only_not_network_or_full_range_validated,50.425834493366466,2252.463353660111,False
1.0,S2a,7.87903663958851,55.15325647711957,610.7857996039912,conditional_source_only_not_network_or_full_range_validated,63.03229311670808,2252.463353660111,False
1.0,S2a,9.454843967506214,66.1839077725435,608.8602506463882,conditional_source_only_not_network_or_full_range_validated,75.63875174004971,2252.4633536601104,False
1.0,S2a,11.030651295423915,77.2145590679674,606.9459083755856,conditional_source_only_not_network_or_full_range_validated,88.24521036339132,2252.4633536601114,False
1.0,S2a,12.606458623341616,88.24521036339132,605.0427727915832,conditional_source_only_not_network_or_full_range_validated,100.85166898673293,2252.463353660111,False
1.0,S2a,14.18226595125932,99.27586165881524,603.1508438943811,conditional_source_only_not_network_or_full_range_validated,113.45812761007457,2252.463353660111,False
1.0,S2a,15.75807327917702,110.30651295423914,601.2701216839791,conditional_source_only_not_network_or_full_range_validated,126.06458623341616,2252.463353660111,False
1.0,S2a,17.333880607094724,121.33716424966306,599.4006061603777,conditional_source_only_not_network_or_full_range_validated,138.6710448567578,2252.4633536601114,False
1.0,S2a,18.90968793501243,132.367815545087,597.5422973235765,conditional_source_only_not_network_or_full_range_validated,151.27750348009943,2252.4633536601104,False
1.0,S2a,20.48549526293013,143.39846684051088,595.6951951735754,conditional_source_only_not_network_or_full_range_validated,163.883962103441,2252.463353660111,False
1.0,S2a,22.06130259084783,154.4291181359348,593.8592997103747,conditional_source_only_not_network_or_full_range_validated,176.49042072678265,2252.4633536601114,False
1.0,S2a,23.63710991876553,165.45976943135872,592.0346109339744,conditional_source_only_not_network_or_full_range_validated,189.09687935012425,2252.463353660111,False
1.0,S2a,25.212917246683237,176.49042072678265,590.2211288443742,conditional_source_only_not_network_or_full_range_validated,201.7033379734659,2252.4633536601114,False
1.0,S2a,26.788724574600938,187.52107202220657,588.4188534415744,conditional_source_only_not_network_or_full_range_validated,214.3097965968075,2252.463353660111,False
1.0,S2a,28.36453190251864,198.5517233176305,586.6277847255749,conditional_source_only_not_network_or_full_range_validated,226.91625522014914,2252.463353660111,False
1.0,S2a,29.94033923043634,209.5823746130544,584.8479226963757,conditional_source_only_not_network_or_full_range_validated,239.52271384349075,2252.463353660111,False
1.0,S2a,31.51614655835404,220.61302590847828,583.0792673539767,conditional_source_only_not_network_or_full_range_validated,252.12917246683233,2252.463353660111,False
1.0,S2a,33.091953886271746,231.64367720390223,581.3218186983779,conditional_source_only_not_network_or_full_range_validated,264.73563109017397,2252.463353660111,False
1.0,S2a,34.66776121418945,242.67432849932607,579.5755767295796,conditional_source_only_not_network_or_full_range_validated,277.3420897135155,2252.463353660111,False
1.0,S2a,36.24356854210715,253.70497979475005,577.8405414475815,conditional_source_only_not_network_or_full_range_validated,289.9485483368572,2252.4633536601104,False
1.0,S2a,37.81937587002486,264.735631090174,576.1167128523837,conditional_source_only_not_network_or_full_range_validated,302.55500696019885,2252.4633536601104,False
1.0,S2a,39.39518319794255,275.76628238559783,574.404090943986,conditional_source_only_not_network_or_full_range_validated,315.1614655835404,2252.463353660111,False
1.0,S2a,40.97099052586025,286.79693368102176,572.7026757223888,conditional_source_only_not_network_or_full_range_validated,327.767924206882,2252.463353660111,False
1.0,S2a,42.54679785377796,297.82758497644573,571.0124671875919,conditional_source_only_not_network_or_full_range_validated,340.3743828302237,2252.463353660111,False
1.0,S2a,44.12260518169566,308.8582362718696,569.3334653395951,conditional_source_only_not_network_or_full_range_validated,352.9808414535653,2252.4633536601114,False
1.0,S2a,45.69841250961336,319.8888875672935,567.6656701783987,conditional_source_only_not_network_or_full_range_validated,365.5873000769069,2252.463353660111,False
1.0,S2a,47.27421983753106,330.91953886271745,566.0090817040026,conditional_source_only_not_network_or_full_range_validated,378.1937587002485,2252.463353660111,False
1.0,S2a,48.850027165448765,341.95019015814137,564.3636999164069,conditional_source_only_not_network_or_full_range_validated,390.8002173235901,2252.463353660111,False
1.0,S2a,50.42583449336647,352.9808414535653,562.7295248156113,conditional_source_only_not_network_or_full_range_validated,403.4066759469318,2252.4633536601114,False
1.0,S2a,52.001641821284174,364.0114927489892,561.106556401616,conditional_source_only_not_network_or_full_range_validated,416.0131345702734,2252.463353660111,False
1.0,S2a,53.57744914920188,375.04214404441313,559.4947946744211,conditional_source_only_not_network_or_full_range_validated,428.619593193615,2252.463353660111,False
1.0,S2a,55.15325647711957,386.072795339837,557.8942396340265,conditional_source_only_not_network_or_full_range_validated,441.22605181695656,2252.463353660111,False
1.0,S2a,56.72906380503728,397.1034466352609,556.304891280432,conditional_source_only_not_network_or_full_range_validated,453.8325104402982,2252.463353660111,False
1.0,S2a,58.30487113295498,408.1340979306849,554.7267496136378,conditional_source_only_not_network_or_full_range_validated,466.4389690636399,2252.463353660111,False
1.0,S2a,59.88067846087268,419.1647492261088,553.159814633644,conditional_source_only_not_network_or_full_range_validated,479.0454276869815,2252.463353660111,False
1.0,S2a,61.45648578879039,430.1954005215328,551.6040863404505,conditional_source_only_not_network_or_full_range_validated,491.6518863103232,2252.463353660111,False
1.0,S2a,63.03229311670808,441.22605181695656,550.0595647340573,conditional_source_only_not_network_or_full_range_validated,504.25834493366466,2252.463353660111,False
1.0,S2a,1.2576283520771023,11.318655168693924,618.6403673094202,conditional_source_only_not_network_or_full_range_validated,12.576283520771026,2248.858072868293,False
1.0,S2a,2.5152567041542047,22.63731033738785,616.7108983586066,conditional_source_only_not_network_or_full_range_validated,25.152567041542053,2248.858072868293,False
1.0,S2a,3.772885056231308,33.955965506081775,614.7932378415695,conditional_source_only_not_network_or_full_range_validated,37.728850562313085,2248.858072868293,False
1.0,S2a,5.030513408308409,45.2746206747757,612.8873857583092,conditional_source_only_not_network_or_full_range_validated,50.305134083084106,2248.858072868293,False
1.0,S2a,6.288141760385511,56.59327584346961,610.9933421088255,conditional_source_only_not_network_or_full_range_validated,62.88141760385513,2248.8580728682928,False
1.0,S2a,7.545770112462615,67.91193101216355,609.1111068931184,conditional_source_only_not_network_or_full_range_validated,75.45770112462617,2248.858072868293,False
1.0,S2a,8.803398464539717,79.23058618085747,607.2406801111879,conditional_source_only_not_network_or_full_range_validated,88.03398464539718,2248.858072868293,False
1.0,S2a,10.06102681661682,90.5492413495514,605.382061763034,conditional_source_only_not_network_or_full_range_validated,100.61026816616821,2248.858072868293,False
1.0,S2a,11.31865516869392,101.8678965182453,603.5352518486569,conditional_source_only_not_network_or_full_range_validated,113.18655168693923,2248.8580728682937,False
1.0,S2a,12.576283520771025,113.18655168693924,601.7002503680563,conditional_source_only_not_network_or_full_range_validated,125.76283520771027,2248.858072868293,False
1.0,S2a,13.833911872848123,124.50520685563316,599.8770573212323,conditional_source_only_not_network_or_full_range_validated,138.33911872848128,2248.858072868293,False
1.0,S2a,15.09154022492523,135.8238620243271,598.0656727081849,conditional_source_only_not_network_or_full_range_validated,150.91540224925234,2248.858072868293,False
1.0,S2a,16.34916857700233,147.142517193021,596.2660965289143,conditional_source_only_not_network_or_full_range_validated,163.49168577002334,2248.858072868293,False
1.0,S2a,17.606796929079433,158.46117236171494,594.4783287834202,conditional_source_only_not_network_or_full_range_validated,176.06796929079437,2248.858072868293,False
1.0,S2a,18.86442528115653,169.77982753040882,592.7023694717027,conditional_source_only_not_network_or_full_range_validated,188.64425281156537,2248.858072868293,False
1.0,S2a,20.12205363323364,181.0984826991028,590.9382185937619,conditional_source_only_not_network_or_full_range_validated,201.22053633233642,2248.858072868293,False
1.0,S2a,21.37968198531074,192.4171378677967,589.1858761495978,conditional_source_only_not_network_or_full_range_validated,213.79681985310742,2248.858072868293,False
1.0,S2a,22.63731033738784,203.7357930364906,587.4453421392102,conditional_source_only_not_network_or_full_range_validated,226.37310337387845,2248.8580728682937,False
1.0,S2a,23.894938689464947,215.05444820518457,585.7166165625993,conditional_source_only_not_network_or_full_range_validated,238.9493868946495,2248.858072868293,False
1.0,S2a,25.15256704154205,226.37310337387845,583.9996994197649,conditional_source_only_not_network_or_full_range_validated,251.5256704154205,2248.8580728682928,False
1.0,S2a,26.410195393619148,237.6917585425724,582.2945907107072,conditional_source_only_not_network_or_full_range_validated,264.10195393619153,2248.8580728682928,False
1.0,S2a,27.66782374569625,249.01041371126632,580.6012904354262,conditional_source_only_not_network_or_full_range_validated,276.67823745696256,2248.858072868293,False
1.0,S2a,28.925452097773352,260.32906887996023,578.9197985939218,conditional_source_only_not_network_or_full_range_validated,289.2545209777336,2248.858072868293,False
1.0,S2a,30.18308044985046,271.6477240486542,577.2501151861939,conditional_source_only_not_network_or_full_range_validated,301.8308044985047,2248.858072868293,False
1.0,S2a,31.44070880192756,282.9663792173481,575.5922402122427,conditional_source_only_not_network_or_full_range_validated,314.40708801927565,2248.858072868293,False
1.0,S2a,32.69833715400466,294.285034386042,573.9461736720682,conditional_source_only_not_network_or_full_range_validated,326.9833715400467,2248.858072868293,False
1.0,S2a,33.95596550608176,305.6036895547359,572.3119155656703,conditional_source_only_not_network_or_full_range_validated,339.5596550608177,2248.858072868293,False
1.0,S2a,35.213593858158866,316.9223447234299,570.6894658930489,conditional_source_only_not_network_or_full_range_validated,352.13593858158873,2248.858072868293,False
1.0,S2a,36.471222210235965,328.2409998921238,569.0788246542043,conditional_source_only_not_network_or_full_range_validated,364.71222210235976,2248.858072868293,False
1.0,S2a,37.72885056231306,339.55965506081765,567.4799918491362,conditional_source_only_not_network_or_full_range_validated,377.28850562313073,2248.858072868293,False
1.0,S2a,38.986478914390176,350.87831022951167,565.8929674778449,conditional_source_only_not_network_or_full_range_validated,389.8647891439018,2248.858072868293,False
1.0,S2a,40.24410726646728,362.1969653982056,564.31775154033,conditional_source_only_not_network_or_full_range_validated,402.44107266467284,2248.858072868293,False
1.0,S2a,41.50173561854438,373.5156205668995,562.7543440365919,conditional_source_only_not_network_or_full_range_validated,415.0173561854439,2248.858072868293,False
1.0,S2a,42.75936397062148,384.8342757355934,561.2027449666303,conditional_source_only_not_network_or_full_range_validated,427.59363970621484,2248.858072868293,False
1.0,S2a,44.01699232269858,396.1529309042873,559.6629543304455,conditional_source_only_not_network_or_full_range_validated,440.1699232269859,2248.858072868293,False
1.0,S2a,45.27462067477568,407.4715860729812,558.1349721280372,conditional_source_only_not_network_or_full_range_validated,452.7462067477569,2248.8580728682937,False
1.0,S2a,46.53224902685279,418.7902412416752,556.6187983594054,conditional_source_only_not_network_or_full_range_validated,465.322490268528,2248.8580728682937,False
1.0,S2a,47.78987737892989,430.10889641036914,555.1144330245505,conditional_source_only_not_network_or_full_range_validated,477.898773789299,2248.858072868293,False
1.0,S2a,49.04750573100699,441.4275515790631,553.6218761234721,conditional_source_only_not_network_or_full_range_validated,490.4750573100701,2248.8580728682928,False
1.0,S2a,50.30513408308409,452.7462067477569,552.1411276561704,conditional_source_only_not_network_or_full_range_validated,503.051340830841,2248.8580728682928,False
1.0,S2a,0.940968939664555,11.605283589196183,618.6805054550788,conditional_source_only_not_network_or_full_range_validated,12.54625252886074,2245.2643148195248,False
1.0,S2a,1.88193787932911,23.21056717839237,616.791824778746,conditional_source_only_not_network_or_full_range_validated,25.092505057721482,2245.2643148195243,False
1.0,S2a,2.822906818993665,34.815850767588564,614.915602665012,conditional_source_only_not_network_or_full_range_validated,37.63875758658223,2245.2643148195248,False
1.0,S2a,3.76387575865822,46.42113435678474,613.0518391138767,conditional_source_only_not_network_or_full_range_validated,50.185010115442964,2245.2643148195243,False
1.0,S2a,4.704844698322775,58.02641794598093,611.20053412534,conditional_source_only_not_network_or_full_range_validated,62.731262644303705,2245.2643148195248,False
1.0,S2a,5.645813637987331,69.63170153517713,609.3616876994023,conditional_source_only_not_network_or_full_range_validated,75.27751517316446,2245.2643148195248,False
1.0,S2a,6.586782577651886,81.2369851243733,607.5352998360632,conditional_source_only_not_network_or_full_range_validated,87.8237677020252,2245.2643148195243,False
1.0,S2a,7.52775151731644,92.84226871356948,605.721370535323,conditional_source_only_not_network_or_full_range_validated,100.37002023088593,2245.2643148195243,False
1.0,S2a,8.468720456980996,104.44755230276569,603.9198997971814,conditional_source_only_not_network_or_full_range_validated,112.91627275974668,2245.2643148195243,False
1.0,S2a,9.40968939664555,116.05283589196186,602.1308876216389,conditional_source_only_not_network_or_full_range_validated,125.46252528860741,2245.2643148195248,False
1.0,S2a,10.350658336310106,127.65811948115808,600.3543340086948,conditional_source_only_not_network_or_full_range_validated,138.0087778174682,2245.2643148195248,False
1.0,S2a,11.291627275974662,139.26340307035426,598.5902389583496,conditional_source_only_not_network_or_full_range_validated,150.55503034632892,2245.2643148195248,False
1.0,S2a,12.232596215639216,150.86868665955043,596.8386024706031,conditional_source_only_not_network_or_full_range_validated,163.10128287518964,2245.2643148195243,False
1.0,S2a,13.173565155303772,162.4739702487466,595.0994245454555,conditional_source_only_not_network_or_full_range_validated,175.6475354040504,2245.2643148195243,False
1.0,S2a,14.114534094968324,174.0792538379428,593.3727051829064,conditional_source_only_not_network_or_full_range_validated,188.1937879329111,2245.2643148195243,False
1.0,S2a,15.05550303463288,185.68453742713896,591.6584443829562,conditional_source_only_not_network_or_full_range_validated,200.74004046177186,2245.2643148195243,False
1.0,S2a,15.996471974297435,197.2898210163352,589.9566421456047,conditional_source_only_not_network_or_full_range_validated,213.28629299063263,2245.2643148195248,False
1.0,S2a,16.937440913961993,208.89510460553137,588.2672984708522,conditional_source_only_not_network_or_full_range_validated,225.83254551949335,2245.2643148195243,False
1.0,S2a,17.878409853626547,220.50038819472755,586.5904133586982,conditional_source_only_not_network_or_full_range_validated,238.3787980483541,2245.2643148195248,False
1.0,S2a,18.8193787932911,232.10567178392373,584.9259868091431,conditional_source_only_not_network_or_full_range_validated,250.92505057721482,2245.2643148195248,False
1.0,S2a,19.76034773295566,243.71095537311996,583.2740188221868,conditional_source_only_not_network_or_full_range_validated,263.4713031060756,2245.2643148195248,False
1.0,S2a,20.70131667262021,255.3162389623161,581.6345093978291,conditional_source_only_not_network_or_full_range_validated,276.01755563493634,2245.2643148195248,False
1.0,S2a,21.64228561228477,266.92152255151234,580.0074585360702,conditional_source_only_not_network_or_full_range_validated,288.5638081637971,2245.2643148195243,False
1.0,S2a,22.583254551949324,278.5268061407085,578.3928662369101,conditional_source_only_not_network_or_full_range_validated,301.11006069265784,2245.2643148195248,False
1.0,S2a,23.524223491613878,290.13208972990464,576.7907325003488,conditional_source_only_not_network_or_full_range_validated,313.65631322151853,2245.2643148195248,False
1.0,S2a,24.46519243127843,301.73737331910087,575.2010573263861,conditional_source_only_not_network_or_full_range_validated,326.2025657503793,2245.2643148195243,False
1.0,S2a,25.406161370942986,313.34265690829704,573.6238407150223,conditional_source_only_not_network_or_full_range_validated,338.74881827924,2245.2643148195243,False
1.0,S2a,26.347130310607543,324.9479404974932,572.0590826662573,conditional_source_only_not_network_or_full_range_validated,351.2950708081008,2245.2643148195243,False
1.0,S2a,27.288099250272097,336.5532240866894,570.506783180091,conditional_source_only_not_network_or_full_range_validated,363.8413233369615,2245.2643148195243,False
1.0,S2a,28.229068189936648,348.1585076758856,568.9669422565235,conditional_source_only_not_network_or_full_range_validated,376.3875758658222,2245.2643148195243,False
1.0,S2a,29.170037129601205,359.7637912650817,567.4395598955546,conditional_source_only_not_network_or_full_range_validated,388.9338283946829,2245.2643148195243,False
1.0,S2a,30.11100606926576,371.3690748542779,565.9246360971846,conditional_source_only_not_network_or_full_range_validated,401.4800809235437,2245.2643148195243,False
1.0,S2a,31.05197500893032,382.97435844347416,564.4221708614133,conditional_source_only_not_network_or_full_range_validated,414.02633345240446,2245.2643148195248,False
1.0,S2a,31.992943948594878,394.5796420326704,562.9321641882408,conditional_source_only_not_network_or_full_range_validated,426.57258598126526,2245.2643148195243,False
1.0,S2a,32.93391288825943,406.1849256218665,561.454616077667,conditional_source_only_not_network_or_full_range_validated,439.11883851012595,2245.2643148195248,False
1.0,S2a,33.874881827923986,417.79020921106274,559.989526529692,conditional_source_only_not_network_or_full_range_validated,451.6650910389867,2245.2643148195243,False
1.0,S2a,34.815850767588536,429.3954928002589,558.5368955443158,conditional_source_only_not_network_or_full_range_validated,464.21134356784745,2245.2643148195248,False
1.0,S2a,35.756819707253094,441.0007763894551,557.0967231215383,conditional_source_only_not_network_or_full_range_validated,476.7575960967082,2245.2643148195248,False
1.0,S2a,36.69778864691765,452.6060599786513,555.6690092613596,conditional_source_only_not_network_or_full_range_validated,489.30384862556895,2245.2643148195248,False
1.0,S2a,37.6387575865822,464.21134356784745,554.2537539637797,conditional_source_only_not_network_or_full_range_validated,501.85010115442964,2245.2643148195248,False
1.0,S2a,0.6258182308850815,11.890546386816563,618.7204777491654,conditional_source_only_not_network_or_full_range_validated,12.516364617701644,2241.682024360638,False
1.0,S2a,1.251636461770163,23.78109277363313,616.8724671663848,conditional_source_only_not_network_or_full_range_validated,25.032729235403295,2241.682024360638,False
1.0,S2a,1.877454692655245,35.67163916044971,615.0376129456685,conditional_source_only_not_network_or_full_range_validated,37.54909385310495,2241.682024360638,False
1.0,S2a,2.503272923540326,47.56218554726626,613.2159150870165,conditional_source_only_not_network_or_full_range_validated,50.06545847080659,2241.682024360638,False
1.0,S2a,3.129091154425408,59.45273193408283,611.4073735904291,conditional_source_only_not_network_or_full_range_validated,62.58182308850824,2241.6820243606385,False
1.0,S2a,3.75490938531049,71.34327832089942,609.6119884559058,conditional_source_only_not_network_or_full_range_validated,75.0981877062099,2241.682024360638,False
1.0,S2a,4.380727616195571,83.23382470771597,607.8297596834468,conditional_source_only_not_network_or_full_range_validated,87.61455232391154,2241.682024360638,False
1.0,S2a,5.006545847080652,95.12437109453252,606.0606872730523,conditional_source_only_not_network_or_full_range_validated,100.13091694161318,2241.682024360638,False
1.0,S2a,5.632364077965734,107.0149174813491,604.304771224722,conditional_source_only_not_network_or_full_range_validated,112.64728155931483,2241.6820243606385,False
1.0,S2a,6.258182308850816,118.90546386816564,602.5620115384561,conditional_source_only_not_network_or_full_range_validated,125.16364617701646,2241.6820243606385,False
1.0,S2a,6.884000539735897,130.79601025498224,600.8324082142545,conditional_source_only_not_network_or_full_range_validated,137.68001079471813,2241.682024360638,False
1.0,S2a,7.50981877062098,142.68655664179883,599.1159612521174,conditional_source_only_not_network_or_full_range_validated,150.1963754124198,2241.682024360638,False
1.0,S2a,8.13563700150606,154.57710302861534,597.4126706520447,conditional_source_only_not_network_or_full_range_validated,162.7127400301214,2241.6820243606385,False
1.0,S2a,8.761455232391143,166.46764941543194,595.7225364140361,conditional_source_only_not_network_or_full_range_validated,175.22910464782308,2241.682024360638,False
1.0,S2a,9.387273463276223,178.3581958022485,594.0455585380919,conditional_source_only_not_network_or_full_range_validated,187.74546926552472,2241.682024360638,False
1.0,S2a,10.013091694161304,190.24874218906504,592.381737024212,conditional_source_only_not_network_or_full_range_validated,200.26183388322636,2241.682024360638,False
1.0,S2a,10.638909925046388,202.13928857588164,590.7310718723966,conditional_source_only_not_network_or_full_range_validated,212.77819850092803,2241.682024360638,False
1.0,S2a,11.264728155931468,214.0298349626982,589.0935630826455,conditional_source_only_not_network_or_full_range_validated,225.29456311862967,2241.6820243606385,False
1.0,S2a,11.890546386816547,225.9203813495148,587.4692106549586,conditional_source_only_not_network_or_full_range_validated,237.81092773633134,2241.6820243606376,False
1.0,S2a,12.516364617701631,237.8109277363313,585.8580145893362,conditional_source_only_not_network_or_full_range_validated,250.32729235403295,2241.6820243606385,False
1.0,S2a,13.142182848586714,249.7014741231479,584.2599748857781,conditional_source_only_not_network_or_full_range_validated,262.8436569717346,2241.6820243606376,False
1.0,S2a,13.768001079471794,261.59202050996447,582.6750915442844,conditional_source_only_not_network_or_full_range_validated,275.36002158943626,2241.682024360638,False
1.0,S2a,14.393819310356877,273.482566896781,581.1033645648549,conditional_source_only_not_network_or_full_range_validated,287.8763862071379,2241.682024360638,False
1.0,S2a,15.01963754124196,285.37311328359766,579.5447939474899,conditional_source_only_not_network_or_full_range_validated,300.3927508248396,2241.682024360638,False
1.0,S2a,15.645455772127038,297.26365967041414,577.9993796921891,conditional_source_only_not_network_or_full_range_validated,312.9091154425412,2241.682024360638,False
1.0,S2a,16.27127400301212,309.1542060572307,576.4671217989527,conditional_source_only_not_network_or_full_range_validated,325.4254800602428,2241.6820243606385,False
1.0,S2a,16.897092233897204,321.04475244404733,574.9480202677806,conditional_source_only_not_network_or_full_range_validated,337.9418446779445,2241.6820243606376,False
1.0,S2a,17.522910464782285,332.93529883086387,573.442075098673,conditional_source_only_not_network_or_full_range_validated,350.45820929564616,2241.682024360638,False
1.0,S2a,18.14872869566737,344.8258452176804,571.9492862916295,conditional_source_only_not_network_or_full_range_validated,362.9745739133478,2241.6820243606385,False
1.0,S2a,18.774546926552446,356.716391604497,570.4696538466505,conditional_source_only_not_network_or_full_range_validated,375.49093853104944,2241.682024360638,False
1.0,S2a,19.400365157437527,368.6069379913136,569.003177763736,conditional_source_only_not_network_or_full_range_validated,388.00730314875113,2241.682024360638,False
1.0,S2a,20.026183388322607,380.4974843781301,567.5498580428856,conditional_source_only_not_network_or_full_range_validated,400.5236677664527,2241.682024360638,False
1.0,S2a,20.65200161920769,392.38803076494673,566.1096946840996,conditional_source_only_not_network_or_full_range_validated,413.0400323841544,2241.682024360638,False
1.0,S2a,21.277819850092776,404.2785771517633,564.6826876873779,conditional_source_only_not_network_or_full_range_validated,425.55639700185606,2241.682024360638,False
1.0,S2a,21.903638080977853,416.1691235385798,563.2688370527206,conditional_source_only_not_network_or_full_range_validated,438.07276161955764,2241.6820243606376,False
1.0,S2a,22.529456311862937,428.0596699253964,561.8681427801276,conditional_source_only_not_network_or_full_range_validated,450.58912623725934,2241.6820243606385,False
1.0,S2a,23.155274542748018,439.95021631221294,560.480604869599,conditional_source_only_not_network_or_full_range_validated,463.105490854961,2241.682024360638,False
1.0,S2a,23.781092773633095,451.8407626990296,559.1062233211347,conditional_source_only_not_network_or_full_range_validated,475.6218554726627,2241.6820243606376,False
1.0,S2a,24.406911004518182,463.7313090858461,557.7449981347347,conditional_source_only_not_network_or_full_range_validated,488.13822009036426,2241.682024360638,False
1.0,S2a,25.032729235403263,475.6218554726626,556.3969293103993,conditional_source_only_not_network_or_full_range_validated,500.6545847080659,2241.6820243606385,False
1.0,S2a,0.3121654691793784,12.174453297995804,618.760285193597,conditional_source_only_not_network_or_full_range_validated,12.486618767175182,2238.1111466898906,False
1.0,S2a,0.6243309383587569,24.348906595991608,616.9528268243813,conditional_source_only_not_network_or_full_range_validated,24.973237534350364,2238.1111466898906,False
1.0,S2a,0.9364964075381352,36.52335989398741,615.1592695863629,conditional_source_only_not_network_or_full_range_validated,37.45985630152555,2238.1111466898906,False
1.0,S2a,1.2486618767175135,48.697813191983215,613.3796134795423,conditional_source_only_not_network_or_full_range_validated,49.94647506870073,2238.1111466898906,False
1.0,S2a,1.5608273458968922,60.87226648997902,611.613858503919,conditional_source_only_not_network_or_full_range_validated,62.43309383587591,2238.1111466898906,False
1.0,S2a,1.8729928150762707,73.04671978797482,609.8620046594933,conditional_source_only_not_network_or_full_range_validated,74.9197126030511,2238.1111466898906,False
1.0,S2a,2.185158284255649,85.22117308597063,608.1240519462652,conditional_source_only_not_network_or_full_range_validated,87.40633137022628,2238.1111466898906,False
1.0,S2a,2.4973237534350274,97.39562638396644,606.4000003642346,conditional_source_only_not_network_or_full_range_validated,99.89295013740147,2238.1111466898906,False
1.0,S2a,2.809489222614406,109.57007968196224,604.6898499134016,conditional_source_only_not_network_or_full_range_validated,112.37956890457664,2238.1111466898906,False
1.0,S2a,3.1216546917937844,121.74453297995804,602.993600593766,conditional_source_only_not_network_or_full_range_validated,124.86618767175182,2238.1111466898906,False
1.0,S2a,3.433820160973163,133.91898627795385,601.311252405328,conditional_source_only_not_network_or_full_range_validated,137.35280643892702,2238.1111466898906,False
1.0,S2a,3.745985630152541,146.09343957594965,599.6428053480876,conditional_source_only_not_network_or_full_range_validated,149.8394252061022,2238.1111466898906,False
1.0,S2a,4.05815109933192,158.26789287394544,597.9882594220445,conditional_source_only_not_network_or_full_range_validated,162.32604397327736,2238.1111466898906,False
1.0,S2a,4.370316568511298,170.44234617194127,596.3476146271992,conditional_source_only_not_network_or_full_range_validated,174.81266274045257,2238.1111466898906,False
1.0,S2a,4.682482037690676,182.61679946993704,594.7208709635512,conditional_source_only_not_network_or_full_range_validated,187.2992815076277,2238.1111466898906,False
1.0,S2a,4.994647506870055,194.7912527679329,593.1080284311009,conditional_source_only_not_network_or_full_range_validated,199.78590027480294,2238.1111466898906,False
1.0,S2a,5.306812976049434,206.96570606592869,591.509087029848,conditional_source_only_not_network_or_full_range_validated,212.27251904197811,2238.1111466898906,False
1.0,S2a,5.618978445228812,219.14015936392448,589.9240467597928,conditional_source_only_not_network_or_full_range_validated,224.7591378091533,2238.1111466898906,False
1.0,S2a,5.931143914408191,231.31461266192028,588.352907620935,conditional_source_only_not_network_or_full_range_validated,237.24575657632846,2238.1111466898906,False
1.0,S2a,6.243309383587569,243.48906595991608,586.7956696132748,conditional_source_only_not_network_or_full_range_validated,249.73237534350363,2238.1111466898906,False
1.0,S2a,6.555474852766947,255.66351925791187,585.252332736812,conditional_source_only_not_network_or_full_range_validated,262.2189941106788,2238.1111466898906,False
1.0,S2a,6.867640321946326,267.8379725559077,583.7228969915468,conditional_source_only_not_network_or_full_range_validated,274.70561287785404,2238.1111466898906,False
1.0,S2a,7.1798057911257045,280.0124258539035,582.2073623774792,conditional_source_only_not_network_or_full_range_validated,287.1922316450292,2238.111146689891,False
1.0,S2a,7.491971260305083,292.1868791518993,580.7057288946091,conditional_source_only_not_network_or_full_range_validated,299.6788504122044,2238.1111466898906,False
1.0,S2a,7.804136729484461,304.3613324498951,579.2179965429365,conditional_source_only_not_network_or_full_range_validated,312.16546917937956,2238.111146689891,False
1.0,S2a,8.11630219866384,316.5357857478909,577.7441653224615,conditional_source_only_not_network_or_full_range_validated,324.65208794655473,2238.1111466898906,False
1.0,S2a,8.428467667843218,328.7102390458867,576.284235233184,conditional_source_only_not_network_or_full_range_validated,337.1387067137299,2238.1111466898906,False
1.0,S2a,8.740633137022597,340.88469234388253,574.8382062751039,conditional_source_only_not_network_or_full_range_validated,349.62532548090513,2238.1111466898906,False
1.0,S2a,9.052798606201977,353.0591456418784,573.4060784482215,conditional_source_only_not_network_or_full_range_validated,362.11194424808036,2238.1111466898906,False
1.0,S2a,9.364964075381351,365.23359893987407,571.9878517525365,conditional_source_only_not_network_or_full_range_validated,374.5985630152554,2238.1111466898906,False
1.0,S2a,9.677129544560731,377.4080522378699,570.5835261880492,conditional_source_only_not_network_or_full_range_validated,387.08518178243065,2238.111146689891,False
1.0,S2a,9.98929501374011,389.5825055358657,569.1931017547593,conditional_source_only_not_network_or_full_range_validated,399.5718005496058,2238.1111466898906,False
1.0,S2a,10.30146048291949,401.7569588338616,567.8165784526668,conditional_source_only_not_network_or_full_range_validated,412.05841931678106,2238.1111466898906,False
1.0,S2a,10.613625952098868,413.93141213185737,566.4539562817721,conditional_source_only_not_network_or_full_range_validated,424.54503808395623,2238.1111466898906,False
1.0,S2a,10.925791421278245,426.1058654298531,565.1052352420747,conditional_source_only_not_network_or_full_range_validated,437.03165685113134,2238.1111466898906,False
1.0,S2a,11.237956890457625,438.28031872784896,563.7704153335751,conditional_source_only_not_network_or_full_range_validated,449.5182756183066,2238.1111466898906,False
1.0,S2a,11.550122359637005,450.4547720258448,562.4494965562728,conditional_source_only_not_network_or_full_range_validated,462.0048943854818,2238.11114668989,False
1.0,S2a,11.86228782881638,462.62922532384056,561.142478910168,conditional_source_only_not_network_or_full_range_validated,474.4915131526569,2238.1111466898906,False
1.0,S2a,12.17445329799576,474.8036786218364,559.849362395261,conditional_source_only_not_network_or_full_range_validated,486.97813191983215,2238.1111466898906,False
1.0,S2a,12.486618767175138,486.97813191983215,558.5701470115514,conditional_source_only_not_network_or_full_range_validated,499.46475068700727,2238.1111466898906,False
1.0,S2a,0.0,12.45701396683726,618.7999287824971,conditional_source_only_not_network_or_full_range_validated,12.45701396683726,2234.5516273541693,False
1.0,S2a,0.0,24.91402793367452,617.0329050500707,conditional_source_only_not_network_or_full_range_validated,24.91402793367452,2234.5516273541693,False
1.0,S2a,0.0,37.37104190051178,615.2805734967309,conditional_source_only_not_network_or_full_range_validated,37.37104190051178,2234.5516273541693,False
1.0,S2a,0.0,49.82805586734904,613.542934122478,conditional_source_only_not_network_or_full_range_validated,49.82805586734904,2234.5516273541693,False
1.0,S2a,0.0,62.2850698341863,611.8199869273117,conditional_source_only_not_network_or_full_range_validated,62.2850698341863,2234.5516273541693,False
1.0,S2a,0.0,74.74208380102357,610.1117319112323,conditional_source_only_not_network_or_full_range_validated,74.74208380102357,2234.5516273541693,False
1.0,S2a,0.0,87.19909776786083,608.4181690742395,conditional_source_only_not_network_or_full_range_validated,87.19909776786083,2234.5516273541693,False
1.0,S2a,0.0,99.65611173469809,606.7392984163334,conditional_source_only_not_network_or_full_range_validated,99.65611173469809,2234.5516273541693,False
1.0,S2a,0.0,112.11312570153537,605.0751199375144,conditional_source_only_not_network_or_full_range_validated,112.11312570153537,2234.551627354169,False
1.0,S2a,0.0,124.5701396683726,603.4256336377819,conditional_source_only_not_network_or_full_range_validated,124.5701396683726,2234.5516273541693,False
1.0,S2a,0.0,137.02715363520988,601.7908395171362,conditional_source_only_not_network_or_full_range_validated,137.02715363520988,2234.5516273541693,False
1.0,S2a,0.0,149.48416760204714,600.1707375755772,conditional_source_only_not_network_or_full_range_validated,149.48416760204714,2234.5516273541693,False
1.0,S2a,0.0,161.9411815688844,598.5653278131049,conditional_source_only_not_network_or_full_range_validated,161.9411815688844,2234.551627354169,False
1.0,S2a,0.0,174.39819553572167,596.9746102297195,conditional_source_only_not_network_or_full_range_validated,174.39819553572167,2234.5516273541693,False
1.0,S2a,0.0,186.8552095025589,595.3985848254208,conditional_source_only_not_network_or_full_range_validated,186.8552095025589,2234.5516273541693,False
1.0,S2a,0.0,199.31222346939617,593.8372516002089,conditional_source_only_not_network_or_full_range_validated,199.31222346939617,2234.5516273541693,False
1.0,S2a,0.0,211.76923743623345,592.2906105540836,conditional_source_only_not_network_or_full_range_validated,211.76923743623345,2234.5516273541693,False
1.0,S2a,0.0,224.2262514030707,590.7586616870452,conditional_source_only_not_network_or_full_range_validated,224.2262514030707,2234.551627354169,False
1.0,S2a,0.0,236.683265369908,589.2414049990934,conditional_source_only_not_network_or_full_range_validated,236.683265369908,2234.5516273541693,False
1.0,S2a,0.0,249.1402793367452,587.7388404902285,conditional_source_only_not_network_or_full_range_validated,249.1402793367452,2234.5516273541693,False
1.0,S2a,0.0,261.5972933035825,586.2509681604504,conditional_source_only_not_network_or_full_range_validated,261.5972933035825,2234.5516273541693,False
1.0,S2a,0.0,274.05430727041977,584.7777880097589,conditional_source_only_not_network_or_full_range_validated,274.05430727041977,2234.5516273541693,False
1.0,S2a,0.0,286.51132123725705,583.3193000381543,conditional_source_only_not_network_or_full_range_validated,286.51132123725705,2234.551627354169,False
1.0,S2a,0.0,298.9683352040943,581.8755042456363,conditional_source_only_not_network_or_full_range_validated,298.9683352040943,2234.5516273541693,False
1.0,S2a,0.0,311.4253491709315,580.4464006322052,conditional_source_only_not_network_or_full_range_validated,311.4253491709315,2234.5516273541693,False
1.0,S2a,0.0,323.8823631377688,579.0319891978608,conditional_source_only_not_network_or_full_range_validated,323.8823631377688,2234.551627354169,False
1.0,S2a,0.0,336.33937710460606,577.632269942603,conditional_source_only_not_network_or_full_range_validated,336.33937710460606,2234.5516273541693,False
1.0,S2a,0.0,348.79639107144334,576.2472428664321,conditional_source_only_not_network_or_full_range_validated,348.79639107144334,2234.5516273541693,False
1.0,S2a,0.0,361.2534050382806,574.8769079693479,conditional_source_only_not_network_or_full_range_validated,361.2534050382806,2234.5516273541693,False
1.0,S2a,0.0,373.7104190051178,573.5212652513505,conditional_source_only_not_network_or_full_range_validated,373.7104190051178,2234.5516273541693,False
1.0,S2a,0.0,386.1674329719551,572.1803147124399,conditional_source_only_not_network_or_full_range_validated,386.1674329719551,2234.5516273541693,False
1.0,S2a,0.0,398.6244469387924,570.854056352616,conditional_source_only_not_network_or_full_range_validated,398.6244469387924,2234.5516273541693,False
1.0,S2a,0.0,411.0814609056296,569.5424901718789,conditional_source_only_not_network_or_full_range_validated,411.0814609056296,2234.551627354169,False
1.0,S2a,0.0,423.5384748724669,568.2456161702283,conditional_source_only_not_network_or_full_range_validated,423.5384748724669,2234.5516273541693,False
1.0,S2a,0.0,435.9954888393041,566.9634343476647,conditional_source_only_not_network_or_full_range_validated,435.9954888393041,2234.5516273541693,False
1.0,S2a,0.0,448.4525028061414,565.6959447041878,conditional_source_only_not_network_or_full_range_validated,448.4525028061414,2234.551627354169,False
1.0,S2a,0.0,460.9095167729786,564.4431472397977,conditional_source_only_not_network_or_full_range_validated,460.9095167729786,2234.5516273541693,False
1.0,S2a,0.0,473.3665307398159,563.2050419544943,conditional_source_only_not_network_or_full_range_validated,473.3665307398159,2234.5516273541693,False
1.0,S2a,0.0,485.8235447066532,561.9816288482778,conditional_source_only_not_network_or_full_range_validated,485.8235447066532,2234.5516273541693,False
1.0,S2a,0.0,498.2805586734904,560.7729079211477,conditional_source_only_not_network_or_full_range_validated,498.2805586734904,2234.5516273541693,False
