load_frac,scheme,Q_high_MW,Q_low_MW,P_el_MW,role,Q_total_MW,specific_heat_release_kJ_kg,accepted_fixed_network
0.5,S2b,0.0,0.0,297.0492001488095,conditional_source_only_not_network_or_full_range_validated,0.0,2479.2787737831095,False
0.5,S2b,4.497191012863417,0.0,295.5541537869857,conditional_source_only_not_network_or_full_range_validated,4.497191012863417,2479.2787737831095,False
0.5,S2b,8.994382025726834,0.0,294.06752110567464,conditional_source_only_not_network_or_full_range_validated,8.994382025726834,2479.2787737831095,False
0.5,S2b,13.491573038590252,0.0,292.58930210487614,conditional_source_only_not_network_or_full_range_validated,13.491573038590252,2479.2787737831095,False
0.5,S2b,17.988764051453668,0.0,291.11949678459024,conditional_source_only_not_network_or_full_range_validated,17.988764051453668,2479.2787737831095,False
0.5,S2b,22.48595506431709,0.0,289.658105144817,conditional_source_only_not_network_or_full_range_validated,22.48595506431709,2479.2787737831095,False
0.5,S2b,26.983146077180507,0.0,288.2051271855564,conditional_source_only_not_network_or_full_range_validated,26.983146077180507,2479.278773783109,False
0.5,S2b,31.48033709004392,0.0,286.7605629068084,conditional_source_only_not_network_or_full_range_validated,31.48033709004392,2479.2787737831095,False
0.5,S2b,35.977528102907335,0.0,285.3244123085731,conditional_source_only_not_network_or_full_range_validated,35.977528102907335,2479.2787737831095,False
0.5,S2b,40.47471911577075,0.0,283.8966753908503,conditional_source_only_not_network_or_full_range_validated,40.47471911577075,2479.2787737831095,False
0.5,S2b,44.97191012863417,0.0,282.4773521536402,conditional_source_only_not_network_or_full_range_validated,44.97191012863417,2479.2787737831095,False
0.5,S2b,49.46910114149759,0.0,281.0664425969428,conditional_source_only_not_network_or_full_range_validated,49.46910114149759,2479.2787737831095,False
0.5,S2b,53.96629215436101,0.0,279.663946720758,conditional_source_only_not_network_or_full_range_validated,53.96629215436101,2479.2787737831095,False
0.5,S2b,58.463483167224425,0.0,278.2698645250857,conditional_source_only_not_network_or_full_range_validated,58.463483167224425,2479.2787737831095,False
0.5,S2b,62.96067418008784,0.0,276.88419600992614,conditional_source_only_not_network_or_full_range_validated,62.96067418008784,2479.2787737831095,False
0.5,S2b,67.45786519295126,0.0,275.5069411752792,conditional_source_only_not_network_or_full_range_validated,67.45786519295126,2479.278773783109,False
0.5,S2b,71.95505620581467,0.0,274.13810002114485,conditional_source_only_not_network_or_full_range_validated,71.95505620581467,2479.2787737831095,False
0.5,S2b,76.4522472186781,0.0,272.77767254752314,conditional_source_only_not_network_or_full_range_validated,76.4522472186781,2479.2787737831095,False
0.5,S2b,80.9494382315415,0.0,271.42565875441403,conditional_source_only_not_network_or_full_range_validated,80.9494382315415,2479.2787737831095,False
0.5,S2b,85.44662924440493,0.0,270.0820586418176,conditional_source_only_not_network_or_full_range_validated,85.44662924440493,2479.2787737831095,False
0.5,S2b,89.94382025726834,0.0,268.74687220973374,conditional_source_only_not_network_or_full_range_validated,89.94382025726834,2479.2787737831095,False
0.5,S2b,94.44101127013175,0.0,267.4200994581625,conditional_source_only_not_network_or_full_range_validated,94.44101127013175,2479.2787737831095,False
0.5,S2b,98.93820228299518,0.0,266.101740387104,conditional_source_only_not_network_or_full_range_validated,98.93820228299518,2479.2787737831095,False
0.5,S2b,103.4353932958586,0.0,264.79179499655805,conditional_source_only_not_network_or_full_range_validated,103.4353932958586,2479.2787737831095,False
0.5,S2b,107.93258430872204,0.0,263.49026328652474,conditional_source_only_not_network_or_full_range_validated,107.93258430872204,2479.2787737831095,False
0.5,S2b,112.42977532158542,0.0,262.197145257004,conditional_source_only_not_network_or_full_range_validated,112.42977532158542,2479.2787737831095,False
0.5,S2b,116.92696633444884,0.0,260.912440907996,conditional_source_only_not_network_or_full_range_validated,116.92696633444884,2479.2787737831095,False
0.5,S2b,121.42415734731227,0.0,259.6361502395006,conditional_source_only_not_network_or_full_range_validated,121.42415734731227,2479.278773783109,False
0.5,S2b,125.92134836017568,0.0,258.3682732515178,conditional_source_only_not_network_or_full_range_validated,125.92134836017568,2479.2787737831095,False
0.5,S2b,130.41853937303912,0.0,257.1088099440476,conditional_source_only_not_network_or_full_range_validated,130.41853937303912,2479.2787737831095,False
0.5,S2b,134.91573038590252,0.0,255.85776031709003,conditional_source_only_not_network_or_full_range_validated,134.91573038590252,2479.278773783109,False
0.5,S2b,139.41292139876597,0.0,254.6151243706452,conditional_source_only_not_network_or_full_range_validated,139.41292139876597,2479.2787737831095,False
0.5,S2b,143.91011241162934,0.0,253.38090210471285,conditional_source_only_not_network_or_full_range_validated,143.91011241162934,2479.2787737831095,False
0.5,S2b,148.40730342449277,0.0,252.1550935192932,conditional_source_only_not_network_or_full_range_validated,148.40730342449277,2479.2787737831095,False
0.5,S2b,152.9044944373562,0.0,250.93769861438616,conditional_source_only_not_network_or_full_range_validated,152.9044944373562,2479.2787737831095,False
0.5,S2b,157.4016854502196,0.0,249.72871738999177,conditional_source_only_not_network_or_full_range_validated,157.4016854502196,2479.2787737831095,False
0.5,S2b,161.898876463083,0.0,248.52814984611,conditional_source_only_not_network_or_full_range_validated,161.898876463083,2479.2787737831095,False
0.5,S2b,166.39606747594644,0.0,247.33599598274083,conditional_source_only_not_network_or_full_range_validated,166.39606747594644,2479.2787737831095,False
0.5,S2b,170.89325848880986,0.0,246.15225579988436,conditional_source_only_not_network_or_full_range_validated,170.89325848880986,2479.2787737831095,False
0.5,S2b,175.3904495016733,0.0,244.97692929754044,conditional_source_only_not_network_or_full_range_validated,175.3904495016733,2479.2787737831095,False
0.5,S2b,179.88764051453668,0.0,243.81001647570915,conditional_source_only_not_network_or_full_range_validated,179.88764051453668,2479.2787737831095,False
0.5,S2b,4.49170860075284,0.1151720154039189,295.54026600865285,conditional_source_only_not_network_or_full_range_validated,4.60688061615676,2472.509070167242,False
0.5,S2b,8.983417201505679,0.2303440308078379,294.0397892468524,conditional_source_only_not_network_or_full_range_validated,9.213761232313518,2472.509070167242,False
0.5,S2b,13.47512580225852,0.3455160462117569,292.547769863408,conditional_source_only_not_network_or_full_range_validated,13.820641848470276,2472.5090701672416,False
0.5,S2b,17.966834403011358,0.4606880616156759,291.0642078583197,conditional_source_only_not_network_or_full_range_validated,18.427522464627035,2472.509070167242,False
0.5,S2b,22.4585430037642,0.5758600770195949,289.58910323158767,conditional_source_only_not_network_or_full_range_validated,23.034403080783793,2472.509070167242,False
0.5,S2b,26.95025160451704,0.6910320924235139,288.12245598321164,conditional_source_only_not_network_or_full_range_validated,27.64128369694055,2472.5090701672416,False
0.5,S2b,31.44196020526988,0.8062041078274329,286.6642661131918,conditional_source_only_not_network_or_full_range_validated,32.24816431309731,2472.509070167242,False
0.5,S2b,35.93366880602272,0.9213761232313518,285.21453362152795,conditional_source_only_not_network_or_full_range_validated,36.85504492925408,2472.509070167242,False
0.5,S2b,40.42537740677556,1.0365481386352708,283.7732585082203,conditional_source_only_not_network_or_full_range_validated,41.46192554541083,2472.5090701672416,False
0.5,S2b,44.9170860075284,1.1517201540391897,282.3404407732688,conditional_source_only_not_network_or_full_range_validated,46.068806161567586,2472.509070167242,False
0.5,S2b,49.40879460828124,1.2668921694431088,280.9160804166734,conditional_source_only_not_network_or_full_range_validated,50.67568677772435,2472.509070167242,False
0.5,S2b,53.90050320903408,1.382064184847028,279.5001774384341,conditional_source_only_not_network_or_full_range_validated,55.28256739388111,2472.509070167242,False
0.5,S2b,58.39221180978692,1.4972362002509467,278.092731838551,conditional_source_only_not_network_or_full_range_validated,59.88944801003787,2472.5090701672416,False
0.5,S2b,62.88392041053976,1.6124082156548658,276.6937436170239,conditional_source_only_not_network_or_full_range_validated,64.49632862619463,2472.509070167242,False
0.5,S2b,67.3756290112926,1.7275802310587849,275.3032127738531,conditional_source_only_not_network_or_full_range_validated,69.10320924235138,2472.5090701672416,False
0.5,S2b,71.86733761204543,1.8427522464627035,273.92113930903827,conditional_source_only_not_network_or_full_range_validated,73.71008985850814,2472.509070167242,False
0.5,S2b,76.35904621279828,1.9579242618666224,272.5475232225796,conditional_source_only_not_network_or_full_range_validated,78.3169704746649,2472.5090701672416,False
0.5,S2b,80.85075481355112,2.0730962772705417,271.18236451447706,conditional_source_only_not_network_or_full_range_validated,82.92385109082166,2472.5090701672416,False
0.5,S2b,85.34246341430395,2.1882682926744605,269.8256631847306,conditional_source_only_not_network_or_full_range_validated,87.53073170697841,2472.509070167242,False
0.5,S2b,89.8341720150568,2.3034403080783794,268.4774192333403,conditional_source_only_not_network_or_full_range_validated,92.13761232313517,2472.509070167242,False
0.5,S2b,94.32588061580962,2.4186123234822983,267.13763266030617,conditional_source_only_not_network_or_full_range_validated,96.74449293929192,2472.509070167241,False
0.5,S2b,98.81758921656248,2.5337843388862176,265.8063034656281,conditional_source_only_not_network_or_full_range_validated,101.3513735554487,2472.509070167242,False
0.5,S2b,103.30929781731533,2.648956354290137,264.4834316493062,conditional_source_only_not_network_or_full_range_validated,105.95825417160546,2472.5090701672416,False
0.5,S2b,107.80100641806816,2.764128369694056,263.1690172113404,conditional_source_only_not_network_or_full_range_validated,110.56513478776222,2472.509070167242,False
0.5,S2b,112.292715018821,2.879300385097974,261.8630601517307,conditional_source_only_not_network_or_full_range_validated,115.17201540391898,2472.509070167242,False
0.5,S2b,116.78442361957384,2.994472400501893,260.5655604704772,conditional_source_only_not_network_or_full_range_validated,119.77889602007573,2472.5090701672416,False
0.5,S2b,121.27613222032667,3.1096444159058123,259.2765181675797,conditional_source_only_not_network_or_full_range_validated,124.38577663623249,2472.5090701672416,False
0.5,S2b,125.76784082107952,3.224816431309732,257.9959332430384,conditional_source_only_not_network_or_full_range_validated,128.99265725238925,2472.509070167242,False
0.5,S2b,130.25954942183236,3.3399884467136505,256.7238056968532,conditional_source_only_not_network_or_full_range_validated,133.599537868546,2472.5090701672416,False
0.5,S2b,134.7512580225852,3.4551604621175693,255.4601355290241,conditional_source_only_not_network_or_full_range_validated,138.20641848470277,2472.5090701672416,False
0.5,S2b,139.24296662333802,3.570332477521488,254.2049227395512,conditional_source_only_not_network_or_full_range_validated,142.8132991008595,2472.5090701672416,False
0.5,S2b,143.73467522409086,3.685504492925407,252.95816732843437,conditional_source_only_not_network_or_full_range_validated,147.42017971701628,2472.509070167242,False
0.5,S2b,148.2263838248437,3.8006765083293264,251.7198692956736,conditional_source_only_not_network_or_full_range_validated,152.02706033317304,2472.509070167242,False
0.5,S2b,152.71809242559655,3.915848523733245,250.49002864126905,conditional_source_only_not_network_or_full_range_validated,156.6339409493298,2472.5090701672416,False
0.5,S2b,157.2098010263494,4.031020539137164,249.26864536522055,conditional_source_only_not_network_or_full_range_validated,161.24082156548656,2472.5090701672416,False
0.5,S2b,161.70150962710224,4.146192554541083,248.05571946752823,conditional_source_only_not_network_or_full_range_validated,165.8477021816433,2472.5090701672416,False
0.5,S2b,166.19321822785506,4.261364569945002,246.85125094819205,conditional_source_only_not_network_or_full_range_validated,170.45458279780007,2472.5090701672416,False
0.5,S2b,170.6849268286079,4.376536585348921,245.65523980721196,conditional_source_only_not_network_or_full_range_validated,175.06146341395683,2472.509070167242,False
0.5,S2b,175.17663542936077,4.49170860075284,244.467686044588,conditional_source_only_not_network_or_full_range_validated,179.66834403011362,2472.509070167242,False
0.5,S2b,179.6683440301136,4.606880616156759,243.28858966032013,conditional_source_only_not_network_or_full_range_validated,184.27522464627035,2472.509070167242,False
0.5,S2b,4.390289859672921,0.2310678873512064,295.5580873691493,conditional_source_only_not_network_or_full_range_validated,4.621357747024128,2465.7762354117067,False
0.5,S2b,8.780579719345843,0.4621357747024128,294.0751261226976,conditional_source_only_not_network_or_full_range_validated,9.242715494048255,2465.7762354117067,False
0.5,S2b,13.170869579018763,0.6932036620536193,292.6003164094545,conditional_source_only_not_network_or_full_range_validated,13.864073241072383,2465.7762354117067,False
0.5,S2b,17.561159438691686,0.9242715494048256,291.13365822941984,conditional_source_only_not_network_or_full_range_validated,18.48543098809651,2465.7762354117067,False
0.5,S2b,21.951449298364604,1.155339436756032,289.67515158259386,conditional_source_only_not_network_or_full_range_validated,23.106788735120638,2465.7762354117067,False
0.5,S2b,26.34173915803753,1.3864073241072383,288.2247964689763,conditional_source_only_not_network_or_full_range_validated,27.72814648214477,2465.7762354117067,False
0.5,S2b,30.732029017710445,1.6174752114584448,286.78259288856736,conditional_source_only_not_network_or_full_range_validated,32.34950422916889,2465.7762354117067,False
0.5,S2b,35.12231887738337,1.8485430988096512,285.3485408413669,conditional_source_only_not_network_or_full_range_validated,36.97086197619302,2465.7762354117067,False
0.5,S2b,39.51260873705629,2.0796109861608576,283.922640327375,conditional_source_only_not_network_or_full_range_validated,41.59221972321715,2465.7762354117067,False
0.5,S2b,43.90289859672921,2.310678873512064,282.50489134659165,conditional_source_only_not_network_or_full_range_validated,46.213577470241276,2465.7762354117067,False
0.5,S2b,48.293188456402135,2.541746760863271,281.09529389901684,conditional_source_only_not_network_or_full_range_validated,50.834935217265404,2465.7762354117067,False
0.5,S2b,52.68347831607506,2.772814648214477,279.6938479846506,conditional_source_only_not_network_or_full_range_validated,55.45629296428954,2465.7762354117067,False
0.5,S2b,57.07376817574797,3.0038825355656837,278.3005536034929,conditional_source_only_not_network_or_full_range_validated,60.07765071131366,2465.776235411707,False
0.5,S2b,61.46405803542089,3.234950422916889,276.9154107555437,conditional_source_only_not_network_or_full_range_validated,64.69900845833779,2465.7762354117067,False
0.5,S2b,65.85434789509382,3.466018310268096,275.53841944080307,conditional_source_only_not_network_or_full_range_validated,69.32036620536192,2465.7762354117067,False
0.5,S2b,70.24463775476674,3.6970861976193024,274.16957965927094,conditional_source_only_not_network_or_full_range_validated,73.94172395238604,2465.7762354117067,False
0.5,S2b,74.63492761443966,3.928154084970509,272.8088914109474,conditional_source_only_not_network_or_full_range_validated,78.56308169941018,2465.776235411707,False
0.5,S2b,79.02521747411258,4.159221972321715,271.4563546958324,conditional_source_only_not_network_or_full_range_validated,83.1844394464343,2465.7762354117067,False
0.5,S2b,83.41550733378551,4.390289859672921,270.1119695139259,conditional_source_only_not_network_or_full_range_validated,87.80579719345843,2465.7762354117067,False
0.5,S2b,87.80579719345842,4.621357747024128,268.77573586522794,conditional_source_only_not_network_or_full_range_validated,92.42715494048255,2465.7762354117067,False
0.5,S2b,92.19608705313136,4.852425634375335,267.4476537497386,conditional_source_only_not_network_or_full_range_validated,97.0485126875067,2465.776235411707,False
0.5,S2b,96.58637691280428,5.083493521726542,266.12772316745776,conditional_source_only_not_network_or_full_range_validated,101.66987043453082,2465.7762354117067,False
0.5,S2b,100.9766667724772,5.314561409077747,264.81594411838546,conditional_source_only_not_network_or_full_range_validated,106.29122818155494,2465.7762354117067,False
0.5,S2b,105.36695663215012,5.545629296428954,263.5123166025217,conditional_source_only_not_network_or_full_range_validated,110.91258592857908,2465.7762354117067,False
0.5,S2b,109.75724649182304,5.77669718378016,262.21684061986645,conditional_source_only_not_network_or_full_range_validated,115.5339436756032,2465.7762354117067,False
0.5,S2b,114.14753635149594,6.007765071131367,260.9295161704198,conditional_source_only_not_network_or_full_range_validated,120.1553014226273,2465.7762354117067,False
0.5,S2b,118.53782621116888,6.238832958482573,259.6503432541816,conditional_source_only_not_network_or_full_range_validated,124.77665916965145,2465.7762354117067,False
0.5,S2b,122.92811607084178,6.469900845833779,258.37932187115206,conditional_source_only_not_network_or_full_range_validated,129.39801691667557,2465.7762354117067,False
0.5,S2b,127.31840593051471,6.700968733184986,257.116452021331,conditional_source_only_not_network_or_full_range_validated,134.0193746636997,2465.7762354117062,False
0.5,S2b,131.70869579018765,6.932036620536192,255.8617337047185,conditional_source_only_not_network_or_full_range_validated,138.64073241072384,2465.7762354117067,False
0.5,S2b,136.09898564986057,7.163104507887399,254.6151669213145,conditional_source_only_not_network_or_full_range_validated,143.26209015774796,2465.776235411707,False
0.5,S2b,140.48927550953348,7.394172395238605,253.3767516711191,conditional_source_only_not_network_or_full_range_validated,147.88344790477208,2465.7762354117067,False
0.5,S2b,144.8795653692064,7.625240282589812,252.1464879541322,conditional_source_only_not_network_or_full_range_validated,152.5048056517962,2465.7762354117062,False
0.5,S2b,149.26985522887932,7.856308169941018,250.92437577035383,conditional_source_only_not_network_or_full_range_validated,157.12616339882035,2465.776235411707,False
0.5,S2b,153.66014508855224,8.087376057292223,249.71041511978405,conditional_source_only_not_network_or_full_range_validated,161.74752114584447,2465.776235411707,False
0.5,S2b,158.05043494822516,8.31844394464343,248.5046060024228,conditional_source_only_not_network_or_full_range_validated,166.3688788928686,2465.7762354117067,False
0.5,S2b,162.4407248078981,8.549511831994637,247.30694841827008,conditional_source_only_not_network_or_full_range_validated,170.99023663989274,2465.776235411707,False
0.5,S2b,166.83101466757105,8.780579719345843,246.11744236732588,conditional_source_only_not_network_or_full_range_validated,175.6115943869169,2465.7762354117067,False
0.5,S2b,171.22130452724392,9.01164760669705,244.93608784959025,conditional_source_only_not_network_or_full_range_validated,180.23295213394096,2465.7762354117067,False
0.5,S2b,175.61159438691683,9.242715494048255,243.7628848650632,conditional_source_only_not_network_or_full_range_validated,184.8543098809651,2465.7762354117067,False
0.5,S2b,4.253936399292427,0.3449137621047914,295.5877781702032,conditional_source_only_not_network_or_full_range_validated,4.598850161397219,2459.0799691441075,False
0.5,S2b,8.507872798584854,0.6898275242095828,294.1340877720682,conditional_source_only_not_network_or_full_range_validated,9.197700322794438,2459.0799691441075,False
0.5,S2b,12.761809197877282,1.0347412863143743,292.6881289544044,conditional_source_only_not_network_or_full_range_validated,13.796550484191656,2459.079969144108,False
0.5,S2b,17.01574559716971,1.3796550484191656,291.249901717212,conditional_source_only_not_network_or_full_range_validated,18.395400645588875,2459.0799691441075,False
0.5,S2b,21.269681996462133,1.724568810523957,289.8194060604907,conditional_source_only_not_network_or_full_range_validated,22.994250806986088,2459.0799691441075,False
0.5,S2b,25.523618395754564,2.0694825726287487,288.3966419842408,conditional_source_only_not_network_or_full_range_validated,27.59310096838331,2459.079969144108,False
0.5,S2b,29.77755479504699,2.41439633473354,286.9816094884621,conditional_source_only_not_network_or_full_range_validated,32.19195112978053,2459.0799691441075,False
0.5,S2b,34.03149119433942,2.7593100968383317,285.5743085731546,conditional_source_only_not_network_or_full_range_validated,36.79080129117775,2459.0799691441075,False
0.5,S2b,38.28542759363184,3.1042238589431226,284.1747392383185,conditional_source_only_not_network_or_full_range_validated,41.38965145257496,2459.0799691441075,False
0.5,S2b,42.539363992924265,3.449137621047914,282.7829014839536,conditional_source_only_not_network_or_full_range_validated,45.988501613972176,2459.0799691441075,False
0.5,S2b,46.79330039221669,3.7940513831527056,281.39879531006005,conditional_source_only_not_network_or_full_range_validated,50.5873517753694,2459.079969144107,False
0.5,S2b,51.04723679150913,4.138965145257497,280.02242071663767,conditional_source_only_not_network_or_full_range_validated,55.18620193676662,2459.079969144108,False
0.5,S2b,55.30117319080155,4.483878907362288,278.6537777036866,conditional_source_only_not_network_or_full_range_validated,59.78505209816384,2459.079969144108,False
0.5,S2b,59.55510959009398,4.82879266946708,277.29286627120683,conditional_source_only_not_network_or_full_range_validated,64.38390225956105,2459.0799691441075,False
0.5,S2b,63.8090459893864,5.173706431571871,275.93968641919827,conditional_source_only_not_network_or_full_range_validated,68.98275242095826,2459.0799691441075,False
0.5,S2b,68.06298238867883,5.518620193676663,274.59423814766103,conditional_source_only_not_network_or_full_range_validated,73.5816025823555,2459.0799691441075,False
0.5,S2b,72.31691878797126,5.863533955781454,273.256521456595,conditional_source_only_not_network_or_full_range_validated,78.18045274375271,2459.0799691441075,False
0.5,S2b,76.57085518726367,6.208447717886245,271.9265363460003,conditional_source_only_not_network_or_full_range_validated,82.77930290514992,2459.0799691441075,False
0.5,S2b,80.82479158655612,6.553361479991037,270.60428281587684,conditional_source_only_not_network_or_full_range_validated,87.37815306654716,2459.0799691441075,False
0.5,S2b,85.07872798584853,6.898275242095828,269.2897608662247,conditional_source_only_not_network_or_full_range_validated,91.97700322794435,2459.0799691441075,False
0.5,S2b,89.33266438514096,7.2431890042006195,267.98297049704377,conditional_source_only_not_network_or_full_range_validated,96.57585338934157,2459.0799691441075,False
0.5,S2b,93.5866007844334,7.588102766305411,266.68391170833405,conditional_source_only_not_network_or_full_range_validated,101.17470355073881,2459.0799691441075,False
0.5,S2b,97.84053718372584,7.933016528410203,265.3925845000957,conditional_source_only_not_network_or_full_range_validated,105.77355371213605,2459.079969144108,False
0.5,S2b,102.09447358301826,8.277930290514995,264.1089888723286,conditional_source_only_not_network_or_full_range_validated,110.37240387353324,2459.079969144108,False
0.5,S2b,106.34840998231066,8.622844052619785,262.8331248250328,conditional_source_only_not_network_or_full_range_validated,114.97125403493044,2459.079969144108,False
0.5,S2b,110.6023463816031,8.967757814724576,261.5649923582082,conditional_source_only_not_network_or_full_range_validated,119.57010419632768,2459.079969144108,False
0.5,S2b,114.85628278089553,9.312671576829368,260.3045914718549,conditional_source_only_not_network_or_full_range_validated,124.1689543577249,2459.079969144108,False
0.5,S2b,119.11021918018795,9.65758533893416,259.0519221659729,conditional_source_only_not_network_or_full_range_validated,128.7678045191221,2459.0799691441075,False
0.5,S2b,123.36415557948038,10.002499101038952,257.8069844405621,conditional_source_only_not_network_or_full_range_validated,133.36665468051933,2459.079969144108,False
0.5,S2b,127.6180919787728,10.347412863143742,256.56977829562265,conditional_source_only_not_network_or_full_range_validated,137.96550484191653,2459.0799691441075,False
0.5,S2b,131.87202837806524,10.692326625248532,255.3403037311544,conditional_source_only_not_network_or_full_range_validated,142.56435500331378,2459.0799691441075,False
0.5,S2b,136.12596477735767,11.037240387353323,254.11856074715743,conditional_source_only_not_network_or_full_range_validated,147.163205164711,2459.079969144108,False
0.5,S2b,140.3799011766501,11.382154149458117,252.90454934363177,conditional_source_only_not_network_or_full_range_validated,151.76205532610823,2459.0799691441084,False
0.5,S2b,144.63383757594252,11.727067911562909,251.69826952057736,conditional_source_only_not_network_or_full_range_validated,156.36090548750542,2459.0799691441075,False
0.5,S2b,148.88777397523492,12.0719816736677,250.4997212779942,conditional_source_only_not_network_or_full_range_validated,160.95975564890261,2459.0799691441075,False
0.5,S2b,153.14171037452735,12.41689543577249,249.30890461588237,conditional_source_only_not_network_or_full_range_validated,165.55860581029984,2459.0799691441075,False
0.5,S2b,157.39564677381978,12.761809197877282,248.1258195342417,conditional_source_only_not_network_or_full_range_validated,170.15745597169706,2459.079969144108,False
0.5,S2b,161.64958317311223,13.106722959982074,246.9504660330724,conditional_source_only_not_network_or_full_range_validated,174.7563061330943,2459.0799691441075,False
0.5,S2b,165.90351957240466,13.451636722086866,245.78284411237436,conditional_source_only_not_network_or_full_range_validated,179.35515629449154,2459.079969144108,False
0.5,S2b,170.15745597169706,13.796550484191656,244.62295377214755,conditional_source_only_not_network_or_full_range_validated,183.9540064558887,2459.0799691441075,False
0.5,S2b,4.118904677147304,0.4576560752385894,295.617190351363,conditional_source_only_not_network_or_full_range_validated,4.576560752385894,2452.4199742460755,False
0.5,S2b,8.237809354294608,0.9153121504771788,294.1925146264652,conditional_source_only_not_network_or_full_range_validated,9.153121504771788,2452.4199742460755,False
0.5,S2b,12.356714031441916,1.3729682257157685,292.7751729741163,conditional_source_only_not_network_or_full_range_validated,13.729682257157684,2452.4199742460755,False
0.5,S2b,16.475618708589217,1.8306243009543577,291.36516539431614,conditional_source_only_not_network_or_full_range_validated,18.306243009543575,2452.4199742460755,False
0.5,S2b,20.59452338573652,2.288280376192947,289.96249188706486,conditional_source_only_not_network_or_full_range_validated,22.882803761929466,2452.4199742460764,False
0.5,S2b,24.713428062883832,2.745936451431537,288.56715245236234,conditional_source_only_not_network_or_full_range_validated,27.459364514315368,2452.4199742460755,False
0.5,S2b,28.832332740031138,3.2035925266701266,287.1791470902087,conditional_source_only_not_network_or_full_range_validated,32.03592526670126,2452.419974246076,False
0.5,S2b,32.95123741717843,3.6612486019087154,285.79847580060385,conditional_source_only_not_network_or_full_range_validated,36.61248601908715,2452.4199742460755,False
0.5,S2b,37.07014209432574,4.118904677147305,284.4251385835478,conditional_source_only_not_network_or_full_range_validated,41.189046771473045,2452.419974246076,False
0.5,S2b,41.189046771473045,4.576560752385894,283.0591354390406,conditional_source_only_not_network_or_full_range_validated,45.76560752385894,2452.419974246076,False
0.5,S2b,45.30795144862035,5.034216827624483,281.70046636708213,conditional_source_only_not_network_or_full_range_validated,50.342168276244834,2452.419974246076,False
0.5,S2b,49.426856125767664,5.491872902863074,280.3491313676725,conditional_source_only_not_network_or_full_range_validated,54.918729028630736,2452.4199742460755,False
0.5,S2b,53.54576080291496,5.949528978101663,279.00513044081174,conditional_source_only_not_network_or_full_range_validated,59.49528978101662,2452.419974246076,False
0.5,S2b,57.66466548006228,6.407185053340253,277.66846358649974,conditional_source_only_not_network_or_full_range_validated,64.07185053340254,2452.419974246076,False
0.5,S2b,61.78357015720957,6.864841128578842,276.3391308047366,conditional_source_only_not_network_or_full_range_validated,68.64841128578841,2452.419974246076,False
0.5,S2b,65.90247483435687,7.322497203817431,275.01713209552224,conditional_source_only_not_network_or_full_range_validated,73.2249720381743,2452.4199742460755,False
0.5,S2b,70.02137951150418,7.78015327905602,273.70246745885674,conditional_source_only_not_network_or_full_range_validated,77.8015327905602,2452.419974246076,False
0.5,S2b,74.14028418865148,8.23780935429461,272.39513689474,conditional_source_only_not_network_or_full_range_validated,82.37809354294609,2452.419974246076,False
0.5,S2b,78.25918886579879,8.695465429533199,271.09514040317214,conditional_source_only_not_network_or_full_range_validated,86.95465429533199,2452.4199742460755,False
0.5,S2b,82.37809354294609,9.153121504771788,269.8024779841531,conditional_source_only_not_network_or_full_range_validated,91.53121504771788,2452.419974246076,False
0.5,S2b,86.4969982200934,9.610777580010378,268.51714963768273,conditional_source_only_not_network_or_full_range_validated,96.10777580010378,2452.4199742460764,False
0.5,S2b,90.6159028972407,10.068433655248969,267.2391553637613,conditional_source_only_not_network_or_full_range_validated,100.68433655248967,2452.419974246076,False
0.5,S2b,94.734807574388,10.526089730487556,265.96849516238865,conditional_source_only_not_network_or_full_range_validated,105.26089730487556,2452.419974246076,False
0.5,S2b,98.85371225153531,10.983745805726148,264.70516903356486,conditional_source_only_not_network_or_full_range_validated,109.83745805726146,2452.4199742460755,False
0.5,S2b,102.9726169286826,11.441401880964737,263.4491769772898,conditional_source_only_not_network_or_full_range_validated,114.41401880964733,2452.419974246076,False
0.5,S2b,107.09152160582993,11.899057956203324,262.20051899356366,conditional_source_only_not_network_or_full_range_validated,118.99057956203325,2452.419974246076,False
0.5,S2b,111.21042628297724,12.356714031441916,260.95919508238626,conditional_source_only_not_network_or_full_range_validated,123.56714031441915,2452.4199742460755,False
0.5,S2b,115.32933096012457,12.814370106680506,259.72520524375767,conditional_source_only_not_network_or_full_range_validated,128.14370106680508,2452.419974246076,False
0.5,S2b,119.44823563727184,13.272026181919095,258.49854947767795,conditional_source_only_not_network_or_full_range_validated,132.72026181919094,2452.4199742460755,False
0.5,S2b,123.56714031441916,13.729682257157684,257.279227784147,conditional_source_only_not_network_or_full_range_validated,137.29682257157685,2452.4199742460764,False
0.5,S2b,127.68604499156643,14.187338332396273,256.0672401631649,conditional_source_only_not_network_or_full_range_validated,141.8733833239627,2452.419974246076,False
0.5,S2b,131.80494966871373,14.64499440763486,254.8625866147316,conditional_source_only_not_network_or_full_range_validated,146.4499440763486,2452.419974246076,False
0.5,S2b,135.92385434586106,15.102650482873452,253.66526713884707,conditional_source_only_not_network_or_full_range_validated,151.02650482873452,2452.419974246076,False
0.5,S2b,140.04275902300836,15.56030655811204,252.4752817355114,conditional_source_only_not_network_or_full_range_validated,155.6030655811204,2452.419974246076,False
0.5,S2b,144.16166370015566,16.01796263335063,251.2926304047245,conditional_source_only_not_network_or_full_range_validated,160.1796263335063,2452.419974246076,False
0.5,S2b,148.28056837730296,16.47561870858922,250.1173131464865,conditional_source_only_not_network_or_full_range_validated,164.75618708589218,2452.419974246076,False
0.5,S2b,152.39947305445028,16.93327478382781,248.9493299607973,conditional_source_only_not_network_or_full_range_validated,169.3327478382781,2452.419974246076,False
0.5,S2b,156.51837773159758,17.390930859066398,247.78868084765685,conditional_source_only_not_network_or_full_range_validated,173.90930859066398,2452.4199742460755,False
0.5,S2b,160.63728240874488,17.848586934304986,246.63536580706523,conditional_source_only_not_network_or_full_range_validated,178.48586934304987,2452.419974246076,False
0.5,S2b,164.75618708589218,18.30624300954357,245.4893848390224,conditional_source_only_not_network_or_full_range_validated,183.06243009543576,2452.4199742460764,False
0.5,S2b,3.9851755675887697,0.5693107953698242,295.64632781198327,conditional_source_only_not_network_or_full_range_validated,4.554486362958594,2445.7959568093243,False
0.5,S2b,7.970351135177539,1.1386215907396484,294.2504138952291,conditional_source_only_not_network_or_full_range_validated,9.108972725917187,2445.7959568093243,False
0.5,S2b,11.95552670276631,1.7079323861094728,292.8614583985471,conditional_source_only_not_network_or_full_range_validated,13.663459088875783,2445.7959568093243,False
0.5,S2b,15.94070227035508,2.277243181479297,291.4794613219372,conditional_source_only_not_network_or_full_range_validated,18.217945451834378,2445.7959568093243,False
0.5,S2b,19.925877837943844,2.846553976849121,290.10442266539945,conditional_source_only_not_network_or_full_range_validated,22.772431814792967,2445.7959568093243,False
0.5,S2b,23.91105340553262,3.4158647722189457,288.7363424289338,conditional_source_only_not_network_or_full_range_validated,27.326918177751566,2445.7959568093243,False
0.5,S2b,27.89622897312139,3.9851755675887697,287.3752206125403,conditional_source_only_not_network_or_full_range_validated,31.881404540710157,2445.7959568093243,False
0.5,S2b,31.88140454071016,4.554486362958594,286.02105721621894,conditional_source_only_not_network_or_full_range_validated,36.435890903668756,2445.7959568093243,False
0.5,S2b,35.866580108298926,5.123797158328418,284.6738522399697,conditional_source_only_not_network_or_full_range_validated,40.99037726662734,2445.7959568093243,False
0.5,S2b,39.85175567588769,5.693107953698242,283.33360568379254,conditional_source_only_not_network_or_full_range_validated,45.54486362958593,2445.7959568093243,False
0.5,S2b,43.836931243476464,6.2624187490680665,282.0003175476876,conditional_source_only_not_network_or_full_range_validated,50.09934999254453,2445.7959568093243,False
0.5,S2b,47.82210681106524,6.831729544437891,280.67398783165464,conditional_source_only_not_network_or_full_range_validated,54.65383635550313,2445.7959568093243,False
0.5,S2b,51.807282378654,7.401040339807714,279.35461653569394,conditional_source_only_not_network_or_full_range_validated,59.208322718461716,2445.7959568093243,False
0.5,S2b,55.79245794624278,7.970351135177539,278.0422036598053,conditional_source_only_not_network_or_full_range_validated,63.762809081420315,2445.7959568093243,False
0.5,S2b,59.77763351383154,8.539661930547362,276.7367492039888,conditional_source_only_not_network_or_full_range_validated,68.3172954443789,2445.7959568093243,False
0.5,S2b,63.76280908142032,9.108972725917187,275.43825316824444,conditional_source_only_not_network_or_full_range_validated,72.87178180733751,2445.7959568093243,False
0.5,S2b,67.74798464900908,9.678283521287012,274.14671555257223,conditional_source_only_not_network_or_full_range_validated,77.4262681702961,2445.7959568093247,False
0.5,S2b,71.73316021659785,10.247594316656835,272.8621363569721,conditional_source_only_not_network_or_full_range_validated,81.98075453325468,2445.7959568093243,False
0.5,S2b,75.71833578418662,10.81690511202666,271.58451558144407,conditional_source_only_not_network_or_full_range_validated,86.53524089621328,2445.7959568093243,False
0.5,S2b,79.70351135177538,11.386215907396483,270.3138532259882,conditional_source_only_not_network_or_full_range_validated,91.08972725917187,2445.7959568093243,False
0.5,S2b,83.68868691936416,11.955526702766308,269.0501492906045,conditional_source_only_not_network_or_full_range_validated,95.64421362213047,2445.7959568093247,False
0.5,S2b,87.67386248695293,12.524837498136131,267.79340377529286,conditional_source_only_not_network_or_full_range_validated,100.19869998508906,2445.7959568093243,False
0.5,S2b,91.65903805454172,13.094148293505958,266.5436166800534,conditional_source_only_not_network_or_full_range_validated,104.75318634804768,2445.7959568093243,False
0.5,S2b,95.64421362213048,13.663459088875785,265.300788004886,conditional_source_only_not_network_or_full_range_validated,109.30767271100626,2445.7959568093243,False
0.5,S2b,99.62938918971923,14.232769884245604,264.0649177497908,conditional_source_only_not_network_or_full_range_validated,113.86215907396483,2445.7959568093243,False
0.5,S2b,103.614564757308,14.802080679615427,262.8360059147677,conditional_source_only_not_network_or_full_range_validated,118.41664543692343,2445.7959568093243,False
0.5,S2b,107.59974032489676,15.371391474985254,261.61405249981675,conditional_source_only_not_network_or_full_range_validated,122.97113179988202,2445.7959568093243,False
0.5,S2b,111.58491589248555,15.94070227035508,260.39905750493784,conditional_source_only_not_network_or_full_range_validated,127.52561816284063,2445.7959568093243,False
0.5,S2b,115.57009146007432,16.510013065724902,259.1910209301312,conditional_source_only_not_network_or_full_range_validated,132.08010452579921,2445.7959568093247,False
0.5,S2b,119.55526702766308,17.079323861094725,257.98994277539657,conditional_source_only_not_network_or_full_range_validated,136.6345908887578,2445.7959568093243,False
0.5,S2b,123.54044259525185,17.648634656464548,256.7958230407341,conditional_source_only_not_network_or_full_range_validated,141.18907725171638,2445.7959568093243,False
0.5,S2b,127.52561816284064,18.21794545183437,255.6086617261437,conditional_source_only_not_network_or_full_range_validated,145.74356361467503,2445.7959568093247,False
0.5,S2b,131.51079373042938,18.7872562472042,254.42845883162556,conditional_source_only_not_network_or_full_range_validated,150.29804997763358,2445.7959568093243,False
0.5,S2b,135.49596929801817,19.356567042574024,253.25521435717943,conditional_source_only_not_network_or_full_range_validated,154.8525363405922,2445.7959568093247,False
0.5,S2b,139.4811448656069,19.925877837943844,252.08892830280547,conditional_source_only_not_network_or_full_range_validated,159.40702270355075,2445.7959568093243,False
0.5,S2b,143.4663204331957,20.49518863331367,250.9296006685036,conditional_source_only_not_network_or_full_range_validated,163.96150906650936,2445.7959568093243,False
0.5,S2b,147.45149600078446,21.064499428683494,249.7772314542739,conditional_source_only_not_network_or_full_range_validated,168.51599542946795,2445.7959568093243,False
0.5,S2b,151.43667156837324,21.63381022405332,248.6318206601163,conditional_source_only_not_network_or_full_range_validated,173.07048179242656,2445.7959568093243,False
0.5,S2b,155.421847135962,22.203121019423143,247.4933682860309,conditional_source_only_not_network_or_full_range_validated,177.62496815538515,2445.7959568093243,False
0.5,S2b,159.40702270355075,22.772431814792967,246.36187433201755,conditional_source_only_not_network_or_full_range_validated,182.17945451834373,2445.7959568093243,False
0.5,S2b,3.8527303121961456,0.6798935845052023,295.67519437907606,conditional_source_only_not_network_or_full_range_validated,4.532623896701348,2439.2076260924127,False
0.5,S2b,7.705460624392291,1.3597871690104046,294.3077926593871,conditional_source_only_not_network_or_full_range_validated,9.065247793402696,2439.2076260924127,False
0.5,S2b,11.558190936588437,2.039680753515607,292.94699498974256,conditional_source_only_not_network_or_full_range_validated,13.597871690104043,2439.2076260924123,False
0.5,S2b,15.410921248784582,2.7195743380208093,291.5928013701426,conditional_source_only_not_network_or_full_range_validated,18.13049558680539,2439.2076260924127,False
0.5,S2b,19.26365156098073,3.399467922526011,290.2452118005872,conditional_source_only_not_network_or_full_range_validated,22.66311948350674,2439.2076260924123,False
0.5,S2b,23.116381873176877,4.079361507031214,288.9042262810761,conditional_source_only_not_network_or_full_range_validated,27.195743380208093,2439.2076260924127,False
0.5,S2b,26.969112185373017,4.759255091536416,287.56984481160964,conditional_source_only_not_network_or_full_range_validated,31.728367276909434,2439.2076260924123,False
0.5,S2b,30.821842497569165,5.439148676041619,286.24206739218766,conditional_source_only_not_network_or_full_range_validated,36.26099117361078,2439.2076260924127,False
0.5,S2b,34.67457280976531,6.11904226054682,284.92089402281016,conditional_source_only_not_network_or_full_range_validated,40.79361507031213,2439.2076260924127,False
0.5,S2b,38.52730312196145,6.798935845052022,283.6063247034771,conditional_source_only_not_network_or_full_range_validated,45.326238967013474,2439.2076260924123,False
0.5,S2b,42.3800334341576,7.478829429557225,282.2983594341886,conditional_source_only_not_network_or_full_range_validated,49.858862863714826,2439.2076260924127,False
0.5,S2b,46.23276374635375,8.158723014062428,280.9969982149446,conditional_source_only_not_network_or_full_range_validated,54.39148676041617,2439.2076260924123,False
0.5,S2b,50.08549405854989,8.83861659856763,279.70224104574504,conditional_source_only_not_network_or_full_range_validated,58.924110657117524,2439.207626092413,False
0.5,S2b,53.93822437074604,9.518510183072832,278.41408792659,conditional_source_only_not_network_or_full_range_validated,63.456734553818876,2439.2076260924127,False
0.5,S2b,57.79095468294218,10.198403767578034,277.1325388574795,conditional_source_only_not_network_or_full_range_validated,67.98935845052021,2439.2076260924127,False
0.5,S2b,61.64368499513833,10.878297352083235,275.8575938384135,conditional_source_only_not_network_or_full_range_validated,72.52198234722157,2439.2076260924127,False
0.5,S2b,65.49641530733447,11.55819093658844,274.589252869392,conditional_source_only_not_network_or_full_range_validated,77.05460624392292,2439.2076260924127,False
0.5,S2b,69.34914561953062,12.23808452109364,273.327515950415,conditional_source_only_not_network_or_full_range_validated,81.58723014062426,2439.2076260924127,False
0.5,S2b,73.20187593172676,12.917978105598843,272.0723830814824,conditional_source_only_not_network_or_full_range_validated,86.11985403732561,2439.2076260924127,False
0.5,S2b,77.0546062439229,13.597871690104045,270.8238542625944,conditional_source_only_not_network_or_full_range_validated,90.65247793402695,2439.2076260924123,False
0.5,S2b,80.90733655611905,14.277765274609248,269.58192949375086,conditional_source_only_not_network_or_full_range_validated,95.1851018307283,2439.2076260924127,False
0.5,S2b,84.7600668683152,14.95765885911445,268.3466087749518,conditional_source_only_not_network_or_full_range_validated,99.71772572742965,2439.2076260924127,False
0.5,S2b,88.61279718051135,15.637552443619652,267.11789210619725,conditional_source_only_not_network_or_full_range_validated,104.250349624131,2439.2076260924127,False
0.5,S2b,92.4655274927075,16.317446028124856,265.89577948748723,conditional_source_only_not_network_or_full_range_validated,108.78297352083234,2439.2076260924123,False
0.5,S2b,96.31825780490362,16.997339612630054,264.6802709188217,conditional_source_only_not_network_or_full_range_validated,113.31559741753368,2439.2076260924127,False
0.5,S2b,100.17098811709978,17.67723319713526,263.4713664002006,conditional_source_only_not_network_or_full_range_validated,117.84822131423505,2439.207626092413,False
0.5,S2b,104.02371842929593,18.35712678164046,262.2690659316241,conditional_source_only_not_network_or_full_range_validated,122.38084521093639,2439.2076260924127,False
0.5,S2b,107.87644874149208,19.037020366145665,261.073369513092,conditional_source_only_not_network_or_full_range_validated,126.91346910763775,2439.2076260924127,False
0.5,S2b,111.7291790536882,19.716913950650863,259.8842771446044,conditional_source_only_not_network_or_full_range_validated,131.44609300433905,2439.2076260924127,False
0.5,S2b,115.58190936588436,20.396807535156068,258.70178882616136,conditional_source_only_not_network_or_full_range_validated,135.97871690104043,2439.2076260924127,False
0.5,S2b,119.43463967808052,21.07670111966127,257.52590455776283,conditional_source_only_not_network_or_full_range_validated,140.51134079774178,2439.2076260924127,False
0.5,S2b,123.28736999027666,21.756594704166474,256.3566243394088,conditional_source_only_not_network_or_full_range_validated,145.04396469444313,2439.2076260924127,False
0.5,S2b,127.1401003024728,22.43648828867168,255.19394817109915,conditional_source_only_not_network_or_full_range_validated,149.57658859114449,2439.2076260924127,False
0.5,S2b,130.99283061466895,23.11638187317688,254.0378760528341,conditional_source_only_not_network_or_full_range_validated,154.10921248784584,2439.2076260924127,False
0.5,S2b,134.8455609268651,23.79627545768208,252.8884079846135,conditional_source_only_not_network_or_full_range_validated,158.64183638454716,2439.207626092413,False
0.5,S2b,138.69829123906123,24.47616904218728,251.74554396643745,conditional_source_only_not_network_or_full_range_validated,163.1744602812485,2439.2076260924127,False
0.5,S2b,142.55102155125738,25.156062626692485,250.6092839983058,conditional_source_only_not_network_or_full_range_validated,167.70708417794987,2439.2076260924127,False
0.5,S2b,146.40375186345352,25.835956211197686,249.47962808021876,conditional_source_only_not_network_or_full_range_validated,172.23970807465122,2439.2076260924127,False
0.5,S2b,150.2564821756497,26.51584979570289,248.35657621217612,conditional_source_only_not_network_or_full_range_validated,176.77233197135257,2439.2076260924123,False
0.5,S2b,154.1092124878458,27.19574338020809,247.24012839417804,conditional_source_only_not_network_or_full_range_validated,181.3049558680539,2439.2076260924123,False
0.5,S2b,3.7215505110051184,0.7894198053647222,295.70379380897833,conditional_source_only_not_network_or_full_range_validated,4.510970316369841,2432.6546944782076,False
0.5,S2b,7.443101022010237,1.5788396107294445,294.3646578744775,conditional_source_only_not_network_or_full_range_validated,9.021940632739682,2432.6546944782076,False
0.5,S2b,11.164651533015356,2.3682594160941672,293.0317923453069,conditional_source_only_not_network_or_full_range_validated,13.532910949109523,2432.654694478207,False
0.5,S2b,14.886202044020472,3.157679221458889,291.7051972214666,conditional_source_only_not_network_or_full_range_validated,18.04388126547936,2432.654694478208,False
0.5,S2b,18.60775255502559,3.947099026823611,290.3848725029566,conditional_source_only_not_network_or_full_range_validated,22.554851581849203,2432.6546944782076,False
0.5,S2b,22.329303066030715,4.736518832188335,289.0708181897769,conditional_source_only_not_network_or_full_range_validated,27.06582189821905,2432.6546944782076,False
0.5,S2b,26.05085357703583,5.525938637553056,287.7630342819275,conditional_source_only_not_network_or_full_range_validated,31.576792214588885,2432.654694478207,False
0.5,S2b,29.772404088040947,6.315358442917778,286.4615207794084,conditional_source_only_not_network_or_full_range_validated,36.08776253095873,2432.6546944782076,False
0.5,S2b,33.49395459904606,7.104778248282499,285.1662776822196,conditional_source_only_not_network_or_full_range_validated,40.59873284732856,2432.6546944782076,False
0.5,S2b,37.21550511005118,7.894198053647222,283.87730499036104,conditional_source_only_not_network_or_full_range_validated,45.109703163698406,2432.6546944782076,False
0.5,S2b,40.9370556210563,8.683617859011944,282.59460270383283,conditional_source_only_not_network_or_full_range_validated,49.62067348006825,2432.6546944782076,False
0.5,S2b,44.65860613206143,9.473037664376667,281.3181708226349,conditional_source_only_not_network_or_full_range_validated,54.1316437964381,2432.654694478208,False
0.5,S2b,48.380156643066535,10.262457469741388,280.0480093467673,conditional_source_only_not_network_or_full_range_validated,58.64261411280792,2432.6546944782076,False
0.5,S2b,52.10170715407166,11.051877275106111,278.78411827622995,conditional_source_only_not_network_or_full_range_validated,63.15358442917777,2432.654694478207,False
0.5,S2b,55.82325766507677,11.841297080470833,277.52649761102293,conditional_source_only_not_network_or_full_range_validated,67.6645547455476,2432.6546944782076,False
0.5,S2b,59.54480817608189,12.630716885835556,276.2751473511462,conditional_source_only_not_network_or_full_range_validated,72.17552506191744,2432.654694478208,False
0.5,S2b,63.26635868708702,13.42013669120028,275.0300674965997,conditional_source_only_not_network_or_full_range_validated,76.6864953782873,2432.654694478208,False
0.5,S2b,66.98790919809213,14.209556496564998,273.7912580473836,conditional_source_only_not_network_or_full_range_validated,81.19746569465713,2432.6546944782076,False
0.5,S2b,70.70945970909725,14.998976301929725,272.5587190034977,conditional_source_only_not_network_or_full_range_validated,85.70843601102698,2432.654694478208,False
0.5,S2b,74.43101022010237,15.788396107294444,271.33245036494213,conditional_source_only_not_network_or_full_range_validated,90.21940632739681,2432.6546944782076,False
0.5,S2b,78.15256073110749,16.57781591265917,270.11245213171685,conditional_source_only_not_network_or_full_range_validated,94.73037664376665,2432.6546944782076,False
0.5,S2b,81.8741112421126,17.36723571802389,268.89872430382184,conditional_source_only_not_network_or_full_range_validated,99.2413469601365,2432.6546944782076,False
0.5,S2b,85.59566175311772,18.15665552338861,267.69126688125715,conditional_source_only_not_network_or_full_range_validated,103.75231727650633,2432.6546944782076,False
0.5,S2b,89.31721226412286,18.946075328753334,266.4900798640228,conditional_source_only_not_network_or_full_range_validated,108.2632875928762,2432.654694478208,False
0.5,S2b,93.03876277512796,19.73549513411805,265.2951632521187,conditional_source_only_not_network_or_full_range_validated,112.77425790924602,2432.6546944782076,False
0.5,S2b,96.76031328613308,20.524914939482777,264.1065170455449,conditional_source_only_not_network_or_full_range_validated,117.28522822561587,2432.654694478208,False
0.5,S2b,100.4818637971382,21.3143347448475,262.9241412443014,conditional_source_only_not_network_or_full_range_validated,121.7961985419857,2432.6546944782076,False
0.5,S2b,104.20341430814332,22.103754550212223,261.74803584838816,conditional_source_only_not_network_or_full_range_validated,126.30716885835554,2432.654694478207,False
0.5,S2b,107.92496481914844,22.893174355576942,260.5782008578052,conditional_source_only_not_network_or_full_range_validated,130.8181391747254,2432.6546944782076,False
0.5,S2b,111.64651533015356,23.682594160941665,259.41463627255257,conditional_source_only_not_network_or_full_range_validated,135.32910949109524,2432.6546944782076,False
0.5,S2b,115.36806584115868,24.47201396630639,258.25734209263027,conditional_source_only_not_network_or_full_range_validated,139.84007980746506,2432.654694478207,False
0.5,S2b,119.0896163521638,25.26143377167111,257.10631831803823,conditional_source_only_not_network_or_full_range_validated,144.3510501238349,2432.654694478207,False
0.5,S2b,122.81116686316892,26.050853577035834,255.9615649487765,conditional_source_only_not_network_or_full_range_validated,148.86202044020476,2432.654694478208,False
0.5,S2b,126.53271737417404,26.84027338240056,254.82308198484503,conditional_source_only_not_network_or_full_range_validated,153.3729907565746,2432.654694478208,False
0.5,S2b,130.25426788517916,27.62969318776528,253.69086942624392,conditional_source_only_not_network_or_full_range_validated,157.88396107294443,2432.6546944782076,False
0.5,S2b,133.97581839618425,28.41911299313,252.56492727297308,conditional_source_only_not_network_or_full_range_validated,162.39493138931425,2432.6546944782076,False
0.5,S2b,137.69736890718937,29.20853279849472,251.4452555250325,conditional_source_only_not_network_or_full_range_validated,166.9059017056841,2432.654694478208,False
0.5,S2b,141.4189194181945,29.99795260385945,250.33185418242223,conditional_source_only_not_network_or_full_range_validated,171.41687202205395,2432.654694478208,False
0.5,S2b,145.14046992919964,30.78737240922417,249.22472324514223,conditional_source_only_not_network_or_full_range_validated,175.9278423384238,2432.6546944782076,False
0.5,S2b,148.86202044020473,31.576792214588888,248.12386271319255,conditional_source_only_not_network_or_full_range_validated,180.43881265479362,2432.6546944782076,False
0.5,S2b,3.5916181139862298,0.8979045284965574,295.7321297889743,conditional_source_only_not_network_or_full_range_validated,4.489522642482787,2426.13687743203,False
0.5,S2b,7.18323622797246,1.7958090569931149,294.4210163733008,conditional_source_only_not_network_or_full_range_validated,8.979045284965576,2426.13687743203,False
0.5,S2b,10.77485434195869,2.6937135854896725,293.115859901789,conditional_source_only_not_network_or_full_range_validated,13.468567927448362,2426.13687743203,False
0.5,S2b,14.36647245594492,3.5916181139862298,291.8166603744389,conditional_source_only_not_network_or_full_range_validated,17.95809056993115,2426.13687743203,False
0.5,S2b,17.958090569931148,4.489522642482787,290.5234177912505,conditional_source_only_not_network_or_full_range_validated,22.447613212413934,2426.136877432029,False
0.5,S2b,21.54970868391738,5.387427170979345,289.2361321522238,conditional_source_only_not_network_or_full_range_validated,26.937135854896724,2426.13687743203,False
0.5,S2b,25.14132679790361,6.285331699475902,287.9548034573588,conditional_source_only_not_network_or_full_range_validated,31.426658497379513,2426.13687743203,False
0.5,S2b,28.73294491188984,7.18323622797246,286.6794317066554,conditional_source_only_not_network_or_full_range_validated,35.9161811398623,2426.13687743203,False
0.5,S2b,32.32456302587607,8.081140756469017,285.4100169001138,conditional_source_only_not_network_or_full_range_validated,40.405703782345086,2426.13687743203,False
0.5,S2b,35.916181139862296,8.979045284965574,284.1465590377339,conditional_source_only_not_network_or_full_range_validated,44.89522642482787,2426.136877432029,False
0.5,S2b,39.50779925384853,9.876949813462131,282.8890581195156,conditional_source_only_not_network_or_full_range_validated,49.384749067310665,2426.13687743203,False
0.5,S2b,43.09941736783476,10.77485434195869,281.6375141454591,conditional_source_only_not_network_or_full_range_validated,53.87427170979345,2426.13687743203,False
0.5,S2b,46.69103548182099,11.672758870455247,280.3919271155642,conditional_source_only_not_network_or_full_range_validated,58.36379435227624,2426.13687743203,False
0.5,S2b,50.28265359580722,12.570663398951805,279.15229702983106,conditional_source_only_not_network_or_full_range_validated,62.85331699475903,2426.13687743203,False
0.5,S2b,53.87427170979345,13.468567927448362,277.9186238882596,conditional_source_only_not_network_or_full_range_validated,67.34283963724181,2426.13687743203,False
0.5,S2b,57.46588982377968,14.36647245594492,276.6909076908499,conditional_source_only_not_network_or_full_range_validated,71.8323622797246,2426.13687743203,False
0.5,S2b,61.05750793776591,15.264376984441478,275.4691484376018,conditional_source_only_not_network_or_full_range_validated,76.32188492220739,2426.1368774320295,False
0.5,S2b,64.64912605175213,16.162281512938034,274.25334612851543,conditional_source_only_not_network_or_full_range_validated,80.81140756469017,2426.13687743203,False
0.5,S2b,68.24074416573836,17.06018604143459,273.0435007635907,conditional_source_only_not_network_or_full_range_validated,85.30093020717295,2426.1368774320295,False
0.5,S2b,71.83236227972459,17.958090569931148,271.8396123428277,conditional_source_only_not_network_or_full_range_validated,89.79045284965574,2426.136877432029,False
0.5,S2b,75.42398039371083,18.85599509842771,270.6416808662264,conditional_source_only_not_network_or_full_range_validated,94.27997549213855,2426.1368774320295,False
0.5,S2b,79.01559850769706,19.753899626924262,269.4497063337868,conditional_source_only_not_network_or_full_range_validated,98.76949813462133,2426.13687743203,False
0.5,S2b,82.60721662168329,20.651804155420823,268.26368874550894,conditional_source_only_not_network_or_full_range_validated,103.25902077710411,2426.1368774320295,False
0.5,S2b,86.19883473566952,21.54970868391738,267.0836281013927,conditional_source_only_not_network_or_full_range_validated,107.7485434195869,2426.13687743203,False
0.5,S2b,89.79045284965574,22.44761321241393,265.9095244014382,conditional_source_only_not_network_or_full_range_validated,112.23806606206966,2426.1368774320295,False
0.5,S2b,93.38207096364198,23.34551774091049,264.74137764564534,conditional_source_only_not_network_or_full_range_validated,116.72758870455247,2426.13687743203,False
0.5,S2b,96.9736890776282,24.24342226940705,263.57918783401425,conditional_source_only_not_network_or_full_range_validated,121.21711134703524,2426.13687743203,False
0.5,S2b,100.56530719161444,25.14132679790361,262.4229549665448,conditional_source_only_not_network_or_full_range_validated,125.70663398951805,2426.13687743203,False
0.5,S2b,104.15692530560068,26.039231326400166,261.2726790432371,conditional_source_only_not_network_or_full_range_validated,130.19615663200085,2426.13687743203,False
0.5,S2b,107.7485434195869,26.937135854896724,260.128360064091,conditional_source_only_not_network_or_full_range_validated,134.68567927448362,2426.13687743203,False
0.5,S2b,111.34016153357312,27.83504038339328,258.9899980291067,conditional_source_only_not_network_or_full_range_validated,139.17520191696642,2426.13687743203,False
0.5,S2b,114.93177964755937,28.73294491188984,257.85759293828403,conditional_source_only_not_network_or_full_range_validated,143.6647245594492,2426.13687743203,False
0.5,S2b,118.5233977615456,29.6308494403864,256.731144791623,conditional_source_only_not_network_or_full_range_validated,148.15424720193198,2426.1368774320295,False
0.5,S2b,122.11501587553182,30.52875396888296,255.61065358912376,conditional_source_only_not_network_or_full_range_validated,152.64376984441478,2426.1368774320295,False
0.5,S2b,125.70663398951804,31.42665849737951,254.4961193307862,conditional_source_only_not_network_or_full_range_validated,157.13329248689755,2426.1368774320295,False
0.5,S2b,129.29825210350427,32.32456302587607,253.38754201661035,conditional_source_only_not_network_or_full_range_validated,161.62281512938034,2426.13687743203,False
0.5,S2b,132.88987021749048,33.22246755437262,252.28492164659616,conditional_source_only_not_network_or_full_range_validated,166.1123377718631,2426.1368774320304,False
0.5,S2b,136.48148833147673,34.12037208286918,251.18825822074365,conditional_source_only_not_network_or_full_range_validated,170.6018604143459,2426.1368774320295,False
0.5,S2b,140.07310644546297,35.01827661136574,250.09755173905288,conditional_source_only_not_network_or_full_range_validated,175.0913830568287,2426.1368774320295,False
0.5,S2b,143.66472455944918,35.916181139862296,249.0128022015238,conditional_source_only_not_network_or_full_range_validated,179.58090569931147,2426.136877432029,False
0.5,S2b,3.462915412765308,1.005362539189928,295.7602059388729,conditional_source_only_not_network_or_full_range_validated,4.468277951955236,2419.6538934604673,False
0.5,S2b,6.925830825530616,2.0107250783798563,294.47687486859894,conditional_source_only_not_network_or_full_range_validated,8.936555903910472,2419.6538934604673,False
0.5,S2b,10.388746238295925,3.0160876175697844,293.1992069379877,conditional_source_only_not_network_or_full_range_validated,13.404833855865709,2419.6538934604678,False
0.5,S2b,13.851661651061232,4.0214501567597125,291.9272021470392,conditional_source_only_not_network_or_full_range_validated,17.873111807820944,2419.6538934604673,False
0.5,S2b,17.314577063826537,5.02681269594964,290.6608604957534,conditional_source_only_not_network_or_full_range_validated,22.341389759776177,2419.6538934604678,False
0.5,S2b,20.77749247659185,6.032175235139569,289.40018198413026,conditional_source_only_not_network_or_full_range_validated,26.809667711731418,2419.6538934604678,False
0.5,S2b,24.240407889357154,7.037537774329497,288.1451666121698,conditional_source_only_not_network_or_full_range_validated,31.27794566368665,2419.6538934604673,False
0.5,S2b,27.703323302122463,8.042900313519425,286.89581437987204,conditional_source_only_not_network_or_full_range_validated,35.74622361564189,2419.6538934604673,False
0.5,S2b,31.16623871488777,9.048262852709351,285.65212528723697,conditional_source_only_not_network_or_full_range_validated,40.21450156759712,2419.653893460467,False
0.5,S2b,34.629154127653074,10.05362539189928,284.4140993342647,conditional_source_only_not_network_or_full_range_validated,44.682779519552355,2419.6538934604678,False
0.5,S2b,38.09206954041839,11.058987931089208,283.18173652095504,conditional_source_only_not_network_or_full_range_validated,49.1510574715076,2419.6538934604673,False
0.5,S2b,41.5549849531837,12.064350470279138,281.95503684730807,conditional_source_only_not_network_or_full_range_validated,53.619335423462836,2419.6538934604678,False
0.5,S2b,45.01790036594901,13.069713009469066,280.7340003133238,conditional_source_only_not_network_or_full_range_validated,58.08761337541807,2419.6538934604673,False
0.5,S2b,48.48081577871431,14.075075548658994,279.5186269190022,conditional_source_only_not_network_or_full_range_validated,62.5558913273733,2419.6538934604673,False
0.5,S2b,51.943731191479614,15.08043808784892,278.30891666434337,conditional_source_only_not_network_or_full_range_validated,67.02416927932853,2419.6538934604673,False
0.5,S2b,55.406646604244926,16.08580062703885,277.1048695493472,conditional_source_only_not_network_or_full_range_validated,71.49244723128378,2419.6538934604673,False
0.5,S2b,58.86956201701023,17.091163166228778,275.90648557401374,conditional_source_only_not_network_or_full_range_validated,75.960725183239,2419.653893460467,False
0.5,S2b,62.33247742977554,18.096525705418703,274.71376473834295,conditional_source_only_not_network_or_full_range_validated,80.42900313519424,2419.653893460467,False
0.5,S2b,65.79539284254085,19.101888244608634,273.52670704233486,conditional_source_only_not_network_or_full_range_validated,84.89728108714948,2419.653893460467,False
0.5,S2b,69.25830825530615,20.10725078379856,272.34531248598944,conditional_source_only_not_network_or_full_range_validated,89.36555903910471,2419.6538934604678,False
0.5,S2b,72.72122366807146,21.11261332298849,271.1695810693068,conditional_source_only_not_network_or_full_range_validated,93.83383699105995,2419.6538934604678,False
0.5,S2b,76.18413908083677,22.11797586217841,269.9995127922868,conditional_source_only_not_network_or_full_range_validated,98.30211494301518,2419.6538934604673,False
0.5,S2b,79.64705449360208,23.123338401368347,268.8351076549295,conditional_source_only_not_network_or_full_range_validated,102.77039289497043,2419.6538934604678,False
0.5,S2b,83.1099699063674,24.128700940558275,267.6763656572349,conditional_source_only_not_network_or_full_range_validated,107.23867084692567,2419.6538934604678,False
0.5,S2b,86.5728853191327,25.1340634797482,266.523286799203,conditional_source_only_not_network_or_full_range_validated,111.70694879888089,2419.653893460467,False
0.5,S2b,90.03580073189801,26.13942601893813,265.37587108083375,conditional_source_only_not_network_or_full_range_validated,116.17522675083615,2419.6538934604673,False
0.5,S2b,93.4987161446633,27.144788558128056,264.2341185021273,conditional_source_only_not_network_or_full_range_validated,120.64350470279136,2419.6538934604673,False
0.5,S2b,96.96163155742862,28.150151097317988,263.09802906308346,conditional_source_only_not_network_or_full_range_validated,125.1117826547466,2419.6538934604673,False
0.5,S2b,100.42454697019392,29.155513636507912,261.9676027637023,conditional_source_only_not_network_or_full_range_validated,129.58006060670184,2419.6538934604673,False
0.5,S2b,103.88746238295924,30.16087617569784,260.8428396039839,conditional_source_only_not_network_or_full_range_validated,134.0483385586571,2419.6538934604678,False
0.5,S2b,107.35037779572453,31.16623871488777,259.72373958392814,conditional_source_only_not_network_or_full_range_validated,138.5166165106123,2419.6538934604678,False
0.5,S2b,110.81329320848984,32.1716012540777,258.6103027035351,conditional_source_only_not_network_or_full_range_validated,142.98489446256752,2419.6538934604673,False
0.5,S2b,114.27620862125517,33.176963793267625,257.50252896280483,conditional_source_only_not_network_or_full_range_validated,147.45317241452278,2419.6538934604673,False
0.5,S2b,117.73912403402046,34.18232633245756,256.40041836173714,conditional_source_only_not_network_or_full_range_validated,151.92145036647804,2419.6538934604673,False
0.5,S2b,121.20203944678576,35.18768887164748,255.30397090033225,conditional_source_only_not_network_or_full_range_validated,156.38972831843324,2419.6538934604673,False
0.5,S2b,124.66495485955107,36.193051410837406,254.21318657859,conditional_source_only_not_network_or_full_range_validated,160.85800627038847,2419.653893460467,False
0.5,S2b,128.1278702723164,37.19841395002734,253.12806539651044,conditional_source_only_not_network_or_full_range_validated,165.32628422234373,2419.6538934604673,False
0.5,S2b,131.5907856850817,38.20377648921727,252.0486073540936,conditional_source_only_not_network_or_full_range_validated,169.79456217429896,2419.653893460467,False
0.5,S2b,135.053701097847,39.20913902840719,250.97481245133943,conditional_source_only_not_network_or_full_range_validated,174.26284012625422,2419.6538934604673,False
0.5,S2b,138.5166165106123,40.21450156759712,249.90668068824797,conditional_source_only_not_network_or_full_range_validated,178.73111807820942,2419.6538934604678,False
0.5,S2b,3.3354250325778776,1.111808344192626,295.7880258125424,conditional_source_only_not_network_or_full_range_validated,4.4472333767705035,2413.205464070854,False
0.5,S2b,6.670850065155755,2.223616688385252,294.532239955665,conditional_source_only_not_network_or_full_range_validated,8.894466753541007,2413.205464070854,False
0.5,S2b,10.006275097733637,3.335425032577878,293.2818425781773,conditional_source_only_not_network_or_full_range_validated,13.341700130311516,2413.205464070854,False
0.5,S2b,13.34170013031151,4.447233376770504,292.0368336800794,conditional_source_only_not_network_or_full_range_validated,17.788933507082014,2413.205464070854,False
0.5,S2b,16.677125162889386,5.559041720963129,290.79721326137127,conditional_source_only_not_network_or_full_range_validated,22.236166883852515,2413.205464070854,False
0.5,S2b,20.01255019546727,6.670850065155756,289.5629813220529,conditional_source_only_not_network_or_full_range_validated,26.683400260623024,2413.205464070854,False
0.5,S2b,23.347975228045144,7.782658409348381,288.3341378621243,conditional_source_only_not_network_or_full_range_validated,31.130633637393522,2413.205464070854,False
0.5,S2b,26.68340026062302,8.894466753541007,287.1106828815854,conditional_source_only_not_network_or_full_range_validated,35.57786701416403,2413.205464070854,False
0.5,S2b,30.01882529320089,10.006275097733631,285.89261638043627,conditional_source_only_not_network_or_full_range_validated,40.025100390934526,2413.2054640708543,False
0.5,S2b,33.35425032577877,11.118083441926258,284.6799383586769,conditional_source_only_not_network_or_full_range_validated,44.47233376770503,2413.205464070854,False
0.5,S2b,36.68967535835665,12.229891786118884,283.4726488163073,conditional_source_only_not_network_or_full_range_validated,48.919567144475536,2413.205464070854,False
0.5,S2b,40.02510039093454,13.341700130311512,282.2707477533274,conditional_source_only_not_network_or_full_range_validated,53.36680052124605,2413.205464070854,False
0.5,S2b,43.36052542351241,14.453508474504137,281.0742351697373,conditional_source_only_not_network_or_full_range_validated,57.81403389801655,2413.2054640708543,False
0.5,S2b,46.69595045609029,15.565316818696765,279.8831110655369,conditional_source_only_not_network_or_full_range_validated,62.26126727478705,2413.205464070854,False
0.5,S2b,50.03137548866816,16.677125162889386,278.6973754407264,conditional_source_only_not_network_or_full_range_validated,66.70850065155754,2413.2054640708534,False
0.5,S2b,53.36680052124604,17.788933507082014,277.5170282953055,conditional_source_only_not_network_or_full_range_validated,71.15573402832806,2413.205464070854,False
0.5,S2b,56.70222555382392,18.90074185127464,276.3420696292744,conditional_source_only_not_network_or_full_range_validated,75.60296740509855,2413.2054640708534,False
0.5,S2b,60.03765058640179,20.012550195467263,275.17249944263307,conditional_source_only_not_network_or_full_range_validated,80.05020078186905,2413.205464070854,False
0.5,S2b,63.37307561897967,21.12435853965989,274.00831773538147,conditional_source_only_not_network_or_full_range_validated,84.49743415863956,2413.205464070854,False
0.5,S2b,66.70850065155754,22.236166883852515,272.8495245075197,conditional_source_only_not_network_or_full_range_validated,88.94466753541006,2413.205464070854,False
0.5,S2b,70.04392568413543,23.347975228045144,271.6961197590476,conditional_source_only_not_network_or_full_range_validated,93.39190091218057,2413.2054640708543,False
0.5,S2b,73.3793507167133,24.459783572237768,270.54810348996523,conditional_source_only_not_network_or_full_range_validated,97.83913428895107,2413.205464070854,False
0.5,S2b,76.71477574929119,25.5715919164304,269.4054757002727,conditional_source_only_not_network_or_full_range_validated,102.2863676657216,2413.205464070854,False
0.5,S2b,80.05020078186908,26.683400260623024,268.2682363899699,conditional_source_only_not_network_or_full_range_validated,106.7336010424921,2413.205464070854,False
0.5,S2b,83.38562581444694,27.795208604815645,267.13638555905686,conditional_source_only_not_network_or_full_range_validated,111.18083441926258,2413.205464070854,False
0.5,S2b,86.72105084702481,28.90701694900827,266.00992320753346,conditional_source_only_not_network_or_full_range_validated,115.62806779603308,2413.205464070854,False
0.5,S2b,90.05647587960269,30.018825293200894,264.8888493353999,conditional_source_only_not_network_or_full_range_validated,120.07530117280358,2413.205464070854,False
0.5,S2b,93.39190091218056,31.13063363739353,263.77316394265614,conditional_source_only_not_network_or_full_range_validated,124.52253454957409,2413.2054640708543,False
0.5,S2b,96.72732594475846,32.242441981586154,262.6628670293021,conditional_source_only_not_network_or_full_range_validated,128.96976792634462,2413.205464070854,False
0.5,S2b,100.06275097733632,33.35425032577877,261.5579585953379,conditional_source_only_not_network_or_full_range_validated,133.4170013031151,2413.2054640708534,False
0.5,S2b,103.3981760099142,34.4660586699714,260.4584386407633,conditional_source_only_not_network_or_full_range_validated,137.8642346798856,2413.2054640708543,False
0.5,S2b,106.73360104249208,35.57786701416403,259.3643071655785,conditional_source_only_not_network_or_full_range_validated,142.3114680566561,2413.205464070854,False
0.5,S2b,110.06902607506996,36.68967535835665,258.2755641697835,conditional_source_only_not_network_or_full_range_validated,146.7587014334266,2413.2054640708543,False
0.5,S2b,113.40445110764784,37.80148370254928,257.1922096533782,conditional_source_only_not_network_or_full_range_validated,151.2059348101971,2413.2054640708534,False
0.5,S2b,116.7398761402257,38.9132920467419,256.11424361636267,conditional_source_only_not_network_or_full_range_validated,155.6531681869676,2413.2054640708543,False
0.5,S2b,120.07530117280358,40.025100390934526,255.04166605873692,conditional_source_only_not_network_or_full_range_validated,160.1004015637381,2413.205464070854,False
0.5,S2b,123.41072620538148,41.13690873512716,253.97447698050087,conditional_source_only_not_network_or_full_range_validated,164.54763494050863,2413.205464070854,False
0.5,S2b,126.74615123795934,42.24871707931978,252.91267638165468,conditional_source_only_not_network_or_full_range_validated,168.99486831727913,2413.205464070854,False
0.5,S2b,130.08157627053723,43.36052542351241,251.85626426219812,conditional_source_only_not_network_or_full_range_validated,173.44210169404963,2413.205464070854,False
0.5,S2b,133.4170013031151,44.47233376770503,250.8052406221314,conditional_source_only_not_network_or_full_range_validated,177.88933507082012,2413.205464070854,False
0.5,S2b,3.209129924449857,1.2172561782396012,295.8155928994033,conditional_source_only_not_network_or_full_range_validated,4.426386102689458,2406.7913137313867,False
0.5,S2b,6.418259848899715,2.4345123564792024,294.5871181148856,conditional_source_only_not_network_or_full_range_validated,8.852772205378917,2406.7913137313867,False
0.5,S2b,9.627389773349574,3.651768534718804,293.3637757952562,conditional_source_only_not_network_or_full_range_validated,13.279158308068379,2406.791313731387,False
0.5,S2b,12.83651969779943,4.869024712958405,292.1455659405152,conditional_source_only_not_network_or_full_range_validated,17.705544410757835,2406.7913137313867,False
0.5,S2b,16.045649622249286,6.0862808911980055,290.93248855066247,conditional_source_only_not_network_or_full_range_validated,22.13193051344729,2406.7913137313867,False
0.5,S2b,19.254779546699147,7.303537069437608,289.7245436256982,conditional_source_only_not_network_or_full_range_validated,26.558316616136757,2406.791313731387,False
0.5,S2b,22.463909471149,8.520793247677208,288.52173116562227,conditional_source_only_not_network_or_full_range_validated,30.98470271882621,2406.791313731387,False
0.5,S2b,25.67303939559886,9.73804942591681,287.32405117043464,conditional_source_only_not_network_or_full_range_validated,35.41108882151567,2406.7913137313867,False
0.5,S2b,28.882169320048718,10.95530560415641,286.1315036401355,conditional_source_only_not_network_or_full_range_validated,39.837474924205125,2406.791313731387,False
0.5,S2b,32.09129924449857,12.172561782396013,284.9440885747247,conditional_source_only_not_network_or_full_range_validated,44.26386102689459,2406.791313731387,False
0.5,S2b,35.30042916894843,13.389817960635613,283.7618059742022,conditional_source_only_not_network_or_full_range_validated,48.690247129584044,2406.7913137313867,False
0.5,S2b,38.509559093398295,14.607074138875216,282.5846558385681,conditional_source_only_not_network_or_full_range_validated,53.116633232273514,2406.791313731387,False
0.5,S2b,41.71868901784814,15.824330317114814,281.4126381678225,conditional_source_only_not_network_or_full_range_validated,57.543019334962956,2406.791313731387,False
0.5,S2b,44.927818942298,17.041586495354416,280.2457529619651,conditional_source_only_not_network_or_full_range_validated,61.96940543765242,2406.791313731387,False
0.5,S2b,48.13694886674786,18.258842673594017,279.0840002209961,conditional_source_only_not_network_or_full_range_validated,66.39579154034188,2406.7913137313867,False
0.5,S2b,51.34607879119772,19.47609885183362,277.9273799449155,conditional_source_only_not_network_or_full_range_validated,70.82217764303134,2406.7913137313867,False
0.5,S2b,54.55520871564758,20.69335503007322,276.7758921337233,conditional_source_only_not_network_or_full_range_validated,75.2485637457208,2406.791313731387,False
0.5,S2b,57.76433864009743,21.91061120831282,275.62953678741945,conditional_source_only_not_network_or_full_range_validated,79.67494984841025,2406.791313731387,False
0.5,S2b,60.97346856454729,23.127867386552424,274.48831390600395,conditional_source_only_not_network_or_full_range_validated,84.10133595109971,2406.791313731387,False
0.5,S2b,64.18259848899714,24.345123564792026,273.35222348947684,conditional_source_only_not_network_or_full_range_validated,88.52772205378918,2406.791313731387,False
0.5,S2b,67.391728413447,25.562379743031624,272.22126553783806,conditional_source_only_not_network_or_full_range_validated,92.95410815647863,2406.791313731387,False
0.5,S2b,70.60085833789687,26.779635921271225,271.0954400510877,conditional_source_only_not_network_or_full_range_validated,97.38049425916809,2406.7913137313867,False
0.5,S2b,73.80998826234672,27.99689209951083,269.9747470292257,conditional_source_only_not_network_or_full_range_validated,101.80688036185755,2406.791313731387,False
0.5,S2b,77.01911818679659,29.214148277750432,268.859186472252,conditional_source_only_not_network_or_full_range_validated,106.23326646454703,2406.791313731387,False
0.5,S2b,80.22824811124643,30.431404455990027,267.7487583801668,conditional_source_only_not_network_or_full_range_validated,110.65965256723646,2406.791313731387,False
0.5,S2b,83.43737803569628,31.64866063422963,266.64346275296987,conditional_source_only_not_network_or_full_range_validated,115.08603866992591,2406.791313731387,False
0.5,S2b,86.64650796014614,32.86591681246923,265.5432995906613,conditional_source_only_not_network_or_full_range_validated,119.51242477261536,2406.7913137313867,False
0.5,S2b,89.855637884596,34.08317299070883,264.4482688932412,conditional_source_only_not_network_or_full_range_validated,123.93881087530484,2406.791313731387,False
0.5,S2b,93.06476780904586,35.30042916894843,263.35837066070934,conditional_source_only_not_network_or_full_range_validated,128.3651969779943,2406.7913137313867,False
0.5,S2b,96.27389773349572,36.51768534718804,262.273604893066,conditional_source_only_not_network_or_full_range_validated,132.79158308068375,2406.7913137313867,False
0.5,S2b,99.48302765794556,37.73494152542764,261.19397159031087,conditional_source_only_not_network_or_full_range_validated,137.21796918337319,2406.7913137313867,False
0.5,S2b,102.69215758239544,38.95219770366724,260.1194707524442,conditional_source_only_not_network_or_full_range_validated,141.64435528606268,2406.7913137313867,False
0.5,S2b,105.90128750684528,40.16945388190684,259.0501023794659,conditional_source_only_not_network_or_full_range_validated,146.0707413887521,2406.7913137313876,False
0.5,S2b,109.11041743129516,41.38671006014644,257.985866471376,conditional_source_only_not_network_or_full_range_validated,150.4971274914416,2406.791313731387,False
0.5,S2b,112.319547355745,42.60396623838604,256.9267630281744,conditional_source_only_not_network_or_full_range_validated,154.92351359413104,2406.7913137313867,False
0.5,S2b,115.52867728019486,43.82122241662564,255.8727920498612,conditional_source_only_not_network_or_full_range_validated,159.3498996968205,2406.791313731387,False
0.5,S2b,118.73780720464472,45.038478594865246,254.8239535364364,conditional_source_only_not_network_or_full_range_validated,163.77628579950996,2406.7913137313867,False
0.5,S2b,121.94693712909458,46.25573477310485,253.78024748789983,conditional_source_only_not_network_or_full_range_validated,168.20267190219943,2406.791313731387,False
0.5,S2b,125.15606705354443,47.47299095134445,252.74167390425177,conditional_source_only_not_network_or_full_range_validated,172.6290580048889,2406.7913137313867,False
0.5,S2b,128.3651969779943,48.69024712958405,251.70823278549204,conditional_source_only_not_network_or_full_range_validated,177.05544410757835,2406.791313731387,False
0.5,S2b,3.0840133575971547,1.321720010398781,295.8429106258816,conditional_source_only_not_network_or_full_range_validated,4.405733367995936,2400.4111698318848,False
0.5,S2b,6.168026715194309,2.643440020797562,294.6415157142187,conditional_source_only_not_network_or_full_range_validated,8.811466735991871,2400.4111698318848,False
0.5,S2b,9.252040072791466,3.9651600311963433,293.44501541382084,conditional_source_only_not_network_or_full_range_validated,13.21720010398781,2400.4111698318848,False
0.5,S2b,12.33605343038862,5.286880041595124,292.253409724688,conditional_source_only_not_network_or_full_range_validated,17.622933471983742,2400.4111698318848,False
0.5,S2b,15.420066787985771,6.608600051993904,291.0666986468202,conditional_source_only_not_network_or_full_range_validated,22.028666839979675,2400.4111698318848,False
0.5,S2b,18.50408014558293,7.930320062392687,289.8848821802174,conditional_source_only_not_network_or_full_range_validated,26.434400207975614,2400.4111698318848,False
0.5,S2b,21.588093503180087,9.252040072791468,288.70796032487965,conditional_source_only_not_network_or_full_range_validated,30.840133575971556,2400.4111698318848,False
0.5,S2b,24.67210686077724,10.573760083190248,287.5359330808069,conditional_source_only_not_network_or_full_range_validated,35.245866943967485,2400.4111698318848,False
0.5,S2b,27.75612021837439,11.895480093589027,286.36880044799926,conditional_source_only_not_network_or_full_range_validated,39.65160031196342,2400.4111698318848,False
0.5,S2b,30.840133575971542,13.217200103987809,285.20656242645657,conditional_source_only_not_network_or_full_range_validated,44.05733367995935,2400.4111698318848,False
0.5,S2b,33.92414693356871,14.538920114386592,284.049219016179,conditional_source_only_not_network_or_full_range_validated,48.4630670479553,2400.4111698318848,False
0.5,S2b,37.008160291165865,15.860640124785371,282.8967702171664,conditional_source_only_not_network_or_full_range_validated,52.868800415951235,2400.4111698318848,False
0.5,S2b,40.09217364876301,17.18236013518415,281.74921602941873,conditional_source_only_not_network_or_full_range_validated,57.27453378394716,2400.4111698318848,False
0.5,S2b,43.17618700636017,18.504080145582936,280.6065564529362,conditional_source_only_not_network_or_full_range_validated,61.68026715194311,2400.4111698318848,False
0.5,S2b,46.26020036395733,19.825800155981717,279.4687914877187,conditional_source_only_not_network_or_full_range_validated,66.08600051993905,2400.4111698318843,False
0.5,S2b,49.34421372155448,21.14752016638049,278.33592113376625,conditional_source_only_not_network_or_full_range_validated,70.49173388793497,2400.4111698318848,False
0.5,S2b,52.42822707915164,22.46924017677928,277.20794539107874,conditional_source_only_not_network_or_full_range_validated,74.89746725593092,2400.4111698318848,False
0.5,S2b,55.51224043674878,23.79096018717805,276.08486425965634,conditional_source_only_not_network_or_full_range_validated,79.30320062392684,2400.4111698318848,False
0.5,S2b,58.59625379434594,25.11268019757684,274.96667773949895,conditional_source_only_not_network_or_full_range_validated,83.70893399192278,2400.4111698318843,False
0.5,S2b,61.68026715194309,26.434400207975617,273.85338583060656,conditional_source_only_not_network_or_full_range_validated,88.11466735991871,2400.4111698318848,False
0.5,S2b,64.76428050954026,27.7561202183744,272.7449885329792,conditional_source_only_not_network_or_full_range_validated,92.52040072791465,2400.4111698318848,False
0.5,S2b,67.84829386713741,29.077840228773184,271.6414858466169,conditional_source_only_not_network_or_full_range_validated,96.9261340959106,2400.4111698318848,False
0.5,S2b,70.93230722473457,30.399560239171965,270.5428777715196,conditional_source_only_not_network_or_full_range_validated,101.33186746390653,2400.4111698318843,False
0.5,S2b,74.01632058233173,31.721280249570743,269.44916430768734,conditional_source_only_not_network_or_full_range_validated,105.73760083190247,2400.4111698318848,False
0.5,S2b,77.10033393992887,33.043000259969524,268.36034545512007,conditional_source_only_not_network_or_full_range_validated,110.14333419989839,2400.4111698318848,False
0.5,S2b,80.18434729752602,34.3647202703683,267.2764212138179,conditional_source_only_not_network_or_full_range_validated,114.54906756789433,2400.4111698318848,False
0.5,S2b,83.26836065512319,35.68644028076709,266.1973915837807,conditional_source_only_not_network_or_full_range_validated,118.95480093589028,2400.4111698318843,False
0.5,S2b,86.35237401272035,37.00816029116587,265.1232565650086,conditional_source_only_not_network_or_full_range_validated,123.36053430388623,2400.4111698318848,False
0.5,S2b,89.4363873703175,38.32988030156465,264.0540161575015,conditional_source_only_not_network_or_full_range_validated,127.76626767188216,2400.4111698318848,False
0.5,S2b,92.52040072791463,39.65160031196343,262.98967036125936,conditional_source_only_not_network_or_full_range_validated,132.17200103987807,2400.4111698318848,False
0.5,S2b,95.6044140855118,40.973320322362206,261.9302191762823,conditional_source_only_not_network_or_full_range_validated,136.577734407874,2400.4111698318843,False
0.5,S2b,98.68842744310896,42.29504033276099,260.8756626025703,conditional_source_only_not_network_or_full_range_validated,140.98346777586994,2400.4111698318848,False
0.5,S2b,101.77244080070612,43.61676034315977,259.8260006401233,conditional_source_only_not_network_or_full_range_validated,145.38920114386588,2400.4111698318843,False
0.5,S2b,104.85645415830328,44.93848035355856,258.78123328894134,conditional_source_only_not_network_or_full_range_validated,149.79493451186184,2400.4111698318848,False
0.5,S2b,107.94046751590042,46.26020036395733,257.7413605490244,conditional_source_only_not_network_or_full_range_validated,154.20066787985775,2400.411169831884,False
0.5,S2b,111.02448087349757,47.58192037435611,256.7063824203725,conditional_source_only_not_network_or_full_range_validated,158.60640124785368,2400.4111698318848,False
0.5,S2b,114.10849423109472,48.903640384754894,255.6762989029856,conditional_source_only_not_network_or_full_range_validated,163.01213461584962,2400.4111698318843,False
0.5,S2b,117.19250758869188,50.22536039515367,254.65110999686377,conditional_source_only_not_network_or_full_range_validated,167.41786798384555,2400.4111698318843,False
0.5,S2b,120.27652094628904,51.547080405552464,253.6308157020069,conditional_source_only_not_network_or_full_range_validated,171.8236013518415,2400.4111698318848,False
0.5,S2b,123.36053430388618,52.86880041595124,252.6154160184152,conditional_source_only_not_network_or_full_range_validated,176.22933471983742,2400.4111698318843,False
0.5,S2b,2.960058912037054,1.425213550240063,295.86998235682125,conditional_source_only_not_network_or_full_range_validated,4.385272462277117,2394.0647626451632,False
0.5,S2b,5.920117824074108,2.850427100480126,294.695439011607,conditional_source_only_not_network_or_full_range_validated,8.770544924554233,2394.0647626451632,False
0.5,S2b,8.880176736111162,4.275640650720189,293.5255701131665,conditional_source_only_not_network_or_full_range_validated,13.155817386831352,2394.0647626451632,False
0.5,S2b,11.840235648148216,5.700854200960252,292.3603756615,conditional_source_only_not_network_or_full_range_validated,17.541089849108467,2394.0647626451632,False
0.5,S2b,14.800294560185268,7.126067751200314,291.19985565660727,conditional_source_only_not_network_or_full_range_validated,21.92636231138558,2394.0647626451632,False
0.5,S2b,17.760353472222324,8.551281301440378,290.0440100984885,conditional_source_only_not_network_or_full_range_validated,26.311634773662703,2394.0647626451632,False
0.5,S2b,20.72041238425938,9.97649485168044,288.8928389871436,conditional_source_only_not_network_or_full_range_validated,30.69690723593982,2394.064762645163,False
0.5,S2b,23.68047129629643,11.401708401920503,287.7463423225725,conditional_source_only_not_network_or_full_range_validated,35.08217969821693,2394.0647626451632,False
0.5,S2b,26.640530208333484,12.826921952160566,286.6045201047754,conditional_source_only_not_network_or_full_range_validated,39.46745216049405,2394.064762645163,False
0.5,S2b,29.600589120370536,14.252135502400629,285.4673723337521,conditional_source_only_not_network_or_full_range_validated,43.85272462277116,2394.0647626451632,False
0.5,S2b,32.56064803240759,15.677349052640691,284.3348990095028,conditional_source_only_not_network_or_full_range_validated,48.237997085048285,2394.0647626451632,False
0.5,S2b,35.52070694444465,17.102562602880756,283.2071001320273,conditional_source_only_not_network_or_full_range_validated,52.62326954732541,2394.0647626451632,False
0.5,S2b,38.4807658564817,18.52777615312082,282.0839757013257,conditional_source_only_not_network_or_full_range_validated,57.00854200960252,2394.064762645163,False
0.5,S2b,41.44082476851876,19.95298970336088,280.96552571739795,conditional_source_only_not_network_or_full_range_validated,61.39381447187964,2394.064762645163,False
0.5,S2b,44.4008836805558,21.37820325360094,279.8517501802441,conditional_source_only_not_network_or_full_range_validated,65.77908693415674,2394.064762645163,False
0.5,S2b,47.36094259259286,22.803416803841007,278.74264908986413,conditional_source_only_not_network_or_full_range_validated,70.16435939643387,2394.0647626451632,False
0.5,S2b,50.32100150462992,24.22863035408107,277.63822244625806,conditional_source_only_not_network_or_full_range_validated,74.549631858711,2394.0647626451632,False
0.5,S2b,53.28106041666697,25.65384390432113,276.5384702494259,conditional_source_only_not_network_or_full_range_validated,78.9349043209881,2394.064762645163,False
0.5,S2b,56.24111932870402,27.079057454561195,275.4433924993676,conditional_source_only_not_network_or_full_range_validated,83.32017678326523,2394.0647626451632,False
0.5,S2b,59.20117824074107,28.504271004801257,274.3529891960832,conditional_source_only_not_network_or_full_range_validated,87.70544924554233,2394.0647626451632,False
0.5,S2b,62.16123715277813,29.92948455504132,273.2672603395726,conditional_source_only_not_network_or_full_range_validated,92.09072170781945,2394.0647626451632,False
0.5,S2b,65.12129606481518,31.354698105281383,272.1862059298359,conditional_source_only_not_network_or_full_range_validated,96.47599417009657,2394.0647626451632,False
0.5,S2b,68.08135497685224,32.779911655521445,271.1098259668732,conditional_source_only_not_network_or_full_range_validated,100.86126663237368,2394.0647626451632,False
0.5,S2b,71.0414138888893,34.20512520576151,270.0381204506843,conditional_source_only_not_network_or_full_range_validated,105.24653909465081,2394.0647626451632,False
0.5,S2b,74.00147280092635,35.63033875600157,268.97108938126934,conditional_source_only_not_network_or_full_range_validated,109.63181155692791,2394.0647626451632,False
0.5,S2b,76.9615317129634,37.05555230624164,267.90873275862816,conditional_source_only_not_network_or_full_range_validated,114.01708401920504,2394.064762645163,False
0.5,S2b,79.92159062500045,38.480765856481696,266.85105058276093,conditional_source_only_not_network_or_full_range_validated,118.40235648148214,2394.064762645163,False
0.5,S2b,82.88164953703752,39.90597940672176,265.7980428536676,conditional_source_only_not_network_or_full_range_validated,122.78762894375927,2394.064762645163,False
0.5,S2b,85.84170844907457,41.33119295696183,264.7497095713481,conditional_source_only_not_network_or_full_range_validated,127.1729014060364,2394.0647626451632,False
0.5,S2b,88.8017673611116,42.75640650720188,263.7060507358026,conditional_source_only_not_network_or_full_range_validated,131.55817386831347,2394.064762645163,False
0.5,S2b,91.76182627314866,44.18162005744195,262.66706634703087,conditional_source_only_not_network_or_full_range_validated,135.9434463305906,2394.0647626451632,False
0.5,S2b,94.72188518518573,45.60683360768201,261.6327564050331,conditional_source_only_not_network_or_full_range_validated,140.32871879286773,2394.0647626451632,False
0.5,S2b,97.68194409722278,47.03204715792208,260.6031209098091,conditional_source_only_not_network_or_full_range_validated,144.71399125514486,2394.0647626451632,False
0.5,S2b,100.64200300925984,48.45726070816214,259.57815986135904,conditional_source_only_not_network_or_full_range_validated,149.099263717422,2394.0647626451632,False
0.5,S2b,103.60206192129688,49.8824742584022,258.55787325968294,conditional_source_only_not_network_or_full_range_validated,153.4845361796991,2394.0647626451637,False
0.5,S2b,106.56212083333394,51.30768780864226,257.54226110478066,conditional_source_only_not_network_or_full_range_validated,157.8698086419762,2394.064762645163,False
0.5,S2b,109.522179745371,52.73290135888233,256.5313233966522,conditional_source_only_not_network_or_full_range_validated,162.25508110425335,2394.0647626451632,False
0.5,S2b,112.48223865740805,54.15811490912239,255.5250601352977,conditional_source_only_not_network_or_full_range_validated,166.64035356653045,2394.0647626451632,False
0.5,S2b,115.4422975694451,55.583328459362455,254.52347132071708,conditional_source_only_not_network_or_full_range_validated,171.02562602880755,2394.064762645163,False
0.5,S2b,118.40235648148214,57.00854200960252,253.52655695291037,conditional_source_only_not_network_or_full_range_validated,175.41089849108465,2394.0647626451632,False
0.5,S2b,2.8372504714045244,1.5277502538332055,295.89681139686104,conditional_source_only_not_network_or_full_range_validated,4.36500072523773,2387.7518252890254,False
0.5,S2b,5.674500942809049,3.0555005076664115,294.74889415733026,conditional_source_only_not_network_or_full_range_validated,8.73000145047546,2387.7518252890254,False
0.5,S2b,8.511751414213574,4.583250761499618,293.60544843021705,conditional_source_only_not_network_or_full_range_validated,13.09500217571319,2387.7518252890254,False
0.5,S2b,11.349001885618096,6.111001015332823,292.46647421552154,conditional_source_only_not_network_or_full_range_validated,17.46000290095092,2387.751825289026,False
0.5,S2b,14.18625235702262,7.638751269166028,291.3319715132436,conditional_source_only_not_network_or_full_range_validated,21.82500362618865,2387.7518252890254,False
0.5,S2b,17.023502828427148,9.166501522999235,290.20194032338327,conditional_source_only_not_network_or_full_range_validated,26.19000435142638,2387.7518252890254,False
0.5,S2b,19.86075329983167,10.69425177683244,289.0763806459405,conditional_source_only_not_network_or_full_range_validated,30.55500507666411,2387.7518252890254,False
0.5,S2b,22.698003771236195,12.222002030665646,287.95529248091543,conditional_source_only_not_network_or_full_range_validated,34.92000580190184,2387.7518252890254,False
0.5,S2b,25.53525424264072,13.749752284498852,286.83867582830794,conditional_source_only_not_network_or_full_range_validated,39.28500652713957,2387.751825289026,False
0.5,S2b,28.37250471404524,15.277502538332056,285.72653068811815,conditional_source_only_not_network_or_full_range_validated,43.6500072523773,2387.7518252890254,False
0.5,S2b,31.20975518544977,16.805252792165263,284.6188570603459,conditional_source_only_not_network_or_full_range_validated,48.01500797761503,2387.7518252890254,False
0.5,S2b,34.047005656854296,18.33300304599847,283.5156549449913,conditional_source_only_not_network_or_full_range_validated,52.38000870285276,2387.7518252890254,False
0.5,S2b,36.88425612825881,19.860753299831675,282.4169243420543,conditional_source_only_not_network_or_full_range_validated,56.74500942809048,2387.7518252890254,False
0.5,S2b,39.72150659966334,21.38850355366488,281.32266525153494,conditional_source_only_not_network_or_full_range_validated,61.11001015332822,2387.7518252890254,False
0.5,S2b,42.558757071067866,22.916253807498087,280.2328776734332,conditional_source_only_not_network_or_full_range_validated,65.47501087856595,2387.7518252890254,False
0.5,S2b,45.39600754247239,24.44400406133129,279.1475616077491,conditional_source_only_not_network_or_full_range_validated,69.84001160380367,2387.7518252890254,False
0.5,S2b,48.23325801387692,25.9717543151645,278.0667170544826,conditional_source_only_not_network_or_full_range_validated,74.20501232904142,2387.7518252890254,False
0.5,S2b,51.07050848528144,27.499504568997704,276.9903440136337,conditional_source_only_not_network_or_full_range_validated,78.57001305427914,2387.751825289026,False
0.5,S2b,53.90775895668597,29.027254822830912,275.91844248520243,conditional_source_only_not_network_or_full_range_validated,82.93501377951688,2387.7518252890254,False
0.5,S2b,56.74500942809048,30.555005076664116,274.8510124691888,conditional_source_only_not_network_or_full_range_validated,87.3000145047546,2387.7518252890254,False
0.5,S2b,59.58225989949501,32.08275533049732,273.7880539655927,conditional_source_only_not_network_or_full_range_validated,91.66501522999232,2387.751825289025,False
0.5,S2b,62.41951037089954,33.610505584330525,272.72956697441435,conditional_source_only_not_network_or_full_range_validated,96.03001595523006,2387.7518252890254,False
0.5,S2b,65.25676084230406,35.13825583816374,271.6755514956536,conditional_source_only_not_network_or_full_range_validated,100.39501668046779,2387.751825289025,False
0.5,S2b,68.09401131370859,36.66600609199694,270.6260075293104,conditional_source_only_not_network_or_full_range_validated,104.76001740570553,2387.7518252890254,False
0.5,S2b,70.9312617851131,38.19375634583014,269.5809350753849,conditional_source_only_not_network_or_full_range_validated,109.12501813094323,2387.7518252890254,False
0.5,S2b,73.76851225651762,39.72150659966335,268.54033413387697,conditional_source_only_not_network_or_full_range_validated,113.49001885618097,2387.7518252890254,False
0.5,S2b,76.60576272792215,41.24925685349656,267.5042047047867,conditional_source_only_not_network_or_full_range_validated,117.85501958141872,2387.7518252890254,False
0.5,S2b,79.44301319932669,42.77700710732976,266.472546788114,conditional_source_only_not_network_or_full_range_validated,122.22002030665644,2387.7518252890254,False
0.5,S2b,82.28026367073122,44.30475736116297,265.44536038385894,conditional_source_only_not_network_or_full_range_validated,126.58502103189419,2387.7518252890254,False
0.5,S2b,85.11751414213573,45.832507614996175,264.42264549202145,conditional_source_only_not_network_or_full_range_validated,130.9500217571319,2387.7518252890254,False
0.5,S2b,87.95476461354025,47.36025786882938,263.4044021126017,conditional_source_only_not_network_or_full_range_validated,135.3150224823696,2387.7518252890254,False
0.5,S2b,90.79201508494478,48.88800812266258,262.3906302455995,conditional_source_only_not_network_or_full_range_validated,139.68002320760735,2387.7518252890254,False
0.5,S2b,93.62926555634932,50.4157583764958,261.3813298910149,conditional_source_only_not_network_or_full_range_validated,144.04502393284514,2387.7518252890254,False
0.5,S2b,96.46651602775384,51.943508630329,260.3765010488479,conditional_source_only_not_network_or_full_range_validated,148.41002465808285,2387.7518252890254,False
0.5,S2b,99.30376649915834,53.4712588841622,259.3761437190986,conditional_source_only_not_network_or_full_range_validated,152.77502538332055,2387.7518252890254,False
0.5,S2b,102.14101697056287,54.99900913799541,258.3802579017669,conditional_source_only_not_network_or_full_range_validated,157.1400261085583,2387.751825289026,False
0.5,S2b,104.9782674419674,56.52675939182861,257.38884359685284,conditional_source_only_not_network_or_full_range_validated,161.50502683379602,2387.7518252890254,False
0.5,S2b,107.81551791337192,58.054509645661824,256.4019008043564,conditional_source_only_not_network_or_full_range_validated,165.87002755903376,2387.7518252890254,False
0.5,S2b,110.65276838477644,59.58225989949503,255.4194295242775,conditional_source_only_not_network_or_full_range_validated,170.23502828427146,2387.751825289025,False
0.5,S2b,113.49001885618097,61.11001015332823,254.44142975661623,conditional_source_only_not_network_or_full_range_validated,174.6000290095092,2387.7518252890254,False
0.5,S2b,2.715572215966872,1.629343329580123,295.9234009917729,conditional_source_only_not_network_or_full_range_validated,4.3449155455469946,2381.4720936888507,False
0.5,S2b,5.431144431933744,3.258686659160246,294.8018871962983,conditional_source_only_not_network_or_full_range_validated,8.689831091093989,2381.4720936888507,False
0.5,S2b,8.146716647900615,4.888029988740369,293.6846587623856,conditional_source_only_not_network_or_full_range_validated,13.034746636640984,2381.4720936888507,False
0.5,S2b,10.862288863867487,6.517373318320492,292.5717156900349,conditional_source_only_not_network_or_full_range_validated,17.379662182187978,2381.4720936888507,False
0.5,S2b,13.577861079834356,8.146716647900615,291.4630579792462,conditional_source_only_not_network_or_full_range_validated,21.72457772773497,2381.4720936888507,False
0.5,S2b,16.29343329580123,9.776059977480738,290.3586856300193,conditional_source_only_not_network_or_full_range_validated,26.069493273281967,2381.4720936888507,False
0.5,S2b,19.009005511768105,11.405403307060862,289.25859864235457,conditional_source_only_not_network_or_full_range_validated,30.414408818828967,2381.4720936888507,False
0.5,S2b,21.72457772773497,13.034746636640984,288.1627970162517,conditional_source_only_not_network_or_full_range_validated,34.759324364375956,2381.4720936888507,False
0.5,S2b,24.44014994370184,14.664089966221104,287.0712807517108,conditional_source_only_not_network_or_full_range_validated,39.104239909922946,2381.4720936888507,False
0.5,S2b,27.155722159668716,16.29343329580123,285.9840498487318,conditional_source_only_not_network_or_full_range_validated,43.44915545546995,2381.4720936888507,False
0.5,S2b,29.871294375635586,17.922776625381353,284.9011043073148,conditional_source_only_not_network_or_full_range_validated,47.79407100101694,2381.4720936888502,False
0.5,S2b,32.58686659160246,19.55211995496148,283.8224441274598,conditional_source_only_not_network_or_full_range_validated,52.13898654656394,2381.4720936888507,False
0.5,S2b,35.30243880756933,21.1814632845416,282.74806930916674,conditional_source_only_not_network_or_full_range_validated,56.48390209211093,2381.4720936888507,False
0.5,S2b,38.01801102353621,22.810806614121724,281.6779798524356,conditional_source_only_not_network_or_full_range_validated,60.828817637657934,2381.4720936888507,False
0.5,S2b,40.73358323950308,24.440149943701844,280.6121757572664,conditional_source_only_not_network_or_full_range_validated,65.17373318320493,2381.4720936888507,False
0.5,S2b,43.44915545546995,26.069493273281967,279.55065702365926,conditional_source_only_not_network_or_full_range_validated,69.51864872875191,2381.4720936888507,False
0.5,S2b,46.16472767143682,27.69883660286209,278.493423651614,conditional_source_only_not_network_or_full_range_validated,73.86356427429891,2381.4720936888507,False
0.5,S2b,48.88029988740368,29.32817993244221,277.4404756411307,conditional_source_only_not_network_or_full_range_validated,78.20847981984589,2381.4720936888502,False
0.5,S2b,51.59587210337057,30.957523262022335,276.39181299220945,conditional_source_only_not_network_or_full_range_validated,82.5533953653929,2381.472093688851,False
0.5,S2b,54.31144431933743,32.58686659160246,275.3474357048501,conditional_source_only_not_network_or_full_range_validated,86.8983109109399,2381.4720936888507,False
0.5,S2b,57.0270165353043,34.21620992118258,274.30734377905264,conditional_source_only_not_network_or_full_range_validated,91.24322645648688,2381.4720936888507,False
0.5,S2b,59.74258875127117,35.845553250762705,273.2715372148172,conditional_source_only_not_network_or_full_range_validated,95.58814200203388,2381.4720936888502,False
0.5,S2b,62.45816096723805,37.47489658034283,272.24001601214377,conditional_source_only_not_network_or_full_range_validated,99.93305754758089,2381.4720936888507,False
0.5,S2b,65.17373318320492,39.10423990992295,271.21278017103225,conditional_source_only_not_network_or_full_range_validated,104.27797309312787,2381.4720936888507,False
0.5,S2b,67.88930539917177,40.73358323950307,270.1898296914827,conditional_source_only_not_network_or_full_range_validated,108.62288863867485,2381.4720936888507,False
0.5,S2b,70.60487761513866,42.36292656908319,269.1711645734951,conditional_source_only_not_network_or_full_range_validated,112.96780418422185,2381.4720936888507,False
0.5,S2b,73.32044983110552,43.99226989866332,268.1567848170694,conditional_source_only_not_network_or_full_range_validated,117.31271972976884,2381.4720936888507,False
0.5,S2b,76.03602204707241,45.62161322824345,267.1466904222058,conditional_source_only_not_network_or_full_range_validated,121.65763527531585,2381.4720936888507,False
0.5,S2b,78.75159426303928,47.25095655782357,266.14088138890406,conditional_source_only_not_network_or_full_range_validated,126.00255082086285,2381.4720936888507,False
0.5,S2b,81.46716647900615,48.88029988740369,265.1393577171643,conditional_source_only_not_network_or_full_range_validated,130.34746636640983,2381.4720936888502,False
0.5,S2b,84.18273869497301,50.50964321698381,264.1421194069865,conditional_source_only_not_network_or_full_range_validated,134.69238191195683,2381.4720936888507,False
0.5,S2b,86.8983109109399,52.138986546563935,263.1491664583706,conditional_source_only_not_network_or_full_range_validated,139.03729745750383,2381.4720936888507,False
0.5,S2b,89.61388312690676,53.76832987614406,262.16049887131675,conditional_source_only_not_network_or_full_range_validated,143.38221300305082,2381.4720936888507,False
0.5,S2b,92.32945534287364,55.39767320572418,261.17611664582483,conditional_source_only_not_network_or_full_range_validated,147.72712854859782,2381.4720936888507,False
0.5,S2b,95.04502755884047,57.0270165353043,260.1960197818949,conditional_source_only_not_network_or_full_range_validated,152.07204409414476,2381.4720936888502,False
0.5,S2b,97.76059977480736,58.65635986488442,259.2202082795269,conditional_source_only_not_network_or_full_range_validated,156.41695963969178,2381.4720936888502,False
0.5,S2b,100.47617199077423,60.28570319446455,258.2486821387209,conditional_source_only_not_network_or_full_range_validated,160.76187518523878,2381.4720936888502,False
0.5,S2b,103.19174420674112,61.91504652404468,257.2814413594768,conditional_source_only_not_network_or_full_range_validated,165.1067907307858,2381.472093688851,False
0.5,S2b,105.907316422708,63.5443898536248,256.3184859417946,conditional_source_only_not_network_or_full_range_validated,169.4517062763328,2381.4720936888507,False
0.5,S2b,108.62288863867484,65.17373318320492,255.3598158856745,conditional_source_only_not_network_or_full_range_validated,173.79662182187974,2381.4720936888502,False
0.5,S2b,2.595008615830349,1.7300057438868994,295.9497543297657,conditional_source_only_not_network_or_full_range_validated,4.325014359717248,2375.2253065407713,False
0.5,S2b,5.190017231660698,3.460011487773799,294.8544240702852,conditional_source_only_not_network_or_full_range_validated,8.650028719434497,2375.2253065407713,False
0.5,S2b,7.785025847491047,5.190017231660699,293.763209370368,conditional_source_only_not_network_or_full_range_validated,12.975043079151746,2375.2253065407713,False
0.5,S2b,10.380034463321396,6.920022975547598,292.676110230014,conditional_source_only_not_network_or_full_range_validated,17.300057438868993,2375.2253065407713,False
0.5,S2b,12.975043079151744,8.650028719434497,291.5931266492233,conditional_source_only_not_network_or_full_range_validated,21.62507179858624,2375.2253065407713,False
0.5,S2b,15.570051694982094,10.380034463321396,290.5142586279959,conditional_source_only_not_network_or_full_range_validated,25.950086158303492,2375.2253065407713,False
0.5,S2b,18.165060310812443,12.110040207208296,289.4395061663318,conditional_source_only_not_network_or_full_range_validated,30.27510051802074,2375.225306540771,False
0.5,S2b,20.76006892664279,13.840045951095195,288.3688692642309,conditional_source_only_not_network_or_full_range_validated,34.60011487773799,2375.2253065407713,False
0.5,S2b,23.355077542473143,15.570051694982096,287.3023479216933,conditional_source_only_not_network_or_full_range_validated,38.92512923745524,2375.225306540771,False
0.5,S2b,25.95008615830349,17.300057438868993,286.239942138719,conditional_source_only_not_network_or_full_range_validated,43.25014359717248,2375.2253065407713,False
0.5,S2b,28.54509477413384,19.03006318275589,285.181651915308,conditional_source_only_not_network_or_full_range_validated,47.575157956889726,2375.2253065407713,False
0.5,S2b,31.14010338996419,20.760068926642795,284.1274772514602,conditional_source_only_not_network_or_full_range_validated,51.900172316606984,2375.2253065407713,False
0.5,S2b,33.735112005794534,22.49007467052969,283.07741814717576,conditional_source_only_not_network_or_full_range_validated,56.22518667632423,2375.225306540771,False
0.5,S2b,36.330120621624886,24.220080414416596,282.0314746024545,conditional_source_only_not_network_or_full_range_validated,60.550201036041486,2375.2253065407713,False
0.5,S2b,38.92512923745523,25.95008615830349,280.98964661729667,conditional_source_only_not_network_or_full_range_validated,64.87521539575872,2375.225306540771,False
0.5,S2b,41.52013785328558,27.68009190219039,279.951934191702,conditional_source_only_not_network_or_full_range_validated,69.20022975547597,2375.2253065407713,False
0.5,S2b,44.115146469115935,29.410097646077293,278.9183373256706,conditional_source_only_not_network_or_full_range_validated,73.52524411519323,2375.225306540771,False
0.5,S2b,46.71015508494629,31.140103389964192,277.8888560192025,conditional_source_only_not_network_or_full_range_validated,77.85025847491048,2375.225306540771,False
0.5,S2b,49.30516370077663,32.87010913385109,276.8634902722977,conditional_source_only_not_network_or_full_range_validated,82.17527283462772,2375.225306540771,False
0.5,S2b,51.90017231660698,34.60011487773799,275.84224008495613,conditional_source_only_not_network_or_full_range_validated,86.50028719434496,2375.2253065407713,False
0.5,S2b,54.49518093243733,36.33012062162489,274.82510545717787,conditional_source_only_not_network_or_full_range_validated,90.82530155406222,2375.225306540771,False
0.5,S2b,57.09018954826768,38.060126365511785,273.8120863889629,conditional_source_only_not_network_or_full_range_validated,95.15031591377947,2375.225306540771,False
0.5,S2b,59.68519816409803,39.79013210939869,272.8031828803111,conditional_source_only_not_network_or_full_range_validated,99.47533027349672,2375.2253065407713,False
0.5,S2b,62.28020677992838,41.52013785328559,271.7983949312228,conditional_source_only_not_network_or_full_range_validated,103.80034463321397,2375.2253065407713,False
0.5,S2b,64.87521539575873,43.25014359717249,270.7977225416976,conditional_source_only_not_network_or_full_range_validated,108.12535899293121,2375.2253065407713,False
0.5,S2b,67.47022401158907,44.98014934105939,269.8011657117357,conditional_source_only_not_network_or_full_range_validated,112.45037335264846,2375.225306540771,False
0.5,S2b,70.06523262741942,46.71015508494629,268.80872444133706,conditional_source_only_not_network_or_full_range_validated,116.7753877123657,2375.225306540771,False
0.5,S2b,72.66024124324977,48.44016082883319,267.8203987305017,conditional_source_only_not_network_or_full_range_validated,121.10040207208297,2375.2253065407713,False
0.5,S2b,75.25524985908012,50.17016657272009,266.83618857922966,conditional_source_only_not_network_or_full_range_validated,125.42541643180022,2375.2253065407713,False
0.5,S2b,77.85025847491046,51.90017231660698,265.85609398752086,conditional_source_only_not_network_or_full_range_validated,129.75043079151743,2375.225306540771,False
0.5,S2b,80.44526709074081,53.63017806049388,264.88011495537535,conditional_source_only_not_network_or_full_range_validated,134.0754451512347,2375.2253065407717,False
0.5,S2b,83.04027570657117,55.36018380438078,263.9082514827932,conditional_source_only_not_network_or_full_range_validated,138.40045951095195,2375.2253065407713,False
0.5,S2b,85.63528432240152,57.09018954826768,262.9405035697742,conditional_source_only_not_network_or_full_range_validated,142.7254738706692,2375.2253065407713,False
0.5,S2b,88.23029293823187,58.82019529215459,261.9768712163185,conditional_source_only_not_network_or_full_range_validated,147.05048823038646,2375.225306540771,False
0.5,S2b,90.8253015540622,60.55020103604147,261.0173544224261,conditional_source_only_not_network_or_full_range_validated,151.37550259010368,2375.2253065407713,False
0.5,S2b,93.42031016989256,62.28020677992839,260.061953188097,conditional_source_only_not_network_or_full_range_validated,155.70051694982095,2375.225306540771,False
0.5,S2b,96.01531878572293,64.01021252381528,259.1106675133312,conditional_source_only_not_network_or_full_range_validated,160.02553130953822,2375.2253065407713,False
0.5,S2b,98.61032740155326,65.74021826770218,258.1634973981286,conditional_source_only_not_network_or_full_range_validated,164.35054566925544,2375.225306540771,False
0.5,S2b,101.2053360173836,67.47022401158908,257.22044284248926,conditional_source_only_not_network_or_full_range_validated,168.67556002897268,2375.225306540771,False
0.5,S2b,103.80034463321395,69.20022975547597,256.2815038464133,conditional_source_only_not_network_or_full_range_validated,173.00057438868993,2375.2253065407713,False
0.5,S2b,2.4755444243326234,1.829750226680635,295.97587454275435,conditional_source_only_not_network_or_full_range_validated,4.305294651013258,2369.0112052754284,False
0.5,S2b,4.951088848665247,3.65950045336127,294.90651062010807,conditional_source_only_not_network_or_full_range_validated,8.610589302026517,2369.0112052754284,False
0.5,S2b,7.42663327299787,5.489250680041906,293.84110838087054,conditional_source_only_not_network_or_full_range_validated,12.915883953039776,2369.011205275428,False
0.5,S2b,9.902177697330494,7.31900090672254,292.7796678250418,conditional_source_only_not_network_or_full_range_validated,17.221178604053033,2369.0112052754284,False
0.5,S2b,12.377722121663115,9.148751133403174,291.72218895262205,conditional_source_only_not_network_or_full_range_validated,21.52647325506629,2369.011205275428,False
0.5,S2b,14.85326654599574,10.978501360083811,290.6686717636111,conditional_source_only_not_network_or_full_range_validated,25.831767906079552,2369.011205275428,False
0.5,S2b,17.328810970328362,12.808251586764444,289.6191162580089,conditional_source_only_not_network_or_full_range_validated,30.137062557092804,2369.0112052754275,False
0.5,S2b,19.804355394660988,14.63800181344508,288.5735224358156,conditional_source_only_not_network_or_full_range_validated,34.44235720810607,2369.0112052754284,False
0.5,S2b,22.27989981899361,16.467752040125713,287.5318902970311,conditional_source_only_not_network_or_full_range_validated,38.74765185911932,2369.011205275428,False
0.5,S2b,24.75544424332623,18.297502266806347,286.49421984165554,conditional_source_only_not_network_or_full_range_validated,43.05294651013258,2369.011205275428,False
0.5,S2b,27.230988667658856,20.127252493486985,285.46051106968866,conditional_source_only_not_network_or_full_range_validated,47.35824116114584,2369.011205275428,False
0.5,S2b,29.70653309199148,21.957002720167623,284.43076398113067,conditional_source_only_not_network_or_full_range_validated,51.663535812159104,2369.011205275428,False
0.5,S2b,32.1820775163241,23.786752946848253,283.4049785759816,conditional_source_only_not_network_or_full_range_validated,55.96883046317235,2369.011205275428,False
0.5,S2b,34.657621940656725,25.61650317352889,282.3831548542413,conditional_source_only_not_network_or_full_range_validated,60.274125114185615,2369.011205275428,False
0.5,S2b,37.13316636498934,27.44625340020952,281.3652928159098,conditional_source_only_not_network_or_full_range_validated,64.57941976519886,2369.011205275428,False
0.5,S2b,39.608710789321975,29.27600362689016,280.3513924609872,conditional_source_only_not_network_or_full_range_validated,68.88471441621213,2369.0112052754284,False
0.5,S2b,42.08425521365459,31.105753853570796,279.3414537894733,conditional_source_only_not_network_or_full_range_validated,73.19000906722539,2369.011205275428,False
0.5,S2b,44.55979963798722,32.93550408025143,278.3354768013684,conditional_source_only_not_network_or_full_range_validated,77.49530371823865,2369.011205275428,False
0.5,S2b,47.03534406231984,34.765254306932064,277.3334614966723,conditional_source_only_not_network_or_full_range_validated,81.8005983692519,2369.0112052754284,False
0.5,S2b,49.51088848665246,36.595004533612695,276.335407875385,conditional_source_only_not_network_or_full_range_validated,86.10589302026516,2369.011205275428,False
0.5,S2b,51.98643291098508,38.42475476029333,275.3413159375065,conditional_source_only_not_network_or_full_range_validated,90.41118767127841,2369.0112052754275,False
0.5,S2b,54.46197733531771,40.25450498697397,274.35118568303693,conditional_source_only_not_network_or_full_range_validated,94.71648232229168,2369.011205275428,False
0.5,S2b,56.93752175965034,42.0842552136546,273.36501711197616,conditional_source_only_not_network_or_full_range_validated,99.02177697330494,2369.011205275428,False
0.5,S2b,59.41306618398296,43.914005440335245,272.3828102243242,conditional_source_only_not_network_or_full_range_validated,103.32707162431821,2369.011205275428,False
0.5,S2b,61.88861060831558,45.74375566701587,271.4045650200811,conditional_source_only_not_network_or_full_range_validated,107.63236627533145,2369.011205275428,False
0.5,S2b,64.3641550326482,47.573505893696506,270.4302814992468,conditional_source_only_not_network_or_full_range_validated,111.9376609263447,2369.011205275428,False
0.5,S2b,66.83969945698082,49.40325612037714,269.45995966182136,conditional_source_only_not_network_or_full_range_validated,116.24295557735796,2369.011205275428,False
0.5,S2b,69.31524388131345,51.23300634705778,268.4935995078048,conditional_source_only_not_network_or_full_range_validated,120.54825022837123,2369.011205275428,False
0.5,S2b,71.79078830564607,53.06275657373841,267.531201037197,conditional_source_only_not_network_or_full_range_validated,124.85354487938449,2369.011205275428,False
0.5,S2b,74.26633272997869,54.89250680041904,266.5727642499981,conditional_source_only_not_network_or_full_range_validated,129.15883953039773,2369.011205275428,False
0.5,S2b,76.74187715431131,56.72225702709968,265.618289146208,conditional_source_only_not_network_or_full_range_validated,133.464134181411,2369.011205275428,False
0.5,S2b,79.21742157864395,58.55200725378032,264.6677757258267,conditional_source_only_not_network_or_full_range_validated,137.76942883242427,2369.0112052754284,False
0.5,S2b,81.69296600297656,60.38175748046095,263.7212239888543,conditional_source_only_not_network_or_full_range_validated,142.0747234834375,2369.011205275428,False
0.5,S2b,84.16851042730919,62.21150770714159,262.7786339352907,conditional_source_only_not_network_or_full_range_validated,146.38001813445078,2369.011205275428,False
0.5,S2b,86.64405485164181,64.04125793382221,261.8400055651359,conditional_source_only_not_network_or_full_range_validated,150.68531278546402,2369.011205275428,False
0.5,S2b,89.11959927597444,65.87100816050285,260.90533887839007,conditional_source_only_not_network_or_full_range_validated,154.9906074364773,2369.011205275428,False
0.5,S2b,91.59514370030706,67.7007583871835,259.974633875053,conditional_source_only_not_network_or_full_range_validated,159.29590208749056,2369.011205275428,False
0.5,S2b,94.07068812463967,69.53050861386413,259.0478905551247,conditional_source_only_not_network_or_full_range_validated,163.6011967385038,2369.0112052754284,False
0.5,S2b,96.54623254897233,71.36025884054476,258.1251089186053,conditional_source_only_not_network_or_full_range_validated,167.9064913895171,2369.011205275428,False
0.5,S2b,99.02177697330492,73.19000906722539,257.2062889654947,conditional_source_only_not_network_or_full_range_validated,172.2117860405303,2369.011205275428,False
0.5,S2b,2.3571646716151737,1.9285892767760515,296.0017647075954,conditional_source_only_not_network_or_full_range_validated,4.285753948391225,2362.829534022295,False
0.5,S2b,4.714329343230348,3.857178553552103,294.9581525877504,conditional_source_only_not_network_or_full_range_validated,8.571507896782451,2362.829534022295,False
0.5,S2b,7.0714940148455225,5.785767830328155,293.9183637892746,conditional_source_only_not_network_or_full_range_validated,12.857261845173678,2362.829534022295,False
0.5,S2b,9.428658686460697,7.714357107104205,292.882398312168,conditional_source_only_not_network_or_full_range_validated,17.143015793564903,2362.829534022295,False
0.5,S2b,11.78582335807587,9.642946383880256,291.8502561564305,conditional_source_only_not_network_or_full_range_validated,21.428769741956124,2362.8295340222944,False
0.5,S2b,14.142988029691043,11.57153566065631,290.8219373220622,conditional_source_only_not_network_or_full_range_validated,25.714523690347352,2362.829534022295,False
0.5,S2b,16.50015270130622,13.50012493743236,289.79744180906306,conditional_source_only_not_network_or_full_range_validated,30.00027763873858,2362.829534022295,False
0.5,S2b,18.85731737292139,15.42871421420841,288.7767696174331,conditional_source_only_not_network_or_full_range_validated,34.2860315871298,2362.829534022295,False
0.5,S2b,21.214482044536563,17.35730349098446,287.7599207471723,conditional_source_only_not_network_or_full_range_validated,38.57178553552102,2362.829534022295,False
0.5,S2b,23.57164671615174,19.28589276776051,286.7468951982807,conditional_source_only_not_network_or_full_range_validated,42.85753948391225,2362.8295340222944,False
0.5,S2b,25.92881138776692,21.214482044536567,285.73769297075825,conditional_source_only_not_network_or_full_range_validated,47.14329343230349,2362.829534022295,False
0.5,S2b,28.28597605938209,23.14307132131262,284.73231406460496,conditional_source_only_not_network_or_full_range_validated,51.42904738069471,2362.829534022295,False
0.5,S2b,30.64314073099726,25.071660598088663,283.7307584798209,conditional_source_only_not_network_or_full_range_validated,55.71480132908592,2362.829534022295,False
0.5,S2b,33.00030540261244,27.00024987486472,282.7330262164059,conditional_source_only_not_network_or_full_range_validated,60.00055527747716,2362.829534022295,False
0.5,S2b,35.35747007422761,28.92883915164077,281.7391172743601,conditional_source_only_not_network_or_full_range_validated,64.28630922586838,2362.829534022295,False
0.5,S2b,37.71463474584278,30.85742842841682,280.7490316536835,conditional_source_only_not_network_or_full_range_validated,68.5720631742596,2362.829534022295,False
0.5,S2b,40.07179941745796,32.78601770519288,279.7627693543761,conditional_source_only_not_network_or_full_range_validated,72.85781712265084,2362.829534022295,False
0.5,S2b,42.428964089073126,34.71460698196892,278.7803303764378,conditional_source_only_not_network_or_full_range_validated,77.14357107104205,2362.829534022295,False
0.5,S2b,44.78612876068831,36.64319625874498,277.8017147198687,conditional_source_only_not_network_or_full_range_validated,81.42932501943329,2362.8295340222953,False
0.5,S2b,47.14329343230348,38.57178553552102,276.8269223846688,conditional_source_only_not_network_or_full_range_validated,85.7150789678245,2362.8295340222944,False
0.5,S2b,49.50045810391865,40.50037481229708,275.855953370838,conditional_source_only_not_network_or_full_range_validated,90.00083291621573,2362.829534022295,False
0.5,S2b,51.85762277553384,42.42896408907313,274.8888076783764,conditional_source_only_not_network_or_full_range_validated,94.28658686460697,2362.829534022295,False
0.5,S2b,54.214787447149,44.35755336584918,273.925485307284,conditional_source_only_not_network_or_full_range_validated,98.57234081299818,2362.829534022295,False
0.5,S2b,56.57195211876418,46.28614264262524,272.9659862575607,conditional_source_only_not_network_or_full_range_validated,102.85809476138942,2362.829534022295,False
0.5,S2b,58.92911679037935,48.21473191940128,272.0103105292066,conditional_source_only_not_network_or_full_range_validated,107.14384870978063,2362.8295340222944,False
0.5,S2b,61.28628146199452,50.14332119617733,271.0584581222217,conditional_source_only_not_network_or_full_range_validated,111.42960265817186,2362.8295340222953,False
0.5,S2b,63.6434461336097,52.07191047295338,270.1104290366059,conditional_source_only_not_network_or_full_range_validated,115.71535660656308,2362.8295340222944,False
0.5,S2b,66.00061080522488,54.00049974972944,269.1662232723594,conditional_source_only_not_network_or_full_range_validated,120.00111055495432,2362.829534022295,False
0.5,S2b,68.35777547684005,55.92908902650549,268.225840829482,conditional_source_only_not_network_or_full_range_validated,124.28686450334553,2362.8295340222944,False
0.5,S2b,70.71494014845521,57.85767830328153,267.2892817079737,conditional_source_only_not_network_or_full_range_validated,128.57261845173673,2362.8295340222944,False
0.5,S2b,73.07210482007038,59.78626758005758,266.35654590783463,conditional_source_only_not_network_or_full_range_validated,132.85837240012796,2362.829534022295,False
0.5,S2b,75.42926949168556,61.71485685683364,265.42763342906466,conditional_source_only_not_network_or_full_range_validated,137.1441263485192,2362.829534022295,False
0.5,S2b,77.78643416330074,63.64344613360969,264.502544271664,conditional_source_only_not_network_or_full_range_validated,141.42988029691043,2362.8295340222944,False
0.5,S2b,80.14359883491592,65.57203541038575,263.5812784356324,conditional_source_only_not_network_or_full_range_validated,145.71563424530166,2362.8295340222944,False
0.5,S2b,82.50076350653109,67.50062468716179,262.66383592097,conditional_source_only_not_network_or_full_range_validated,150.0013881936929,2362.829534022295,False
0.5,S2b,84.85792817814625,69.42921396393784,261.7502167276768,conditional_source_only_not_network_or_full_range_validated,154.2871421420841,2362.829534022295,False
0.5,S2b,87.21509284976143,71.35780324071389,260.8404208557527,conditional_source_only_not_network_or_full_range_validated,158.57289609047533,2362.829534022295,False
0.5,S2b,89.57225752137661,73.28639251748996,259.9344483051978,conditional_source_only_not_network_or_full_range_validated,162.85865003886659,2362.8295340222953,False
0.5,S2b,91.9294221929918,75.21498179426601,259.032299076012,conditional_source_only_not_network_or_full_range_validated,167.14440398725782,2362.8295340222953,False
0.5,S2b,94.28658686460696,77.14357107104205,258.1339731681955,conditional_source_only_not_network_or_full_range_validated,171.430157935649,2362.8295340222944,False
0.5,S2b,2.239854658369946,2.0265351670966183,296.0274278472904,conditional_source_only_not_network_or_full_range_validated,4.266389825466565,2356.6800395745568,False
0.5,S2b,4.479709316739892,4.053070334193237,295.0093556184333,conditional_source_only_not_network_or_full_range_validated,8.53277965093313,2356.6800395745568,False
0.5,S2b,6.719563975109839,6.079605501289856,293.9949834622384,conditional_source_only_not_network_or_full_range_validated,12.799169476399694,2356.6800395745568,False
0.5,S2b,8.959418633479784,8.106140668386473,292.9843113787056,conditional_source_only_not_network_or_full_range_validated,17.06555930186626,2356.6800395745568,False
0.5,S2b,11.19927329184973,10.132675835483091,291.977339367835,conditional_source_only_not_network_or_full_range_validated,21.33194912733282,2356.6800395745563,False
0.5,S2b,13.439127950219678,12.159211002579712,290.9740674296264,conditional_source_only_not_network_or_full_range_validated,25.598338952799388,2356.6800395745568,False
0.5,S2b,15.678982608589624,14.18574616967633,289.9744955640801,conditional_source_only_not_network_or_full_range_validated,29.864728778265956,2356.6800395745563,False
0.5,S2b,17.918837266959567,16.212281336772946,288.97862377119577,conditional_source_only_not_network_or_full_range_validated,34.13111860373252,2356.6800395745568,False
0.5,S2b,20.15869192532952,18.238816503869568,287.9864520509737,conditional_source_only_not_network_or_full_range_validated,38.39750842919909,2356.6800395745563,False
0.5,S2b,22.39854658369946,20.265351670966183,286.9979804034137,conditional_source_only_not_network_or_full_range_validated,42.66389825466564,2356.6800395745563,False
0.5,S2b,24.63840124206941,22.291886838062805,286.0132088285158,conditional_source_only_not_network_or_full_range_validated,46.930288080132215,2356.6800395745563,False
0.5,S2b,26.87825590043936,24.318422005159423,285.0321373262801,conditional_source_only_not_network_or_full_range_validated,51.19667790559878,2356.6800395745568,False
0.5,S2b,29.1181105588093,26.34495717225604,284.05476589670644,conditional_source_only_not_network_or_full_range_validated,55.46306773106534,2356.680039574556,False
0.5,S2b,31.35796521717925,28.37149233935266,283.081094539795,conditional_source_only_not_network_or_full_range_validated,59.72945755653191,2356.6800395745563,False
0.5,S2b,33.59781987554919,30.39802750644928,282.11112325554564,conditional_source_only_not_network_or_full_range_validated,63.99584738199847,2356.6800395745563,False
0.5,S2b,35.837674533919134,32.42456267354589,281.14485204395845,conditional_source_only_not_network_or_full_range_validated,68.26223720746503,2356.6800395745568,False
0.5,S2b,38.07752919228909,34.45109784064252,280.1822809050334,conditional_source_only_not_network_or_full_range_validated,72.52862703293161,2356.6800395745563,False
0.5,S2b,40.31738385065904,36.477633007739136,279.22340983877046,conditional_source_only_not_network_or_full_range_validated,76.79501685839818,2356.6800395745563,False
0.5,S2b,42.55723850902898,38.50416817483575,278.26823884516966,conditional_source_only_not_network_or_full_range_validated,81.06140668386473,2356.6800395745568,False
0.5,S2b,44.79709316739892,40.530703341932366,277.31676792423093,conditional_source_only_not_network_or_full_range_validated,85.32779650933128,2356.6800395745563,False
0.5,S2b,47.03694782576887,42.55723850902899,276.3689970759544,conditional_source_only_not_network_or_full_range_validated,89.59418633479785,2356.6800395745563,False
0.5,S2b,49.27680248413882,44.58377367612561,275.42492630034,conditional_source_only_not_network_or_full_range_validated,93.86057616026443,2356.6800395745563,False
0.5,S2b,51.51665714250877,46.61030884322223,274.48455559738767,conditional_source_only_not_network_or_full_range_validated,98.126965985731,2356.6800395745568,False
0.5,S2b,53.75651180087871,48.636844010318846,273.5478849670975,conditional_source_only_not_network_or_full_range_validated,102.39335581119755,2356.6800395745568,False
0.5,S2b,55.99636645924865,50.66337917741546,272.61491440946946,conditional_source_only_not_network_or_full_range_validated,106.6597456366641,2356.6800395745563,False
0.5,S2b,58.2362211176186,52.68991434451208,271.6856439245036,conditional_source_only_not_network_or_full_range_validated,110.92613546213067,2356.680039574556,False
0.5,S2b,60.47607577598855,54.71644951160869,270.7600735121998,conditional_source_only_not_network_or_full_range_validated,115.19252528759723,2356.6800395745563,False
0.5,S2b,62.7159304343585,56.74298467870532,269.83820317255817,conditional_source_only_not_network_or_full_range_validated,119.45891511306382,2356.6800395745563,False
0.5,S2b,64.95578509272845,58.76951984580194,268.92003290557864,conditional_source_only_not_network_or_full_range_validated,123.72530493853039,2356.6800395745568,False
0.5,S2b,67.19563975109838,60.79605501289856,268.0055627112613,conditional_source_only_not_network_or_full_range_validated,127.99169476399695,2356.6800395745563,False
0.5,S2b,69.43549440946833,62.82259017999517,267.094792589606,conditional_source_only_not_network_or_full_range_validated,132.2580845894635,2356.680039574556,False
0.5,S2b,71.67534906783827,64.84912534709179,266.1877225406129,conditional_source_only_not_network_or_full_range_validated,136.52447441493007,2356.6800395745568,False
0.5,S2b,73.91520372620822,66.87566051418841,265.2843525642819,conditional_source_only_not_network_or_full_range_validated,140.79086424039662,2356.6800395745563,False
0.5,S2b,76.15505838457818,68.90219568128504,264.38468266061307,conditional_source_only_not_network_or_full_range_validated,145.05725406586322,2356.6800395745563,False
0.5,S2b,78.39491304294812,70.92873084838165,263.4887128296064,conditional_source_only_not_network_or_full_range_validated,149.32364389132977,2356.6800395745563,False
0.5,S2b,80.63476770131807,72.95526601547827,262.5964430712618,conditional_source_only_not_network_or_full_range_validated,153.59003371679634,2356.6800395745563,False
0.5,S2b,82.874622359688,74.98180118257488,261.7078733855793,conditional_source_only_not_network_or_full_range_validated,157.8564235422629,2356.6800395745563,False
0.5,S2b,85.11447701805795,77.0083363496715,260.823003772559,conditional_source_only_not_network_or_full_range_validated,162.12281336772946,2356.6800395745568,False
0.5,S2b,87.3543316764279,79.03487151676812,259.9418342322008,conditional_source_only_not_network_or_full_range_validated,166.389203193196,2356.680039574556,False
0.5,S2b,89.59418633479784,81.06140668386473,259.0643647645047,conditional_source_only_not_network_or_full_range_validated,170.65559301866256,2356.6800395745563,False
0.5,S2b,2.123599949754764,2.123599949754764,296.0528669321577,conditional_source_only_not_network_or_full_range_validated,4.247199899509528,2350.5624713545376,False
0.5,S2b,4.247199899509528,4.247199899509528,295.06012526263413,conditional_source_only_not_network_or_full_range_validated,8.494399799019057,2350.5624713545376,False
0.5,S2b,6.370799849264292,6.370799849264292,294.0709751402388,conditional_source_only_not_network_or_full_range_validated,12.741599698528583,2350.5624713545376,False
0.5,S2b,8.494399799019055,8.494399799019055,293.0854165649716,conditional_source_only_not_network_or_full_range_validated,16.98879959803811,2350.5624713545376,False
0.5,S2b,10.617999748773816,10.617999748773816,292.1034495368326,conditional_source_only_not_network_or_full_range_validated,21.23599949754763,2350.5624713545376,False
0.5,S2b,12.741599698528583,12.741599698528583,291.1250740558218,conditional_source_only_not_network_or_full_range_validated,25.483199397057167,2350.5624713545376,False
0.5,S2b,14.865199648283346,14.865199648283346,290.1502901219393,conditional_source_only_not_network_or_full_range_validated,29.73039929656669,2350.5624713545376,False
0.5,S2b,16.98879959803811,16.98879959803811,289.1790977351849,conditional_source_only_not_network_or_full_range_validated,33.97759919607622,2350.5624713545376,False
0.5,S2b,19.112399547792872,19.112399547792872,288.2114968955588,conditional_source_only_not_network_or_full_range_validated,38.224799095585745,2350.5624713545376,False
0.5,S2b,21.235999497547635,21.235999497547635,287.24748760306085,conditional_source_only_not_network_or_full_range_validated,42.47199899509527,2350.5624713545376,False
0.5,S2b,23.3595994473024,23.3595994473024,286.2870698576911,conditional_source_only_not_network_or_full_range_validated,46.7191988946048,2350.5624713545376,False
0.5,S2b,25.483199397057167,25.483199397057167,285.33024365944954,conditional_source_only_not_network_or_full_range_validated,50.96639879411433,2350.5624713545376,False
0.5,S2b,27.606799346811925,27.606799346811925,284.3770090083362,conditional_source_only_not_network_or_full_range_validated,55.21359869362385,2350.5624713545376,False
0.5,S2b,29.73039929656669,29.73039929656669,283.427365904351,conditional_source_only_not_network_or_full_range_validated,59.46079859313338,2350.5624713545376,False
0.5,S2b,31.85399924632145,31.85399924632145,282.4813143474941,conditional_source_only_not_network_or_full_range_validated,63.7079984926429,2350.5624713545376,False
0.5,S2b,33.97759919607622,33.97759919607622,281.5388543377654,conditional_source_only_not_network_or_full_range_validated,67.95519839215244,2350.5624713545376,False
0.5,S2b,36.10119914583098,36.10119914583098,280.5999858751648,conditional_source_only_not_network_or_full_range_validated,72.20239829166196,2350.5624713545376,False
0.5,S2b,38.22479909558575,38.22479909558575,279.66470895969246,conditional_source_only_not_network_or_full_range_validated,76.4495981911715,2350.5624713545376,False
0.5,S2b,40.34839904534051,40.34839904534051,278.73302359134834,conditional_source_only_not_network_or_full_range_validated,80.69679809068101,2350.5624713545376,False
0.5,S2b,42.47199899509527,42.47199899509527,277.8049297701324,conditional_source_only_not_network_or_full_range_validated,84.94399799019054,2350.5624713545376,False
0.5,S2b,44.59559894485003,44.59559894485003,276.8804274960447,conditional_source_only_not_network_or_full_range_validated,89.19119788970006,2350.5624713545376,False
0.5,S2b,46.7191988946048,46.7191988946048,275.9595167690852,conditional_source_only_not_network_or_full_range_validated,93.4383977892096,2350.5624713545376,False
0.5,S2b,48.84279884435957,48.84279884435957,275.0421975892539,conditional_source_only_not_network_or_full_range_validated,97.68559768871914,2350.562471354537,False
0.5,S2b,50.96639879411433,50.96639879411433,274.1284699565508,conditional_source_only_not_network_or_full_range_validated,101.93279758822867,2350.5624713545376,False
0.5,S2b,53.08999874386909,53.08999874386909,273.21833387097587,conditional_source_only_not_network_or_full_range_validated,106.17999748773818,2350.562471354537,False
0.5,S2b,55.21359869362385,55.21359869362385,272.31178933252914,conditional_source_only_not_network_or_full_range_validated,110.4271973872477,2350.5624713545376,False
0.5,S2b,57.33719864337862,57.33719864337862,271.40883634121064,conditional_source_only_not_network_or_full_range_validated,114.67439728675724,2350.5624713545376,False
0.5,S2b,59.46079859313338,59.46079859313338,270.5094748970204,conditional_source_only_not_network_or_full_range_validated,118.92159718626677,2350.5624713545376,False
0.5,S2b,61.58439854288815,61.58439854288815,269.61370499995826,conditional_source_only_not_network_or_full_range_validated,123.1687970857763,2350.562471354537,False
0.5,S2b,63.7079984926429,63.7079984926429,268.7215266500244,conditional_source_only_not_network_or_full_range_validated,127.4159969852858,2350.5624713545376,False
0.5,S2b,65.83159844239766,65.83159844239766,267.83293984721865,conditional_source_only_not_network_or_full_range_validated,131.66319688479533,2350.5624713545376,False
0.5,S2b,67.95519839215244,67.95519839215244,266.9479445915412,conditional_source_only_not_network_or_full_range_validated,135.91039678430488,2350.5624713545376,False
0.5,S2b,70.0787983419072,70.0787983419072,266.0665408829919,conditional_source_only_not_network_or_full_range_validated,140.1575966838144,2350.5624713545376,False
0.5,S2b,72.20239829166196,72.20239829166196,265.1887287215708,conditional_source_only_not_network_or_full_range_validated,144.40479658332393,2350.5624713545376,False
0.5,S2b,74.32599824141673,74.32599824141673,264.3145081072779,conditional_source_only_not_network_or_full_range_validated,148.65199648283345,2350.5624713545376,False
0.5,S2b,76.44959819117149,76.44959819117149,263.44387904011325,conditional_source_only_not_network_or_full_range_validated,152.89919638234298,2350.5624713545376,False
0.5,S2b,78.57319814092625,78.57319814092625,262.57684152007675,conditional_source_only_not_network_or_full_range_validated,157.1463962818525,2350.5624713545376,False
0.5,S2b,80.69679809068101,80.69679809068101,261.7133955471685,conditional_source_only_not_network_or_full_range_validated,161.39359618136203,2350.5624713545376,False
0.5,S2b,82.82039804043578,82.82039804043578,260.8535411213885,conditional_source_only_not_network_or_full_range_validated,165.64079608087155,2350.562471354537,False
0.5,S2b,84.94399799019054,84.94399799019054,259.99727824273657,conditional_source_only_not_network_or_full_range_validated,169.88799598038108,2350.5624713545376,False
0.5,S2b,2.008386369472213,2.2197954609956043,296.0780848809744,conditional_source_only_not_network_or_full_range_validated,4.228181830467817,2344.476581379666,False
0.5,S2b,4.016772738944426,4.439590921991209,295.110466978056,conditional_source_only_not_network_or_full_range_validated,8.456363660935635,2344.476581379666,False
0.5,S2b,6.0251591084166405,6.659386382986814,294.1463464400541,conditional_source_only_not_network_or_full_range_validated,12.684545491403455,2344.476581379666,False
0.5,S2b,8.033545477888852,8.879181843982417,293.1857232669689,conditional_source_only_not_network_or_full_range_validated,16.91272732187127,2344.476581379666,False
0.5,S2b,10.041931847361068,11.09897730497802,292.2285974588003,conditional_source_only_not_network_or_full_range_validated,21.140909152339088,2344.476581379666,False
0.5,S2b,12.05031821683328,13.318772765973629,291.2749690155483,conditional_source_only_not_network_or_full_range_validated,25.36909098280691,2344.476581379666,False
0.5,S2b,14.058704586305494,15.53856822696923,290.3248379372129,conditional_source_only_not_network_or_full_range_validated,29.597272813274724,2344.476581379666,False
0.5,S2b,16.067090955777704,17.758363687964835,289.37820422379417,conditional_source_only_not_network_or_full_range_validated,33.82545464374254,2344.476581379666,False
0.5,S2b,18.07547732524992,19.97815914896044,288.435067875292,conditional_source_only_not_network_or_full_range_validated,38.053636474210364,2344.476581379666,False
0.5,S2b,20.083863694722133,22.19795460995604,287.49542889170647,conditional_source_only_not_network_or_full_range_validated,42.28181830467817,2344.4765813796657,False
0.5,S2b,22.092250064194342,24.417750070951648,286.5592872730376,conditional_source_only_not_network_or_full_range_validated,46.51000013514599,2344.4765813796657,False
0.5,S2b,24.10063643366656,26.637545531947257,285.62664301928527,conditional_source_only_not_network_or_full_range_validated,50.73818196561382,2344.476581379666,False
0.5,S2b,26.10902280313877,28.857340992942856,284.6974961304496,conditional_source_only_not_network_or_full_range_validated,54.96636379608162,2344.4765813796657,False
0.5,S2b,28.117409172610987,31.07713645393846,283.7718466065305,conditional_source_only_not_network_or_full_range_validated,59.19454562654945,2344.476581379666,False
0.5,S2b,30.1257955420832,33.29693191493406,282.8496944475281,conditional_source_only_not_network_or_full_range_validated,63.42272745701726,2344.4765813796657,False
0.5,S2b,32.13418191155541,35.51672737592967,281.93103965344227,conditional_source_only_not_network_or_full_range_validated,67.65090928748508,2344.476581379666,False
0.5,S2b,34.14256828102763,37.73652283692528,281.015882224273,conditional_source_only_not_network_or_full_range_validated,71.87909111795291,2344.476581379666,False
0.5,S2b,36.15095465049984,39.95631829792087,280.10422216002047,conditional_source_only_not_network_or_full_range_validated,76.10727294842071,2344.4765813796657,False
0.5,S2b,38.15934101997205,42.17611375891648,279.19605946068447,conditional_source_only_not_network_or_full_range_validated,80.33545477888853,2344.476581379666,False
0.5,S2b,40.167727389444266,44.395909219912085,278.29139412626506,conditional_source_only_not_network_or_full_range_validated,84.56363660935635,2344.476581379666,False
0.5,S2b,42.17611375891648,46.61570468090769,277.3902261567624,conditional_source_only_not_network_or_full_range_validated,88.79181843982417,2344.476581379666,False
0.5,S2b,44.18450012838869,48.835500141903296,276.4925555521762,conditional_source_only_not_network_or_full_range_validated,93.02000027029199,2344.4765813796657,False
0.5,S2b,46.19288649786091,51.05529560289891,275.59838231250666,conditional_source_only_not_network_or_full_range_validated,97.24818210075982,2344.476581379666,False
0.5,S2b,48.20127286733312,53.275091063894514,274.7077064377538,conditional_source_only_not_network_or_full_range_validated,101.47636393122764,2344.476581379666,False
0.5,S2b,50.20965923680533,55.49488652489011,273.8205279279175,conditional_source_only_not_network_or_full_range_validated,105.70454576169544,2344.4765813796657,False
0.5,S2b,52.21804560627755,57.71468198588571,272.9368467829978,conditional_source_only_not_network_or_full_range_validated,109.93272759216326,2344.4765813796657,False
0.5,S2b,54.22643197574976,59.93447744688132,272.0566630029948,conditional_source_only_not_network_or_full_range_validated,114.16090942263108,2344.476581379666,False
0.5,S2b,56.23481834522197,62.15427290787692,271.1799765879084,conditional_source_only_not_network_or_full_range_validated,118.38909125309888,2344.476581379666,False
0.5,S2b,58.243204714694194,64.37406836887254,270.3067875377385,conditional_source_only_not_network_or_full_range_validated,122.61727308356674,2344.476581379666,False
0.5,S2b,60.25159108416639,66.59386382986813,269.43709585248536,conditional_source_only_not_network_or_full_range_validated,126.84545491403452,2344.4765813796657,False
0.5,S2b,62.25997745363861,68.81365929086374,268.57090153214875,conditional_source_only_not_network_or_full_range_validated,131.07363674450235,2344.476581379666,False
0.5,S2b,64.26836382311082,71.03345475185934,267.70820457672875,conditional_source_only_not_network_or_full_range_validated,135.30181857497016,2344.476581379666,False
0.5,S2b,66.27675019258304,73.25325021285495,266.8490049862254,conditional_source_only_not_network_or_full_range_validated,139.530000405438,2344.4765813796657,False
0.5,S2b,68.28513656205526,75.47304567385056,265.99330276063864,conditional_source_only_not_network_or_full_range_validated,143.75818223590582,2344.476581379666,False
0.5,S2b,70.29352293152746,77.69284113484616,265.14109789996854,conditional_source_only_not_network_or_full_range_validated,147.98636406637362,2344.4765813796657,False
0.5,S2b,72.30190930099968,79.91263659584175,264.29239040421504,conditional_source_only_not_network_or_full_range_validated,152.21454589684143,2344.4765813796657,False
0.5,S2b,74.3102956704719,82.13243205683736,263.44718027337814,conditional_source_only_not_network_or_full_range_validated,156.44272772730926,2344.4765813796657,False
0.5,S2b,76.31868203994411,84.35222751783296,262.60546750745783,conditional_source_only_not_network_or_full_range_validated,160.67090955777707,2344.476581379666,False
0.5,S2b,78.32706840941633,86.57202297882857,261.76725210645424,conditional_source_only_not_network_or_full_range_validated,164.8990913882449,2344.4765813796657,False
0.5,S2b,80.33545477888853,88.79181843982417,260.9325340703672,conditional_source_only_not_network_or_full_range_validated,169.1272732187127,2344.476581379666,False
0.5,S2b,1.894199994006908,2.3151333260084432,296.10308456208776,conditional_source_only_not_network_or_full_range_validated,4.209333320015351,2338.4221242289645,False
0.5,S2b,3.788399988013816,4.630266652016887,295.1603861315479,conditional_source_only_not_network_or_full_range_validated,8.418666640030704,2338.422124228965,False
0.5,S2b,5.682599982020724,6.94539997802533,294.2211048571899,conditional_source_only_not_network_or_full_range_validated,12.627999960046054,2338.4221242289645,False
0.5,S2b,7.576799976027631,9.260533304033771,293.2852407390139,conditional_source_only_not_network_or_full_range_validated,16.8373332800614,2338.4221242289645,False
0.5,S2b,9.47099997003454,11.575666630042216,292.3527937770197,conditional_source_only_not_network_or_full_range_validated,21.046666600076755,2338.422124228964,False
0.5,S2b,11.365199964041448,13.89079995605066,291.42376397120745,conditional_source_only_not_network_or_full_range_validated,25.25599992009211,2338.4221242289645,False
0.5,S2b,13.259399958048355,16.205933282059103,290.4981513215771,conditional_source_only_not_network_or_full_range_validated,29.46533324010746,2338.4221242289645,False
0.5,S2b,15.153599952055265,18.521066608067542,289.5759558281286,conditional_source_only_not_network_or_full_range_validated,33.67466656012281,2338.422124228965,False
0.5,S2b,17.04779994606217,20.836199934075992,288.657177490862,conditional_source_only_not_network_or_full_range_validated,37.88399988013816,2338.4221242289645,False
0.5,S2b,18.94199994006908,23.15133326008443,287.74181630977733,conditional_source_only_not_network_or_full_range_validated,42.09333320015351,2338.422124228964,False
0.5,S2b,20.836199934075985,25.46646658609288,286.82987228487457,conditional_source_only_not_network_or_full_range_validated,46.30266652016887,2338.4221242289645,False
0.5,S2b,22.730399928082896,27.78159991210132,285.92134541615366,conditional_source_only_not_network_or_full_range_validated,50.51199984018422,2338.4221242289645,False
0.5,S2b,24.6245999220898,30.096733238109763,285.0162357036146,conditional_source_only_not_network_or_full_range_validated,54.72133316019956,2338.4221242289645,False
0.5,S2b,26.51879991609671,32.411866564118206,284.1145431472575,conditional_source_only_not_network_or_full_range_validated,58.93066648021492,2338.4221242289645,False
0.5,S2b,28.41299991010361,34.72699989012665,283.2162677470823,conditional_source_only_not_network_or_full_range_validated,63.13999980023026,2338.4221242289645,False
0.5,S2b,30.30719990411053,37.04213321613509,282.32140950308906,conditional_source_only_not_network_or_full_range_validated,67.34933312024562,2338.4221242289645,False
0.5,S2b,32.20139989811744,39.35726654214354,281.42996841527764,conditional_source_only_not_network_or_full_range_validated,71.55866644026098,2338.422124228964,False
0.5,S2b,34.09559989212434,41.672399868151984,280.5419444836481,conditional_source_only_not_network_or_full_range_validated,75.76799976027633,2338.4221242289645,False
0.5,S2b,35.98979988613125,43.98753319416042,279.65733770820043,conditional_source_only_not_network_or_full_range_validated,79.97733308029167,2338.422124228965,False
0.5,S2b,37.88399988013816,46.30266652016886,278.77614808893475,conditional_source_only_not_network_or_full_range_validated,84.18666640030702,2338.422124228964,False
0.5,S2b,39.778199874145066,48.61779984617731,277.8983756258509,conditional_source_only_not_network_or_full_range_validated,88.39599972032238,2338.4221242289645,False
0.5,S2b,41.67239986815197,50.93293317218576,277.024020318949,conditional_source_only_not_network_or_full_range_validated,92.60533304033774,2338.4221242289645,False
0.5,S2b,43.56659986215888,53.248066498194206,276.15308216822893,conditional_source_only_not_network_or_full_range_validated,96.81466636035309,2338.4221242289645,False
0.5,S2b,45.46079985616579,55.56319982420264,275.2855611736908,conditional_source_only_not_network_or_full_range_validated,101.02399968036843,2338.4221242289645,False
0.5,S2b,47.35499985017269,57.87833315021108,274.42145733533454,conditional_source_only_not_network_or_full_range_validated,105.23333300038377,2338.4221242289645,False
0.5,S2b,49.2491998441796,60.19346647621953,273.5607706531602,conditional_source_only_not_network_or_full_range_validated,109.44266632039913,2338.4221242289645,False
0.5,S2b,51.14339983818651,62.50859980222798,272.7035011271678,conditional_source_only_not_network_or_full_range_validated,113.65199964041449,2338.4221242289645,False
0.5,S2b,53.03759983219342,64.82373312823641,271.8496487573572,conditional_source_only_not_network_or_full_range_validated,117.86133296042983,2338.4221242289645,False
0.5,S2b,54.93179982620033,67.13886645424486,270.9992135437285,conditional_source_only_not_network_or_full_range_validated,122.0706662804452,2338.4221242289645,False
0.5,S2b,56.82599982020723,69.4539997802533,270.15219548628176,conditional_source_only_not_network_or_full_range_validated,126.27999960046053,2338.4221242289645,False
0.5,S2b,58.72019981421414,71.76913310626173,269.30859458501686,conditional_source_only_not_network_or_full_range_validated,130.48933292047587,2338.4221242289645,False
0.5,S2b,60.61439980822105,74.08426643227018,268.46841083993394,conditional_source_only_not_network_or_full_range_validated,134.69866624049124,2338.4221242289645,False
0.5,S2b,62.50859980222796,76.39939975827863,267.6316442510328,conditional_source_only_not_network_or_full_range_validated,138.9079995605066,2338.422124228965,False
0.5,S2b,64.40279979623487,78.71453308428708,266.7982948183136,conditional_source_only_not_network_or_full_range_validated,143.11733288052196,2338.422124228964,False
0.5,S2b,66.29699979024177,81.02966641029552,265.96836254177634,conditional_source_only_not_network_or_full_range_validated,147.3266662005373,2338.4221242289645,False
0.5,S2b,68.19119978424868,83.34479973630397,265.14184742142095,conditional_source_only_not_network_or_full_range_validated,151.53599952055265,2338.4221242289645,False
0.5,S2b,70.08539977825559,85.65993306231239,264.31874945724746,conditional_source_only_not_network_or_full_range_validated,155.74533284056798,2338.4221242289645,False
0.5,S2b,71.9795997722625,87.97506638832084,263.49906864925583,conditional_source_only_not_network_or_full_range_validated,159.95466616058334,2338.422124228965,False
0.5,S2b,73.87379976626941,90.29019971432928,262.6828049974461,conditional_source_only_not_network_or_full_range_validated,164.1639994805987,2338.4221242289645,False
0.5,S2b,75.76799976027631,92.60533304033773,261.8699585018184,conditional_source_only_not_network_or_full_range_validated,168.37333280061404,2338.4221242289645,False
0.5,S2b,1.7810271470161931,2.409624963610144,296.12786879449874,conditional_source_only_not_network_or_full_range_validated,4.1906521106263375,2332.3988570100605,False
0.5,S2b,3.5620542940323863,4.819249927220288,295.2098880009784,conditional_source_only_not_network_or_full_range_validated,8.381304221252675,2332.3988570100605,False
0.5,S2b,5.34308144104858,7.228874890830434,294.2952577682486,conditional_source_only_not_network_or_full_range_validated,12.571956331879013,2332.3988570100605,False
0.5,S2b,7.1241085880647725,9.638499854440576,293.38397809630914,conditional_source_only_not_network_or_full_range_validated,16.76260844250535,2332.3988570100605,False
0.5,S2b,8.905135735080965,12.04812481805072,292.47604898516005,conditional_source_only_not_network_or_full_range_validated,20.953260553131685,2332.3988570100605,False
0.5,S2b,10.68616288209716,14.457749781660867,291.5714704348015,conditional_source_only_not_network_or_full_range_validated,25.143912663758027,2332.3988570100605,False
0.5,S2b,12.467190029113352,16.86737474527101,290.6702424452334,conditional_source_only_not_network_or_full_range_validated,29.33456477438436,2332.39885701006,False
0.5,S2b,14.248217176129543,19.276999708881156,289.7723650164557,conditional_source_only_not_network_or_full_range_validated,33.5252168850107,2332.3988570100605,False
0.5,S2b,16.029244323145736,21.68662467249129,288.87783814846847,conditional_source_only_not_network_or_full_range_validated,37.715868995637024,2332.39885701006,False
0.5,S2b,17.81027147016193,24.09624963610144,287.98666184127165,conditional_source_only_not_network_or_full_range_validated,41.90652110626337,2332.3988570100605,False
0.5,S2b,19.59129861717812,26.505874599711586,287.0988360948653,conditional_source_only_not_network_or_full_range_validated,46.0971732168897,2332.3988570100605,False
0.5,S2b,21.37232576419432,28.91549956332173,286.2143609092494,conditional_source_only_not_network_or_full_range_validated,50.287825327516046,2332.3988570100605,False
0.5,S2b,23.15335291121051,31.325124526931877,285.3332362844239,conditional_source_only_not_network_or_full_range_validated,54.47847743814239,2332.3988570100605,False
0.5,S2b,24.934380058226704,33.73474949054202,284.4554622203889,conditional_source_only_not_network_or_full_range_validated,58.66912954876872,2332.39885701006,False
0.5,S2b,26.715407205242894,36.14437445415216,283.5810387171443,conditional_source_only_not_network_or_full_range_validated,62.859781659395054,2332.398857010061,False
0.5,S2b,28.49643435225909,38.55399941776231,282.70996577469015,conditional_source_only_not_network_or_full_range_validated,67.0504337700214,2332.3988570100605,False
0.5,S2b,30.27746149927528,40.96362438137245,281.8422433930264,conditional_source_only_not_network_or_full_range_validated,71.24108588064773,2332.3988570100605,False
0.5,S2b,32.05848864629147,43.37324934498259,280.9778715721532,conditional_source_only_not_network_or_full_range_validated,75.43173799127406,2332.3988570100605,False
0.5,S2b,33.83951579330767,45.78287430859274,280.1168503120704,conditional_source_only_not_network_or_full_range_validated,79.62239010190041,2332.398857010061,False
0.5,S2b,35.62054294032386,48.19249927220288,279.259179612778,conditional_source_only_not_network_or_full_range_validated,83.81304221252674,2332.3988570100605,False
0.5,S2b,37.401570087340055,50.60212423581303,278.404859474276,conditional_source_only_not_network_or_full_range_validated,88.00369432315308,2332.3988570100605,False
0.5,S2b,39.18259723435624,53.01174919942317,277.5538898965645,conditional_source_only_not_network_or_full_range_validated,92.1943464337794,2332.3988570100605,False
0.5,S2b,40.96362438137244,55.42137416303332,276.70627087964345,conditional_source_only_not_network_or_full_range_validated,96.38499854440576,2332.398857010061,False
0.5,S2b,42.74465152838864,57.83099912664347,275.8620024235128,conditional_source_only_not_network_or_full_range_validated,100.5756506550321,2332.3988570100605,False
0.5,S2b,44.525678675404826,60.2406240902536,275.02108452817265,conditional_source_only_not_network_or_full_range_validated,104.76630276565842,2332.39885701006,False
0.5,S2b,46.30670582242102,62.65024905386375,274.18351719362295,conditional_source_only_not_network_or_full_range_validated,108.95695487628478,2332.3988570100605,False
0.5,S2b,48.08773296943721,65.05987401747389,273.34930041986365,conditional_source_only_not_network_or_full_range_validated,113.1476069869111,2332.3988570100605,False
0.5,S2b,49.86876011645341,67.46949898108404,272.5184342068948,conditional_source_only_not_network_or_full_range_validated,117.33825909753745,2332.39885701006,False
0.5,S2b,51.649787263469605,69.87912394469419,271.69091855471635,conditional_source_only_not_network_or_full_range_validated,121.52891120816379,2332.3988570100605,False
0.5,S2b,53.43081441048579,72.28874890830431,270.86675346332834,conditional_source_only_not_network_or_full_range_validated,125.71956331879011,2332.398857010061,False
0.5,S2b,55.21184155750198,74.69837387191446,270.04593893273085,conditional_source_only_not_network_or_full_range_validated,129.91021542941644,2332.3988570100605,False
0.5,S2b,56.99286870451818,77.10799883552461,269.22847496292377,conditional_source_only_not_network_or_full_range_validated,134.1008675400428,2332.3988570100605,False
0.5,S2b,58.77389585153437,79.51762379913475,268.4143615539071,conditional_source_only_not_network_or_full_range_validated,138.29151965066913,2332.3988570100605,False
0.5,S2b,60.55492299855056,81.9272487627449,267.6035987056809,conditional_source_only_not_network_or_full_range_validated,142.48217176129546,2332.3988570100605,False
0.5,S2b,62.33595014556676,84.33687372635504,266.7961864182452,conditional_source_only_not_network_or_full_range_validated,146.6728238719218,2332.3988570100605,False
0.5,S2b,64.11697729258294,86.74649868996518,265.9921246915998,conditional_source_only_not_network_or_full_range_validated,150.86347598254812,2332.3988570100605,False
0.5,S2b,65.89800443959915,89.15612365357534,265.19141352574496,conditional_source_only_not_network_or_full_range_validated,155.05412809317448,2332.3988570100605,False
0.5,S2b,67.67903158661534,91.56574861718548,264.3940529206805,conditional_source_only_not_network_or_full_range_validated,159.24478020380081,2332.398857010061,False
0.5,S2b,69.46005873363153,93.97537358079562,263.60004287640646,conditional_source_only_not_network_or_full_range_validated,163.43543231442715,2332.3988570100605,False
0.5,S2b,71.24108588064772,96.38499854440576,262.80938339292294,conditional_source_only_not_network_or_full_range_validated,167.62608442505348,2332.3988570100605,False
0.5,S2b,1.668854393869566,2.5032815908043498,296.1524403489177,conditional_source_only_not_network_or_full_range_validated,4.172135984673916,2326.4065393267038,False
0.5,S2b,3.337708787739132,5.0065631816087,295.2589777770627,conditional_source_only_not_network_or_full_range_validated,8.344271969347833,2326.4065393267038,False
0.5,S2b,5.006563181608698,7.50984477241305,294.3688124332444,conditional_source_only_not_network_or_full_range_validated,12.516407954021748,2326.4065393267038,False
0.5,S2b,6.675417575478264,10.0131263632174,293.48194431746293,conditional_source_only_not_network_or_full_range_validated,16.688543938695666,2326.4065393267038,False
0.5,S2b,8.34427196934783,12.516407954021748,292.5983734297182,conditional_source_only_not_network_or_full_range_validated,20.860679923369577,2326.4065393267033,False
0.5,S2b,10.013126363217395,15.0196895448261,291.71809977001027,conditional_source_only_not_network_or_full_range_validated,25.032815908043496,2326.4065393267038,False
0.5,S2b,11.68198075708696,17.52297113563045,290.84112333833906,conditional_source_only_not_network_or_full_range_validated,29.20495189271741,2326.4065393267038,False
0.5,S2b,13.350835150956527,20.0262527264348,289.96744413470464,conditional_source_only_not_network_or_full_range_validated,33.37708787739133,2326.4065393267038,False
0.5,S2b,15.019689544826091,22.529534317239147,289.09706215910694,conditional_source_only_not_network_or_full_range_validated,37.54922386206524,2326.4065393267038,False
0.5,S2b,16.68854393869566,25.032815908043496,288.2299774115461,conditional_source_only_not_network_or_full_range_validated,41.721359846739155,2326.4065393267033,False
0.5,S2b,18.357398332565225,27.53609749884785,287.366189892022,conditional_source_only_not_network_or_full_range_validated,45.89349583141308,2326.4065393267038,False
0.5,S2b,20.02625272643479,30.0393790896522,286.5056996005346,conditional_source_only_not_network_or_full_range_validated,50.06563181608699,2326.4065393267038,False
0.5,S2b,21.69510712030436,32.54266068045655,285.648506537084,conditional_source_only_not_network_or_full_range_validated,54.237767800760906,2326.4065393267033,False
0.5,S2b,23.363961514173923,35.0459422712609,284.7946107016702,conditional_source_only_not_network_or_full_range_validated,58.40990378543482,2326.4065393267033,False
0.5,S2b,25.03281590804349,37.54922386206525,283.9440120942931,conditional_source_only_not_network_or_full_range_validated,62.582039770108736,2326.4065393267033,False
0.5,S2b,26.70167030191305,40.0525054528696,283.09671071495285,conditional_source_only_not_network_or_full_range_validated,66.75417575478265,2326.4065393267033,False
0.5,S2b,28.37052469578262,42.555787043673945,282.2527065636493,conditional_source_only_not_network_or_full_range_validated,70.92631173945657,2326.4065393267033,False
0.5,S2b,30.039379089652183,45.05906863447829,281.4119996403826,conditional_source_only_not_network_or_full_range_validated,75.09844772413047,2326.4065393267033,False
0.5,S2b,31.708233483521752,47.56235022528264,280.5745899451526,conditional_source_only_not_network_or_full_range_validated,79.2705837088044,2326.406539326703,False
0.5,S2b,33.37708787739132,50.06563181608699,279.74047747795936,conditional_source_only_not_network_or_full_range_validated,83.44271969347831,2326.4065393267033,False
0.5,S2b,35.045942271260884,52.56891340689134,278.90966223880287,conditional_source_only_not_network_or_full_range_validated,87.61485567815222,2326.4065393267033,False
0.5,S2b,36.71479666513045,55.0721949976957,278.0821442276832,conditional_source_only_not_network_or_full_range_validated,91.78699166282615,2326.4065393267038,False
0.5,S2b,38.383651059000016,57.57547658850005,277.2579234446003,conditional_source_only_not_network_or_full_range_validated,95.95912764750007,2326.4065393267033,False
0.5,S2b,40.05250545286958,60.0787581793044,276.4369998895541,conditional_source_only_not_network_or_full_range_validated,100.13126363217398,2326.4065393267038,False
0.5,S2b,41.72135984673914,62.58203977010874,275.6193735625447,conditional_source_only_not_network_or_full_range_validated,104.30339961684788,2326.4065393267033,False
0.5,S2b,43.39021424060872,65.0853213609131,274.8050444635721,conditional_source_only_not_network_or_full_range_validated,108.47553560152181,2326.4065393267033,False
0.5,S2b,45.05906863447828,67.58860295171745,273.99401259263624,conditional_source_only_not_network_or_full_range_validated,112.64767158619573,2326.4065393267033,False
0.5,S2b,46.727923028347846,70.0918845425218,273.18627794973713,conditional_source_only_not_network_or_full_range_validated,116.81980757086964,2326.4065393267033,False
0.5,S2b,48.39677742221741,72.59516613332615,272.3818405348748,conditional_source_only_not_network_or_full_range_validated,120.99194355554356,2326.4065393267038,False
0.5,S2b,50.06563181608698,75.0984477241305,271.5807003480492,conditional_source_only_not_network_or_full_range_validated,125.16407954021747,2326.4065393267033,False
0.5,S2b,51.734486209956536,77.60172931493483,270.78285738926047,conditional_source_only_not_network_or_full_range_validated,129.33621552489137,2326.4065393267038,False
0.5,S2b,53.40334060382611,80.10501090573919,269.98831165850845,conditional_source_only_not_network_or_full_range_validated,133.5083515095653,2326.4065393267038,False
0.5,S2b,55.07219499769568,82.60829249654356,269.1970631557932,conditional_source_only_not_network_or_full_range_validated,137.68048749423923,2326.4065393267033,False
0.5,S2b,56.74104939156524,85.11157408734789,268.4091118811147,conditional_source_only_not_network_or_full_range_validated,141.85262347891313,2326.4065393267033,False
0.5,S2b,58.4099037854348,87.61485567815224,267.624457834473,conditional_source_only_not_network_or_full_range_validated,146.02475946358703,2326.4065393267033,False
0.5,S2b,60.07875817930437,90.1181372689566,266.843101015868,conditional_source_only_not_network_or_full_range_validated,150.196895448261,2326.406539326704,False
0.5,S2b,61.74761257317394,92.62141885976096,266.06504142529985,conditional_source_only_not_network_or_full_range_validated,154.3690314329349,2326.406539326703,False
0.5,S2b,63.41646696704351,95.12470045056529,265.2902790627684,conditional_source_only_not_network_or_full_range_validated,158.5411674176088,2326.406539326703,False
0.5,S2b,65.08532136091307,97.62798204136963,264.5188139282738,conditional_source_only_not_network_or_full_range_validated,162.7133034022827,2326.4065393267033,False
0.5,S2b,66.75417575478264,100.13126363217398,263.75064602181584,conditional_source_only_not_network_or_full_range_validated,166.88543938695662,2326.4065393267033,False
0.5,S2b,1.5576685363322156,2.596114227220359,296.17680194879296,conditional_source_only_not_network_or_full_range_validated,4.153782763552575,2320.444933246783,False
0.5,S2b,3.115337072664431,5.192228454440718,295.3076605651455,conditional_source_only_not_network_or_full_range_validated,8.30756552710515,2320.444933246783,False
0.5,S2b,4.673005608996647,7.788342681661078,294.441775997867,conditional_source_only_not_network_or_full_range_validated,12.461348290657725,2320.444933246783,False
0.5,S2b,6.230674145328862,10.384456908881436,293.57914824695763,conditional_source_only_not_network_or_full_range_validated,16.6151310542103,2320.444933246783,False
0.5,S2b,7.788342681661077,12.980571136101794,292.7197773124173,conditional_source_only_not_network_or_full_range_validated,20.768913817762872,2320.4449332467834,False
0.5,S2b,9.346011217993292,15.576685363322156,291.863663194246,conditional_source_only_not_network_or_full_range_validated,24.92269658131545,2320.444933246783,False
0.5,S2b,10.903679754325507,18.172799590542517,291.0108058924437,conditional_source_only_not_network_or_full_range_validated,29.076479344868027,2320.444933246783,False
0.5,S2b,12.461348290657725,20.768913817762872,290.1612054070105,conditional_source_only_not_network_or_full_range_validated,33.2302621084206,2320.444933246783,False
0.5,S2b,14.01901682698994,23.365028044983237,289.31486173794644,conditional_source_only_not_network_or_full_range_validated,37.384044871973174,2320.4449332467825,False
0.5,S2b,15.576685363322154,25.96114227220359,288.47177488525136,conditional_source_only_not_network_or_full_range_validated,41.537827635525744,2320.4449332467834,False
0.5,S2b,17.13435389965437,28.55725649942395,287.6319448489253,conditional_source_only_not_network_or_full_range_validated,45.69161039907832,2320.4449332467825,False
0.5,S2b,18.692022435986587,31.15337072664431,286.79537162896827,conditional_source_only_not_network_or_full_range_validated,49.8453931626309,2320.444933246783,False
0.5,S2b,20.249690972318803,33.749484953864666,285.9620552253804,conditional_source_only_not_network_or_full_range_validated,53.99917592618347,2320.444933246783,False
0.5,S2b,21.807359508651015,36.34559918108503,285.1319956381614,conditional_source_only_not_network_or_full_range_validated,58.15295868973604,2320.444933246783,False
0.5,S2b,23.36502804498323,38.94171340830538,284.30519286731163,conditional_source_only_not_network_or_full_range_validated,62.30674145328861,2320.444933246783,False
0.5,S2b,24.92269658131545,41.537827635525744,283.48164691283085,conditional_source_only_not_network_or_full_range_validated,66.4605242168412,2320.444933246783,False
0.5,S2b,26.480365117647665,44.13394186274611,282.66135777471914,conditional_source_only_not_network_or_full_range_validated,70.61430698039378,2320.444933246783,False
0.5,S2b,28.03803365397988,46.73005608996647,281.8443254529764,conditional_source_only_not_network_or_full_range_validated,74.76808974394635,2320.444933246783,False
0.5,S2b,29.595702190312096,49.32617031718682,281.0305499476028,conditional_source_only_not_network_or_full_range_validated,78.92187250749892,2320.444933246783,False
0.5,S2b,31.153370726644308,51.92228454440718,280.2200312585982,conditional_source_only_not_network_or_full_range_validated,83.07565527105149,2320.4449332467834,False
0.5,S2b,32.71103926297653,54.518398771627545,279.41276938596275,conditional_source_only_not_network_or_full_range_validated,87.22943803460407,2320.4449332467825,False
0.5,S2b,34.26870779930874,57.1145129988479,278.6087643296962,conditional_source_only_not_network_or_full_range_validated,91.38322079815664,2320.4449332467825,False
0.5,S2b,35.82637633564096,59.71062722606827,277.8080160897988,conditional_source_only_not_network_or_full_range_validated,95.53700356170923,2320.444933246783,False
0.5,S2b,37.38404487197317,62.30674145328862,277.01052466627044,conditional_source_only_not_network_or_full_range_validated,99.6907863252618,2320.444933246783,False
0.5,S2b,38.94171340830538,64.90285568050896,276.21629005911115,conditional_source_only_not_network_or_full_range_validated,103.84456908881435,2320.4449332467834,False
0.5,S2b,40.499381944637605,67.49896990772933,275.4253122683209,conditional_source_only_not_network_or_full_range_validated,107.99835185236694,2320.444933246783,False
0.5,S2b,42.05705048096982,70.0950841349497,274.6375912938997,conditional_source_only_not_network_or_full_range_validated,112.15213461591952,2320.4449332467825,False
0.5,S2b,43.61471901730204,72.69119836217006,273.8531271358475,conditional_source_only_not_network_or_full_range_validated,116.3059173794721,2320.444933246783,False
0.5,S2b,45.17238755363425,75.28731258939042,273.0719197941644,conditional_source_only_not_network_or_full_range_validated,120.45970014302468,2320.444933246783,False
0.5,S2b,46.73005608996646,77.88342681661076,272.2939692688503,conditional_source_only_not_network_or_full_range_validated,124.61348290657722,2320.444933246783,False
0.5,S2b,48.28772462629868,80.47954104383112,271.5192755599053,conditional_source_only_not_network_or_full_range_validated,128.7672656701298,2320.4449332467825,False
0.5,S2b,49.8453931626309,83.07565527105149,270.74783866732935,conditional_source_only_not_network_or_full_range_validated,132.9210484336824,2320.444933246783,False
0.5,S2b,51.40306169896312,85.67176949827186,269.9796585911225,conditional_source_only_not_network_or_full_range_validated,137.07483119723497,2320.444933246783,False
0.5,S2b,52.96073023529533,88.26788372549223,269.21473533128454,conditional_source_only_not_network_or_full_range_validated,141.22861396078756,2320.444933246783,False
0.5,S2b,54.518398771627545,90.86399795271257,268.4530688878158,conditional_source_only_not_network_or_full_range_validated,145.3823967243401,2320.4449332467825,False
0.5,S2b,56.07606730795976,93.46011217993292,267.69465926071604,conditional_source_only_not_network_or_full_range_validated,149.5361794878927,2320.444933246783,False
0.5,S2b,57.63373584429197,96.05622640715328,266.93950644998534,conditional_source_only_not_network_or_full_range_validated,153.68996225144525,2320.444933246783,False
0.5,S2b,59.19140438062419,98.65234063437364,266.18761045562366,conditional_source_only_not_network_or_full_range_validated,157.84374501499784,2320.444933246783,False
0.5,S2b,60.74907291695641,101.248454861594,265.4389712776311,conditional_source_only_not_network_or_full_range_validated,161.99752777855042,2320.4449332467834,False
0.5,S2b,62.306741453288616,103.84456908881435,264.6935889160076,conditional_source_only_not_network_or_full_range_validated,166.15131054210298,2320.4449332467834,False
0.5,S2b,1.4474566073882742,2.6881336994353666,296.20095627131315,conditional_source_only_not_network_or_full_range_validated,4.135590306823641,2314.5138032708364,False
0.5,S2b,2.8949132147765484,5.376267398870733,295.3559413869404,conditional_source_only_not_network_or_full_range_validated,8.271180613647282,2314.5138032708364,False
0.5,S2b,4.342369822164823,8.064401098306101,294.5141554956913,conditional_source_only_not_network_or_full_range_validated,12.406770920470924,2314.513803270836,False
0.5,S2b,5.789826429553097,10.752534797741466,293.67559859756585,conditional_source_only_not_network_or_full_range_validated,16.542361227294563,2314.5138032708364,False
0.5,S2b,7.23728303694137,13.440668497176834,292.8402706925641,conditional_source_only_not_network_or_full_range_validated,20.677951534118204,2314.5138032708364,False
0.5,S2b,8.684739644329646,16.128802196612202,292.008171780686,conditional_source_only_not_network_or_full_range_validated,24.81354184094185,2314.513803270836,False
0.5,S2b,10.13219625171792,18.816935896047568,291.1793018619315,conditional_source_only_not_network_or_full_range_validated,28.94913214776549,2314.513803270836,False
0.5,S2b,11.579652859106194,21.505069595482933,290.3536609363007,conditional_source_only_not_network_or_full_range_validated,33.08472245458913,2314.5138032708364,False
0.5,S2b,13.027109466494467,24.193203294918305,289.5312490037936,conditional_source_only_not_network_or_full_range_validated,37.22031276141277,2314.5138032708364,False
0.5,S2b,14.47456607388274,26.881336994353667,288.71206606441007,conditional_source_only_not_network_or_full_range_validated,41.35590306823641,2314.5138032708364,False
0.5,S2b,15.922022681271017,29.56947069378904,287.8961121181502,conditional_source_only_not_network_or_full_range_validated,45.49149337506006,2314.513803270836,False
0.5,S2b,17.369479288659292,32.257604393224405,287.083387165014,conditional_source_only_not_network_or_full_range_validated,49.6270836818837,2314.513803270836,False
0.5,S2b,18.816935896047564,34.94573809265977,286.2738912050015,conditional_source_only_not_network_or_full_range_validated,53.762673988707334,2314.513803270836,False
0.5,S2b,20.26439250343584,37.633871792095135,285.4676242381127,conditional_source_only_not_network_or_full_range_validated,57.89826429553098,2314.513803270836,False
0.5,S2b,21.71184911082411,40.3220054915305,284.6645862643474,conditional_source_only_not_network_or_full_range_validated,62.03385460235461,2314.513803270836,False
0.5,S2b,23.159305718212387,43.010139190965866,283.8647772837059,conditional_source_only_not_network_or_full_range_validated,66.16944490917825,2314.5138032708364,False
0.5,S2b,24.606762325600663,45.69827289040124,283.06819729618803,conditional_source_only_not_network_or_full_range_validated,70.3050352160019,2314.513803270836,False
0.5,S2b,26.054218932988935,48.38640658983661,282.2748463017938,conditional_source_only_not_network_or_full_range_validated,74.44062552282554,2314.5138032708364,False
0.5,S2b,27.501675540377214,51.07454028927197,281.4847243005232,conditional_source_only_not_network_or_full_range_validated,78.57621582964919,2314.513803270836,False
0.5,S2b,28.94913214776548,53.76267398870733,280.69783129237624,conditional_source_only_not_network_or_full_range_validated,82.7118061364728,2314.513803270836,False
0.5,S2b,30.39658875515376,56.4508076881427,279.914167277353,conditional_source_only_not_network_or_full_range_validated,86.84739644329646,2314.513803270836,False
0.5,S2b,31.844045362542037,59.13894138757807,279.13373225545337,conditional_source_only_not_network_or_full_range_validated,90.9829867501201,2314.5138032708355,False
0.5,S2b,33.29150196993031,61.82707508701344,278.35652622667743,conditional_source_only_not_network_or_full_range_validated,95.11857705694375,2314.513803270836,False
0.5,S2b,34.738958577318584,64.51520878644881,277.5825491910251,conditional_source_only_not_network_or_full_range_validated,99.2541673637674,2314.513803270836,False
0.5,S2b,36.18641518470685,67.20334248588416,276.8118011484965,conditional_source_only_not_network_or_full_range_validated,103.38975767059102,2314.513803270836,False
0.5,S2b,37.63387179209513,69.89147618531953,276.0442820990915,conditional_source_only_not_network_or_full_range_validated,107.52534797741467,2314.513803270836,False
0.5,S2b,39.08132839948341,72.5796098847549,275.2799920428102,conditional_source_only_not_network_or_full_range_validated,111.66093828423831,2314.513803270836,False
0.5,S2b,40.52878500687168,75.26774358419027,274.51893097965245,conditional_source_only_not_network_or_full_range_validated,115.79652859106196,2314.513803270836,False
0.5,S2b,41.97624161425996,77.95587728362564,273.76109890961845,conditional_source_only_not_network_or_full_range_validated,119.9321188978856,2314.513803270836,False
0.5,S2b,43.42369822164822,80.644010983061,273.00649583270814,conditional_source_only_not_network_or_full_range_validated,124.06770920470922,2314.513803270836,False
0.5,S2b,44.8711548290365,83.33214468249636,272.25512174892145,conditional_source_only_not_network_or_full_range_validated,128.20329951153286,2314.513803270836,False
0.5,S2b,46.31861143642477,86.02027838193173,271.50697665825834,conditional_source_only_not_network_or_full_range_validated,132.3388898183565,2314.5138032708364,False
0.5,S2b,47.76606804381305,88.7084120813671,270.76206056071896,conditional_source_only_not_network_or_full_range_validated,136.47448012518015,2314.513803270836,False
0.5,S2b,49.213524651201325,91.39654578080248,270.0203734563032,conditional_source_only_not_network_or_full_range_validated,140.6100704320038,2314.513803270836,False
0.5,S2b,50.6609812585896,94.08467948023784,269.2819153450112,conditional_source_only_not_network_or_full_range_validated,144.74566073882744,2314.5138032708355,False
0.5,S2b,52.10843786597788,96.7728131796732,268.5466862268427,conditional_source_only_not_network_or_full_range_validated,148.88125104565108,2314.5138032708364,False
0.5,S2b,53.55589447336615,99.46094687910858,267.814686101798,conditional_source_only_not_network_or_full_range_validated,153.01684135247473,2314.513803270836,False
0.5,S2b,55.00335108075443,102.14908057854394,267.08591496987685,conditional_source_only_not_network_or_full_range_validated,157.15243165929837,2314.513803270836,False
0.5,S2b,56.4508076881427,104.83721427797931,266.3603728310794,conditional_source_only_not_network_or_full_range_validated,161.28802196612202,2314.5138032708355,False
0.5,S2b,57.89826429553096,107.52534797741468,265.6380596854056,conditional_source_only_not_network_or_full_range_validated,165.42361227294563,2314.513803270836,False
0.5,S2b,1.3382058661995129,2.779350645183604,296.22490594838433,conditional_source_only_not_network_or_full_range_validated,4.117556511383117,2308.612916301038,False
0.5,S2b,2.6764117323990253,5.558701290367208,295.4038251822273,conditional_source_only_not_network_or_full_range_validated,8.235113022766233,2308.612916301038,False
0.5,S2b,4.014617598598539,8.338051935550814,294.5859578503387,conditional_source_only_not_network_or_full_range_validated,12.352669534149353,2308.612916301037,False
0.5,S2b,5.352823464798051,11.117402580734415,293.7713039527183,conditional_source_only_not_network_or_full_range_validated,16.470226045532467,2308.612916301038,False
0.5,S2b,6.691029330997564,13.89675322591802,292.95986348936617,conditional_source_only_not_network_or_full_range_validated,20.587782556915585,2308.612916301037,False
0.5,S2b,8.029235197197078,16.676103871101628,292.1516364602824,conditional_source_only_not_network_or_full_range_validated,24.705339068298706,2308.612916301037,False
0.5,S2b,9.36744106339659,19.45545451628523,291.3466228654669,conditional_source_only_not_network_or_full_range_validated,28.82289557968182,2308.6129163010373,False
0.5,S2b,10.7056469295961,22.23480516146883,290.5448227049196,conditional_source_only_not_network_or_full_range_validated,32.94045209106493,2308.6129163010373,False
0.5,S2b,12.043852795795615,25.01415580665244,289.74623597864064,conditional_source_only_not_network_or_full_range_validated,37.058008602448055,2308.612916301038,False
0.5,S2b,13.382058661995128,27.79350645183604,288.95086268662993,conditional_source_only_not_network_or_full_range_validated,41.17556511383117,2308.612916301037,False
0.5,S2b,14.720264528194642,30.572857097019646,288.1587028288876,conditional_source_only_not_network_or_full_range_validated,45.29312162521429,2308.612916301038,False
0.5,S2b,16.058470394394156,33.352207742203255,287.3697564054134,conditional_source_only_not_network_or_full_range_validated,49.41067813659741,2308.612916301037,False
0.5,S2b,17.396676260593665,36.13155838738685,286.5840234162076,conditional_source_only_not_network_or_full_range_validated,53.52823464798052,2308.6129163010373,False
0.5,S2b,18.73488212679318,38.91090903257046,285.80150386127,conditional_source_only_not_network_or_full_range_validated,57.64579115936364,2308.6129163010373,False
0.5,S2b,20.073087992992694,41.690259677754064,285.02219774060075,conditional_source_only_not_network_or_full_range_validated,61.763347670746754,2308.612916301037,False
0.5,S2b,21.4112938591922,44.46961032293766,284.24610505419975,conditional_source_only_not_network_or_full_range_validated,65.88090418212985,2308.6129163010373,False
0.5,S2b,22.74949972539172,47.24896096812128,283.4732258020671,conditional_source_only_not_network_or_full_range_validated,69.998460693513,2308.6129163010373,False
0.5,S2b,24.08770559159123,50.02831161330488,282.7035599842026,conditional_source_only_not_network_or_full_range_validated,74.11601720489611,2308.612916301038,False
0.5,S2b,25.425911457790743,52.80766225848848,281.93710760060645,conditional_source_only_not_network_or_full_range_validated,78.23357371627922,2308.612916301037,False
0.5,S2b,26.764117323990256,55.58701290367208,281.1738686512786,conditional_source_only_not_network_or_full_range_validated,82.35113022766234,2308.612916301037,False
0.5,S2b,28.102323190189768,58.36636354885568,280.41384313621904,conditional_source_only_not_network_or_full_range_validated,86.46868673904545,2308.612916301038,False
0.5,S2b,29.440529056389284,61.14571419403929,279.6570310554277,conditional_source_only_not_network_or_full_range_validated,90.58624325042858,2308.612916301038,False
0.5,S2b,30.7787349225888,63.9250648392229,278.90343240890473,conditional_source_only_not_network_or_full_range_validated,94.7037997618117,2308.6129163010373,False
0.5,S2b,32.11694078878831,66.70441548440651,278.15304719665,conditional_source_only_not_network_or_full_range_validated,98.82135627319482,2308.612916301037,False
0.5,S2b,33.45514665498782,69.48376612959011,277.4058754186635,conditional_source_only_not_network_or_full_range_validated,102.93891278457792,2308.6129163010373,False
0.5,S2b,34.79335252118733,72.2631167747737,276.66191707494534,conditional_source_only_not_network_or_full_range_validated,107.05646929596104,2308.6129163010373,False
0.5,S2b,36.131558387386846,75.04246741995732,275.9211721654955,conditional_source_only_not_network_or_full_range_validated,111.17402580734417,2308.612916301037,False
0.5,S2b,37.46976425358636,77.82181806514092,275.1836406903139,conditional_source_only_not_network_or_full_range_validated,115.29158231872728,2308.6129163010373,False
0.5,S2b,38.80797011978588,80.60116871032453,274.44932264940053,conditional_source_only_not_network_or_full_range_validated,119.40913883011041,2308.6129163010373,False
0.5,S2b,40.14617598598539,83.38051935550813,273.7182180427555,conditional_source_only_not_network_or_full_range_validated,123.52669534149351,2308.612916301037,False
0.5,S2b,41.484381852184896,86.15987000069173,272.9903268703788,conditional_source_only_not_network_or_full_range_validated,127.64425185287662,2308.6129163010373,False
0.5,S2b,42.822587718384405,88.93922064587532,272.26564913227025,conditional_source_only_not_network_or_full_range_validated,131.76180836425974,2308.612916301038,False
0.5,S2b,44.16079358458393,91.71857129105894,271.5441848284301,conditional_source_only_not_network_or_full_range_validated,135.87936487564286,2308.6129163010373,False
0.5,S2b,45.49899945078344,94.49792193624256,270.8259339588582,conditional_source_only_not_network_or_full_range_validated,139.996921387026,2308.6129163010373,False
0.5,S2b,46.83720531698295,97.27727258142616,270.1108965235545,conditional_source_only_not_network_or_full_range_validated,144.11447789840912,2308.6129163010373,False
0.5,S2b,48.17541118318246,100.05662322660976,269.3990725225192,conditional_source_only_not_network_or_full_range_validated,148.23203440979222,2308.612916301038,False
0.5,S2b,49.51361704938197,102.83597387179334,268.69046195575214,conditional_source_only_not_network_or_full_range_validated,152.34959092117532,2308.6129163010373,False
0.5,S2b,50.85182291558149,105.61532451697695,267.9850648232533,conditional_source_only_not_network_or_full_range_validated,156.46714743255845,2308.612916301037,False
0.5,S2b,52.190028781781,108.39467516216057,267.28288112502287,conditional_source_only_not_network_or_full_range_validated,160.58470394394158,2308.6129163010373,False
0.5,S2b,53.52823464798051,111.17402580734417,266.58391086106064,conditional_source_only_not_network_or_full_range_validated,164.70226045532468,2308.612916301037,False
0.5,S2b,1.2299037931953618,2.869775517455845,296.2486535675825,conditional_source_only_not_network_or_full_range_validated,4.099679310651207,2302.7420416106615,False
0.5,S2b,2.459807586390724,5.73955103491169,295.45131681050896,conditional_source_only_not_network_or_full_range_validated,8.199358621302414,2302.7420416106615,False
0.5,S2b,3.6897113795860874,8.609326552367538,294.6571898775888,conditional_source_only_not_network_or_full_range_validated,12.299037931953626,2302.742041610662,False
0.5,S2b,4.919615172781447,11.47910206982338,293.86627276882217,conditional_source_only_not_network_or_full_range_validated,16.398717242604828,2302.7420416106615,False
0.5,S2b,6.149518965976809,14.348877587279226,293.0785654842089,conditional_source_only_not_network_or_full_range_validated,20.498396553256036,2302.7420416106615,False
0.5,S2b,7.379422759172173,17.218653104735075,292.2940680237492,conditional_source_only_not_network_or_full_range_validated,24.598075863907248,2302.7420416106615,False
0.5,S2b,8.609326552367534,20.08842862219092,291.5127803874429,conditional_source_only_not_network_or_full_range_validated,28.697755174558456,2302.7420416106615,False
0.5,S2b,9.839230345562894,22.95820413964676,290.73470257529,conditional_source_only_not_network_or_full_range_validated,32.797434485209656,2302.7420416106615,False
0.5,S2b,11.069134138758258,25.82797965710261,289.9598345872906,conditional_source_only_not_network_or_full_range_validated,36.89711379586087,2302.7420416106615,False
0.5,S2b,12.299037931953618,28.69775517455845,289.18817642344465,conditional_source_only_not_network_or_full_range_validated,40.996793106512065,2302.7420416106615,False
0.5,S2b,13.528941725148982,31.5675306920143,288.4197280837521,conditional_source_only_not_network_or_full_range_validated,45.096472417163284,2302.742041610662,False
0.5,S2b,14.758845518344346,34.43730620947015,287.6544895682131,conditional_source_only_not_network_or_full_range_validated,49.196151727814495,2302.7420416106615,False
0.5,S2b,15.988749311539705,37.30708172692599,286.89246087682744,conditional_source_only_not_network_or_full_range_validated,53.2958310384657,2302.742041610662,False
0.5,S2b,17.21865310473507,40.17685724438184,286.1336420095953,conditional_source_only_not_network_or_full_range_validated,57.39551034911691,2302.7420416106615,False
0.5,S2b,18.448556897930427,43.04663276183768,285.3780329665166,conditional_source_only_not_network_or_full_range_validated,61.4951896597681,2302.7420416106615,False
0.5,S2b,19.67846069112579,45.91640827929352,284.62563374759134,conditional_source_only_not_network_or_full_range_validated,65.59486897041931,2302.7420416106615,False
0.5,S2b,20.90836448432115,48.78618379674937,283.8764443528196,conditional_source_only_not_network_or_full_range_validated,69.69454828107052,2302.742041610662,False
0.5,S2b,22.13826827751652,51.65595931420522,283.1304647822012,conditional_source_only_not_network_or_full_range_validated,73.79422759172174,2302.7420416106615,False
0.5,S2b,23.36817207071188,54.52573483166107,282.3876950357363,conditional_source_only_not_network_or_full_range_validated,77.89390690237295,2302.7420416106615,False
0.5,S2b,24.59807586390724,57.3955103491169,281.64813511342487,conditional_source_only_not_network_or_full_range_validated,81.99358621302414,2302.7420416106615,False
0.5,S2b,25.827979657102603,60.26528586657275,280.91178501526684,conditional_source_only_not_network_or_full_range_validated,86.09326552367536,2302.7420416106615,False
0.5,S2b,27.057883450297965,63.1350613840286,280.1786447412623,conditional_source_only_not_network_or_full_range_validated,90.19294483432657,2302.742041610662,False
0.5,S2b,28.287787243493327,66.00483690148445,279.44871429141125,conditional_source_only_not_network_or_full_range_validated,94.29262414497778,2302.7420416106615,False
0.5,S2b,29.51769103668869,68.8746124189403,278.7219936657136,conditional_source_only_not_network_or_full_range_validated,98.39230345562899,2302.7420416106615,False
0.5,S2b,30.74759482988405,71.74438793639614,277.9984828641694,conditional_source_only_not_network_or_full_range_validated,102.49198276628019,2302.7420416106615,False
0.5,S2b,31.97749862307941,74.61416345385197,277.27818188677867,conditional_source_only_not_network_or_full_range_validated,106.59166207693139,2302.742041610662,False
0.5,S2b,33.207402416274775,77.48393897130782,276.56109073354133,conditional_source_only_not_network_or_full_range_validated,110.6913413875826,2302.7420416106615,False
0.5,S2b,34.43730620947014,80.35371448876367,275.84720940445754,conditional_source_only_not_network_or_full_range_validated,114.79102069823381,2302.7420416106615,False
0.5,S2b,35.6672100026655,83.22349000621952,275.1365378995271,conditional_source_only_not_network_or_full_range_validated,118.89070000888502,2302.7420416106615,False
0.5,S2b,36.89711379586085,86.09326552367536,274.4290762187502,conditional_source_only_not_network_or_full_range_validated,122.9903793195362,2302.7420416106615,False
0.5,S2b,38.12701758905622,88.9630410411312,273.7248243621267,conditional_source_only_not_network_or_full_range_validated,127.09005863018743,2302.7420416106615,False
0.5,S2b,39.35692138225158,91.83281655858704,273.0237823296567,conditional_source_only_not_network_or_full_range_validated,131.18973794083863,2302.7420416106615,False
0.5,S2b,40.58682517544695,94.7025920760429,272.3259501213401,conditional_source_only_not_network_or_full_range_validated,135.28941725148985,2302.7420416106615,False
0.5,S2b,41.8167289686423,97.57236759349874,271.63132773717695,conditional_source_only_not_network_or_full_range_validated,139.38909656214105,2302.742041610662,False
0.5,S2b,43.046632761837664,100.44214311095458,270.93991517716734,conditional_source_only_not_network_or_full_range_validated,143.48877587279225,2302.7420416106615,False
0.5,S2b,44.27653655503303,103.31191862841044,270.2517124413111,conditional_source_only_not_network_or_full_range_validated,147.58845518344347,2302.7420416106615,False
0.5,S2b,45.50644034822839,106.18169414586627,269.5667195296083,conditional_source_only_not_network_or_full_range_validated,151.68813449409467,2302.7420416106615,False
0.5,S2b,46.73634414142376,109.05146966332214,268.884936442059,conditional_source_only_not_network_or_full_range_validated,155.7878138047459,2302.7420416106615,False
0.5,S2b,47.96624793461912,111.92124518077796,268.2063631786631,conditional_source_only_not_network_or_full_range_validated,159.8874931153971,2302.742041610662,False
0.5,S2b,49.19615172781448,114.7910206982338,267.5309997394207,conditional_source_only_not_network_or_full_range_validated,163.9871724260483,2302.7420416106615,False
0.5,S2b,1.1225380852902838,2.959418588492568,296.27220167308224,conditional_source_only_not_network_or_full_range_validated,4.081956673782852,2296.9009508140116,False
0.5,S2b,2.2450761705805675,5.918837176985136,295.4984210526269,conditional_source_only_not_network_or_full_range_validated,8.163913347565703,2296.9009508140116,False
0.5,S2b,3.367614255870852,8.878255765477705,294.7278582874436,conditional_source_only_not_network_or_full_range_validated,12.245870021348559,2296.900950814012,False
0.5,S2b,4.490152341161135,11.837674353970272,293.96051337753227,conditional_source_only_not_network_or_full_range_validated,16.327826695131407,2296.9009508140116,False
0.5,S2b,5.612690426451419,14.79709294246284,293.19638632289303,conditional_source_only_not_network_or_full_range_validated,20.40978336891426,2296.900950814011,False
0.5,S2b,6.735228511741704,17.75651153095541,292.43547712352586,conditional_source_only_not_network_or_full_range_validated,24.491740042697117,2296.900950814012,False
0.5,S2b,7.857766597031988,20.71593011944798,291.67778577943056,conditional_source_only_not_network_or_full_range_validated,28.573696716479965,2296.900950814011,False
0.5,S2b,8.98030468232227,23.675348707940543,290.9233122906074,conditional_source_only_not_network_or_full_range_validated,32.65565339026281,2296.9009508140116,False
0.5,S2b,10.102842767612556,26.634767296433115,290.1720566570562,conditional_source_only_not_network_or_full_range_validated,36.73761006404567,2296.9009508140116,False
0.5,S2b,11.225380852902838,29.59418588492568,289.42401887877696,conditional_source_only_not_network_or_full_range_validated,40.81956673782852,2296.900950814011,False
0.5,S2b,12.347918938193123,32.55360447341825,288.67919895576983,conditional_source_only_not_network_or_full_range_validated,44.90152341161137,2296.9009508140116,False
0.5,S2b,13.470457023483409,35.51302306191082,287.93759688803465,conditional_source_only_not_network_or_full_range_validated,48.983480085394234,2296.900950814012,False
0.5,S2b,14.59299510877369,38.47244165040338,287.1992126755716,conditional_source_only_not_network_or_full_range_validated,53.065436759177075,2296.9009508140116,False
0.5,S2b,15.715533194063976,41.43186023889596,286.46404631838044,conditional_source_only_not_network_or_full_range_validated,57.14739343295993,2296.900950814011,False
0.5,S2b,16.838071279354256,44.39127882738851,285.7320978164613,conditional_source_only_not_network_or_full_range_validated,61.22935010674277,2296.9009508140116,False
0.5,S2b,17.96060936464454,47.350697415881086,285.0033671698143,conditional_source_only_not_network_or_full_range_validated,65.31130678052563,2296.9009508140116,False
0.5,S2b,19.083147449934827,50.31011600437365,284.2778543784392,conditional_source_only_not_network_or_full_range_validated,69.39326345430848,2296.900950814012,False
0.5,S2b,20.20568553522511,53.26953459286623,283.5555594423361,conditional_source_only_not_network_or_full_range_validated,73.47522012809134,2296.9009508140116,False
0.5,S2b,21.328223620515395,56.2289531813588,282.8364823615051,conditional_source_only_not_network_or_full_range_validated,77.55717680187419,2296.900950814011,False
0.5,S2b,22.450761705805675,59.18837176985136,282.12062313594606,conditional_source_only_not_network_or_full_range_validated,81.63913347565703,2296.900950814011,False
0.5,S2b,23.573299791095963,62.147790358343926,281.4079817656591,conditional_source_only_not_network_or_full_range_validated,85.72109014943989,2296.900950814011,False
0.5,S2b,24.695837876386246,65.1072089468365,280.6985582506441,conditional_source_only_not_network_or_full_range_validated,89.80304682322274,2296.9009508140116,False
0.5,S2b,25.81837596167653,68.06662753532906,279.9923525909011,conditional_source_only_not_network_or_full_range_validated,93.88500349700558,2296.900950814011,False
0.5,S2b,26.940914046966817,71.02604612382164,279.28936478643016,conditional_source_only_not_network_or_full_range_validated,97.96696017078847,2296.900950814012,False
0.5,S2b,28.063452132257098,73.9854647123142,278.58959483723123,conditional_source_only_not_network_or_full_range_validated,102.0489168445713,2296.9009508140116,False
0.5,S2b,29.18599021754738,76.94488330080677,277.89304274330425,conditional_source_only_not_network_or_full_range_validated,106.13087351835415,2296.9009508140116,False
0.5,S2b,30.308528302837665,79.90430188929933,277.1997085046494,conditional_source_only_not_network_or_full_range_validated,110.212830192137,2296.9009508140116,False
0.5,S2b,31.431066388127952,82.86372047779192,276.50959212126645,conditional_source_only_not_network_or_full_range_validated,114.29478686591986,2296.900950814011,False
0.5,S2b,32.55360447341824,85.82313906628448,275.8226935931556,conditional_source_only_not_network_or_full_range_validated,118.37674353970272,2296.900950814011,False
0.5,S2b,33.67614255870851,88.78255765477702,275.1390129203168,conditional_source_only_not_network_or_full_range_validated,122.45870021348554,2296.9009508140116,False
0.5,S2b,34.7986806439988,91.7419762432696,274.4585501027499,conditional_source_only_not_network_or_full_range_validated,126.5406568872684,2296.900950814011,False
0.5,S2b,35.92121872928908,94.70139483176216,273.78130514045506,conditional_source_only_not_network_or_full_range_validated,130.62261356105125,2296.9009508140116,False
0.5,S2b,37.04375681457937,97.66081342025474,273.10727803343224,conditional_source_only_not_network_or_full_range_validated,134.7045702348341,2296.900950814011,False
0.5,S2b,38.166294899869655,100.62023200874732,272.43646878168147,conditional_source_only_not_network_or_full_range_validated,138.78652690861696,2296.900950814011,False
0.5,S2b,39.288832985159935,103.57965059723988,271.7688773852027,conditional_source_only_not_network_or_full_range_validated,142.86848358239982,2296.9009508140116,False
0.5,S2b,40.41137107045022,106.53906918573246,271.1045038439959,conditional_source_only_not_network_or_full_range_validated,146.95044025618267,2296.9009508140116,False
0.5,S2b,41.53390915574051,109.49848777422504,270.4433481580612,conditional_source_only_not_network_or_full_range_validated,151.03239692996556,2296.9009508140116,False
0.5,S2b,42.65644724103079,112.4579063627176,269.78541032739844,conditional_source_only_not_network_or_full_range_validated,155.11435360374838,2296.900950814011,False
0.5,S2b,43.77898532632108,115.41732495121016,269.1306903520077,conditional_source_only_not_network_or_full_range_validated,159.19631027753124,2296.9009508140116,False
0.5,S2b,44.90152341161135,118.37674353970272,268.479188231889,conditional_source_only_not_network_or_full_range_validated,163.27826695131407,2296.900950814011,False
0.5,S2b,1.0160966512246656,3.048289953673997,296.2955527665616,conditional_source_only_not_network_or_full_range_validated,4.0643866048986625,2291.0894178368007,False
0.5,S2b,2.0321933024493317,6.096579907347994,295.54514261234004,conditional_source_only_not_network_or_full_range_validated,8.128773209797327,2291.089417836801,False
0.5,S2b,3.048289953673997,9.144869861021991,294.79796968614494,conditional_source_only_not_network_or_full_range_validated,12.193159814695989,2291.089417836801,False
0.5,S2b,4.064386604898663,12.193159814695989,294.0540339879762,conditional_source_only_not_network_or_full_range_validated,16.257546419594654,2291.089417836801,False
0.5,S2b,5.080483256123328,15.241449768369984,293.3133355178339,conditional_source_only_not_network_or_full_range_validated,20.321933024493312,2291.0894178368007,False
0.5,S2b,6.096579907347994,18.289739722043983,292.5758742757179,conditional_source_only_not_network_or_full_range_validated,24.386319629391977,2291.089417836801,False
0.5,S2b,7.11267655857266,21.33802967571798,291.84165026162844,conditional_source_only_not_network_or_full_range_validated,28.45070623429064,2291.089417836801,False
0.5,S2b,8.128773209797325,24.386319629391977,291.11066347556533,conditional_source_only_not_network_or_full_range_validated,32.5150928391893,2291.0894178368007,False
0.5,S2b,9.144869861021991,27.43460958306597,290.38291391752864,conditional_source_only_not_network_or_full_range_validated,36.579479444087966,2291.089417836801,False
0.5,S2b,10.160966512246656,30.482899536739968,289.6584015875183,conditional_source_only_not_network_or_full_range_validated,40.643866048986624,2291.0894178368007,False
0.5,S2b,11.177063163471322,33.531189490413965,288.9371264855344,conditional_source_only_not_network_or_full_range_validated,44.70825265388529,2291.089417836801,False
0.5,S2b,12.193159814695989,36.579479444087966,288.2190886115769,conditional_source_only_not_network_or_full_range_validated,48.772639258783954,2291.089417836801,False
0.5,S2b,13.209256465920651,39.62776939776196,287.5042879656458,conditional_source_only_not_network_or_full_range_validated,52.83702586368261,2291.0894178368007,False
0.5,S2b,14.22535311714532,42.67605935143596,286.7927245477412,conditional_source_only_not_network_or_full_range_validated,56.90141246858128,2291.089417836801,False
0.5,S2b,15.241449768369984,45.72434930510995,286.0843983578629,conditional_source_only_not_network_or_full_range_validated,60.965799073479936,2291.089417836801,False
0.5,S2b,16.25754641959465,48.772639258783954,285.37930939601097,conditional_source_only_not_network_or_full_range_validated,65.0301856783786,2291.0894178368007,False
0.5,S2b,17.27364307081932,51.82092921245796,284.67745766218553,conditional_source_only_not_network_or_full_range_validated,69.09457228327727,2291.0894178368007,False
0.5,S2b,18.289739722043983,54.86921916613195,283.9788431563864,conditional_source_only_not_network_or_full_range_validated,73.15895888817593,2291.089417836801,False
0.5,S2b,19.305836373268647,57.91750911980594,283.2834658786137,conditional_source_only_not_network_or_full_range_validated,77.22334549307459,2291.089417836801,False
0.5,S2b,20.321933024493312,60.965799073479936,282.59132582886747,conditional_source_only_not_network_or_full_range_validated,81.28773209797325,2291.0894178368007,False
0.5,S2b,21.33802967571798,64.01408902715394,281.9024230071476,conditional_source_only_not_network_or_full_range_validated,85.35211870287192,2291.0894178368007,False
0.5,S2b,22.354126326942644,67.06237898082793,281.21675741345416,conditional_source_only_not_network_or_full_range_validated,89.41650530777058,2291.089417836801,False
0.5,S2b,23.370222978167316,70.11066893450194,280.5343290477871,conditional_source_only_not_network_or_full_range_validated,93.48089191266926,2291.089417836801,False
0.5,S2b,24.386319629391977,73.15895888817593,279.8551379101465,conditional_source_only_not_network_or_full_range_validated,97.54527851756791,2291.089417836801,False
0.5,S2b,25.40241628061664,76.20724884184992,279.17918400053213,conditional_source_only_not_network_or_full_range_validated,101.60966512246657,2291.0894178368017,False
0.5,S2b,26.418512931841303,79.25553879552392,278.5064673189443,conditional_source_only_not_network_or_full_range_validated,105.67405172736522,2291.0894178368007,False
0.5,S2b,27.43460958306597,82.30382874919792,277.83698786538287,conditional_source_only_not_network_or_full_range_validated,109.73843833226388,2291.089417836801,False
0.5,S2b,28.45070623429064,85.35211870287192,277.17074563984784,conditional_source_only_not_network_or_full_range_validated,113.80282493716255,2291.089417836801,False
0.5,S2b,29.466802885515307,88.40040865654592,276.50774064233923,conditional_source_only_not_network_or_full_range_validated,117.86721154206123,2291.0894178368007,False
0.5,S2b,30.482899536739968,91.4486986102199,275.847972872857,conditional_source_only_not_network_or_full_range_validated,121.93159814695987,2291.089417836801,False
0.5,S2b,31.49899618796464,94.49698856389392,275.1914423314012,conditional_source_only_not_network_or_full_range_validated,125.99598475185856,2291.089417836801,False
0.5,S2b,32.5150928391893,97.54527851756792,274.5381490179717,conditional_source_only_not_network_or_full_range_validated,130.06037135675723,2291.0894178368007,False
0.5,S2b,33.531189490413965,100.5935684712419,273.88809293256867,conditional_source_only_not_network_or_full_range_validated,134.12475796165586,2291.089417836801,False
0.5,S2b,34.54728614163864,103.64185842491592,273.24127407519205,conditional_source_only_not_network_or_full_range_validated,138.18914456655455,2291.0894178368007,False
0.5,S2b,35.563382792863294,106.69014837858988,272.59769244584186,conditional_source_only_not_network_or_full_range_validated,142.25353117145318,2291.089417836801,False
0.5,S2b,36.579479444087966,109.7384383322639,271.9573480445181,conditional_source_only_not_network_or_full_range_validated,146.31791777635186,2291.089417836801,False
0.5,S2b,37.59557609531263,112.7867282859379,271.3202408712207,conditional_source_only_not_network_or_full_range_validated,150.38230438125052,2291.0894178368007,False
0.5,S2b,38.611672746537295,115.83501823961188,270.6863709259497,conditional_source_only_not_network_or_full_range_validated,154.44669098614918,2291.089417836801,False
0.5,S2b,39.62776939776196,118.88330819328588,270.055738208705,conditional_source_only_not_network_or_full_range_validated,158.51107759104784,2291.089417836801,False
0.5,S2b,40.643866048986624,121.93159814695989,269.4283427194868,conditional_source_only_not_network_or_full_range_validated,162.5754641959465,2291.0894178368007,False
0.5,S2b,0.9105676070255162,3.136399535310112,296.3187093080854,conditional_source_only_not_network_or_full_range_validated,4.046967142335628,2285.3072188869887,False
0.5,S2b,1.8211352140510324,6.272799070620224,295.5914861178646,conditional_source_only_not_network_or_full_range_validated,8.093934284671256,2285.3072188869887,False
0.5,S2b,2.7317028210765493,9.409198605930335,294.867530578147,conditional_source_only_not_network_or_full_range_validated,12.140901427006884,2285.3072188869887,False
0.5,S2b,3.642270428102065,12.545598141240449,294.14684268893285,conditional_source_only_not_network_or_full_range_validated,16.187868569342513,2285.3072188869887,False
0.5,S2b,4.552838035127581,15.68199767655056,293.429422450222,conditional_source_only_not_network_or_full_range_validated,20.23483571167814,2285.3072188869887,False
0.5,S2b,5.4634056421530985,18.818397211860677,292.71526986201445,conditional_source_only_not_network_or_full_range_validated,24.281802854013776,2285.3072188869887,False
0.5,S2b,6.373973249178614,21.954796747170786,292.0043849243102,conditional_source_only_not_network_or_full_range_validated,28.3287699963494,2285.307218886989,False
0.5,S2b,7.28454085620413,25.09119628248089,291.2967676371093,conditional_source_only_not_network_or_full_range_validated,32.37573713868502,2285.3072188869887,False
0.5,S2b,8.195108463229648,28.22759581779101,290.59241800041167,conditional_source_only_not_network_or_full_range_validated,36.42270428102066,2285.3072188869887,False
0.5,S2b,9.105676070255162,31.36399535310112,289.8913360142174,conditional_source_only_not_network_or_full_range_validated,40.46967142335628,2285.3072188869887,False
0.5,S2b,10.01624367728068,34.50039488841124,289.19352167852645,conditional_source_only_not_network_or_full_range_validated,44.51663856569192,2285.307218886989,False
0.5,S2b,10.926811284306195,37.63679442372135,288.49897499333883,conditional_source_only_not_network_or_full_range_validated,48.563605708027545,2285.307218886989,False
0.5,S2b,11.837378891331712,40.77319395903146,287.8076959586545,conditional_source_only_not_network_or_full_range_validated,52.61057285036317,2285.307218886989,False
0.5,S2b,12.747946498357228,43.90959349434157,287.1196845744735,conditional_source_only_not_network_or_full_range_validated,56.6575399926988,2285.307218886989,False
0.5,S2b,13.658514105382745,47.04599302965168,286.43494084079583,conditional_source_only_not_network_or_full_range_validated,60.704507135034426,2285.3072188869887,False
0.5,S2b,14.56908171240826,50.18239256496179,285.75346475762143,conditional_source_only_not_network_or_full_range_validated,64.75147427737005,2285.307218886989,False
0.5,S2b,15.479649319433776,53.31879210027191,285.0752563249504,conditional_source_only_not_network_or_full_range_validated,68.79844141970568,2285.3072188869887,False
0.5,S2b,16.390216926459296,56.45519163558202,284.40031554278266,conditional_source_only_not_network_or_full_range_validated,72.84540856204131,2285.3072188869887,False
0.5,S2b,17.300784533484812,59.59159117089214,283.72864241111824,conditional_source_only_not_network_or_full_range_validated,76.89237570437695,2285.3072188869887,False
0.5,S2b,18.211352140510325,62.72799070620224,283.0602369299572,conditional_source_only_not_network_or_full_range_validated,80.93934284671256,2285.3072188869887,False
0.5,S2b,19.12191974753584,65.86439024151235,282.39509909929933,conditional_source_only_not_network_or_full_range_validated,84.9863099890482,2285.307218886989,False
0.5,S2b,20.03248735456136,69.00078977682247,281.7332289191449,conditional_source_only_not_network_or_full_range_validated,89.03327713138384,2285.307218886989,False
0.5,S2b,20.94305496158688,72.13718931213258,281.07462638949374,conditional_source_only_not_network_or_full_range_validated,93.08024427371946,2285.307218886989,False
0.5,S2b,21.853622568612398,75.2735888474427,280.4192915103459,conditional_source_only_not_network_or_full_range_validated,97.12721141605509,2285.3072188869887,False
0.5,S2b,22.764190175637907,78.4099883827528,279.76722428170143,conditional_source_only_not_network_or_full_range_validated,101.17417855839071,2285.3072188869887,False
0.5,S2b,23.674757782663423,81.54638791806292,279.1184247035602,conditional_source_only_not_network_or_full_range_validated,105.22114570072634,2285.307218886989,False
0.5,S2b,24.58532538968894,84.68278745337302,278.47289277592233,conditional_source_only_not_network_or_full_range_validated,109.26811284306197,2285.3072188869896,False
0.5,S2b,25.495892996714456,87.81918698868314,277.83062849878775,conditional_source_only_not_network_or_full_range_validated,113.3150799853976,2285.307218886989,False
0.5,S2b,26.406460603739976,90.95558652399326,277.1916318721565,conditional_source_only_not_network_or_full_range_validated,117.36204712773323,2285.307218886989,False
0.5,S2b,27.31702821076549,94.09198605930337,276.5559028960286,conditional_source_only_not_network_or_full_range_validated,121.40901427006885,2285.3072188869887,False
0.5,S2b,28.22759581779101,97.22838559461348,275.923441570404,conditional_source_only_not_network_or_full_range_validated,125.4559814124045,2285.307218886989,False
0.5,S2b,29.13816342481652,100.36478512992358,275.29424789528275,conditional_source_only_not_network_or_full_range_validated,129.5029485547401,2285.307218886989,False
0.5,S2b,30.04873103184204,103.5011846652337,274.6683218706647,conditional_source_only_not_network_or_full_range_validated,133.54991569707573,2285.3072188869896,False
0.5,S2b,30.959298638867555,106.6375842005438,274.0456634965501,conditional_source_only_not_network_or_full_range_validated,137.59688283941136,2285.307218886989,False
0.5,S2b,31.86986624589307,109.77398373585392,273.4262727729388,conditional_source_only_not_network_or_full_range_validated,141.643849981747,2285.3072188869887,False
0.5,S2b,32.78043385291859,112.91038327116404,272.8101496998308,conditional_source_only_not_network_or_full_range_validated,145.69081712408263,2285.3072188869887,False
0.5,S2b,33.691001459944104,116.04678280647416,272.1972942772261,conditional_source_only_not_network_or_full_range_validated,149.73778426641826,2285.3072188869887,False
0.5,S2b,34.601569066969624,119.18318234178427,271.58770650512474,conditional_source_only_not_network_or_full_range_validated,153.7847514087539,2285.3072188869887,False
0.5,S2b,35.51213667399514,122.31958187709438,270.9813863835266,conditional_source_only_not_network_or_full_range_validated,157.83171855108952,2285.3072188869887,False
0.5,S2b,36.42270428102065,125.45598141240448,270.37833391243186,conditional_source_only_not_network_or_full_range_validated,161.87868569342513,2285.3072188869887,False
0.5,S2b,0.8059392715834015,3.223757086333607,296.3416737169657,conditional_source_only_not_network_or_full_range_validated,4.029696357917008,2279.5541324260516,False
0.5,S2b,1.611878543166803,6.447514172667214,295.6374561233775,conditional_source_only_not_network_or_full_range_validated,8.059392715834017,2279.5541324260516,False
0.5,S2b,2.4178178147502045,9.671271259000822,294.93654736804496,conditional_source_only_not_network_or_full_range_validated,12.089089073751026,2279.5541324260516,False
0.5,S2b,3.223757086333606,12.895028345334428,294.23894745096806,conditional_source_only_not_network_or_full_range_validated,16.118785431668034,2279.5541324260516,False
0.5,S2b,4.029696357917008,16.118785431668034,293.5446563721468,conditional_source_only_not_network_or_full_range_validated,20.14848178958504,2279.554132426052,False
0.5,S2b,4.835635629500409,19.342542518001643,292.8536741315811,conditional_source_only_not_network_or_full_range_validated,24.178178147502052,2279.5541324260516,False
0.5,S2b,5.6415749010838105,22.56629960433525,292.16600072927105,conditional_source_only_not_network_or_full_range_validated,28.20787450541906,2279.5541324260516,False
0.5,S2b,6.447514172667212,25.79005669066885,291.4816361652167,conditional_source_only_not_network_or_full_range_validated,32.23757086333606,2279.5541324260516,False
0.5,S2b,7.2534534442506144,29.013813777002465,290.8005804394179,conditional_source_only_not_network_or_full_range_validated,36.26726722125308,2279.554132426052,False
0.5,S2b,8.059392715834015,32.23757086333607,290.1228335518748,conditional_source_only_not_network_or_full_range_validated,40.29696357917008,2279.554132426052,False
0.5,S2b,8.865331987417417,35.46132794966967,289.44839550258735,conditional_source_only_not_network_or_full_range_validated,44.326659937087086,2279.554132426052,False
0.5,S2b,9.671271259000818,38.68508503600329,288.77726629155546,conditional_source_only_not_network_or_full_range_validated,48.356356295004105,2279.5541324260516,False
0.5,S2b,10.47721053058422,41.90884212233689,288.1094459187792,conditional_source_only_not_network_or_full_range_validated,52.38605265292111,2279.5541324260516,False
0.5,S2b,11.28314980216762,45.1325992086705,287.44493438425866,conditional_source_only_not_network_or_full_range_validated,56.41574901083812,2279.5541324260516,False
0.5,S2b,12.089089073751024,48.356356295004105,286.7837316879937,conditional_source_only_not_network_or_full_range_validated,60.44544536875513,2279.5541324260516,False
0.5,S2b,12.895028345334424,51.58011338133771,286.12583782998433,conditional_source_only_not_network_or_full_range_validated,64.47514172667213,2279.5541324260516,False
0.5,S2b,13.700967616917827,54.80387046767133,285.4712528102307,conditional_source_only_not_network_or_full_range_validated,68.50483808458915,2279.5541324260516,False
0.5,S2b,14.506906888501227,58.02762755400493,284.8199766287326,conditional_source_only_not_network_or_full_range_validated,72.53453444250616,2279.554132426052,False
0.5,S2b,15.312846160084629,61.25138464033853,284.1720092854902,conditional_source_only_not_network_or_full_range_validated,76.56423080042316,2279.5541324260516,False
0.5,S2b,16.11878543166803,64.47514172667213,283.5273507805033,conditional_source_only_not_network_or_full_range_validated,80.59392715834016,2279.554132426052,False
0.5,S2b,16.92472470325143,67.69889881300575,282.88600111377224,conditional_source_only_not_network_or_full_range_validated,84.62362351625718,2279.5541324260516,False
0.5,S2b,17.730663974834833,70.92265589933935,282.2479602852967,conditional_source_only_not_network_or_full_range_validated,88.65331987417417,2279.554132426052,False
0.5,S2b,18.53660324641824,74.14641298567297,281.6132282950768,conditional_source_only_not_network_or_full_range_validated,92.6830162320912,2279.554132426052,False
0.5,S2b,19.34254251800164,77.37017007200657,280.9818051431125,conditional_source_only_not_network_or_full_range_validated,96.71271259000821,2279.5541324260516,False
0.5,S2b,20.14848178958504,80.59392715834018,280.35369082940394,conditional_source_only_not_network_or_full_range_validated,100.74240894792521,2279.5541324260516,False
0.5,S2b,20.95442106116844,83.81768424467379,279.7288853539509,conditional_source_only_not_network_or_full_range_validated,104.77210530584222,2279.5541324260516,False
0.5,S2b,21.76036033275184,87.04144133100739,279.1073887167535,conditional_source_only_not_network_or_full_range_validated,108.80180166375924,2279.554132426052,False
0.5,S2b,22.56629960433524,90.265198417341,278.48920091781184,conditional_source_only_not_network_or_full_range_validated,112.83149802167624,2279.5541324260516,False
0.5,S2b,23.372238875918647,93.48895550367462,277.87432195712574,conditional_source_only_not_network_or_full_range_validated,116.86119437959326,2279.5541324260516,False
0.5,S2b,24.178178147502045,96.7127125900082,277.2627518346952,conditional_source_only_not_network_or_full_range_validated,120.89089073751023,2279.5541324260516,False
0.5,S2b,24.984117419085447,99.93646967634182,276.65449055052045,conditional_source_only_not_network_or_full_range_validated,124.92058709542727,2279.554132426052,False
0.5,S2b,25.790056690668848,103.16022676267542,276.04953810460125,conditional_source_only_not_network_or_full_range_validated,128.95028345334427,2279.5541324260516,False
0.5,S2b,26.59599596225225,106.38398384900904,275.44789449693764,conditional_source_only_not_network_or_full_range_validated,132.9799798112613,2279.554132426052,False
0.5,S2b,27.40193523383565,109.60774093534263,274.8495597275297,conditional_source_only_not_network_or_full_range_validated,137.00967616917828,2279.5541324260516,False
0.5,S2b,28.20787450541905,112.83149802167624,274.2545337963774,conditional_source_only_not_network_or_full_range_validated,141.03937252709528,2279.554132426052,False
0.5,S2b,29.013813777002454,116.05525510800986,273.6628167034808,conditional_source_only_not_network_or_full_range_validated,145.0690688850123,2279.554132426052,False
0.5,S2b,29.819753048585856,119.27901219434348,273.07440844883973,conditional_source_only_not_network_or_full_range_validated,149.09876524292935,2279.5541324260516,False
0.5,S2b,30.625692320169257,122.50276928067706,272.48930903245434,conditional_source_only_not_network_or_full_range_validated,153.12846160084632,2279.5541324260516,False
0.5,S2b,31.43163159175266,125.72652636701066,271.9075184543246,conditional_source_only_not_network_or_full_range_validated,157.15815795876333,2279.554132426052,False
0.5,S2b,32.23757086333606,128.95028345334427,271.3290367144504,conditional_source_only_not_network_or_full_range_validated,161.18785431668033,2279.554132426052,False
0.5,S2b,0.7022001623421469,3.310372193898694,296.36444837260166,conditional_source_only_not_network_or_full_range_validated,4.012572356240841,2273.829939140689,False
0.5,S2b,1.4044003246842938,6.620744387797388,295.683057110485,conditional_source_only_not_network_or_full_range_validated,8.025144712481682,2273.829939140689,False
0.5,S2b,2.106600487026441,9.931116581696084,295.00502636245966,conditional_source_only_not_network_or_full_range_validated,12.037717068722525,2273.829939140689,False
0.5,S2b,2.8088006493685875,13.241488775594776,294.3303561285254,conditional_source_only_not_network_or_full_range_validated,16.050289424963363,2273.829939140689,False
0.5,S2b,3.5110008117107347,16.55186096949347,293.65904640868246,conditional_source_only_not_network_or_full_range_validated,20.062861781204205,2273.829939140689,False
0.5,S2b,4.213200974052882,19.86223316339217,292.9910972029307,conditional_source_only_not_network_or_full_range_validated,24.07543413744505,2273.829939140689,False
0.5,S2b,4.915401136395029,23.17260535729086,292.32650851127016,conditional_source_only_not_network_or_full_range_validated,28.08800649368589,2273.829939140689,False
0.5,S2b,5.617601298737175,26.482977551189556,291.6652803337009,conditional_source_only_not_network_or_full_range_validated,32.100578849926734,2273.829939140689,False
0.5,S2b,6.319801461079322,29.79334974508825,291.00741267022283,conditional_source_only_not_network_or_full_range_validated,36.11315120616757,2273.829939140689,False
0.5,S2b,7.0220016234214695,33.10372193898694,290.3529055208359,conditional_source_only_not_network_or_full_range_validated,40.12572356240841,2273.829939140689,False
0.5,S2b,7.724201785763617,36.41409413288564,289.7017588855403,conditional_source_only_not_network_or_full_range_validated,44.138295918649256,2273.829939140689,False
0.5,S2b,8.426401948105765,39.72446632678434,289.05397276433587,conditional_source_only_not_network_or_full_range_validated,48.1508682748901,2273.829939140689,False
0.5,S2b,9.12860211044791,43.034838520683024,288.40954715722273,conditional_source_only_not_network_or_full_range_validated,52.16344063113093,2273.8299391406886,False
0.5,S2b,9.830802272790056,46.34521071458172,287.7684820642007,conditional_source_only_not_network_or_full_range_validated,56.17601298737178,2273.829939140689,False
0.5,S2b,10.533002435132204,49.65558290848041,287.13077748527,conditional_source_only_not_network_or_full_range_validated,60.188585343612615,2273.829939140689,False
0.5,S2b,11.23520259747435,52.96595510237911,286.4964334204305,conditional_source_only_not_network_or_full_range_validated,64.20115769985347,2273.829939140689,False
0.5,S2b,11.937402759816498,56.276327296277806,285.8654498696822,conditional_source_only_not_network_or_full_range_validated,68.2137300560943,2273.8299391406895,False
0.5,S2b,12.639602922158645,59.5866994901765,285.2378268330251,conditional_source_only_not_network_or_full_range_validated,72.22630241233514,2273.829939140689,False
0.5,S2b,13.341803084500793,62.89707168407519,284.61356431045925,conditional_source_only_not_network_or_full_range_validated,76.23887476857598,2273.829939140689,False
0.5,S2b,14.04400324684294,66.20744387797389,283.99266230198464,conditional_source_only_not_network_or_full_range_validated,80.25144712481682,2273.829939140689,False
0.5,S2b,14.746203409185084,69.51781607187257,283.3751208076012,conditional_source_only_not_network_or_full_range_validated,84.26401948105766,2273.829939140689,False
0.5,S2b,15.448403571527232,72.82818826577127,282.7609398273091,conditional_source_only_not_network_or_full_range_validated,88.27659183729851,2273.8299391406895,False
0.5,S2b,16.15060373386938,76.13856045966997,282.15011936110807,conditional_source_only_not_network_or_full_range_validated,92.28916419353936,2273.829939140689,False
0.5,S2b,16.85280389621153,79.44893265356868,281.5426594089983,conditional_source_only_not_network_or_full_range_validated,96.3017365497802,2273.829939140689,False
0.5,S2b,17.555004058553674,82.75930484746735,280.9385599709798,conditional_source_only_not_network_or_full_range_validated,100.31430890602103,2273.829939140689,False
0.5,S2b,18.25720422089582,86.06967704136605,280.3378210470525,conditional_source_only_not_network_or_full_range_validated,104.32688126226186,2273.8299391406886,False
0.5,S2b,18.959404383237967,89.38004923526475,279.74044263721646,conditional_source_only_not_network_or_full_range_validated,108.33945361850272,2273.8299391406886,False
0.5,S2b,19.661604545580115,92.69042142916344,279.1464247414716,conditional_source_only_not_network_or_full_range_validated,112.35202597474355,2273.829939140689,False
0.5,S2b,20.363804707922263,96.00079362306214,278.55576735981793,conditional_source_only_not_network_or_full_range_validated,116.36459833098439,2273.8299391406886,False
0.5,S2b,21.066004870264408,99.31116581696082,277.9684704922556,conditional_source_only_not_network_or_full_range_validated,120.37717068722523,2273.829939140689,False
0.5,S2b,21.768205032606552,102.62153801085952,277.3845341387844,conditional_source_only_not_network_or_full_range_validated,124.38974304346607,2273.829939140689,False
0.5,S2b,22.4704051949487,105.9319102047582,276.8039582994044,conditional_source_only_not_network_or_full_range_validated,128.4023153997069,2273.829939140689,False
0.5,S2b,23.17260535729085,109.24228239865693,276.22674297411567,conditional_source_only_not_network_or_full_range_validated,132.41488775594777,2273.829939140689,False
0.5,S2b,23.874805519633,112.5526545925556,275.65288816291815,conditional_source_only_not_network_or_full_range_validated,136.4274601121886,2273.8299391406895,False
0.5,S2b,24.57700568197514,115.86302678645428,275.08239386581187,conditional_source_only_not_network_or_full_range_validated,140.44003246842942,2273.829939140689,False
0.5,S2b,25.27920584431729,119.173398980353,274.5152600827968,conditional_source_only_not_network_or_full_range_validated,144.4526048246703,2273.829939140689,False
0.5,S2b,25.98140600665944,122.48377117425169,273.951486813873,conditional_source_only_not_network_or_full_range_validated,148.46517718091113,2273.8299391406886,False
0.5,S2b,26.683606169001585,125.7941433681504,273.3910740590403,conditional_source_only_not_network_or_full_range_validated,152.477749537152,2273.8299391406895,False
0.5,S2b,27.38580633134373,129.10451556204907,272.83402181829894,conditional_source_only_not_network_or_full_range_validated,156.4903218933928,2273.829939140689,False
0.5,S2b,28.08800649368588,132.41488775594777,272.2803300916487,conditional_source_only_not_network_or_full_range_validated,160.50289424963364,2273.829939140689,False
0.5,S2b,0.5993389910979772,3.39625428288854,296.3870356152984,conditional_source_only_not_network_or_full_range_validated,3.9955932739865174,2268.134421914955,False
0.5,S2b,1.1986779821959543,6.792508565777079,295.72829348965564,conditional_source_only_not_network_or_full_range_validated,7.991186547973033,2268.134421914955,False
0.5,S2b,1.7980169732939313,10.188762848665618,295.0729737718815,conditional_source_only_not_network_or_full_range_validated,11.98677982195955,2268.134421914955,False
0.5,S2b,2.3973559643919087,13.585017131554158,294.4210764619757,conditional_source_only_not_network_or_full_range_validated,15.982373095946066,2268.134421914955,False
0.5,S2b,2.996694955489885,16.981271414442695,293.7726015599385,conditional_source_only_not_network_or_full_range_validated,19.97796636993258,2268.134421914955,False
0.5,S2b,3.5960339465878626,20.37752569733124,293.1275490657697,conditional_source_only_not_network_or_full_range_validated,23.973559643919103,2268.134421914955,False
0.5,S2b,4.19537293768584,23.77377998021978,292.48591897946943,conditional_source_only_not_network_or_full_range_validated,27.969152917905618,2268.134421914955,False
0.5,S2b,4.794711928783817,27.17003426310832,291.8477113010376,conditional_source_only_not_network_or_full_range_validated,31.96474619189214,2268.134421914955,False
0.5,S2b,5.394050919881794,30.56628854599685,291.21292603047425,conditional_source_only_not_network_or_full_range_validated,35.96033946587865,2268.1344219149555,False
0.5,S2b,5.99338991097977,33.96254282888539,290.58156316777934,conditional_source_only_not_network_or_full_range_validated,39.95593273986516,2268.134421914955,False
0.5,S2b,6.592728902077749,37.35879711177393,289.953622712953,conditional_source_only_not_network_or_full_range_validated,43.95152601385168,2268.134421914955,False
0.5,S2b,7.192067893175725,40.75505139466247,289.32910466599515,conditional_source_only_not_network_or_full_range_validated,47.9471192878382,2268.134421914955,False
0.5,S2b,7.7914068842737025,44.15130567755101,288.7080090269057,conditional_source_only_not_network_or_full_range_validated,51.94271256182471,2268.134421914955,False
0.5,S2b,8.39074587537168,47.54755996043956,288.0903357956848,conditional_source_only_not_network_or_full_range_validated,55.938305835811235,2268.134421914955,False
0.5,S2b,8.990084866469656,50.943814243328085,287.4760849723323,conditional_source_only_not_network_or_full_range_validated,59.93389910979774,2268.134421914955,False
0.5,S2b,9.589423857567636,54.34006852621663,286.8652565568483,conditional_source_only_not_network_or_full_range_validated,63.92949238378427,2268.134421914955,False
0.5,S2b,10.188762848665611,57.73632280910517,286.2578505492328,conditional_source_only_not_network_or_full_range_validated,67.92508565777078,2268.134421914955,False
0.5,S2b,10.788101839763588,61.1325770919937,285.65386694948575,conditional_source_only_not_network_or_full_range_validated,71.9206789317573,2268.1344219149555,False
0.5,S2b,11.387440830861564,64.52883137488224,285.0533057576072,conditional_source_only_not_network_or_full_range_validated,75.91627220574381,2268.134421914955,False
0.5,S2b,11.98677982195954,67.92508565777078,284.45616697359713,conditional_source_only_not_network_or_full_range_validated,79.91186547973032,2268.134421914955,False
0.5,S2b,12.58611881305752,71.32133994065931,283.8624505974555,conditional_source_only_not_network_or_full_range_validated,83.90745875371684,2268.134421914955,False
0.5,S2b,13.185457804155496,74.71759422354786,283.2721566291824,conditional_source_only_not_network_or_full_range_validated,87.90305202770335,2268.134421914955,False
0.5,S2b,13.784796795253474,78.11384850643641,282.6852850687777,conditional_source_only_not_network_or_full_range_validated,91.89864530168988,2268.134421914955,False
0.5,S2b,14.38413578635145,81.51010278932495,282.1018359162416,conditional_source_only_not_network_or_full_range_validated,95.8942385756764,2268.134421914955,False
0.5,S2b,14.983474777449423,84.90635707221347,281.521809171574,conditional_source_only_not_network_or_full_range_validated,99.8898318496629,2268.134421914955,False
0.5,S2b,15.582813768547403,88.30261135510202,280.9452048347747,conditional_source_only_not_network_or_full_range_validated,103.88542512364941,2268.134421914955,False
0.5,S2b,16.182152759645383,91.69886563799056,280.372022905844,conditional_source_only_not_network_or_full_range_validated,107.88101839763596,2268.134421914955,False
0.5,S2b,16.78149175074336,95.09511992087911,279.8022633847817,conditional_source_only_not_network_or_full_range_validated,111.87661167162247,2268.134421914955,False
0.5,S2b,17.380830741841336,98.49137420376763,279.235926271588,conditional_source_only_not_network_or_full_range_validated,115.87220494560897,2268.134421914955,False
0.5,S2b,17.980169732939313,101.88762848665615,278.6730115662627,conditional_source_only_not_network_or_full_range_validated,119.86779821959547,2268.134421914955,False
0.5,S2b,18.57950872403729,105.28388276954472,278.113519268806,conditional_source_only_not_network_or_full_range_validated,123.86339149358201,2268.1344219149555,False
0.5,S2b,19.17884771513527,108.68013705243328,277.5574493792176,conditional_source_only_not_network_or_full_range_validated,127.85898476756856,2268.134421914955,False
0.5,S2b,19.77818670623325,112.0763913353218,277.0048018974977,conditional_source_only_not_network_or_full_range_validated,131.85457804155504,2268.1344219149546,False
0.5,S2b,20.377525697331222,115.47264561821034,276.4555768236463,conditional_source_only_not_network_or_full_range_validated,135.85017131554156,2268.134421914955,False
0.5,S2b,20.9768646884292,118.86889990109889,275.90977415766343,conditional_source_only_not_network_or_full_range_validated,139.84576458952807,2268.134421914955,False
0.5,S2b,21.576203679527172,122.2651541839874,275.3673938995491,conditional_source_only_not_network_or_full_range_validated,143.8413578635146,2268.1344219149555,False
0.5,S2b,22.175542670625152,125.66140846687595,274.8284360493031,conditional_source_only_not_network_or_full_range_validated,147.8369511375011,2268.134421914955,False
0.5,S2b,22.77488166172313,129.0576627497645,274.2929006069257,conditional_source_only_not_network_or_full_range_validated,151.83254441148762,2268.134421914955,False
0.5,S2b,23.374220652821105,132.45391703265304,273.76078757241663,conditional_source_only_not_network_or_full_range_validated,155.82813768547413,2268.134421914955,False
0.5,S2b,23.97355964391908,135.85017131554156,273.23209694577616,conditional_source_only_not_network_or_full_range_validated,159.82373095946065,2268.134421914955,False
0.5,S2b,0.4973446599048596,3.4814126193340176,296.40943774706574,conditional_source_only_not_network_or_full_range_validated,3.9787572792388772,2262.4673658028078,False
0.5,S2b,0.9946893198097192,6.962825238668035,295.7731696016202,conditional_source_only_not_network_or_full_range_validated,7.9575145584777545,2262.4673658028078,False
0.5,S2b,1.4920339797145792,10.444237858002056,295.140395712473,conditional_source_only_not_network_or_full_range_validated,11.936271837716635,2262.4673658028073,False
0.5,S2b,1.9893786396194384,13.92565047733607,294.51111607962406,conditional_source_only_not_network_or_full_range_validated,15.915029116955509,2262.4673658028078,False
0.5,S2b,2.4867232995242983,17.407063096670086,293.8853307030734,conditional_source_only_not_network_or_full_range_validated,19.893786396194386,2262.467365802808,False
0.5,S2b,2.9840679594291584,20.88847571600411,293.263039582821,conditional_source_only_not_network_or_full_range_validated,23.872543675433267,2262.4673658028078,False
0.5,S2b,3.481412619334018,24.369888335338125,292.64424271886696,conditional_source_only_not_network_or_full_range_validated,27.851300954672144,2262.4673658028078,False
0.5,S2b,3.978757279238877,27.85130095467214,292.0289401112111,conditional_source_only_not_network_or_full_range_validated,31.830058233911018,2262.4673658028078,False
0.5,S2b,4.476101939143737,31.33271357400616,291.4171317598536,conditional_source_only_not_network_or_full_range_validated,35.808815513149895,2262.4673658028078,False
0.5,S2b,4.9734465990485965,34.81412619334017,290.8088176647944,conditional_source_only_not_network_or_full_range_validated,39.78757279238877,2262.467365802808,False
0.5,S2b,5.470791258953456,38.2955388126742,290.2039978260334,conditional_source_only_not_network_or_full_range_validated,43.76633007162766,2262.4673658028073,False
0.5,S2b,5.968135918858317,41.77695143200822,289.60267224357074,conditional_source_only_not_network_or_full_range_validated,47.745087350866534,2262.4673658028078,False
0.5,S2b,6.465480578763176,45.25836405134223,289.0048409174064,conditional_source_only_not_network_or_full_range_validated,51.723844630105404,2262.4673658028078,False
0.5,S2b,6.962825238668036,48.73977667067625,288.41050384754027,conditional_source_only_not_network_or_full_range_validated,55.70260190934429,2262.4673658028078,False
0.5,S2b,7.460169898572895,52.221189290010265,287.81966103397247,conditional_source_only_not_network_or_full_range_validated,59.68135918858316,2262.4673658028078,False
0.5,S2b,7.957514558477754,55.70260190934428,287.23231247670293,conditional_source_only_not_network_or_full_range_validated,63.660116467822036,2262.4673658028078,False
0.5,S2b,8.454859218382614,59.1840145286783,286.64845817573166,conditional_source_only_not_network_or_full_range_validated,67.63887374706091,2262.467365802808,False
0.5,S2b,8.952203878287474,62.66542714801231,286.0680981310587,conditional_source_only_not_network_or_full_range_validated,71.61763102629979,2262.4673658028078,False
0.5,S2b,9.449548538192332,66.14683976734634,285.49123234268404,conditional_source_only_not_network_or_full_range_validated,75.59638830553867,2262.4673658028073,False
0.5,S2b,9.946893198097191,69.62825238668034,284.9178608106076,conditional_source_only_not_network_or_full_range_validated,79.57514558477753,2262.4673658028078,False
0.5,S2b,10.444237858002053,73.10966500601437,284.3479835348295,conditional_source_only_not_network_or_full_range_validated,83.55390286401642,2262.4673658028078,False
0.5,S2b,10.941582517906912,76.59107762534839,283.7816005153497,conditional_source_only_not_network_or_full_range_validated,87.5326601432553,2262.4673658028073,False
0.5,S2b,11.438927177811774,80.07249024468241,283.21871175216813,conditional_source_only_not_network_or_full_range_validated,91.51141742249419,2262.4673658028078,False
0.5,S2b,11.936271837716632,83.55390286401644,282.65931724528485,conditional_source_only_not_network_or_full_range_validated,95.49017470173307,2262.4673658028078,False
0.5,S2b,12.433616497621491,87.03531548335044,282.1034169946999,conditional_source_only_not_network_or_full_range_validated,99.46893198097193,2262.4673658028073,False
0.5,S2b,12.930961157526353,90.51672810268444,281.55101100041315,conditional_source_only_not_network_or_full_range_validated,103.4476892602108,2262.4673658028078,False
0.5,S2b,13.42830581743121,93.99814072201848,281.0020992624248,conditional_source_only_not_network_or_full_range_validated,107.42644653944969,2262.4673658028078,False
0.5,S2b,13.925650477336072,97.4795533413525,280.4566817807347,conditional_source_only_not_network_or_full_range_validated,111.40520381868858,2262.4673658028078,False
0.5,S2b,14.422995137240932,100.96096596068652,279.9147585553428,conditional_source_only_not_network_or_full_range_validated,115.38396109792745,2262.4673658028078,False
0.5,S2b,14.92033979714579,104.44237858002052,279.37632958624926,conditional_source_only_not_network_or_full_range_validated,119.3627183771663,2262.4673658028078,False
0.5,S2b,15.41768445705065,107.92379119935454,278.841394873454,conditional_source_only_not_network_or_full_range_validated,123.3414756564052,2262.4673658028078,False
0.5,S2b,15.915029116955507,111.40520381868856,278.309954416957,conditional_source_only_not_network_or_full_range_validated,127.32023293564407,2262.4673658028078,False
0.5,S2b,16.41237377686037,114.8866164380226,277.7820082167583,conditional_source_only_not_network_or_full_range_validated,131.29899021488296,2262.4673658028078,False
0.5,S2b,16.90971843676523,118.3680290573566,277.25755627285787,conditional_source_only_not_network_or_full_range_validated,135.27774749412183,2262.467365802808,False
0.5,S2b,17.407063096670086,121.8494416766906,276.7365985852557,conditional_source_only_not_network_or_full_range_validated,139.2565047733607,2262.4673658028073,False
0.5,S2b,17.904407756574948,125.33085429602464,276.21913515395187,conditional_source_only_not_network_or_full_range_validated,143.23526205259958,2262.4673658028078,False
0.5,S2b,18.40175241647981,128.81226691535866,275.7051659789463,conditional_source_only_not_network_or_full_range_validated,147.21401933183847,2262.4673658028078,False
0.5,S2b,18.899097076384667,132.29367953469267,275.194691060239,conditional_source_only_not_network_or_full_range_validated,151.19277661107733,2262.4673658028073,False
0.5,S2b,19.39644173628953,135.7750921540267,274.68771039783,conditional_source_only_not_network_or_full_range_validated,155.17153389031623,2262.4673658028073,False
0.5,S2b,19.893786396194383,139.2565047733607,274.1842239917193,conditional_source_only_not_network_or_full_range_validated,159.15029116955506,2262.4673658028078,False
0.5,S2b,0.3962062570829342,3.565856313746409,296.43165703239805,conditional_source_only_not_network_or_full_range_validated,3.9620625708293433,2256.828558001068,False
0.5,S2b,0.7924125141658684,7.131712627492818,295.81768971873873,conditional_source_only_not_network_or_full_range_validated,7.924125141658687,2256.828558001068,False
0.5,S2b,1.1886187712488028,10.697568941239227,295.2072982078316,conditional_source_only_not_network_or_full_range_validated,11.88618771248803,2256.828558001068,False
0.5,S2b,1.5848250283317369,14.263425254985636,294.6004824996768,conditional_source_only_not_network_or_full_range_validated,15.848250283317373,2256.828558001068,False
0.5,S2b,1.9810312854146712,17.829281568732046,293.9972425942741,conditional_source_only_not_network_or_full_range_validated,19.810312854146716,2256.8285580010674,False
0.5,S2b,2.377237542497605,21.39513788247845,293.3975784916236,conditional_source_only_not_network_or_full_range_validated,23.772375424976055,2256.8285580010674,False
0.5,S2b,2.77344379958054,24.960994196224863,292.8014901917254,conditional_source_only_not_network_or_full_range_validated,27.734437995805404,2256.828558001068,False
0.5,S2b,3.1696500566634738,28.526850509971272,292.20897769457935,conditional_source_only_not_network_or_full_range_validated,31.696500566634747,2256.828558001068,False
0.5,S2b,3.5658563137464085,32.092706823717684,291.6200410001855,conditional_source_only_not_network_or_full_range_validated,35.65856313746409,2256.828558001068,False
0.5,S2b,3.9620625708293424,35.65856313746409,291.03468010854385,conditional_source_only_not_network_or_full_range_validated,39.62062570829343,2256.8285580010674,False
0.5,S2b,4.358268827912277,39.2244194512105,290.4528950196545,conditional_source_only_not_network_or_full_range_validated,43.58268827912278,2256.828558001068,False
0.5,S2b,4.754475084995211,42.79027576495691,289.87468573351725,conditional_source_only_not_network_or_full_range_validated,47.54475084995212,2256.828558001068,False
0.5,S2b,5.150681342078145,46.35613207870332,289.3000522501323,conditional_source_only_not_network_or_full_range_validated,51.50681342078146,2256.828558001068,False
0.5,S2b,5.54688759916108,49.92198839244973,288.7289945694995,conditional_source_only_not_network_or_full_range_validated,55.46887599161081,2256.828558001068,False
0.5,S2b,5.943093856244014,53.487844706196135,288.1615126916189,conditional_source_only_not_network_or_full_range_validated,59.43093856244015,2256.828558001068,False
0.5,S2b,6.339300113326948,57.053701019942544,287.5976066164905,conditional_source_only_not_network_or_full_range_validated,63.39300113326949,2256.828558001068,False
0.5,S2b,6.735506370409882,60.61955733368896,287.0372763441144,conditional_source_only_not_network_or_full_range_validated,67.35506370409884,2256.828558001068,False
0.5,S2b,7.131712627492817,64.18541364743537,286.4805218744905,conditional_source_only_not_network_or_full_range_validated,71.31712627492819,2256.828558001068,False
0.5,S2b,7.527918884575752,67.75126996118178,285.9273432076187,conditional_source_only_not_network_or_full_range_validated,75.27918884575753,2256.828558001068,False
0.5,S2b,7.924125141658685,71.31712627492819,285.3777403434992,conditional_source_only_not_network_or_full_range_validated,79.24125141658686,2256.8285580010674,False
0.5,S2b,8.320331398741619,74.8829825886746,284.83171328213183,conditional_source_only_not_network_or_full_range_validated,83.20331398741621,2256.828558001068,False
0.5,S2b,8.716537655824554,78.448838902421,284.2892620235168,conditional_source_only_not_network_or_full_range_validated,87.16537655824555,2256.828558001068,False
0.5,S2b,9.112743912907488,82.01469521616741,283.75038656765383,conditional_source_only_not_network_or_full_range_validated,91.1274391290749,2256.828558001068,False
0.5,S2b,9.508950169990422,85.58055152991382,283.2150869145432,conditional_source_only_not_network_or_full_range_validated,95.08950169990425,2256.828558001068,False
0.5,S2b,9.905156427073356,89.14640784366023,282.68336306418473,conditional_source_only_not_network_or_full_range_validated,99.05156427073358,2256.828558001068,False
0.5,S2b,10.30136268415629,92.71226415740664,282.15521501657844,conditional_source_only_not_network_or_full_range_validated,103.01362684156292,2256.828558001068,False
0.5,S2b,10.697568941239224,96.27812047115304,281.63064277172435,conditional_source_only_not_network_or_full_range_validated,106.97568941239227,2256.8285580010674,False
0.5,S2b,11.09377519832216,99.84397678489944,281.1096463296225,conditional_source_only_not_network_or_full_range_validated,110.9377519832216,2256.828558001068,False
0.5,S2b,11.489981455405092,103.40983309864586,280.59222569027287,conditional_source_only_not_network_or_full_range_validated,114.89981455405095,2256.8285580010674,False
0.5,S2b,11.886187712488027,106.97568941239228,280.07838085367547,conditional_source_only_not_network_or_full_range_validated,118.86187712488031,2256.8285580010674,False
0.5,S2b,12.28239396957096,110.54154572613868,279.5681118198302,conditional_source_only_not_network_or_full_range_validated,122.82393969570964,2256.8285580010684,False
0.5,S2b,12.678600226653897,114.10740203988507,279.06141858873724,conditional_source_only_not_network_or_full_range_validated,126.78600226653897,2256.828558001068,False
0.5,S2b,13.07480648373683,117.6732583536315,278.55830116039635,conditional_source_only_not_network_or_full_range_validated,130.74806483736833,2256.828558001068,False
0.5,S2b,13.471012740819765,121.23911466737792,278.0587595348078,conditional_source_only_not_network_or_full_range_validated,134.71012740819768,2256.828558001068,False
0.5,S2b,13.867218997902697,124.8049709811243,277.56279371197144,conditional_source_only_not_network_or_full_range_validated,138.672189979027,2256.828558001068,False
0.5,S2b,14.263425254985634,128.37082729487074,277.07040369188724,conditional_source_only_not_network_or_full_range_validated,142.63425254985637,2256.828558001068,False
0.5,S2b,14.659631512068568,131.93668360861716,276.5815894745553,conditional_source_only_not_network_or_full_range_validated,146.59631512068572,2256.828558001068,False
0.5,S2b,15.055837769151504,135.50253992236355,276.0963510599755,conditional_source_only_not_network_or_full_range_validated,150.55837769151506,2256.828558001068,False
0.5,S2b,15.452044026234438,139.06839623610998,275.61468844814794,conditional_source_only_not_network_or_full_range_validated,154.5204402623444,2256.8285580010674,False
0.5,S2b,15.84825028331737,142.63425254985637,275.13660163907264,conditional_source_only_not_network_or_full_range_validated,158.48250283317373,2256.8285580010674,False
0.5,S2b,0.2959130533270158,3.649594324366531,296.45369569903414,conditional_source_only_not_network_or_full_range_validated,3.9455073776935468,2251.217787822782,False
0.5,S2b,0.5918261066540317,7.299188648733062,295.8618580463356,conditional_source_only_not_network_or_full_range_validated,7.8910147553870935,2251.217787822782,False
0.5,S2b,0.8877391599810475,10.948782973099592,295.27368719071364,conditional_source_only_not_network_or_full_range_validated,11.836522133080638,2251.217787822782,False
0.5,S2b,1.1836522133080634,14.598377297466124,294.6891831321684,conditional_source_only_not_network_or_full_range_validated,15.782029510774187,2251.217787822782,False
0.5,S2b,1.479565266635079,18.24797162183265,294.1083458707,conditional_source_only_not_network_or_full_range_validated,19.72753688846773,2251.217787822782,False
0.5,S2b,1.775478319962095,21.897565946199187,293.5311754063082,conditional_source_only_not_network_or_full_range_validated,23.67304426616128,2251.217787822782,False
0.5,S2b,2.071391373289111,25.54716027056572,292.9576717389932,conditional_source_only_not_network_or_full_range_validated,27.61855164385483,2251.217787822782,False
0.5,S2b,2.3673044266161267,29.196754594932248,292.3878348687549,conditional_source_only_not_network_or_full_range_validated,31.564059021548374,2251.217787822782,False
0.5,S2b,2.6632174799431425,32.84634891929878,291.8216647955933,conditional_source_only_not_network_or_full_range_validated,35.50956639924192,2251.2177878227826,False
0.5,S2b,2.959130533270158,36.49594324366531,291.2591615195085,conditional_source_only_not_network_or_full_range_validated,39.455073776935464,2251.217787822782,False
0.5,S2b,3.255043586597174,40.14553756803184,290.7003250405004,conditional_source_only_not_network_or_full_range_validated,43.400581154629016,2251.217787822782,False
0.5,S2b,3.55095663992419,43.79513189239837,290.14515535856896,conditional_source_only_not_network_or_full_range_validated,47.34608853232256,2251.217787822782,False
0.5,S2b,3.8468696932512056,47.4447262167649,289.59365247371426,conditional_source_only_not_network_or_full_range_validated,51.291595910016106,2251.2177878227826,False
0.5,S2b,4.142782746578222,51.09432054113144,289.04581638593623,conditional_source_only_not_network_or_full_range_validated,55.23710328770966,2251.217787822782,False
0.5,S2b,4.438695799905237,54.74391486549796,288.501647095235,conditional_source_only_not_network_or_full_range_validated,59.1826106654032,2251.217787822782,False
0.5,S2b,4.734608853232253,58.393509189864496,287.96114460161044,conditional_source_only_not_network_or_full_range_validated,63.12811804309675,2251.217787822782,False
0.5,S2b,5.030521906559269,62.04310351423102,287.4243089050627,conditional_source_only_not_network_or_full_range_validated,67.0736254207903,2251.2177878227826,False
0.5,S2b,5.326434959886285,65.69269783859755,286.8911400055916,conditional_source_only_not_network_or_full_range_validated,71.01913279848384,2251.2177878227826,False
0.5,S2b,5.6223480132133,69.34229216296409,286.3616379031972,conditional_source_only_not_network_or_full_range_validated,74.96464017617738,2251.217787822782,False
0.5,S2b,5.918261066540316,72.99188648733062,285.83580259787954,conditional_source_only_not_network_or_full_range_validated,78.91014755387093,2251.217787822782,False
0.5,S2b,6.214174119867332,76.64148081169714,285.3136340896386,conditional_source_only_not_network_or_full_range_validated,82.85565493156447,2251.217787822782,False
0.5,S2b,6.510087173194348,80.29107513606368,284.7951323784744,conditional_source_only_not_network_or_full_range_validated,86.80116230925803,2251.217787822782,False
0.5,S2b,6.806000226521364,83.94066946043021,284.2802974643869,conditional_source_only_not_network_or_full_range_validated,90.74666968695158,2251.2177878227817,False
0.5,S2b,7.10191327984838,87.59026378479675,283.7691293473761,conditional_source_only_not_network_or_full_range_validated,94.69217706464512,2251.217787822782,False
0.5,S2b,7.397826333175396,91.23985810916326,283.2616280274421,conditional_source_only_not_network_or_full_range_validated,98.63768444233867,2251.2177878227826,False
0.5,S2b,7.693739386502411,94.8894524335298,282.75779350458475,conditional_source_only_not_network_or_full_range_validated,102.58319182003221,2251.2177878227826,False
0.5,S2b,7.989652439829427,98.53904675789632,282.25762577880414,conditional_source_only_not_network_or_full_range_validated,106.52869919772574,2251.2177878227826,False
0.5,S2b,8.285565493156444,102.18864108226288,281.76112485010026,conditional_source_only_not_network_or_full_range_validated,110.47420657541932,2251.217787822782,False
0.5,S2b,8.58147854648346,105.8382354066294,281.2682907184732,conditional_source_only_not_network_or_full_range_validated,114.41971395311285,2251.217787822782,False
0.5,S2b,8.877391599810474,109.48782973099593,280.77912338392275,conditional_source_only_not_network_or_full_range_validated,118.3652213308064,2251.217787822782,False
0.5,S2b,9.17330465313749,113.13742405536244,280.293622846449,conditional_source_only_not_network_or_full_range_validated,122.31072870849994,2251.217787822782,False
0.5,S2b,9.469217706464509,116.787018379729,279.811789106052,conditional_source_only_not_network_or_full_range_validated,126.25623608619351,2251.2177878227826,False
0.5,S2b,9.765130759791523,120.43661270409554,279.33362216273173,conditional_source_only_not_network_or_full_range_validated,130.20174346388706,2251.2177878227826,False
0.5,S2b,10.061043813118538,124.08620702846204,278.8591220164882,conditional_source_only_not_network_or_full_range_validated,134.1472508415806,2251.2177878227826,False
0.5,S2b,10.356956866445552,127.73580135282856,278.3882886673214,conditional_source_only_not_network_or_full_range_validated,138.09275821927412,2251.2177878227826,False
0.5,S2b,10.65286991977257,131.3853956771951,277.92112211523124,conditional_source_only_not_network_or_full_range_validated,142.03826559696768,2251.2177878227826,False
0.5,S2b,10.948782973099586,135.03499000156165,277.45762236021784,conditional_source_only_not_network_or_full_range_validated,145.98377297466124,2251.217787822782,False
0.5,S2b,11.2446960264266,138.68458432592817,276.9977894022812,conditional_source_only_not_network_or_full_range_validated,149.92928035235477,2251.217787822782,False
0.5,S2b,11.540609079753615,142.33417865029472,276.54162324142123,conditional_source_only_not_network_or_full_range_validated,153.87478773004833,2251.217787822782,False
0.5,S2b,11.836522133080631,145.98377297466124,276.08912387763803,conditional_source_only_not_network_or_full_range_validated,157.82029510774186,2251.217787822782,False
0.5,S2b,0.19645449791225,3.732635460332756,296.4755559387,conditional_source_only_not_network_or_full_range_validated,3.9290899582450063,2245.634846670983,False
0.5,S2b,0.3929089958245001,7.465270920665512,295.9056787240036,conditional_source_only_not_network_or_full_range_validated,7.858179916490013,2245.634846670983,False
0.5,S2b,0.5893634937367501,11.197906380998267,295.3395685047204,conditional_source_only_not_network_or_full_range_validated,11.787269874735017,2245.634846670983,False
0.5,S2b,0.7858179916490002,14.930541841331024,294.7772252808504,conditional_source_only_not_network_or_full_range_validated,15.716359832980025,2245.634846670983,False
0.5,S2b,0.98227248956125,18.66317730166378,294.2186490523935,conditional_source_only_not_network_or_full_range_validated,19.64544979122503,2245.634846670983,False
0.5,S2b,1.1787269874735002,22.395812761996535,293.66383981934985,conditional_source_only_not_network_or_full_range_validated,23.574539749470034,2245.634846670983,False
0.5,S2b,1.3751814853857505,26.128448222329297,293.1127975817194,conditional_source_only_not_network_or_full_range_validated,27.503629707715046,2245.6348466709824,False
0.5,S2b,1.5716359832980005,29.86108368266205,292.56552233950214,conditional_source_only_not_network_or_full_range_validated,31.43271966596005,2245.634846670983,False
0.5,S2b,1.7680904812102505,33.5937191429948,292.02201409269804,conditional_source_only_not_network_or_full_range_validated,35.36180962420505,2245.634846670983,False
0.5,S2b,1.9645449791225005,37.32635460332756,291.48227284130706,conditional_source_only_not_network_or_full_range_validated,39.29089958245006,2245.634846670983,False
0.5,S2b,2.1609994770347507,41.05899006366032,290.9462985853294,conditional_source_only_not_network_or_full_range_validated,43.21998954069507,2245.6348466709833,False
0.5,S2b,2.3574539749470005,44.79162552399308,290.41409132476485,conditional_source_only_not_network_or_full_range_validated,47.14907949894008,2245.6348466709833,False
0.5,S2b,2.5539084728592503,48.52426098432583,289.88565105961345,conditional_source_only_not_network_or_full_range_validated,51.078169457185076,2245.634846670983,False
0.5,S2b,2.750362970771501,52.256896444658594,289.3609777898753,conditional_source_only_not_network_or_full_range_validated,55.00725941543009,2245.6348466709824,False
0.5,S2b,2.9468174686837503,55.98953190499134,288.84007151555033,conditional_source_only_not_network_or_full_range_validated,58.936349373675085,2245.6348466709824,False
0.5,S2b,3.143271966596001,59.7221673653241,288.3229322366385,conditional_source_only_not_network_or_full_range_validated,62.8654393319201,2245.634846670983,False
0.5,S2b,3.3397264645082507,63.45480282565685,287.80955995313985,conditional_source_only_not_network_or_full_range_validated,66.7945292901651,2245.6348466709824,False
0.5,S2b,3.5361809624205005,67.1874382859896,287.29995466505443,conditional_source_only_not_network_or_full_range_validated,70.7236192484101,2245.634846670983,False
0.5,S2b,3.732635460332751,70.92007374632237,286.7941163723821,conditional_source_only_not_network_or_full_range_validated,74.65270920665512,2245.634846670983,False
0.5,S2b,3.929089958245001,74.65270920665512,286.2920450751231,conditional_source_only_not_network_or_full_range_validated,78.58179916490012,2245.634846670983,False
0.5,S2b,4.125544456157251,78.38534466698788,285.7937407732772,conditional_source_only_not_network_or_full_range_validated,82.51088912314513,2245.634846670983,False
0.5,S2b,4.321998954069501,82.11798012732064,285.2992034668445,conditional_source_only_not_network_or_full_range_validated,86.43997908139013,2245.6348466709833,False
0.5,S2b,4.518453451981752,85.8506155876534,284.8084331558249,conditional_source_only_not_network_or_full_range_validated,90.36906903963515,2245.6348466709833,False
0.5,S2b,4.714907949894001,89.58325104798615,284.32142984021857,conditional_source_only_not_network_or_full_range_validated,94.29815899788015,2245.634846670983,False
0.5,S2b,4.911362447806251,93.3158865083189,283.8381935200254,conditional_source_only_not_network_or_full_range_validated,98.22724895612515,2245.6348466709833,False
0.5,S2b,5.1078169457185005,97.04852196865166,283.3587241952455,conditional_source_only_not_network_or_full_range_validated,102.15633891437015,2245.634846670983,False
0.5,S2b,5.304271443630752,100.7811574289844,282.8830218658787,conditional_source_only_not_network_or_full_range_validated,106.08542887261515,2245.6348466709833,False
0.5,S2b,5.500725941543002,104.5137928893172,282.4110865319251,conditional_source_only_not_network_or_full_range_validated,110.0145188308602,2245.6348466709824,False
0.5,S2b,5.697180439455251,108.24642834964992,281.9429181933847,conditional_source_only_not_network_or_full_range_validated,113.94360878910517,2245.634846670983,False
0.5,S2b,5.8936349373675005,111.97906380998268,281.4785168502574,conditional_source_only_not_network_or_full_range_validated,117.87269874735017,2245.6348466709824,False
0.5,S2b,6.090089435279751,115.71169927031544,281.01788250254333,conditional_source_only_not_network_or_full_range_validated,121.80178870559519,2245.634846670983,False
0.5,S2b,6.286543933192002,119.4443347306482,280.56101515024244,conditional_source_only_not_network_or_full_range_validated,125.7308786638402,2245.634846670983,False
0.5,S2b,6.482998431104252,123.17697019098097,280.1079147933548,conditional_source_only_not_network_or_full_range_validated,129.65996862208522,2245.634846670983,False
0.5,S2b,6.6794529290165015,126.9096056513137,279.6585814318803,conditional_source_only_not_network_or_full_range_validated,133.5890585803302,2245.6348466709824,False
0.5,S2b,6.875907426928752,130.64224111164646,279.213015065819,conditional_source_only_not_network_or_full_range_validated,137.51814853857522,2245.634846670983,False
0.5,S2b,7.072361924841001,134.3748765719792,278.7712156951708,conditional_source_only_not_network_or_full_range_validated,141.4472384968202,2245.634846670983,False
0.5,S2b,7.268816422753251,138.10751203231197,278.3331833199358,conditional_source_only_not_network_or_full_range_validated,145.37632845506522,2245.634846670983,False
0.5,S2b,7.465270920665501,141.84014749264475,277.8989179401141,conditional_source_only_not_network_or_full_range_validated,149.30541841331024,2245.634846670983,False
0.5,S2b,7.661725418577753,145.5727829529775,277.4684195557055,conditional_source_only_not_network_or_full_range_validated,153.23450837155525,2245.6348466709833,False
0.5,S2b,7.858179916490001,149.30541841331024,277.0416881667101,conditional_source_only_not_network_or_full_range_validated,157.16359832980024,2245.634846670983,False
0.5,S2b,0.0978202149941091,3.8149883847702695,296.49723990783207,conditional_source_only_not_network_or_full_range_validated,3.9128085997643787,2240.079528012835,False
0.5,S2b,0.1956404299882182,7.629976769540539,295.9491558268781,conditional_source_only_not_network_or_full_range_validated,7.825617199528757,2240.079528012835,False
0.5,S2b,0.2934606449823274,11.444965154310813,295.4049479059476,conditional_source_only_not_network_or_full_range_validated,11.73842579929314,2240.0795280128355,False
0.5,S2b,0.3912808599764364,15.259953539081078,294.86461614504054,conditional_source_only_not_network_or_full_range_validated,15.651234399057515,2240.079528012835,False
0.5,S2b,0.4891010749705456,19.07494192385135,294.32816054415696,conditional_source_only_not_network_or_full_range_validated,19.564042998821893,2240.079528012835,False
0.5,S2b,0.5869212899646548,22.889930308621626,293.79558110329685,conditional_source_only_not_network_or_full_range_validated,23.47685159858628,2240.0795280128355,False
0.5,S2b,0.684741504958764,26.70491869339189,293.2668778224602,conditional_source_only_not_network_or_full_range_validated,27.389660198350654,2240.079528012835,False
0.5,S2b,0.7825617199528729,30.51990707816216,292.742050701647,conditional_source_only_not_network_or_full_range_validated,31.302468798115033,2240.0795280128355,False
0.5,S2b,0.8803819349469821,34.33489546293243,292.2210997408572,conditional_source_only_not_network_or_full_range_validated,35.21527739787941,2240.0795280128355,False
0.5,S2b,0.9782021499410912,38.1498838477027,291.70402494009096,conditional_source_only_not_network_or_full_range_validated,39.12808599764379,2240.079528012835,False
0.5,S2b,1.0760223649352003,41.96487223247297,291.1908262993481,conditional_source_only_not_network_or_full_range_validated,43.04089459740817,2240.0795280128355,False
0.5,S2b,1.1738425799293095,45.77986061724325,290.6815038186288,conditional_source_only_not_network_or_full_range_validated,46.95370319717256,2240.0795280128355,False
0.5,S2b,1.2716627949234187,49.59484900201351,290.17605749793285,conditional_source_only_not_network_or_full_range_validated,50.86651179693693,2240.079528012835,False
0.5,S2b,1.369483009917528,53.40983738678378,289.6744873372604,conditional_source_only_not_network_or_full_range_validated,54.77932039670131,2240.079528012835,False
0.5,S2b,1.467303224911637,57.224825771554045,289.1767933366113,conditional_source_only_not_network_or_full_range_validated,58.692128996465684,2240.079528012835,False
0.5,S2b,1.565123439905746,61.03981415632431,288.68297549598583,conditional_source_only_not_network_or_full_range_validated,62.60493759623006,2240.079528012835,False
0.5,S2b,1.6629436548998553,64.8548025410946,288.1930338153838,conditional_source_only_not_network_or_full_range_validated,66.51774619599445,2240.0795280128345,False
0.5,S2b,1.7607638698939645,68.66979092586486,287.7069682948052,conditional_source_only_not_network_or_full_range_validated,70.43055479575882,2240.0795280128355,False
0.5,S2b,1.8585840848880733,72.48477931063512,287.2247789342501,conditional_source_only_not_network_or_full_range_validated,74.3433633955232,2240.079528012835,False
0.5,S2b,1.9564042998821825,76.2997676954054,286.7464657337184,conditional_source_only_not_network_or_full_range_validated,78.25617199528757,2240.079528012835,False
0.5,S2b,2.0542245148762914,80.11475608017565,286.2720286932102,conditional_source_only_not_network_or_full_range_validated,82.16898059505195,2240.079528012835,False
0.5,S2b,2.1520447298704006,83.92974446494594,285.80146781272543,conditional_source_only_not_network_or_full_range_validated,86.08178919481634,2240.0795280128355,False
0.5,S2b,2.24986494486451,87.7447328497162,285.3347830922641,conditional_source_only_not_network_or_full_range_validated,89.99459779458071,2240.079528012835,False
0.5,S2b,2.347685159858619,91.55972123448647,284.8719745318263,conditional_source_only_not_network_or_full_range_validated,93.90740639434509,2240.079528012835,False
0.5,S2b,2.445505374852728,95.37470961925672,284.41304213141194,conditional_source_only_not_network_or_full_range_validated,97.82021499410945,2240.079528012835,False
0.5,S2b,2.543325589846837,99.18969800402702,283.957985891021,conditional_source_only_not_network_or_full_range_validated,101.73302359387385,2240.0795280128345,False
0.5,S2b,2.641145804840946,103.00468638879728,283.50680581065353,conditional_source_only_not_network_or_full_range_validated,105.64583219363823,2240.079528012835,False
0.5,S2b,2.738966019835056,106.81967477356756,283.05950189030955,conditional_source_only_not_network_or_full_range_validated,109.55864079340262,2240.079528012835,False
0.5,S2b,2.8367862348291646,110.63466315833784,282.61607412998904,conditional_source_only_not_network_or_full_range_validated,113.471449393167,2240.079528012835,False
0.5,S2b,2.934606449823274,114.44965154310808,282.176522529692,conditional_source_only_not_network_or_full_range_validated,117.38425799293135,2240.079528012835,False
0.5,S2b,3.032426664817383,118.26463992787836,281.7408470894184,conditional_source_only_not_network_or_full_range_validated,121.29706659269574,2240.079528012835,False
0.5,S2b,3.130246879811492,122.07962831264862,281.30904780916825,conditional_source_only_not_network_or_full_range_validated,125.20987519246012,2240.079528012835,False
0.5,S2b,3.2280670948056014,125.89461669741893,280.88112468894155,conditional_source_only_not_network_or_full_range_validated,129.12268379222454,2240.079528012835,False
0.5,S2b,3.3258873097997106,129.7096050821892,280.45707772873834,conditional_source_only_not_network_or_full_range_validated,133.0354923919889,2240.0795280128345,False
0.5,S2b,3.42370752479382,133.52459346695943,280.0369069285585,conditional_source_only_not_network_or_full_range_validated,136.94830099175326,2240.079528012835,False
0.5,S2b,3.5215277397879285,137.33958185172972,279.62061228840224,conditional_source_only_not_network_or_full_range_validated,140.86110959151765,2240.0795280128355,False
0.5,S2b,3.619347954782037,141.15457023649998,279.2081938082694,conditional_source_only_not_network_or_full_range_validated,144.773918191282,2240.079528012835,False
0.5,S2b,3.7171681697761465,144.96955862127024,278.79965148816,conditional_source_only_not_network_or_full_range_validated,148.6867267910464,2240.079528012835,False
0.5,S2b,3.814988384770256,148.78454700604053,278.3949853280741,conditional_source_only_not_network_or_full_range_validated,152.5995353908108,2240.079528012835,False
0.5,S2b,3.912808599764365,152.5995353908108,277.99419532801164,conditional_source_only_not_network_or_full_range_validated,156.51234399057515,2240.079528012835,False
0.5,S2b,0.0,3.896661617803828,296.51874972828506,conditional_source_only_not_network_or_full_range_validated,3.896661617803828,2234.5516273541693,False
0.5,S2b,0.0,7.793323235607656,295.9922933668814,conditional_source_only_not_network_or_full_range_validated,7.793323235607656,2234.5516273541693,False
0.5,S2b,0.0,11.689984853411486,295.4698310645988,conditional_source_only_not_network_or_full_range_validated,11.689984853411486,2234.5516273541693,False
0.5,S2b,0.0,15.586646471215312,294.9513628214371,conditional_source_only_not_network_or_full_range_validated,15.586646471215312,2234.5516273541693,False
0.5,S2b,0.0,19.48330808901914,294.4368886373963,conditional_source_only_not_network_or_full_range_validated,19.48330808901914,2234.5516273541693,False
0.5,S2b,0.0,23.379969706822973,293.9264085124764,conditional_source_only_not_network_or_full_range_validated,23.379969706822973,2234.5516273541693,False
0.5,S2b,0.0,27.2766313246268,293.4199224466774,conditional_source_only_not_network_or_full_range_validated,27.2766313246268,2234.5516273541693,False
0.5,S2b,0.0,31.173292942430624,292.9174304399993,conditional_source_only_not_network_or_full_range_validated,31.173292942430624,2234.5516273541693,False
0.5,S2b,0.0,35.06995456023445,292.41893249244225,conditional_source_only_not_network_or_full_range_validated,35.06995456023445,2234.5516273541693,False
0.5,S2b,0.0,38.96661617803828,291.924428604006,conditional_source_only_not_network_or_full_range_validated,38.96661617803828,2234.5516273541693,False
0.5,S2b,0.0,42.86327779584211,291.4339187746907,conditional_source_only_not_network_or_full_range_validated,42.86327779584211,2234.551627354169,False
0.5,S2b,0.0,46.759939413645945,290.9474030044964,conditional_source_only_not_network_or_full_range_validated,46.759939413645945,2234.5516273541693,False
0.5,S2b,0.0,50.65660103144977,290.46488129342293,conditional_source_only_not_network_or_full_range_validated,50.65660103144977,2234.5516273541693,False
0.5,S2b,0.0,54.5532626492536,289.9863536414704,conditional_source_only_not_network_or_full_range_validated,54.5532626492536,2234.5516273541693,False
0.5,S2b,0.0,58.44992426705742,289.51182004863875,conditional_source_only_not_network_or_full_range_validated,58.44992426705742,2234.5516273541693,False
0.5,S2b,0.0,62.34658588486125,289.0412805149281,conditional_source_only_not_network_or_full_range_validated,62.34658588486125,2234.5516273541693,False
0.5,S2b,0.0,66.24324750266508,288.57473504033834,conditional_source_only_not_network_or_full_range_validated,66.24324750266508,2234.551627354169,False
0.5,S2b,0.0,70.1399091204689,288.11218362486943,conditional_source_only_not_network_or_full_range_validated,70.1399091204689,2234.5516273541693,False
0.5,S2b,0.0,74.03657073827273,287.65362626852146,conditional_source_only_not_network_or_full_range_validated,74.03657073827273,2234.551627354169,False
0.5,S2b,0.0,77.93323235607656,287.1990629712945,conditional_source_only_not_network_or_full_range_validated,77.93323235607656,2234.5516273541693,False
0.5,S2b,0.0,81.82989397388039,286.7484937331884,conditional_source_only_not_network_or_full_range_validated,81.82989397388039,2234.5516273541693,False
0.5,S2b,0.0,85.72655559168422,286.3019185542032,conditional_source_only_not_network_or_full_range_validated,85.72655559168422,2234.551627354169,False
0.5,S2b,0.0,89.62321720948805,285.8593374343389,conditional_source_only_not_network_or_full_range_validated,89.62321720948805,2234.5516273541693,False
0.5,S2b,0.0,93.51987882729188,285.4207503735956,conditional_source_only_not_network_or_full_range_validated,93.51987882729188,2234.551627354169,False
0.5,S2b,0.0,97.4165404450957,284.9861573719732,conditional_source_only_not_network_or_full_range_validated,97.4165404450957,2234.5516273541693,False
0.5,S2b,0.0,101.31320206289952,284.55555842947166,conditional_source_only_not_network_or_full_range_validated,101.31320206289952,2234.5516273541693,False
0.5,S2b,0.0,105.20986368070336,284.1289535460911,conditional_source_only_not_network_or_full_range_validated,105.20986368070336,2234.5516273541693,False
0.5,S2b,0.0,109.1065252985072,283.70634272183145,conditional_source_only_not_network_or_full_range_validated,109.1065252985072,2234.5516273541693,False
0.5,S2b,0.0,113.00318691631102,283.2877259566927,conditional_source_only_not_network_or_full_range_validated,113.00318691631102,2234.5516273541693,False
0.5,S2b,0.0,116.89984853411484,282.87310325067483,conditional_source_only_not_network_or_full_range_validated,116.89984853411484,2234.5516273541693,False
0.5,S2b,0.0,120.79651015191868,282.46247460377793,conditional_source_only_not_network_or_full_range_validated,120.79651015191868,2234.5516273541693,False
0.5,S2b,0.0,124.6931717697225,282.055840016002,conditional_source_only_not_network_or_full_range_validated,124.6931717697225,2234.5516273541693,False
0.5,S2b,0.0,128.58983338752634,281.65319948734685,conditional_source_only_not_network_or_full_range_validated,128.58983338752634,2234.551627354169,False
0.5,S2b,0.0,132.48649500533017,281.2545530178127,conditional_source_only_not_network_or_full_range_validated,132.48649500533017,2234.551627354169,False
0.5,S2b,0.0,136.38315662313397,280.85990060739954,conditional_source_only_not_network_or_full_range_validated,136.38315662313397,2234.5516273541693,False
0.5,S2b,0.0,140.2798182409378,280.46924225610724,conditional_source_only_not_network_or_full_range_validated,140.2798182409378,2234.5516273541693,False
0.5,S2b,0.0,144.17647985874163,280.0825779639358,conditional_source_only_not_network_or_full_range_validated,144.17647985874163,2234.5516273541693,False
0.5,S2b,0.0,148.07314147654546,279.69990773088534,conditional_source_only_not_network_or_full_range_validated,148.07314147654546,2234.551627354169,False
0.5,S2b,0.0,151.96980309434932,279.3212315569558,conditional_source_only_not_network_or_full_range_validated,151.96980309434932,2234.551627354169,False
0.5,S2b,0.0,155.86646471215312,278.9465494421472,conditional_source_only_not_network_or_full_range_validated,155.86646471215312,2234.5516273541693,False
0.75,S2b,0.0,0.0,457.9892650785901,conditional_source_only_not_network_or_full_range_validated,0.0,2479.2787737831095,False
0.75,S2b,9.818775306895615,0.0,454.6137820564658,conditional_source_only_not_network_or_full_range_validated,9.818775306895615,2479.2787737831095,False
0.75,S2b,19.63755061379123,0.0,451.2638196216273,conditional_source_only_not_network_or_full_range_validated,19.63755061379123,2479.2787737831095,False
0.75,S2b,29.456325920686847,0.0,447.9393777740744,conditional_source_only_not_network_or_full_range_validated,29.456325920686847,2479.2787737831095,False
0.75,S2b,39.27510122758246,0.0,444.6404565138072,conditional_source_only_not_network_or_full_range_validated,39.27510122758246,2479.2787737831095,False
0.75,S2b,49.09387653447807,0.0,441.36705584082574,conditional_source_only_not_network_or_full_range_validated,49.09387653447807,2479.278773783109,False
0.75,S2b,58.912651841373695,0.0,438.11917575512985,conditional_source_only_not_network_or_full_range_validated,58.912651841373695,2479.2787737831095,False
0.75,S2b,68.7314271482693,0.0,434.89681625671966,conditional_source_only_not_network_or_full_range_validated,68.7314271482693,2479.2787737831095,False
0.75,S2b,78.55020245516492,0.0,431.69997734559513,conditional_source_only_not_network_or_full_range_validated,78.55020245516492,2479.2787737831095,False
0.75,S2b,88.36897776206052,0.0,428.5286590217563,conditional_source_only_not_network_or_full_range_validated,88.36897776206052,2479.2787737831095,False
0.75,S2b,98.18775306895614,0.0,425.3828612852032,conditional_source_only_not_network_or_full_range_validated,98.18775306895614,2479.278773783109,False
0.75,S2b,108.00652837585176,0.0,422.2625841359357,conditional_source_only_not_network_or_full_range_validated,108.00652837585176,2479.2787737831095,False
0.75,S2b,117.8253036827474,0.0,419.1678275739538,conditional_source_only_not_network_or_full_range_validated,117.8253036827474,2479.2787737831095,False
0.75,S2b,127.644078989643,0.0,416.0985915992577,conditional_source_only_not_network_or_full_range_validated,127.644078989643,2479.2787737831095,False
0.75,S2b,137.4628542965386,0.0,413.0548762118472,conditional_source_only_not_network_or_full_range_validated,137.4628542965386,2479.2787737831095,False
0.75,S2b,147.28162960343423,0.0,410.0366814117224,conditional_source_only_not_network_or_full_range_validated,147.28162960343423,2479.2787737831095,False
0.75,S2b,157.10040491032984,0.0,407.0440071988832,conditional_source_only_not_network_or_full_range_validated,157.10040491032984,2479.2787737831095,False
0.75,S2b,166.91918021722546,0.0,404.0768535733298,conditional_source_only_not_network_or_full_range_validated,166.91918021722546,2479.2787737831095,False
0.75,S2b,176.73795552412105,0.0,401.135220535062,conditional_source_only_not_network_or_full_range_validated,176.73795552412105,2479.2787737831095,False
0.75,S2b,186.5567308310167,0.0,398.2191080840799,conditional_source_only_not_network_or_full_range_validated,186.5567308310167,2479.2787737831095,False
0.75,S2b,196.37550613791228,0.0,395.3285162203834,conditional_source_only_not_network_or_full_range_validated,196.37550613791228,2479.278773783109,False
0.75,S2b,206.1942814448079,0.0,392.4634449439726,conditional_source_only_not_network_or_full_range_validated,206.1942814448079,2479.2787737831095,False
0.75,S2b,216.01305675170352,0.0,389.6238942548475,conditional_source_only_not_network_or_full_range_validated,216.01305675170352,2479.2787737831095,False
0.75,S2b,225.8318320585992,0.0,386.8098641530081,conditional_source_only_not_network_or_full_range_validated,225.8318320585992,2479.2787737831095,False
0.75,S2b,235.6506073654948,0.0,384.0213546384544,conditional_source_only_not_network_or_full_range_validated,235.6506073654948,2479.2787737831095,False
0.75,S2b,245.46938267239037,0.0,381.25836571118623,conditional_source_only_not_network_or_full_range_validated,245.46938267239037,2479.2787737831095,False
0.75,S2b,255.288157979286,0.0,378.52089737120383,conditional_source_only_not_network_or_full_range_validated,255.288157979286,2479.2787737831095,False
0.75,S2b,265.1069332861816,0.0,375.80894961850703,conditional_source_only_not_network_or_full_range_validated,265.1069332861816,2479.2787737831095,False
0.75,S2b,274.9257085930772,0.0,373.122522453096,conditional_source_only_not_network_or_full_range_validated,274.9257085930772,2479.2787737831095,False
0.75,S2b,284.74448389997286,0.0,370.46161587497056,conditional_source_only_not_network_or_full_range_validated,284.74448389997286,2479.2787737831095,False
0.75,S2b,294.56325920686845,0.0,367.8262298841308,conditional_source_only_not_network_or_full_range_validated,294.56325920686845,2479.2787737831095,False
0.75,S2b,304.38203451376404,0.0,365.2163644805768,conditional_source_only_not_network_or_full_range_validated,304.38203451376404,2479.278773783109,False
0.75,S2b,314.2008098206597,0.0,362.6320196643084,conditional_source_only_not_network_or_full_range_validated,314.2008098206597,2479.2787737831095,False
0.75,S2b,324.0195851275553,0.0,360.07319543532566,conditional_source_only_not_network_or_full_range_validated,324.0195851275553,2479.27877378311,False
0.75,S2b,333.8383604344509,0.0,357.5398917936286,conditional_source_only_not_network_or_full_range_validated,333.8383604344509,2479.2787737831095,False
0.75,S2b,343.6571357413465,0.0,355.0321087392172,conditional_source_only_not_network_or_full_range_validated,343.6571357413465,2479.2787737831095,False
0.75,S2b,353.4759110482421,0.0,352.54984627209154,conditional_source_only_not_network_or_full_range_validated,353.4759110482421,2479.2787737831095,False
0.75,S2b,363.29468635513774,0.0,350.09310439225146,conditional_source_only_not_network_or_full_range_validated,363.29468635513774,2479.2787737831095,True
0.75,S2b,373.1134616620334,0.0,347.66188309969715,conditional_source_only_not_network_or_full_range_validated,373.1134616620334,2479.2787737831095,True
0.75,S2b,382.932236968929,0.0,345.25618239442844,conditional_source_only_not_network_or_full_range_validated,382.932236968929,2479.278773783109,True
0.75,S2b,392.75101227582456,0.0,342.8760022764454,conditional_source_only_not_network_or_full_range_validated,392.75101227582456,2479.278773783109,True
0.75,S2b,9.700122403910903,0.2487210872797667,454.6190976021799,conditional_source_only_not_network_or_full_range_validated,9.94884349119067,2472.5090701672416,False
0.75,S2b,19.400244807821807,0.4974421745595335,451.2739224542578,conditional_source_only_not_network_or_full_range_validated,19.89768698238134,2472.5090701672416,False
0.75,S2b,29.100367211732717,0.7461632618393004,447.95373963482393,conditional_source_only_not_network_or_full_range_validated,29.846530473572017,2472.5090701672416,False
0.75,S2b,38.80048961564361,0.9948843491190672,444.6585491438784,conditional_source_only_not_network_or_full_range_validated,39.79537396476268,2472.5090701672416,False
0.75,S2b,48.50061201955451,1.2436054363988338,441.3883509814209,conditional_source_only_not_network_or_full_range_validated,49.74421745595334,2472.509070167241,False
0.75,S2b,58.20073442346543,1.4923265236786007,438.14314514745166,conditional_source_only_not_network_or_full_range_validated,59.693060947144026,2472.5090701672416,False
0.75,S2b,67.90085682737632,1.7410476109583677,434.9229316419706,conditional_source_only_not_network_or_full_range_validated,69.64190443833468,2472.5090701672416,False
0.75,S2b,77.60097923128723,1.9897686982381344,431.7277104649777,conditional_source_only_not_network_or_full_range_validated,79.59074792952536,2472.5090701672416,False
0.75,S2b,87.30110163519812,2.2384897855179005,428.557481616473,conditional_source_only_not_network_or_full_range_validated,89.53959142071602,2472.509070167242,False
0.75,S2b,97.00122403910902,2.487210872797668,425.41224509645656,conditional_source_only_not_network_or_full_range_validated,99.4884349119067,2472.5090701672416,False
0.75,S2b,106.70134644301992,2.7359319600774343,422.2920009049283,conditional_source_only_not_network_or_full_range_validated,109.43727840309735,2472.509070167242,False
0.75,S2b,116.40146884693084,2.984653047357201,419.1967490418882,conditional_source_only_not_network_or_full_range_validated,119.38612189428804,2472.5090701672416,False
0.75,S2b,126.10159125084174,3.233374134636968,416.1264895073363,conditional_source_only_not_network_or_full_range_validated,129.3349653854787,2472.509070167242,False
0.75,S2b,135.80171365475263,3.482095221916735,413.0812223012725,conditional_source_only_not_network_or_full_range_validated,139.28380887666935,2472.5090701672416,False
0.75,S2b,145.50183605866354,3.7308163091965016,410.060947423697,conditional_source_only_not_network_or_full_range_validated,149.23265236786006,2472.509070167242,False
0.75,S2b,155.20195846257445,3.979537396476269,407.0656648746097,conditional_source_only_not_network_or_full_range_validated,159.18149585905073,2472.5090701672416,False
0.75,S2b,164.90208086648536,4.228258483756036,404.0953746540106,conditional_source_only_not_network_or_full_range_validated,169.1303393502414,2472.509070167242,False
0.75,S2b,174.60220327039625,4.476979571035801,401.1500767618997,conditional_source_only_not_network_or_full_range_validated,179.07918284143204,2472.509070167242,False
0.75,S2b,184.3023256743072,4.725700658315569,398.22977119827686,conditional_source_only_not_network_or_full_range_validated,189.02802633262277,2472.5090701672416,False
0.75,S2b,194.00244807821804,4.974421745595335,395.3344579631423,conditional_source_only_not_network_or_full_range_validated,198.97686982381336,2472.509070167241,False
0.75,S2b,203.70257048212892,5.2231428328751015,392.464137056496,conditional_source_only_not_network_or_full_range_validated,208.92571331500403,2472.509070167242,False
0.75,S2b,213.40269288603983,5.471863920154869,389.6188084783378,conditional_source_only_not_network_or_full_range_validated,218.8745568061947,2472.509070167242,False
0.75,S2b,223.1028152899508,5.720585007434636,386.79847222866783,conditional_source_only_not_network_or_full_range_validated,228.82340029738543,2472.509070167242,False
0.75,S2b,232.8029376938617,5.969306094714403,384.003128307486,conditional_source_only_not_network_or_full_range_validated,238.7722437885761,2472.5090701672416,False
0.75,S2b,242.50306009777256,6.218027181994168,381.2327767147924,conditional_source_only_not_network_or_full_range_validated,248.72108727976672,2472.5090701672416,False
0.75,S2b,252.20318250168347,6.466748269273936,378.48741745058703,conditional_source_only_not_network_or_full_range_validated,258.6699307709574,2472.509070167242,False
0.75,S2b,261.9033049055944,6.715469356553702,375.7670505148698,conditional_source_only_not_network_or_full_range_validated,268.61877426214807,2472.5090701672416,False
0.75,S2b,271.60342730950526,6.96419044383347,373.0716759076408,conditional_source_only_not_network_or_full_range_validated,278.5676177533387,2472.5090701672416,False
0.75,S2b,281.3035497134162,7.212911531113237,370.4012936289,conditional_source_only_not_network_or_full_range_validated,288.51646124452947,2472.509070167242,False
0.75,S2b,291.0036721173271,7.461632618393003,367.7559036786473,conditional_source_only_not_network_or_full_range_validated,298.4653047357201,2472.509070167242,False
0.75,S2b,300.703794521238,7.71035370567277,365.1355060568829,conditional_source_only_not_network_or_full_range_validated,308.4141482269108,2472.5090701672416,False
0.75,S2b,310.4039169251489,7.959074792952537,362.5401007636067,conditional_source_only_not_network_or_full_range_validated,318.36299171810145,2472.5090701672416,False
0.75,S2b,320.1040393290598,8.207795880232302,359.9696877988186,conditional_source_only_not_network_or_full_range_validated,328.3118352092921,2472.5090701672425,False
0.75,S2b,329.8041617329707,8.456516967512071,357.4242671625188,conditional_source_only_not_network_or_full_range_validated,338.2606787004828,2472.509070167242,False
0.75,S2b,339.5042841368816,8.705238054791836,354.90383885470703,conditional_source_only_not_network_or_full_range_validated,348.20952219167344,2472.509070167242,False
0.75,S2b,349.2044065407925,8.953959142071602,352.4084028753836,conditional_source_only_not_network_or_full_range_validated,358.1583656828641,2472.509070167242,False
0.75,S2b,358.90452894470343,9.20268022935137,349.9379592245483,conditional_source_only_not_network_or_full_range_validated,368.1072091740548,2472.5090701672416,True
0.75,S2b,368.6046513486144,9.451401316631138,347.4925079022012,conditional_source_only_not_network_or_full_range_validated,378.05605266524555,2472.5090701672416,True
0.75,S2b,378.3047737525252,9.700122403910903,345.07204890834225,conditional_source_only_not_network_or_full_range_validated,388.0048961564361,2472.5090701672416,True
0.75,S2b,388.0048961564361,9.94884349119067,342.6765822429716,conditional_source_only_not_network_or_full_range_validated,397.9537396476267,2472.509070167241,True
0.75,S2b,9.399004888306774,0.4946844678056197,454.687321596705,conditional_source_only_not_network_or_full_range_validated,9.893689356112393,2465.7762354117067,False
0.75,S2b,18.798009776613547,0.9893689356112394,451.40894581759176,conditional_source_only_not_network_or_full_range_validated,19.787378712224786,2465.7762354117067,False
0.75,S2b,28.19701466492032,1.484053403416859,448.1541377412504,conditional_source_only_not_network_or_full_range_validated,29.68106806833718,2465.7762354117067,False
0.75,S2b,37.59601955322709,1.9787378712224788,444.9228973676808,conditional_source_only_not_network_or_full_range_validated,39.574757424449565,2465.7762354117062,False
0.75,S2b,46.99502444153386,2.4734223390280983,441.71522469688296,conditional_source_only_not_network_or_full_range_validated,49.468446780561955,2465.7762354117067,False
0.75,S2b,56.39402932984064,2.968106806833718,438.53111972885694,conditional_source_only_not_network_or_full_range_validated,59.36213613667436,2465.7762354117067,False
0.75,S2b,65.79303421814741,3.462791274639338,435.3705824636027,conditional_source_only_not_network_or_full_range_validated,69.25582549278676,2465.7762354117067,False
0.75,S2b,75.19203910645419,3.9574757424449576,432.2336129011203,conditional_source_only_not_network_or_full_range_validated,79.14951484889914,2465.7762354117067,False
0.75,S2b,84.59104399476095,4.452160210250577,429.1202110414097,conditional_source_only_not_network_or_full_range_validated,89.04320420501153,2465.776235411707,False
0.75,S2b,93.99004888306771,4.9468446780561965,426.03037688447097,conditional_source_only_not_network_or_full_range_validated,98.93689356112391,2465.7762354117067,False
0.75,S2b,103.3890537713745,5.441529145861817,422.964110430304,conditional_source_only_not_network_or_full_range_validated,108.83058291723633,2465.776235411707,False
0.75,S2b,112.78805865968128,5.936213613667437,419.9214116789088,conditional_source_only_not_network_or_full_range_validated,118.72427227334872,2465.7762354117067,False
0.75,S2b,122.18706354798805,6.430898081473055,416.9022806302854,conditional_source_only_not_network_or_full_range_validated,128.6179616294611,2465.7762354117062,False
0.75,S2b,131.58606843629482,6.925582549278676,413.9067172844338,conditional_source_only_not_network_or_full_range_validated,138.5116509855735,2465.7762354117067,False
0.75,S2b,140.98507332460156,7.420267017084294,410.9347216413541,conditional_source_only_not_network_or_full_range_validated,148.40534034168584,2465.7762354117067,False
0.75,S2b,150.38407821290838,7.914951484889915,407.9862937010461,conditional_source_only_not_network_or_full_range_validated,158.2990296977983,2465.7762354117067,False
0.75,S2b,159.78308310121514,8.409635952695535,405.06143346351,conditional_source_only_not_network_or_full_range_validated,168.19271905391068,2465.7762354117067,False
0.75,S2b,169.1820879895219,8.904320420501154,402.1601409287457,conditional_source_only_not_network_or_full_range_validated,178.08640841002307,2465.776235411707,False
0.75,S2b,178.58109287782867,9.399004888306774,399.2824160967531,conditional_source_only_not_network_or_full_range_validated,187.98009776613543,2465.7762354117067,False
0.75,S2b,187.98009776613543,9.893689356112391,396.4282589675324,conditional_source_only_not_network_or_full_range_validated,197.87378712224782,2465.7762354117067,False
0.75,S2b,197.37910265444225,10.388373823918013,393.59766954108346,conditional_source_only_not_network_or_full_range_validated,207.76747647836027,2465.7762354117067,False
0.75,S2b,206.778107542749,10.883058291723634,390.7906478174063,conditional_source_only_not_network_or_full_range_validated,217.66116583447265,2465.776235411707,False
0.75,S2b,216.17711243105575,11.377742759529252,388.007193796501,conditional_source_only_not_network_or_full_range_validated,227.554855190585,2465.7762354117067,False
0.75,S2b,225.57611731936257,11.872427227334876,385.2473074783675,conditional_source_only_not_network_or_full_range_validated,237.44854454669743,2465.7762354117067,False
0.75,S2b,234.97512220766933,12.367111695140492,382.5109888630058,conditional_source_only_not_network_or_full_range_validated,247.34223390280982,2465.776235411707,False
0.75,S2b,244.3741270959761,12.86179616294611,379.7982379504159,conditional_source_only_not_network_or_full_range_validated,257.2359232589222,2465.7762354117062,False
0.75,S2b,253.77313198428288,13.356480630751731,377.1090547405978,conditional_source_only_not_network_or_full_range_validated,267.1296126150346,2465.776235411707,False
0.75,S2b,263.17213687258965,13.851165098557352,374.4434392335515,conditional_source_only_not_network_or_full_range_validated,277.023301971147,2465.7762354117067,False
0.75,S2b,272.57114176089647,14.345849566362972,371.801391429277,conditional_source_only_not_network_or_full_range_validated,286.91699132725944,2465.776235411707,False
0.75,S2b,281.9701466492031,14.840534034168588,369.1829113277743,conditional_source_only_not_network_or_full_range_validated,296.8106806833717,2465.7762354117067,False
0.75,S2b,291.36915153750994,15.335218501974207,366.58799892904347,conditional_source_only_not_network_or_full_range_validated,306.70437003948416,2465.7762354117067,False
0.75,S2b,300.7681564258168,15.82990296977983,364.0166542330844,conditional_source_only_not_network_or_full_range_validated,316.59805939559664,2465.7762354117067,False
0.75,S2b,310.1671613141235,16.32458743758545,361.4688772398971,conditional_source_only_not_network_or_full_range_validated,326.491748751709,2465.7762354117067,False
0.75,S2b,319.5661662024303,16.81927190539107,358.94466794948164,conditional_source_only_not_network_or_full_range_validated,336.38543810782136,2465.7762354117067,False
0.75,S2b,328.96517109073704,17.313956373196685,356.444026361838,conditional_source_only_not_network_or_full_range_validated,346.2791274639337,2465.7762354117067,False
0.75,S2b,338.3641759790438,17.80864084100231,353.96695247696607,conditional_source_only_not_network_or_full_range_validated,356.17281682004614,2465.776235411707,False
0.75,S2b,347.7631808673506,18.303325308807928,351.51344629486607,conditional_source_only_not_network_or_full_range_validated,366.06650617615855,2465.7762354117067,True
0.75,S2b,357.16218575565733,18.798009776613547,349.0835078155378,conditional_source_only_not_network_or_full_range_validated,375.96019553227086,2465.7762354117067,True
0.75,S2b,366.56119064396415,19.292694244419167,346.6771370389814,conditional_source_only_not_network_or_full_range_validated,385.85388488838333,2465.7762354117067,True
0.75,S2b,375.9601955322709,19.787378712224783,344.2943339651968,conditional_source_only_not_network_or_full_range_validated,395.7475742444957,2465.776235411707,True
0.75,S2b,9.101207620617627,0.7379357530230509,454.7548237251861,conditional_source_only_not_network_or_full_range_validated,9.839143373640677,2459.079969144108,False
0.75,S2b,18.20241524123525,1.4758715060461018,451.5426019579776,conditional_source_only_not_network_or_full_range_validated,19.67828674728135,2459.079969144108,False
0.75,S2b,27.303622861852883,2.213807259069153,448.3525997769644,conditional_source_only_not_network_or_full_range_validated,29.517430120922036,2459.079969144108,False
0.75,S2b,36.40483048247051,2.951743012092204,445.1848171821465,conditional_source_only_not_network_or_full_range_validated,39.35657349456271,2459.079969144108,False
0.75,S2b,45.50603810308813,3.6896787651152554,442.03925417352406,conditional_source_only_not_network_or_full_range_validated,49.195716868203384,2459.079969144107,False
0.75,S2b,54.607245723705766,4.427614518138306,438.9159107510969,conditional_source_only_not_network_or_full_range_validated,59.03486024184407,2459.079969144108,False
0.75,S2b,63.70845334432339,5.165550271161356,435.8147869148651,conditional_source_only_not_network_or_full_range_validated,68.87400361548474,2459.079969144107,False
0.75,S2b,72.80966096494102,5.903486024184407,432.7358826648287,conditional_source_only_not_network_or_full_range_validated,78.71314698912542,2459.079969144108,False
0.75,S2b,81.91086858555863,6.641421777207458,429.6791980009877,conditional_source_only_not_network_or_full_range_validated,88.55229036276609,2459.0799691441075,False
0.75,S2b,91.01207620617626,7.379357530230509,426.6447329233419,conditional_source_only_not_network_or_full_range_validated,98.39143373640677,2459.079969144107,False
0.75,S2b,100.11328382679388,8.11729328325356,423.6324874318916,conditional_source_only_not_network_or_full_range_validated,108.23057711004743,2459.079969144108,False
0.75,S2b,109.21449144741152,8.855229036276612,420.64246152663657,conditional_source_only_not_network_or_full_range_validated,118.06972048368813,2459.079969144108,False
0.75,S2b,118.31569906802916,9.593164789299662,417.6746552075769,conditional_source_only_not_network_or_full_range_validated,127.90886385732883,2459.0799691441075,False
0.75,S2b,127.41690668864678,10.331100542322712,414.7290684747126,conditional_source_only_not_network_or_full_range_validated,137.74800723096948,2459.079969144107,False
0.75,S2b,136.51811430926438,11.069036295345764,411.8057013280437,conditional_source_only_not_network_or_full_range_validated,147.58715060461014,2459.079969144108,False
0.75,S2b,145.61932192988203,11.806972048368817,408.9045537675701,conditional_source_only_not_network_or_full_range_validated,157.42629397825084,2459.079969144108,False
0.75,S2b,154.7205295504997,12.544907801391869,406.0256257932919,conditional_source_only_not_network_or_full_range_validated,167.26543735189156,2459.079969144108,False
0.75,S2b,163.82173717111726,13.282843554414915,403.168917405209,conditional_source_only_not_network_or_full_range_validated,177.10458072553217,2459.0799691441075,False
0.75,S2b,172.92294479173492,14.020779307437968,400.3344286033215,conditional_source_only_not_network_or_full_range_validated,186.9437240991729,2459.0799691441075,False
0.75,S2b,182.0241524123525,14.758715060461018,397.5221593876293,conditional_source_only_not_network_or_full_range_validated,196.7828674728135,2459.0799691441075,False
0.75,S2b,191.12536003297015,15.49665081348407,394.7321097581325,conditional_source_only_not_network_or_full_range_validated,206.62201084645423,2459.079969144108,False
0.75,S2b,200.22656765358775,16.23458656650712,391.9642797148311,conditional_source_only_not_network_or_full_range_validated,216.46115422009487,2459.079969144108,False
0.75,S2b,209.32777527420544,16.97252231953017,389.2186692577251,conditional_source_only_not_network_or_full_range_validated,226.3002975937356,2459.0799691441075,False
0.75,S2b,218.42898289482304,17.710458072553223,386.49527838681433,conditional_source_only_not_network_or_full_range_validated,236.13944096737626,2459.079969144108,False
0.75,S2b,227.5301905154407,18.44839382557627,383.7941071020989,conditional_source_only_not_network_or_full_range_validated,245.97858434101695,2459.0799691441075,False
0.75,S2b,236.6313981360583,19.186329578599324,381.11515540357885,conditional_source_only_not_network_or_full_range_validated,255.81772771465762,2459.0799691441075,False
0.75,S2b,245.73260575667595,19.924265331622376,378.4584232912542,conditional_source_only_not_network_or_full_range_validated,265.6568710882983,2459.0799691441075,False
0.75,S2b,254.83381337729355,20.662201084645424,375.82391076512494,conditional_source_only_not_network_or_full_range_validated,275.49601446193896,2459.079969144107,False
0.75,S2b,263.9350209979112,21.40013683766848,373.211617825191,conditional_source_only_not_network_or_full_range_validated,285.33515783557965,2459.0799691441075,False
0.75,S2b,273.03622861852875,22.138072590691525,370.6215444714524,conditional_source_only_not_network_or_full_range_validated,295.1743012092203,2459.079969144108,False
0.75,S2b,282.13743623914644,22.876008343714577,368.0536907039091,conditional_source_only_not_network_or_full_range_validated,305.01344458286104,2459.079969144108,False
0.75,S2b,291.23864385976407,23.61394409673763,365.5080565225612,conditional_source_only_not_network_or_full_range_validated,314.8525879565017,2459.079969144108,False
0.75,S2b,300.3398514803817,24.35187984976068,362.9846419274087,conditional_source_only_not_network_or_full_range_validated,324.6917313301424,2459.0799691441075,False
0.75,S2b,309.4410591009994,25.08981560278373,360.48344691845153,conditional_source_only_not_network_or_full_range_validated,334.5308747037831,2459.079969144108,False
0.75,S2b,318.5422667216169,25.827751355806782,358.0044714956897,conditional_source_only_not_network_or_full_range_validated,344.37001807742365,2459.079969144108,False
0.75,S2b,327.6434743422345,26.56568710882983,355.5477156591233,conditional_source_only_not_network_or_full_range_validated,354.20916145106435,2459.0799691441075,False
0.75,S2b,336.74468196285216,27.303622861852883,353.11317940875216,conditional_source_only_not_network_or_full_range_validated,364.04830482470504,2459.0799691441075,True
0.75,S2b,345.84588958346984,28.04155861487593,350.7008627445764,conditional_source_only_not_network_or_full_range_validated,373.8874481983458,2459.0799691441075,True
0.75,S2b,354.94709720408747,28.779494367898987,348.310765666596,conditional_source_only_not_network_or_full_range_validated,383.72659157198643,2459.0799691441075,True
0.75,S2b,364.048304824705,29.51743012092204,345.942888174811,conditional_source_only_not_network_or_full_range_validated,393.565734945627,2459.0799691441075,True
0.75,S2b,8.806675986277645,0.9785195540308496,454.8216153642449,conditional_source_only_not_network_or_full_range_validated,9.785195540308495,2452.419974246076,False
0.75,S2b,17.61335197255529,1.9570391080616991,451.67491137554174,conditional_source_only_not_network_or_full_range_validated,19.57039108061699,2452.419974246076,False
0.75,S2b,26.42002795883294,2.9355586620925487,448.5491531124807,conditional_source_only_not_network_or_full_range_validated,29.35558662092549,2452.4199742460755,False
0.75,S2b,35.22670394511058,3.9140782161233982,445.4443405750618,conditional_source_only_not_network_or_full_range_validated,39.14078216123398,2452.419974246076,False
0.75,S2b,44.03337993138823,4.892597770154247,442.360473763285,conditional_source_only_not_network_or_full_range_validated,48.92597770154248,2452.419974246076,False
0.75,S2b,52.84005591766588,5.871117324185097,439.2975526771504,conditional_source_only_not_network_or_full_range_validated,58.71117324185098,2452.4199742460755,False
0.75,S2b,61.64673190394352,6.8496368782159465,436.2555773166578,conditional_source_only_not_network_or_full_range_validated,68.49636878215946,2452.419974246076,False
0.75,S2b,70.45340789022116,7.8281564322467965,433.2345476818074,conditional_source_only_not_network_or_full_range_validated,78.28156432246796,2452.419974246076,False
0.75,S2b,79.26008387649881,8.806675986277645,430.2344637725991,conditional_source_only_not_network_or_full_range_validated,88.06675986277645,2452.419974246076,False
0.75,S2b,88.06675986277645,9.785195540308496,427.2553255890329,conditional_source_only_not_network_or_full_range_validated,97.85195540308494,2452.4199742460755,False
0.75,S2b,96.8734358490541,10.763715094339346,424.2971331311088,conditional_source_only_not_network_or_full_range_validated,107.63715094339345,2452.4199742460755,False
0.75,S2b,105.68011183533176,11.742234648370196,421.3598863988268,conditional_source_only_not_network_or_full_range_validated,117.42234648370196,2452.4199742460755,False
0.75,S2b,114.4867878216094,12.720754202401045,418.44358539218695,conditional_source_only_not_network_or_full_range_validated,127.20754202401044,2452.419974246076,False
0.75,S2b,123.29346380788704,13.699273756431891,415.5482301111892,conditional_source_only_not_network_or_full_range_validated,136.99273756431893,2452.419974246076,False
0.75,S2b,132.10013979416468,14.67779331046274,412.6738205558336,conditional_source_only_not_network_or_full_range_validated,146.7779331046274,2452.419974246076,False
0.75,S2b,140.90681578044232,15.656312864493591,409.82035672612005,conditional_source_only_not_network_or_full_range_validated,156.56312864493592,2452.419974246076,False
0.75,S2b,149.71349176671998,16.634832418524443,406.98783862204857,conditional_source_only_not_network_or_full_range_validated,166.34832418524442,2452.419974246076,False
0.75,S2b,158.52016775299762,17.61335197255529,404.1762662436193,conditional_source_only_not_network_or_full_range_validated,176.1335197255529,2452.419974246076,False
0.75,S2b,167.32684373927526,18.591871526586143,401.3856395908321,conditional_source_only_not_network_or_full_range_validated,185.9187152658614,2452.419974246076,False
0.75,S2b,176.1335197255529,19.57039108061699,398.615958663687,conditional_source_only_not_network_or_full_range_validated,195.7039108061699,2452.4199742460755,False
0.75,S2b,184.94019571183057,20.54891063464784,395.8672234621841,conditional_source_only_not_network_or_full_range_validated,205.48910634647842,2452.419974246076,False
0.75,S2b,193.7468716981082,21.527430188678693,393.1394339863233,conditional_source_only_not_network_or_full_range_validated,215.2743018867869,2452.4199742460755,False
0.75,S2b,202.55354768438588,22.505949742709543,390.4325902361045,conditional_source_only_not_network_or_full_range_validated,225.0594974270954,2452.4199742460755,False
0.75,S2b,211.36022367066352,23.48446929674039,387.7466922115279,conditional_source_only_not_network_or_full_range_validated,234.84469296740392,2452.4199742460755,False
0.75,S2b,220.16689965694115,24.46298885077124,385.0817399125934,conditional_source_only_not_network_or_full_range_validated,244.6298885077124,2452.419974246076,False
0.75,S2b,228.9735756432188,25.44150840480209,382.437733339301,conditional_source_only_not_network_or_full_range_validated,254.41508404802087,2452.419974246076,False
0.75,S2b,237.78025162949643,26.420027958832936,379.8146724916508,conditional_source_only_not_network_or_full_range_validated,264.20027958832935,2452.419974246076,False
0.75,S2b,246.58692761577407,27.398547512863782,377.2125573696426,conditional_source_only_not_network_or_full_range_validated,273.98547512863786,2452.419974246076,False
0.75,S2b,255.3936036020517,28.37706706689464,374.63138797327656,conditional_source_only_not_network_or_full_range_validated,283.77067066894637,2452.419974246076,False
0.75,S2b,264.2002795883293,29.35558662092548,372.07116430255263,conditional_source_only_not_network_or_full_range_validated,293.55586620925476,2452.4199742460764,False
0.75,S2b,273.006955574607,30.33410617495633,369.5318863574708,conditional_source_only_not_network_or_full_range_validated,303.3410617495633,2452.419974246076,False
0.75,S2b,281.81363156088463,31.312625728987182,367.0135541380311,conditional_source_only_not_network_or_full_range_validated,313.12625728987183,2452.419974246076,False
0.75,S2b,290.6203075471623,32.29114528301803,364.5161676442335,conditional_source_only_not_network_or_full_range_validated,322.91145283018034,2452.4199742460755,False
0.75,S2b,299.42698353344,33.269664837048886,362.039726876078,conditional_source_only_not_network_or_full_range_validated,332.6966483704889,2452.4199742460755,False
0.75,S2b,308.23365951971755,34.24818439107973,359.5842318335646,conditional_source_only_not_network_or_full_range_validated,342.4818439107973,2452.419974246076,False
0.75,S2b,317.04033550599524,35.22670394511058,357.1496825166934,conditional_source_only_not_network_or_full_range_validated,352.2670394511058,2452.419974246076,False
0.75,S2b,325.8470114922729,36.20522349914143,354.7360789254642,conditional_source_only_not_network_or_full_range_validated,362.0522349914143,2452.4199742460755,False
0.75,S2b,334.6536874785505,37.183743053172286,352.3434210598772,conditional_source_only_not_network_or_full_range_validated,371.8374305317228,2452.419974246076,True
0.75,S2b,343.4603634648282,38.16226260720313,349.97170891993227,conditional_source_only_not_network_or_full_range_validated,381.6226260720314,2452.4199742460764,True
0.75,S2b,352.2670394511058,39.14078216123398,347.6209425056295,conditional_source_only_not_network_or_full_range_validated,391.4078216123398,2452.4199742460755,True
0.75,S2b,8.51535656199173,1.2164795088559617,454.88770765314047,conditional_source_only_not_network_or_full_range_validated,9.731836070847692,2445.7959568093243,False
0.75,S2b,17.03071312398346,2.432959017711923,451.80589416640873,conditional_source_only_not_network_or_full_range_validated,19.463672141695383,2445.7959568093243,False
0.75,S2b,25.546069685975198,3.649438526567885,448.74382461839474,conditional_source_only_not_network_or_full_range_validated,29.195508212543082,2445.7959568093243,False
0.75,S2b,34.06142624796692,4.865918035423846,445.70149900909854,conditional_source_only_not_network_or_full_range_validated,38.92734428339077,2445.7959568093243,False
0.75,S2b,42.57678280995865,6.082397544279807,442.6789173385201,conditional_source_only_not_network_or_full_range_validated,48.65918035423846,2445.7959568093247,False
0.75,S2b,51.09213937195039,7.29887705313577,439.6760796066594,conditional_source_only_not_network_or_full_range_validated,58.39101642508616,2445.7959568093243,False
0.75,S2b,59.60749593394211,8.51535656199173,436.6929858135166,conditional_source_only_not_network_or_full_range_validated,68.12285249593384,2445.7959568093247,False
0.75,S2b,68.12285249593384,9.731836070847692,433.7296359590915,conditional_source_only_not_network_or_full_range_validated,77.85468856678153,2445.7959568093243,False
0.75,S2b,76.63820905792556,10.948315579703651,430.7860300433843,conditional_source_only_not_network_or_full_range_validated,87.58652463762921,2445.7959568093243,False
0.75,S2b,85.1535656199173,12.164795088559616,427.8621680663948,conditional_source_only_not_network_or_full_range_validated,97.31836070847692,2445.7959568093243,False
0.75,S2b,93.66892218190904,13.381274597415578,424.9580500281231,conditional_source_only_not_network_or_full_range_validated,107.05019677932462,2445.7959568093247,False
0.75,S2b,102.18427874390078,14.59775410627154,422.0736759285692,conditional_source_only_not_network_or_full_range_validated,116.78203285017231,2445.7959568093243,False
0.75,S2b,110.69963530589249,15.8142336151275,419.209045767733,conditional_source_only_not_network_or_full_range_validated,126.51386892101999,2445.7959568093247,False
0.75,S2b,119.21499186788422,17.03071312398346,416.3641595456147,conditional_source_only_not_network_or_full_range_validated,136.24570499186768,2445.7959568093247,False
0.75,S2b,127.73034842987596,18.247192632839425,413.5390172622141,conditional_source_only_not_network_or_full_range_validated,145.97754106271537,2445.7959568093243,False
0.75,S2b,136.24570499186768,19.463672141695383,410.7336189175314,conditional_source_only_not_network_or_full_range_validated,155.70937713356307,2445.7959568093243,False
0.75,S2b,144.76106155385943,20.68015165055135,407.94796451156645,conditional_source_only_not_network_or_full_range_validated,165.4412132044108,2445.7959568093247,False
0.75,S2b,153.27641811585113,21.896631159407303,405.1820540443192,conditional_source_only_not_network_or_full_range_validated,175.17304927525842,2445.7959568093243,False
0.75,S2b,161.79177467784288,23.113110668263268,402.4358875157898,conditional_source_only_not_network_or_full_range_validated,184.90488534610614,2445.7959568093243,False
0.75,S2b,170.3071312398346,24.32959017711923,399.70946492597824,conditional_source_only_not_network_or_full_range_validated,194.63672141695383,2445.7959568093247,False
0.75,S2b,178.82248780182633,25.54606968597519,397.00278627488433,conditional_source_only_not_network_or_full_range_validated,204.36855748780152,2445.7959568093247,False
0.75,S2b,187.33784436381808,26.76254919483116,394.3158515625083,conditional_source_only_not_network_or_full_range_validated,214.10039355864924,2445.7959568093247,False
0.75,S2b,195.85320092580983,27.97902870368712,391.64866078885007,conditional_source_only_not_network_or_full_range_validated,223.83222962949696,2445.7959568093247,False
0.75,S2b,204.36855748780155,29.19550821254308,389.0012139539096,conditional_source_only_not_network_or_full_range_validated,233.56406570034463,2445.7959568093243,False
0.75,S2b,212.88391404979325,30.41198772139904,386.3735110576869,conditional_source_only_not_network_or_full_range_validated,243.2959017711923,2445.7959568093243,False
0.75,S2b,221.39927061178497,31.628467230255,383.7655521001821,conditional_source_only_not_network_or_full_range_validated,253.02773784203998,2445.7959568093247,False
0.75,S2b,229.91462717377672,32.84494673911096,381.17733708139497,conditional_source_only_not_network_or_full_range_validated,262.7595739128877,2445.7959568093243,False
0.75,S2b,238.42998373576845,34.06142624796692,378.6088660013256,conditional_source_only_not_network_or_full_range_validated,272.49140998373537,2445.7959568093247,False
0.75,S2b,246.94534029776025,35.27790575682289,376.060138859974,conditional_source_only_not_network_or_full_range_validated,282.2232460545831,2445.7959568093243,False
0.75,S2b,255.46069685975192,36.49438526567885,373.5311556573403,conditional_source_only_not_network_or_full_range_validated,291.95508212543075,2445.7959568093243,False
0.75,S2b,263.97605342174364,37.710864774534805,371.0219163934244,conditional_source_only_not_network_or_full_range_validated,301.68691819627844,2445.7959568093243,False
0.75,S2b,272.49140998373537,38.92734428339077,368.5324210682262,conditional_source_only_not_network_or_full_range_validated,311.41875426712613,2445.7959568093243,False
0.75,S2b,281.0067665457271,40.14382379224673,366.0626696817458,conditional_source_only_not_network_or_full_range_validated,321.1505903379738,2445.7959568093247,False
0.75,S2b,289.52212310771887,41.3603033011027,363.6126622339832,conditional_source_only_not_network_or_full_range_validated,330.8824264088216,2445.7959568093247,False
0.75,S2b,298.03747966971054,42.57678280995865,361.1823987249384,conditional_source_only_not_network_or_full_range_validated,340.6142624796692,2445.7959568093243,False
0.75,S2b,306.55283623170226,43.79326231881461,358.7718791546114,conditional_source_only_not_network_or_full_range_validated,350.3460985505169,2445.7959568093247,False
0.75,S2b,315.06819279369404,45.009741827670574,356.3811035230021,conditional_source_only_not_network_or_full_range_validated,360.0779346213646,2445.795956809324,False
0.75,S2b,323.58354935568576,46.226221336526535,354.01007183011063,conditional_source_only_not_network_or_full_range_validated,369.8097706922123,2445.7959568093243,True
0.75,S2b,332.09890591767754,47.4427008453825,351.658784075937,conditional_source_only_not_network_or_full_range_validated,379.54160676306003,2445.7959568093247,True
0.75,S2b,340.6142624796692,48.65918035423846,349.3272402604811,conditional_source_only_not_network_or_full_range_validated,389.27344283390767,2445.7959568093247,True
0.75,S2b,8.227197083431196,1.4518583088407997,454.953111499916,conditional_source_only_not_network_or_full_range_validated,9.679055392271996,2439.2076260924123,False
0.75,S2b,16.454394166862393,2.9037166176815994,451.9355700324928,conditional_source_only_not_network_or_full_range_validated,19.358110784543992,2439.2076260924123,False
0.75,S2b,24.68159125029359,4.355574926522399,448.9366406763202,conditional_source_only_not_network_or_full_range_validated,29.037166176815987,2439.2076260924127,False
0.75,S2b,32.908788333724786,5.807433235363199,445.9563234313985,conditional_source_only_not_network_or_full_range_validated,38.716221569087985,2439.2076260924123,False
0.75,S2b,41.13598541715598,7.259291544203998,442.9946182977277,conditional_source_only_not_network_or_full_range_validated,48.395276961359976,2439.2076260924123,False
0.75,S2b,49.36318250058718,8.711149853044798,440.0515252753074,conditional_source_only_not_network_or_full_range_validated,58.07433235363197,2439.2076260924127,False
0.75,S2b,57.59037958401838,10.163008161885598,437.127044364138,conditional_source_only_not_network_or_full_range_validated,67.75338774590398,2439.2076260924127,False
0.75,S2b,65.81757666744957,11.614866470726398,434.2211755642194,conditional_source_only_not_network_or_full_range_validated,77.43244313817597,2439.2076260924123,False
0.75,S2b,74.04477375088076,13.066724779567195,431.3339188755515,conditional_source_only_not_network_or_full_range_validated,87.11149853044796,2439.2076260924127,False
0.75,S2b,82.27197083431196,14.518583088407995,428.4652742981344,conditional_source_only_not_network_or_full_range_validated,96.79055392271995,2439.2076260924123,False
0.75,S2b,90.49916791774316,15.970441397248797,425.615241831968,conditional_source_only_not_network_or_full_range_validated,106.46960931499196,2439.2076260924127,False
0.75,S2b,98.72636500117436,17.422299706089596,422.7838214770525,conditional_source_only_not_network_or_full_range_validated,116.14866470726395,2439.2076260924127,False
0.75,S2b,106.95356208460557,18.874158014930394,419.9710132333877,conditional_source_only_not_network_or_full_range_validated,125.82772009953595,2439.2076260924123,False
0.75,S2b,115.18075916803676,20.3260163237712,417.1768171009737,conditional_source_only_not_network_or_full_range_validated,135.50677549180796,2439.2076260924127,False
0.75,S2b,123.40795625146794,21.777874632611997,414.4012330798104,conditional_source_only_not_network_or_full_range_validated,145.18583088407993,2439.2076260924127,False
0.75,S2b,131.63515333489914,23.229732941452795,411.644261169898,conditional_source_only_not_network_or_full_range_validated,154.86488627635194,2439.2076260924123,False
0.75,S2b,139.86235041833035,24.6815912502936,408.9059013712363,conditional_source_only_not_network_or_full_range_validated,164.54394166862394,2439.2076260924127,False
0.75,S2b,148.08954750176153,26.13344955913439,406.18615368382535,conditional_source_only_not_network_or_full_range_validated,174.22299706089592,2439.2076260924127,False
0.75,S2b,156.31674458519274,27.585307867975192,403.4850181076652,conditional_source_only_not_network_or_full_range_validated,183.90205245316793,2439.2076260924123,False
0.75,S2b,164.54394166862392,29.03716617681599,400.8024946427558,conditional_source_only_not_network_or_full_range_validated,193.5811078454399,2439.2076260924123,False
0.75,S2b,172.77113875205512,30.489024485656792,398.1385832890972,conditional_source_only_not_network_or_full_range_validated,203.2601632377119,2439.2076260924127,False
0.75,S2b,180.99833583548636,31.940882794497597,395.4932840466893,conditional_source_only_not_network_or_full_range_validated,212.93921862998394,2439.2076260924127,False
0.75,S2b,189.22553291891757,33.392741103338395,392.86659691553217,conditional_source_only_not_network_or_full_range_validated,222.61827402225595,2439.2076260924123,False
0.75,S2b,197.45273000234872,34.84459941217919,390.2585218956259,conditional_source_only_not_network_or_full_range_validated,232.2973294145279,2439.2076260924127,False
0.75,S2b,205.6799270857799,36.29645772101998,387.6690589869704,conditional_source_only_not_network_or_full_range_validated,241.97638480679987,2439.2076260924127,False
0.75,S2b,213.9071241692111,37.74831602986079,385.0982081895656,conditional_source_only_not_network_or_full_range_validated,251.6554401990719,2439.2076260924127,False
0.75,S2b,222.1343212526423,39.20017433870159,382.5459695034116,conditional_source_only_not_network_or_full_range_validated,261.3344955913439,2439.2076260924127,False
0.75,S2b,230.36151833607352,40.65203264754239,380.0123429285084,conditional_source_only_not_network_or_full_range_validated,271.0135509836159,2439.2076260924127,False
0.75,S2b,238.58871541950472,42.1038909563832,377.4973284648559,conditional_source_only_not_network_or_full_range_validated,280.6926063758879,2439.2076260924127,False
0.75,S2b,246.81591250293587,43.55574926522399,375.00092611245424,conditional_source_only_not_network_or_full_range_validated,290.37166176815987,2439.2076260924127,False
0.75,S2b,255.04310958636708,45.00760757406479,372.5231358713033,conditional_source_only_not_network_or_full_range_validated,300.0507171604319,2439.2076260924127,False
0.75,S2b,263.2703066697983,46.45946588290559,370.0639577414032,conditional_source_only_not_network_or_full_range_validated,309.7297725527039,2439.2076260924123,False
0.75,S2b,271.49750375322947,47.91132419174639,367.6233917227538,conditional_source_only_not_network_or_full_range_validated,319.4088279449759,2439.2076260924123,False
0.75,S2b,279.7247008366607,49.36318250058719,365.2014378153552,conditional_source_only_not_network_or_full_range_validated,329.0878833372479,2439.2076260924127,False
0.75,S2b,287.9518979200919,50.815040809427984,362.7980960192074,conditional_source_only_not_network_or_full_range_validated,338.7669387295199,2439.207626092413,False
0.75,S2b,296.17909500352306,52.26689911826878,360.4133663343103,conditional_source_only_not_network_or_full_range_validated,348.44599412179184,2439.2076260924127,False
0.75,S2b,304.40629208695424,53.71875742710959,358.04724876066405,conditional_source_only_not_network_or_full_range_validated,358.12504951406385,2439.207626092413,False
0.75,S2b,312.6334891703855,55.17061573595039,355.69974329826846,conditional_source_only_not_network_or_full_range_validated,367.80410490633585,2439.2076260924123,True
0.75,S2b,320.86068625381665,56.62247404479119,353.3708499471237,conditional_source_only_not_network_or_full_range_validated,377.48316029860786,2439.2076260924127,True
0.75,S2b,329.08788333724783,58.07433235363198,351.0605687072297,conditional_source_only_not_network_or_full_range_validated,387.1622156908798,2439.2076260924123,True
0.75,S2b,7.942146413974983,1.684697724176512,455.01783758735394,conditional_source_only_not_network_or_full_range_validated,9.626844138151496,2432.6546944782076,False
0.75,S2b,15.884292827949968,3.369395448353024,452.06395829101,conditional_source_only_not_network_or_full_range_validated,19.25368827630299,2432.6546944782076,False
0.75,S2b,23.82643924192495,5.054093172529536,449.1276271895578,conditional_source_only_not_network_or_full_range_validated,28.88053241445449,2432.654694478208,False
0.75,S2b,31.768585655899933,6.738790896706048,446.208844282998,conditional_source_only_not_network_or_full_range_validated,38.50737655260598,2432.6546944782076,False
0.75,S2b,39.71073206987492,8.423488620882559,443.30760957133,conditional_source_only_not_network_or_full_range_validated,48.13422069075748,2432.6546944782076,False
0.75,S2b,47.6528784838499,10.108186345059073,440.4239230545541,conditional_source_only_not_network_or_full_range_validated,57.76106482890898,2432.654694478208,False
0.75,S2b,55.595024897824885,11.792884069235583,437.5577847326702,conditional_source_only_not_network_or_full_range_validated,67.38790896706047,2432.654694478208,False
0.75,S2b,63.53717131179987,13.477581793412096,434.7091946056784,conditional_source_only_not_network_or_full_range_validated,77.01475310521197,2432.6546944782076,False
0.75,S2b,71.47931772577485,15.162279517588605,431.87815267357854,conditional_source_only_not_network_or_full_range_validated,86.64159724336345,2432.6546944782076,False
0.75,S2b,79.42146413974983,16.846977241765117,429.0646589363708,conditional_source_only_not_network_or_full_range_validated,96.26844138151495,2432.6546944782076,False
0.75,S2b,87.36361055372481,18.53167496594163,426.268713394055,conditional_source_only_not_network_or_full_range_validated,105.89528551966644,2432.654694478208,False
0.75,S2b,95.3057569676998,20.216372690118146,423.49031604663134,conditional_source_only_not_network_or_full_range_validated,115.52212965781796,2432.654694478208,False
0.75,S2b,103.2479033816748,21.90107041429465,420.7294668940996,conditional_source_only_not_network_or_full_range_validated,125.14897379596945,2432.654694478208,False
0.75,S2b,111.19004979564976,23.585768138471167,417.98616593646,conditional_source_only_not_network_or_full_range_validated,134.77581793412094,2432.6546944782085,False
0.75,S2b,119.13219620962474,25.27046586264768,415.2604131737123,conditional_source_only_not_network_or_full_range_validated,144.40266207227242,2432.6546944782076,False
0.75,S2b,127.07434262359972,26.95516358682419,412.5522086058568,conditional_source_only_not_network_or_full_range_validated,154.0295062104239,2432.654694478207,False
0.75,S2b,135.0164890375747,28.6398613110007,409.8615522328933,conditional_source_only_not_network_or_full_range_validated,163.65635034857542,2432.654694478208,False
0.75,S2b,142.9586354515497,30.32455903517721,407.1884440548217,conditional_source_only_not_network_or_full_range_validated,173.2831944867269,2432.6546944782076,False
0.75,S2b,150.9007818655247,32.009256759353725,404.53288407164223,conditional_source_only_not_network_or_full_range_validated,182.9100386248784,2432.654694478208,False
0.75,S2b,158.84292827949966,33.693954483530234,401.8948722833548,conditional_source_only_not_network_or_full_range_validated,192.5368827630299,2432.6546944782076,False
0.75,S2b,166.78507469347466,35.37865220770675,399.2744086899594,conditional_source_only_not_network_or_full_range_validated,202.1637269011814,2432.654694478207,False
0.75,S2b,174.72722110744962,37.06334993188326,396.67149329145593,conditional_source_only_not_network_or_full_range_validated,211.7905710393329,2432.654694478208,False
0.75,S2b,182.66936752142465,38.748047656059775,394.0861260878446,conditional_source_only_not_network_or_full_range_validated,221.41741517748443,2432.654694478208,False
0.75,S2b,190.6115139353996,40.43274538023629,391.5183070791253,conditional_source_only_not_network_or_full_range_validated,231.0442593156359,2432.654694478208,False
0.75,S2b,198.55366034937452,42.11744310441279,388.968036265298,conditional_source_only_not_network_or_full_range_validated,240.6711034537873,2432.6546944782076,False
0.75,S2b,206.4958067633496,43.80214082858931,386.4353136463628,conditional_source_only_not_network_or_full_range_validated,250.2979475919389,2432.6546944782076,False
0.75,S2b,214.43795317732452,45.48683855276582,383.9201392223196,conditional_source_only_not_network_or_full_range_validated,259.9247917300903,2432.6546944782076,False
0.75,S2b,222.38009959129957,47.171536276942334,381.4225129931684,conditional_source_only_not_network_or_full_range_validated,269.5516358682419,2432.6546944782076,False
0.75,S2b,230.3222460052745,48.85623400111885,378.9424349589093,conditional_source_only_not_network_or_full_range_validated,279.17848000639333,2432.6546944782076,False
0.75,S2b,238.26439241924948,50.54093172529535,376.4799051195421,conditional_source_only_not_network_or_full_range_validated,288.80532414454484,2432.654694478208,False
0.75,S2b,246.20653883322447,52.22562944947187,374.034923475067,conditional_source_only_not_network_or_full_range_validated,298.43216828269635,2432.6546944782076,False
0.75,S2b,254.14868524719947,53.91032717364838,371.6074900254839,conditional_source_only_not_network_or_full_range_validated,308.05901242084786,2432.6546944782076,False
0.75,S2b,262.0908316611745,55.5950248978249,369.19760477079296,conditional_source_only_not_network_or_full_range_validated,317.6858565589994,2432.6546944782076,False
0.75,S2b,270.0329780751494,57.2797226220014,366.8052677109939,conditional_source_only_not_network_or_full_range_validated,327.31270069715083,2432.654694478208,False
0.75,S2b,277.9751244891244,58.9644203461779,364.430478846087,conditional_source_only_not_network_or_full_range_validated,336.93954483530234,2432.654694478208,False
0.75,S2b,285.9172709030994,60.64911807035442,362.073238176072,conditional_source_only_not_network_or_full_range_validated,346.5663889734538,2432.6546944782076,False
0.75,S2b,293.8594173170744,62.333815794530935,359.7335457009492,conditional_source_only_not_network_or_full_range_validated,356.19323311160537,2432.6546944782076,False
0.75,S2b,301.8015637310494,64.01851351870745,357.41140142071833,conditional_source_only_not_network_or_full_range_validated,365.8200772497568,2432.654694478208,True
0.75,S2b,309.74371014502435,65.70321124288397,355.1068053353795,conditional_source_only_not_network_or_full_range_validated,375.44692138790833,2432.6546944782076,True
0.75,S2b,317.6858565589993,67.38790896706047,352.8197574449327,conditional_source_only_not_network_or_full_range_validated,385.0737655260598,2432.6546944782076,True
0.75,S2b,7.660154514457155,1.9150386286142889,455.08189637875,conditional_source_only_not_network_or_full_range_validated,9.575193143071443,2426.1368774320295,False
0.75,S2b,15.32030902891431,3.830077257228577,452.19107788372,conditional_source_only_not_network_or_full_range_validated,19.150386286142886,2426.1368774320295,False
0.75,S2b,22.980463543371467,5.745115885842867,449.3168095935004,conditional_source_only_not_network_or_full_range_validated,28.725579429214335,2426.1368774320295,False
0.75,S2b,30.64061805782862,7.660154514457155,446.4590915080909,conditional_source_only_not_network_or_full_range_validated,38.30077257228577,2426.1368774320295,False
0.75,S2b,38.30077257228577,9.575193143071443,443.6179236274916,conditional_source_only_not_network_or_full_range_validated,47.87596571535722,2426.13687743203,False
0.75,S2b,45.96092708674293,11.490231771685734,440.7933059517025,conditional_source_only_not_network_or_full_range_validated,57.45115885842866,2426.13687743203,False
0.75,S2b,53.62108160120008,13.40527040030002,437.9852384807236,conditional_source_only_not_network_or_full_range_validated,67.0263520015001,2426.1368774320295,False
0.75,S2b,61.28123611565724,15.32030902891431,435.1937212145549,conditional_source_only_not_network_or_full_range_validated,76.60154514457155,2426.1368774320295,False
0.75,S2b,68.94139063011438,17.235347657528596,432.4187541531964,conditional_source_only_not_network_or_full_range_validated,86.17673828764298,2426.1368774320295,False
0.75,S2b,76.60154514457155,19.150386286142886,429.6603372966481,conditional_source_only_not_network_or_full_range_validated,95.75193143071444,2426.13687743203,False
0.75,S2b,84.2616996590287,21.065424914757173,426.91847064491,conditional_source_only_not_network_or_full_range_validated,105.32712457378587,2426.13687743203,False
0.75,S2b,91.92185417348588,22.980463543371467,424.1931541979821,conditional_source_only_not_network_or_full_range_validated,114.90231771685735,2426.13687743203,False
0.75,S2b,99.58200868794302,24.895502171985758,421.4843879558644,conditional_source_only_not_network_or_full_range_validated,124.47751085992877,2426.13687743203,False
0.75,S2b,107.24216320240016,26.81054080060004,418.7921719185569,conditional_source_only_not_network_or_full_range_validated,134.0527040030002,2426.1368774320295,False
0.75,S2b,114.90231771685733,28.725579429214328,416.1165060860596,conditional_source_only_not_network_or_full_range_validated,143.62789714607166,2426.1368774320295,False
0.75,S2b,122.56247223131447,30.64061805782862,413.45739045837246,conditional_source_only_not_network_or_full_range_validated,153.2030902891431,2426.1368774320295,False
0.75,S2b,130.22262674577163,32.55565668644291,410.8148250354956,conditional_source_only_not_network_or_full_range_validated,162.77828343221455,2426.1368774320295,False
0.75,S2b,137.88278126022877,34.47069531505719,408.1888098174288,conditional_source_only_not_network_or_full_range_validated,172.35347657528595,2426.1368774320295,False
0.75,S2b,145.54293577468593,36.38573394367148,405.5793448041723,conditional_source_only_not_network_or_full_range_validated,181.9286697183574,2426.1368774320295,False
0.75,S2b,153.2030902891431,38.30077257228577,402.9864299957261,conditional_source_only_not_network_or_full_range_validated,191.50386286142887,2426.13687743203,False
0.75,S2b,160.86324480360025,40.21581120090006,400.4100653920899,conditional_source_only_not_network_or_full_range_validated,201.07905600450033,2426.13687743203,False
0.75,S2b,168.5233993180574,42.13084982951435,397.850250993264,conditional_source_only_not_network_or_full_range_validated,210.65424914757173,2426.13687743203,False
0.75,S2b,176.18355383251458,44.04588845812864,395.3069867992483,conditional_source_only_not_network_or_full_range_validated,220.22944229064322,2426.13687743203,False
0.75,S2b,183.8437083469717,45.96092708674293,392.78027281004273,conditional_source_only_not_network_or_full_range_validated,229.80463543371462,2426.1368774320295,False
0.75,S2b,191.50386286142884,47.87596571535721,390.2701090256474,conditional_source_only_not_network_or_full_range_validated,239.37982857678605,2426.13687743203,False
0.75,S2b,199.16401737588603,49.79100434397151,387.7764954460623,conditional_source_only_not_network_or_full_range_validated,248.95502171985754,2426.13687743203,False
0.75,S2b,206.8241718903432,51.7060429725858,385.2994320712874,conditional_source_only_not_network_or_full_range_validated,258.530214862929,2426.1368774320295,False
0.75,S2b,214.48432640480036,53.62108160120008,382.8389189013227,conditional_source_only_not_network_or_full_range_validated,268.10540800600046,2426.1368774320295,False
0.75,S2b,222.1444809192575,55.53612022981437,380.3949559361682,conditional_source_only_not_network_or_full_range_validated,277.6806011490719,2426.13687743203,False
0.75,S2b,229.80463543371465,57.451158858428656,377.9675431758239,conditional_source_only_not_network_or_full_range_validated,287.2557942921433,2426.1368774320295,False
0.75,S2b,237.46478994817176,59.36619748704294,375.55668062028974,conditional_source_only_not_network_or_full_range_validated,296.8309874352147,2426.1368774320295,False
0.75,S2b,245.12494446262892,61.28123611565724,373.1623682695658,conditional_source_only_not_network_or_full_range_validated,306.4061805782861,2426.1368774320295,False
0.75,S2b,252.7850989770861,63.19627474427153,370.78460612365205,conditional_source_only_not_network_or_full_range_validated,315.9813737213576,2426.1368774320295,False
0.75,S2b,260.44525349154327,65.11131337288582,368.4233941825485,conditional_source_only_not_network_or_full_range_validated,325.5565668644291,2426.1368774320295,False
0.75,S2b,268.1054080060004,67.0263520015001,366.0787324462552,conditional_source_only_not_network_or_full_range_validated,335.1317600075005,2426.136877432029,False
0.75,S2b,275.76556252045754,68.94139063011438,363.75062091477207,conditional_source_only_not_network_or_full_range_validated,344.7069531505719,2426.1368774320295,False
0.75,S2b,283.4257170349147,70.85642925872868,361.4390595880991,conditional_source_only_not_network_or_full_range_validated,354.2821462936434,2426.1368774320295,False
0.75,S2b,291.08587154937186,72.77146788734296,359.1440484662364,conditional_source_only_not_network_or_full_range_validated,363.8573394367148,2426.1368774320295,True
0.75,S2b,298.746026063829,74.68650651595725,356.8655875491839,conditional_source_only_not_network_or_full_range_validated,373.43253257978625,2426.1368774320295,True
0.75,S2b,306.4061805782862,76.60154514457155,354.6036768369416,conditional_source_only_not_network_or_full_range_validated,383.00772572285774,2426.13687743203,True
0.75,S2b,7.381172413883089,2.142921023385413,455.14529812350975,conditional_source_only_not_network_or_full_range_validated,9.524093437268501,2419.653893460467,False
0.75,S2b,14.762344827766178,4.285842046770826,452.31694738590704,conditional_source_only_not_network_or_full_range_validated,19.048186874537002,2419.653893460467,False
0.75,S2b,22.143517241649267,6.428763070156239,449.504212865782,conditional_source_only_not_network_or_full_range_validated,28.572280311805507,2419.6538934604673,False
0.75,S2b,29.52468965553236,8.571684093541652,446.7070945631345,conditional_source_only_not_network_or_full_range_validated,38.09637374907401,2419.6538934604673,False
0.75,S2b,36.90586206941544,10.714605116927062,443.9255924779646,conditional_source_only_not_network_or_full_range_validated,47.6204671863425,2419.6538934604673,False
0.75,S2b,44.28703448329853,12.857526140312478,441.15970661027234,conditional_source_only_not_network_or_full_range_validated,57.14456062361101,2419.6538934604673,False
0.75,S2b,51.66820689718162,15.000447163697888,438.4094369600577,conditional_source_only_not_network_or_full_range_validated,66.6686540608795,2419.6538934604673,False
0.75,S2b,59.04937931106471,17.143368187083304,435.67478352732064,conditional_source_only_not_network_or_full_range_validated,76.19274749814801,2419.653893460467,False
0.75,S2b,66.43055172494779,19.286289210468716,432.9557463120612,conditional_source_only_not_network_or_full_range_validated,85.71684093541651,2419.6538934604678,False
0.75,S2b,73.81172413883088,21.429210233854125,430.25232531427935,conditional_source_only_not_network_or_full_range_validated,95.240934372685,2419.6538934604673,False
0.75,S2b,81.19289655271398,23.57213125723954,427.5645205339751,conditional_source_only_not_network_or_full_range_validated,104.76502780995352,2419.6538934604678,False
0.75,S2b,88.57406896659707,25.71505228062496,424.8923319711485,conditional_source_only_not_network_or_full_range_validated,114.28912124722203,2419.6538934604673,False
0.75,S2b,95.95524138048016,27.857973304010365,422.23575962579946,conditional_source_only_not_network_or_full_range_validated,123.81321468449053,2419.6538934604678,False
0.75,S2b,103.33641379436324,30.000894327395777,419.59480349792807,conditional_source_only_not_network_or_full_range_validated,133.337308121759,2419.6538934604673,False
0.75,S2b,110.71758620824632,32.14381535078119,416.9694635875342,conditional_source_only_not_network_or_full_range_validated,142.8614015590275,2419.6538934604678,False
0.75,S2b,118.09875862212942,34.28673637416661,414.359739894618,conditional_source_only_not_network_or_full_range_validated,152.38549499629602,2419.653893460467,False
0.75,S2b,125.4799310360125,36.42965739755202,411.7656324191794,conditional_source_only_not_network_or_full_range_validated,161.90958843356452,2419.6538934604678,False
0.75,S2b,132.86110344989558,38.57257842093743,409.1871411612185,conditional_source_only_not_network_or_full_range_validated,171.43368187083303,2419.6538934604678,False
0.75,S2b,140.2422758637787,40.715499444322845,406.6242661207351,conditional_source_only_not_network_or_full_range_validated,180.95777530810153,2419.6538934604673,False
0.75,S2b,147.62344827766177,42.85842046770825,404.0770072977294,conditional_source_only_not_network_or_full_range_validated,190.48186874537,2419.6538934604673,False
0.75,S2b,155.00462069154486,45.00134149109367,401.5453646922012,conditional_source_only_not_network_or_full_range_validated,200.00596218263854,2419.6538934604678,False
0.75,S2b,162.38579310542795,47.14426251447908,399.02933830415066,conditional_source_only_not_network_or_full_range_validated,209.53005561990705,2419.6538934604678,False
0.75,S2b,169.76696551931104,49.28718353786449,396.52892813357766,conditional_source_only_not_network_or_full_range_validated,219.05414905717555,2419.6538934604678,False
0.75,S2b,177.14813793319414,51.43010456124991,394.0441341804823,conditional_source_only_not_network_or_full_range_validated,228.57824249444405,2419.6538934604673,False
0.75,S2b,184.5293103470772,53.57302558463532,391.5749564448646,conditional_source_only_not_network_or_full_range_validated,238.1023359317125,2419.6538934604673,False
0.75,S2b,191.9104827609603,55.71594660802073,389.12139492672446,conditional_source_only_not_network_or_full_range_validated,247.626429368981,2419.6538934604673,False
0.75,S2b,199.29165517484336,57.85886763140614,386.68344962606193,conditional_source_only_not_network_or_full_range_validated,257.1505228062495,2419.6538934604673,False
0.75,S2b,206.67282758872648,60.001788654791554,384.261120542877,conditional_source_only_not_network_or_full_range_validated,266.674616243518,2419.6538934604673,False
0.75,S2b,214.0540000026096,62.144709678176966,381.8544076771697,conditional_source_only_not_network_or_full_range_validated,276.1987096807866,2419.6538934604673,False
0.75,S2b,221.43517241649263,64.28763070156238,379.46331102894,conditional_source_only_not_network_or_full_range_validated,285.722803118055,2419.6538934604678,False
0.75,S2b,228.81634483037573,66.43055172494779,377.0878305981879,conditional_source_only_not_network_or_full_range_validated,295.24689655532353,2419.6538934604673,False
0.75,S2b,236.19751724425885,68.57347274833322,374.72796638491343,conditional_source_only_not_network_or_full_range_validated,304.77098999259204,2419.653893460467,False
0.75,S2b,243.5786896581419,70.71639377171863,372.3837183891165,conditional_source_only_not_network_or_full_range_validated,314.29508342986054,2419.6538934604673,False
0.75,S2b,250.959862072025,72.85931479510404,370.0550866107972,conditional_source_only_not_network_or_full_range_validated,323.81917686712904,2419.6538934604678,False
0.75,S2b,258.34103448590804,75.00223581848944,367.74207104995554,conditional_source_only_not_network_or_full_range_validated,333.3432703043975,2419.6538934604673,False
0.75,S2b,265.7222068997912,77.14515684187485,365.4446717065915,conditional_source_only_not_network_or_full_range_validated,342.86736374166605,2419.6538934604678,False
0.75,S2b,273.1033793136743,79.28807786526028,363.162888580705,conditional_source_only_not_network_or_full_range_validated,352.39145717893456,2419.6538934604678,False
0.75,S2b,280.4845517275574,81.43099888864569,360.89672167229617,conditional_source_only_not_network_or_full_range_validated,361.91555061620306,2419.6538934604673,False
0.75,S2b,287.86572414144047,83.5739199120311,358.64617098136495,conditional_source_only_not_network_or_full_range_validated,371.43964405347157,2419.6538934604673,True
0.75,S2b,295.2468965553236,85.7168409354165,356.4112365079113,conditional_source_only_not_network_or_full_range_validated,380.9637374907401,2419.6538934604673,True
0.75,S2b,7.105152181078357,2.3683840603594524,455.2080528625764,conditional_source_only_not_network_or_full_range_validated,9.47353624143781,2413.2054640708534,False
0.75,S2b,14.210304362156714,4.736768120718905,452.441585015106,conditional_source_only_not_network_or_full_range_validated,18.94707248287562,2413.2054640708534,False
0.75,S2b,21.315456543235072,7.105152181078358,449.6898615361789,conditional_source_only_not_network_or_full_range_validated,28.420608724313432,2413.2054640708543,False
0.75,S2b,28.42060872431343,9.47353624143781,446.9528824257952,conditional_source_only_not_network_or_full_range_validated,37.89414496575124,2413.2054640708534,False
0.75,S2b,35.525760905391785,11.84192030179726,444.2306476839548,conditional_source_only_not_network_or_full_range_validated,47.367681207189044,2413.2054640708543,False
0.75,S2b,42.630913086470144,14.210304362156716,441.5231573106577,conditional_source_only_not_network_or_full_range_validated,56.841217448626864,2413.2054640708543,False
0.75,S2b,49.7360652675485,16.578688422516166,438.830411305904,conditional_source_only_not_network_or_full_range_validated,66.31475369006466,2413.205464070854,False
0.75,S2b,56.84121744862686,18.94707248287562,436.1524096696936,conditional_source_only_not_network_or_full_range_validated,75.78828993150248,2413.2054640708534,False
0.75,S2b,63.9463696297052,21.31545654323507,433.48915240202655,conditional_source_only_not_network_or_full_range_validated,85.26182617294027,2413.205464070854,False
0.75,S2b,71.05152181078357,23.68384060359452,430.8406395029028,conditional_source_only_not_network_or_full_range_validated,94.73536241437809,2413.2054640708543,False
0.75,S2b,78.15667399186192,26.05222466395397,428.2068709723223,conditional_source_only_not_network_or_full_range_validated,104.20889865581589,2413.205464070854,False
0.75,S2b,85.26182617294029,28.420608724313432,425.5878468102852,conditional_source_only_not_network_or_full_range_validated,113.68243489725373,2413.2054640708543,False
0.75,S2b,92.36697835401864,30.78899278467288,422.9835670167914,conditional_source_only_not_network_or_full_range_validated,123.15597113869153,2413.2054640708543,False
0.75,S2b,99.472130535097,33.15737684503233,420.394031591841,conditional_source_only_not_network_or_full_range_validated,132.62950738012933,2413.205464070854,False
0.75,S2b,106.57728271617536,35.525760905391785,417.8192405354338,conditional_source_only_not_network_or_full_range_validated,142.10304362156714,2413.205464070854,False
0.75,S2b,113.68243489725371,37.89414496575124,415.25919384757,conditional_source_only_not_network_or_full_range_validated,151.57657986300495,2413.2054640708534,False
0.75,S2b,120.78758707833208,40.26252902611069,412.7138915282496,conditional_source_only_not_network_or_full_range_validated,161.05011610444276,2413.205464070854,False
0.75,S2b,127.8927392594104,42.63091308647014,410.1833335774724,conditional_source_only_not_network_or_full_range_validated,170.52365234588055,2413.205464070854,False
0.75,S2b,134.9978914404888,44.9992971468296,407.6675199952386,conditional_source_only_not_network_or_full_range_validated,179.9971885873184,2413.205464070854,False
0.75,S2b,142.10304362156714,47.36768120718904,405.16645078154806,conditional_source_only_not_network_or_full_range_validated,189.47072482875618,2413.2054640708543,False
0.75,S2b,149.2081958026455,49.7360652675485,402.68012593640094,conditional_source_only_not_network_or_full_range_validated,198.944261070194,2413.205464070854,False
0.75,S2b,156.31334798372384,52.10444932790795,400.2085454597971,conditional_source_only_not_network_or_full_range_validated,208.4177973116318,2413.205464070854,False
0.75,S2b,163.4185001648022,54.47283338826741,397.7517093517365,conditional_source_only_not_network_or_full_range_validated,217.89133355306961,2413.205464070854,False
0.75,S2b,170.52365234588058,56.841217448626864,395.3096176122193,conditional_source_only_not_network_or_full_range_validated,227.36486979450746,2413.2054640708543,False
0.75,S2b,177.6288045269589,59.2096015089863,392.8822702412455,conditional_source_only_not_network_or_full_range_validated,236.8384060359452,2413.2054640708543,False
0.75,S2b,184.73395670803728,61.57798556934576,390.46966723881496,conditional_source_only_not_network_or_full_range_validated,246.31194227738305,2413.2054640708543,False
0.75,S2b,191.8391088891157,63.94636962970522,388.0718086049277,conditional_source_only_not_network_or_full_range_validated,255.78547851882092,2413.205464070854,False
0.75,S2b,198.944261070194,66.31475369006466,385.68869433958383,conditional_source_only_not_network_or_full_range_validated,265.25901476025865,2413.205464070854,False
0.75,S2b,206.0494132512724,68.68313775042412,383.32032444278326,conditional_source_only_not_network_or_full_range_validated,274.7325510016965,2413.2054640708534,False
0.75,S2b,213.1545654323507,71.05152181078357,380.966698914526,conditional_source_only_not_network_or_full_range_validated,284.2060872431343,2413.2054640708543,False
0.75,S2b,220.25971761342905,73.41990587114302,378.627817754812,conditional_source_only_not_network_or_full_range_validated,293.67962348457206,2413.205464070854,False
0.75,S2b,227.36486979450743,75.78828993150248,376.3036809636415,conditional_source_only_not_network_or_full_range_validated,303.1531597260099,2413.2054640708534,False
0.75,S2b,234.47002197558575,78.15667399186192,373.9942885410143,conditional_source_only_not_network_or_full_range_validated,312.6266959674477,2413.2054640708543,False
0.75,S2b,241.57517415666416,80.52505805222138,371.6996404869303,conditional_source_only_not_network_or_full_range_validated,322.10023220888553,2413.205464070854,False
0.75,S2b,248.68032633774249,82.89344211258083,369.4197368013897,conditional_source_only_not_network_or_full_range_validated,331.5737684503233,2413.205464070854,False
0.75,S2b,255.7854785188208,85.26182617294027,367.15457748439246,conditional_source_only_not_network_or_full_range_validated,341.0473046917611,2413.205464070854,False
0.75,S2b,262.8906306998992,87.63021023329974,364.9041625359384,conditional_source_only_not_network_or_full_range_validated,350.52084093319894,2413.205464070854,False
0.75,S2b,269.9957828809776,89.9985942936592,362.66849195602776,conditional_source_only_not_network_or_full_range_validated,359.9943771746368,2413.205464070854,False
0.75,S2b,277.1009350620559,92.36697835401864,360.4475657446605,conditional_source_only_not_network_or_full_range_validated,369.46791341607457,2413.2054640708543,True
0.75,S2b,284.2060872431343,94.73536241437807,358.2413839018365,conditional_source_only_not_network_or_full_range_validated,378.94144965751235,2413.2054640708543,True
0.75,S2b,6.832046897235815,2.591466064468757,455.270170433693,conditional_source_only_not_network_or_full_range_validated,9.42351296170457,2406.791313731387,False
0.75,S2b,13.66409379447163,5.182932128937515,452.5650086395853,conditional_source_only_not_network_or_full_range_validated,18.847025923409145,2406.791313731387,False
0.75,S2b,20.49614069170745,7.774398193406274,449.8737796962669,conditional_source_only_not_network_or_full_range_validated,28.270538885113723,2406.791313731387,False
0.75,S2b,27.32818758894326,10.36586425787503,447.1964836037379,conditional_source_only_not_network_or_full_range_validated,37.69405184681829,2406.791313731387,False
0.75,S2b,34.16023448617907,12.957330322343786,444.5331203619981,conditional_source_only_not_network_or_full_range_validated,47.11756480852286,2406.791313731387,False
0.75,S2b,40.99228138341489,15.548796386812548,441.8836899710476,conditional_source_only_not_network_or_full_range_validated,56.54107777022744,2406.7913137313867,False
0.75,S2b,47.824328280650704,18.140262451281306,439.2481924308864,conditional_source_only_not_network_or_full_range_validated,65.964590731932,2406.7913137313867,False
0.75,S2b,54.65637517788652,20.73172851575006,436.6266277415146,conditional_source_only_not_network_or_full_range_validated,75.38810369363658,2406.791313731387,False
0.75,S2b,61.48842207512232,23.32319458021881,434.0189959029321,conditional_source_only_not_network_or_full_range_validated,84.81161665534114,2406.7913137313876,False
0.75,S2b,68.32046897235814,25.91466064468757,431.4252969151389,conditional_source_only_not_network_or_full_range_validated,94.23512961704571,2406.791313731387,False
0.75,S2b,75.15251586959396,28.50612670915633,428.845530778135,conditional_source_only_not_network_or_full_range_validated,103.65864257875029,2406.791313731387,False
0.75,S2b,81.98456276682978,31.09759277362509,426.2796974919205,conditional_source_only_not_network_or_full_range_validated,113.08215554045488,2406.7913137313867,False
0.75,S2b,88.8166096640656,33.68905883809385,423.7277970564952,conditional_source_only_not_network_or_full_range_validated,122.50566850215944,2406.7913137313867,False
0.75,S2b,95.6486565613014,36.28052490256261,421.1898294718592,conditional_source_only_not_network_or_full_range_validated,131.929181463864,2406.7913137313876,False
0.75,S2b,102.48070345853722,38.871990967031365,418.6657947380126,conditional_source_only_not_network_or_full_range_validated,141.3526944255686,2406.791313731387,False
0.75,S2b,109.31275035577303,41.46345703150012,416.1556928549553,conditional_source_only_not_network_or_full_range_validated,150.77620738727316,2406.791313731387,False
0.75,S2b,116.14479725300886,44.05492309596888,413.6595238226873,conditional_source_only_not_network_or_full_range_validated,160.19972034897773,2406.791313731387,False
0.75,S2b,122.97684415024464,46.64638916043763,411.1772876412086,conditional_source_only_not_network_or_full_range_validated,169.62323331068228,2406.7913137313876,False
0.75,S2b,129.8088910474805,49.2378552249064,408.7089843105192,conditional_source_only_not_network_or_full_range_validated,179.04674627238688,2406.7913137313867,False
0.75,S2b,136.64093794471628,51.82932128937514,406.2546138306192,conditional_source_only_not_network_or_full_range_validated,188.47025923409143,2406.791313731387,False
0.75,S2b,143.4729848419521,54.42078735384391,403.8141762015084,conditional_source_only_not_network_or_full_range_validated,197.893772195796,2406.791313731387,False
0.75,S2b,150.3050317391879,57.01225341831266,401.3876714231869,conditional_source_only_not_network_or_full_range_validated,207.31728515750058,2406.791313731387,False
0.75,S2b,157.13707863642375,59.60371948278143,398.9750994956548,conditional_source_only_not_network_or_full_range_validated,216.74079811920518,2406.7913137313867,False
0.75,S2b,163.96912553365956,62.19518554725019,396.576460418912,conditional_source_only_not_network_or_full_range_validated,226.16431108090975,2406.7913137313867,False
0.75,S2b,170.80117243089535,64.78665161171892,394.1917541929585,conditional_source_only_not_network_or_full_range_validated,235.58782404261427,2406.7913137313867,False
0.75,S2b,177.6332193281312,67.3781176761877,391.8209808177944,conditional_source_only_not_network_or_full_range_validated,245.01133700431888,2406.7913137313867,False
0.75,S2b,184.465266225367,69.96958374065646,389.46414029341946,conditional_source_only_not_network_or_full_range_validated,254.43484996602348,2406.791313731387,False
0.75,S2b,191.2973131226028,72.56104980512521,387.1212326198339,conditional_source_only_not_network_or_full_range_validated,263.85836292772797,2406.7913137313867,False
0.75,S2b,198.12936001983863,75.15251586959398,384.7922577970377,conditional_source_only_not_network_or_full_range_validated,273.2818758894326,2406.791313731387,False
0.75,S2b,204.96140691707444,77.74398193406273,382.4772158250307,conditional_source_only_not_network_or_full_range_validated,282.7053888511372,2406.791313731387,False
0.75,S2b,211.79345381431023,80.33544799853148,380.1761067038131,conditional_source_only_not_network_or_full_range_validated,292.1289018128417,2406.791313731387,False
0.75,S2b,218.62550071154607,82.92691406300024,377.8889304333848,conditional_source_only_not_network_or_full_range_validated,301.5524147745463,2406.791313731387,False
0.75,S2b,225.45754760878188,85.518380127469,375.61568701374586,conditional_source_only_not_network_or_full_range_validated,310.97592773625087,2406.7913137313867,False
0.75,S2b,232.2895945060177,88.10984619193776,373.35637644489617,conditional_source_only_not_network_or_full_range_validated,320.39944069795547,2406.7913137313876,False
0.75,S2b,239.1216414032535,90.70131225640652,371.11099872683576,conditional_source_only_not_network_or_full_range_validated,329.82295365966,2406.7913137313867,False
0.75,S2b,245.9536883004893,93.29277832087526,368.8795538595648,conditional_source_only_not_network_or_full_range_validated,339.24646662136456,2406.7913137313876,False
0.75,S2b,252.78573519772516,95.88424438534403,366.662041843083,conditional_source_only_not_network_or_full_range_validated,348.6699795830692,2406.791313731387,False
0.75,S2b,259.617782094961,98.4757104498128,364.45846267739057,conditional_source_only_not_network_or_full_range_validated,358.09349254477377,2406.7913137313867,False
0.75,S2b,266.4498289921968,101.06717651428154,362.2688163624875,conditional_source_only_not_network_or_full_range_validated,367.5170055064783,2406.7913137313867,True
0.75,S2b,273.28187588943257,103.65864257875027,360.0931028983737,conditional_source_only_not_network_or_full_range_validated,376.94051846818286,2406.791313731387,True
0.75,S2b,6.561810629327893,2.8122045554262405,455.3316604765079,conditional_source_only_not_network_or_full_range_validated,9.374015184754134,2400.4111698318843,False
0.75,S2b,13.123621258655788,5.624409110852481,452.6872357865919,conditional_source_only_not_network_or_full_range_validated,18.74803036950827,2400.4111698318848,False
0.75,S2b,19.68543188798368,8.436613666278724,450.05599100884194,conditional_source_only_not_network_or_full_range_validated,28.122045554262403,2400.4111698318848,False
0.75,S2b,26.247242517311573,11.248818221704962,447.43792614325815,conditional_source_only_not_network_or_full_range_validated,37.496060739016535,2400.4111698318843,False
0.75,S2b,32.80905314663947,14.061022777131203,444.83304118984034,conditional_source_only_not_network_or_full_range_validated,46.87007592377067,2400.4111698318848,False
0.75,S2b,39.370863775967365,16.873227332557448,442.24133614858863,conditional_source_only_not_network_or_full_range_validated,56.24409110852481,2400.4111698318848,False
0.75,S2b,45.93267440529526,19.68543188798369,439.66281101950295,conditional_source_only_not_network_or_full_range_validated,65.61810629327894,2400.411169831884,False
0.75,S2b,52.494485034623146,22.497636443409924,437.0974658025834,conditional_source_only_not_network_or_full_range_validated,74.99212147803307,2400.4111698318843,False
0.75,S2b,59.05629566395105,25.30984099883617,434.54530049782994,conditional_source_only_not_network_or_full_range_validated,84.36613666278721,2400.4111698318848,False
0.75,S2b,65.61810629327894,28.122045554262407,432.0063151052425,conditional_source_only_not_network_or_full_range_validated,93.74015184754134,2400.4111698318848,False
0.75,S2b,72.17991692260684,30.934250109688648,429.48050962482125,conditional_source_only_not_network_or_full_range_validated,103.11416703229548,2400.4111698318848,False
0.75,S2b,78.74172755193473,33.746454665114896,426.967884056566,conditional_source_only_not_network_or_full_range_validated,112.48818221704963,2400.4111698318848,False
0.75,S2b,85.30353818126261,36.55865922054113,424.4684384004768,conditional_source_only_not_network_or_full_range_validated,121.86219740180374,2400.4111698318848,False
0.75,S2b,91.86534881059052,39.37086377596737,421.98217265655376,conditional_source_only_not_network_or_full_range_validated,131.23621258655788,2400.4111698318843,False
0.75,S2b,98.4271594399184,42.183068331393606,419.5090868247967,conditional_source_only_not_network_or_full_range_validated,140.610227771312,2400.4111698318848,False
0.75,S2b,104.98897006924628,44.99527288681985,417.0491809052058,conditional_source_only_not_network_or_full_range_validated,149.9842429560661,2400.4111698318848,False
0.75,S2b,111.5507806985742,47.80747744224609,414.60245489778094,conditional_source_only_not_network_or_full_range_validated,159.35825814082028,2400.4111698318843,False
0.75,S2b,118.1125913279021,50.61968199767234,412.1689088025221,conditional_source_only_not_network_or_full_range_validated,168.73227332557443,2400.4111698318848,False
0.75,S2b,124.67440195723,53.43188655309858,409.7485426194295,conditional_source_only_not_network_or_full_range_validated,178.10628851032857,2400.4111698318843,False
0.75,S2b,131.23621258655788,56.24409110852481,407.34135634850287,conditional_source_only_not_network_or_full_range_validated,187.48030369508268,2400.4111698318848,False
0.75,S2b,137.79802321588576,59.056295663951055,404.9473499897423,conditional_source_only_not_network_or_full_range_validated,196.85431887983682,2400.4111698318848,False
0.75,S2b,144.35983384521367,61.868500219377296,402.5665235431479,conditional_source_only_not_network_or_full_range_validated,206.22833406459097,2400.4111698318848,False
0.75,S2b,150.92164447454158,64.68070477480354,400.1988770087195,conditional_source_only_not_network_or_full_range_validated,215.60234924934514,2400.4111698318848,False
0.75,S2b,157.48345510386946,67.49290933022979,397.8444103864571,conditional_source_only_not_network_or_full_range_validated,224.97636443409925,2400.4111698318848,False
0.75,S2b,164.04526573319734,70.30511388565603,395.503123676361,conditional_source_only_not_network_or_full_range_validated,234.35037961885337,2400.4111698318848,False
0.75,S2b,170.60707636252522,73.11731844108226,393.1750168784308,conditional_source_only_not_network_or_full_range_validated,243.72439480360748,2400.4111698318848,False
0.75,S2b,177.16888699185313,75.9295229965085,390.8600899926668,conditional_source_only_not_network_or_full_range_validated,253.09840998836162,2400.4111698318848,False
0.75,S2b,183.73069762118104,78.74172755193474,388.55834301906873,conditional_source_only_not_network_or_full_range_validated,262.47242517311577,2400.4111698318843,False
0.75,S2b,190.29250825050892,81.55393210736099,386.2697759576368,conditional_source_only_not_network_or_full_range_validated,271.84644035786994,2400.4111698318848,False
0.75,S2b,196.8543188798368,84.36613666278721,383.99438880837096,conditional_source_only_not_network_or_full_range_validated,281.220455542624,2400.4111698318848,False
0.75,S2b,203.4161295091647,87.17834121821346,381.7321815712712,conditional_source_only_not_network_or_full_range_validated,290.59447072737817,2400.4111698318848,False
0.75,S2b,209.97794013849256,89.9905457736397,379.4831542463375,conditional_source_only_not_network_or_full_range_validated,299.9684859121322,2400.4111698318848,False
0.75,S2b,216.5397507678205,92.80275032906594,377.2473068335699,conditional_source_only_not_network_or_full_range_validated,309.34250109688645,2400.4111698318848,False
0.75,S2b,223.1015613971484,95.61495488449218,375.0246393329684,conditional_source_only_not_network_or_full_range_validated,318.71651628164057,2400.4111698318843,False
0.75,S2b,229.66337202647625,98.4271594399184,372.815151744533,conditional_source_only_not_network_or_full_range_validated,328.0905314663946,2400.4111698318843,False
0.75,S2b,236.2251826558042,101.23936399534468,370.6188440682636,conditional_source_only_not_network_or_full_range_validated,337.46454665114885,2400.4111698318848,False
0.75,S2b,242.78699328513207,104.05156855077092,368.43571630416034,conditional_source_only_not_network_or_full_range_validated,346.83856183590296,2400.4111698318848,False
0.75,S2b,249.34880391446,106.86377310619716,366.2657684522231,conditional_source_only_not_network_or_full_range_validated,356.21257702065714,2400.4111698318843,False
0.75,S2b,255.91061454378783,109.6759776616234,364.109000512452,conditional_source_only_not_network_or_full_range_validated,365.58659220541125,2400.4111698318848,True
0.75,S2b,262.47242517311577,112.48818221704964,361.965412484847,conditional_source_only_not_network_or_full_range_validated,374.9606073901654,2400.411169831885,True
0.75,S2b,6.294398404352438,3.0306362687622848,455.3925324375261,conditional_source_only_not_network_or_full_range_validated,9.325034673114722,2394.064762645163,False
0.75,S2b,12.588796808704876,6.0612725375245695,452.8082836503666,conditional_source_only_not_network_or_full_range_validated,18.650069346229444,2394.064762645163,False
0.75,S2b,18.88319521305732,9.091908806286856,450.2365187171114,conditional_source_only_not_network_or_full_range_validated,27.975104019344176,2394.0647626451632,False
0.75,S2b,25.17759361740975,12.12254507504914,447.6772376377607,conditional_source_only_not_network_or_full_range_validated,37.300138692458894,2394.0647626451632,False
0.75,S2b,31.471992021762187,15.153181343811424,445.13044041231433,conditional_source_only_not_network_or_full_range_validated,46.62517336557361,2394.0647626451632,False
0.75,S2b,37.76639042611463,18.183817612573712,442.59612704077233,conditional_source_only_not_network_or_full_range_validated,55.950208038688345,2394.0647626451632,False
0.75,S2b,44.06078883046707,21.214453881335995,440.0742975231348,conditional_source_only_not_network_or_full_range_validated,65.27524271180306,2394.0647626451632,False
0.75,S2b,50.3551872348195,24.24509015009828,437.5649518594016,conditional_source_only_not_network_or_full_range_validated,74.60027738491779,2394.0647626451632,False
0.75,S2b,56.649585639171946,27.275726418860565,435.0680900495729,conditional_source_only_not_network_or_full_range_validated,83.92531205803252,2394.0647626451632,False
0.75,S2b,62.94398404352437,30.306362687622848,432.5837120936485,conditional_source_only_not_network_or_full_range_validated,93.25034673114722,2394.0647626451632,False
0.75,S2b,69.23838244787682,33.33699895638513,430.11181799162847,conditional_source_only_not_network_or_full_range_validated,102.57538140426195,2394.0647626451632,False
0.75,S2b,75.53278085222927,36.367635225147424,427.6524077435129,conditional_source_only_not_network_or_full_range_validated,111.90041607737669,2394.0647626451632,False
0.75,S2b,81.8271792565817,39.3982714939097,425.2054813493017,conditional_source_only_not_network_or_full_range_validated,121.2254507504914,2394.0647626451632,False
0.75,S2b,88.12157766093414,42.42890776267199,422.7710388089948,conditional_source_only_not_network_or_full_range_validated,130.55048542360612,2394.0647626451632,False
0.75,S2b,94.41597606528656,45.45954403143427,420.34908012259245,conditional_source_only_not_network_or_full_range_validated,139.87552009672083,2394.0647626451632,False
0.75,S2b,100.710374469639,48.49018030019656,417.9396052900945,conditional_source_only_not_network_or_full_range_validated,149.20055476983558,2394.0647626451632,False
0.75,S2b,107.00477287399146,51.52081656895885,415.5426143115008,conditional_source_only_not_network_or_full_range_validated,158.52558944295032,2394.0647626451632,False
0.75,S2b,113.29917127834388,54.55145283772113,413.1581071868116,conditional_source_only_not_network_or_full_range_validated,167.850624116065,2394.0647626451632,False
0.75,S2b,119.59356968269633,57.58208910648341,410.7860839160268,conditional_source_only_not_network_or_full_range_validated,177.17565878917975,2394.0647626451632,False
0.75,S2b,125.88796808704876,60.612725375245695,408.4265444991463,conditional_source_only_not_network_or_full_range_validated,186.50069346229446,2394.0647626451632,False
0.75,S2b,132.1823664914012,63.64336164400799,406.0794889361702,conditional_source_only_not_network_or_full_range_validated,195.8257281354092,2394.0647626451632,False
0.75,S2b,138.47676489575363,66.67399791277026,403.7449172270986,conditional_source_only_not_network_or_full_range_validated,205.1507628085239,2394.0647626451632,False
0.75,S2b,144.77116330010608,69.70463418153255,401.4228293719313,conditional_source_only_not_network_or_full_range_validated,214.47579748163864,2394.064762645163,False
0.75,S2b,151.06556170445853,72.73527045029485,399.1132253706684,conditional_source_only_not_network_or_full_range_validated,223.80083215475338,2394.0647626451632,False
0.75,S2b,157.35996010881092,75.76590671905711,396.81610522331,conditional_source_only_not_network_or_full_range_validated,233.12586682786804,2394.0647626451632,False
0.75,S2b,163.6543585131634,78.79654298781941,394.5314689298559,conditional_source_only_not_network_or_full_range_validated,242.4509015009828,2394.0647626451632,False
0.75,S2b,169.94875691751582,81.82717925658169,392.2593164903062,conditional_source_only_not_network_or_full_range_validated,251.77593617409752,2394.064762645163,False
0.75,S2b,176.24315532186827,84.85781552534398,389.99964790466095,conditional_source_only_not_network_or_full_range_validated,261.10097084721224,2394.0647626451632,False
0.75,S2b,182.5375537262207,87.88845179410626,387.7524631729201,conditional_source_only_not_network_or_full_range_validated,270.42600552032695,2394.0647626451632,False
0.75,S2b,188.83195213057317,90.91908806286854,385.5177622950835,conditional_source_only_not_network_or_full_range_validated,279.7510401934417,2394.064762645163,False
0.75,S2b,195.1263505349256,93.94972433163085,383.29554527115147,conditional_source_only_not_network_or_full_range_validated,289.07607486655644,2394.064762645163,False
0.75,S2b,201.420748939278,96.98036060039313,381.0858121011237,conditional_source_only_not_network_or_full_range_validated,298.40110953967115,2394.0647626451632,False
0.75,S2b,207.7151473436305,100.0109968691554,378.8885627850004,conditional_source_only_not_network_or_full_range_validated,307.7261442127859,2394.0647626451637,False
0.75,S2b,214.0095457479829,103.0416331379177,376.7037973227815,conditional_source_only_not_network_or_full_range_validated,317.05117888590064,2394.0647626451632,False
0.75,S2b,220.3039441523353,106.07226940667996,374.5315157144669,conditional_source_only_not_network_or_full_range_validated,326.37621355901524,2394.064762645163,False
0.75,S2b,226.59834255668775,109.10290567544226,372.3717179600568,conditional_source_only_not_network_or_full_range_validated,335.70124823213,2394.0647626451632,False
0.75,S2b,232.8927409610402,112.13354194420454,370.2244040595511,conditional_source_only_not_network_or_full_range_validated,345.0262829052447,2394.0647626451632,False
0.75,S2b,239.18713936539265,115.16417821296682,368.08957401294975,conditional_source_only_not_network_or_full_range_validated,354.3513175783595,2394.0647626451632,False
0.75,S2b,245.48153776974507,118.19481448172913,365.96722782025273,conditional_source_only_not_network_or_full_range_validated,363.6763522514742,2394.0647626451632,True
0.75,S2b,251.7759361740975,121.2254507504914,363.85736548146025,conditional_source_only_not_network_or_full_range_validated,373.0013869245889,2394.0647626451632,True
0.75,S2b,6.029766184381747,3.2467971762055563,455.45279557491375,conditional_source_only_not_network_or_full_range_validated,9.276563360587303,2387.7518252890254,False
0.75,S2b,12.059532368763492,6.493594352411113,452.9281690999373,conditional_source_only_not_network_or_full_range_validated,18.553126721174603,2387.751825289025,False
0.75,S2b,18.08929855314524,9.740391528616671,450.4153856536604,conditional_source_only_not_network_or_full_range_validated,27.82969008176191,2387.751825289025,False
0.75,S2b,24.119064737526987,12.987188704822223,447.9144452360834,conditional_source_only_not_network_or_full_range_validated,37.106253442349214,2387.7518252890254,False
0.75,S2b,30.148830921908733,16.23398588102778,445.42534784720624,conditional_source_only_not_network_or_full_range_validated,46.38281680293652,2387.7518252890254,False
0.75,S2b,36.17859710629048,19.480783057233342,442.9480934870288,conditional_source_only_not_network_or_full_range_validated,55.65938016352382,2387.751825289025,False
0.75,S2b,42.208363290672224,22.727580233438896,440.4826821555511,conditional_source_only_not_network_or_full_range_validated,64.93594352411112,2387.7518252890254,False
0.75,S2b,48.23812947505397,25.97437740964445,438.0291138527732,conditional_source_only_not_network_or_full_range_validated,74.21250688469841,2387.751825289025,False
0.75,S2b,54.26789565943572,29.221174585850008,435.5873885786951,conditional_source_only_not_network_or_full_range_validated,83.48907024528573,2387.7518252890254,False
0.75,S2b,60.297661843817465,32.46797176205556,433.1575063333168,conditional_source_only_not_network_or_full_range_validated,92.76563360587303,2387.7518252890254,False
0.75,S2b,66.32742802819922,35.71476893826112,430.7394671166382,conditional_source_only_not_network_or_full_range_validated,102.04219696646035,2387.7518252890254,False
0.75,S2b,72.35719421258096,38.961566114466684,428.3332709286594,conditional_source_only_not_network_or_full_range_validated,111.31876032704764,2387.751825289025,False
0.75,S2b,78.3869603969627,42.20836329067223,425.93891776938034,conditional_source_only_not_network_or_full_range_validated,120.59532368763493,2387.7518252890254,False
0.75,S2b,84.41672658134445,45.45516046687779,423.5564076388011,conditional_source_only_not_network_or_full_range_validated,129.87188704822225,2387.7518252890254,False
0.75,S2b,90.4464927657262,48.70195764308334,421.1857405369217,conditional_source_only_not_network_or_full_range_validated,139.14845040880954,2387.751825289025,False
0.75,S2b,96.47625895010796,51.9487548192889,418.826916463742,conditional_source_only_not_network_or_full_range_validated,148.42501376939686,2387.751825289025,False
0.75,S2b,102.5060251344897,55.19555199549447,416.479935419262,conditional_source_only_not_network_or_full_range_validated,157.70157712998417,2387.751825289026,False
0.75,S2b,108.53579131887145,58.442349171700016,414.1447974034819,conditional_source_only_not_network_or_full_range_validated,166.97814049057146,2387.7518252890254,False
0.75,S2b,114.5655575032532,61.68914634790558,411.82150241640153,conditional_source_only_not_network_or_full_range_validated,176.25470385115878,2387.7518252890254,False
0.75,S2b,120.59532368763492,64.93594352411112,409.51005045802094,conditional_source_only_not_network_or_full_range_validated,185.53126721174604,2387.7518252890254,False
0.75,S2b,126.62508987201667,68.18274070031669,407.2104415283401,conditional_source_only_not_network_or_full_range_validated,194.80783057233336,2387.7518252890254,False
0.75,S2b,132.65485605639844,71.42953787652225,404.9226756273591,conditional_source_only_not_network_or_full_range_validated,204.0843939329207,2387.7518252890254,False
0.75,S2b,138.6846222407802,74.67633505272781,402.6467527550778,conditional_source_only_not_network_or_full_range_validated,213.360957293508,2387.751825289025,False
0.75,S2b,144.71438842516193,77.92313222893337,400.38267291149634,conditional_source_only_not_network_or_full_range_validated,222.63752065409528,2387.751825289025,False
0.75,S2b,150.74415460954367,81.16992940513892,398.1304360966146,conditional_source_only_not_network_or_full_range_validated,231.9140840146826,2387.7518252890254,False
0.75,S2b,156.7739207939254,84.41672658134446,395.8900423104327,conditional_source_only_not_network_or_full_range_validated,241.19064737526986,2387.7518252890254,False
0.75,S2b,162.80368697830716,87.66352375755002,393.6614915529505,conditional_source_only_not_network_or_full_range_validated,250.46721073585718,2387.751825289025,False
0.75,S2b,168.8334531626889,90.9103209337556,391.4447838241681,conditional_source_only_not_network_or_full_range_validated,259.7437740964445,2387.7518252890254,False
0.75,S2b,174.86321934707067,94.15711810996116,389.2399191240855,conditional_source_only_not_network_or_full_range_validated,269.0203374570318,2387.751825289025,False
0.75,S2b,180.8929855314524,97.40391528616668,387.0468974527026,conditional_source_only_not_network_or_full_range_validated,278.2969008176191,2387.751825289025,False
0.75,S2b,186.92275171583407,100.65071246237224,384.86571881001953,conditional_source_only_not_network_or_full_range_validated,287.57346417820634,2387.7518252890254,False
0.75,S2b,192.9525179002159,103.8975096385778,382.69638319603627,conditional_source_only_not_network_or_full_range_validated,296.8500275387937,2387.7518252890254,False
0.75,S2b,198.98228408459764,107.14430681478338,380.53889061075273,conditional_source_only_not_network_or_full_range_validated,306.12659089938103,2387.7518252890254,False
0.75,S2b,205.0120502689794,110.39110399098894,378.393241054169,conditional_source_only_not_network_or_full_range_validated,315.40315425996835,2387.751825289026,False
0.75,S2b,211.04181645336112,113.63790116719449,376.2594345262851,conditional_source_only_not_network_or_full_range_validated,324.6797176205556,2387.751825289025,False
0.75,S2b,217.0715826377429,116.88469834340005,374.1374710271008,conditional_source_only_not_network_or_full_range_validated,333.9562809811429,2387.7518252890254,False
0.75,S2b,223.10134882212463,120.1314955196056,372.0273505566164,conditional_source_only_not_network_or_full_range_validated,343.23284434173024,2387.7518252890254,False
0.75,S2b,229.1311150065064,123.37829269581115,369.9290731148318,conditional_source_only_not_network_or_full_range_validated,352.50940770231756,2387.7518252890254,False
0.75,S2b,235.16088119088812,126.62508987201672,367.84263870174686,conditional_source_only_not_network_or_full_range_validated,361.7859710629048,2387.7518252890254,False
0.75,S2b,241.19064737526983,129.87188704822225,365.7680473173618,conditional_source_only_not_network_or_full_range_validated,371.0625344234921,2387.7518252890254,False
0.75,S2b,5.767870842385781,3.4607225054314683,455.51245896316016,conditional_source_only_not_network_or_full_range_validated,9.228593347817249,2381.4720936888502,False
0.75,S2b,11.535741684771562,6.921445010862937,453.0469086866968,conditional_source_only_not_network_or_full_range_validated,18.457186695634498,2381.4720936888502,False
0.75,S2b,17.303612527157345,10.382167516294404,450.5926142492,conditional_source_only_not_network_or_full_range_validated,27.68578004345175,2381.4720936888507,False
0.75,S2b,23.071483369543124,13.842890021725871,448.1495756506698,conditional_source_only_not_network_or_full_range_validated,36.914373391268995,2381.4720936888502,False
0.75,S2b,28.8393542119289,17.30361252715734,445.7177928911062,conditional_source_only_not_network_or_full_range_validated,46.14296673908624,2381.4720936888507,False
0.75,S2b,34.60722505431469,20.76433503258881,443.2972659705092,conditional_source_only_not_network_or_full_range_validated,55.3715600869035,2381.4720936888507,False
0.75,S2b,40.37509589670046,24.22505753802028,440.88799488887867,conditional_source_only_not_network_or_full_range_validated,64.60015343472074,2381.4720936888507,False
0.75,S2b,46.14296673908625,27.685780043451743,438.4899796462148,conditional_source_only_not_network_or_full_range_validated,73.82874678253799,2381.4720936888502,False
0.75,S2b,51.910837581472016,31.146502548883213,436.1032202425175,conditional_source_only_not_network_or_full_range_validated,83.05734013035523,2381.4720936888502,False
0.75,S2b,57.6787084238578,34.60722505431468,433.7277166777868,conditional_source_only_not_network_or_full_range_validated,92.28593347817248,2381.4720936888507,False
0.75,S2b,63.44657926624358,38.06794755974615,431.3634689520225,conditional_source_only_not_network_or_full_range_validated,101.51452682598973,2381.4720936888502,False
0.75,S2b,69.21445010862938,41.52867006517762,429.0104770652249,conditional_source_only_not_network_or_full_range_validated,110.743120173807,2381.4720936888507,False
0.75,S2b,74.98232095101514,44.98939257060909,426.6687410173939,conditional_source_only_not_network_or_full_range_validated,119.97171352162422,2381.4720936888502,False
0.75,S2b,80.75019179340092,48.45011507604056,424.3382608085294,conditional_source_only_not_network_or_full_range_validated,129.20030686944148,2381.4720936888507,False
0.75,S2b,86.5180626357867,51.91083758147202,422.01903643863153,conditional_source_only_not_network_or_full_range_validated,138.42890021725873,2381.4720936888502,False
0.75,S2b,92.2859334781725,55.37156008690349,419.7110679077002,conditional_source_only_not_network_or_full_range_validated,147.65749356507598,2381.4720936888502,False
0.75,S2b,98.05380432055829,58.83228259233496,417.4143552157355,conditional_source_only_not_network_or_full_range_validated,156.88608691289323,2381.4720936888507,False
0.75,S2b,103.82167516294405,62.293005097766425,415.1288983627373,conditional_source_only_not_network_or_full_range_validated,166.1146802607105,2381.4720936888507,False
0.75,S2b,109.58954600532984,65.7537276031979,412.85469734870566,conditional_source_only_not_network_or_full_range_validated,175.34327360852774,2381.4720936888502,False
0.75,S2b,115.3574168477156,69.21445010862936,410.5917521736407,conditional_source_only_not_network_or_full_range_validated,184.57186695634496,2381.4720936888507,False
0.75,S2b,121.1252876901014,72.67517261406083,408.34006283754223,conditional_source_only_not_network_or_full_range_validated,193.80046030416224,2381.4720936888507,False
0.75,S2b,126.89315853248716,76.1358951194923,406.0996293404103,conditional_source_only_not_network_or_full_range_validated,203.02905365197947,2381.4720936888502,False
0.75,S2b,132.66102937487295,79.59661762492377,403.870451682245,conditional_source_only_not_network_or_full_range_validated,212.25764699979672,2381.4720936888502,False
0.75,S2b,138.42890021725876,83.05734013035524,401.6525298630463,conditional_source_only_not_network_or_full_range_validated,221.486240347614,2381.4720936888507,False
0.75,S2b,144.1967710596445,86.51806263578669,399.4458638828141,conditional_source_only_not_network_or_full_range_validated,230.7148336954312,2381.4720936888502,False
0.75,S2b,149.96464190203028,89.97878514121817,397.2504537415485,conditional_source_only_not_network_or_full_range_validated,239.94342704324845,2381.4720936888502,False
0.75,S2b,155.73251274441608,93.43950764664964,395.0662994392495,conditional_source_only_not_network_or_full_range_validated,249.17202039106573,2381.4720936888507,False
0.75,S2b,161.50038358680183,96.90023015208112,392.8934009759171,conditional_source_only_not_network_or_full_range_validated,258.40061373888295,2381.4720936888507,False
0.75,S2b,167.26825442918764,100.36095265751256,390.7317583515512,conditional_source_only_not_network_or_full_range_validated,267.6292070867002,2381.4720936888507,False
0.75,S2b,173.0361252715734,103.82167516294405,388.5813715661519,conditional_source_only_not_network_or_full_range_validated,276.85780043451746,2381.4720936888502,False
0.75,S2b,178.8039961139592,107.28239766837552,386.4422406197192,conditional_source_only_not_network_or_full_range_validated,286.0863937823347,2381.4720936888502,False
0.75,S2b,184.571866956345,110.743120173807,384.314365512253,conditional_source_only_not_network_or_full_range_validated,295.31498713015196,2381.4720936888502,False
0.75,S2b,190.3397377987308,114.20384267923843,382.1977462437534,conditional_source_only_not_network_or_full_range_validated,304.5435804779692,2381.4720936888502,False
0.75,S2b,196.1076086411165,117.66456518466993,380.09238281422034,conditional_source_only_not_network_or_full_range_validated,313.77217382578647,2381.4720936888507,False
0.75,S2b,201.8754794835023,121.12528769010136,377.99827522365393,conditional_source_only_not_network_or_full_range_validated,323.00076717360366,2381.4720936888507,False
0.75,S2b,207.6433503258881,124.58601019553284,375.9154234720541,conditional_source_only_not_network_or_full_range_validated,332.2293605214209,2381.4720936888502,False
0.75,S2b,213.4112211682739,128.04673270096433,373.8438275594208,conditional_source_only_not_network_or_full_range_validated,341.4579538692382,2381.4720936888502,False
0.75,S2b,219.17909201065967,131.5074552063958,371.7834874857541,conditional_source_only_not_network_or_full_range_validated,350.6865472170555,2381.4720936888502,False
0.75,S2b,224.94696285304545,134.96817771182728,369.734403251054,conditional_source_only_not_network_or_full_range_validated,359.91514056487273,2381.4720936888502,False
0.75,S2b,230.7148336954312,138.42890021725873,367.6965748553204,conditional_source_only_not_network_or_full_range_validated,369.1437339126899,2381.4720936888507,False
0.75,S2b,5.508670138801611,3.6724467592010734,455.5715314976024,conditional_source_only_not_network_or_full_range_validated,9.181116898002685,2375.2253065407713,False
0.75,S2b,11.01734027760322,7.344893518402149,453.1645186517732,conditional_source_only_not_network_or_full_range_validated,18.36223379600537,2375.2253065407713,False
0.75,S2b,16.526010416404834,11.017340277603225,450.7682265411029,conditional_source_only_not_network_or_full_range_validated,27.54335069400806,2375.2253065407713,False
0.75,S2b,22.03468055520644,14.689787036804296,448.38265516559136,conditional_source_only_not_network_or_full_range_validated,36.72446759201073,2375.2253065407713,False
0.75,S2b,27.54335069400805,18.36223379600537,446.0078045252384,conditional_source_only_not_network_or_full_range_validated,45.905584490013425,2375.2253065407713,False
0.75,S2b,33.05202083280967,22.03468055520645,443.6436746200443,conditional_source_only_not_network_or_full_range_validated,55.08670138801612,2375.2253065407713,False
0.75,S2b,38.56069097161127,25.70712731440752,441.2902654500088,conditional_source_only_not_network_or_full_range_validated,64.2678182860188,2375.2253065407713,False
0.75,S2b,44.069361110412885,29.379574073608595,438.9475770151321,conditional_source_only_not_network_or_full_range_validated,73.44893518402148,2375.225306540771,False
0.75,S2b,49.5780312492145,33.05202083280967,436.6156093154141,conditional_source_only_not_network_or_full_range_validated,82.63005208202416,2375.225306540771,False
0.75,S2b,55.08670138801611,36.72446759201074,434.2943623508548,conditional_source_only_not_network_or_full_range_validated,91.81116898002685,2375.2253065407713,False
0.75,S2b,60.59537152681773,40.39691435121182,431.9838361214543,conditional_source_only_not_network_or_full_range_validated,100.99228587802955,2375.225306540771,False
0.75,S2b,66.10404166561933,44.0693611104129,429.6840306272124,conditional_source_only_not_network_or_full_range_validated,110.17340277603223,2375.2253065407713,False
0.75,S2b,71.61271180442094,47.741807869613964,427.3949458681293,conditional_source_only_not_network_or_full_range_validated,119.3545196740349,2375.2253065407713,False
0.75,S2b,77.12138194322254,51.41425462881504,425.11658184420486,conditional_source_only_not_network_or_full_range_validated,128.5356365720376,2375.2253065407713,False
0.75,S2b,82.63005208202415,55.08670138801611,422.8489385554392,conditional_source_only_not_network_or_full_range_validated,137.71675347004026,2375.225306540771,False
0.75,S2b,88.13872222082577,58.75914814721719,420.5920160018322,conditional_source_only_not_network_or_full_range_validated,146.89787036804296,2375.225306540771,False
0.75,S2b,93.6473923596274,62.43159490641827,418.345814183384,conditional_source_only_not_network_or_full_range_validated,156.07898726604566,2375.225306540771,False
0.75,S2b,99.156062498429,66.10404166561933,416.11033310009446,conditional_source_only_not_network_or_full_range_validated,165.26010416404833,2375.225306540771,False
0.75,S2b,104.6647326372306,69.77648842482041,413.8855727519636,conditional_source_only_not_network_or_full_range_validated,174.441221062051,2375.2253065407704,False
0.75,S2b,110.17340277603222,73.44893518402148,411.6715331389916,conditional_source_only_not_network_or_full_range_validated,183.6223379600537,2375.2253065407713,False
0.75,S2b,115.68207291483384,77.12138194322256,409.4682142611781,conditional_source_only_not_network_or_full_range_validated,192.8034548580564,2375.225306540771,False
0.75,S2b,121.19074305363546,80.79382870242364,407.2756161185235,conditional_source_only_not_network_or_full_range_validated,201.9845717560591,2375.225306540771,False
0.75,S2b,126.69941319243704,84.46627546162472,405.0937387110276,conditional_source_only_not_network_or_full_range_validated,211.16568865406174,2375.225306540771,False
0.75,S2b,132.20808333123867,88.1387222208258,402.9225820386904,conditional_source_only_not_network_or_full_range_validated,220.34680555206447,2375.2253065407713,False
0.75,S2b,137.7167534700403,91.81116898002686,400.7621461015119,conditional_source_only_not_network_or_full_range_validated,229.52792245006714,2375.225306540771,False
0.75,S2b,143.22542360884188,95.48361573922791,398.6124308994921,conditional_source_only_not_network_or_full_range_validated,238.70903934806978,2375.225306540771,False
0.75,S2b,148.7340937476435,99.156062498429,396.473436432631,conditional_source_only_not_network_or_full_range_validated,247.89015624607248,2375.225306540771,False
0.75,S2b,154.2427638864451,102.82850925763007,394.3451627009287,conditional_source_only_not_network_or_full_range_validated,257.0712731440752,2375.2253065407713,False
0.75,S2b,159.7514340252467,106.50095601683115,392.227609704385,conditional_source_only_not_network_or_full_range_validated,266.2523900420779,2375.225306540771,False
0.75,S2b,165.2601041640483,110.17340277603222,390.1207774430001,conditional_source_only_not_network_or_full_range_validated,275.4335069400805,2375.225306540771,False
0.75,S2b,170.76877430284992,113.8458495352333,388.024665916774,conditional_source_only_not_network_or_full_range_validated,284.6146238380832,2375.2253065407713,False
0.75,S2b,176.27744444165154,117.51829629443438,385.9392751257065,conditional_source_only_not_network_or_full_range_validated,293.7957407360859,2375.225306540771,False
0.75,S2b,181.7861145804532,121.19074305363546,383.8646050697977,conditional_source_only_not_network_or_full_range_validated,302.9768576340887,2375.2253065407713,False
0.75,S2b,187.2947847192548,124.86318981283654,381.8006557490477,conditional_source_only_not_network_or_full_range_validated,312.1579745320913,2375.225306540771,False
0.75,S2b,192.8034548580564,128.5356365720376,379.7474271634564,conditional_source_only_not_network_or_full_range_validated,321.33909143009396,2375.2253065407713,False
0.75,S2b,198.312124996858,132.20808333123867,377.7049193130239,conditional_source_only_not_network_or_full_range_validated,330.52020832809666,2375.225306540771,False
0.75,S2b,203.8207951356596,135.88053009043975,375.67313219775,conditional_source_only_not_network_or_full_range_validated,339.70132522609936,2375.225306540771,False
0.75,S2b,209.32946527446123,139.55297684964083,373.6520658176348,conditional_source_only_not_network_or_full_range_validated,348.88244212410206,2375.225306540771,False
0.75,S2b,214.83813541326285,143.2254236088419,371.6417201726785,conditional_source_only_not_network_or_full_range_validated,358.06355902210476,2375.225306540771,False
0.75,S2b,220.34680555206444,146.89787036804296,369.64209526288073,conditional_source_only_not_network_or_full_range_validated,367.2446759201074,2375.2253065407713,False
0.75,S2b,5.252122698822412,3.882003733912218,455.6300218988163,conditional_source_only_not_network_or_full_range_validated,9.13412643273463,2369.011205275428,False
0.75,S2b,10.504245397644825,7.764007467824436,453.2810149331969,conditional_source_only_not_network_or_full_range_validated,18.26825286546926,2369.011205275428,False
0.75,S2b,15.756368096467238,11.646011201736655,450.9422441817318,conditional_source_only_not_network_or_full_range_validated,27.402379298203893,2369.011205275428,False
0.75,S2b,21.00849079528965,15.528014935648873,448.6137096444209,conditional_source_only_not_network_or_full_range_validated,36.53650573093852,2369.011205275428,False
0.75,S2b,26.260613494112057,19.41001866956109,446.2954113212642,conditional_source_only_not_network_or_full_range_validated,45.67063216367315,2369.011205275428,False
0.75,S2b,31.51273619293448,23.29202240347331,443.98734921226185,conditional_source_only_not_network_or_full_range_validated,54.804758596407794,2369.0112052754284,False
0.75,S2b,36.76485889175689,27.17402613738553,441.6895233174137,conditional_source_only_not_network_or_full_range_validated,63.93888502914241,2369.0112052754275,False
0.75,S2b,42.0169815905793,31.056029871297746,439.4019336367199,conditional_source_only_not_network_or_full_range_validated,73.07301146187704,2369.011205275428,False
0.75,S2b,47.2691042894017,34.93803360520996,437.1245801701804,conditional_source_only_not_network_or_full_range_validated,82.20713789461166,2369.011205275428,False
0.75,S2b,52.52122698822412,38.82003733912218,434.8574629177951,conditional_source_only_not_network_or_full_range_validated,91.3412643273463,2369.0112052754275,False
0.75,S2b,57.773349687046526,42.7020410730344,432.60058187956406,conditional_source_only_not_network_or_full_range_validated,100.47539076008093,2369.011205275428,False
0.75,S2b,63.02547238586895,46.58404480694662,430.35393705548734,conditional_source_only_not_network_or_full_range_validated,109.60951719281557,2369.011205275428,False
0.75,S2b,68.27759508469136,50.46604854085884,428.1175284455648,conditional_source_only_not_network_or_full_range_validated,118.74364362555019,2369.011205275428,False
0.75,S2b,73.52971778351377,54.34805227477106,425.8913560497966,conditional_source_only_not_network_or_full_range_validated,127.87777005828482,2369.0112052754275,False
0.75,S2b,78.78184048233618,58.23005600868328,423.6754198681827,conditional_source_only_not_network_or_full_range_validated,137.01189649101946,2369.0112052754284,False
0.75,S2b,84.0339631811586,62.11205974259549,421.469719900723,conditional_source_only_not_network_or_full_range_validated,146.1460229237541,2369.011205275428,False
0.75,S2b,89.286085879981,65.99406347650772,419.2742561474176,conditional_source_only_not_network_or_full_range_validated,155.28014935648872,2369.011205275428,False
0.75,S2b,94.5382085788034,69.87606721041992,417.08902860826646,conditional_source_only_not_network_or_full_range_validated,164.41427578922332,2369.011205275428,False
0.75,S2b,99.79033127762584,73.75807094433215,414.9140372832696,conditional_source_only_not_network_or_full_range_validated,173.54840222195799,2369.011205275428,False
0.75,S2b,105.04245397644824,77.64007467824436,412.7492821724271,conditional_source_only_not_network_or_full_range_validated,182.6825286546926,2369.0112052754275,False
0.75,S2b,110.29457667527063,81.52207841215657,410.5947632757387,conditional_source_only_not_network_or_full_range_validated,191.8166550874272,2369.0112052754284,False
0.75,S2b,115.54669937409304,85.4040821460688,408.4504805932047,conditional_source_only_not_network_or_full_range_validated,200.95078152016185,2369.0112052754284,False
0.75,S2b,120.79882207291548,89.28608587998103,406.31643412482487,conditional_source_only_not_network_or_full_range_validated,210.08490795289651,2369.0112052754284,False
0.75,S2b,126.0509447717379,93.16808961389324,404.1926238705993,conditional_source_only_not_network_or_full_range_validated,219.21903438563115,2369.011205275428,False
0.75,S2b,131.30306747056028,97.05009334780544,402.0790498305281,conditional_source_only_not_network_or_full_range_validated,228.35316081836572,2369.011205275428,False
0.75,S2b,136.5551901693827,100.93209708171769,399.9757120046111,conditional_source_only_not_network_or_full_range_validated,237.48728725110038,2369.011205275428,False
0.75,S2b,141.80731286820512,104.8141008156299,397.8826103928484,conditional_source_only_not_network_or_full_range_validated,246.62141368383502,2369.011205275428,False
0.75,S2b,147.05943556702755,108.69610454954211,395.7997449952399,conditional_source_only_not_network_or_full_range_validated,255.75554011656965,2369.0112052754275,False
0.75,S2b,152.31155826584995,112.57810828345434,393.7271158117857,conditional_source_only_not_network_or_full_range_validated,264.8896665493043,2369.0112052754284,False
0.75,S2b,157.56368096467236,116.46011201736655,391.6647228424858,conditional_source_only_not_network_or_full_range_validated,274.0237929820389,2369.0112052754284,False
0.75,S2b,162.81580366349476,120.34211575127875,389.61256608734016,conditional_source_only_not_network_or_full_range_validated,283.1579194147735,2369.011205275428,False
0.75,S2b,168.0679263623172,124.22411948519098,387.5706455463489,conditional_source_only_not_network_or_full_range_validated,292.2920458475082,2369.011205275428,False
0.75,S2b,173.3200490611396,128.10612321910318,385.53896121951175,conditional_source_only_not_network_or_full_range_validated,301.4261722802428,2369.011205275428,False
0.75,S2b,178.572171759962,131.98812695301544,383.5175131068289,conditional_source_only_not_network_or_full_range_validated,310.56029871297744,2369.011205275428,False
0.75,S2b,183.8242944587844,135.87013068692764,381.50630120830033,conditional_source_only_not_network_or_full_range_validated,319.69442514571205,2369.011205275428,False
0.75,S2b,189.0764171576068,139.75213442083984,379.5053255239261,conditional_source_only_not_network_or_full_range_validated,328.82855157844665,2369.011205275428,False
0.75,S2b,194.32853985642924,143.6341381547521,377.51458605370607,conditional_source_only_not_network_or_full_range_validated,337.9626780111813,2369.0112052754275,False
0.75,S2b,199.58066255525168,147.5161418886643,375.5340827976402,conditional_source_only_not_network_or_full_range_validated,347.09680444391597,2369.011205275428,False
0.75,S2b,204.83278525407405,151.39814562257652,373.5638157557288,conditional_source_only_not_network_or_full_range_validated,356.2309308766506,2369.011205275428,False
0.75,S2b,210.0849079528965,155.28014935648872,371.6037849279716,conditional_source_only_not_network_or_full_range_validated,365.3650573093852,2369.0112052754275,False
0.75,S2b,4.998187990380329,4.089426537583905,455.687938716881,conditional_source_only_not_network_or_full_range_validated,9.087614527964234,2362.8295340222953,False
0.75,S2b,9.996375980760655,8.17885307516781,453.39641317287294,conditional_source_only_not_network_or_full_range_validated,18.175229055928465,2362.829534022295,False
0.75,S2b,14.994563971140987,12.268279612751718,451.11468844656594,conditional_source_only_not_network_or_full_range_validated,27.262843583892703,2362.829534022295,False
0.75,S2b,19.992751961521314,16.35770615033562,448.84276453796,conditional_source_only_not_network_or_full_range_validated,36.35045811185694,2362.8295340222953,False
0.75,S2b,24.99093995190164,20.447132687919524,446.58064144705503,conditional_source_only_not_network_or_full_range_validated,45.438072639821165,2362.8295340222944,False
0.75,S2b,29.98912794228197,24.536559225503435,444.3283191738511,conditional_source_only_not_network_or_full_range_validated,54.52568716778541,2362.829534022295,False
0.75,S2b,34.9873159326623,28.625985763087336,442.08579771834826,conditional_source_only_not_network_or_full_range_validated,63.613301695749634,2362.829534022295,False
0.75,S2b,39.98550392304263,32.71541230067124,439.8530770805464,conditional_source_only_not_network_or_full_range_validated,72.70091622371388,2362.8295340222953,False
0.75,S2b,44.98369191342296,36.80483883825514,437.6301572604456,conditional_source_only_not_network_or_full_range_validated,81.7885307516781,2362.8295340222944,False
0.75,S2b,49.98187990380328,40.89426537583905,435.4170382580458,conditional_source_only_not_network_or_full_range_validated,90.87614527964233,2362.8295340222944,False
0.75,S2b,54.98006789418361,44.98369191342295,433.2137200733471,conditional_source_only_not_network_or_full_range_validated,99.96375980760656,2362.829534022295,False
0.75,S2b,59.97825588456395,49.07311845100687,431.0202027063493,conditional_source_only_not_network_or_full_range_validated,109.05137433557081,2362.829534022295,False
0.75,S2b,64.97644387494428,53.16254498859077,428.8364861570527,conditional_source_only_not_network_or_full_range_validated,118.13898886353505,2362.829534022295,False
0.75,S2b,69.9746318653246,57.25197152617467,426.662570425457,conditional_source_only_not_network_or_full_range_validated,127.22660339149927,2362.829534022295,False
0.75,S2b,74.97281985570493,61.34139806375857,424.4984555115624,conditional_source_only_not_network_or_full_range_validated,136.3142179194635,2362.829534022295,False
0.75,S2b,79.97100784608526,65.43082460134248,422.3441414153688,conditional_source_only_not_network_or_full_range_validated,145.40183244742775,2362.8295340222953,False
0.75,S2b,84.9691958364656,69.5202511389264,420.1996281368762,conditional_source_only_not_network_or_full_range_validated,154.489446975392,2362.8295340222953,False
0.75,S2b,89.96738382684592,73.60967767651029,418.0649156760848,conditional_source_only_not_network_or_full_range_validated,163.57706150335622,2362.8295340222944,False
0.75,S2b,94.96557181722623,77.69910421409419,415.94000403299424,conditional_source_only_not_network_or_full_range_validated,172.66467603132043,2362.8295340222944,False
0.75,S2b,99.96375980760656,81.7885307516781,413.8248932076048,conditional_source_only_not_network_or_full_range_validated,181.75229055928466,2362.8295340222944,False
0.75,S2b,104.9619477979869,85.877957289262,411.7195831999163,conditional_source_only_not_network_or_full_range_validated,190.8399050872489,2362.8295340222944,False
0.75,S2b,109.96013578836724,89.9673838268459,409.62407400992896,conditional_source_only_not_network_or_full_range_validated,199.92751961521316,2362.829534022295,False
0.75,S2b,114.95832377874756,94.05681036442982,407.5383656376426,conditional_source_only_not_network_or_full_range_validated,209.01513414317736,2362.829534022295,False
0.75,S2b,119.9565117691279,98.14623690201374,405.4624580830573,conditional_source_only_not_network_or_full_range_validated,218.10274867114163,2362.829534022295,False
0.75,S2b,124.95469975950822,102.23566343959764,403.3963513461729,conditional_source_only_not_network_or_full_range_validated,227.19036319910586,2362.8295340222944,False
0.75,S2b,129.95288774988856,106.32508997718152,401.34004542698966,conditional_source_only_not_network_or_full_range_validated,236.2779777270701,2362.829534022295,False
0.75,S2b,134.95107574026886,110.41451651476544,399.2935403255074,conditional_source_only_not_network_or_full_range_validated,245.3655922550343,2362.8295340222944,False
0.75,S2b,139.9492637306492,114.50394305234934,397.2568360417262,conditional_source_only_not_network_or_full_range_validated,254.45320678299854,2362.829534022295,False
0.75,S2b,144.94745172102952,118.59336958993325,395.2299325756461,conditional_source_only_not_network_or_full_range_validated,263.54082131096277,2362.829534022295,False
0.75,S2b,149.94563971140985,122.68279612751714,393.2128299272669,conditional_source_only_not_network_or_full_range_validated,272.628435838927,2362.829534022295,False
0.75,S2b,154.94382770179018,126.77222266510104,391.2055280965888,conditional_source_only_not_network_or_full_range_validated,281.71605036689124,2362.829534022295,False
0.75,S2b,159.94201569217051,130.86164920268496,389.2080270836117,conditional_source_only_not_network_or_full_range_validated,290.8036648948555,2362.8295340222953,False
0.75,S2b,164.94020368255084,134.95107574026886,387.2203268883357,conditional_source_only_not_network_or_full_range_validated,299.8912794228197,2362.829534022295,False
0.75,S2b,169.9383916729312,139.0405022778528,385.2424275107607,conditional_source_only_not_network_or_full_range_validated,308.978893950784,2362.8295340222953,False
0.75,S2b,174.9365796633115,143.12992881543667,383.2743289508867,conditional_source_only_not_network_or_full_range_validated,318.0665084787482,2362.829534022295,False
0.75,S2b,179.93476765369184,147.21935535302055,381.31603120871375,conditional_source_only_not_network_or_full_range_validated,327.1541230067124,2362.8295340222944,False
0.75,S2b,184.93295564407217,151.3087818906045,379.3675342842418,conditional_source_only_not_network_or_full_range_validated,336.24173753467664,2362.8295340222944,False
0.75,S2b,189.9311436344525,155.39820842818838,377.4288381774709,conditional_source_only_not_network_or_full_range_validated,345.32935206264085,2362.8295340222944,False
0.75,S2b,194.92933162483283,159.48763496577232,375.49994288840105,conditional_source_only_not_network_or_full_range_validated,354.41696659060517,2362.829534022295,False
0.75,S2b,199.92751961521316,163.5770615033562,373.5808484170323,conditional_source_only_not_network_or_full_range_validated,363.5045811185694,2362.829534022295,False
0.75,S2b,4.746826302798614,4.294747607293985,455.7452903355168,conditional_source_only_not_network_or_full_range_validated,9.041573910092598,2356.680039574556,False
0.75,S2b,9.493652605597228,8.58949521458797,453.5107287233642,conditional_source_only_not_network_or_full_range_validated,18.083147820185197,2356.680039574556,False
0.75,S2b,14.240478908395843,12.884242821881957,451.2855802421323,conditional_source_only_not_network_or_full_range_validated,27.1247217302778,2356.680039574556,False
0.75,S2b,18.987305211194457,17.17899042917594,449.0698448918212,conditional_source_only_not_network_or_full_range_validated,36.16629564037039,2356.680039574556,False
0.75,S2b,23.73413151399307,21.473738036469925,446.8635226724308,conditional_source_only_not_network_or_full_range_validated,45.207869550462995,2356.6800395745563,False
0.75,S2b,28.480957816791687,25.768485643763917,444.66661358396107,conditional_source_only_not_network_or_full_range_validated,54.249443460555604,2356.6800395745563,False
0.75,S2b,33.2277841195903,30.06323325105789,442.47911762641206,conditional_source_only_not_network_or_full_range_validated,63.29101737064819,2356.6800395745568,False
0.75,S2b,37.97461042238891,34.35798085835188,440.3010347997839,conditional_source_only_not_network_or_full_range_validated,72.33259128074079,2356.680039574556,False
0.75,S2b,42.72143672518752,38.652728465645865,438.1323651040763,conditional_source_only_not_network_or_full_range_validated,81.3741651908334,2356.6800395745563,False
0.75,S2b,47.46826302798614,42.94747607293985,435.9731085392895,conditional_source_only_not_network_or_full_range_validated,90.41573910092599,2356.6800395745563,False
0.75,S2b,52.21508933078476,47.24222368023384,433.8232651054233,conditional_source_only_not_network_or_full_range_validated,99.4573130110186,2356.6800395745563,False
0.75,S2b,56.961915633583374,51.53697128752783,431.682834802478,conditional_source_only_not_network_or_full_range_validated,108.4988869211112,2356.680039574556,False
0.75,S2b,61.708741936381976,55.831718894821805,429.5518176304533,conditional_source_only_not_network_or_full_range_validated,117.54046083120377,2356.6800395745563,False
0.75,S2b,66.4555682391806,60.12646650211579,427.4302135893494,conditional_source_only_not_network_or_full_range_validated,126.58203474129638,2356.6800395745563,False
0.75,S2b,71.2023945419792,64.42121410940977,425.31802267916623,conditional_source_only_not_network_or_full_range_validated,135.62360865138896,2356.6800395745563,False
0.75,S2b,75.94922084477783,68.71596171670376,423.2152448999037,conditional_source_only_not_network_or_full_range_validated,144.66518256148157,2356.680039574556,False
0.75,S2b,80.69604714757645,73.01070932399776,421.121880251562,conditional_source_only_not_network_or_full_range_validated,153.7067564715742,2356.6800395745568,False
0.75,S2b,85.44287345037505,77.30545693129173,419.0379287341409,conditional_source_only_not_network_or_full_range_validated,162.7483303816668,2356.6800395745563,False
0.75,S2b,90.18969975317368,81.60020453858571,416.9633903476406,conditional_source_only_not_network_or_full_range_validated,171.7899042917594,2356.680039574556,False
0.75,S2b,94.93652605597228,85.8949521458797,414.898265092061,conditional_source_only_not_network_or_full_range_validated,180.83147820185198,2356.6800395745563,False
0.75,S2b,99.68335235877088,90.18969975317368,412.8425529674021,conditional_source_only_not_network_or_full_range_validated,189.87305211194456,2356.6800395745563,False
0.75,S2b,104.43017866156951,94.48444736046768,410.796253973664,conditional_source_only_not_network_or_full_range_validated,198.9146260220372,2356.6800395745563,False
0.75,S2b,109.17700496436812,98.77919496776168,408.75936811084654,conditional_source_only_not_network_or_full_range_validated,207.9561999321298,2356.6800395745563,False
0.75,S2b,113.92383126716676,103.07394257505564,406.7318953789498,conditional_source_only_not_network_or_full_range_validated,216.9977738422224,2356.680039574556,False
0.75,S2b,118.67065756996534,107.3686901823496,404.7138357779738,conditional_source_only_not_network_or_full_range_validated,226.03934775231494,2356.6800395745563,False
0.75,S2b,123.41748387276397,111.6634377896436,402.7051893079186,conditional_source_only_not_network_or_full_range_validated,235.08092166240755,2356.6800395745563,False
0.75,S2b,128.16431017556258,115.9581853969376,400.70595596878405,conditional_source_only_not_network_or_full_range_validated,244.12249557250016,2356.6800395745563,False
0.75,S2b,132.9111364783612,120.25293300423158,398.7161357605702,conditional_source_only_not_network_or_full_range_validated,253.16406948259277,2356.6800395745563,False
0.75,S2b,137.6579627811598,124.54768061152556,396.7357286832771,conditional_source_only_not_network_or_full_range_validated,262.2056433926854,2356.6800395745568,False
0.75,S2b,142.4047890839584,128.84242821881955,394.76473473690464,conditional_source_only_not_network_or_full_range_validated,271.2472173027779,2356.6800395745563,False
0.75,S2b,147.15161538675704,133.13717582611355,392.803153921453,conditional_source_only_not_network_or_full_range_validated,280.2887912128706,2356.6800395745563,False
0.75,S2b,151.89844168955565,137.43192343340752,390.8509862369221,conditional_source_only_not_network_or_full_range_validated,289.33036512296314,2356.680039574556,False
0.75,S2b,156.64526799235426,141.72667104070152,388.90823168331184,conditional_source_only_not_network_or_full_range_validated,298.3719390330558,2356.6800395745568,False
0.75,S2b,161.3920942951529,146.02141864799552,386.9748902606224,conditional_source_only_not_network_or_full_range_validated,307.4135129431484,2356.6800395745568,False
0.75,S2b,166.13892059795148,150.31616625528946,385.0509619688536,conditional_source_only_not_network_or_full_range_validated,316.4550868532409,2356.6800395745563,False
0.75,S2b,170.8857469007501,154.61091386258346,383.13644680800553,conditional_source_only_not_network_or_full_range_validated,325.4966607633336,2356.6800395745563,False
0.75,S2b,175.63257320354873,158.90566146987746,381.23134477807815,conditional_source_only_not_network_or_full_range_validated,334.5382346734262,2356.6800395745563,False
0.75,S2b,180.3793995063473,163.20040907717143,379.3356558790716,conditional_source_only_not_network_or_full_range_validated,343.57980858351874,2356.6800395745563,False
0.75,S2b,185.12622580914595,167.49515668446543,377.44938011098566,conditional_source_only_not_network_or_full_range_validated,352.62138249361135,2356.6800395745568,False
0.75,S2b,189.87305211194456,171.7899042917594,375.5725174738205,conditional_source_only_not_network_or_full_range_validated,361.66295640370396,2356.6800395745563,False
0.75,S2b,4.497998726089435,4.497998726089435,455.8020849761056,conditional_source_only_not_network_or_full_range_validated,8.99599745217887,2350.5624713545376,False
0.75,S2b,8.99599745217887,8.99599745217887,453.6239766544903,conditional_source_only_not_network_or_full_range_validated,17.99199490435774,2350.5624713545376,False
0.75,S2b,13.493996178268306,13.493996178268306,451.4549401137441,conditional_source_only_not_network_or_full_range_validated,26.987992356536612,2350.5624713545376,False
0.75,S2b,17.99199490435774,17.99199490435774,449.29497535386713,conditional_source_only_not_network_or_full_range_validated,35.98398980871548,2350.5624713545376,False
0.75,S2b,22.489993630447174,22.489993630447174,447.1440823748592,conditional_source_only_not_network_or_full_range_validated,44.97998726089435,2350.5624713545376,False
0.75,S2b,26.98799235653661,26.98799235653661,445.0022611767206,conditional_source_only_not_network_or_full_range_validated,53.97598471307322,2350.5624713545376,False
0.75,S2b,31.485991082626047,31.485991082626047,442.869511759451,conditional_source_only_not_network_or_full_range_validated,62.97198216525209,2350.5624713545376,False
0.75,S2b,35.98398980871548,35.98398980871548,440.7458341230506,conditional_source_only_not_network_or_full_range_validated,71.96797961743096,2350.5624713545376,False
0.75,S2b,40.48198853480491,40.48198853480491,438.6312282675193,conditional_source_only_not_network_or_full_range_validated,80.96397706960983,2350.5624713545376,False
0.75,S2b,44.97998726089435,44.97998726089435,436.52569419285726,conditional_source_only_not_network_or_full_range_validated,89.9599745217887,2350.5624713545376,False
0.75,S2b,49.47798598698379,49.47798598698379,434.4292318990642,conditional_source_only_not_network_or_full_range_validated,98.95597197396758,2350.5624713545376,False
0.75,S2b,53.97598471307322,53.97598471307322,432.34184138614046,conditional_source_only_not_network_or_full_range_validated,107.95196942614643,2350.5624713545376,False
0.75,S2b,58.47398343916265,58.47398343916265,430.26352265408576,conditional_source_only_not_network_or_full_range_validated,116.9479668783253,2350.5624713545376,False
0.75,S2b,62.97198216525209,62.97198216525209,428.1942757029003,conditional_source_only_not_network_or_full_range_validated,125.94396433050419,2350.5624713545376,False
0.75,S2b,67.46998089134152,67.46998089134152,426.1341005325839,conditional_source_only_not_network_or_full_range_validated,134.93996178268304,2350.5624713545376,False
0.75,S2b,71.96797961743096,71.96797961743096,424.0829971431367,conditional_source_only_not_network_or_full_range_validated,143.9359592348619,2350.5624713545376,False
0.75,S2b,76.4659783435204,76.4659783435204,422.0409655345586,conditional_source_only_not_network_or_full_range_validated,152.9319566870408,2350.5624713545376,False
0.75,S2b,80.96397706960983,80.96397706960983,420.00800570684976,conditional_source_only_not_network_or_full_range_validated,161.92795413921965,2350.5624713545376,False
0.75,S2b,85.46197579569926,85.46197579569926,417.98411766000993,conditional_source_only_not_network_or_full_range_validated,170.92395159139852,2350.5624713545376,False
0.75,S2b,89.9599745217887,89.9599745217887,415.96930139403935,conditional_source_only_not_network_or_full_range_validated,179.9199490435774,2350.5624713545376,False
0.75,S2b,94.45797324787812,94.45797324787812,413.96355690893785,conditional_source_only_not_network_or_full_range_validated,188.91594649575623,2350.562471354538,False
0.75,S2b,98.95597197396758,98.95597197396758,411.9668842047056,conditional_source_only_not_network_or_full_range_validated,197.91194394793516,2350.5624713545376,False
0.75,S2b,103.453970700057,103.453970700057,409.9792832813424,conditional_source_only_not_network_or_full_range_validated,206.907941400114,2350.5624713545376,False
0.75,S2b,107.95196942614643,107.95196942614643,408.0007541388484,conditional_source_only_not_network_or_full_range_validated,215.90393885229287,2350.5624713545376,False
0.75,S2b,112.44996815223588,112.44996815223588,406.0312967772235,conditional_source_only_not_network_or_full_range_validated,224.89993630447177,2350.5624713545376,False
0.75,S2b,116.9479668783253,116.9479668783253,404.0709111964678,conditional_source_only_not_network_or_full_range_validated,233.8959337566506,2350.5624713545376,False
0.75,S2b,121.44596560441477,121.44596560441477,402.1195973965813,conditional_source_only_not_network_or_full_range_validated,242.89193120882953,2350.562471354538,False
0.75,S2b,125.9439643305042,125.9439643305042,400.1773553775638,conditional_source_only_not_network_or_full_range_validated,251.8879286610084,2350.562471354537,False
0.75,S2b,130.44196305659364,130.44196305659364,398.2441851394156,conditional_source_only_not_network_or_full_range_validated,260.8839261131873,2350.5624713545376,False
0.75,S2b,134.93996178268304,134.93996178268304,396.3200866821364,conditional_source_only_not_network_or_full_range_validated,269.8799235653661,2350.5624713545376,False
0.75,S2b,139.43796050877248,139.43796050877248,394.40506000572645,conditional_source_only_not_network_or_full_range_validated,278.87592101754495,2350.5624713545376,False
0.75,S2b,143.9359592348619,143.9359592348619,392.49910511018567,conditional_source_only_not_network_or_full_range_validated,287.8719184697238,2350.5624713545376,False
0.75,S2b,148.43395796095135,148.43395796095135,390.602221995514,conditional_source_only_not_network_or_full_range_validated,296.8679159219027,2350.562471354537,False
0.75,S2b,152.9319566870408,152.9319566870408,388.7144106617114,conditional_source_only_not_network_or_full_range_validated,305.8639133740816,2350.5624713545376,False
0.75,S2b,157.42995541313022,157.42995541313022,386.83567110877806,conditional_source_only_not_network_or_full_range_validated,314.85991082626043,2350.5624713545376,False
0.75,S2b,161.92795413921965,161.92795413921965,384.96600333671387,conditional_source_only_not_network_or_full_range_validated,323.8559082784393,2350.5624713545376,False
0.75,S2b,166.42595286530909,166.42595286530909,383.1054073455188,conditional_source_only_not_network_or_full_range_validated,332.85190573061817,2350.5624713545376,False
0.75,S2b,170.92395159139852,170.92395159139852,381.2538831351928,conditional_source_only_not_network_or_full_range_validated,341.84790318279704,2350.5624713545376,False
0.75,S2b,175.42195031748798,175.42195031748798,379.41143070573605,conditional_source_only_not_network_or_full_range_validated,350.84390063497597,2350.562471354538,False
0.75,S2b,179.9199490435774,179.9199490435774,377.57805005714846,conditional_source_only_not_network_or_full_range_validated,359.8398980871548,2350.5624713545376,False
0.75,S2b,4.251667130874648,4.69921103938777,455.8583307015947,conditional_source_only_not_network_or_full_range_validated,8.950878170262419,2344.476581379666,False
0.75,S2b,8.503334261749297,9.39842207877554,453.7361717597495,conditional_source_only_not_network_or_full_range_validated,17.901756340524837,2344.476581379666,False
0.75,S2b,12.75500139262395,14.097633118163312,451.6227882530544,conditional_source_only_not_network_or_full_range_validated,26.85263451078726,2344.4765813796657,False
0.75,S2b,17.006668523498593,18.79684415755108,449.5181801815094,conditional_source_only_not_network_or_full_range_validated,35.803512681049675,2344.476581379666,False
0.75,S2b,21.258335654373244,23.49605519693885,447.4223475451146,conditional_source_only_not_network_or_full_range_validated,44.754390851312095,2344.476581379666,False
0.75,S2b,25.5100027852479,28.195266236326624,445.3352903438699,conditional_source_only_not_network_or_full_range_validated,53.70526902157452,2344.4765813796657,False
0.75,S2b,29.761669916122543,32.894477275714394,443.2570085777753,conditional_source_only_not_network_or_full_range_validated,62.656147191836936,2344.476581379666,False
0.75,S2b,34.01333704699719,37.59368831510216,441.1875022468309,conditional_source_only_not_network_or_full_range_validated,71.60702536209935,2344.476581379666,False
0.75,S2b,38.265004177871845,42.29289935448993,439.1267713510366,conditional_source_only_not_network_or_full_range_validated,80.55790353236178,2344.4765813796657,False
0.75,S2b,42.51667130874649,46.9921103938777,437.0748158903924,conditional_source_only_not_network_or_full_range_validated,89.50878170262419,2344.476581379666,False
0.75,S2b,46.76833843962114,51.69132143326548,435.0316358648984,conditional_source_only_not_network_or_full_range_validated,98.45965987288662,2344.476581379666,False
0.75,S2b,51.0200055704958,56.39053247265325,432.9972312745545,conditional_source_only_not_network_or_full_range_validated,107.41053804314905,2344.4765813796657,False
0.75,S2b,55.271672701370434,61.08974351204101,430.9716021193608,conditional_source_only_not_network_or_full_range_validated,116.36141621341145,2344.476581379666,False
0.75,S2b,59.523339832245085,65.78895455142879,428.95474839931705,conditional_source_only_not_network_or_full_range_validated,125.31229438367387,2344.476581379666,False
0.75,S2b,63.77500696311973,70.48816559081655,426.9466701144236,conditional_source_only_not_network_or_full_range_validated,134.26317255393627,2344.4765813796657,False
0.75,S2b,68.02667409399437,75.18737663020433,424.9473672646802,conditional_source_only_not_network_or_full_range_validated,143.2140507241987,2344.476581379666,False
0.75,S2b,72.27834122486904,79.88658766959209,422.95683985008696,conditional_source_only_not_network_or_full_range_validated,152.16492889446113,2344.4765813796657,False
0.75,S2b,76.53000835574369,84.58579870897987,420.9750878706439,conditional_source_only_not_network_or_full_range_validated,161.11580706472355,2344.4765813796657,False
0.75,S2b,80.78167548661834,89.28500974836764,419.00211132635087,conditional_source_only_not_network_or_full_range_validated,170.06668523498598,2344.4765813796657,False
0.75,S2b,85.03334261749298,93.9842207877554,417.037910217208,conditional_source_only_not_network_or_full_range_validated,179.01756340524838,2344.476581379666,False
0.75,S2b,89.28500974836763,98.68343182714318,415.08248454321534,conditional_source_only_not_network_or_full_range_validated,187.9684415755108,2344.4765813796657,False
0.75,S2b,93.53667687924228,103.38264286653096,413.1358343043728,conditional_source_only_not_network_or_full_range_validated,196.91931974577324,2344.476581379666,False
0.75,S2b,97.78834401011692,108.08185390591872,411.1979595006803,conditional_source_only_not_network_or_full_range_validated,205.87019791603564,2344.476581379666,False
0.75,S2b,102.0400111409916,112.7810649453065,409.268860132138,conditional_source_only_not_network_or_full_range_validated,214.8210760862981,2344.4765813796657,False
0.75,S2b,106.29167827186625,117.48027598469426,407.3485361987458,conditional_source_only_not_network_or_full_range_validated,223.7719542565605,2344.4765813796657,False
0.75,S2b,110.54334540274088,122.17948702408202,405.4369877005038,conditional_source_only_not_network_or_full_range_validated,232.7228324268229,2344.476581379666,False
0.75,S2b,114.79501253361552,126.8786980634698,403.5342146374119,conditional_source_only_not_network_or_full_range_validated,241.67371059708532,2344.476581379666,False
0.75,S2b,119.04667966449016,131.57790910285755,401.6402170094701,conditional_source_only_not_network_or_full_range_validated,250.6245887673477,2344.4765813796653,False
0.75,S2b,123.29834679536484,136.27712014224537,399.7549948166785,conditional_source_only_not_network_or_full_range_validated,259.5754669376102,2344.4765813796657,False
0.75,S2b,127.55001392623946,140.9763311816331,397.878548059037,conditional_source_only_not_network_or_full_range_validated,268.52634510787254,2344.4765813796657,False
0.75,S2b,131.8016810571141,145.6755422210209,396.0108767365456,conditional_source_only_not_network_or_full_range_validated,277.477223278135,2344.476581379666,False
0.75,S2b,136.05334818798875,150.37475326040865,394.15198084920434,conditional_source_only_not_network_or_full_range_validated,286.4281014483974,2344.476581379666,False
0.75,S2b,140.3050153188634,155.07396429979644,392.3018603970132,conditional_source_only_not_network_or_full_range_validated,295.37897961865986,2344.476581379666,False
0.75,S2b,144.55668244973808,159.77317533918418,390.4605153799722,conditional_source_only_not_network_or_full_range_validated,304.32985778892225,2344.4765813796657,False
0.75,S2b,148.8083495806127,164.47238637857194,388.62794579808144,conditional_source_only_not_network_or_full_range_validated,313.28073595918465,2344.476581379666,False
0.75,S2b,153.06001671148738,169.17159741795973,386.8041516513407,conditional_source_only_not_network_or_full_range_validated,322.2316141294471,2344.4765813796657,False
0.75,S2b,157.31168384236202,173.8708084573475,384.9891329397501,conditional_source_only_not_network_or_full_range_validated,331.1824922997095,2344.476581379666,False
0.75,S2b,161.56335097323668,178.57001949673528,383.1828896633096,conditional_source_only_not_network_or_full_range_validated,340.13337046997196,2344.4765813796657,False
0.75,S2b,165.81501810411132,183.26923053612305,381.3854218220193,conditional_source_only_not_network_or_full_range_validated,349.08424864023436,2344.476581379666,False
0.75,S2b,170.06668523498595,187.9684415755108,379.5967294158791,conditional_source_only_not_network_or_full_range_validated,358.03512681049676,2344.476581379666,False
0.75,S2b,4.007794148907829,4.898415070887348,455.91403542028826,conditional_source_only_not_network_or_full_range_validated,8.906209219795176,2338.4221242289645,False
0.75,S2b,8.015588297815658,9.796830141774697,453.8473285625673,conditional_source_only_not_network_or_full_range_validated,17.812418439590353,2338.4221242289645,False
0.75,S2b,12.023382446723488,14.695245212662044,451.7891445054273,conditional_source_only_not_network_or_full_range_validated,26.718627659385533,2338.422124228965,False
0.75,S2b,16.031176595631315,19.59366028354939,449.7394832488681,conditional_source_only_not_network_or_full_range_validated,35.624836879180705,2338.4221242289645,False
0.75,S2b,20.038970744539142,24.492075354436736,447.69834479288977,conditional_source_only_not_network_or_full_range_validated,44.53104609897588,2338.4221242289645,False
0.75,S2b,24.046764893446976,29.39049042532409,445.6657291374923,conditional_source_only_not_network_or_full_range_validated,53.437255318771065,2338.422124228965,False
0.75,S2b,28.054559042354803,34.288905496211434,443.6416362826757,conditional_source_only_not_network_or_full_range_validated,62.34346453856624,2338.4221242289645,False
0.75,S2b,32.06235319126263,39.18732056709878,441.62606622844,conditional_source_only_not_network_or_full_range_validated,71.24967375836141,2338.4221242289645,False
0.75,S2b,36.07014734017046,44.085735637986126,439.6190189747851,conditional_source_only_not_network_or_full_range_validated,80.15588297815658,2338.4221242289645,False
0.75,S2b,40.077941489078285,48.98415070887347,437.6204945217111,conditional_source_only_not_network_or_full_range_validated,89.06209219795176,2338.4221242289645,False
0.75,S2b,44.08573563798612,53.88256577976082,435.630492869218,conditional_source_only_not_network_or_full_range_validated,97.96830141774694,2338.422124228965,False
0.75,S2b,48.09352978689395,58.78098085064818,433.6490140173057,conditional_source_only_not_network_or_full_range_validated,106.87451063754213,2338.422124228965,False
0.75,S2b,52.10132393580177,63.67939592153552,431.6760579659743,conditional_source_only_not_network_or_full_range_validated,115.78071985733729,2338.422124228964,False
0.75,S2b,56.10911808470961,68.57781099242287,429.7116247152237,conditional_source_only_not_network_or_full_range_validated,124.68692907713248,2338.4221242289645,False
0.75,S2b,60.11691223361743,73.47622606331021,427.75571426505405,conditional_source_only_not_network_or_full_range_validated,133.59313829692763,2338.4221242289645,False
0.75,S2b,64.12470638252526,78.37464113419756,425.8083266154652,conditional_source_only_not_network_or_full_range_validated,142.49934751672282,2338.4221242289645,False
0.75,S2b,68.1325005314331,83.27305620508491,423.8694617664573,conditional_source_only_not_network_or_full_range_validated,151.405556736518,2338.422124228965,False
0.75,S2b,72.14029468034092,88.17147127597225,421.93911971803016,conditional_source_only_not_network_or_full_range_validated,160.31176595631317,2338.4221242289645,False
0.75,S2b,76.14808882924875,93.0698863468596,420.017300470184,conditional_source_only_not_network_or_full_range_validated,169.21797517610835,2338.4221242289645,False
0.75,S2b,80.15588297815657,97.96830141774694,418.10400402291856,conditional_source_only_not_network_or_full_range_validated,178.1241843959035,2338.4221242289645,False
0.75,S2b,84.1636771270644,102.8667164886343,416.199230376234,conditional_source_only_not_network_or_full_range_validated,187.0303936156987,2338.4221242289645,False
0.75,S2b,88.17147127597224,107.76513155952163,414.3029795301304,conditional_source_only_not_network_or_full_range_validated,195.9366028354939,2338.422124228965,False
0.75,S2b,92.17926542488009,112.663546630409,412.41525148460767,conditional_source_only_not_network_or_full_range_validated,204.84281205528907,2338.422124228964,False
0.75,S2b,96.1870595737879,117.56196170129635,410.5360462396657,conditional_source_only_not_network_or_full_range_validated,213.74902127508426,2338.422124228965,False
0.75,S2b,100.19485372269573,122.46037677218368,408.66536379530464,conditional_source_only_not_network_or_full_range_validated,222.6552304948794,2338.4221242289645,False
0.75,S2b,104.20264787160356,127.35879184307105,406.8032041515245,conditional_source_only_not_network_or_full_range_validated,231.5614397146746,2338.422124228964,False
0.75,S2b,108.21044202051138,132.25720691395838,404.9495673083252,conditional_source_only_not_network_or_full_range_validated,240.46764893446976,2338.4221242289645,False
0.75,S2b,112.2182361694192,137.15562198484574,403.1044532657067,conditional_source_only_not_network_or_full_range_validated,249.37385815426495,2338.4221242289645,False
0.75,S2b,116.22603031832703,142.0540370557331,401.2678620236691,conditional_source_only_not_network_or_full_range_validated,258.28006737406014,2338.4221242289645,False
0.75,S2b,120.23382446723484,146.9524521266204,399.4397935822124,conditional_source_only_not_network_or_full_range_validated,267.1862765938552,2338.4221242289645,False
0.75,S2b,124.24161861614267,151.85086719750777,397.6202479413365,conditional_source_only_not_network_or_full_range_validated,276.09248581365046,2338.422124228965,False
0.75,S2b,128.24941276505052,156.74928226839512,395.80922510104153,conditional_source_only_not_network_or_full_range_validated,284.99869503344564,2338.4221242289645,False
0.75,S2b,132.25720691395836,161.64769733928247,394.00672506132736,conditional_source_only_not_network_or_full_range_validated,293.90490425324083,2338.4221242289645,False
0.75,S2b,136.2650010628662,166.54611241016983,392.2127478221941,conditional_source_only_not_network_or_full_range_validated,302.811113473036,2338.422124228965,False
0.75,S2b,140.272795211774,171.44452748105715,390.4272933836417,conditional_source_only_not_network_or_full_range_validated,311.71732269283115,2338.422124228965,False
0.75,S2b,144.28058936068183,176.3429425519445,388.6503617456701,conditional_source_only_not_network_or_full_range_validated,320.62353191262633,2338.4221242289645,False
0.75,S2b,148.28838350958966,181.24135762283183,386.88195290827946,conditional_source_only_not_network_or_full_range_validated,329.52974113242146,2338.422124228964,False
0.75,S2b,152.2961776584975,186.1397726937192,385.1220668714696,conditional_source_only_not_network_or_full_range_validated,338.4359503522167,2338.4221242289645,False
0.75,S2b,156.30397180740533,191.03818776460656,383.3707036352407,conditional_source_only_not_network_or_full_range_validated,347.3421595720119,2338.4221242289645,False
0.75,S2b,160.31176595631314,195.9366028354939,381.6278631995926,conditional_source_only_not_network_or_full_range_validated,356.248368791807,2338.4221242289645,False
0.75,S2b,3.766343154176598,5.095640738003635,455.96920688953134,conditional_source_only_not_network_or_full_range_validated,8.861983892180232,2332.3988570100605,False
0.75,S2b,7.532686308353196,10.19128147600727,453.9574613223792,conditional_source_only_not_network_or_full_range_validated,17.723967784360465,2332.3988570100605,False
0.75,S2b,11.299029462529797,15.286922214010904,451.9540283771338,conditional_source_only_not_network_or_full_range_validated,26.585951676540702,2332.398857010061,False
0.75,S2b,15.065372616706393,20.38256295201454,449.9589080537949,conditional_source_only_not_network_or_full_range_validated,35.44793556872093,2332.3988570100605,False
0.75,S2b,18.831715770882987,25.47820369001817,447.9721003523627,conditional_source_only_not_network_or_full_range_validated,44.309919460901156,2332.39885701006,False
0.75,S2b,22.59805892505959,30.573844428021808,445.9936052728371,conditional_source_only_not_network_or_full_range_validated,53.1719033530814,2332.3988570100605,False
0.75,S2b,26.364402079236186,35.66948516602544,444.0234228152181,conditional_source_only_not_network_or_full_range_validated,62.033887245261624,2332.3988570100605,False
0.75,S2b,30.130745233412785,40.76512590402908,442.0615529795057,conditional_source_only_not_network_or_full_range_validated,70.89587113744186,2332.3988570100605,False
0.75,S2b,33.89708838758938,45.8607666420327,440.1079957657,conditional_source_only_not_network_or_full_range_validated,79.75785502962208,2332.3988570100605,False
0.75,S2b,37.66343154176597,50.95640738003634,438.16275117380087,conditional_source_only_not_network_or_full_range_validated,88.61983892180231,2332.39885701006,False
0.75,S2b,41.42977469594258,56.05204811803997,436.2258192038085,conditional_source_only_not_network_or_full_range_validated,97.48182281398255,2332.3988570100605,False
0.75,S2b,45.19611785011918,61.147688856043615,434.29719985572245,conditional_source_only_not_network_or_full_range_validated,106.3438067061628,2332.3988570100605,False
0.75,S2b,48.962461004295776,66.24332959404724,432.3768931295433,conditional_source_only_not_network_or_full_range_validated,115.20579059834301,2332.3988570100605,False
0.75,S2b,52.72880415847237,71.33897033205088,430.4648990252706,conditional_source_only_not_network_or_full_range_validated,124.06777449052325,2332.3988570100605,False
0.75,S2b,56.495147312648974,76.43461107005452,428.5612175429046,conditional_source_only_not_network_or_full_range_validated,132.92975838270348,2332.39885701006,False
0.75,S2b,60.26149046682557,81.53025180805815,426.6658486824452,conditional_source_only_not_network_or_full_range_validated,141.79174227488372,2332.3988570100605,False
0.75,S2b,64.02783362100217,86.62589254606178,424.7787924438924,conditional_source_only_not_network_or_full_range_validated,150.65372616706395,2332.3988570100605,False
0.75,S2b,67.79417677517876,91.7215332840654,422.9000488272462,conditional_source_only_not_network_or_full_range_validated,159.51571005924416,2332.3988570100605,False
0.75,S2b,71.56051992935537,96.81717402206904,421.0296178325067,conditional_source_only_not_network_or_full_range_validated,168.37769395142442,2332.398857010061,False
0.75,S2b,75.32686308353195,101.91281476007268,419.16749945967376,conditional_source_only_not_network_or_full_range_validated,177.23967784360462,2332.39885701006,False
0.75,S2b,79.09320623770856,107.0084554980763,417.3136937087475,conditional_source_only_not_network_or_full_range_validated,186.10166173578486,2332.3988570100605,False
0.75,S2b,82.85954939188515,112.10409623607994,415.4682005797278,conditional_source_only_not_network_or_full_range_validated,194.9636456279651,2332.3988570100605,False
0.75,S2b,86.62589254606176,117.1997369740836,413.6310200726148,conditional_source_only_not_network_or_full_range_validated,203.82562952014536,2332.3988570100605,False
0.75,S2b,90.39223570023836,122.29537771208724,411.8021521874083,conditional_source_only_not_network_or_full_range_validated,212.68761341232562,2332.398857010061,False
0.75,S2b,94.15857885441494,127.39101845009084,409.9815969241085,conditional_source_only_not_network_or_full_range_validated,221.54959730450577,2332.39885701006,False
0.75,S2b,97.92492200859157,132.48665918809448,408.1693542827153,conditional_source_only_not_network_or_full_range_validated,230.41158119668603,2332.39885701006,False
0.75,S2b,101.69126516276816,137.58229992609813,406.3654242632287,conditional_source_only_not_network_or_full_range_validated,239.2735650888663,2332.39885701006,False
0.75,S2b,105.45760831694474,142.67794066410175,404.5698068656488,conditional_source_only_not_network_or_full_range_validated,248.1355489810465,2332.3988570100605,False
0.75,S2b,109.22395147112135,147.7735814021054,402.7825020899754,conditional_source_only_not_network_or_full_range_validated,256.99753287322676,2332.3988570100605,False
0.75,S2b,112.99029462529796,152.86922214010903,401.00350993620873,conditional_source_only_not_network_or_full_range_validated,265.85951676540697,2332.39885701006,False
0.75,S2b,116.75663777947452,157.96486287811263,399.2328304043487,conditional_source_only_not_network_or_full_range_validated,274.72150065758717,2332.398857010061,False
0.75,S2b,120.52298093365114,163.0605036161163,397.4704634943952,conditional_source_only_not_network_or_full_range_validated,283.58348454976743,2332.3988570100605,False
0.75,S2b,124.28932408782772,168.1561443541199,395.7164092063484,conditional_source_only_not_network_or_full_range_validated,292.44546844194764,2332.398857010061,False
0.75,S2b,128.05566724200435,173.25178509212355,393.9706675402081,conditional_source_only_not_network_or_full_range_validated,301.3074523341279,2332.3988570100605,False
0.75,S2b,131.82201039618093,178.34742583012718,392.2332384959745,conditional_source_only_not_network_or_full_range_validated,310.1694362263081,2332.398857010061,False
0.75,S2b,135.5883535503575,183.4430665681308,390.5041220736475,conditional_source_only_not_network_or_full_range_validated,319.0314201184883,2332.3988570100605,False
0.75,S2b,139.35469670453412,188.53870730613448,388.7833182732271,conditional_source_only_not_network_or_full_range_validated,327.89340401066863,2332.3988570100605,False
0.75,S2b,143.12103985871073,193.6343480441381,387.07082709471337,conditional_source_only_not_network_or_full_range_validated,336.75538790284884,2332.3988570100605,False
0.75,S2b,146.8873830128873,198.72998878214173,385.36664853810623,conditional_source_only_not_network_or_full_range_validated,345.61737179502904,2332.39885701006,False
0.75,S2b,150.6537261670639,203.82562952014536,383.67078260340577,conditional_source_only_not_network_or_full_range_validated,354.47935568720925,2332.39885701006,False
0.75,S2b,3.5272782445652298,5.290917366847847,456.0238527192888,conditional_source_only_not_network_or_full_range_validated,8.818195611413076,2326.406539326703,False
0.75,S2b,7.05455648913046,10.581834733695691,454.0665840405502,conditional_source_only_not_network_or_full_range_validated,17.636391222826152,2326.406539326703,False
0.75,S2b,10.58183473369569,15.87275210054354,452.1174590423745,conditional_source_only_not_network_or_full_range_validated,26.45458683423923,2326.4065393267033,False
0.75,S2b,14.10911297826092,21.163669467391387,450.1764777247615,conditional_source_only_not_network_or_full_range_validated,35.27278244565231,2326.4065393267038,False
0.75,S2b,17.63639122282615,26.45458683423923,448.2436400877113,conditional_source_only_not_network_or_full_range_validated,44.09097805706538,2326.4065393267033,False
0.75,S2b,21.16366946739138,31.74550420108708,446.3189461312239,conditional_source_only_not_network_or_full_range_validated,52.90917366847846,2326.4065393267033,False
0.75,S2b,24.690947711956607,37.03642156793492,444.4023958552992,conditional_source_only_not_network_or_full_range_validated,61.72736927989153,2326.4065393267038,False
0.75,S2b,28.21822595652184,42.32733893478277,442.4939892599373,conditional_source_only_not_network_or_full_range_validated,70.54556489130462,2326.4065393267038,False
0.75,S2b,31.745504201087066,47.618256301630616,440.59372634513824,conditional_source_only_not_network_or_full_range_validated,79.36376050271768,2326.4065393267038,False
0.75,S2b,35.2727824456523,52.90917366847846,438.7016071109019,conditional_source_only_not_network_or_full_range_validated,88.18195611413076,2326.4065393267033,False
0.75,S2b,38.80006069021753,58.20009103532632,436.8176315572284,conditional_source_only_not_network_or_full_range_validated,97.00015172554384,2326.4065393267033,False
0.75,S2b,42.32733893478276,63.49100840217416,434.9417996841176,conditional_source_only_not_network_or_full_range_validated,105.81834733695692,2326.4065393267033,False
0.75,S2b,45.85461717934799,68.78192576902201,433.0741114915696,conditional_source_only_not_network_or_full_range_validated,114.63654294836999,2326.4065393267033,False
0.75,S2b,49.381895423913214,74.07284313586985,431.21456697958433,conditional_source_only_not_network_or_full_range_validated,123.45473855978307,2326.4065393267038,False
0.75,S2b,52.909173668478445,79.3637605027177,429.3631661481618,conditional_source_only_not_network_or_full_range_validated,132.27293417119614,2326.406539326703,False
0.75,S2b,56.43645191304368,84.65467786956555,427.5199089973022,conditional_source_only_not_network_or_full_range_validated,141.09112978260924,2326.4065393267038,False
0.75,S2b,59.9637301576089,89.94559523641338,425.6847955270053,conditional_source_only_not_network_or_full_range_validated,149.9093253940223,2326.4065393267038,False
0.75,S2b,63.49100840217413,95.23651260326125,423.8578257372711,conditional_source_only_not_network_or_full_range_validated,158.7275210054354,2326.4065393267033,False
0.75,S2b,67.01828664673936,100.52742997010908,422.03899962809976,conditional_source_only_not_network_or_full_range_validated,167.54571661684844,2326.406539326703,False
0.75,S2b,70.5455648913046,105.81834733695692,420.2283171994912,conditional_source_only_not_network_or_full_range_validated,176.3639122282615,2326.4065393267033,False
0.75,S2b,74.07284313586982,111.10926470380475,418.42577845144535,conditional_source_only_not_network_or_full_range_validated,185.1821078396746,2326.4065393267033,False
0.75,S2b,77.60012138043506,116.40018207065263,416.6313833839624,conditional_source_only_not_network_or_full_range_validated,194.0003034510877,2326.4065393267033,False
0.75,S2b,81.1273996250003,121.69109943750048,414.8451319970421,conditional_source_only_not_network_or_full_range_validated,202.8184990625008,2326.4065393267033,False
0.75,S2b,84.65467786956552,126.98201680434832,413.06702429068457,conditional_source_only_not_network_or_full_range_validated,211.63669467391384,2326.4065393267033,False
0.75,S2b,88.18195611413073,132.27293417119614,411.2970602648899,conditional_source_only_not_network_or_full_range_validated,220.45489028532688,2326.4065393267038,False
0.75,S2b,91.70923435869598,137.56385153804402,409.535239919658,conditional_source_only_not_network_or_full_range_validated,229.27308589673999,2326.4065393267033,False
0.75,S2b,95.2365126032612,142.85476890489187,407.7815632549888,conditional_source_only_not_network_or_full_range_validated,238.0912815081531,2326.4065393267038,False
0.75,S2b,98.76379084782644,148.1456862717397,406.0360302708824,conditional_source_only_not_network_or_full_range_validated,246.90947711956613,2326.4065393267038,False
0.75,S2b,102.29106909239168,153.43660363858757,404.2986409673388,conditional_source_only_not_network_or_full_range_validated,255.72767273097924,2326.4065393267033,False
0.75,S2b,105.81834733695688,158.7275210054354,402.56939534435793,conditional_source_only_not_network_or_full_range_validated,264.5458683423923,2326.4065393267033,False
0.75,S2b,109.3456255815221,164.0184383722832,400.8482934019398,conditional_source_only_not_network_or_full_range_validated,273.3640639538053,2326.4065393267033,False
0.75,S2b,112.87290382608737,169.3093557391311,399.1353351400846,conditional_source_only_not_network_or_full_range_validated,282.1822595652185,2326.4065393267038,False
0.75,S2b,116.4001820706526,174.60027310597894,397.43052055879207,conditional_source_only_not_network_or_full_range_validated,291.00045517663153,2326.4065393267033,False
0.75,S2b,119.9274603152178,179.89119047282676,395.7338496580623,conditional_source_only_not_network_or_full_range_validated,299.8186507880446,2326.4065393267038,False
0.75,S2b,123.45473855978302,185.1821078396746,394.0453224378954,conditional_source_only_not_network_or_full_range_validated,308.6368463994576,2326.4065393267033,False
0.75,S2b,126.98201680434826,190.4730252065225,392.3649388982912,conditional_source_only_not_network_or_full_range_validated,317.4550420108708,2326.4065393267033,False
0.75,S2b,130.50929504891351,195.76394257337031,390.69269903924976,conditional_source_only_not_network_or_full_range_validated,326.27323762228383,2326.4065393267033,False
0.75,S2b,134.0365732934787,201.05485994021817,389.0286028607711,conditional_source_only_not_network_or_full_range_validated,335.0914332336969,2326.406539326703,False
0.75,S2b,137.56385153804396,206.345777307066,387.3726503628552,conditional_source_only_not_network_or_full_range_validated,343.90962884511,2326.4065393267033,False
0.75,S2b,141.0911297826092,211.63669467391384,385.72484154550216,conditional_source_only_not_network_or_full_range_validated,352.727824456523,2326.4065393267033,False
0.75,S2b,3.2905642240582207,5.484273706763702,456.0779803756231,conditional_source_only_not_network_or_full_range_validated,8.774837930821922,2320.444933246783,False
0.75,S2b,6.581128448116441,10.968547413527403,454.1747104661383,conditional_source_only_not_network_or_full_range_validated,17.549675861643845,2320.444933246783,False
0.75,S2b,9.871692672174664,16.45282112029111,452.2794553501356,conditional_source_only_not_network_or_full_range_validated,26.324513792465773,2320.444933246783,False
0.75,S2b,13.162256896232885,21.937094827054807,450.3922150276151,conditional_source_only_not_network_or_full_range_validated,35.09935172328769,2320.444933246783,False
0.75,S2b,16.452821120291105,27.42136853381851,448.5129894985768,conditional_source_only_not_network_or_full_range_validated,43.874189654109614,2320.444933246783,False
0.75,S2b,19.743385344349328,32.90564224058222,446.6417787630206,conditional_source_only_not_network_or_full_range_validated,52.649027584931545,2320.444933246783,False
0.75,S2b,23.03394956840755,38.38991594734591,444.77858282094655,conditional_source_only_not_network_or_full_range_validated,61.42386551575346,2320.444933246783,False
0.75,S2b,26.32451379246577,43.874189654109614,442.9234016723547,conditional_source_only_not_network_or_full_range_validated,70.19870344657538,2320.444933246783,False
0.75,S2b,29.61507801652399,49.35846336087332,441.076235317245,conditional_source_only_not_network_or_full_range_validated,78.97354137739731,2320.444933246783,False
0.75,S2b,32.90564224058221,54.84273706763702,439.2370837556174,conditional_source_only_not_network_or_full_range_validated,87.74837930821923,2320.444933246783,False
0.75,S2b,36.19620646464043,60.327010774400726,437.405946987472,conditional_source_only_not_network_or_full_range_validated,96.52321723904116,2320.444933246783,False
0.75,S2b,39.486770688698655,65.81128448116444,435.5828250128088,conditional_source_only_not_network_or_full_range_validated,105.29805516986309,2320.444933246783,False
0.75,S2b,42.77733491275687,71.29555818792812,433.7677178316277,conditional_source_only_not_network_or_full_range_validated,114.072893100685,2320.444933246783,False
0.75,S2b,46.0678991368151,76.77983189469182,431.96062544392873,conditional_source_only_not_network_or_full_range_validated,122.84773103150692,2320.444933246783,False
0.75,S2b,49.35846336087332,82.26410560145553,430.161547849712,conditional_source_only_not_network_or_full_range_validated,131.62256896232884,2320.4449332467825,False
0.75,S2b,52.64902758493153,87.74837930821923,428.3704850489773,conditional_source_only_not_network_or_full_range_validated,140.39740689315076,2320.444933246783,False
0.75,S2b,55.93959180898976,93.23265301498294,426.58743704172485,conditional_source_only_not_network_or_full_range_validated,149.1722448239727,2320.4449332467825,False
0.75,S2b,59.23015603304798,98.71692672174665,424.81240382795454,conditional_source_only_not_network_or_full_range_validated,157.94708275479462,2320.444933246783,False
0.75,S2b,62.520720257106206,104.20120042851032,423.0453854076664,conditional_source_only_not_network_or_full_range_validated,166.7219206856165,2320.4449332467825,False
0.75,S2b,65.81128448116442,109.68547413527403,421.2863817808603,conditional_source_only_not_network_or_full_range_validated,175.49675861643846,2320.444933246783,False
0.75,S2b,69.10184870522264,115.16974784203774,419.5353929475365,conditional_source_only_not_network_or_full_range_validated,184.27159654726037,2320.444933246783,False
0.75,S2b,72.39241292928087,120.65402154880144,417.7924189076948,conditional_source_only_not_network_or_full_range_validated,193.0464344780823,2320.4449332467825,False
0.75,S2b,75.6829771533391,126.13829525556514,416.0574596613352,conditional_source_only_not_network_or_full_range_validated,201.82127240890424,2320.444933246783,False
0.75,S2b,78.97354137739731,131.62256896232887,414.3305152084578,conditional_source_only_not_network_or_full_range_validated,210.59611033972618,2320.444933246783,False
0.75,S2b,82.26410560145553,137.10684266909254,412.6115855490626,conditional_source_only_not_network_or_full_range_validated,219.37094827054807,2320.444933246783,False
0.75,S2b,85.55466982551374,142.59111637585625,410.9006706831496,conditional_source_only_not_network_or_full_range_validated,228.14578620137,2320.444933246783,False
0.75,S2b,88.84523404957197,148.07539008261995,409.1977706107186,conditional_source_only_not_network_or_full_range_validated,236.9206241321919,2320.444933246783,False
0.75,S2b,92.1357982736302,153.55966378938365,407.5028853317698,conditional_source_only_not_network_or_full_range_validated,245.69546206301385,2320.444933246783,False
0.75,S2b,95.42636249768842,159.04393749614738,405.8160148463032,conditional_source_only_not_network_or_full_range_validated,254.4702999938358,2320.444933246783,False
0.75,S2b,98.71692672174665,164.52821120291105,404.13715915431874,conditional_source_only_not_network_or_full_range_validated,263.2451379246577,2320.4449332467825,False
0.75,S2b,102.00749094580486,170.01248490967475,402.4663182558164,conditional_source_only_not_network_or_full_range_validated,272.01997585547963,2320.4449332467834,False
0.75,S2b,105.29805516986306,175.49675861643846,400.80349215079633,conditional_source_only_not_network_or_full_range_validated,280.7948137863015,2320.444933246783,False
0.75,S2b,108.5886193939213,180.98103232320216,399.1486808392583,conditional_source_only_not_network_or_full_range_validated,289.56965171712346,2320.444933246783,False
0.75,S2b,111.87918361797952,186.4653060299659,397.5018843212025,conditional_source_only_not_network_or_full_range_validated,298.3444896479454,2320.4449332467825,False
0.75,S2b,115.16974784203774,191.9495797367296,395.8631025966288,conditional_source_only_not_network_or_full_range_validated,307.1193275787673,2320.444933246783,False
0.75,S2b,118.46031206609597,197.4338534434933,394.2323356655373,conditional_source_only_not_network_or_full_range_validated,315.89416550958924,2320.444933246783,False
0.75,S2b,121.75087629015415,202.91812715025696,392.6095835279279,conditional_source_only_not_network_or_full_range_validated,324.66900344041113,2320.444933246783,False
0.75,S2b,125.0414405142124,208.40240085702067,390.9948461838007,conditional_source_only_not_network_or_full_range_validated,333.4438413712331,2320.4449332467825,False
0.75,S2b,128.33200473827063,213.8866745637844,389.3881236331556,conditional_source_only_not_network_or_full_range_validated,342.218679302055,2320.444933246783,False
0.75,S2b,131.62256896232884,219.37094827054807,387.7894158759927,conditional_source_only_not_network_or_full_range_validated,350.9935172328769,2320.444933246783,False
0.75,S2b,3.056166585466299,5.675737944437413,456.1315971840748,conditional_source_only_not_network_or_full_range_validated,8.731904529903712,2314.5138032708355,False
0.75,S2b,6.112333170932598,11.351475888874829,454.28185410150536,conditional_source_only_not_network_or_full_range_validated,17.463809059807428,2314.513803270836,False
0.75,S2b,9.168499756398898,17.02721383331224,452.4400358308819,conditional_source_only_not_network_or_full_range_validated,26.195713589711136,2314.513803270836,False
0.75,S2b,12.224666341865197,22.702951777749654,450.6061423722044,conditional_source_only_not_network_or_full_range_validated,34.92761811961485,2314.5138032708355,False
0.75,S2b,15.280832927331494,28.37868972218706,448.7801737254728,conditional_source_only_not_network_or_full_range_validated,43.65952264951856,2314.513803270836,False
0.75,S2b,18.3369995127978,34.05442766662448,446.9621298906871,conditional_source_only_not_network_or_full_range_validated,52.39142717942228,2314.513803270836,False
0.75,S2b,21.393166098264096,39.73016561106189,445.15201086784725,conditional_source_only_not_network_or_full_range_validated,61.12333170932599,2314.513803270836,False
0.75,S2b,24.449332683730397,45.40590355549931,443.3498166569534,conditional_source_only_not_network_or_full_range_validated,69.8552362392297,2314.5138032708355,False
0.75,S2b,27.505499269196687,51.08164149993671,441.5555472580055,conditional_source_only_not_network_or_full_range_validated,78.5871407691334,2314.513803270836,False
0.75,S2b,30.561665854662987,56.75737944437412,439.7692026710034,conditional_source_only_not_network_or_full_range_validated,87.31904529903711,2314.513803270836,False
0.75,S2b,33.61783244012929,62.43311738881154,437.99078289594735,conditional_source_only_not_network_or_full_range_validated,96.05094982894083,2314.5138032708364,False
0.75,S2b,36.67399902559559,68.10885533324895,436.2202879328372,conditional_source_only_not_network_or_full_range_validated,104.78285435884455,2314.513803270836,False
0.75,S2b,39.730165611061885,73.78459327768637,434.4577177816728,conditional_source_only_not_network_or_full_range_validated,113.51475888874825,2314.513803270836,False
0.75,S2b,42.78633219652819,79.46033122212378,432.7030724424545,conditional_source_only_not_network_or_full_range_validated,122.24666341865198,2314.513803270836,False
0.75,S2b,45.842498781994486,85.1360691665612,430.9563519151821,conditional_source_only_not_network_or_full_range_validated,130.97856794855568,2314.5138032708355,False
0.75,S2b,48.89866536746079,90.8118071109986,429.2175561998556,conditional_source_only_not_network_or_full_range_validated,139.7104724784594,2314.513803270836,False
0.75,S2b,51.95483195292709,96.48754505543604,427.48668529647495,conditional_source_only_not_network_or_full_range_validated,148.44237700836314,2314.5138032708364,False
0.75,S2b,55.01099853839337,102.16328299987342,425.7637392050402,conditional_source_only_not_network_or_full_range_validated,157.1742815382668,2314.513803270836,False
0.75,S2b,58.06716512385969,107.83902094431086,424.0487179255515,conditional_source_only_not_network_or_full_range_validated,165.90618606817054,2314.5138032708355,False
0.75,S2b,61.12333170932597,113.51475888874825,422.3416214580087,conditional_source_only_not_network_or_full_range_validated,174.6380905980742,2314.5138032708355,False
0.75,S2b,64.17949829479228,119.19049683318566,420.6424498024117,conditional_source_only_not_network_or_full_range_validated,183.36999512797794,2314.5138032708364,False
0.75,S2b,67.23566488025858,124.86623477762308,418.9512029587607,conditional_source_only_not_network_or_full_range_validated,192.10189965788166,2314.5138032708364,False
0.75,S2b,70.29183146572488,130.5419727220605,417.2678809270556,conditional_source_only_not_network_or_full_range_validated,200.8338041877854,2314.513803270836,False
0.75,S2b,73.34799805119118,136.2177106664979,415.5924837072964,conditional_source_only_not_network_or_full_range_validated,209.5657087176891,2314.513803270836,False
0.75,S2b,76.40416463665747,141.8934486109353,413.9250112994832,conditional_source_only_not_network_or_full_range_validated,218.29761324759278,2314.513803270836,False
0.75,S2b,79.46033122212377,147.56918655537274,412.2654637036158,conditional_source_only_not_network_or_full_range_validated,227.0295177774965,2314.513803270836,False
0.75,S2b,82.51649780759007,153.24492449981014,410.6138409196944,conditional_source_only_not_network_or_full_range_validated,235.7614223074002,2314.513803270836,False
0.75,S2b,85.57266439305639,158.92066244424757,408.9701429477189,conditional_source_only_not_network_or_full_range_validated,244.49332683730395,2314.513803270836,False
0.75,S2b,88.62883097852269,164.596400388685,407.3343697876893,conditional_source_only_not_network_or_full_range_validated,253.2252313672077,2314.513803270836,False
0.75,S2b,91.68499756398896,170.2721383331224,405.7065214396056,conditional_source_only_not_network_or_full_range_validated,261.95713589711136,2314.513803270836,False
0.75,S2b,94.74116414945529,175.9478762775598,404.0865979034679,conditional_source_only_not_network_or_full_range_validated,270.6890404270151,2314.5138032708355,False
0.75,S2b,97.79733073492156,181.62361422199723,402.474599179276,conditional_source_only_not_network_or_full_range_validated,279.4209449569188,2314.5138032708355,False
0.75,S2b,100.85349732038787,187.29935216643463,400.8705252670301,conditional_source_only_not_network_or_full_range_validated,288.1528494868225,2314.5138032708355,False
0.75,S2b,103.90966390585416,192.9750901108721,399.2743761667301,conditional_source_only_not_network_or_full_range_validated,296.8847540167262,2314.513803270836,False
0.75,S2b,106.96583049132045,198.65082805530943,397.68615187837605,conditional_source_only_not_network_or_full_range_validated,305.6166585466299,2314.513803270836,False
0.75,S2b,110.02199707678676,204.32656599974683,396.1058524019679,conditional_source_only_not_network_or_full_range_validated,314.3485630765336,2314.513803270836,False
0.75,S2b,113.07816366225305,210.00230394418423,394.5334777375057,conditional_source_only_not_network_or_full_range_validated,323.0804676064373,2314.5138032708364,False
0.75,S2b,116.13433024771938,215.6780418886217,392.9690278849893,conditional_source_only_not_network_or_full_range_validated,331.8123721363411,2314.5138032708355,False
0.75,S2b,119.19049683318568,221.35377983305912,391.4125028444189,conditional_source_only_not_network_or_full_range_validated,340.5442766662448,2314.513803270836,False
0.75,S2b,122.24666341865196,227.0295177774965,389.8639026157944,conditional_source_only_not_network_or_full_range_validated,349.27618119614846,2314.513803270836,False
0.75,S2b,2.8240514936570817,5.865337717595478,456.18471033294736,conditional_source_only_not_network_or_full_range_validated,8.68938921125256,2308.6129163010373,False
0.75,S2b,5.648102987314164,11.730675435190957,454.3880282077808,conditional_source_only_not_network_or_full_range_validated,17.37877842250512,2308.6129163010373,False
0.75,S2b,8.472154480971247,17.59601315278644,452.5992187030904,conditional_source_only_not_network_or_full_range_validated,26.06816763375769,2308.612916301038,False
0.75,S2b,11.296205974628329,23.461350870381917,450.8182818188761,conditional_source_only_not_network_or_full_range_validated,34.75755684501024,2308.612916301037,False
0.75,S2b,14.12025746828541,29.326688587977397,449.04521755513787,conditional_source_only_not_network_or_full_range_validated,43.4469460562628,2308.612916301037,False
0.75,S2b,16.944308961942493,35.19202630557288,447.2800259118759,conditional_source_only_not_network_or_full_range_validated,52.13633526751538,2308.612916301038,False
0.75,S2b,19.768360455599574,41.057364023168354,445.5227068890901,conditional_source_only_not_network_or_full_range_validated,60.825724478767924,2308.6129163010373,False
0.75,S2b,22.59241194925665,46.92270174076383,443.7732604867803,conditional_source_only_not_network_or_full_range_validated,69.51511369002048,2308.6129163010373,False
0.75,S2b,25.416463442913734,52.78803945835931,442.0316867049468,conditional_source_only_not_network_or_full_range_validated,78.20450290127305,2308.612916301038,False
0.75,S2b,28.24051493657082,58.65337717595479,440.2979855435893,conditional_source_only_not_network_or_full_range_validated,86.8938921125256,2308.6129163010373,False
0.75,S2b,31.064566430227902,64.51871489355028,438.5721570027081,conditional_source_only_not_network_or_full_range_validated,95.58328132377818,2308.6129163010373,False
0.75,S2b,33.888617923884986,70.38405261114576,436.85420108230295,conditional_source_only_not_network_or_full_range_validated,104.27267053503076,2308.612916301038,False
0.75,S2b,36.71266941754207,76.24939032874123,435.14411778237394,conditional_source_only_not_network_or_full_range_validated,112.9620597462833,2308.6129163010373,False
0.75,S2b,39.53672091119915,82.11472804633671,433.4419071029211,conditional_source_only_not_network_or_full_range_validated,121.65144895753585,2308.6129163010373,False
0.75,S2b,42.36077240485624,87.98006576393219,431.74756904394434,conditional_source_only_not_network_or_full_range_validated,130.34083816878842,2308.6129163010373,False
0.75,S2b,45.18482389851331,93.84540348152764,430.0611036054438,conditional_source_only_not_network_or_full_range_validated,139.03022738004094,2308.6129163010373,False
0.75,S2b,48.0088753921704,99.71074119912316,428.3825107874194,conditional_source_only_not_network_or_full_range_validated,147.71961659129357,2308.6129163010373,False
0.75,S2b,50.83292688582748,105.5760789167186,426.7117905898711,conditional_source_only_not_network_or_full_range_validated,156.4090058025461,2308.612916301038,False
0.75,S2b,53.65697837948456,111.44141663431412,425.048943012799,conditional_source_only_not_network_or_full_range_validated,165.0983950137987,2308.6129163010373,False
0.75,S2b,56.48102987314164,117.30675435190958,423.393968056203,conditional_source_only_not_network_or_full_range_validated,173.7877842250512,2308.6129163010373,False
0.75,S2b,59.30508136679872,123.17209206950508,421.7468657200831,conditional_source_only_not_network_or_full_range_validated,182.47717343630381,2308.6129163010373,False
0.75,S2b,62.12913286045581,129.03742978710056,420.1076360044394,conditional_source_only_not_network_or_full_range_validated,191.16656264755636,2308.6129163010373,False
0.75,S2b,64.95318435411289,134.90276750469602,418.4762789092719,conditional_source_only_not_network_or_full_range_validated,199.8559518588089,2308.6129163010373,False
0.75,S2b,67.77723584776997,140.76810522229152,416.85279443458046,conditional_source_only_not_network_or_full_range_validated,208.5453410700615,2308.612916301038,False
0.75,S2b,70.60128734142704,146.63344293988695,415.2371825803652,conditional_source_only_not_network_or_full_range_validated,217.234730281314,2308.6129163010373,False
0.75,S2b,73.42533883508413,152.49878065748246,413.629443346626,conditional_source_only_not_network_or_full_range_validated,225.9241194925666,2308.6129163010373,False
0.75,S2b,76.24939032874121,158.36411837507794,412.029576733363,conditional_source_only_not_network_or_full_range_validated,234.61350870381915,2308.612916301038,False
0.75,S2b,79.0734418223983,164.22945609267342,410.43758274057615,conditional_source_only_not_network_or_full_range_validated,243.3028979150717,2308.6129163010373,False
0.75,S2b,81.89749331605539,170.09479381026892,408.8534613682655,conditional_source_only_not_network_or_full_range_validated,251.9922871263243,2308.6129163010373,False
0.75,S2b,84.72154480971247,175.96013152786438,407.2772126164309,conditional_source_only_not_network_or_full_range_validated,260.68167633757685,2308.6129163010373,False
0.75,S2b,87.54559630336954,181.82546924545983,405.7088364850725,conditional_source_only_not_network_or_full_range_validated,269.3710655488294,2308.6129163010373,False
0.75,S2b,90.36964779702662,187.6908069630553,404.1483329741902,conditional_source_only_not_network_or_full_range_validated,278.06045476008194,2308.6129163010373,False
0.75,S2b,93.19369929068372,193.5561446806508,402.5957020837841,conditional_source_only_not_network_or_full_range_validated,286.7498439713345,2308.6129163010373,False
0.75,S2b,96.0177507843408,199.4214823982463,401.050943813854,conditional_source_only_not_network_or_full_range_validated,295.4392331825871,2308.612916301037,False
0.75,S2b,98.84180227799789,205.28682011584175,399.5140581644002,conditional_source_only_not_network_or_full_range_validated,304.12862239383963,2308.612916301038,False
0.75,S2b,101.66585377165497,211.15215783343723,397.98504513542247,conditional_source_only_not_network_or_full_range_validated,312.8180116050922,2308.612916301038,False
0.75,S2b,104.48990526531205,217.01749555103277,396.4639047269209,conditional_source_only_not_network_or_full_range_validated,321.5074008163448,2308.612916301037,False
0.75,S2b,107.31395675896913,222.88283326862825,394.9506369388955,conditional_source_only_not_network_or_full_range_validated,330.1967900275974,2308.6129163010373,False
0.75,S2b,110.1380082526262,228.74817098622367,393.4452417713462,conditional_source_only_not_network_or_full_range_validated,338.8861792388499,2308.6129163010373,False
0.75,S2b,112.96205974628327,234.61350870381915,391.9477192242731,conditional_source_only_not_network_or_full_range_validated,347.5755684501024,2308.6129163010373,False
0.75,S2b,2.594185769273254,6.053100128304261,456.2373268765014,conditional_source_only_not_network_or_full_range_validated,8.647285897577515,2302.7420416106615,False
0.75,S2b,5.188371538546508,12.106200256608522,454.4932458101812,conditional_source_only_not_network_or_full_range_validated,17.29457179515503,2302.7420416106615,False
0.75,S2b,7.782557307819761,18.159300384912783,452.7570218796295,conditional_source_only_not_network_or_full_range_validated,25.941857692732544,2302.742041610662,False
0.75,S2b,10.376743077093016,24.212400513217045,451.0286550848463,conditional_source_only_not_network_or_full_range_validated,34.58914359031006,2302.7420416106615,False
0.75,S2b,12.970928846366268,30.265500641521303,449.3081454258315,conditional_source_only_not_network_or_full_range_validated,43.23642948788757,2302.7420416106615,False
0.75,S2b,15.565114615639525,36.318600769825565,447.5954929025852,conditional_source_only_not_network_or_full_range_validated,51.88371538546509,2302.742041610662,False
0.75,S2b,18.15930038491278,42.37170089812983,445.8906975151074,conditional_source_only_not_network_or_full_range_validated,60.53100128304261,2302.742041610662,False
0.75,S2b,20.75348615418603,48.42480102643409,444.1937592633981,conditional_source_only_not_network_or_full_range_validated,69.17828718062012,2302.7420416106615,False
0.75,S2b,23.34767192345928,54.47790115473834,442.5046781474573,conditional_source_only_not_network_or_full_range_validated,77.82557307819762,2302.742041610661,False
0.75,S2b,25.941857692732537,60.531001283042606,440.82345416728486,conditional_source_only_not_network_or_full_range_validated,86.47285897577514,2302.7420416106615,False
0.75,S2b,28.53604346200579,66.58410141134686,439.15008732288095,conditional_source_only_not_network_or_full_range_validated,95.12014487335266,2302.742041610662,False
0.75,S2b,31.13022923127905,72.63720153965113,437.4845776142456,conditional_source_only_not_network_or_full_range_validated,103.76743077093018,2302.742041610662,False
0.75,S2b,33.7244150005523,78.69030166795538,435.82692504137856,conditional_source_only_not_network_or_full_range_validated,112.41471666850768,2302.742041610662,False
0.75,S2b,36.31860076982556,84.74340179625966,434.1771296042801,conditional_source_only_not_network_or_full_range_validated,121.06200256608523,2302.742041610662,False
0.75,S2b,38.9127865390988,90.79650192456393,432.53519130295007,conditional_source_only_not_network_or_full_range_validated,129.70928846366274,2302.7420416106615,False
0.75,S2b,41.50697230837206,96.84960205286818,430.9011101373885,conditional_source_only_not_network_or_full_range_validated,138.35657436124023,2302.7420416106615,False
0.75,S2b,44.10115807764532,102.90270218117244,429.2748861075955,conditional_source_only_not_network_or_full_range_validated,147.00386025881778,2302.742041610662,False
0.75,S2b,46.69534384691856,108.95580230947668,427.6565192135709,conditional_source_only_not_network_or_full_range_validated,155.65114615639524,2302.742041610661,False
0.75,S2b,49.28952961619183,115.00890243778096,426.0460094553148,conditional_source_only_not_network_or_full_range_validated,164.2984320539728,2302.7420416106615,False
0.75,S2b,51.883715385465074,121.0620025660852,424.44335683282713,conditional_source_only_not_network_or_full_range_validated,172.94571795155028,2302.7420416106615,False
0.75,S2b,54.477901154738326,127.11510269438946,422.848561346108,conditional_source_only_not_network_or_full_range_validated,181.5930038491278,2302.7420416106615,False
0.75,S2b,57.07208692401158,133.16820282269373,421.26162299515727,conditional_source_only_not_network_or_full_range_validated,190.24028974670532,2302.742041610662,False
0.75,S2b,59.66627269328484,139.221302950998,419.6825417799751,conditional_source_only_not_network_or_full_range_validated,198.88757564428283,2302.7420416106615,False
0.75,S2b,62.26045846255809,145.27440307930226,418.1113177005613,conditional_source_only_not_network_or_full_range_validated,207.53486154186035,2302.742041610662,False
0.75,S2b,64.85464423183134,151.3275032076065,416.5479507569161,conditional_source_only_not_network_or_full_range_validated,216.18214743943784,2302.7420416106615,False
0.75,S2b,67.4488300011046,157.38060333591076,414.9924409490393,conditional_source_only_not_network_or_full_range_validated,224.82943333701536,2302.742041610662,False
0.75,S2b,70.04301577037785,163.43370346421503,413.444788276931,conditional_source_only_not_network_or_full_range_validated,233.47671923459288,2302.742041610661,False
0.75,S2b,72.63720153965112,169.48680359251932,411.9049927405912,conditional_source_only_not_network_or_full_range_validated,242.12400513217045,2302.742041610662,False
0.75,S2b,75.23138730892437,175.5399037208236,410.3730543400198,conditional_source_only_not_network_or_full_range_validated,250.77129102974794,2302.742041610662,False
0.75,S2b,77.8255730781976,181.59300384912785,408.8489730752169,conditional_source_only_not_network_or_full_range_validated,259.4185769273255,2302.7420416106615,False
0.75,S2b,80.41975884747086,187.6461039774321,407.3327489461825,conditional_source_only_not_network_or_full_range_validated,268.065862824903,2302.742041610662,False
0.75,S2b,83.01394461674413,193.6992041057364,405.82438195291655,conditional_source_only_not_network_or_full_range_validated,276.7131487224805,2302.7420416106615,False
0.75,S2b,85.60813038601736,199.7523042340406,404.3238720954191,conditional_source_only_not_network_or_full_range_validated,285.36043462005796,2302.7420416106615,False
0.75,S2b,88.20231615529063,205.8054043623449,402.8312193736901,conditional_source_only_not_network_or_full_range_validated,294.0077205176355,2302.7420416106615,False
0.75,S2b,90.79650192456388,211.85850449064912,401.3464237877296,conditional_source_only_not_network_or_full_range_validated,302.655006415213,2302.7420416106615,False
0.75,S2b,93.39068769383712,217.91160461895336,399.8694853375375,conditional_source_only_not_network_or_full_range_validated,311.3022923127905,2302.742041610661,False
0.75,S2b,95.9848734631104,223.96470474725768,398.40040402311394,conditional_source_only_not_network_or_full_range_validated,319.9495782103681,2302.7420416106615,False
0.75,S2b,98.57905923238366,230.01780487556192,396.93917984445886,conditional_source_only_not_network_or_full_range_validated,328.5968641079456,2302.7420416106615,False
0.75,S2b,101.1732450016569,236.07090500386616,395.48581280157225,conditional_source_only_not_network_or_full_range_validated,337.24415000552307,2302.7420416106615,False
0.75,S2b,103.76743077093016,242.1240051321704,394.0403028944541,conditional_source_only_not_network_or_full_range_validated,345.89143590310056,2302.7420416106615,False
0.75,S2b,2.3665368729218024,6.239051755884754,456.2894537380597,conditional_source_only_not_network_or_full_range_validated,8.605588628806556,2296.900950814011,False
0.75,S2b,4.733073745843605,12.478103511769508,454.59751970319246,conditional_source_only_not_network_or_full_range_validated,17.211177257613112,2296.900950814011,False
0.75,S2b,7.099610618765407,18.717155267654263,452.9134629739884,conditional_source_only_not_network_or_full_range_validated,25.81676588641967,2296.9009508140116,False
0.75,S2b,9.46614749168721,24.95620702353901,451.2372835504476,conditional_source_only_not_network_or_full_range_validated,34.42235451522622,2296.9009508140107,False
0.75,S2b,11.83268436460901,31.195258779423767,449.5689814325699,conditional_source_only_not_network_or_full_range_validated,43.027943144032776,2296.900950814011,False
0.75,S2b,14.199221237530814,37.434310535308526,447.90855662035545,conditional_source_only_not_network_or_full_range_validated,51.63353177283934,2296.9009508140116,False
0.75,S2b,16.565758110452613,43.67336229119328,446.25600911380417,conditional_source_only_not_network_or_full_range_validated,60.23912040164589,2296.9009508140116,False
0.75,S2b,18.93229498337442,49.91241404707803,444.6113389129161,conditional_source_only_not_network_or_full_range_validated,68.84470903045245,2296.900950814011,False
0.75,S2b,21.298831856296214,56.151465802962775,442.9745460176912,conditional_source_only_not_network_or_full_range_validated,77.450297659259,2296.900950814011,False
0.75,S2b,23.66536872921802,62.390517558847534,441.3456304281295,conditional_source_only_not_network_or_full_range_validated,86.05588628806555,2296.900950814011,False
0.75,S2b,26.031905602139823,68.6295693147323,439.7245921442309,conditional_source_only_not_network_or_full_range_validated,94.66147491687212,2296.900950814011,False
0.75,S2b,28.39844247506163,74.86862107061705,438.1114311659956,conditional_source_only_not_network_or_full_range_validated,103.26706354567868,2296.9009508140116,False
0.75,S2b,30.764979347983427,81.1076728265018,436.5061474934234,conditional_source_only_not_network_or_full_range_validated,111.87265217448522,2296.900950814011,False
0.75,S2b,33.131516220905226,87.34672458238656,434.9087411265145,conditional_source_only_not_network_or_full_range_validated,120.47824080329178,2296.9009508140116,False
0.75,S2b,35.498053093827025,93.5857763382713,433.3192120652687,conditional_source_only_not_network_or_full_range_validated,129.08382943209833,2296.9009508140116,False
0.75,S2b,37.86458996674884,99.82482809415606,431.7375603096861,conditional_source_only_not_network_or_full_range_validated,137.6894180609049,2296.900950814011,False
0.75,S2b,40.23112683967064,106.0638798500408,430.16378585976673,conditional_source_only_not_network_or_full_range_validated,146.29500668971144,2296.900950814011,False
0.75,S2b,42.59766371259244,112.30293160592556,428.59788871551046,conditional_source_only_not_network_or_full_range_validated,154.90059531851801,2296.9009508140116,False
0.75,S2b,44.96420058551424,118.54198336181032,427.0398688769174,conditional_source_only_not_network_or_full_range_validated,163.50618394732456,2296.900950814011,False
0.75,S2b,47.33073745843604,124.78103511769508,425.4897263439876,conditional_source_only_not_network_or_full_range_validated,172.11177257613113,2296.900950814011,False
0.75,S2b,49.697274331357846,131.02008687357983,423.94746111672094,conditional_source_only_not_network_or_full_range_validated,180.71736120493767,2296.9009508140116,False
0.75,S2b,52.063811204279645,137.2591386294646,422.4130731951175,conditional_source_only_not_network_or_full_range_validated,189.32294983374425,2296.900950814011,False
0.75,S2b,54.43034807720145,143.49819038534935,420.8865625791772,conditional_source_only_not_network_or_full_range_validated,197.9285384625508,2296.900950814011,False
0.75,S2b,56.79688495012326,149.7372421412341,419.36792926890007,conditional_source_only_not_network_or_full_range_validated,206.53412709135736,2296.9009508140116,False
0.75,S2b,59.16342182304505,155.97629389711884,417.8571732642862,conditional_source_only_not_network_or_full_range_validated,215.13971572016388,2296.900950814011,False
0.75,S2b,61.529958695966855,162.2153456530036,416.35429456533546,conditional_source_only_not_network_or_full_range_validated,223.74530434897045,2296.900950814011,False
0.75,S2b,63.89649556888865,168.45439740888835,414.8592931720479,conditional_source_only_not_network_or_full_range_validated,232.350892977777,2296.900950814011,False
0.75,S2b,66.26303244181045,174.6934491647731,413.3721690844236,conditional_source_only_not_network_or_full_range_validated,240.95648160658357,2296.9009508140116,False
0.75,S2b,68.62956931473227,180.93250092065787,411.8929223024624,conditional_source_only_not_network_or_full_range_validated,249.56207023539014,2296.900950814011,False
0.75,S2b,70.99610618765405,187.1715526765426,410.4215528261644,conditional_source_only_not_network_or_full_range_validated,258.16765886419665,2296.9009508140116,False
0.75,S2b,73.36264306057586,193.41060443242736,408.9580606555297,conditional_source_only_not_network_or_full_range_validated,266.7732474930032,2296.900950814011,False
0.75,S2b,75.72917993349768,199.6496561883121,407.50244579055806,conditional_source_only_not_network_or_full_range_validated,275.37883612180974,2296.9009508140107,False
0.75,S2b,78.09571680641947,205.88870794419688,406.05470823124966,conditional_source_only_not_network_or_full_range_validated,283.98442475061637,2296.9009508140116,False
0.75,S2b,80.46225367934127,212.1277597000816,404.6148479776044,conditional_source_only_not_network_or_full_range_validated,292.5900133794229,2296.900950814011,False
0.75,S2b,82.82879055226307,218.3668114559664,403.1828650296224,conditional_source_only_not_network_or_full_range_validated,301.19560200822946,2296.9009508140116,False
0.75,S2b,85.19532742518487,224.6058632118511,401.75875938730354,conditional_source_only_not_network_or_full_range_validated,309.801190637036,2296.900950814011,False
0.75,S2b,87.56186429810667,230.84491496773583,400.3425310506479,conditional_source_only_not_network_or_full_range_validated,318.4067792658425,2296.9009508140116,False
0.75,S2b,89.92840117102848,237.08396672362065,398.9341800196554,conditional_source_only_not_network_or_full_range_validated,327.0123678946491,2296.900950814011,False
0.75,S2b,92.29493804395028,243.3230184795054,397.5337062943261,conditional_source_only_not_network_or_full_range_validated,335.6179565234557,2296.9009508140116,False
0.75,S2b,94.66147491687208,249.5620702353901,396.14110987466,conditional_source_only_not_network_or_full_range_validated,344.2235451522622,2296.900950814011,False
0.75,S2b,2.141072889818507,6.423218669455522,456.34109771302633,conditional_source_only_not_network_or_full_range_validated,8.564291559274029,2291.0894178368007,False
0.75,S2b,4.282145779637014,12.846437338911043,454.70086245561583,conditional_source_only_not_network_or_full_range_validated,17.128583118548057,2291.0894178368007,False
0.75,S2b,6.423218669455522,19.269656008366564,453.0685593063584,conditional_source_only_not_network_or_full_range_validated,25.692874677822086,2291.089417836801,False
0.75,S2b,8.564291559274029,25.692874677822086,451.4441882652541,conditional_source_only_not_network_or_full_range_validated,34.257166237096115,2291.0894178368007,False
0.75,S2b,10.705364449092537,32.116093347277605,449.8277493323029,conditional_source_only_not_network_or_full_range_validated,42.82145779637014,2291.0894178368007,False
0.75,S2b,12.846437338911043,38.53931201673313,448.2192425075049,conditional_source_only_not_network_or_full_range_validated,51.38574935564417,2291.089417836801,False
0.75,S2b,14.987510228729551,44.96253068618866,446.61866779086,conditional_source_only_not_network_or_full_range_validated,59.950040914918205,2291.0894178368007,False
0.75,S2b,17.128583118548057,51.38574935564417,445.0260251823682,conditional_source_only_not_network_or_full_range_validated,68.51433247419223,2291.0894178368007,False
0.75,S2b,19.269656008366564,57.80896802509969,443.4413146820296,conditional_source_only_not_network_or_full_range_validated,77.07862403346626,2291.0894178368007,False
0.75,S2b,21.41072889818507,64.23218669455521,441.8645362898441,conditional_source_only_not_network_or_full_range_validated,85.64291559274028,2291.0894178368007,False
0.75,S2b,23.55180178800358,70.65540536401073,440.29569000581176,conditional_source_only_not_network_or_full_range_validated,94.20720715201432,2291.089417836801,False
0.75,S2b,25.692874677822086,77.07862403346626,438.7347758299325,conditional_source_only_not_network_or_full_range_validated,102.77149871128834,2291.089417836801,False
0.75,S2b,27.833947567640596,83.50184270292178,437.1817937622064,conditional_source_only_not_network_or_full_range_validated,111.33579027056237,2291.089417836801,False
0.75,S2b,29.975020457459102,89.92506137237731,435.6367438026335,conditional_source_only_not_network_or_full_range_validated,119.90008182983641,2291.0894178368007,False
0.75,S2b,32.116093347277605,96.34828004183282,434.0996259512136,conditional_source_only_not_network_or_full_range_validated,128.46437338911042,2291.0894178368007,False
0.75,S2b,34.257166237096115,102.77149871128834,432.5704402079469,conditional_source_only_not_network_or_full_range_validated,137.02866494838446,2291.0894178368007,False
0.75,S2b,36.39823912691463,109.19471738074388,431.0491865728333,conditional_source_only_not_network_or_full_range_validated,145.59295650765853,2291.089417836801,False
0.75,S2b,38.53931201673313,115.61793605019938,429.53586504587287,conditional_source_only_not_network_or_full_range_validated,154.1572480669325,2291.0894178368007,False
0.75,S2b,40.68038490655164,122.04115471965493,428.0304756270655,conditional_source_only_not_network_or_full_range_validated,162.72153962620655,2291.0894178368007,False
0.75,S2b,42.82145779637014,128.46437338911042,426.5330183164114,conditional_source_only_not_network_or_full_range_validated,171.28583118548056,2291.0894178368007,False
0.75,S2b,44.96253068618865,134.88759205856596,425.0434931139103,conditional_source_only_not_network_or_full_range_validated,179.8501227447546,2291.0894178368007,False
0.75,S2b,47.10360357600716,141.3108107280215,423.5619000195624,conditional_source_only_not_network_or_full_range_validated,188.41441430402864,2291.0894178368007,False
0.75,S2b,49.24467646582567,147.734029397477,422.0882390333677,conditional_source_only_not_network_or_full_range_validated,196.97870586330268,2291.089417836801,False
0.75,S2b,51.38574935564417,154.1572480669325,420.622510155326,conditional_source_only_not_network_or_full_range_validated,205.5429974225767,2291.089417836801,False
0.75,S2b,53.52682224546268,160.58046673638802,419.16471338543744,conditional_source_only_not_network_or_full_range_validated,214.1072889818507,2291.0894178368007,False
0.75,S2b,55.66789513528119,167.00368540584356,417.71484872370206,conditional_source_only_not_network_or_full_range_validated,222.67158054112474,2291.089417836801,False
0.75,S2b,57.808968025099695,173.4269040752991,416.2729161701198,conditional_source_only_not_network_or_full_range_validated,231.23587210039878,2291.089417836801,False
0.75,S2b,59.950040914918205,179.85012274475463,414.8389157246907,conditional_source_only_not_network_or_full_range_validated,239.80016365967282,2291.0894178368007,False
0.75,S2b,62.09111380473671,186.2733414142101,413.4128473874147,conditional_source_only_not_network_or_full_range_validated,248.36445521894683,2291.0894178368007,False
0.75,S2b,64.23218669455521,192.69656008366564,411.9947111582919,conditional_source_only_not_network_or_full_range_validated,256.92874677822084,2291.0894178368007,False
0.75,S2b,66.37325958437371,199.11977875312112,410.5845070373221,conditional_source_only_not_network_or_full_range_validated,265.49303833749485,2291.0894178368007,False
0.75,S2b,68.51433247419223,205.5429974225767,409.18223502450553,conditional_source_only_not_network_or_full_range_validated,274.0573298967689,2291.0894178368007,False
0.75,S2b,70.65540536401073,211.9662160920322,407.787895119842,conditional_source_only_not_network_or_full_range_validated,282.62162145604293,2291.089417836801,False
0.75,S2b,72.79647825382925,218.3894347614877,406.4014873233317,conditional_source_only_not_network_or_full_range_validated,291.18591301531694,2291.0894178368007,False
0.75,S2b,74.93755114364774,224.8126534309432,405.02301163497447,conditional_source_only_not_network_or_full_range_validated,299.75020457459095,2291.089417836801,False
0.75,S2b,77.07862403346626,231.23587210039875,403.65246805477045,conditional_source_only_not_network_or_full_range_validated,308.314496133865,2291.0894178368007,False
0.75,S2b,79.21969692328476,237.6590907698543,402.2898565827195,conditional_source_only_not_network_or_full_range_validated,316.87878769313903,2291.089417836801,False
0.75,S2b,81.36076981310327,244.08230943930985,400.9351772188217,conditional_source_only_not_network_or_full_range_validated,325.4430792524131,2291.0894178368007,False
0.75,S2b,83.50184270292178,250.50552810876533,399.588429963077,conditional_source_only_not_network_or_full_range_validated,334.0073708116871,2291.089417836801,False
0.75,S2b,85.64291559274028,256.92874677822084,398.2496148154855,conditional_source_only_not_network_or_full_range_validated,342.5716623709611,2291.0894178368007,False
0.75,S2b,1.917762514872443,6.605626440116193,456.3922654718237,conditional_source_only_not_network_or_full_range_validated,8.523388954988636,2285.307218886989,False
0.75,S2b,3.835525029744886,13.211252880232388,454.8032864154844,conditional_source_only_not_network_or_full_range_validated,17.046777909977273,2285.307218886989,False
0.75,S2b,5.753287544617329,19.81687932034858,453.2223279095722,conditional_source_only_not_network_or_full_range_validated,25.57016686496591,2285.307218886989,False
0.75,S2b,7.671050059489772,26.422505760464773,451.6493899540872,conditional_source_only_not_network_or_full_range_validated,34.093555819954545,2285.307218886989,False
0.75,S2b,9.588812574362214,33.02813220058096,450.0844725490292,conditional_source_only_not_network_or_full_range_validated,42.61694477494318,2285.3072188869896,False
0.75,S2b,11.50657508923466,39.63375864069716,448.5275756943983,conditional_source_only_not_network_or_full_range_validated,51.14033372993182,2285.3072188869887,False
0.75,S2b,13.424337604107102,46.23938508081336,446.9786993901945,conditional_source_only_not_network_or_full_range_validated,59.663722684920465,2285.307218886989,False
0.75,S2b,15.342100118979545,52.845011520929546,445.4378436364178,conditional_source_only_not_network_or_full_range_validated,68.18711163990909,2285.307218886989,False
0.75,S2b,17.259862633851988,59.450637961045736,443.90500843306825,conditional_source_only_not_network_or_full_range_validated,76.71050059489772,2285.3072188869887,False
0.75,S2b,19.177625148724427,66.05626440116193,442.38019378014576,conditional_source_only_not_network_or_full_range_validated,85.23388954988636,2285.3072188869896,False
0.75,S2b,21.095387663596878,72.66189084127814,440.8633996776503,conditional_source_only_not_network_or_full_range_validated,93.75727850487502,2285.307218886989,False
0.75,S2b,23.01315017846932,79.26751728139432,439.354626125582,conditional_source_only_not_network_or_full_range_validated,102.28066745986364,2285.3072188869887,False
0.75,S2b,24.93091269334176,85.87314372151052,437.8538731239408,conditional_source_only_not_network_or_full_range_validated,110.80405641485228,2285.307218886989,False
0.75,S2b,26.848675208214203,92.47877016162673,436.3611406727266,conditional_source_only_not_network_or_full_range_validated,119.32744536984093,2285.307218886989,False
0.75,S2b,28.766437723086643,99.0843966017429,434.8764287719396,conditional_source_only_not_network_or_full_range_validated,127.85083432482953,2285.3072188869887,False
0.75,S2b,30.68420023795909,105.69002304185908,433.3997374215796,conditional_source_only_not_network_or_full_range_validated,136.37422327981818,2285.3072188869896,False
0.75,S2b,32.60196275283153,112.29564948197527,431.9310666216468,conditional_source_only_not_network_or_full_range_validated,144.89761223480681,2285.307218886989,False
0.75,S2b,34.519725267703976,118.90127592209149,430.470416372141,conditional_source_only_not_network_or_full_range_validated,153.42100118979545,2285.3072188869883,False
0.75,S2b,36.43748778257641,125.50690236220768,429.0177866730624,conditional_source_only_not_network_or_full_range_validated,161.9443901447841,2285.3072188869896,False
0.75,S2b,38.355250297448855,132.11252880232385,427.5731775244108,conditional_source_only_not_network_or_full_range_validated,170.4677790997727,2285.3072188869896,False
0.75,S2b,40.2730128123213,138.71815524244005,426.1365889261863,conditional_source_only_not_network_or_full_range_validated,178.99116805476135,2285.3072188869887,False
0.75,S2b,42.19077532719375,145.32378168255627,424.7080208783889,conditional_source_only_not_network_or_full_range_validated,187.51455700975004,2285.307218886989,False
0.75,S2b,44.10853784206619,151.92940812267244,423.2874733810186,conditional_source_only_not_network_or_full_range_validated,196.03794596473864,2285.307218886989,False
0.75,S2b,46.02630035693864,158.53503456278864,421.8749464340754,conditional_source_only_not_network_or_full_range_validated,204.56133491972727,2285.3072188869887,False
0.75,S2b,47.94406287181108,165.14066100290484,420.4704400375593,conditional_source_only_not_network_or_full_range_validated,213.0847238747159,2285.307218886989,False
0.75,S2b,49.86182538668351,171.74628744302103,419.0739541914703,conditional_source_only_not_network_or_full_range_validated,221.60811282970454,2285.3072188869887,False
0.75,S2b,51.77958790155596,178.3519138831372,417.6854888958084,conditional_source_only_not_network_or_full_range_validated,230.13150178469317,2285.307218886989,False
0.75,S2b,53.69735041642841,184.95754032325345,416.3050441505736,conditional_source_only_not_network_or_full_range_validated,238.65489073968186,2285.307218886989,False
0.75,S2b,55.61511293130085,191.5631667633696,414.93261995576586,conditional_source_only_not_network_or_full_range_validated,247.17827969467044,2285.307218886989,False
0.75,S2b,57.532875446173286,198.1687932034858,413.5682163113853,conditional_source_only_not_network_or_full_range_validated,255.70166864965907,2285.3072188869887,False
0.75,S2b,59.45063796104573,204.774419643602,412.21183321743166,conditional_source_only_not_network_or_full_range_validated,264.2250576046477,2285.3072188869887,False
0.75,S2b,61.36840047591818,211.38004608371816,410.8634706739052,conditional_source_only_not_network_or_full_range_validated,272.74844655963636,2285.3072188869896,False
0.75,S2b,63.28616299079062,217.9856725238344,409.5231286808059,conditional_source_only_not_network_or_full_range_validated,281.271835514625,2285.3072188869887,False
0.75,S2b,65.20392550566307,224.59129896395055,408.1908072381336,conditional_source_only_not_network_or_full_range_validated,289.79522446961363,2285.307218886989,False
0.75,S2b,67.1216880205355,231.19692540406675,406.8665063458884,conditional_source_only_not_network_or_full_range_validated,298.31861342460223,2285.3072188869887,False
0.75,S2b,69.03945053540795,237.80255184418291,405.5502260040704,conditional_source_only_not_network_or_full_range_validated,306.8420023795909,2285.3072188869887,False
0.75,S2b,70.95721305028039,244.4081782842992,404.24196621267936,conditional_source_only_not_network_or_full_range_validated,315.3653913345796,2285.307218886989,False
0.75,S2b,72.87497556515282,251.0138047244153,402.94172697171547,conditional_source_only_not_network_or_full_range_validated,323.8887802895681,2285.3072188869887,False
0.75,S2b,74.79273808002527,257.61943116453153,401.6495082811786,conditional_source_only_not_network_or_full_range_validated,332.4121692445568,2285.3072188869887,False
0.75,S2b,76.71050059489771,264.2250576046477,400.365310141069,conditional_source_only_not_network_or_full_range_validated,340.9355581995454,2285.3072188869896,False
0.75,S2b,1.6965750381958735,6.786300152783496,456.4429635627477,conditional_source_only_not_network_or_full_range_validated,8.48287519097937,2279.554132426052,False
0.75,S2b,3.393150076391747,13.572600305566992,454.9048037148524,conditional_source_only_not_network_or_full_range_validated,16.96575038195874,2279.554132426052,False
0.75,S2b,5.089725114587622,20.35890045835049,453.3747855349043,conditional_source_only_not_network_or_full_range_validated,25.448625572938113,2279.554132426052,False
0.75,S2b,6.786300152783494,27.145200611133983,451.8529090229034,conditional_source_only_not_network_or_full_range_validated,33.93150076391748,2279.554132426052,False
0.75,S2b,8.482875190979367,33.93150076391748,450.3391741788496,conditional_source_only_not_network_or_full_range_validated,42.41437595489684,2279.5541324260516,False
0.75,S2b,10.179450229175243,40.71780091670098,448.8335810027429,conditional_source_only_not_network_or_full_range_validated,50.897251145876226,2279.554132426052,False
0.75,S2b,11.876025267371116,47.50410106948448,447.3361294945834,conditional_source_only_not_network_or_full_range_validated,59.3801263368556,2279.5541324260516,False
0.75,S2b,13.572600305566988,54.29040122226797,445.846819654371,conditional_source_only_not_network_or_full_range_validated,67.86300152783495,2279.554132426052,False
0.75,S2b,15.26917534376286,61.07670137505146,444.3656514821058,conditional_source_only_not_network_or_full_range_validated,76.34587671881431,2279.554132426051,False
0.75,S2b,16.965750381958735,67.86300152783495,442.8926249777877,conditional_source_only_not_network_or_full_range_validated,84.82875190979368,2279.5541324260516,False
0.75,S2b,18.66232542015461,74.64930168061845,441.4277401414168,conditional_source_only_not_network_or_full_range_validated,93.31162710077305,2279.5541324260516,False
0.75,S2b,20.358900458350487,81.43560183340196,439.9709969729931,conditional_source_only_not_network_or_full_range_validated,101.79450229175245,2279.554132426052,False
0.75,S2b,22.05547549654636,88.22190198618546,438.5223954725164,conditional_source_only_not_network_or_full_range_validated,110.27737748273182,2279.554132426052,False
0.75,S2b,23.75205053474223,95.00820213896895,437.0819356399869,conditional_source_only_not_network_or_full_range_validated,118.7602526737112,2279.5541324260516,False
0.75,S2b,25.448625572938106,101.79450229175244,435.64961747540457,conditional_source_only_not_network_or_full_range_validated,127.24312786469054,2279.5541324260516,False
0.75,S2b,27.145200611133976,108.58080244453592,434.22544097876937,conditional_source_only_not_network_or_full_range_validated,135.7260030556699,2279.554132426052,False
0.75,S2b,28.84177564932985,115.36710259731944,432.8094061500813,conditional_source_only_not_network_or_full_range_validated,144.2088782466493,2279.554132426052,False
0.75,S2b,30.53835068752572,122.15340275010291,431.4015129893404,conditional_source_only_not_network_or_full_range_validated,152.69175343762862,2279.554132426051,False
0.75,S2b,32.234925725721595,128.9397029028864,430.0017614965468,conditional_source_only_not_network_or_full_range_validated,161.174628628608,2279.554132426051,False
0.75,S2b,33.93150076391747,135.7260030556699,428.6101516717001,conditional_source_only_not_network_or_full_range_validated,169.65750381958736,2279.5541324260516,False
0.75,S2b,35.628075802113344,142.5123032084534,427.22668351480064,conditional_source_only_not_network_or_full_range_validated,178.14037901056673,2279.554132426052,False
0.75,S2b,37.32465084030922,149.2986033612369,425.8513570258484,conditional_source_only_not_network_or_full_range_validated,186.6232542015461,2279.5541324260516,False
0.75,S2b,39.0212258785051,156.08490351402045,424.4841722048432,conditional_source_only_not_network_or_full_range_validated,195.10612939252556,2279.554132426052,False
0.75,S2b,40.71780091670097,162.87120366680392,423.1251290517852,conditional_source_only_not_network_or_full_range_validated,203.5890045835049,2279.554132426052,False
0.75,S2b,42.41437595489684,169.65750381958742,421.7742275666743,conditional_source_only_not_network_or_full_range_validated,212.07187977448427,2279.5541324260516,False
0.75,S2b,44.11095099309272,176.44380397237092,420.4314677495106,conditional_source_only_not_network_or_full_range_validated,220.55475496546364,2279.554132426052,False
0.75,S2b,45.80752603128859,183.2301041251544,419.096849600294,conditional_source_only_not_network_or_full_range_validated,229.03763015644302,2279.554132426052,False
0.75,S2b,47.50410106948446,190.0164042779379,417.77037311902455,conditional_source_only_not_network_or_full_range_validated,237.5205053474224,2279.5541324260516,False
0.75,S2b,49.20067610768034,196.8027044307214,416.4520383057023,conditional_source_only_not_network_or_full_range_validated,246.00338053840176,2279.5541324260516,False
0.75,S2b,50.89725114587621,203.58900458350487,415.1418451603272,conditional_source_only_not_network_or_full_range_validated,254.48625572938107,2279.5541324260516,False
0.75,S2b,52.59382618407208,210.3753047362884,413.8397936828992,conditional_source_only_not_network_or_full_range_validated,262.9691309203605,2279.5541324260516,False
0.75,S2b,54.29040122226795,217.16160488907187,412.5458838734183,conditional_source_only_not_network_or_full_range_validated,271.4520061113398,2279.554132426052,False
0.75,S2b,55.98697626046384,223.9479050418554,411.2601157318846,conditional_source_only_not_network_or_full_range_validated,279.93488130231924,2279.5541324260516,False
0.75,S2b,57.68355129865971,230.7342051946389,409.982489258298,conditional_source_only_not_network_or_full_range_validated,288.4177564932986,2279.554132426052,False
0.75,S2b,59.380126336855575,237.5205053474224,408.71300445265865,conditional_source_only_not_network_or_full_range_validated,296.900631684278,2279.5541324260516,False
0.75,S2b,61.07670137505144,244.30680550020583,407.4516613149664,conditional_source_only_not_network_or_full_range_validated,305.38350687525724,2279.554132426051,False
0.75,S2b,62.77327641324732,251.09310565298932,406.1984598452213,conditional_source_only_not_network_or_full_range_validated,313.86638206623667,2279.554132426052,False
0.75,S2b,64.46985145144319,257.8794058057728,404.9534000434233,conditional_source_only_not_network_or_full_range_validated,322.349257257216,2279.554132426051,False
0.75,S2b,66.16642648963908,264.6657059585564,403.7164819095725,conditional_source_only_not_network_or_full_range_validated,330.83213244819547,2279.554132426052,False
0.75,S2b,67.86300152783494,271.4520061113398,402.48770544366886,conditional_source_only_not_network_or_full_range_validated,339.3150076391747,2279.5541324260516,False
0.75,S2b,1.477480331025431,6.965264417691321,456.4931984147463,conditional_source_only_not_network_or_full_range_validated,8.442744748716752,2273.829939140689,False
0.75,S2b,2.954960662050862,13.930528835382642,455.0054262744611,conditional_source_only_not_network_or_full_range_validated,16.885489497433504,2273.829939140689,False
0.75,S2b,4.432440993076293,20.89579325307396,453.5259486577347,conditional_source_only_not_network_or_full_range_validated,25.328234246150252,2273.8299391406886,False
0.75,S2b,5.909921324101724,27.861057670765284,452.0547655645669,conditional_source_only_not_network_or_full_range_validated,33.77097899486701,2273.829939140689,False
0.75,S2b,7.387401655127155,34.8263220884566,450.5918769949578,conditional_source_only_not_network_or_full_range_validated,42.213723743583756,2273.8299391406895,False
0.75,S2b,8.864881986152586,41.79158650614792,449.1372829489073,conditional_source_only_not_network_or_full_range_validated,50.656468492300505,2273.8299391406886,False
0.75,S2b,10.34236231717802,48.75685092383925,447.6909834264154,conditional_source_only_not_network_or_full_range_validated,59.099213241017274,2273.829939140689,False
0.75,S2b,11.819842648203448,55.72211534153057,446.2529784274823,conditional_source_only_not_network_or_full_range_validated,67.54195798973402,2273.829939140689,False
0.75,S2b,13.29732297922888,62.68737975922188,444.8232679521078,conditional_source_only_not_network_or_full_range_validated,75.98470273845076,2273.8299391406895,False
0.75,S2b,14.77480331025431,69.6526441769132,443.401852000292,conditional_source_only_not_network_or_full_range_validated,84.42744748716751,2273.8299391406895,False
0.75,S2b,16.252283641279742,76.61790859460453,441.98873057203474,conditional_source_only_not_network_or_full_range_validated,92.87019223588428,2273.829939140689,False
0.75,S2b,17.72976397230517,83.58317301229584,440.5839036673362,conditional_source_only_not_network_or_full_range_validated,101.31293698460101,2273.8299391406886,False
0.75,S2b,19.207244303330604,90.54843742998716,439.1873712861964,conditional_source_only_not_network_or_full_range_validated,109.75568173331777,2273.829939140689,False
0.75,S2b,20.68472463435604,97.5137018476785,437.7991334286152,conditional_source_only_not_network_or_full_range_validated,118.19842648203455,2273.829939140689,False
0.75,S2b,22.162204965381463,104.4789662653698,436.41919009459264,conditional_source_only_not_network_or_full_range_validated,126.64117123075127,2273.829939140689,False
0.75,S2b,23.639685296406896,111.44423068306114,435.0475412841288,conditional_source_only_not_network_or_full_range_validated,135.08391597946803,2273.829939140689,False
0.75,S2b,25.11716562743233,118.40949510075248,433.6841869972235,conditional_source_only_not_network_or_full_range_validated,143.52666072818482,2273.8299391406895,False
0.75,S2b,26.59464595845776,125.37475951844377,432.3291272338769,conditional_source_only_not_network_or_full_range_validated,151.96940547690153,2273.8299391406895,False
0.75,S2b,28.07212628948319,132.3400239361351,430.98236199408905,conditional_source_only_not_network_or_full_range_validated,160.4121502256183,2273.829939140689,False
0.75,S2b,29.54960662050862,139.3052883538264,429.6438912778598,conditional_source_only_not_network_or_full_range_validated,168.85489497433502,2273.8299391406895,False
0.75,S2b,31.02708695153405,146.27055277151774,428.3137150851892,conditional_source_only_not_network_or_full_range_validated,177.2976397230518,2273.8299391406886,False
0.75,S2b,32.504567282559485,153.23581718920906,426.99183341607727,conditional_source_only_not_network_or_full_range_validated,185.74038447176855,2273.829939140689,False
0.75,S2b,33.98204761358492,160.2010816069004,425.678246270524,conditional_source_only_not_network_or_full_range_validated,194.1831292204853,2273.829939140689,False
0.75,S2b,35.45952794461034,167.1663460245917,424.37295364852935,conditional_source_only_not_network_or_full_range_validated,202.62587396920202,2273.8299391406886,False
0.75,S2b,36.937008275635776,174.131610442283,423.0759555500935,conditional_source_only_not_network_or_full_range_validated,211.06861871791878,2273.8299391406895,False
0.75,S2b,38.41448860666121,181.09687485997435,421.7872519752161,conditional_source_only_not_network_or_full_range_validated,219.51136346663554,2273.8299391406886,False
0.75,S2b,39.89196893768664,188.0621392776657,420.5068429238975,conditional_source_only_not_network_or_full_range_validated,227.95410821535233,2273.829939140689,False
0.75,S2b,41.36944926871208,195.027403695357,419.2347283961376,conditional_source_only_not_network_or_full_range_validated,236.3968529640691,2273.829939140689,False
0.75,S2b,42.8469295997375,201.9926681130483,417.9709083919362,conditional_source_only_not_network_or_full_range_validated,244.8395977127858,2273.829939140689,False
0.75,S2b,44.324409930762926,208.9579325307396,416.7153829112936,conditional_source_only_not_network_or_full_range_validated,253.28234246150254,2273.829939140689,False
0.75,S2b,45.80189026178836,215.92319694843093,415.46815195420953,conditional_source_only_not_network_or_full_range_validated,261.7250872102193,2273.829939140689,False
0.75,S2b,47.27937059281379,222.88846136612227,414.2292155206842,conditional_source_only_not_network_or_full_range_validated,270.16783195893606,2273.829939140689,False
0.75,S2b,48.75685092383922,229.8537257838136,412.99857361071753,conditional_source_only_not_network_or_full_range_validated,278.6105767076528,2273.829939140689,False
0.75,S2b,50.23433125486466,236.81899020150493,411.7762262243094,conditional_source_only_not_network_or_full_range_validated,287.0533214563696,2273.829939140689,False
0.75,S2b,51.71181158589009,243.78425461919625,410.5621733614601,conditional_source_only_not_network_or_full_range_validated,295.4960662050863,2273.8299391406886,False
0.75,S2b,53.18929191691552,250.74951903688756,409.3564150221694,conditional_source_only_not_network_or_full_range_validated,303.9388109538031,2273.8299391406895,False
0.75,S2b,54.66677224794094,257.7147834545788,408.1589512064374,conditional_source_only_not_network_or_full_range_validated,312.3815557025198,2273.8299391406895,False
0.75,S2b,56.14425257896638,264.6800478722702,406.96978191426393,conditional_source_only_not_network_or_full_range_validated,320.8243004512366,2273.829939140689,False
0.75,S2b,57.621732909991806,271.6453122899615,405.78890714564926,conditional_source_only_not_network_or_full_range_validated,329.2670451999533,2273.829939140689,False
0.75,S2b,59.09921324101724,278.6105767076528,404.6163269005932,conditional_source_only_not_network_or_full_range_validated,337.70978994867005,2273.8299391406895,False
0.75,S2b,1.2604488320410436,7.142543381565919,456.5429763401223,conditional_source_only_not_network_or_full_range_validated,8.402992213606963,2268.1344219149546,False
0.75,S2b,2.5208976640820877,14.285086763131838,455.10516580828624,conditional_source_only_not_network_or_full_range_validated,16.805984427213925,2268.1344219149546,False
0.75,S2b,3.781346496123132,21.42763014469776,453.6758334830819,conditional_source_only_not_network_or_full_range_validated,25.20897664082089,2268.1344219149546,False
0.75,S2b,5.041795328164175,28.57017352626368,452.2549793645092,conditional_source_only_not_network_or_full_range_validated,33.61196885442786,2268.134421914955,False
0.75,S2b,6.302244160205219,35.712716907829595,450.8426034525681,conditional_source_only_not_network_or_full_range_validated,42.014961068034815,2268.134421914955,False
0.75,S2b,7.562692992246263,42.85526028939552,449.4387057472586,conditional_source_only_not_network_or_full_range_validated,50.41795328164178,2268.1344219149546,False
0.75,S2b,8.823141824287307,49.99780367096144,448.0432862485809,conditional_source_only_not_network_or_full_range_validated,58.82094549524874,2268.134421914955,False
0.75,S2b,10.083590656328347,57.14034705252735,446.6563449565349,conditional_source_only_not_network_or_full_range_validated,67.2239377088557,2268.1344219149546,False
0.75,S2b,11.344039488369392,64.28289043409328,445.2778818711204,conditional_source_only_not_network_or_full_range_validated,75.62692992246266,2268.134421914955,False
0.75,S2b,12.604488320410438,71.42543381565919,443.90789699233767,conditional_source_only_not_network_or_full_range_validated,84.02992213606963,2268.134421914955,False
0.75,S2b,13.86493715245148,78.56797719722512,442.54639032018656,conditional_source_only_not_network_or_full_range_validated,92.4329143496766,2268.1344219149546,False
0.75,S2b,15.125385984492526,85.71052057879105,441.1933618546672,conditional_source_only_not_network_or_full_range_validated,100.83590656328357,2268.134421914955,False
0.75,S2b,16.385834816533567,92.85306396035696,439.8488115957794,conditional_source_only_not_network_or_full_range_validated,109.23889877689052,2268.134421914955,False
0.75,S2b,17.646283648574613,99.99560734192288,438.5127395435233,conditional_source_only_not_network_or_full_range_validated,117.64189099049749,2268.134421914955,False
0.75,S2b,18.906732480615656,107.1381507234888,437.1851456978989,conditional_source_only_not_network_or_full_range_validated,126.04488320410447,2268.134421914955,False
0.75,S2b,20.167181312656695,114.2806941050547,435.8660300589061,conditional_source_only_not_network_or_full_range_validated,134.4478754177114,2268.1344219149546,False
0.75,S2b,21.427630144697744,121.42323748662064,434.555392626545,conditional_source_only_not_network_or_full_range_validated,142.85086763131838,2268.1344219149546,False
0.75,S2b,22.688078976738787,128.56578086818655,433.2532334008156,conditional_source_only_not_network_or_full_range_validated,151.25385984492533,2268.134421914955,False
0.75,S2b,23.948527808779836,135.70832424975248,431.9595523817178,conditional_source_only_not_network_or_full_range_validated,159.6568520585323,2268.1344219149546,False
0.75,S2b,25.208976640820875,142.85086763131838,430.6743495692518,conditional_source_only_not_network_or_full_range_validated,168.05984427213926,2268.134421914955,False
0.75,S2b,26.46942547286192,149.9934110128843,429.3976249634173,conditional_source_only_not_network_or_full_range_validated,176.46283648574624,2268.134421914955,False
0.75,S2b,27.72987430490296,157.13595439445024,428.1293785642145,conditional_source_only_not_network_or_full_range_validated,184.8658286993532,2268.1344219149546,False
0.75,S2b,28.990323136944006,164.27849777601617,426.8696103716434,conditional_source_only_not_network_or_full_range_validated,193.26882091296017,2268.134421914955,False
0.75,S2b,30.25077196898505,171.4210411575821,425.618320385704,conditional_source_only_not_network_or_full_range_validated,201.67181312656714,2268.134421914955,False
0.75,S2b,31.51122080102609,178.56358453914797,424.3755086063962,conditional_source_only_not_network_or_full_range_validated,210.07480534017407,2268.134421914955,False
0.75,S2b,32.771669633067134,185.7061279207139,423.14117503372006,conditional_source_only_not_network_or_full_range_validated,218.47779755378104,2268.1344219149555,False
0.75,S2b,34.032118465108184,192.84867130227985,421.9153196676756,conditional_source_only_not_network_or_full_range_validated,226.88078976738802,2268.1344219149546,False
0.75,S2b,35.292567297149226,199.99121468384573,420.6979425082628,conditional_source_only_not_network_or_full_range_validated,235.28378198099495,2268.134421914955,False
0.75,S2b,36.55301612919027,207.13375806541168,419.4890435554817,conditional_source_only_not_network_or_full_range_validated,243.68677419460195,2268.1344219149546,False
0.75,S2b,37.81346496123131,214.2763014469776,418.28862280933225,conditional_source_only_not_network_or_full_range_validated,252.08976640820893,2268.134421914955,False
0.75,S2b,39.07391379327236,221.4188448285435,417.0966802698144,conditional_source_only_not_network_or_full_range_validated,260.4927586218159,2268.134421914955,False
0.75,S2b,40.3343626253134,228.5613882101094,415.9132159369283,conditional_source_only_not_network_or_full_range_validated,268.8957508354228,2268.1344219149546,False
0.75,S2b,41.594811457354446,235.7039315916753,414.7382298106739,conditional_source_only_not_network_or_full_range_validated,277.2987430490298,2268.134421914955,False
0.75,S2b,42.85526028939549,242.84647497324127,413.5717218910511,conditional_source_only_not_network_or_full_range_validated,285.70173526263676,2268.1344219149546,False
0.75,S2b,44.11570912143653,249.98901835480717,412.41369217805993,conditional_source_only_not_network_or_full_range_validated,294.1047274762437,2268.134421914955,False
0.75,S2b,45.37615795347757,257.1315617363731,411.2641406717005,conditional_source_only_not_network_or_full_range_validated,302.50771968985066,2268.134421914955,False
0.75,S2b,46.636606785518616,264.27410511793903,410.12306737197264,conditional_source_only_not_network_or_full_range_validated,310.91071190345764,2268.134421914955,False
0.75,S2b,47.89705561755967,271.41664849950496,408.9904722788765,conditional_source_only_not_network_or_full_range_validated,319.3137041170646,2268.1344219149546,False
0.75,S2b,49.15750444960071,278.5591918810709,407.866355392412,conditional_source_only_not_network_or_full_range_validated,327.7166963306716,2268.134421914955,False
0.75,S2b,50.41795328164175,285.7017352626368,406.7507167125792,conditional_source_only_not_network_or_full_range_validated,336.1196885442786,2268.134421914955,False
0.75,S2b,1.0454515340695492,7.318160738486844,456.5923035371631,conditional_source_only_not_network_or_full_range_validated,8.363612272556393,2262.4673658028078,False
0.75,S2b,2.0909030681390983,14.636321476973688,455.2040338279685,conditional_source_only_not_network_or_full_range_validated,16.727224545112787,2262.4673658028078,False
0.75,S2b,3.136354602208648,21.954482215460537,453.8244559510063,conditional_source_only_not_network_or_full_range_validated,25.090836817669185,2262.4673658028078,False
0.75,S2b,4.181806136278197,29.272642953947376,452.4535699062764,conditional_source_only_not_network_or_full_range_validated,33.45444909022557,2262.4673658028078,False
0.75,S2b,5.227257670347746,36.59080369243422,451.0913756937789,conditional_source_only_not_network_or_full_range_validated,41.81806136278197,2262.4673658028078,False
0.75,S2b,6.272709204417296,43.908964430921074,449.7378733135138,conditional_source_only_not_network_or_full_range_validated,50.18167363533837,2262.4673658028078,False
0.75,S2b,7.318160738486845,51.22712516940791,448.393062765481,conditional_source_only_not_network_or_full_range_validated,58.54528590789476,2262.4673658028078,False
0.75,S2b,8.363612272556393,58.54528590789475,447.05694404968057,conditional_source_only_not_network_or_full_range_validated,66.90889818045115,2262.4673658028078,False
0.75,S2b,9.409063806625944,65.8634466463816,445.7295171661125,conditional_source_only_not_network_or_full_range_validated,75.27251045300756,2262.467365802808,False
0.75,S2b,10.454515340695492,73.18160738486844,444.4107821147769,conditional_source_only_not_network_or_full_range_validated,83.63612272556394,2262.4673658028078,False
0.75,S2b,11.49996687476504,80.4997681233553,443.1007388956736,conditional_source_only_not_network_or_full_range_validated,91.99973499812033,2262.4673658028078,False
0.75,S2b,12.545418408834593,87.81792886184215,441.7993875088025,conditional_source_only_not_network_or_full_range_validated,100.36334727067674,2262.4673658028078,False
0.75,S2b,13.59086994290414,95.136089600329,440.5067279541639,conditional_source_only_not_network_or_full_range_validated,108.72695954323314,2262.4673658028078,False
0.75,S2b,14.63632147697369,102.45425033881584,439.22276023175766,conditional_source_only_not_network_or_full_range_validated,117.09057181578953,2262.4673658028078,False
0.75,S2b,15.681773011043235,109.77241107730266,437.9474843415838,conditional_source_only_not_network_or_full_range_validated,125.4541840883459,2262.4673658028078,False
0.75,S2b,16.727224545112787,117.0905718157895,436.6809002836423,conditional_source_only_not_network_or_full_range_validated,133.8177963609023,2262.4673658028078,False
0.75,S2b,17.77267607918234,124.40873255427638,435.4230080579332,conditional_source_only_not_network_or_full_range_validated,142.18140863345872,2262.4673658028073,False
0.75,S2b,18.818127613251885,131.7268932927632,434.1738076644564,conditional_source_only_not_network_or_full_range_validated,150.54502090601508,2262.4673658028078,False
0.75,S2b,19.863579147321435,139.04505403125003,432.933299103212,conditional_source_only_not_network_or_full_range_validated,158.90863317857148,2262.4673658028078,False
0.75,S2b,20.909030681390984,146.36321476973689,431.7014823741998,conditional_source_only_not_network_or_full_range_validated,167.27224545112787,2262.4673658028078,False
0.75,S2b,21.954482215460533,153.68137550822374,430.47835747742016,conditional_source_only_not_network_or_full_range_validated,175.63585772368427,2262.4673658028073,False
0.75,S2b,22.999933749530083,160.9995362467106,429.2639244128728,conditional_source_only_not_network_or_full_range_validated,183.99946999624066,2262.4673658028073,False
0.75,S2b,24.04538528359964,168.31769698519744,428.0581831805578,conditional_source_only_not_network_or_full_range_validated,192.3630822687971,2262.4673658028078,False
0.75,S2b,25.090836817669185,175.6358577236843,426.8611337804752,conditional_source_only_not_network_or_full_range_validated,200.72669454135348,2262.4673658028078,False
0.75,S2b,26.13628835173873,182.95401846217112,425.67277621262497,conditional_source_only_not_network_or_full_range_validated,209.09030681390985,2262.4673658028078,False
0.75,S2b,27.18173988580828,190.272179200658,424.4931104770071,conditional_source_only_not_network_or_full_range_validated,217.45391908646627,2262.4673658028078,False
0.75,S2b,28.22719141987783,197.5903399391448,423.3221365736216,conditional_source_only_not_network_or_full_range_validated,225.81753135902264,2262.4673658028078,False
0.75,S2b,29.27264295394738,204.90850067763165,422.1598545024684,conditional_source_only_not_network_or_full_range_validated,234.18114363157903,2262.4673658028078,False
0.75,S2b,30.31809448801693,212.22666141611853,421.0062642635476,conditional_source_only_not_network_or_full_range_validated,242.54475590413546,2262.4673658028078,False
0.75,S2b,31.363546022086474,219.54482215460533,419.8613658568591,conditional_source_only_not_network_or_full_range_validated,250.9083681766918,2262.4673658028078,False
0.75,S2b,32.408997556156024,226.86298289309215,418.7251592824031,conditional_source_only_not_network_or_full_range_validated,259.2719804492482,2262.4673658028078,False
0.75,S2b,33.45444909022557,234.181143631579,417.5976445401794,conditional_source_only_not_network_or_full_range_validated,267.6355927218046,2262.4673658028078,False
0.75,S2b,34.49990062429513,241.49930437006591,416.478821630188,conditional_source_only_not_network_or_full_range_validated,275.99920499436104,2262.4673658028073,False
0.75,S2b,35.54535215836468,248.8174651085528,415.368690552429,conditional_source_only_not_network_or_full_range_validated,284.3628172669175,2262.4673658028078,False
0.75,S2b,36.59080369243422,256.13562584703953,414.2672513069023,conditional_source_only_not_network_or_full_range_validated,292.72642953947377,2262.467365802808,False
0.75,S2b,37.63625522650377,263.4537865855264,413.1745038936081,conditional_source_only_not_network_or_full_range_validated,301.09004181203017,2262.4673658028078,False
0.75,S2b,38.68170676057332,270.77194732401324,412.09044831254624,conditional_source_only_not_network_or_full_range_validated,309.45365408458656,2262.4673658028078,False
0.75,S2b,39.72715829464287,278.09010806250006,411.01508456371664,conditional_source_only_not_network_or_full_range_validated,317.81726635714296,2262.4673658028078,False
0.75,S2b,40.772609828712426,285.408268800987,409.9484126471194,conditional_source_only_not_network_or_full_range_validated,326.1808786296994,2262.4673658028073,False
0.75,S2b,41.81806136278197,292.72642953947377,408.89043256275465,conditional_source_only_not_network_or_full_range_validated,334.54449090225575,2262.4673658028078,False
0.75,S2b,0.8324599711604387,7.4921397404439505,456.64118609269946,conditional_source_only_not_network_or_full_range_validated,8.324599711604389,2256.828558001068,False
0.75,S2b,1.6649199423208774,14.9842794808879,455.3020416471324,conditional_source_only_not_network_or_full_range_validated,16.649199423208778,2256.828558001068,False
0.75,S2b,2.497379913481316,22.47641922133185,453.971831741889,conditional_source_only_not_network_or_full_range_validated,24.973799134813163,2256.8285580010674,False
0.75,S2b,3.3298398846417547,29.9685589617758,452.6505563769691,conditional_source_only_not_network_or_full_range_validated,33.298398846417555,2256.828558001068,False
0.75,S2b,4.1622998558021935,37.460698702219744,451.3382155523728,conditional_source_only_not_network_or_full_range_validated,41.62299855802194,2256.828558001068,False
0.75,S2b,4.994759826962632,44.9528384426637,450.0348092681001,conditional_source_only_not_network_or_full_range_validated,49.947598269626326,2256.8285580010674,False
0.75,S2b,5.827219798123071,52.44497818310765,448.7403375241509,conditional_source_only_not_network_or_full_range_validated,58.27219798123072,2256.8285580010674,False
0.75,S2b,6.6596797692835095,59.9371179235516,447.45480032052535,conditional_source_only_not_network_or_full_range_validated,66.59679769283511,2256.828558001068,False
0.75,S2b,7.492139740443947,67.42925766399554,446.1781976572234,conditional_source_only_not_network_or_full_range_validated,74.92139740443949,2256.828558001068,False
0.75,S2b,8.324599711604387,74.92139740443949,444.9105295342449,conditional_source_only_not_network_or_full_range_validated,83.24599711604388,2256.828558001068,False
0.75,S2b,9.157059682764825,82.41353714488345,443.65179595159,conditional_source_only_not_network_or_full_range_validated,91.57059682764827,2256.828558001068,False
0.75,S2b,9.989519653925264,89.9056768853274,442.40199690925874,conditional_source_only_not_network_or_full_range_validated,99.89519653925265,2256.8285580010674,False
0.75,S2b,10.8219796250857,97.39781662577134,441.1611324072511,conditional_source_only_not_network_or_full_range_validated,108.21979625085704,2256.828558001068,False
0.75,S2b,11.654439596246142,104.8899563662153,439.9292024455669,conditional_source_only_not_network_or_full_range_validated,116.54439596246144,2256.8285580010674,False
0.75,S2b,12.486899567406578,112.38209610665923,438.7062070242064,conditional_source_only_not_network_or_full_range_validated,124.86899567406581,2256.828558001068,False
0.75,S2b,13.31935953856702,119.8742358471032,437.49214614316935,conditional_source_only_not_network_or_full_range_validated,133.19359538567022,2256.828558001068,False
0.75,S2b,14.151819509727456,127.36637558754714,436.287019802456,conditional_source_only_not_network_or_full_range_validated,141.5181950972746,2256.8285580010684,False
0.75,S2b,14.984279480887894,134.85851532799109,435.0908280020661,conditional_source_only_not_network_or_full_range_validated,149.84279480887898,2256.828558001068,False
0.75,S2b,15.816739452048337,142.35065506843506,433.90357074199983,conditional_source_only_not_network_or_full_range_validated,158.16739452048338,2256.8285580010674,False
0.75,S2b,16.649199423208774,149.84279480887898,432.7252480222572,conditional_source_only_not_network_or_full_range_validated,166.49199423208776,2256.828558001068,False
0.75,S2b,17.481659394369213,157.33493454932295,431.55585984283806,conditional_source_only_not_network_or_full_range_validated,174.81659394369217,2256.8285580010674,False
0.75,S2b,18.31411936552965,164.8270742897669,430.3954062037425,conditional_source_only_not_network_or_full_range_validated,183.14119365529655,2256.828558001068,False
0.75,S2b,19.14657933669009,172.31921403021087,429.2438871049705,conditional_source_only_not_network_or_full_range_validated,191.46579336690095,2256.828558001068,False
0.75,S2b,19.979039307850528,179.8113537706548,428.1013025465221,conditional_source_only_not_network_or_full_range_validated,199.7903930785053,2256.8285580010674,False
0.75,S2b,20.811499279010967,187.30349351109876,426.96765252839725,conditional_source_only_not_network_or_full_range_validated,208.11499279010974,2256.828558001068,False
0.75,S2b,21.6439592501714,194.79563325154268,425.8429370505961,conditional_source_only_not_network_or_full_range_validated,216.4395925017141,2256.828558001068,False
0.75,S2b,22.476419221331845,202.28777299198663,424.7271561131183,conditional_source_only_not_network_or_full_range_validated,224.76419221331847,2256.828558001068,False
0.75,S2b,23.308879192492284,209.7799127324306,423.62030971596425,conditional_source_only_not_network_or_full_range_validated,233.08879192492287,2256.8285580010674,False
0.75,S2b,24.141339163652724,217.27205247287452,422.52239785913366,conditional_source_only_not_network_or_full_range_validated,241.41339163652725,2256.828558001068,False
0.75,S2b,24.97379913481316,224.76419221331847,421.4334205426267,conditional_source_only_not_network_or_full_range_validated,249.73799134813163,2256.828558001068,False
0.75,S2b,25.8062591059736,232.25633195376247,420.3533777664433,conditional_source_only_not_network_or_full_range_validated,258.06259105973606,2256.8285580010674,False
0.75,S2b,26.63871907713404,239.7484716942064,419.2822695305836,conditional_source_only_not_network_or_full_range_validated,266.38719077134044,2256.828558001068,False
0.75,S2b,27.47117904829448,247.24061143465036,418.2200958350473,conditional_source_only_not_network_or_full_range_validated,274.7117904829448,2256.8285580010674,False
0.75,S2b,28.303639019454916,254.73275117509428,417.1668566798346,conditional_source_only_not_network_or_full_range_validated,283.0363901945492,2256.8285580010684,False
0.75,S2b,29.136098990615352,262.22489091553825,416.1225520649455,conditional_source_only_not_network_or_full_range_validated,291.3609899061536,2256.828558001068,False
0.75,S2b,29.968558961775788,269.71703065598217,415.08718199038,conditional_source_only_not_network_or_full_range_validated,299.68558961775796,2256.828558001068,False
0.75,S2b,30.80101893293623,277.20917039642615,414.060746456138,conditional_source_only_not_network_or_full_range_validated,308.0101893293624,2256.828558001068,False
0.75,S2b,31.63347890409667,284.7013101368701,413.0432454622197,conditional_source_only_not_network_or_full_range_validated,316.33478904096677,2256.8285580010674,False
0.75,S2b,32.46593887525711,292.19344987731404,412.0346790086249,conditional_source_only_not_network_or_full_range_validated,324.65938875257115,2256.8285580010674,False
0.75,S2b,33.29839884641755,299.685589617758,411.03504709535366,conditional_source_only_not_network_or_full_range_validated,332.9839884641756,2256.8285580010684,False
0.75,S2b,0.6214462060216435,7.664503207600275,456.6896299845963,conditional_source_only_not_network_or_full_range_validated,8.285949413621918,2251.217787822782,False
0.75,S2b,1.242892412043287,15.32900641520055,455.3992003855956,conditional_source_only_not_network_or_full_range_validated,16.571898827243835,2251.217787822782,False
0.75,S2b,1.8643386180649304,22.993509622800826,454.117976281588,conditional_source_only_not_network_or_full_range_validated,24.857848240865756,2251.217787822782,False
0.75,S2b,2.485784824086574,30.6580128304011,452.8459576725733,conditional_source_only_not_network_or_full_range_validated,33.14379765448767,2251.217787822782,False
0.75,S2b,3.107231030108217,38.32251603800137,451.5831445585517,conditional_source_only_not_network_or_full_range_validated,41.429747068109585,2251.217787822782,False
0.75,S2b,3.728677236129861,45.98701924560165,450.3295369395231,conditional_source_only_not_network_or_full_range_validated,49.71569648173151,2251.217787822782,False
0.75,S2b,4.350123442151505,53.65152245320192,449.0851348154874,conditional_source_only_not_network_or_full_range_validated,58.00164589535343,2251.217787822782,False
0.75,S2b,4.971569648173148,61.3160256608022,447.8499381864448,conditional_source_only_not_network_or_full_range_validated,66.28759530897534,2251.217787822782,False
0.75,S2b,5.59301585419479,68.98052886840246,446.6239470523953,conditional_source_only_not_network_or_full_range_validated,74.57354472259725,2251.217787822782,False
0.75,S2b,6.214462060216434,76.64503207600274,445.4071614133388,conditional_source_only_not_network_or_full_range_validated,82.85949413621917,2251.217787822782,False
0.75,S2b,6.835908266238078,84.30953528360301,444.19958126927526,conditional_source_only_not_network_or_full_range_validated,91.14544354984109,2251.217787822782,False
0.75,S2b,7.457354472259722,91.97403849120327,443.0012066202048,conditional_source_only_not_network_or_full_range_validated,99.431392963463,2251.217787822782,False
0.75,S2b,8.078800678281365,99.63854169880356,441.81203746612726,conditional_source_only_not_network_or_full_range_validated,107.71734237708493,2251.217787822782,False
0.75,S2b,8.70024688430301,107.30304490640384,440.6320738070428,conditional_source_only_not_network_or_full_range_validated,116.00329179070685,2251.217787822782,False
0.75,S2b,9.32169309032465,114.9675481140041,439.4613156429513,conditional_source_only_not_network_or_full_range_validated,124.28924120432876,2251.217787822782,False
0.75,S2b,9.943139296346295,122.6320513216044,438.2997629738529,conditional_source_only_not_network_or_full_range_validated,132.57519061795068,2251.217787822782,False
0.75,S2b,10.564585502367938,130.29655452920466,437.1474157997475,conditional_source_only_not_network_or_full_range_validated,140.8611400315726,2251.2177878227826,False
0.75,S2b,11.18603170838958,137.96105773680492,436.0042741206352,conditional_source_only_not_network_or_full_range_validated,149.1470894451945,2251.217787822782,False
0.75,S2b,11.807477914411226,145.6255609444052,434.8703379365157,conditional_source_only_not_network_or_full_range_validated,157.43303885881645,2251.2177878227826,False
0.75,S2b,12.428924120432868,153.29006415200547,433.7456072473894,conditional_source_only_not_network_or_full_range_validated,165.71898827243834,2251.217787822782,False
0.75,S2b,13.050370326454512,160.95456735960576,432.6300820532561,conditional_source_only_not_network_or_full_range_validated,174.00493768606026,2251.2177878227826,False
0.75,S2b,13.671816532476155,168.61907056720602,431.5237623541158,conditional_source_only_not_network_or_full_range_validated,182.29088709968218,2251.217787822782,False
0.75,S2b,14.293262738497798,176.2835737748063,430.4266481499685,conditional_source_only_not_network_or_full_range_validated,190.5768365133041,2251.217787822782,False
0.75,S2b,14.914708944519443,183.94807698240655,429.3387394408142,conditional_source_only_not_network_or_full_range_validated,198.862785926926,2251.217787822782,False
0.75,S2b,15.536155150541084,191.61258019000684,428.26003622665297,conditional_source_only_not_network_or_full_range_validated,207.14873534054792,2251.2177878227826,False
0.75,S2b,16.15760135656273,199.2770833976071,427.1905385074848,conditional_source_only_not_network_or_full_range_validated,215.43468475416984,2251.217787822782,False
0.75,S2b,16.77904756258437,206.9415866052074,426.1302462833095,conditional_source_only_not_network_or_full_range_validated,223.72063416779176,2251.217787822782,False
0.75,S2b,17.40049376860602,214.60608981280768,425.0791595541273,conditional_source_only_not_network_or_full_range_validated,232.0065835814137,2251.217787822782,False
0.75,S2b,18.02193997462766,222.270593020408,424.0372783199381,conditional_source_only_not_network_or_full_range_validated,240.29253299503566,2251.2177878227826,False
0.75,S2b,18.6433861806493,229.9350962280082,423.004602580742,conditional_source_only_not_network_or_full_range_validated,248.57848240865752,2251.217787822782,False
0.75,S2b,19.264832386670943,237.59959943560847,421.9811323365389,conditional_source_only_not_network_or_full_range_validated,256.8644318222794,2251.217787822782,False
0.75,S2b,19.88627859269259,245.2641026432088,420.9668675873288,conditional_source_only_not_network_or_full_range_validated,265.15038123590136,2251.217787822782,False
0.75,S2b,20.507724798714232,252.92860585080905,419.9618083331116,conditional_source_only_not_network_or_full_range_validated,273.43633064952326,2251.217787822782,False
0.75,S2b,21.12917100473588,260.5931090584093,418.96595457388753,conditional_source_only_not_network_or_full_range_validated,281.7222800631452,2251.2177878227826,False
0.75,S2b,21.75061721075752,268.2576122660096,417.9793063096565,conditional_source_only_not_network_or_full_range_validated,290.0082294767671,2251.217787822782,False
0.75,S2b,22.37206341677916,275.92211547360984,417.0018635404184,conditional_source_only_not_network_or_full_range_validated,298.294178890389,2251.217787822782,False
0.75,S2b,22.993509622800808,283.5866186812101,416.0336262661734,conditional_source_only_not_network_or_full_range_validated,306.5801283040109,2251.217787822782,False
0.75,S2b,23.614955828822453,291.2511218888104,415.0745944869214,conditional_source_only_not_network_or_full_range_validated,314.8660777176329,2251.2177878227826,False
0.75,S2b,24.23640203484409,298.9156250964107,414.1247682026624,conditional_source_only_not_network_or_full_range_validated,323.1520271312548,2251.217787822782,False
0.75,S2b,24.85784824086573,306.58012830401094,413.1841474133965,conditional_source_only_not_network_or_full_range_validated,331.4379765448767,2251.217787822782,False
0.75,S2b,0.4123828178037027,7.835273538270362,456.7376410841769,conditional_source_only_not_network_or_full_range_validated,8.247656356074065,2245.634846670983,False
0.75,S2b,0.8247656356074055,15.670547076540725,455.4955209734721,conditional_source_only_not_network_or_full_range_validated,16.49531271214813,2245.634846670983,False
0.75,S2b,1.2371484534111084,23.505820614811093,454.26290474647567,conditional_source_only_not_network_or_full_range_validated,24.7429690682222,2245.6348466709833,False
0.75,S2b,1.649531271214811,31.34109415308145,453.0397924031876,conditional_source_only_not_network_or_full_range_validated,32.99062542429626,2245.634846670983,False
0.75,S2b,2.0619140890185137,39.17636769135181,451.8261839436078,conditional_source_only_not_network_or_full_range_validated,41.23828178037032,2245.634846670983,False
0.75,S2b,2.4742969068222167,47.011641229622185,450.6220793677364,conditional_source_only_not_network_or_full_range_validated,49.4859381364444,2245.6348466709833,False
0.75,S2b,2.8866797246259197,54.84691476789254,449.42747867557335,conditional_source_only_not_network_or_full_range_validated,57.73359449251846,2245.634846670983,False
0.75,S2b,3.299062542429622,62.6821883061629,448.2423818671186,conditional_source_only_not_network_or_full_range_validated,65.98125084859252,2245.634846670983,False
0.75,S2b,3.711445360233325,70.51746184443327,447.0667889423723,conditional_source_only_not_network_or_full_range_validated,74.2289072046666,2245.634846670983,False
0.75,S2b,4.123828178037027,78.35273538270363,445.90069990133424,conditional_source_only_not_network_or_full_range_validated,82.47656356074066,2245.634846670983,False
0.75,S2b,4.53621099584073,86.188008920974,444.7441147440046,conditional_source_only_not_network_or_full_range_validated,90.72421991681473,2245.634846670983,False
0.75,S2b,4.948593813644433,94.02328245924436,443.5970334703833,conditional_source_only_not_network_or_full_range_validated,98.97187627288879,2245.6348466709833,False
0.75,S2b,5.360976631448136,101.85855599751471,442.4594560804703,conditional_source_only_not_network_or_full_range_validated,107.21953262896285,2245.634846670983,False
0.75,S2b,5.773359449251839,109.69382953578508,441.33138257426566,conditional_source_only_not_network_or_full_range_validated,115.46718898503693,2245.634846670983,False
0.75,S2b,6.1857422670555415,117.52910307405544,440.2128129517694,conditional_source_only_not_network_or_full_range_validated,123.71484534111099,2245.6348466709824,False
0.75,S2b,6.598125084859244,125.3643766123258,439.1037472129815,conditional_source_only_not_network_or_full_range_validated,131.96250169718505,2245.634846670983,False
0.75,S2b,7.010507902662948,133.1996501505962,438.0041853579019,conditional_source_only_not_network_or_full_range_validated,140.21015805325914,2245.634846670983,False
0.75,S2b,7.42289072046665,141.03492368886654,436.91412738653065,conditional_source_only_not_network_or_full_range_validated,148.4578144093332,2245.634846670983,False
0.75,S2b,7.835273538270353,148.8701972271369,435.8335732988678,conditional_source_only_not_network_or_full_range_validated,156.70547076540726,2245.634846670983,False
0.75,S2b,8.247656356074055,156.70547076540726,434.76252309491326,conditional_source_only_not_network_or_full_range_validated,164.95312712148132,2245.634846670983,False
0.75,S2b,8.660039173877758,164.54074430367763,433.7009767746671,conditional_source_only_not_network_or_full_range_validated,173.20078347755538,2245.634846670983,False
0.75,S2b,9.07242199168146,172.376017841948,432.6489343381292,conditional_source_only_not_network_or_full_range_validated,181.44843983362946,2245.634846670983,False
0.75,S2b,9.484804809485164,180.2112913802184,431.60639578529975,conditional_source_only_not_network_or_full_range_validated,189.69609618970355,2245.634846670983,False
0.75,S2b,9.897187627288869,188.04656491848877,430.5733611161786,conditional_source_only_not_network_or_full_range_validated,197.94375254577764,2245.6348466709833,False
0.75,S2b,10.309570445092568,195.88183845675908,429.5498303307658,conditional_source_only_not_network_or_full_range_validated,206.19140890185164,2245.634846670983,False
0.75,S2b,10.721953262896273,203.71711199502943,428.5358034290613,conditional_source_only_not_network_or_full_range_validated,214.4390652579257,2245.634846670983,False
0.75,S2b,11.134336080699974,211.55238553329983,427.53128041106527,conditional_source_only_not_network_or_full_range_validated,222.6867216139998,2245.634846670983,False
0.75,S2b,11.546718898503675,219.38765907157017,426.5362612767775,conditional_source_only_not_network_or_full_range_validated,230.93437797007385,2245.634846670983,False
0.75,S2b,11.959101716307382,227.22293260984057,425.5507460261981,conditional_source_only_not_network_or_full_range_validated,239.18203432614794,2245.634846670983,False
0.75,S2b,12.371484534111085,235.05820614811088,424.574734659327,conditional_source_only_not_network_or_full_range_validated,247.42969068222197,2245.6348466709824,False
0.75,S2b,12.783867351914784,242.89347968638128,423.6082271761643,conditional_source_only_not_network_or_full_range_validated,255.67734703829606,2245.634846670983,False
0.75,S2b,13.196250169718487,250.7287532246516,422.65122357671,conditional_source_only_not_network_or_full_range_validated,263.9250033943701,2245.634846670983,False
0.75,S2b,13.608632987522192,258.564026762922,421.7037238609639,conditional_source_only_not_network_or_full_range_validated,272.1726597504442,2245.634846670983,False
0.75,S2b,14.021015805325897,266.3993003011924,420.7657280289263,conditional_source_only_not_network_or_full_range_validated,280.42031610651827,2245.634846670983,False
0.75,S2b,14.433398623129596,274.23457383946266,419.83723608059694,conditional_source_only_not_network_or_full_range_validated,288.6679724625923,2245.6348466709833,False
0.75,S2b,14.8457814409333,282.0698473777331,418.918248015976,conditional_source_only_not_network_or_full_range_validated,296.9156288186664,2245.634846670983,False
0.75,S2b,15.258164258737002,289.90512091600345,418.00876383506335,conditional_source_only_not_network_or_full_range_validated,305.16328517474045,2245.6348466709833,False
0.75,S2b,15.670547076540704,297.7403944542738,417.1087835378591,conditional_source_only_not_network_or_full_range_validated,313.4109415308145,2245.634846670983,False
0.75,S2b,16.082929894344407,305.57566799254414,416.2183071243632,conditional_source_only_not_network_or_full_range_validated,321.6585978868886,2245.634846670983,False
0.75,S2b,16.49531271214811,313.4109415308145,415.3373345945756,conditional_source_only_not_network_or_full_range_validated,329.90625424296263,2245.634846670983,False
0.75,S2b,0.2052428902211065,8.004472718623184,456.7852251585824,conditional_source_only_not_network_or_full_range_validated,8.20971560884429,2240.079528012835,False
0.75,S2b,0.410485780442213,16.008945437246368,455.59101415517256,conditional_source_only_not_network_or_full_range_validated,16.41943121768858,2240.079528012835,False
0.75,S2b,0.6157286706633196,24.01341815586955,454.40663206836064,conditional_source_only_not_network_or_full_range_validated,24.62914682653287,2240.079528012835,False
0.75,S2b,0.820971560884426,32.017890874492736,453.2320788981466,conditional_source_only_not_network_or_full_range_validated,32.83886243537716,2240.079528012835,False
0.75,S2b,1.0262144511055324,40.02236359311591,452.0673546445304,conditional_source_only_not_network_or_full_range_validated,41.04857804422144,2240.079528012835,False
0.75,S2b,1.2314573413266392,48.0268363117391,450.9124593075121,conditional_source_only_not_network_or_full_range_validated,49.25829365306574,2240.079528012835,False
0.75,S2b,1.4367002315477455,56.03130903036228,449.76739288709166,conditional_source_only_not_network_or_full_range_validated,57.46800926191003,2240.079528012835,False
0.75,S2b,1.641943121768852,64.03578174898547,448.6321553832692,conditional_source_only_not_network_or_full_range_validated,65.67772487075432,2240.079528012835,False
0.75,S2b,1.8471860119899584,72.04025446760863,447.5067467960444,conditional_source_only_not_network_or_full_range_validated,73.8874404795986,2240.079528012835,False
0.75,S2b,2.052428902211065,80.04472718623182,446.39116712541767,conditional_source_only_not_network_or_full_range_validated,82.09715608844289,2240.079528012835,False
0.75,S2b,2.257671792432172,88.049199904855,445.2854163713888,conditional_source_only_not_network_or_full_range_validated,90.30687169728718,2240.079528012835,False
0.75,S2b,2.4629146826532784,96.0536726234782,444.18949453395766,conditional_source_only_not_network_or_full_range_validated,98.51658730613148,2240.079528012835,False
0.75,S2b,2.6681575728743847,104.05814534210138,443.1034016131245,conditional_source_only_not_network_or_full_range_validated,106.72630291497576,2240.079528012835,False
0.75,S2b,2.873400463095491,112.06261806072456,442.0271376088892,conditional_source_only_not_network_or_full_range_validated,114.93601852382005,2240.079528012835,False
0.75,S2b,3.0786433533165973,120.06709077934774,440.9607025212518,conditional_source_only_not_network_or_full_range_validated,123.14573413266433,2240.079528012835,False
0.75,S2b,3.283886243537704,128.07156349797094,439.9040963502122,conditional_source_only_not_network_or_full_range_validated,131.35544974150864,2240.079528012835,False
0.75,S2b,3.4891291337588104,136.0760362165941,438.85731909577055,conditional_source_only_not_network_or_full_range_validated,139.5651653503529,2240.079528012835,False
0.75,S2b,3.6943720239799167,144.08050893521727,437.8203707579268,conditional_source_only_not_network_or_full_range_validated,147.7748809591972,2240.079528012835,False
0.75,S2b,3.899614914201024,152.0849816538405,436.7932513366808,conditional_source_only_not_network_or_full_range_validated,155.98459656804152,2240.079528012835,False
0.75,S2b,4.10485780442213,160.08945437246365,435.7759608320328,conditional_source_only_not_network_or_full_range_validated,164.19431217688577,2240.079528012835,False
0.75,S2b,4.3101006946432365,168.09392709108684,434.7684992439826,conditional_source_only_not_network_or_full_range_validated,172.40402778573008,2240.0795280128355,False
0.75,S2b,4.515343584864343,176.09839980971,433.7708665725304,conditional_source_only_not_network_or_full_range_validated,180.61374339457436,2240.079528012835,False
0.75,S2b,4.72058647508545,184.1028725283332,432.7830628176759,conditional_source_only_not_network_or_full_range_validated,188.82345900341863,2240.0795280128345,False
0.75,S2b,4.925829365306557,192.1073452469564,431.80508797941934,conditional_source_only_not_network_or_full_range_validated,197.03317461226297,2240.079528012835,False
0.75,S2b,5.131072255527662,200.11181796557955,430.8369420577607,conditional_source_only_not_network_or_full_range_validated,205.24289022110722,2240.079528012835,False
0.75,S2b,5.336315145748769,208.1162906842028,429.8786250526999,conditional_source_only_not_network_or_full_range_validated,213.45260582995155,2240.079528012835,False
0.75,S2b,5.541558035969875,216.12076340282596,428.93013696423697,conditional_source_only_not_network_or_full_range_validated,221.66232143879583,2240.079528012835,False
0.75,S2b,5.746800926190982,224.12523612144912,427.991477792372,conditional_source_only_not_network_or_full_range_validated,229.8720370476401,2240.079528012835,False
0.75,S2b,5.952043816412089,232.1297088400723,427.0626475371048,conditional_source_only_not_network_or_full_range_validated,238.0817526564844,2240.079528012835,False
0.75,S2b,6.157286706633195,240.13418155869547,426.1436461984355,conditional_source_only_not_network_or_full_range_validated,246.29146826532866,2240.079528012835,False
0.75,S2b,6.362529596854301,248.13865427731864,425.234473776364,conditional_source_only_not_network_or_full_range_validated,254.50118387417294,2240.079528012835,False
0.75,S2b,6.567772487075408,256.1431269959419,424.3351302708905,conditional_source_only_not_network_or_full_range_validated,262.7108994830173,2240.079528012835,False
0.75,S2b,6.773015377296514,264.147599714565,423.4456156820148,conditional_source_only_not_network_or_full_range_validated,270.9206150918615,2240.079528012835,False
0.75,S2b,6.978258267517621,272.1520724331882,422.5659300097371,conditional_source_only_not_network_or_full_range_validated,279.1303307007058,2240.079528012835,False
0.75,S2b,7.183501157738727,280.1565451518114,421.6960732540572,conditional_source_only_not_network_or_full_range_validated,287.3400463095501,2240.0795280128345,False
0.75,S2b,7.388744047959833,288.16101787043453,420.8360454149752,conditional_source_only_not_network_or_full_range_validated,295.5497619183944,2240.079528012835,False
0.75,S2b,7.59398693818094,296.1654905890577,419.98584649249096,conditional_source_only_not_network_or_full_range_validated,303.75947752723863,2240.0795280128345,False
0.75,S2b,7.799229828402047,304.169963307681,419.1454764866047,conditional_source_only_not_network_or_full_range_validated,311.969193136083,2240.0795280128345,False
0.75,S2b,8.004472718623154,312.17443602630414,418.3149353973162,conditional_source_only_not_network_or_full_range_validated,320.1789087449273,2240.079528012835,False
0.75,S2b,8.20971560884426,320.1789087449273,417.49422322462567,conditional_source_only_not_network_or_full_range_validated,328.38862435377155,2240.079528012835,False
0.75,S2b,0.0,8.172122332118425,456.8323878730694,conditional_source_only_not_network_or_full_range_validated,8.172122332118425,2234.5516273541693,False
0.75,S2b,0.0,16.34424466423685,455.6856904933048,conditional_source_only_not_network_or_full_range_validated,16.34424466423685,2234.5516273541693,False
0.75,S2b,0.0,24.51636699635528,454.54917293929634,conditional_source_only_not_network_or_full_range_validated,24.51636699635528,2234.5516273541693,False
0.75,S2b,0.0,32.6884893284737,453.4228352110439,conditional_source_only_not_network_or_full_range_validated,32.6884893284737,2234.5516273541693,False
0.75,S2b,0.0,40.86061166059212,452.3066773085474,conditional_source_only_not_network_or_full_range_validated,40.86061166059212,2234.551627354169,False
0.75,S2b,0.0,49.03273399271056,451.2006992318072,conditional_source_only_not_network_or_full_range_validated,49.03273399271056,2234.5516273541693,False
0.75,S2b,0.0,57.204856324828974,450.1049009808228,conditional_source_only_not_network_or_full_range_validated,57.204856324828974,2234.5516273541693,False
0.75,S2b,0.0,65.3769786569474,449.01928255559454,conditional_source_only_not_network_or_full_range_validated,65.3769786569474,2234.5516273541693,False
0.75,S2b,0.0,73.54910098906582,447.9438439561224,conditional_source_only_not_network_or_full_range_validated,73.54910098906582,2234.5516273541693,False
0.75,S2b,0.0,81.72122332118424,446.8785851824062,conditional_source_only_not_network_or_full_range_validated,81.72122332118424,2234.551627354169,False
0.75,S2b,0.0,89.89334565330267,445.8235062344461,conditional_source_only_not_network_or_full_range_validated,89.89334565330267,2234.5516273541693,False
0.75,S2b,0.0,98.06546798542112,444.778607112242,conditional_source_only_not_network_or_full_range_validated,98.06546798542112,2234.5516273541693,False
0.75,S2b,0.0,106.23759031753951,443.7438878157941,conditional_source_only_not_network_or_full_range_validated,106.23759031753951,2234.551627354169,False
0.75,S2b,0.0,114.40971264965796,442.7193483451021,conditional_source_only_not_network_or_full_range_validated,114.40971264965796,2234.5516273541693,False
0.75,S2b,0.0,122.58183498177635,441.70498870016615,conditional_source_only_not_network_or_full_range_validated,122.58183498177635,2234.5516273541693,False
0.75,S2b,0.0,130.7539573138948,440.7008088809864,conditional_source_only_not_network_or_full_range_validated,130.7539573138948,2234.5516273541693,False
0.75,S2b,0.0,138.92607964601322,439.70680888756254,conditional_source_only_not_network_or_full_range_validated,138.92607964601322,2234.551627354169,False
0.75,S2b,0.0,147.09820197813164,438.7229887198948,conditional_source_only_not_network_or_full_range_validated,147.09820197813164,2234.5516273541693,False
0.75,S2b,0.0,155.27032431025006,437.7493483779831,conditional_source_only_not_network_or_full_range_validated,155.27032431025006,2234.5516273541693,False
0.75,S2b,0.0,163.44244664236848,436.78588786182746,conditional_source_only_not_network_or_full_range_validated,163.44244664236848,2234.551627354169,False
0.75,S2b,0.0,171.6145689744869,435.8326071714279,conditional_source_only_not_network_or_full_range_validated,171.6145689744869,2234.5516273541693,False
0.75,S2b,0.0,179.78669130660535,434.8895063067843,conditional_source_only_not_network_or_full_range_validated,179.78669130660535,2234.5516273541693,False
0.75,S2b,0.0,187.95881363872377,433.95658526789686,conditional_source_only_not_network_or_full_range_validated,187.95881363872377,2234.5516273541693,False
0.75,S2b,0.0,196.13093597084224,433.0338440547654,conditional_source_only_not_network_or_full_range_validated,196.13093597084224,2234.5516273541693,False
0.75,S2b,0.0,204.3030583029606,432.12128266739,conditional_source_only_not_network_or_full_range_validated,204.3030583029606,2234.5516273541693,False
0.75,S2b,0.0,212.47518063507903,431.2189011057706,conditional_source_only_not_network_or_full_range_validated,212.47518063507903,2234.551627354169,False
0.75,S2b,0.0,220.64730296719748,430.3266993699074,conditional_source_only_not_network_or_full_range_validated,220.64730296719748,2234.5516273541693,False
0.75,S2b,0.0,228.8194252993159,429.4446774598002,conditional_source_only_not_network_or_full_range_validated,228.8194252993159,2234.5516273541693,False
0.75,S2b,0.0,236.99154763143432,428.572835375449,conditional_source_only_not_network_or_full_range_validated,236.99154763143432,2234.551627354169,False
0.75,S2b,0.0,245.1636699635527,427.7111731168539,conditional_source_only_not_network_or_full_range_validated,245.1636699635527,2234.5516273541693,False
0.75,S2b,0.0,253.33579229567115,426.8596906840148,conditional_source_only_not_network_or_full_range_validated,253.33579229567115,2234.5516273541693,False
0.75,S2b,0.0,261.5079146277896,426.0183880769318,conditional_source_only_not_network_or_full_range_validated,261.5079146277896,2234.5516273541693,False
0.75,S2b,0.0,269.680036959908,425.1872652956049,conditional_source_only_not_network_or_full_range_validated,269.680036959908,2234.5516273541693,False
0.75,S2b,0.0,277.85215929202644,424.3663223400339,conditional_source_only_not_network_or_full_range_validated,277.85215929202644,2234.551627354169,False
0.75,S2b,0.0,286.02428162414486,423.55555921021903,conditional_source_only_not_network_or_full_range_validated,286.02428162414486,2234.5516273541693,False
0.75,S2b,0.0,294.1964039562633,422.7549759061602,conditional_source_only_not_network_or_full_range_validated,294.1964039562633,2234.5516273541693,False
0.75,S2b,0.0,302.3685262883817,421.96457242785743,conditional_source_only_not_network_or_full_range_validated,302.3685262883817,2234.5516273541693,False
0.75,S2b,0.0,310.5406486205001,421.1843487753108,conditional_source_only_not_network_or_full_range_validated,310.5406486205001,2234.5516273541693,False
0.75,S2b,0.0,318.71277095261854,420.4143049485201,conditional_source_only_not_network_or_full_range_validated,318.71277095261854,2234.5516273541693,False
0.75,S2b,0.0,326.88489328473696,419.6544409474855,conditional_source_only_not_network_or_full_range_validated,326.88489328473696,2234.551627354169,False
1.0,S2b,0.0,0.0,620.5816446940104,conditional_source_only_not_network_or_full_range_validated,0.0,2479.2787737831095,False
1.0,S2b,15.30575777247681,0.0,615.243744031873,conditional_source_only_not_network_or_full_range_validated,15.30575777247681,2479.2787737831095,False
1.0,S2b,30.61151554495362,0.0,609.9501823279727,conditional_source_only_not_network_or_full_range_validated,30.61151554495362,2479.2787737831095,False
1.0,S2b,45.91727331743044,0.0,604.7009595823095,conditional_source_only_not_network_or_full_range_validated,45.91727331743044,2479.2787737831095,False
1.0,S2b,61.22303108990724,0.0,599.4960757948833,conditional_source_only_not_network_or_full_range_validated,61.22303108990724,2479.2787737831095,False
1.0,S2b,76.52878886238405,0.0,594.335530965694,conditional_source_only_not_network_or_full_range_validated,76.52878886238405,2479.278773783109,False
1.0,S2b,91.83454663486089,0.0,589.2193250947417,conditional_source_only_not_network_or_full_range_validated,91.83454663486089,2479.2787737831095,False
1.0,S2b,107.14030440733768,0.0,584.1474581820265,conditional_source_only_not_network_or_full_range_validated,107.14030440733768,2479.2787737831095,False
1.0,S2b,122.44606217981448,0.0,579.1199302275484,conditional_source_only_not_network_or_full_range_validated,122.44606217981448,2479.2787737831095,False
1.0,S2b,137.7518199522913,0.0,574.1367412313072,conditional_source_only_not_network_or_full_range_validated,137.7518199522913,2479.2787737831095,False
1.0,S2b,153.0575777247681,0.0,569.197891193303,conditional_source_only_not_network_or_full_range_validated,153.0575777247681,2479.278773783109,False
1.0,S2b,168.36333549724492,0.0,564.3033801135359,conditional_source_only_not_network_or_full_range_validated,168.36333549724492,2479.2787737831095,False
1.0,S2b,183.6690932697217,0.0,559.4532079920058,conditional_source_only_not_network_or_full_range_validated,183.6690932697217,2479.2787737831095,False
1.0,S2b,198.9748510421985,0.0,554.6473748287128,conditional_source_only_not_network_or_full_range_validated,198.9748510421985,2479.2787737831095,False
1.0,S2b,214.28060881467536,0.0,549.8858806236567,conditional_source_only_not_network_or_full_range_validated,214.28060881467536,2479.2787737831095,False
1.0,S2b,229.58636658715216,0.0,545.1687253768376,conditional_source_only_not_network_or_full_range_validated,229.58636658715216,2479.278773783109,False
1.0,S2b,244.89212435962892,0.0,540.4959090882556,conditional_source_only_not_network_or_full_range_validated,244.89212435962892,2479.2787737831095,False
1.0,S2b,260.1978821321058,0.0,535.8674317579106,conditional_source_only_not_network_or_full_range_validated,260.1978821321058,2479.2787737831095,False
1.0,S2b,275.5036399045826,0.0,531.2832933858026,conditional_source_only_not_network_or_full_range_validated,275.5036399045826,2479.2787737831095,False
1.0,S2b,290.8093976770594,0.0,526.7434939719317,conditional_source_only_not_network_or_full_range_validated,290.8093976770594,2479.2787737831095,False
1.0,S2b,306.1151554495362,0.0,522.2480335162977,conditional_source_only_not_network_or_full_range_validated,306.1151554495362,2479.278773783109,False
1.0,S2b,321.420913222013,0.0,517.7969120189008,conditional_source_only_not_network_or_full_range_validated,321.420913222013,2479.2787737831095,False
1.0,S2b,336.72667099448984,0.0,513.390129479741,conditional_source_only_not_network_or_full_range_validated,336.72667099448984,2479.2787737831095,False
1.0,S2b,352.03242876696663,0.0,509.027685898818,conditional_source_only_not_network_or_full_range_validated,352.03242876696663,2479.2787737831095,False
1.0,S2b,367.3381865394435,0.0,504.7095812761321,conditional_source_only_not_network_or_full_range_validated,367.3381865394435,2479.2787737831095,True
1.0,S2b,382.6439443119202,0.0,500.43581561168327,conditional_source_only_not_network_or_full_range_validated,382.6439443119202,2479.278773783109,True
1.0,S2b,397.9497020843971,0.0,496.2063889054714,conditional_source_only_not_network_or_full_range_validated,397.9497020843971,2479.2787737831095,True
1.0,S2b,413.2554598568738,0.0,492.0213011574966,conditional_source_only_not_network_or_full_range_validated,413.2554598568738,2479.2787737831095,True
1.0,S2b,428.5612176293507,0.0,487.88055236775887,conditional_source_only_not_network_or_full_range_validated,428.5612176293507,2479.2787737831095,True
1.0,S2b,443.8669754018275,0.0,483.7841425362581,conditional_source_only_not_network_or_full_range_validated,443.8669754018275,2479.2787737831095,True
1.0,S2b,459.1727331743043,0.0,479.7320716629944,conditional_source_only_not_network_or_full_range_validated,459.1727331743043,2479.278773783109,True
1.0,S2b,474.4784909467811,0.0,475.7243397479676,conditional_source_only_not_network_or_full_range_validated,474.4784909467811,2479.2787737831095,True
1.0,S2b,489.7842487192579,0.0,471.7609467911779,conditional_source_only_not_network_or_full_range_validated,489.7842487192579,2479.2787737831095,True
1.0,S2b,505.0900064917348,0.0,467.8418927926252,conditional_source_only_not_network_or_full_range_validated,505.0900064917348,2479.2787737831095,True
1.0,S2b,520.3957642642116,0.0,463.9671777523095,conditional_source_only_not_network_or_full_range_validated,520.3957642642116,2479.2787737831095,True
1.0,S2b,535.7015220366883,0.0,460.13680167023097,conditional_source_only_not_network_or_full_range_validated,535.7015220366883,2479.2787737831095,False
1.0,S2b,551.0072798091652,0.0,456.35076454638926,conditional_source_only_not_network_or_full_range_validated,551.0072798091652,2479.2787737831095,False
1.0,S2b,566.313037581642,0.0,452.6090663807847,conditional_source_only_not_network_or_full_range_validated,566.313037581642,2479.2787737831095,False
1.0,S2b,581.6187953541188,0.0,448.9117071734171,conditional_source_only_not_network_or_full_range_validated,581.6187953541188,2479.2787737831095,False
1.0,S2b,596.9245531265956,0.0,445.2586869242865,conditional_source_only_not_network_or_full_range_validated,596.9245531265956,2479.2787737831095,False
1.0,S2b,612.2303108990724,0.0,441.65000563339294,conditional_source_only_not_network_or_full_range_validated,612.2303108990724,2479.278773783109,False
1.0,S2b,15.11151077216169,0.3874746351836331,615.2555395832205,conditional_source_only_not_network_or_full_range_validated,15.498985407345323,2472.5090701672416,False
1.0,S2b,30.22302154432338,0.7749492703672662,609.9726114143081,conditional_source_only_not_network_or_full_range_validated,30.997970814690646,2472.5090701672416,False
1.0,S2b,45.33453231648507,1.1624239055508994,604.7328601872731,conditional_source_only_not_network_or_full_range_validated,46.49695622203597,2472.5090701672416,False
1.0,S2b,60.44604308864676,1.5498985407345325,599.5362859021154,conditional_source_only_not_network_or_full_range_validated,61.99594162938129,2472.5090701672416,False
1.0,S2b,75.55755386080844,1.9373731759181652,594.3828885588354,conditional_source_only_not_network_or_full_range_validated,77.49492703672661,2472.509070167242,False
1.0,S2b,90.66906463297012,2.3248478111017987,589.2726681574326,conditional_source_only_not_network_or_full_range_validated,92.99391244407192,2472.5090701672416,False
1.0,S2b,105.78057540513184,2.712322446285432,584.2056246979072,conditional_source_only_not_network_or_full_range_validated,108.49289785141727,2472.5090701672416,False
1.0,S2b,120.89208617729352,3.099797081469065,579.1817581802594,conditional_source_only_not_network_or_full_range_validated,123.99188325876258,2472.5090701672416,False
1.0,S2b,136.0035969494552,3.487271716652698,574.201068604489,conditional_source_only_not_network_or_full_range_validated,139.49086866610787,2472.509070167242,False
1.0,S2b,151.11510772161688,3.8747463518363303,569.263555970596,conditional_source_only_not_network_or_full_range_validated,154.98985407345322,2472.509070167242,False
1.0,S2b,166.2266184937786,4.2622209870199645,564.3692202785805,conditional_source_only_not_network_or_full_range_validated,170.48883948079856,2472.509070167242,False
1.0,S2b,181.33812926594027,4.649695622203597,559.5180615284423,conditional_source_only_not_network_or_full_range_validated,185.98782488814388,2472.5090701672416,False
1.0,S2b,196.449640038102,5.03717025738723,554.7100797201817,conditional_source_only_not_network_or_full_range_validated,201.48681029548922,2472.509070167242,False
1.0,S2b,211.56115081026363,5.424644892570864,549.9452748537984,conditional_source_only_not_network_or_full_range_validated,216.98579570283448,2472.5090701672416,False
1.0,S2b,226.6726615824253,5.812119527754496,545.2236469292927,conditional_source_only_not_network_or_full_range_validated,232.4847811101798,2472.5090701672416,False
1.0,S2b,241.78417235458704,6.19959416293813,540.5451959466642,conditional_source_only_not_network_or_full_range_validated,247.98376651752517,2472.5090701672416,False
1.0,S2b,256.89568312674874,6.587068798121763,535.9099219059134,conditional_source_only_not_network_or_full_range_validated,263.4827519248705,2472.509070167242,False
1.0,S2b,272.0071938989104,6.974543433305396,531.3178248070398,conditional_source_only_not_network_or_full_range_validated,278.98173733221574,2472.509070167242,False
1.0,S2b,287.1187046710721,7.362018068489029,526.7689046500437,conditional_source_only_not_network_or_full_range_validated,294.48072273956114,2472.509070167242,False
1.0,S2b,302.23021544323376,7.749492703672661,522.2631614349251,conditional_source_only_not_network_or_full_range_validated,309.97970814690643,2472.509070167242,False
1.0,S2b,317.34172621539545,8.136967338856294,517.8005951616839,conditional_source_only_not_network_or_full_range_validated,325.4786935542518,2472.5090701672425,False
1.0,S2b,332.4532369875572,8.524441974039929,513.38120583032,conditional_source_only_not_network_or_full_range_validated,340.9776789615971,2472.509070167242,False
1.0,S2b,347.5647477597189,8.911916609223562,509.00499344083374,conditional_source_only_not_network_or_full_range_validated,356.47666436894247,2472.5090701672416,False
1.0,S2b,362.6762585318805,9.299391244407197,504.6719579932249,conditional_source_only_not_network_or_full_range_validated,371.9756497762877,2472.5090701672416,True
1.0,S2b,377.78776930404223,9.686865879590826,500.3820994874934,conditional_source_only_not_network_or_full_range_validated,387.47463518363304,2472.5090701672416,True
1.0,S2b,392.8992800762039,10.07434051477446,496.1354179236393,conditional_source_only_not_network_or_full_range_validated,402.9736205909784,2472.5090701672416,True
1.0,S2b,408.0107908483656,10.461815149958094,491.9319133016628,conditional_source_only_not_network_or_full_range_validated,418.47260599832373,2472.5090701672416,True
1.0,S2b,423.1223016205273,10.849289785141728,487.77158562156353,conditional_source_only_not_network_or_full_range_validated,433.971591405669,2472.5090701672416,True
1.0,S2b,438.233812392689,11.23676442032536,483.6544348833419,conditional_source_only_not_network_or_full_range_validated,449.47057681301436,2472.5090701672416,True
1.0,S2b,453.3453231648506,11.624239055508992,479.5804610869975,conditional_source_only_not_network_or_full_range_validated,464.9695622203596,2472.5090701672416,True
1.0,S2b,468.45683393701233,12.011713690692623,475.5496642325307,conditional_source_only_not_network_or_full_range_validated,480.46854762770494,2472.5090701672416,True
1.0,S2b,483.5683447091741,12.39918832587626,471.5620443199412,conditional_source_only_not_network_or_full_range_validated,495.96753303505034,2472.5090701672416,True
1.0,S2b,498.6798554813358,12.786662961059893,467.6176013492293,conditional_source_only_not_network_or_full_range_validated,511.4665184423957,2472.5090701672416,True
1.0,S2b,513.7913662534975,13.174137596243526,463.71633532039465,conditional_source_only_not_network_or_full_range_validated,526.965503849741,2472.509070167242,False
1.0,S2b,528.9028770256591,13.561612231427157,459.8582462334376,conditional_source_only_not_network_or_full_range_validated,542.4644892570863,2472.509070167242,False
1.0,S2b,544.0143877978207,13.949086866610791,456.0433340883578,conditional_source_only_not_network_or_full_range_validated,557.9634746644315,2472.509070167242,False
1.0,S2b,559.1258985699825,14.336561501794424,452.2715988851556,conditional_source_only_not_network_or_full_range_validated,573.462460071777,2472.509070167242,False
1.0,S2b,574.2374093421442,14.724036136978055,448.54304062383073,conditional_source_only_not_network_or_full_range_validated,588.9614454791223,2472.509070167242,False
1.0,S2b,589.3489201143059,15.111510772161692,444.8576593043833,conditional_source_only_not_network_or_full_range_validated,604.4604308864675,2472.509070167242,False
1.0,S2b,604.4604308864675,15.498985407345325,441.21545492681344,conditional_source_only_not_network_or_full_range_validated,619.9594162938129,2472.509070167242,False
1.0,S2b,14.632415648442285,0.7701271393916992,615.3670080224426,conditional_source_only_not_network_or_full_range_validated,15.402542787833983,2465.7762354117062,False
1.0,S2b,29.26483129688457,1.5402542787833984,610.1928395606261,conditional_source_only_not_network_or_full_range_validated,30.805085575667967,2465.7762354117062,False
1.0,S2b,43.897246945326856,2.3103814181750977,605.0591393085609,conditional_source_only_not_network_or_full_range_validated,46.207628363501954,2465.7762354117062,False
1.0,S2b,58.52966259376913,3.0805085575667968,599.9659072662469,conditional_source_only_not_network_or_full_range_validated,61.610171151335926,2465.7762354117067,False
1.0,S2b,73.16207824221141,3.850635696958496,594.913143433684,conditional_source_only_not_network_or_full_range_validated,77.0127139391699,2465.7762354117067,False
1.0,S2b,87.79449389065371,4.620762836350195,589.9008478108724,conditional_source_only_not_network_or_full_range_validated,92.41525672700391,2465.7762354117062,False
1.0,S2b,102.426909539096,5.390889975741895,584.929020397812,conditional_source_only_not_network_or_full_range_validated,107.8177995148379,2465.7762354117067,False
1.0,S2b,117.05932518753826,6.1610171151335935,579.9976611945029,conditional_source_only_not_network_or_full_range_validated,123.22034230267185,2465.7762354117067,False
1.0,S2b,131.69174083598057,6.931144254525293,575.1067702009451,conditional_source_only_not_network_or_full_range_validated,138.62288509050586,2465.7762354117067,False
1.0,S2b,146.32415648442282,7.701271393916992,570.2563474171384,conditional_source_only_not_network_or_full_range_validated,154.0254278783398,2465.7762354117067,False
1.0,S2b,160.95657213286512,8.471398533308692,565.4463928430829,conditional_source_only_not_network_or_full_range_validated,169.42797066617382,2465.7762354117067,False
1.0,S2b,175.58898778130742,9.24152567270039,560.6769064787786,conditional_source_only_not_network_or_full_range_validated,184.83051345400781,2465.7762354117062,False
1.0,S2b,190.22140342974967,10.01165281209209,555.9478883242257,conditional_source_only_not_network_or_full_range_validated,200.23305624184175,2465.7762354117062,False
1.0,S2b,204.853819078192,10.78177995148379,551.2593383794239,conditional_source_only_not_network_or_full_range_validated,215.6355990296758,2465.7762354117067,False
1.0,S2b,219.48623472663425,11.551907090875488,546.6112566443734,conditional_source_only_not_network_or_full_range_validated,231.03814181750974,2465.7762354117067,False
1.0,S2b,234.11865037507653,12.322034230267189,542.003643119074,conditional_source_only_not_network_or_full_range_validated,246.4406846053437,2465.7762354117067,False
1.0,S2b,248.7510660235189,13.09216136965889,537.4364978035259,conditional_source_only_not_network_or_full_range_validated,261.84322739317776,2465.7762354117062,False
1.0,S2b,263.38348167196114,13.862288509050586,532.909820697729,conditional_source_only_not_network_or_full_range_validated,277.2457701810117,2465.7762354117067,False
1.0,S2b,278.0158973204034,14.632415648442285,528.4236118016835,conditional_source_only_not_network_or_full_range_validated,292.6483129688457,2465.776235411707,False
1.0,S2b,292.64831296884563,15.402542787833983,523.977871115389,conditional_source_only_not_network_or_full_range_validated,308.0508557566796,2465.7762354117067,False
1.0,S2b,307.280728617288,16.172669927225684,519.5725986388458,conditional_source_only_not_network_or_full_range_validated,323.4533985445137,2465.776235411707,False
1.0,S2b,321.91314426573024,16.942797066617384,515.2077943720539,conditional_source_only_not_network_or_full_range_validated,338.85594133234764,2465.7762354117067,False
1.0,S2b,336.54555991417254,17.712924206009085,510.8834583150131,conditional_source_only_not_network_or_full_range_validated,354.2584841201816,2465.7762354117067,False
1.0,S2b,351.17797556261485,18.48305134540078,506.5995904677236,conditional_source_only_not_network_or_full_range_validated,369.66102690801563,2465.7762354117062,True
1.0,S2b,365.810391211057,19.25317848479248,502.3561908301853,conditional_source_only_not_network_or_full_range_validated,385.0635696958495,2465.7762354117067,True
1.0,S2b,380.44280685949934,20.02330562418418,498.1532594023983,conditional_source_only_not_network_or_full_range_validated,400.4661124836835,2465.7762354117062,True
1.0,S2b,395.0752225079417,20.79343276357588,493.9907961843624,conditional_source_only_not_network_or_full_range_validated,415.8686552715176,2465.7762354117067,True
1.0,S2b,409.707638156384,21.56355990296758,489.86880117607785,conditional_source_only_not_network_or_full_range_validated,431.2711980593516,2465.7762354117067,True
1.0,S2b,424.3400538048263,22.33368704235928,485.78727437754446,conditional_source_only_not_network_or_full_range_validated,446.67374084718557,2465.7762354117067,True
1.0,S2b,438.9724694532685,23.103814181750977,481.7462157887624,conditional_source_only_not_network_or_full_range_validated,462.0762836350195,2465.7762354117067,True
1.0,S2b,453.6048851017108,23.87394132114268,477.7456254097314,conditional_source_only_not_network_or_full_range_validated,477.4788264228535,2465.776235411707,True
1.0,S2b,468.23730075015305,24.64406846053437,473.7855032404517,conditional_source_only_not_network_or_full_range_validated,492.8813692106874,2465.7762354117067,True
1.0,S2b,482.8697163985954,25.414195599926074,469.8658492809232,conditional_source_only_not_network_or_full_range_validated,508.2839119985215,2465.7762354117067,True
1.0,S2b,497.5021320470377,26.18432273931778,465.986663531146,conditional_source_only_not_network_or_full_range_validated,523.6864547863555,2465.7762354117067,True
1.0,S2b,512.1345476954799,26.95444987870947,462.14794599112,conditional_source_only_not_network_or_full_range_validated,539.0889975741894,2465.776235411707,False
1.0,S2b,526.7669633439223,27.72457701810117,458.3496966608452,conditional_source_only_not_network_or_full_range_validated,554.4915403620234,2465.7762354117067,False
1.0,S2b,541.3993789923644,28.49470415749287,454.5919155403216,conditional_source_only_not_network_or_full_range_validated,569.8940831498572,2465.7762354117067,False
1.0,S2b,556.0317946408068,29.26483129688457,450.87460262954926,conditional_source_only_not_network_or_full_range_validated,585.2966259376914,2465.776235411707,False
1.0,S2b,570.6642102892491,30.03495843627627,447.1977579285282,conditional_source_only_not_network_or_full_range_validated,600.6991687255254,2465.7762354117067,False
1.0,S2b,585.2966259376913,30.805085575667967,443.5613814372583,conditional_source_only_not_network_or_full_range_validated,616.1017115133592,2465.7762354117067,False
1.0,S2b,14.159246003478192,1.1480469732549887,615.477155841391,conditional_source_only_not_network_or_full_range_validated,15.30729297673318,2459.0799691441075,False
1.0,S2b,28.318492006956383,2.296093946509977,610.410576025015,conditional_source_only_not_network_or_full_range_validated,30.61458595346636,2459.079969144108,False
1.0,S2b,42.477738010434585,3.4441409197649664,605.3819052448822,conditional_source_only_not_network_or_full_range_validated,45.921878930199554,2459.079969144108,False
1.0,S2b,56.636984013912766,4.592187893019955,600.3911435009927,conditional_source_only_not_network_or_full_range_validated,61.22917190693272,2459.0799691441075,False
1.0,S2b,70.79623001739095,5.740234866274943,595.4382907933465,conditional_source_only_not_network_or_full_range_validated,76.5364648836659,2459.079969144108,False
1.0,S2b,84.95547602086917,6.888281839529933,590.5233471219436,conditional_source_only_not_network_or_full_range_validated,91.84375786039911,2459.079969144108,False
1.0,S2b,99.11472202434736,8.036328812784921,585.646312486784,conditional_source_only_not_network_or_full_range_validated,107.15105083713227,2459.079969144108,False
1.0,S2b,113.27396802782552,9.18437578603991,580.8071868878679,conditional_source_only_not_network_or_full_range_validated,122.45834381386543,2459.079969144108,False
1.0,S2b,127.43321403130372,10.332422759294898,576.005970325195,conditional_source_only_not_network_or_full_range_validated,137.76563679059862,2459.079969144108,False
1.0,S2b,141.5924600347819,11.480469732549889,571.2426627987653,conditional_source_only_not_network_or_full_range_validated,153.0729297673318,2459.079969144108,False
1.0,S2b,155.75170603826012,12.628516705804875,566.517264308579,conditional_source_only_not_network_or_full_range_validated,168.380222744065,2459.079969144108,False
1.0,S2b,169.91095204173834,13.776563679059866,561.829774854636,conditional_source_only_not_network_or_full_range_validated,183.68751572079822,2459.079969144108,False
1.0,S2b,184.0701980452165,14.924610652314852,557.1801944369362,conditional_source_only_not_network_or_full_range_validated,198.99480869753134,2459.0799691441075,False
1.0,S2b,198.22944404869472,16.072657625569843,552.5685230554798,conditional_source_only_not_network_or_full_range_validated,214.30210167426455,2459.079969144108,False
1.0,S2b,212.38869005217288,17.22070459882483,547.9947607102665,conditional_source_only_not_network_or_full_range_validated,229.6093946509977,2459.0799691441075,False
1.0,S2b,226.54793605565104,18.36875157207982,543.4589074012968,conditional_source_only_not_network_or_full_range_validated,244.91668762773085,2459.079969144108,False
1.0,S2b,240.70718205912928,19.516798545334808,538.9609631285701,conditional_source_only_not_network_or_full_range_validated,260.2239806044641,2459.079969144108,False
1.0,S2b,254.86642806260747,20.6648455185898,534.5009278920869,conditional_source_only_not_network_or_full_range_validated,275.5312735811973,2459.079969144108,False
1.0,S2b,269.0256740660857,21.81289249184479,530.078801691847,conditional_source_only_not_network_or_full_range_validated,290.83856655793045,2459.0799691441075,False
1.0,S2b,283.1849200695638,22.960939465099774,525.6945845278503,conditional_source_only_not_network_or_full_range_validated,306.1458595346636,2459.079969144108,False
1.0,S2b,297.34416607304206,24.10898643835477,521.348276400097,conditional_source_only_not_network_or_full_range_validated,321.4531525113968,2459.0799691441075,False
1.0,S2b,311.50341207652025,25.25703341160975,517.039877308587,conditional_source_only_not_network_or_full_range_validated,336.76044548813,2459.079969144108,False
1.0,S2b,325.66265807999844,26.405080384864743,512.7693872533204,conditional_source_only_not_network_or_full_range_validated,352.06773846486317,2459.0799691441075,False
1.0,S2b,339.8219040834767,27.55312735811973,508.5368062342969,conditional_source_only_not_network_or_full_range_validated,367.37503144159643,2459.079969144108,True
1.0,S2b,353.9811500869548,28.70117433137472,504.3421342515169,conditional_source_only_not_network_or_full_range_validated,382.68232441832953,2459.0799691441075,True
1.0,S2b,368.140396090433,29.849221304629705,500.18537130498,conditional_source_only_not_network_or_full_range_validated,397.9896173950627,2459.0799691441075,True
1.0,S2b,382.2996420939112,30.997268277884697,496.06651739468646,conditional_source_only_not_network_or_full_range_validated,413.2969103717959,2459.079969144108,True
1.0,S2b,396.45888809738943,32.145315251139685,491.98557252063625,conditional_source_only_not_network_or_full_range_validated,428.6042033485291,2459.079969144108,True
1.0,S2b,410.6181341008676,33.29336222439467,487.9425366828294,conditional_source_only_not_network_or_full_range_validated,443.9114963252623,2459.079969144108,True
1.0,S2b,424.77738010434575,34.44140919764966,483.9374098812658,conditional_source_only_not_network_or_full_range_validated,459.2187893019954,2459.0799691441075,True
1.0,S2b,438.936626107824,35.589456170904654,479.9701921159455,conditional_source_only_not_network_or_full_range_validated,474.52608227872867,2459.079969144108,True
1.0,S2b,453.0958721113021,36.73750314415964,476.0408833868685,conditional_source_only_not_network_or_full_range_validated,489.83337525546176,2459.0799691441075,True
1.0,S2b,467.2551181147804,37.88555011741463,472.1494836940348,conditional_source_only_not_network_or_full_range_validated,505.140668232195,2459.0799691441075,True
1.0,S2b,481.41436411825856,39.033597090669616,468.2959930374444,conditional_source_only_not_network_or_full_range_validated,520.4479612089282,2459.079969144108,True
1.0,S2b,495.5736101217368,40.18164406392461,464.4804114170973,conditional_source_only_not_network_or_full_range_validated,535.7552541856614,2459.0799691441075,False
1.0,S2b,509.7328561252149,41.32969103717959,460.7027388329935,conditional_source_only_not_network_or_full_range_validated,551.0625471623945,2459.079969144108,False
1.0,S2b,523.8921021286931,42.47773801043458,456.962975285133,conditional_source_only_not_network_or_full_range_validated,566.3698401391276,2459.079969144108,False
1.0,S2b,538.0513481321714,43.62578498368958,453.2611207735158,conditional_source_only_not_network_or_full_range_validated,581.6771331158609,2459.0799691441075,False
1.0,S2b,552.2105941356496,44.77383195694456,449.5971752981419,conditional_source_only_not_network_or_full_range_validated,596.9844260925942,2459.079969144108,False
1.0,S2b,566.3698401391276,45.92187893019955,445.9711388590114,conditional_source_only_not_network_or_full_range_validated,612.2917190693272,2459.079969144108,False
1.0,S2b,13.6918925828588,1.5213213980954223,615.5860063264023,conditional_source_only_not_network_or_full_range_validated,15.213213980954222,2452.419974246076,False
1.0,S2b,27.3837851657176,3.0426427961908447,610.625862495862,conditional_source_only_not_network_or_full_range_validated,30.426427961908445,2452.419974246076,False
1.0,S2b,41.07567774857641,4.563964194286267,605.7012132023898,conditional_source_only_not_network_or_full_range_validated,45.63964194286268,2452.4199742460764,False
1.0,S2b,54.7675703314352,6.085285592381689,600.8120584459853,conditional_source_only_not_network_or_full_range_validated,60.85285592381689,2452.419974246076,False
1.0,S2b,68.45946291429401,7.606606990477111,595.9583982266489,conditional_source_only_not_network_or_full_range_validated,76.06606990477113,2452.419974246076,False
1.0,S2b,82.15135549715282,9.127928388572537,591.1402325443804,conditional_source_only_not_network_or_full_range_validated,91.27928388572536,2452.419974246076,False
1.0,S2b,95.84324808001162,10.64924978666796,586.3575613991798,conditional_source_only_not_network_or_full_range_validated,106.49249786667959,2452.419974246076,False
1.0,S2b,109.5351406628704,12.17057118476338,581.6103847910472,conditional_source_only_not_network_or_full_range_validated,121.70571184763378,2452.419974246076,False
1.0,S2b,123.22703324572922,13.691892582858802,576.8987027199825,conditional_source_only_not_network_or_full_range_validated,136.91892582858802,2452.419974246076,False
1.0,S2b,136.91892582858802,15.213213980954222,572.2225151859856,conditional_source_only_not_network_or_full_range_validated,152.13213980954225,2452.419974246076,False
1.0,S2b,150.6108184114468,16.734535379049646,567.5818221890568,conditional_source_only_not_network_or_full_range_validated,167.34535379049643,2452.419974246076,False
1.0,S2b,164.30271099430564,18.25585677714507,562.9766237291957,conditional_source_only_not_network_or_full_range_validated,182.55856777145073,2452.4199742460764,False
1.0,S2b,177.9946035771644,19.777178175240493,558.4069198064027,conditional_source_only_not_network_or_full_range_validated,197.7717817524049,2452.4199742460755,False
1.0,S2b,191.68649616002324,21.29849957333592,553.8727104206775,conditional_source_only_not_network_or_full_range_validated,212.98499573335917,2452.419974246076,False
1.0,S2b,205.378388742882,22.819820971431337,549.3739955720204,conditional_source_only_not_network_or_full_range_validated,228.19820971431335,2452.419974246076,False
1.0,S2b,219.0702813257408,24.34114236952676,544.9107752604311,conditional_source_only_not_network_or_full_range_validated,243.41142369526756,2452.419974246076,False
1.0,S2b,232.76217390859964,25.862463767622184,540.4830494859098,conditional_source_only_not_network_or_full_range_validated,258.6246376762218,2452.419974246076,False
1.0,S2b,246.45406649145843,27.383785165717605,536.0908182484563,conditional_source_only_not_network_or_full_range_validated,273.83785165717603,2452.419974246076,False
1.0,S2b,260.1459590743172,28.905106563813025,531.7340815480709,conditional_source_only_not_network_or_full_range_validated,289.05106563813024,2452.419974246076,False
1.0,S2b,273.83785165717603,30.426427961908445,527.4128393847533,conditional_source_only_not_network_or_full_range_validated,304.2642796190845,2452.419974246076,False
1.0,S2b,287.5297442400348,31.94774936000387,523.1270917585036,conditional_source_only_not_network_or_full_range_validated,319.47749360003866,2452.4199742460755,False
1.0,S2b,301.22163682289363,33.46907075809929,518.876838669322,conditional_source_only_not_network_or_full_range_validated,334.6907075809929,2452.4199742460755,False
1.0,S2b,314.9135294057524,34.99039215619472,514.6620801172081,conditional_source_only_not_network_or_full_range_validated,349.90392156194713,2452.419974246076,False
1.0,S2b,328.6054219886113,36.51171355429014,510.4828161021623,conditional_source_only_not_network_or_full_range_validated,365.11713554290145,2452.4199742460764,True
1.0,S2b,342.29731457147,38.03303495238556,506.33904662418433,conditional_source_only_not_network_or_full_range_validated,380.33034952385555,2452.4199742460755,True
1.0,S2b,355.9892071543288,39.55435635048099,502.2307716832743,conditional_source_only_not_network_or_full_range_validated,395.5435635048098,2452.4199742460755,True
1.0,S2b,369.6810997371877,41.0756777485764,498.1579912794323,conditional_source_only_not_network_or_full_range_validated,410.75677748576413,2452.419974246076,True
1.0,S2b,383.3729923200465,42.59699914667184,494.120705412658,conditional_source_only_not_network_or_full_range_validated,425.96999146671834,2452.419974246076,True
1.0,S2b,397.0648849029053,44.11832054476725,490.1189140829519,conditional_source_only_not_network_or_full_range_validated,441.18320544767255,2452.419974246076,True
1.0,S2b,410.756777485764,45.639641942862674,486.1526172903135,conditional_source_only_not_network_or_full_range_validated,456.3964194286267,2452.419974246076,True
1.0,S2b,424.4486700686229,47.16096334095809,482.2218150347431,conditional_source_only_not_network_or_full_range_validated,471.60963340958097,2452.419974246076,True
1.0,S2b,438.1405626514816,48.68228473905352,478.3265073162407,conditional_source_only_not_network_or_full_range_validated,486.8228473905351,2452.419974246076,True
1.0,S2b,451.8324552343405,50.20360613714894,474.46669413480606,conditional_source_only_not_network_or_full_range_validated,502.03606137148944,2452.419974246076,True
1.0,S2b,465.52434781719927,51.72492753524437,470.64237549043946,conditional_source_only_not_network_or_full_range_validated,517.2492753524436,2452.419974246076,True
1.0,S2b,479.2162404000581,53.246248933339785,466.8535513831408,conditional_source_only_not_network_or_full_range_validated,532.4624893333979,2452.419974246076,False
1.0,S2b,492.90813298291687,54.76757033143521,463.10022181291,conditional_source_only_not_network_or_full_range_validated,547.6757033143521,2452.419974246076,False
1.0,S2b,506.6000255657756,56.28889172953063,459.3823867797472,conditional_source_only_not_network_or_full_range_validated,562.8889172953062,2452.419974246076,False
1.0,S2b,520.2919181486344,57.81021312762605,455.7000462836523,conditional_source_only_not_network_or_full_range_validated,578.1021312762605,2452.419974246076,False
1.0,S2b,533.9838107314932,59.33153452572148,452.05320032462527,conditional_source_only_not_network_or_full_range_validated,593.3153452572147,2452.419974246076,False
1.0,S2b,547.6757033143521,60.85285592381689,448.4418489026662,conditional_source_only_not_network_or_full_range_validated,608.528559238169,2452.419974246076,False
1.0,S2b,13.230248801687654,1.8900355430982363,615.6935822206597,conditional_source_only_not_network_or_full_range_validated,15.12028434478589,2445.7959568093247,False
1.0,S2b,26.46049760337531,3.7800710861964726,610.8387397462371,conditional_source_only_not_network_or_full_range_validated,30.24056868957178,2445.7959568093247,False
1.0,S2b,39.69074640506297,5.670106629294709,606.0171172707427,conditional_source_only_not_network_or_full_range_validated,45.360853034357675,2445.7959568093243,False
1.0,S2b,52.92099520675062,7.560142172392945,601.2287147941765,conditional_source_only_not_network_or_full_range_validated,60.48113737914356,2445.7959568093247,False
1.0,S2b,66.15124400843827,9.45017771549118,596.4735323165385,conditional_source_only_not_network_or_full_range_validated,75.60142172392945,2445.7959568093243,False
1.0,S2b,79.38149281012593,11.34021325858942,591.7515698378286,conditional_source_only_not_network_or_full_range_validated,90.72170606871535,2445.7959568093243,False
1.0,S2b,92.61174161181358,13.230248801687654,587.0628273580468,conditional_source_only_not_network_or_full_range_validated,105.84199041350124,2445.7959568093243,False
1.0,S2b,105.84199041350124,15.12028434478589,582.4073048771932,conditional_source_only_not_network_or_full_range_validated,120.96227475828712,2445.7959568093247,False
1.0,S2b,119.07223921518889,17.010319887884126,577.7850023952677,conditional_source_only_not_network_or_full_range_validated,136.082559103073,2445.795956809324,False
1.0,S2b,132.30248801687654,18.90035543098236,573.1959199122706,conditional_source_only_not_network_or_full_range_validated,151.2028434478589,2445.7959568093243,False
1.0,S2b,145.53273681856422,20.7903909740806,568.6400574282015,conditional_source_only_not_network_or_full_range_validated,166.3231277926448,2445.7959568093247,False
1.0,S2b,158.76298562025187,22.68042651717884,564.1174149430606,conditional_source_only_not_network_or_full_range_validated,181.4434121374307,2445.7959568093243,False
1.0,S2b,171.99323442193952,24.570462060277077,559.6279924568478,conditional_source_only_not_network_or_full_range_validated,196.56369648221659,2445.7959568093243,False
1.0,S2b,185.2234832236272,26.46049760337531,555.1717899695632,conditional_source_only_not_network_or_full_range_validated,211.6839808270025,2445.7959568093243,False
1.0,S2b,198.4537320253148,28.350533146473545,550.7488074812068,conditional_source_only_not_network_or_full_range_validated,226.80426517178833,2445.7959568093243,False
1.0,S2b,211.68398082700247,30.24056868957178,546.3590449917785,conditional_source_only_not_network_or_full_range_validated,241.92454951657425,2445.7959568093247,False
1.0,S2b,224.91422962869007,32.13060423267002,542.0025025012784,conditional_source_only_not_network_or_full_range_validated,257.0448338613601,2445.7959568093243,False
1.0,S2b,238.14447843037777,34.02063977576825,537.6791800097064,conditional_source_only_not_network_or_full_range_validated,272.165118206146,2445.795956809324,False
1.0,S2b,251.37472723206545,35.91067531886649,533.3890775170626,conditional_source_only_not_network_or_full_range_validated,287.28540255093196,2445.7959568093243,False
1.0,S2b,264.6049760337531,37.80071086196472,529.132195023347,conditional_source_only_not_network_or_full_range_validated,302.4056868957178,2445.7959568093243,False
1.0,S2b,277.8352248354407,39.69074640506296,524.9085325285595,conditional_source_only_not_network_or_full_range_validated,317.5259712405037,2445.7959568093243,False
1.0,S2b,291.06547363712843,41.5807819481612,520.7180900327002,conditional_source_only_not_network_or_full_range_validated,332.6462555852896,2445.7959568093247,False
1.0,S2b,304.2957224388161,43.47081749125944,516.560867535769,conditional_source_only_not_network_or_full_range_validated,347.7665399300755,2445.7959568093243,False
1.0,S2b,317.52597124050374,45.36085303435768,512.4368650377661,conditional_source_only_not_network_or_full_range_validated,362.8868242748614,2445.7959568093243,True
1.0,S2b,330.75622004219133,47.2508885774559,508.3460825386913,conditional_source_only_not_network_or_full_range_validated,378.0071086196472,2445.7959568093243,True
1.0,S2b,343.98646884387904,49.14092412055415,504.2885200385446,conditional_source_only_not_network_or_full_range_validated,393.12739296443317,2445.7959568093243,True
1.0,S2b,357.2167176455667,51.03095966365238,500.2641775373261,conditional_source_only_not_network_or_full_range_validated,408.24767730921906,2445.7959568093247,True
1.0,S2b,370.4469664472544,52.92099520675062,496.2730550350357,conditional_source_only_not_network_or_full_range_validated,423.367961654005,2445.7959568093243,True
1.0,S2b,383.677215248942,54.81103074984885,492.3151525316736,conditional_source_only_not_network_or_full_range_validated,438.48824599879083,2445.7959568093243,True
1.0,S2b,396.9074640506296,56.70106629294709,488.3904700272397,conditional_source_only_not_network_or_full_range_validated,453.60853034357666,2445.7959568093243,True
1.0,S2b,410.1377128523173,58.591101836045326,484.4990075217338,conditional_source_only_not_network_or_full_range_validated,468.7288146883626,2445.7959568093243,True
1.0,S2b,423.36796165400494,60.48113737914356,480.6407650151561,conditional_source_only_not_network_or_full_range_validated,483.8490990331485,2445.7959568093247,True
1.0,S2b,436.5982104556926,62.3711729222418,476.8157425075065,conditional_source_only_not_network_or_full_range_validated,498.9693833779344,2445.7959568093243,True
1.0,S2b,449.82845925738025,64.26120846534003,473.0239399987852,conditional_source_only_not_network_or_full_range_validated,514.0896677227203,2445.7959568093243,True
1.0,S2b,463.0587080590679,66.15124400843827,469.265357488992,conditional_source_only_not_network_or_full_range_validated,529.2099520675062,2445.7959568093243,False
1.0,S2b,476.2889568607556,68.0412795515365,465.539994978127,conditional_source_only_not_network_or_full_range_validated,544.3302364122922,2445.7959568093243,False
1.0,S2b,489.5192056624432,69.93131509463474,461.84785246619015,conditional_source_only_not_network_or_full_range_validated,559.4505207570779,2445.7959568093243,False
1.0,S2b,502.7494544641309,71.82135063773298,458.1889299531814,conditional_source_only_not_network_or_full_range_validated,574.5708051018639,2445.7959568093243,False
1.0,S2b,515.9797032658184,73.71138618083121,454.5632274391008,conditional_source_only_not_network_or_full_range_validated,589.6910894466497,2445.7959568093243,False
1.0,S2b,529.2099520675062,75.60142172392945,450.9707449239484,conditional_source_only_not_network_or_full_range_validated,604.8113737914356,2445.7959568093243,False
1.0,S2b,12.774210663544142,2.254272470037202,615.7999057399026,conditional_source_only_not_network_or_full_range_validated,15.028483133581345,2439.2076260924127,False
1.0,S2b,25.548421327088285,4.508544940074404,611.0492476585617,conditional_source_only_not_network_or_full_range_validated,30.05696626716269,2439.2076260924127,False
1.0,S2b,38.32263199063243,6.762817410111607,606.3296704499877,conditional_source_only_not_network_or_full_range_validated,45.08544940074404,2439.2076260924127,False
1.0,S2b,51.09684265417657,9.017089880148808,601.6411741141804,conditional_source_only_not_network_or_full_range_validated,60.11393253432538,2439.2076260924127,False
1.0,S2b,63.87105331772071,11.27136235018601,596.9837586511402,conditional_source_only_not_network_or_full_range_validated,75.14241566790672,2439.2076260924127,False
1.0,S2b,76.64526398126486,13.525634820223214,592.3574240608667,conditional_source_only_not_network_or_full_range_validated,90.17089880148808,2439.2076260924127,False
1.0,S2b,89.419474644809,15.779907290260414,587.7621703433601,conditional_source_only_not_network_or_full_range_validated,105.19938193506941,2439.2076260924123,False
1.0,S2b,102.19368530835314,18.03417976029761,583.1979974986205,conditional_source_only_not_network_or_full_range_validated,120.22786506865074,2439.2076260924127,False
1.0,S2b,114.96789597189728,20.288452230334816,578.6649055266477,conditional_source_only_not_network_or_full_range_validated,135.2563482022321,2439.2076260924127,False
1.0,S2b,127.74210663544142,22.54272470037202,574.1628944274418,conditional_source_only_not_network_or_full_range_validated,150.28483133581344,2439.2076260924127,False
1.0,S2b,140.51631729898557,24.79699717040922,569.6919642010026,conditional_source_only_not_network_or_full_range_validated,165.31331446939478,2439.2076260924123,False
1.0,S2b,153.29052796252972,27.051269640446428,565.2521148473303,conditional_source_only_not_network_or_full_range_validated,180.34179760297616,2439.2076260924127,False
1.0,S2b,166.06473862607385,29.305542110483625,560.8433463664251,conditional_source_only_not_network_or_full_range_validated,195.37028073655748,2439.2076260924123,False
1.0,S2b,178.838949289618,31.55981458052083,556.4656587582865,conditional_source_only_not_network_or_full_range_validated,210.39876387013882,2439.2076260924123,False
1.0,S2b,191.61315995316207,33.81408705055803,552.1190520229148,conditional_source_only_not_network_or_full_range_validated,225.42724700372008,2439.2076260924127,False
1.0,S2b,204.38737061670628,36.06835952059523,547.8035261603101,conditional_source_only_not_network_or_full_range_validated,240.45573013730152,2439.2076260924127,False
1.0,S2b,217.16158128025043,38.32263199063244,543.5190811704722,conditional_source_only_not_network_or_full_range_validated,255.48421327088286,2439.2076260924127,False
1.0,S2b,229.93579194379456,40.57690446066963,539.2657170534012,conditional_source_only_not_network_or_full_range_validated,270.5126964044642,2439.2076260924127,False
1.0,S2b,242.71000260733868,42.83117693070683,535.0434338090971,conditional_source_only_not_network_or_full_range_validated,285.5411795380455,2439.207626092413,False
1.0,S2b,255.48421327088283,45.08544940074404,530.8522314375598,conditional_source_only_not_network_or_full_range_validated,300.5696626716269,2439.2076260924127,False
1.0,S2b,268.25842393442696,47.33972187078124,526.6921099387894,conditional_source_only_not_network_or_full_range_validated,315.5981458052082,2439.207626092413,False
1.0,S2b,281.03263459797114,49.59399434081844,522.563069312786,conditional_source_only_not_network_or_full_range_validated,330.62662893878957,2439.2076260924123,False
1.0,S2b,293.8068452615153,51.848266810855655,518.4651095595492,conditional_source_only_not_network_or_full_range_validated,345.65511207237097,2439.2076260924127,False
1.0,S2b,306.58105592505945,54.102539280892856,514.3982306790795,conditional_source_only_not_network_or_full_range_validated,360.6835952059523,2439.2076260924127,False
1.0,S2b,319.3552665886036,56.35681175093005,510.36243267137655,conditional_source_only_not_network_or_full_range_validated,375.71207833953366,2439.2076260924127,True
1.0,S2b,332.1294772521477,58.61108422096725,506.3577155364405,conditional_source_only_not_network_or_full_range_validated,390.74056147311495,2439.2076260924123,True
1.0,S2b,344.9036879156918,60.86535669100445,502.3840792742713,conditional_source_only_not_network_or_full_range_validated,405.7690446066963,2439.2076260924127,True
1.0,S2b,357.677898579236,63.11962916104166,498.44152388486896,conditional_source_only_not_network_or_full_range_validated,420.79752774027764,2439.2076260924123,True
1.0,S2b,370.4521092427801,65.37390163107885,494.5300493682336,conditional_source_only_not_network_or_full_range_validated,435.826010873859,2439.2076260924127,True
1.0,S2b,383.22631990632425,67.62817410111606,490.64965572436495,conditional_source_only_not_network_or_full_range_validated,450.8544940074403,2439.2076260924127,True
1.0,S2b,396.0005305698684,69.88244657115327,486.8003429532633,conditional_source_only_not_network_or_full_range_validated,465.8829771410216,2439.2076260924127,True
1.0,S2b,408.77474123341256,72.13671904119046,482.9821110549284,conditional_source_only_not_network_or_full_range_validated,480.91146027460303,2439.2076260924127,True
1.0,S2b,421.5489518969568,74.39099151122767,479.19496002936046,conditional_source_only_not_network_or_full_range_validated,495.9399434081845,2439.2076260924127,True
1.0,S2b,434.32316256050086,76.64526398126488,475.43888987655936,conditional_source_only_not_network_or_full_range_validated,510.9684265417657,2439.2076260924127,True
1.0,S2b,447.097373224045,78.89953645130207,471.7139005965252,conditional_source_only_not_network_or_full_range_validated,525.9969096753471,2439.2076260924123,False
1.0,S2b,459.8715838875891,81.15380892133926,468.0199921892578,conditional_source_only_not_network_or_full_range_validated,541.0253928089284,2439.2076260924127,False
1.0,S2b,472.6457945511333,83.40808139137647,464.3571646547573,conditional_source_only_not_network_or_full_range_validated,556.0538759425098,2439.2076260924123,False
1.0,S2b,485.42000521467736,85.66235386141366,460.72541799302365,conditional_source_only_not_network_or_full_range_validated,571.082359076091,2439.207626092413,False
1.0,S2b,498.1942158782216,87.91662633145089,457.1247522040569,conditional_source_only_not_network_or_full_range_validated,586.1108422096725,2439.2076260924123,False
1.0,S2b,510.96842654176567,90.17089880148808,453.555167287857,conditional_source_only_not_network_or_full_range_validated,601.1393253432537,2439.2076260924127,False
1.0,S2b,12.323676682379356,2.614113235656228,615.904998587595,conditional_source_only_not_network_or_full_range_validated,14.937789918035584,2432.6546944782076,False
1.0,S2b,24.647353364758715,5.228226471312455,611.2574252484975,conditional_source_only_not_network_or_full_range_validated,29.875579836071168,2432.6546944782076,False
1.0,S2b,36.97103004713808,7.842339706968684,606.6389246767183,conditional_source_only_not_network_or_full_range_validated,44.813369754106766,2432.654694478208,False
1.0,S2b,49.29470672951743,10.45645294262491,602.049496872257,conditional_source_only_not_network_or_full_range_validated,59.751159672142336,2432.6546944782076,False
1.0,S2b,61.61838341189679,13.07056617828114,597.4891418351141,conditional_source_only_not_network_or_full_range_validated,74.68894959017793,2432.6546944782076,False
1.0,S2b,73.94206009427616,15.684679413937369,592.9578595652891,conditional_source_only_not_network_or_full_range_validated,89.62673950821353,2432.654694478208,False
1.0,S2b,86.26573677665552,18.2987926495936,588.4556500627824,conditional_source_only_not_network_or_full_range_validated,104.56452942624912,2432.654694478208,False
1.0,S2b,98.58941345903486,20.91290588524982,583.9825133275939,conditional_source_only_not_network_or_full_range_validated,119.50231934428467,2432.6546944782076,False
1.0,S2b,110.91309014141422,23.52701912090605,579.5384493597232,conditional_source_only_not_network_or_full_range_validated,134.44010926232028,2432.6546944782076,False
1.0,S2b,123.23676682379356,26.14113235656228,575.1234581591709,conditional_source_only_not_network_or_full_range_validated,149.37789918035583,2432.6546944782076,False
1.0,S2b,135.56044350617296,28.755245592218508,570.7375397259368,conditional_source_only_not_network_or_full_range_validated,164.31568909839146,2432.6546944782076,False
1.0,S2b,147.88412018855232,31.369358827874738,566.3806940600206,conditional_source_only_not_network_or_full_range_validated,179.25347901642706,2432.654694478208,False
1.0,S2b,160.20779687093165,33.98347206353096,562.0529211614227,conditional_source_only_not_network_or_full_range_validated,194.1912689344626,2432.654694478208,False
1.0,S2b,172.53147355331103,36.5975852991872,557.7542210301427,conditional_source_only_not_network_or_full_range_validated,209.12905885249825,2432.654694478208,False
1.0,S2b,184.8551502356904,39.21169853484342,553.4845936661811,conditional_source_only_not_network_or_full_range_validated,224.0668487705338,2432.6546944782076,False
1.0,S2b,197.1788269180697,41.82581177049964,549.2440390695374,conditional_source_only_not_network_or_full_range_validated,239.00463868856934,2432.6546944782076,False
1.0,S2b,209.5025036004491,44.43992500615588,545.032557240212,conditional_source_only_not_network_or_full_range_validated,253.94242860660498,2432.6546944782076,False
1.0,S2b,221.82618028282843,47.0540382418121,540.8501481782047,conditional_source_only_not_network_or_full_range_validated,268.88021852464055,2432.6546944782076,False
1.0,S2b,234.14985696520785,49.668151477468335,536.6968118835155,conditional_source_only_not_network_or_full_range_validated,283.81800844267616,2432.6546944782076,False
1.0,S2b,246.47353364758715,52.28226471312456,532.5725483561444,conditional_source_only_not_network_or_full_range_validated,298.7557983607117,2432.6546944782076,False
1.0,S2b,258.7972103299665,54.89637794878079,528.4773575960913,conditional_source_only_not_network_or_full_range_validated,313.6935882787473,2432.654694478208,False
1.0,S2b,271.1208870123459,57.510491184437015,524.4112396033566,conditional_source_only_not_network_or_full_range_validated,328.6313781967829,2432.6546944782076,False
1.0,S2b,283.4445636947253,60.12460442009325,520.3741943779398,conditional_source_only_not_network_or_full_range_validated,343.5691681148185,2432.654694478208,False
1.0,S2b,295.76824037710463,62.73871765574948,516.3662219198413,conditional_source_only_not_network_or_full_range_validated,358.50695803285413,2432.654694478208,False
1.0,S2b,308.09191705948393,65.35283089140569,512.3873222290609,conditional_source_only_not_network_or_full_range_validated,373.4447479508896,2432.6546944782076,True
1.0,S2b,320.4155937418633,67.96694412706192,508.4374953055986,conditional_source_only_not_network_or_full_range_validated,388.3825378689252,2432.654694478208,True
1.0,S2b,332.73927042424265,70.58105736271816,504.5167411494544,conditional_source_only_not_network_or_full_range_validated,403.3203277869608,2432.654694478207,True
1.0,S2b,345.06294710662206,73.19517059837439,500.6250597606284,conditional_source_only_not_network_or_full_range_validated,418.25811770499644,2432.6546944782076,True
1.0,S2b,357.3866237890014,75.80928383403061,496.7624511391204,conditional_source_only_not_network_or_full_range_validated,433.19590762303204,2432.6546944782076,True
1.0,S2b,369.7103004713807,78.42339706968684,492.92891528493067,conditional_source_only_not_network_or_full_range_validated,448.1336975410676,2432.654694478208,True
1.0,S2b,382.0339771537601,81.03751030534306,489.124452198059,conditional_source_only_not_network_or_full_range_validated,463.07148745910314,2432.6546944782076,True
1.0,S2b,394.3576538361394,83.65162354099928,485.34906187850544,conditional_source_only_not_network_or_full_range_validated,478.0092773771387,2432.6546944782076,True
1.0,S2b,406.6813305185188,86.26573677665552,481.60274432627,conditional_source_only_not_network_or_full_range_validated,492.9470672951743,2432.6546944782076,True
1.0,S2b,419.0050072008982,88.87985001231175,477.8854995413527,conditional_source_only_not_network_or_full_range_validated,507.88485721320995,2432.6546944782076,True
1.0,S2b,431.3286838832775,91.49396324796795,474.1973275237536,conditional_source_only_not_network_or_full_range_validated,522.8226471312455,2432.654694478208,True
1.0,S2b,443.65236056565686,94.1080764836242,470.53822827347255,conditional_source_only_not_network_or_full_range_validated,537.7604370492811,2432.6546944782076,False
1.0,S2b,455.9760372480363,96.72218971928044,466.9082017905097,conditional_source_only_not_network_or_full_range_validated,552.6982269673167,2432.6546944782076,False
1.0,S2b,468.2997139304156,99.33630295493668,463.3072480748648,conditional_source_only_not_network_or_full_range_validated,567.6360168853523,2432.654694478208,False
1.0,S2b,480.623390612795,101.95041619059288,459.7353671265383,conditional_source_only_not_network_or_full_range_validated,582.5738068033879,2432.654694478208,False
1.0,S2b,492.9470672951743,104.56452942624912,456.1925589455298,conditional_source_only_not_network_or_full_range_validated,597.5115967214234,2432.6546944782076,False
1.0,S2b,11.878547807223123,2.969636951805781,616.0088819695742,conditional_source_only_not_network_or_full_range_validated,14.848184759028904,2426.1368774320295,False
1.0,S2b,23.75709561444625,5.9392739036115625,611.4633106880821,conditional_source_only_not_network_or_full_range_validated,29.696369518057814,2426.13687743203,False
1.0,S2b,35.63564342166938,8.908910855417345,606.9449308495342,conditional_source_only_not_network_or_full_range_validated,44.544554277086725,2426.13687743203,False
1.0,S2b,47.5141912288925,11.878547807223123,602.4537424539305,conditional_source_only_not_network_or_full_range_validated,59.39273903611562,2426.1368774320295,False
1.0,S2b,59.39273903611562,14.848184759028904,597.989745501271,conditional_source_only_not_network_or_full_range_validated,74.24092379514452,2426.13687743203,False
1.0,S2b,71.27128684333876,17.81782171083469,593.5529399915558,conditional_source_only_not_network_or_full_range_validated,89.08910855417345,2426.13687743203,False
1.0,S2b,83.14983465056189,20.78745866264047,589.1433259247847,conditional_source_only_not_network_or_full_range_validated,103.93729331320236,2426.13687743203,False
1.0,S2b,95.028382457785,23.75709561444625,584.7609033009578,conditional_source_only_not_network_or_full_range_validated,118.78547807223126,2426.13687743203,False
1.0,S2b,106.90693026500811,26.726732566252032,580.4056721200751,conditional_source_only_not_network_or_full_range_validated,133.63366283126015,2426.13687743203,False
1.0,S2b,118.78547807223124,29.69636951805781,576.0776323821366,conditional_source_only_not_network_or_full_range_validated,148.48184759028905,2426.1368774320295,False
1.0,S2b,130.6640258794544,32.6660064698636,571.7767840871422,conditional_source_only_not_network_or_full_range_validated,163.330032349318,2426.1368774320295,False
1.0,S2b,142.5425736866775,35.63564342166938,567.503127235092,conditional_source_only_not_network_or_full_range_validated,178.1782171083469,2426.13687743203,False
1.0,S2b,154.4211214939006,38.60528037347515,563.2566618259863,conditional_source_only_not_network_or_full_range_validated,193.02640186737577,2426.13687743203,False
1.0,S2b,166.29966930112377,41.57491732528094,559.0373878598244,conditional_source_only_not_network_or_full_range_validated,207.87458662640472,2426.13687743203,False
1.0,S2b,178.17821710834687,44.54455427708672,554.8453053366069,conditional_source_only_not_network_or_full_range_validated,222.7227713854336,2426.1368774320295,False
1.0,S2b,190.05676491557,47.5141912288925,550.6804142563335,conditional_source_only_not_network_or_full_range_validated,237.5709561444625,2426.13687743203,False
1.0,S2b,201.93531272279316,50.48382818069828,546.5427146190043,conditional_source_only_not_network_or_full_range_validated,252.41914090349144,2426.1368774320295,False
1.0,S2b,213.81386053001623,53.453465132504064,542.4322064246193,conditional_source_only_not_network_or_full_range_validated,267.2673256625203,2426.13687743203,False
1.0,S2b,225.69240833723936,56.423102084309846,538.3488896731784,conditional_source_only_not_network_or_full_range_validated,282.1155104215492,2426.1368774320295,False
1.0,S2b,237.57095614446249,59.39273903611562,534.2927643646818,conditional_source_only_not_network_or_full_range_validated,296.9636951805781,2426.1368774320295,False
1.0,S2b,249.44950395168564,62.36237598792141,530.2638304991294,conditional_source_only_not_network_or_full_range_validated,311.811879939607,2426.136877432029,False
1.0,S2b,261.3280517589088,65.33201293972719,526.2620880765212,conditional_source_only_not_network_or_full_range_validated,326.660064698636,2426.1368774320295,False
1.0,S2b,273.2065995661319,68.30164989153297,522.287537096857,conditional_source_only_not_network_or_full_range_validated,341.5082494576649,2426.1368774320295,False
1.0,S2b,285.085147373355,71.27128684333876,518.3401775601372,conditional_source_only_not_network_or_full_range_validated,356.3564342166938,2426.13687743203,False
1.0,S2b,296.9636951805781,74.24092379514452,514.4200094663615,conditional_source_only_not_network_or_full_range_validated,371.2046189757226,2426.13687743203,True
1.0,S2b,308.8422429878012,77.2105607469503,510.5270328155301,conditional_source_only_not_network_or_full_range_validated,386.05280373475154,2426.13687743203,True
1.0,S2b,320.7207907950244,80.1801976987561,506.66124760764274,conditional_source_only_not_network_or_full_range_validated,400.9009884937805,2426.136877432029,True
1.0,S2b,332.59933860224754,83.14983465056189,502.8226538426997,conditional_source_only_not_network_or_full_range_validated,415.74917325280944,2426.13687743203,True
1.0,S2b,344.47788640947067,86.11947160236767,499.0112515207007,conditional_source_only_not_network_or_full_range_validated,430.5973580118383,2426.1368774320295,True
1.0,S2b,356.35643421669374,89.08910855417344,495.22704064164594,conditional_source_only_not_network_or_full_range_validated,445.4455427708672,2426.1368774320295,True
1.0,S2b,368.23498202391687,92.05874550597922,491.4700212055355,conditional_source_only_not_network_or_full_range_validated,460.2937275298961,2426.1368774320295,True
1.0,S2b,380.11352983114,95.028382457785,487.7401932123692,conditional_source_only_not_network_or_full_range_validated,475.141912288925,2426.13687743203,True
1.0,S2b,391.9920776383631,97.99801940959078,484.037556662147,conditional_source_only_not_network_or_full_range_validated,489.9900970479539,2426.1368774320295,True
1.0,S2b,403.8706254455863,100.96765636139656,480.362111554869,conditional_source_only_not_network_or_full_range_validated,504.8382818069829,2426.1368774320295,True
1.0,S2b,415.7491732528093,103.93729331320232,476.7138578905353,conditional_source_only_not_network_or_full_range_validated,519.6864665660116,2426.1368774320295,True
1.0,S2b,427.6277210600325,106.90693026500811,473.0927956691456,conditional_source_only_not_network_or_full_range_validated,534.5346513250406,2426.13687743203,False
1.0,S2b,439.5062688672556,109.8765672168139,469.49892489070027,conditional_source_only_not_network_or_full_range_validated,549.3828360840695,2426.1368774320295,False
1.0,S2b,451.3848166744788,112.84620416861968,465.932245555199,conditional_source_only_not_network_or_full_range_validated,564.2310208430985,2426.136877432029,False
1.0,S2b,463.2633644817019,115.81584112042547,462.39275766264205,conditional_source_only_not_network_or_full_range_validated,579.0792056021273,2426.13687743203,False
1.0,S2b,475.14191228892497,118.78547807223124,458.8804612130292,conditional_source_only_not_network_or_full_range_validated,593.9273903611562,2426.1368774320295,False
1.0,S2b,11.438727349584672,3.320920843427808,616.1115766082027,conditional_source_only_not_network_or_full_range_validated,14.759648193012481,2419.6538934604673,False
1.0,S2b,22.877454699169345,6.641841686855616,611.6669413281388,conditional_source_only_not_network_or_full_range_validated,29.519296386024962,2419.6538934604673,False
1.0,S2b,34.31618204875402,9.962762530283426,607.2477388538186,conditional_source_only_not_network_or_full_range_validated,44.27894457903745,2419.6538934604673,False
1.0,S2b,45.75490939833869,13.283683373711233,602.8539691852424,conditional_source_only_not_network_or_full_range_validated,59.038592772049924,2419.6538934604673,False
1.0,S2b,57.19363674792336,16.60460421713904,598.4856323224097,conditional_source_only_not_network_or_full_range_validated,73.7982409650624,2419.6538934604678,False
1.0,S2b,68.63236409750805,19.92552506056685,594.1427282653209,conditional_source_only_not_network_or_full_range_validated,88.5578891580749,2419.6538934604673,False
1.0,S2b,80.07109144709273,23.246445903994665,589.8252570139759,conditional_source_only_not_network_or_full_range_validated,103.3175373510874,2419.6538934604673,False
1.0,S2b,91.50981879667738,26.567366747422465,585.5332185683745,conditional_source_only_not_network_or_full_range_validated,118.07718554409985,2419.6538934604673,False
1.0,S2b,102.94854614626206,29.888287590850275,581.2666129285171,conditional_source_only_not_network_or_full_range_validated,132.83683373711233,2419.6538934604673,False
1.0,S2b,114.38727349584671,33.20920843427808,577.0254400944034,conditional_source_only_not_network_or_full_range_validated,147.5964819301248,2419.6538934604678,False
1.0,S2b,125.8260008454314,36.53012927770589,572.8097000660334,conditional_source_only_not_network_or_full_range_validated,162.3561301231373,2419.6538934604673,False
1.0,S2b,137.2647281950161,39.8510501211337,568.6193928434074,conditional_source_only_not_network_or_full_range_validated,177.1157783161498,2419.6538934604673,False
1.0,S2b,148.70345554460076,43.17197096456151,564.4545184265248,conditional_source_only_not_network_or_full_range_validated,191.87542650916225,2419.6538934604673,False
1.0,S2b,160.14218289418545,46.49289180798933,560.3150768153862,conditional_source_only_not_network_or_full_range_validated,206.6350747021748,2419.6538934604673,False
1.0,S2b,171.5809102437701,49.81381265141712,556.2010680099914,conditional_source_only_not_network_or_full_range_validated,221.39472289518721,2419.6538934604673,False
1.0,S2b,183.0196375933548,53.13473349484493,552.1124920103402,conditional_source_only_not_network_or_full_range_validated,236.15437108819972,2419.6538934604678,False
1.0,S2b,194.45836494293945,56.45565433827274,548.049348816433,conditional_source_only_not_network_or_full_range_validated,250.91401928121218,2419.6538934604673,False
1.0,S2b,205.8970922925241,59.77657518170055,544.0116384282695,conditional_source_only_not_network_or_full_range_validated,265.67366747422466,2419.6538934604673,False
1.0,S2b,217.3358196421088,63.09749602512836,539.9993608458498,conditional_source_only_not_network_or_full_range_validated,280.43331566723714,2419.6538934604673,False
1.0,S2b,228.77454699169343,66.41841686855616,536.0125160691738,conditional_source_only_not_network_or_full_range_validated,295.1929638602496,2419.6538934604678,False
1.0,S2b,240.2132743412781,69.73933771198398,532.0511040982416,conditional_source_only_not_network_or_full_range_validated,309.9526120532621,2419.6538934604678,False
1.0,S2b,251.6520016908628,73.06025855541178,528.1151249330532,conditional_source_only_not_network_or_full_range_validated,324.7122602462746,2419.6538934604673,False
1.0,S2b,263.0907290404475,76.3811793988396,524.2045785736085,conditional_source_only_not_network_or_full_range_validated,339.4719084392871,2419.6538934604673,False
1.0,S2b,274.5294563900322,79.7021002422674,520.3194650199075,conditional_source_only_not_network_or_full_range_validated,354.2315566322996,2419.6538934604673,False
1.0,S2b,285.96818373961685,83.0230210856952,516.4597842719505,conditional_source_only_not_network_or_full_range_validated,368.991204825312,2419.653893460467,True
1.0,S2b,297.4069110892015,86.34394192912302,512.6255363297372,conditional_source_only_not_network_or_full_range_validated,383.7508530183245,2419.6538934604673,True
1.0,S2b,308.8456384387862,89.66486277255082,508.8167211932676,conditional_source_only_not_network_or_full_range_validated,398.510501211337,2419.6538934604673,True
1.0,S2b,320.2843657883709,92.98578361597863,505.03333886254177,conditional_source_only_not_network_or_full_range_validated,413.2701494043495,2419.653893460467,True
1.0,S2b,331.7230931379556,96.30670445940645,501.2753893375597,conditional_source_only_not_network_or_full_range_validated,428.029797597362,2419.6538934604678,True
1.0,S2b,343.1618204875402,99.62762530283425,497.5428726183216,conditional_source_only_not_network_or_full_range_validated,442.78944579037443,2419.6538934604673,True
1.0,S2b,354.60054783712485,102.94854614626206,493.8357887048271,conditional_source_only_not_network_or_full_range_validated,457.5490939833869,2419.6538934604673,True
1.0,S2b,366.0392751867095,106.26946698968986,490.1541375970765,conditional_source_only_not_network_or_full_range_validated,472.3087421763994,2419.6538934604673,True
1.0,S2b,377.47800253629424,109.59038783311767,486.49791929506944,conditional_source_only_not_network_or_full_range_validated,487.06839036941193,2419.6538934604673,True
1.0,S2b,388.9167298858789,112.91130867654547,482.8671337988063,conditional_source_only_not_network_or_full_range_validated,501.82803856242435,2419.6538934604673,True
1.0,S2b,400.3554572354636,116.23222951997327,479.261781108287,conditional_source_only_not_network_or_full_range_validated,516.5876867554368,2419.6538934604673,True
1.0,S2b,411.7941845850482,119.5531503634011,475.6818612235113,conditional_source_only_not_network_or_full_range_validated,531.3473349484493,2419.6538934604673,False
1.0,S2b,423.2329119346329,122.8740712068289,472.1273741444796,conditional_source_only_not_network_or_full_range_validated,546.1069831414618,2419.6538934604678,False
1.0,S2b,434.6716392842176,126.19499205025672,468.59831987119145,conditional_source_only_not_network_or_full_range_validated,560.8666313344743,2419.6538934604673,False
1.0,S2b,446.11036663380224,129.51591289368451,465.0946984036472,conditional_source_only_not_network_or_full_range_validated,575.6262795274868,2419.6538934604673,False
1.0,S2b,457.5490939833869,132.83683373711233,461.6165097418467,conditional_source_only_not_network_or_full_range_validated,590.3859277204992,2419.6538934604673,False
1.0,S2b,11.004120913435372,3.668040304478457,616.2131027560389,conditional_source_only_not_network_or_full_range_validated,14.672161217913828,2413.205464070854,False
1.0,S2b,22.008241826870744,7.336080608956914,611.8683537199859,conditional_source_only_not_network_or_full_range_validated,29.344322435827657,2413.205464070854,False
1.0,S2b,33.01236274030612,11.004120913435372,607.5473975858512,conditional_source_only_not_network_or_full_range_validated,44.016483653741496,2413.205464070854,False
1.0,S2b,44.01648365374149,14.672161217913828,603.2502343536348,conditional_source_only_not_network_or_full_range_validated,58.68864487165531,2413.205464070854,False
1.0,S2b,55.02060456717685,18.340201522392285,598.9768640233368,conditional_source_only_not_network_or_full_range_validated,73.36080608956914,2413.2054640708543,False
1.0,S2b,66.02472548061223,22.008241826870744,594.7272865949573,conditional_source_only_not_network_or_full_range_validated,88.03296730748298,2413.2054640708543,False
1.0,S2b,77.0288463940476,25.6762821313492,590.5015020684962,conditional_source_only_not_network_or_full_range_validated,102.7051285253968,2413.205464070854,False
1.0,S2b,88.03296730748298,29.344322435827657,586.2995104439534,conditional_source_only_not_network_or_full_range_validated,117.37728974331063,2413.205464070854,False
1.0,S2b,99.03708822091836,33.01236274030612,582.121311721329,conditional_source_only_not_network_or_full_range_validated,132.0494509612245,2413.205464070854,False
1.0,S2b,110.0412091343537,36.68040304478457,577.966905900623,conditional_source_only_not_network_or_full_range_validated,146.72161217913828,2413.2054640708543,False
1.0,S2b,121.0453300477891,40.34844334926303,573.8362929818354,conditional_source_only_not_network_or_full_range_validated,161.39377339705212,2413.205464070854,False
1.0,S2b,132.0494509612245,44.01648365374149,569.7294729649661,conditional_source_only_not_network_or_full_range_validated,176.06593461496598,2413.205464070854,False
1.0,S2b,143.05357187465984,47.68452395821994,565.6464458500153,conditional_source_only_not_network_or_full_range_validated,190.73809583287976,2413.205464070854,False
1.0,S2b,154.0576927880952,51.3525642626984,561.5872116369828,conditional_source_only_not_network_or_full_range_validated,205.4102570507936,2413.205464070854,False
1.0,S2b,165.06181370153055,55.02060456717685,557.5517703258687,conditional_source_only_not_network_or_full_range_validated,220.0824182687074,2413.205464070854,False
1.0,S2b,176.06593461496595,58.68864487165531,553.5401219166731,conditional_source_only_not_network_or_full_range_validated,234.75457948662125,2413.205464070854,False
1.0,S2b,187.07005552840133,62.35668517613377,549.5522664093958,conditional_source_only_not_network_or_full_range_validated,249.4267407045351,2413.205464070854,False
1.0,S2b,198.0741764418367,66.02472548061223,545.5882038040369,conditional_source_only_not_network_or_full_range_validated,264.09890192244893,2413.205464070854,False
1.0,S2b,209.07829735527207,69.69276578509069,541.6479341005963,conditional_source_only_not_network_or_full_range_validated,278.77106314036274,2413.205464070854,False
1.0,S2b,220.0824182687074,73.36080608956914,537.7314572990742,conditional_source_only_not_network_or_full_range_validated,293.44322435827655,2413.2054640708543,False
1.0,S2b,231.0865391821428,77.0288463940476,533.8387733994705,conditional_source_only_not_network_or_full_range_validated,308.1153855761904,2413.2054640708543,False
1.0,S2b,242.0906600955782,80.69688669852606,529.9698824017851,conditional_source_only_not_network_or_full_range_validated,322.78754679410423,2413.205464070854,False
1.0,S2b,253.0947810090136,84.36492700300452,526.1247843060181,conditional_source_only_not_network_or_full_range_validated,337.4597080120181,2413.205464070854,False
1.0,S2b,264.09890192244893,88.03296730748298,522.3034791121695,conditional_source_only_not_network_or_full_range_validated,352.1318692299319,2413.2054640708543,False
1.0,S2b,275.10302283588425,91.70100761196142,518.5059668202393,conditional_source_only_not_network_or_full_range_validated,366.80403044784566,2413.205464070854,True
1.0,S2b,286.1071437493197,95.36904791643988,514.7322474302275,conditional_source_only_not_network_or_full_range_validated,381.47619166575953,2413.205464070854,True
1.0,S2b,297.11126466275505,99.03708822091836,510.9823209421341,conditional_source_only_not_network_or_full_range_validated,396.1483528836734,2413.205464070854,True
1.0,S2b,308.1153855761904,102.7051285253968,507.256187355959,conditional_source_only_not_network_or_full_range_validated,410.8205141015872,2413.205464070854,True
1.0,S2b,319.1195064896258,106.37316882987528,503.5538466717023,conditional_source_only_not_network_or_full_range_validated,425.4926753195011,2413.2054640708543,True
1.0,S2b,330.1236274030611,110.0412091343537,499.8752988893641,conditional_source_only_not_network_or_full_range_validated,440.1648365374148,2413.205464070854,True
1.0,S2b,341.12774831649654,113.70924943883216,496.22054400894416,conditional_source_only_not_network_or_full_range_validated,454.8369977553287,2413.2054640708543,True
1.0,S2b,352.1318692299319,117.37728974331064,492.5895820304426,conditional_source_only_not_network_or_full_range_validated,469.50915897324256,2413.205464070854,True
1.0,S2b,363.1359901433673,121.0453300477891,488.98241295385947,conditional_source_only_not_network_or_full_range_validated,484.1813201911564,2413.205464070854,True
1.0,S2b,374.14011105680265,124.71337035226756,485.3990367791948,conditional_source_only_not_network_or_full_range_validated,498.85348140907024,2413.205464070854,True
1.0,S2b,385.144231970238,128.381410656746,481.8394535064484,conditional_source_only_not_network_or_full_range_validated,513.525642626984,2413.205464070854,True
1.0,S2b,396.1483528836734,132.0494509612245,478.30366313562047,conditional_source_only_not_network_or_full_range_validated,528.1978038448979,2413.205464070854,False
1.0,S2b,407.1524737971087,135.7174912657029,474.7916656667109,conditional_source_only_not_network_or_full_range_validated,542.8699650628116,2413.205464070854,False
1.0,S2b,418.15659471054414,139.38553157018137,471.30346109971975,conditional_source_only_not_network_or_full_range_validated,557.5421262807255,2413.205464070854,False
1.0,S2b,429.1607156239795,143.05357187465984,467.8390494346469,conditional_source_only_not_network_or_full_range_validated,572.2142874986394,2413.205464070854,False
1.0,S2b,440.1648365374148,146.72161217913828,464.3984306714925,conditional_source_only_not_network_or_full_range_validated,586.8864487165531,2413.2054640708543,False
1.0,S2b,10.57463632766684,4.01106895187363,616.3134802090486,conditional_source_only_not_network_or_full_range_validated,14.58570527954047,2406.791313731387,False
1.0,S2b,21.14927265533368,8.02213790374726,612.067583636471,conditional_source_only_not_network_or_full_range_validated,29.17141055908094,2406.791313731387,False
1.0,S2b,31.72390898300053,12.033206855620891,607.8439549762774,conditional_source_only_not_network_or_full_range_validated,43.757115838621424,2406.791313731387,False
1.0,S2b,42.298545310667365,16.04427580749452,603.6425942284677,conditional_source_only_not_network_or_full_range_validated,58.342821118161886,2406.791313731387,False
1.0,S2b,52.87318163833421,20.05534475936815,599.4635013930421,conditional_source_only_not_network_or_full_range_validated,72.92852639770236,2406.791313731387,False
1.0,S2b,63.44781796600106,24.066413711241783,595.3066764700004,conditional_source_only_not_network_or_full_range_validated,87.51423167724285,2406.791313731387,False
1.0,S2b,74.02245429366789,28.07748266311541,591.1721194593428,conditional_source_only_not_network_or_full_range_validated,102.0999369567833,2406.7913137313867,False
1.0,S2b,84.59709062133473,32.08855161498904,587.0598303610692,conditional_source_only_not_network_or_full_range_validated,116.68564223632377,2406.791313731387,False
1.0,S2b,95.17172694900158,36.09962056686267,582.9698091751795,conditional_source_only_not_network_or_full_range_validated,131.27134751586425,2406.7913137313867,False
1.0,S2b,105.74636327666842,40.1106895187363,578.902055901674,conditional_source_only_not_network_or_full_range_validated,145.8570527954047,2406.791313731387,False
1.0,S2b,116.32099960433528,44.12175847060993,574.8565705405524,conditional_source_only_not_network_or_full_range_validated,160.44275807494523,2406.7913137313876,False
1.0,S2b,126.89563593200212,48.13282742248357,570.8333530918148,conditional_source_only_not_network_or_full_range_validated,175.0284633544857,2406.791313731387,False
1.0,S2b,137.47027225966897,52.14389637435719,566.8324035554613,conditional_source_only_not_network_or_full_range_validated,189.61416863402616,2406.7913137313867,False
1.0,S2b,148.04490858733578,56.15496532623082,562.8537219314917,conditional_source_only_not_network_or_full_range_validated,204.1998739135666,2406.7913137313867,False
1.0,S2b,158.61954491500262,60.166034278104455,558.8973082199061,conditional_source_only_not_network_or_full_range_validated,218.78557919310708,2406.791313731387,False
1.0,S2b,169.19418124266946,64.17710322997809,554.9631624207045,conditional_source_only_not_network_or_full_range_validated,233.37128447264755,2406.791313731387,False
1.0,S2b,179.76881757033632,68.18817218185171,551.051284533887,conditional_source_only_not_network_or_full_range_validated,247.95698975218804,2406.791313731387,False
1.0,S2b,190.3434538980032,72.19924113372534,547.1616745594534,conditional_source_only_not_network_or_full_range_validated,262.5426950317285,2406.7913137313863,False
1.0,S2b,200.91809022567,76.21031008559898,543.2943324974041,conditional_source_only_not_network_or_full_range_validated,277.128400311269,2406.791313731387,False
1.0,S2b,211.49272655333684,80.2213790374726,539.4492583477385,conditional_source_only_not_network_or_full_range_validated,291.7141055908094,2406.791313731387,False
1.0,S2b,222.06736288100367,84.23244798934623,535.6264521104571,conditional_source_only_not_network_or_full_range_validated,306.2998108703499,2406.791313731387,False
1.0,S2b,232.6419992086705,88.24351694121987,531.8259137855596,conditional_source_only_not_network_or_full_range_validated,320.88551614989035,2406.791313731387,False
1.0,S2b,243.2166355363374,92.2545858930935,528.0476433730461,conditional_source_only_not_network_or_full_range_validated,335.4712214294309,2406.7913137313863,False
1.0,S2b,253.79127186400424,96.26565484496714,524.2916408729166,conditional_source_only_not_network_or_full_range_validated,350.0569267089714,2406.791313731387,False
1.0,S2b,264.365908191671,100.27672379684074,520.5579062851712,conditional_source_only_not_network_or_full_range_validated,364.64263198851177,2406.791313731387,True
1.0,S2b,274.9405445193379,104.28779274871438,516.8464396098097,conditional_source_only_not_network_or_full_range_validated,379.22833726805226,2406.791313731387,True
1.0,S2b,285.5151808470048,108.29886170058802,513.1572408468322,conditional_source_only_not_network_or_full_range_validated,393.8140425475928,2406.791313731387,True
1.0,S2b,296.0898171746716,112.30993065246165,509.49030999623886,conditional_source_only_not_network_or_full_range_validated,408.3997478271333,2406.791313731387,True
1.0,S2b,306.66445350233846,116.32099960433528,505.84564705802944,conditional_source_only_not_network_or_full_range_validated,422.98545310667373,2406.7913137313867,True
1.0,S2b,317.23908983000524,120.33206855620892,502.223252032204,conditional_source_only_not_network_or_full_range_validated,437.57115838621417,2406.7913137313867,True
1.0,S2b,327.8137261576721,124.34313750808252,498.6231249187626,conditional_source_only_not_network_or_full_range_validated,452.1568636657546,2406.791313731387,True
1.0,S2b,338.3883624853389,128.35420645995617,495.04526571770526,conditional_source_only_not_network_or_full_range_validated,466.7425689452951,2406.791313731387,True
1.0,S2b,348.9629988130058,132.3652754118298,491.4896744290319,conditional_source_only_not_network_or_full_range_validated,481.3282742248356,2406.7913137313867,True
1.0,S2b,359.53763514067265,136.37634436370342,487.95635105274255,conditional_source_only_not_network_or_full_range_validated,495.9139795043761,2406.791313731387,True
1.0,S2b,370.1122714683394,140.38741331557705,484.4452955888372,conditional_source_only_not_network_or_full_range_validated,510.49968478391645,2406.791313731387,True
1.0,S2b,380.6869077960063,144.39848226745067,480.9565080373158,conditional_source_only_not_network_or_full_range_validated,525.085390063457,2406.7913137313867,False
1.0,S2b,391.2615441236731,148.4095512193243,477.48998839817847,conditional_source_only_not_network_or_full_range_validated,539.6710953429974,2406.791313731387,False
1.0,S2b,401.83618045134,152.42062017119795,474.0457366714252,conditional_source_only_not_network_or_full_range_validated,554.256800622538,2406.791313731387,False
1.0,S2b,412.4108167790069,156.43168912307158,470.6237528570558,conditional_source_only_not_network_or_full_range_validated,568.8425059020785,2406.7913137313876,False
1.0,S2b,422.9854531066737,160.4427580749452,467.2240369550706,conditional_source_only_not_network_or_full_range_validated,583.4282111816188,2406.791313731387,False
1.0,S2b,10.15018358092311,4.350078677538477,616.4127283193747,conditional_source_only_not_network_or_full_range_validated,14.500262258461587,2400.4111698318848,False
1.0,S2b,20.30036716184622,8.700157355076954,612.264666092355,conditional_source_only_not_network_or_full_range_validated,29.000524516923175,2400.4111698318848,False
1.0,S2b,30.45055074276933,13.050236032615432,608.1374580129516,conditional_source_only_not_network_or_full_range_validated,43.50078677538476,2400.4111698318848,False
1.0,S2b,40.60073432369244,17.400314710153907,604.0311040811646,conditional_source_only_not_network_or_full_range_validated,58.00104903384635,2400.4111698318848,False
1.0,S2b,50.75091790461555,21.750393387692384,599.9456042969937,conditional_source_only_not_network_or_full_range_validated,72.50131129230793,2400.4111698318848,False
1.0,S2b,60.90110148553867,26.100472065230864,595.8809586604391,conditional_source_only_not_network_or_full_range_validated,87.00157355076954,2400.4111698318848,False
1.0,S2b,71.05128506646177,30.450550742769337,591.8371671715007,conditional_source_only_not_network_or_full_range_validated,101.50183580923111,2400.4111698318848,False
1.0,S2b,81.20146864738489,34.800629420307814,587.8142298301785,conditional_source_only_not_network_or_full_range_validated,116.0020980676927,2400.4111698318848,False
1.0,S2b,91.35165222830798,39.15070809784629,583.8121466364726,conditional_source_only_not_network_or_full_range_validated,130.50236032615427,2400.4111698318848,False
1.0,S2b,101.5018358092311,43.50078677538477,579.8309175903828,conditional_source_only_not_network_or_full_range_validated,145.00262258461586,2400.4111698318848,False
1.0,S2b,111.6520193901542,47.850865452923244,575.8705426919092,conditional_source_only_not_network_or_full_range_validated,159.50288484307742,2400.4111698318843,False
1.0,S2b,121.80220297107734,52.20094413046173,571.931021941052,conditional_source_only_not_network_or_full_range_validated,174.00314710153907,2400.4111698318848,False
1.0,S2b,131.95238655200043,56.5510228080002,568.0123553378111,conditional_source_only_not_network_or_full_range_validated,188.50340936000063,2400.4111698318848,False
1.0,S2b,142.10257013292355,60.90110148553868,564.1145428821862,conditional_source_only_not_network_or_full_range_validated,203.00367161846222,2400.4111698318843,False
1.0,S2b,152.25275371384663,65.25118016307714,560.2375845741776,conditional_source_only_not_network_or_full_range_validated,217.50393387692378,2400.4111698318848,False
1.0,S2b,162.40293729476977,69.60125884061563,556.3814804137852,conditional_source_only_not_network_or_full_range_validated,232.0041961353854,2400.4111698318848,False
1.0,S2b,172.55312087569288,73.9513375181541,552.5462304010091,conditional_source_only_not_network_or_full_range_validated,246.504458393847,2400.4111698318843,False
1.0,S2b,182.703304456616,78.30141619569258,548.7318345358493,conditional_source_only_not_network_or_full_range_validated,261.0047206523086,2400.4111698318848,False
1.0,S2b,192.85348803753908,82.65149487323106,544.9382928183056,conditional_source_only_not_network_or_full_range_validated,275.50498291077014,2400.4111698318848,False
1.0,S2b,203.0036716184622,87.00157355076954,541.1656052483783,conditional_source_only_not_network_or_full_range_validated,290.0052451692317,2400.4111698318848,False
1.0,S2b,213.1538551993853,91.351652228308,537.4137718260671,conditional_source_only_not_network_or_full_range_validated,304.5055074276933,2400.411169831885,False
1.0,S2b,223.3040387803084,95.70173090584647,533.682792551372,conditional_source_only_not_network_or_full_range_validated,319.00576968615485,2400.4111698318848,False
1.0,S2b,233.4542223612316,100.05180958338498,529.9726674242933,conditional_source_only_not_network_or_full_range_validated,333.50603194461655,2400.4111698318848,False
1.0,S2b,243.60440594215467,104.40188826092346,526.2833964448308,conditional_source_only_not_network_or_full_range_validated,348.00629420307814,2400.4111698318848,False
1.0,S2b,253.75458952307773,108.75196693846192,522.6149796129845,conditional_source_only_not_network_or_full_range_validated,362.5065564615396,2400.4111698318843,True
1.0,S2b,263.90477310400087,113.1020456160004,518.9674169287545,conditional_source_only_not_network_or_full_range_validated,377.00681872000126,2400.4111698318848,True
1.0,S2b,274.054956684924,117.45212429353889,515.3407083921406,conditional_source_only_not_network_or_full_range_validated,391.50708097846285,2400.4111698318848,True
1.0,S2b,284.2051402658471,121.80220297107736,511.73485400314297,conditional_source_only_not_network_or_full_range_validated,406.00734323692444,2400.4111698318843,True
1.0,S2b,294.3553238467702,126.15228164861584,508.1498537617617,conditional_source_only_not_network_or_full_range_validated,420.50760549538603,2400.4111698318848,True
1.0,S2b,304.50550742769326,130.50236032615427,504.5857076679965,conditional_source_only_not_network_or_full_range_validated,435.00786775384756,2400.4111698318848,True
1.0,S2b,314.65569100861643,134.85243900369278,501.0424157218477,conditional_source_only_not_network_or_full_range_validated,449.5081300123092,2400.4111698318848,True
1.0,S2b,324.80587458953954,139.20251768123126,497.51997792331497,conditional_source_only_not_network_or_full_range_validated,464.0083922707708,2400.4111698318848,True
1.0,S2b,334.95605817046265,143.55259635876973,494.01839427239855,conditional_source_only_not_network_or_full_range_validated,478.5086545292324,2400.4111698318843,True
1.0,S2b,345.10624175138577,147.9026750363082,490.5376647690983,conditional_source_only_not_network_or_full_range_validated,493.008916787694,2400.4111698318843,True
1.0,S2b,355.2564253323088,152.2527537138467,487.0777894134144,conditional_source_only_not_network_or_full_range_validated,507.5091790461555,2400.4111698318848,True
1.0,S2b,365.40660891323193,156.60283239138516,483.6387682053466,conditional_source_only_not_network_or_full_range_validated,522.0094413046171,2400.4111698318848,False
1.0,S2b,375.5567924941551,160.95291106892364,480.2206011448951,conditional_source_only_not_network_or_full_range_validated,536.5097035630788,2400.4111698318848,False
1.0,S2b,385.70697607507816,165.30298974646212,476.8232882320598,conditional_source_only_not_network_or_full_range_validated,551.0099658215403,2400.4111698318848,False
1.0,S2b,395.8571596560013,169.6530684240006,473.4468294668407,conditional_source_only_not_network_or_full_range_validated,565.5102280800019,2400.4111698318848,False
1.0,S2b,406.0073432369244,174.00314710153907,470.09122484923785,conditional_source_only_not_network_or_full_range_validated,580.0104903384635,2400.4111698318848,False
1.0,S2b,9.730674758709878,4.685139698638089,616.5108660076796,conditional_source_only_not_network_or_full_range_validated,14.415814457347967,2394.0647626451632,False
1.0,S2b,19.461349517419755,9.370279397276178,612.4596353640661,conditional_source_only_not_network_or_full_range_validated,28.831628914695933,2394.0647626451632,False
1.0,S2b,29.19202427612964,14.055419095914267,608.4279527631703,conditional_source_only_not_network_or_full_range_validated,43.247443372043904,2394.064762645163,False
1.0,S2b,38.92269903483951,18.74055879455236,604.4158182049919,conditional_source_only_not_network_or_full_range_validated,57.66325782939187,2394.064762645163,False
1.0,S2b,48.65337379354939,23.42569849319045,600.423231689531,conditional_source_only_not_network_or_full_range_validated,72.07907228673984,2394.0647626451632,False
1.0,S2b,58.38404855225927,28.110838191828535,596.4501932167876,conditional_source_only_not_network_or_full_range_validated,86.49488674408781,2394.064762645163,False
1.0,S2b,68.11472331096915,32.795977890466624,592.4967027867617,conditional_source_only_not_network_or_full_range_validated,100.91070120143578,2394.0647626451632,False
1.0,S2b,77.84539806967902,37.48111758910471,588.5627603994533,conditional_source_only_not_network_or_full_range_validated,115.32651565878373,2394.0647626451632,False
1.0,S2b,87.57607282838892,42.16625728774281,584.6483660548624,conditional_source_only_not_network_or_full_range_validated,129.7423301161317,2394.064762645163,False
1.0,S2b,97.30674758709878,46.85139698638089,580.753519752989,conditional_source_only_not_network_or_full_range_validated,144.15814457347966,2394.064762645163,False
1.0,S2b,107.03742234580866,51.53653668501899,576.878221493833,conditional_source_only_not_network_or_full_range_validated,158.57395903082767,2394.0647626451632,False
1.0,S2b,116.76809710451856,56.22167638365708,573.0224712773945,conditional_source_only_not_network_or_full_range_validated,172.98977348817564,2394.064762645163,False
1.0,S2b,126.4987718632284,60.90681608229516,569.1862691036736,conditional_source_only_not_network_or_full_range_validated,187.40558794552356,2394.0647626451632,False
1.0,S2b,136.2294466219383,65.59195578093325,565.3696149726701,conditional_source_only_not_network_or_full_range_validated,201.82140240287157,2394.0647626451632,False
1.0,S2b,145.96012138064816,70.27709547957134,561.5725088843841,conditional_source_only_not_network_or_full_range_validated,216.23721686021952,2394.0647626451632,False
1.0,S2b,155.69079613935804,74.96223517820943,557.7949508388157,conditional_source_only_not_network_or_full_range_validated,230.65303131756747,2394.0647626451632,False
1.0,S2b,165.42147089806792,79.64737487684752,554.0369408359646,conditional_source_only_not_network_or_full_range_validated,245.06884577491545,2394.0647626451632,False
1.0,S2b,175.15214565677783,84.33251457548562,550.2984788758312,conditional_source_only_not_network_or_full_range_validated,259.4846602322634,2394.064762645163,False
1.0,S2b,184.88282041548769,89.0176542741237,546.5795649584152,conditional_source_only_not_network_or_full_range_validated,273.90047468961137,2394.064762645163,False
1.0,S2b,194.6134951741976,93.70279397276178,542.8801990837167,conditional_source_only_not_network_or_full_range_validated,288.3162891469594,2394.0647626451632,False
1.0,S2b,204.34416993290745,98.38793367139988,539.2003812517356,conditional_source_only_not_network_or_full_range_validated,302.7321036043073,2394.0647626451632,False
1.0,S2b,214.07484469161733,103.07307337003796,535.540111462472,conditional_source_only_not_network_or_full_range_validated,317.1479180616553,2394.064762645163,False
1.0,S2b,223.80551945032724,107.75821306867608,531.899389715926,conditional_source_only_not_network_or_full_range_validated,331.56373251900334,2394.0647626451632,False
1.0,S2b,233.5361942090371,112.44335276731417,528.2782160120975,conditional_source_only_not_network_or_full_range_validated,345.97954697635123,2394.064762645163,False
1.0,S2b,243.2668689677469,117.12849246595222,524.6765903509865,conditional_source_only_not_network_or_full_range_validated,360.3953614336991,2394.0647626451637,False
1.0,S2b,252.99754372645685,121.81363216459032,521.0945127325929,conditional_source_only_not_network_or_full_range_validated,374.8111758910472,2394.064762645163,True
1.0,S2b,262.72821848516674,126.49877186322844,517.5319831569168,conditional_source_only_not_network_or_full_range_validated,389.2269903483952,2394.064762645163,True
1.0,S2b,272.4588932438766,131.1839115618665,513.9890016239582,conditional_source_only_not_network_or_full_range_validated,403.64280480574314,2394.0647626451632,True
1.0,S2b,282.1895680025865,135.86905126050462,510.4655681337171,conditional_source_only_not_network_or_full_range_validated,418.05861926309115,2394.0647626451632,True
1.0,S2b,291.9202427612963,140.5541909591427,506.9616826861935,conditional_source_only_not_network_or_full_range_validated,432.47443372043904,2394.0647626451632,True
1.0,S2b,301.65091752000626,145.23933065778078,503.4773452813874,conditional_source_only_not_network_or_full_range_validated,446.89024817778704,2394.0647626451632,True
1.0,S2b,311.3815922787161,149.92447035641885,500.01255591929873,conditional_source_only_not_network_or_full_range_validated,461.30606263513494,2394.0647626451632,True
1.0,S2b,321.112267037426,154.60961005505695,496.5673145999276,conditional_source_only_not_network_or_full_range_validated,475.72187709248294,2394.064762645163,True
1.0,S2b,330.84294179613585,159.29474975369504,493.141621323274,conditional_source_only_not_network_or_full_range_validated,490.1376915498309,2394.0647626451632,True
1.0,S2b,340.5736165548457,163.97988945233314,489.7354760893379,conditional_source_only_not_network_or_full_range_validated,504.55350600717884,2394.0647626451632,False
1.0,S2b,350.30429131355567,168.66502915097124,486.3488788981192,conditional_source_only_not_network_or_full_range_validated,518.9693204645268,2394.064762645163,False
1.0,S2b,360.0349660722655,173.3501688496093,482.9818297496181,conditional_source_only_not_network_or_full_range_validated,533.3851349218749,2394.0647626451632,False
1.0,S2b,369.76564083097537,178.0353085482474,479.6343286438344,conditional_source_only_not_network_or_full_range_validated,547.8009493792227,2394.064762645163,False
1.0,S2b,379.49631558968525,182.7204482468855,476.3063755807682,conditional_source_only_not_network_or_full_range_validated,562.2167638365707,2394.0647626451637,False
1.0,S2b,389.22699034839513,187.4055879455236,472.9979705604195,conditional_source_only_not_network_or_full_range_validated,576.6325782939188,2394.0647626451632,False
1.0,S2b,9.316023982688712,5.016320606063154,616.6079117750819,conditional_source_only_not_network_or_full_range_validated,14.332344588751866,2387.7518252890254,False
1.0,S2b,18.632047965377424,10.032641212126308,612.6525250088494,conditional_source_only_not_network_or_full_range_validated,28.664689177503732,2387.7518252890254,False
1.0,S2b,27.94807194806614,15.048961818189465,608.7154843953124,conditional_source_only_not_network_or_full_range_validated,42.997033766255605,2387.7518252890254,False
1.0,S2b,37.26409593075485,20.06528242425261,604.7967899344713,conditional_source_only_not_network_or_full_range_validated,57.329378355007464,2387.751825289026,False
1.0,S2b,46.58011991344356,25.08160303031577,600.8964416263261,conditional_source_only_not_network_or_full_range_validated,71.66172294375933,2387.7518252890254,False
1.0,S2b,55.89614389613228,30.09792363637893,597.0144394708766,conditional_source_only_not_network_or_full_range_validated,85.99406753251121,2387.7518252890254,False
1.0,S2b,65.21216787882099,35.11424424244208,593.1507834681229,conditional_source_only_not_network_or_full_range_validated,100.32641212126308,2387.751825289025,False
1.0,S2b,74.5281918615097,40.13056484850523,589.305473618065,conditional_source_only_not_network_or_full_range_validated,114.65875671001493,2387.7518252890254,False
1.0,S2b,83.84421584419842,45.146885454568384,585.4785099207029,conditional_source_only_not_network_or_full_range_validated,128.9911012987668,2387.7518252890254,False
1.0,S2b,93.16023982688712,50.16320606063154,581.6698923760365,conditional_source_only_not_network_or_full_range_validated,143.32344588751866,2387.7518252890254,False
1.0,S2b,102.47626380957584,55.17952666669469,577.8796209840662,conditional_source_only_not_network_or_full_range_validated,157.65579047627054,2387.7518252890254,False
1.0,S2b,111.79228779226456,60.19584727275785,574.1076957447914,conditional_source_only_not_network_or_full_range_validated,171.98813506502242,2387.7518252890254,False
1.0,S2b,121.10831177495326,65.212167878821,570.3541166582123,conditional_source_only_not_network_or_full_range_validated,186.32047965377427,2387.7518252890254,False
1.0,S2b,130.42433575764198,70.22848848488415,566.6188837243292,conditional_source_only_not_network_or_full_range_validated,200.65282424252615,2387.7518252890254,False
1.0,S2b,139.74035974033066,75.2448090909473,562.901996943142,conditional_source_only_not_network_or_full_range_validated,214.98516883127797,2387.751825289026,False
1.0,S2b,149.0563837230194,80.26112969701046,559.2034563146503,conditional_source_only_not_network_or_full_range_validated,229.31751342002985,2387.7518252890254,False
1.0,S2b,158.3724077057081,85.27745030307362,555.5232618388545,conditional_source_only_not_network_or_full_range_validated,243.64985800878173,2387.7518252890254,False
1.0,S2b,167.68843168839683,90.29377090913675,551.8614135157546,conditional_source_only_not_network_or_full_range_validated,257.9822025975336,2387.7518252890254,False
1.0,S2b,177.00445567108554,95.31009151519991,548.2179113453504,conditional_source_only_not_network_or_full_range_validated,272.31454718628544,2387.751825289025,False
1.0,S2b,186.32047965377424,100.32641212126308,544.592755327642,conditional_source_only_not_network_or_full_range_validated,286.6468917750373,2387.7518252890254,False
1.0,S2b,195.63650363646292,105.34273272732624,540.9859454626295,conditional_source_only_not_network_or_full_range_validated,300.97923636378914,2387.751825289025,False
1.0,S2b,204.95252761915168,110.35905333338938,537.3974817503126,conditional_source_only_not_network_or_full_range_validated,315.3115809525411,2387.7518252890254,False
1.0,S2b,214.2685516018404,115.37537393945254,533.8273641906916,conditional_source_only_not_network_or_full_range_validated,329.6439255412929,2387.751825289025,False
1.0,S2b,223.58457558452912,120.3916945455157,530.2755927837663,conditional_source_only_not_network_or_full_range_validated,343.97627013004484,2387.7518252890254,False
1.0,S2b,232.9005995672178,125.40801515157884,526.742167529537,conditional_source_only_not_network_or_full_range_validated,358.30861471879666,2387.7518252890254,False
1.0,S2b,242.21662354990653,130.424335757642,523.2270884280034,conditional_source_only_not_network_or_full_range_validated,372.64095930754854,2387.7518252890254,True
1.0,S2b,251.53264753259523,135.44065636370516,519.7303554791655,conditional_source_only_not_network_or_full_range_validated,386.9733038963004,2387.7518252890254,True
1.0,S2b,260.848671515284,140.4569769697683,516.2519686830235,conditional_source_only_not_network_or_full_range_validated,401.3056484850523,2387.751825289025,True
1.0,S2b,270.1646954979727,145.47329757583148,512.7919280395772,conditional_source_only_not_network_or_full_range_validated,415.6379930738042,2387.751825289026,True
1.0,S2b,279.4807194806613,150.4896181818946,509.3502335488268,conditional_source_only_not_network_or_full_range_validated,429.97033766255595,2387.751825289026,True
1.0,S2b,288.79674346335,155.50593878795777,505.9268852107722,conditional_source_only_not_network_or_full_range_validated,444.30268225130783,2387.7518252890254,True
1.0,S2b,298.1127674460388,160.52225939402092,502.5218830254133,conditional_source_only_not_network_or_full_range_validated,458.6350268400597,2387.7518252890254,True
1.0,S2b,307.4287914287275,165.53858000008407,499.13522699275023,conditional_source_only_not_network_or_full_range_validated,472.9673714288116,2387.7518252890254,True
1.0,S2b,316.7448154114162,170.55490060614724,495.76691711278295,conditional_source_only_not_network_or_full_range_validated,487.29971601756347,2387.7518252890254,False
1.0,S2b,326.0608393941049,175.57122121221036,492.4169533855114,conditional_source_only_not_network_or_full_range_validated,501.63206060631524,2387.751825289025,False
1.0,S2b,335.37686337679366,180.58754181827356,489.08533581093576,conditional_source_only_not_network_or_full_range_validated,515.9644051950672,2387.7518252890254,False
1.0,S2b,344.6928873594824,185.6038624243367,485.7720643890559,conditional_source_only_not_network_or_full_range_validated,530.2967497838191,2387.751825289025,False
1.0,S2b,354.0089113421711,190.62018303039983,482.4771391198717,conditional_source_only_not_network_or_full_range_validated,544.6290943725709,2387.751825289025,False
1.0,S2b,363.32493532485984,195.63650363646303,479.2005600033834,conditional_source_only_not_network_or_full_range_validated,558.9614389613229,2387.7518252890254,False
1.0,S2b,372.6409593075485,200.65282424252612,475.9423270395909,conditional_source_only_not_network_or_full_range_validated,573.2937835500746,2387.7518252890254,False
1.0,S2b,8.906147352068066,5.34368841124084,616.7038837146977,conditional_source_only_not_network_or_full_range_validated,14.249835763308905,2381.4720936888502,False
1.0,S2b,17.812294704136132,10.68737682248168,612.8433678833295,conditional_source_only_not_network_or_full_range_validated,28.49967152661781,2381.4720936888502,False
1.0,S2b,26.718442056204204,16.031065233722522,609.0000971999061,conditional_source_only_not_network_or_full_range_validated,42.749507289926726,2381.4720936888507,False
1.0,S2b,35.624589408272264,21.37475364496336,605.1740716644275,conditional_source_only_not_network_or_full_range_validated,56.99934305323562,2381.4720936888502,False
1.0,S2b,44.53073676034033,26.7184420562042,601.3652912768935,conditional_source_only_not_network_or_full_range_validated,71.24917881654453,2381.4720936888502,False
1.0,S2b,53.43688411240841,32.062130467445044,597.5737560373042,conditional_source_only_not_network_or_full_range_validated,85.49901457985345,2381.4720936888507,False
1.0,S2b,62.34303146447647,37.40581887868588,593.7994659456596,conditional_source_only_not_network_or_full_range_validated,99.74885034316235,2381.4720936888507,False
1.0,S2b,71.24917881654453,42.74950728992672,590.0424210019596,conditional_source_only_not_network_or_full_range_validated,113.99868610647124,2381.4720936888502,False
1.0,S2b,80.15532616861259,48.09319570116756,586.3026212062043,conditional_source_only_not_network_or_full_range_validated,128.24852186978015,2381.4720936888502,False
1.0,S2b,89.06147352068066,53.43688411240839,582.5800665583938,conditional_source_only_not_network_or_full_range_validated,142.49835763308906,2381.4720936888502,False
1.0,S2b,97.96762087274872,58.78057252364924,578.874757058528,conditional_source_only_not_network_or_full_range_validated,156.74819339639797,2381.4720936888507,False
1.0,S2b,106.8737682248168,64.12426093489009,575.1866927066068,conditional_source_only_not_network_or_full_range_validated,170.9980291597069,2381.4720936888507,False
1.0,S2b,115.77991557688486,69.46794934613092,571.5158735026303,conditional_source_only_not_network_or_full_range_validated,185.24786492301578,2381.4720936888502,False
1.0,S2b,124.68606292895294,74.81163775737176,567.8622994465984,conditional_source_only_not_network_or_full_range_validated,199.4977006863247,2381.4720936888507,False
1.0,S2b,133.59221028102098,80.15532616861259,564.2259705385113,conditional_source_only_not_network_or_full_range_validated,213.74753644963357,2381.4720936888507,False
1.0,S2b,142.49835763308906,85.49901457985344,560.6068867783689,conditional_source_only_not_network_or_full_range_validated,227.99737221294248,2381.4720936888502,False
1.0,S2b,151.40450498515713,90.84270299109428,557.0050481661712,conditional_source_only_not_network_or_full_range_validated,242.24720797625142,2381.4720936888507,False
1.0,S2b,160.31065233722518,96.18639140233512,553.4204547019181,conditional_source_only_not_network_or_full_range_validated,256.4970437395603,2381.4720936888502,False
1.0,S2b,169.21679968929325,101.53007981357597,549.8531063856097,conditional_source_only_not_network_or_full_range_validated,270.7468795028692,2381.4720936888502,False
1.0,S2b,178.12294704136133,106.8737682248168,546.303003217246,conditional_source_only_not_network_or_full_range_validated,284.9967152661781,2381.4720936888502,False
1.0,S2b,187.02909439342935,112.21745663605763,542.770145196827,conditional_source_only_not_network_or_full_range_validated,299.24655102948697,2381.4720936888507,False
1.0,S2b,195.93524174549745,117.56114504729848,539.2545323243528,conditional_source_only_not_network_or_full_range_validated,313.49638679279593,2381.4720936888507,False
1.0,S2b,204.84138909756555,122.90483345853934,535.7561645998231,conditional_source_only_not_network_or_full_range_validated,327.7462225561049,2381.4720936888502,False
1.0,S2b,213.74753644963363,128.24852186978018,532.2750420232383,conditional_source_only_not_network_or_full_range_validated,341.9960583194138,2381.4720936888507,False
1.0,S2b,222.65368380170167,133.59221028102098,528.8111645945979,conditional_source_only_not_network_or_full_range_validated,356.24589408272266,2381.4720936888507,False
1.0,S2b,231.5598311537697,138.93589869226184,525.3645323139024,conditional_source_only_not_network_or_full_range_validated,370.4957298460315,2381.4720936888502,True
1.0,S2b,240.4659785058378,144.27958710350268,521.9351451811516,conditional_source_only_not_network_or_full_range_validated,384.7455656093405,2381.4720936888507,True
1.0,S2b,249.37212585790587,149.6232755147435,518.5230031963454,conditional_source_only_not_network_or_full_range_validated,398.9954013726494,2381.4720936888507,True
1.0,S2b,258.2782732099739,154.96696392598437,515.1281063594838,conditional_source_only_not_network_or_full_range_validated,413.2452371359583,2381.4720936888502,True
1.0,S2b,267.184420562042,160.31065233722518,511.7504546705672,conditional_source_only_not_network_or_full_range_validated,427.4950728992672,2381.4720936888507,True
1.0,S2b,276.09056791411007,165.65434074846604,508.39004812959496,conditional_source_only_not_network_or_full_range_validated,441.7449086625761,2381.4720936888507,True
1.0,S2b,284.9967152661781,170.99802915970687,505.0468867365676,conditional_source_only_not_network_or_full_range_validated,455.99474442588496,2381.4720936888502,True
1.0,S2b,293.9028626182462,176.3417175709477,501.7209704914848,conditional_source_only_not_network_or_full_range_validated,470.2445801891939,2381.4720936888507,False
1.0,S2b,302.80900997031426,181.68540598218857,498.4122993943468,conditional_source_only_not_network_or_full_range_validated,484.49441595250283,2381.4720936888507,False
1.0,S2b,311.7151573223823,187.02909439342935,495.1208734451535,conditional_source_only_not_network_or_full_range_validated,498.74425171581163,2381.4720936888502,False
1.0,S2b,320.6213046744504,192.37278280467024,491.8466926439048,conditional_source_only_not_network_or_full_range_validated,512.9940874791207,2381.4720936888507,False
1.0,S2b,329.52745202651846,197.7164712159111,488.58975699060073,conditional_source_only_not_network_or_full_range_validated,527.2439232424296,2381.4720936888502,False
1.0,S2b,338.4335993785865,203.0601596271519,485.3500664852415,conditional_source_only_not_network_or_full_range_validated,541.4937590057384,2381.4720936888507,False
1.0,S2b,347.3397467306546,208.4038480383928,482.1276211278269,conditional_source_only_not_network_or_full_range_validated,555.7435947690474,2381.47209368885,False
1.0,S2b,356.24589408272266,213.7475364496336,478.922420918357,conditional_source_only_not_network_or_full_range_validated,569.9934305323562,2381.4720936888502,False
1.0,S2b,8.50096288700711,5.667308591338074,616.7987995228036,conditional_source_only_not_network_or_full_range_validated,14.168271478345185,2375.2253065407713,False
1.0,S2b,17.00192577401422,11.334617182676148,613.0321961615118,conditional_source_only_not_network_or_full_range_validated,28.33654295669037,2375.2253065407713,False
1.0,S2b,25.50288866102133,17.00192577401422,609.2818346101351,conditional_source_only_not_network_or_full_range_validated,42.504814435035556,2375.225306540771,False
1.0,S2b,34.00385154802844,22.669234365352292,605.5477148686733,conditional_source_only_not_network_or_full_range_validated,56.67308591338073,2375.225306540771,False
1.0,S2b,42.50481443503555,28.33654295669037,601.8298369371265,conditional_source_only_not_network_or_full_range_validated,70.84135739172592,2375.225306540771,False
1.0,S2b,51.00577732204267,34.00385154802844,598.1282008154948,conditional_source_only_not_network_or_full_range_validated,85.00962887007111,2375.225306540771,False
1.0,S2b,59.50674020904978,39.67116013936652,594.4428065037781,conditional_source_only_not_network_or_full_range_validated,99.1779003484163,2375.225306540771,False
1.0,S2b,68.00770309605689,45.33846873070459,590.7736540019764,conditional_source_only_not_network_or_full_range_validated,113.34617182676148,2375.2253065407713,False
1.0,S2b,76.50866598306399,51.00577732204267,587.1207433100897,conditional_source_only_not_network_or_full_range_validated,127.51444330510665,2375.225306540771,False
1.0,S2b,85.0096288700711,56.67308591338074,583.484074428118,conditional_source_only_not_network_or_full_range_validated,141.68271478345184,2375.225306540771,False
1.0,S2b,93.51059175707822,62.340394504718816,579.8636473560614,conditional_source_only_not_network_or_full_range_validated,155.85098626179703,2375.225306540771,False
1.0,S2b,102.01155464408534,68.00770309605689,576.2594620939198,conditional_source_only_not_network_or_full_range_validated,170.01925774014222,2375.225306540771,False
1.0,S2b,110.51251753109244,73.67501168739497,572.6715186416931,conditional_source_only_not_network_or_full_range_validated,184.1875292184874,2375.225306540771,False
1.0,S2b,119.01348041809956,79.34232027873304,569.0998169993815,conditional_source_only_not_network_or_full_range_validated,198.3558006968326,2375.225306540771,False
1.0,S2b,127.51444330510664,85.00962887007111,565.5443571669849,conditional_source_only_not_network_or_full_range_validated,212.52407217517776,2375.2253065407713,False
1.0,S2b,136.01540619211377,90.67693746140918,562.0051391445033,conditional_source_only_not_network_or_full_range_validated,226.69234365352295,2375.2253065407713,False
1.0,S2b,144.5163690791209,96.34424605274728,558.4821629319367,conditional_source_only_not_network_or_full_range_validated,240.86061513186817,2375.225306540771,False
1.0,S2b,153.01733196612798,102.01155464408534,554.9754285292852,conditional_source_only_not_network_or_full_range_validated,255.0288866102133,2375.225306540771,False
1.0,S2b,161.5182948531351,107.67886323542342,551.4849359365486,conditional_source_only_not_network_or_full_range_validated,269.1971580885585,2375.2253065407713,False
1.0,S2b,170.0192577401422,113.34617182676148,548.0106851537271,conditional_source_only_not_network_or_full_range_validated,283.3654295669037,2375.225306540771,False
1.0,S2b,178.52022062714934,119.01348041809956,544.5526761808205,conditional_source_only_not_network_or_full_range_validated,297.5337010452489,2375.225306540771,False
1.0,S2b,187.02118351415643,124.68078900943765,541.1109090178289,conditional_source_only_not_network_or_full_range_validated,311.70197252359407,2375.225306540771,False
1.0,S2b,195.52214640116355,130.34809760077573,537.6853836647524,conditional_source_only_not_network_or_full_range_validated,325.8702440019393,2375.2253065407713,False
1.0,S2b,204.02310928817067,136.01540619211377,534.276100121591,conditional_source_only_not_network_or_full_range_validated,340.03851548028445,2375.225306540771,False
1.0,S2b,212.52407217517776,141.68271478345184,530.8830583883445,conditional_source_only_not_network_or_full_range_validated,354.2067869586296,2375.2253065407713,False
1.0,S2b,221.02503506218488,147.35002337478994,527.5062584650129,conditional_source_only_not_network_or_full_range_validated,368.3750584369748,2375.225306540771,True
1.0,S2b,229.525997949192,153.017331966128,524.1457003515965,conditional_source_only_not_network_or_full_range_validated,382.54332991532,2375.2253065407704,True
1.0,S2b,238.02696083619912,158.68464055746608,520.801384048095,conditional_source_only_not_network_or_full_range_validated,396.7116013936652,2375.225306540771,True
1.0,S2b,246.5279237232062,164.35194914880415,517.4733095545085,conditional_source_only_not_network_or_full_range_validated,410.8798728720103,2375.225306540771,True
1.0,S2b,255.0288866102133,170.01925774014222,514.1614768708372,conditional_source_only_not_network_or_full_range_validated,425.0481443503555,2375.2253065407713,True
1.0,S2b,263.5298494972204,175.68656633148032,510.8658859970808,conditional_source_only_not_network_or_full_range_validated,439.21641582870075,2375.2253065407713,True
1.0,S2b,272.03081238422754,181.3538749228184,507.5865369332393,conditional_source_only_not_network_or_full_range_validated,453.38468730704597,2375.2253065407713,False
1.0,S2b,280.53177527123466,187.0211835141565,504.3234296793129,conditional_source_only_not_network_or_full_range_validated,467.5529587853912,2375.2253065407713,False
1.0,S2b,289.0327381582418,192.68849210549453,501.07656423530153,conditional_source_only_not_network_or_full_range_validated,481.7212302637363,2375.225306540771,False
1.0,S2b,297.53370104524885,198.3558006968326,497.84594060120514,conditional_source_only_not_network_or_full_range_validated,495.88950174208145,2375.225306540771,False
1.0,S2b,306.034663932256,204.02310928817067,494.63155877702377,conditional_source_only_not_network_or_full_range_validated,510.0577732204267,2375.2253065407713,False
1.0,S2b,314.5356268192631,209.69041787950877,491.4334187627574,conditional_source_only_not_network_or_full_range_validated,524.2260446987718,2375.2253065407713,False
1.0,S2b,323.0365897062702,215.35772647084684,488.2515205584061,conditional_source_only_not_network_or_full_range_validated,538.394316177117,2375.2253065407713,False
1.0,S2b,331.5375525932773,221.0250350621849,485.0858641639698,conditional_source_only_not_network_or_full_range_validated,552.5625876554623,2375.2253065407713,False
1.0,S2b,340.0385154802844,226.69234365352293,481.9364495794485,conditional_source_only_not_network_or_full_range_validated,566.7308591338074,2375.2253065407713,False
1.0,S2b,8.10039047395221,5.987245132921199,616.892676509638,conditional_source_only_not_network_or_full_range_validated,14.087635606873409,2369.0112052754284,False
1.0,S2b,16.20078094790442,11.974490265842398,613.2190413522349,conditional_source_only_not_network_or_full_range_validated,28.175271213746818,2369.0112052754284,False
1.0,S2b,24.30117142185663,17.9617353987636,609.560739221801,conditional_source_only_not_network_or_full_range_validated,42.26290682062023,2369.0112052754284,False
1.0,S2b,32.40156189580884,23.9489805316848,605.9177701183362,conditional_source_only_not_network_or_full_range_validated,56.350542427493636,2369.011205275428,False
1.0,S2b,40.50195236976104,29.936225664605995,602.2901340418408,conditional_source_only_not_network_or_full_range_validated,70.43817803436704,2369.011205275428,False
1.0,S2b,48.60234284371326,35.9234707975272,598.6778309923146,conditional_source_only_not_network_or_full_range_validated,84.52581364124046,2369.0112052754284,False
1.0,S2b,56.70273331766547,41.9107159304484,595.0808609697576,conditional_source_only_not_network_or_full_range_validated,98.61344924811387,2369.011205275428,False
1.0,S2b,64.80312379161768,47.89796106336959,591.4992239741699,conditional_source_only_not_network_or_full_range_validated,112.70108485498727,2369.0112052754284,False
1.0,S2b,72.90351426556988,53.8852061962908,587.9329200055515,conditional_source_only_not_network_or_full_range_validated,126.78872046186069,2369.011205275428,False
1.0,S2b,81.00390473952208,59.87245132921199,584.3819490639023,conditional_source_only_not_network_or_full_range_validated,140.87635606873408,2369.011205275428,False
1.0,S2b,89.1042952134743,65.8596964621332,580.8463111492224,conditional_source_only_not_network_or_full_range_validated,154.9639916756075,2369.011205275428,False
1.0,S2b,97.20468568742652,71.8469415950544,577.3260062615116,conditional_source_only_not_network_or_full_range_validated,169.05162728248092,2369.0112052754284,False
1.0,S2b,105.30507616137872,77.83418672797559,573.82103440077,conditional_source_only_not_network_or_full_range_validated,183.1392628893543,2369.011205275428,False
1.0,S2b,113.40546663533094,83.8214318608968,570.3313955669978,conditional_source_only_not_network_or_full_range_validated,197.22689849622773,2369.011205275428,False
1.0,S2b,121.50585710928314,89.80867699381798,566.8570897601949,conditional_source_only_not_network_or_full_range_validated,211.31453410310112,2369.011205275428,False
1.0,S2b,129.60624758323536,95.7959221267392,563.398116980361,conditional_source_only_not_network_or_full_range_validated,225.40216970997454,2369.011205275428,False
1.0,S2b,137.70663805718758,101.7831672596604,559.9544772274966,conditional_source_only_not_network_or_full_range_validated,239.489805316848,2369.011205275428,False
1.0,S2b,145.80702853113976,107.7704123925816,556.5261705016012,conditional_source_only_not_network_or_full_range_validated,253.57744092372138,2369.011205275428,False
1.0,S2b,153.90741900509198,113.7576575255028,553.1131968026751,conditional_source_only_not_network_or_full_range_validated,267.6650765305948,2369.011205275428,False
1.0,S2b,162.00780947904417,119.74490265842398,549.7155561307184,conditional_source_only_not_network_or_full_range_validated,281.75271213746817,2369.011205275428,False
1.0,S2b,170.10819995299642,125.7321477913452,546.3332484857308,conditional_source_only_not_network_or_full_range_validated,295.8403477443416,2369.011205275428,False
1.0,S2b,178.2085904269486,131.7193929242664,542.9662738677125,conditional_source_only_not_network_or_full_range_validated,309.927983351215,2369.011205275428,False
1.0,S2b,186.30898090090085,137.7066380571876,539.6146322766635,conditional_source_only_not_network_or_full_range_validated,324.01561895808845,2369.0112052754275,False
1.0,S2b,194.40937137485304,143.6938831901088,536.2783237125836,conditional_source_only_not_network_or_full_range_validated,338.10325456496184,2369.0112052754284,False
1.0,S2b,202.50976184880523,149.68112832302998,532.9573481754732,conditional_source_only_not_network_or_full_range_validated,352.19089017183524,2369.0112052754284,False
1.0,S2b,210.61015232275744,155.66837345595118,529.6517056653316,conditional_source_only_not_network_or_full_range_validated,366.2785257787086,2369.011205275428,True
1.0,S2b,218.7105427967097,161.6556185888724,526.3613961821596,conditional_source_only_not_network_or_full_range_validated,380.3661613855821,2369.011205275428,True
1.0,S2b,226.81093327066188,167.6428637217936,523.0864197259567,conditional_source_only_not_network_or_full_range_validated,394.45379699245547,2369.011205275428,True
1.0,S2b,234.9113237446141,173.63010885471482,519.8267762967231,conditional_source_only_not_network_or_full_range_validated,408.5414325993289,2369.011205275428,True
1.0,S2b,243.01171421856628,179.61735398763597,516.5824658944588,conditional_source_only_not_network_or_full_range_validated,422.62906820620225,2369.011205275428,True
1.0,S2b,251.1121046925185,185.6045991205572,513.3534885191636,conditional_source_only_not_network_or_full_range_validated,436.7167038130757,2369.011205275428,False
1.0,S2b,259.2124951664707,191.5918442534784,510.13984417083776,conditional_source_only_not_network_or_full_range_validated,450.8043394199491,2369.011205275428,False
1.0,S2b,267.31288564042296,197.5790893863996,506.9415328494811,conditional_source_only_not_network_or_full_range_validated,464.8919750268226,2369.011205275428,False
1.0,S2b,275.41327611437515,203.5663345193208,503.75855455509367,conditional_source_only_not_network_or_full_range_validated,478.979610633696,2369.011205275428,False
1.0,S2b,283.5136665883273,209.55357965224195,500.5909092876755,conditional_source_only_not_network_or_full_range_validated,493.06724624056926,2369.0112052754284,False
1.0,S2b,291.6140570622795,215.5408247851632,497.4385970472266,conditional_source_only_not_network_or_full_range_validated,507.15488184744277,2369.011205275428,False
1.0,S2b,299.7144475362318,221.5280699180844,494.30161783374695,conditional_source_only_not_network_or_full_range_validated,521.2425174543162,2369.011205275428,False
1.0,S2b,307.814838010184,227.5153150510056,491.1799716472365,conditional_source_only_not_network_or_full_range_validated,535.3301530611895,2369.011205275428,False
1.0,S2b,315.9152284841361,233.5025601839268,488.07365848769535,conditional_source_only_not_network_or_full_range_validated,549.4177886680629,2369.011205275428,False
1.0,S2b,324.01561895808834,239.489805316848,484.98267835512337,conditional_source_only_not_network_or_full_range_validated,563.5054242749363,2369.011205275428,False
1.0,S2b,7.704351812829475,6.303560574133206,616.9855316098499,conditional_source_only_not_network_or_full_range_validated,14.00791238696268,2362.8295340222944,False
1.0,S2b,15.40870362565895,12.607121148266412,613.4039343160995,conditional_source_only_not_network_or_full_range_validated,28.01582477392536,2362.8295340222944,False
1.0,S2b,23.113055438488423,18.91068172239962,609.8368528127587,conditional_source_only_not_network_or_full_range_validated,42.02373716088805,2362.8295340222953,False
1.0,S2b,30.8174072513179,25.214242296532824,606.284287099828,conditional_source_only_not_network_or_full_range_validated,56.03164954785072,2362.8295340222944,False
1.0,S2b,38.52175906414737,31.517802870666028,602.7462371773072,conditional_source_only_not_network_or_full_range_validated,70.03956193481339,2362.8295340222944,False
1.0,S2b,46.22611087697685,37.82136344479924,599.2227030451962,conditional_source_only_not_network_or_full_range_validated,84.0474743217761,2362.8295340222953,False
1.0,S2b,53.93046268980632,44.12492401893244,595.7136847034951,conditional_source_only_not_network_or_full_range_validated,98.05538670873875,2362.8295340222944,False
1.0,S2b,61.6348145026358,50.42848459306565,592.2191821522039,conditional_source_only_not_network_or_full_range_validated,112.06329909570144,2362.8295340222944,False
1.0,S2b,69.33916631546526,56.73204516719885,588.7391953913227,conditional_source_only_not_network_or_full_range_validated,126.07121148266411,2362.829534022295,False
1.0,S2b,77.04351812829474,63.035605741332056,585.2737244208512,conditional_source_only_not_network_or_full_range_validated,140.07912386962678,2362.8295340222944,False
1.0,S2b,84.74786994112422,69.33916631546526,581.8227692407897,conditional_source_only_not_network_or_full_range_validated,154.0870362565895,2362.829534022295,False
1.0,S2b,92.4522217539537,75.64272688959848,578.3863298511382,conditional_source_only_not_network_or_full_range_validated,168.0949486435522,2362.8295340222953,False
1.0,S2b,100.15657356678317,81.94628746373166,574.9644062518964,conditional_source_only_not_network_or_full_range_validated,182.10286103051482,2362.829534022295,False
1.0,S2b,107.86092537961264,88.24984803786488,571.5569984430646,conditional_source_only_not_network_or_full_range_validated,196.1107734174775,2362.8295340222944,False
1.0,S2b,115.56527719244212,94.5534086119981,568.1641064246426,conditional_source_only_not_network_or_full_range_validated,210.11868580444022,2362.8295340222944,False
1.0,S2b,123.2696290052716,100.8569691861313,564.7857301966305,conditional_source_only_not_network_or_full_range_validated,224.12659819140288,2362.8295340222944,False
1.0,S2b,130.97398081810107,107.16052976026452,561.4218697590284,conditional_source_only_not_network_or_full_range_validated,238.1345105783656,2362.8295340222944,False
1.0,S2b,138.67833263093053,113.4640903343977,558.0725251118362,conditional_source_only_not_network_or_full_range_validated,252.14242296532822,2362.829534022295,False
1.0,S2b,146.38268444375998,119.7676509085309,554.7376962550537,conditional_source_only_not_network_or_full_range_validated,266.1503353522909,2362.8295340222944,False
1.0,S2b,154.08703625658947,126.07121148266413,551.4173831886814,conditional_source_only_not_network_or_full_range_validated,280.1582477392536,2362.829534022295,False
1.0,S2b,161.79138806941896,132.37477205679733,548.1115859127187,conditional_source_only_not_network_or_full_range_validated,294.16616012621625,2362.8295340222944,False
1.0,S2b,169.49573988224844,138.67833263093053,544.820304427166,conditional_source_only_not_network_or_full_range_validated,308.174072513179,2362.829534022295,False
1.0,S2b,177.2000916950779,144.98189320506373,541.5435387320232,conditional_source_only_not_network_or_full_range_validated,322.18198490014163,2362.8295340222944,False
1.0,S2b,184.9044435079074,151.28545377919696,538.2812888272903,conditional_source_only_not_network_or_full_range_validated,336.1898972871044,2362.8295340222953,False
1.0,S2b,192.60879532073685,157.58901435333013,535.0335547129673,conditional_source_only_not_network_or_full_range_validated,350.197809674067,2362.829534022295,False
1.0,S2b,200.3131471335663,163.89257492746333,531.8003363890541,conditional_source_only_not_network_or_full_range_validated,364.20572206102963,2362.829534022295,True
1.0,S2b,208.0174989463958,170.19613550159656,528.581633855551,conditional_source_only_not_network_or_full_range_validated,378.2136344479924,2362.829534022295,True
1.0,S2b,215.72185075922528,176.49969607572976,525.3774471124576,conditional_source_only_not_network_or_full_range_validated,392.221546834955,2362.8295340222944,True
1.0,S2b,223.4262025720548,182.803256649863,522.1877761597741,conditional_source_only_not_network_or_full_range_validated,406.22945922191775,2362.8295340222944,True
1.0,S2b,231.13055438488425,189.1068172239962,519.0126209975006,conditional_source_only_not_network_or_full_range_validated,420.23737160888044,2362.8295340222944,True
1.0,S2b,238.8349061977137,195.4103777981294,515.8519816256369,conditional_source_only_not_network_or_full_range_validated,434.2452839958431,2362.8295340222953,False
1.0,S2b,246.5392580105432,201.7139383722626,512.7058580441832,conditional_source_only_not_network_or_full_range_validated,448.25319638280575,2362.8295340222944,False
1.0,S2b,254.24360982337265,208.0174989463958,509.5742502531392,conditional_source_only_not_network_or_full_range_validated,462.26110876976844,2362.8295340222944,False
1.0,S2b,261.94796163620214,214.32105952052905,506.4571582525053,conditional_source_only_not_network_or_full_range_validated,476.2690211567312,2362.8295340222944,False
1.0,S2b,269.6523134490316,220.6246200946622,503.3545820422812,conditional_source_only_not_network_or_full_range_validated,490.2769335436938,2362.829534022295,False
1.0,S2b,277.35666526186105,226.9281806687954,500.2665216224669,conditional_source_only_not_network_or_full_range_validated,504.28484593065645,2362.829534022295,False
1.0,S2b,285.06101707469054,233.23174124292865,497.1929769930626,conditional_source_only_not_network_or_full_range_validated,518.2927583176192,2362.829534022295,False
1.0,S2b,292.76536888752,239.5353018170618,494.13394815406826,conditional_source_only_not_network_or_full_range_validated,532.3006707045818,2362.8295340222944,False
1.0,S2b,300.4697207003495,245.83886239119505,491.0894351054837,conditional_source_only_not_network_or_full_range_validated,546.3085830915445,2362.829534022294,False
1.0,S2b,308.17407251317894,252.14242296532825,488.059437847309,conditional_source_only_not_network_or_full_range_validated,560.3164954785072,2362.829534022295,False
1.0,S2b,7.312770366020266,6.61631604544691,617.0773813926128,conditional_source_only_not_network_or_full_range_validated,13.929086411467175,2356.6800395745563,False
1.0,S2b,14.625540732040532,13.23263209089382,613.5869052818888,conditional_source_only_not_network_or_full_range_validated,27.85817282293435,2356.6800395745563,False
1.0,S2b,21.9383110980608,19.848948136340727,610.1102163618386,conditional_source_only_not_network_or_full_range_validated,41.78725923440153,2356.6800395745563,False
1.0,S2b,29.251081464081064,26.46526418178764,606.6473146324623,conditional_source_only_not_network_or_full_range_validated,55.7163456458687,2356.6800395745563,False
1.0,S2b,36.563851830101335,33.08158022723455,603.1982000937597,conditional_source_only_not_network_or_full_range_validated,69.64543205733588,2356.6800395745568,False
1.0,S2b,43.8766221961216,39.697896272681454,599.762872745731,conditional_source_only_not_network_or_full_range_validated,83.57451846880306,2356.6800395745563,False
1.0,S2b,51.18939256214187,46.31421231812837,596.3413325883758,conditional_source_only_not_network_or_full_range_validated,97.50360488027025,2356.6800395745563,False
1.0,S2b,58.50216292816213,52.93052836357528,592.9335796216947,conditional_source_only_not_network_or_full_range_validated,111.4326912917374,2356.6800395745563,False
1.0,S2b,65.8149332941824,59.546844409022185,589.5396138456871,conditional_source_only_not_network_or_full_range_validated,125.36177770320458,2356.6800395745568,False
1.0,S2b,73.12770366020267,66.1631604544691,586.1594352603535,conditional_source_only_not_network_or_full_range_validated,139.29086411467176,2356.6800395745568,False
1.0,S2b,80.44047402622293,72.779476499916,582.7930438656936,conditional_source_only_not_network_or_full_range_validated,153.21995052613892,2356.6800395745563,False
1.0,S2b,87.7532443922432,79.39579254536291,579.4404396617074,conditional_source_only_not_network_or_full_range_validated,167.14903693760613,2356.6800395745563,False
1.0,S2b,95.06601475826348,86.01210859080983,576.101622648395,conditional_source_only_not_network_or_full_range_validated,181.0781233490733,2356.6800395745563,False
1.0,S2b,102.37878512428374,92.62842463625674,572.7765928257564,conditional_source_only_not_network_or_full_range_validated,195.0072097605405,2356.6800395745563,False
1.0,S2b,109.691555490304,99.24474068170365,569.4653501937916,conditional_source_only_not_network_or_full_range_validated,208.93629617200764,2356.6800395745568,False
1.0,S2b,117.00432585632426,105.86105672715055,566.1678947525006,conditional_source_only_not_network_or_full_range_validated,222.8653825834748,2356.6800395745563,False
1.0,S2b,124.31709622234452,112.47737277259746,562.8842265018833,conditional_source_only_not_network_or_full_range_validated,236.79446899494198,2356.680039574556,False
1.0,S2b,131.6298665883648,119.09368881804436,559.6143454419398,conditional_source_only_not_network_or_full_range_validated,250.72355540640916,2356.6800395745568,False
1.0,S2b,138.94263695438508,125.71000486349128,556.35825157267,conditional_source_only_not_network_or_full_range_validated,264.6526418178764,2356.6800395745563,False
1.0,S2b,146.25540732040534,132.3263209089382,553.1159448940741,conditional_source_only_not_network_or_full_range_validated,278.5817282293435,2356.6800395745568,False
1.0,S2b,153.5681776864256,138.9426369543851,549.8874254061519,conditional_source_only_not_network_or_full_range_validated,292.51081464081074,2356.6800395745563,False
1.0,S2b,160.88094805244586,145.558952999832,546.6726931089034,conditional_source_only_not_network_or_full_range_validated,306.43990105227783,2356.6800395745563,False
1.0,S2b,168.19371841846615,152.17526904527892,543.4717480023289,conditional_source_only_not_network_or_full_range_validated,320.36898746374504,2356.6800395745563,False
1.0,S2b,175.5064887844864,158.79158509072582,540.2845900864281,conditional_source_only_not_network_or_full_range_validated,334.29807387521225,2356.6800395745563,False
1.0,S2b,182.81925915050667,165.40790113617274,537.1112193612009,conditional_source_only_not_network_or_full_range_validated,348.2271602866794,2356.6800395745563,False
1.0,S2b,190.13202951652696,172.02421718161966,533.9516358266477,conditional_source_only_not_network_or_full_range_validated,362.1562466981466,2356.6800395745563,False
1.0,S2b,197.4447998825472,178.64053322706656,530.8058394827681,conditional_source_only_not_network_or_full_range_validated,376.08533310961377,2356.6800395745568,True
1.0,S2b,204.75757024856748,185.25684927251348,527.6738303295624,conditional_source_only_not_network_or_full_range_validated,390.014419521081,2356.6800395745563,True
1.0,S2b,212.0703406145877,191.8731653179604,524.5556083670305,conditional_source_only_not_network_or_full_range_validated,403.9435059325481,2356.6800395745563,True
1.0,S2b,219.383110980608,198.4894813634073,521.4511735951722,conditional_source_only_not_network_or_full_range_validated,417.8725923440153,2356.6800395745568,False
1.0,S2b,226.69588134662828,205.10579740885424,518.3605260139877,conditional_source_only_not_network_or_full_range_validated,431.8016787554825,2356.6800395745563,False
1.0,S2b,234.0086517126485,211.7221134543011,515.2836656234772,conditional_source_only_not_network_or_full_range_validated,445.7307651669496,2356.6800395745563,False
1.0,S2b,241.3214220786688,218.33842949974803,512.2205924236403,conditional_source_only_not_network_or_full_range_validated,459.6598515784168,2356.6800395745568,False
1.0,S2b,248.63419244468903,224.95474554519487,509.1713064144772,conditional_source_only_not_network_or_full_range_validated,473.5889379898839,2356.6800395745563,False
1.0,S2b,255.94696281070927,231.57106159064185,506.13580759598784,conditional_source_only_not_network_or_full_range_validated,487.5180244013511,2356.6800395745563,False
1.0,S2b,263.2597331767296,238.18737763608877,503.1140959681724,conditional_source_only_not_network_or_full_range_validated,501.4471108128183,2356.6800395745568,False
1.0,S2b,270.57250354274987,244.80369368153563,500.1061715310305,conditional_source_only_not_network_or_full_range_validated,515.3761972242855,2356.6800395745563,False
1.0,S2b,277.88527390877016,251.42000972698256,497.1120342845625,conditional_source_only_not_network_or_full_range_validated,529.3052836357527,2356.6800395745563,False
1.0,S2b,285.19804427479045,258.0363257724295,494.13168422876834,conditional_source_only_not_network_or_full_range_validated,543.23437004722,2356.6800395745563,False
1.0,S2b,292.5108146408107,264.6526418178764,491.1651213636479,conditional_source_only_not_network_or_full_range_validated,557.163456458687,2356.6800395745568,False
1.0,S2b,6.925571309049854,6.925571309049854,617.168242071412,conditional_source_only_not_network_or_full_range_validated,13.851142618099708,2350.562471354537,False
1.0,S2b,13.851142618099708,13.851142618099708,613.7679838624981,conditional_source_only_not_network_or_full_range_validated,27.702285236199415,2350.562471354537,False
1.0,S2b,20.77671392714956,20.77671392714956,610.3808700672686,conditional_source_only_not_network_or_full_range_validated,41.55342785429912,2350.5624713545376,False
1.0,S2b,27.702285236199412,27.702285236199412,607.0069006857235,conditional_source_only_not_network_or_full_range_validated,55.404570472398824,2350.5624713545376,False
1.0,S2b,34.627856545249266,34.627856545249266,603.6460757178628,conditional_source_only_not_network_or_full_range_validated,69.25571309049853,2350.562471354537,False
1.0,S2b,41.55342785429912,41.55342785429912,600.2983951636863,conditional_source_only_not_network_or_full_range_validated,83.10685570859825,2350.5624713545376,False
1.0,S2b,48.47899916334897,48.47899916334897,596.9638590231945,conditional_source_only_not_network_or_full_range_validated,96.95799832669795,2350.5624713545376,False
1.0,S2b,55.40457047239883,55.40457047239883,593.6424672963869,conditional_source_only_not_network_or_full_range_validated,110.80914094479766,2350.562471354537,False
1.0,S2b,62.33014178144868,62.33014178144868,590.3342199832639,conditional_source_only_not_network_or_full_range_validated,124.66028356289736,2350.562471354537,False
1.0,S2b,69.25571309049853,69.25571309049853,587.0391170838252,conditional_source_only_not_network_or_full_range_validated,138.51142618099706,2350.562471354537,False
1.0,S2b,76.18128439954839,76.18128439954839,583.757158598071,conditional_source_only_not_network_or_full_range_validated,152.36256879909678,2350.5624713545376,False
1.0,S2b,83.10685570859825,83.10685570859825,580.4883445260011,conditional_source_only_not_network_or_full_range_validated,166.2137114171965,2350.5624713545376,False
1.0,S2b,90.03242701764809,90.03242701764809,577.2326748676157,conditional_source_only_not_network_or_full_range_validated,180.06485403529618,2350.5624713545376,False
1.0,S2b,96.95799832669796,96.95799832669796,573.9901496229147,conditional_source_only_not_network_or_full_range_validated,193.91599665339592,2350.5624713545376,False
1.0,S2b,103.8835696357478,103.8835696357478,570.7607687918979,conditional_source_only_not_network_or_full_range_validated,207.7671392714956,2350.5624713545376,False
1.0,S2b,110.80914094479766,110.80914094479766,567.5445323745657,conditional_source_only_not_network_or_full_range_validated,221.61828188959532,2350.562471354537,False
1.0,S2b,117.73471225384752,117.73471225384752,564.3414403709179,conditional_source_only_not_network_or_full_range_validated,235.46942450769504,2350.5624713545376,False
1.0,S2b,124.66028356289736,124.66028356289736,561.1514927809545,conditional_source_only_not_network_or_full_range_validated,249.32056712579472,2350.562471354537,False
1.0,S2b,131.58585487194722,131.58585487194722,557.9746896046755,conditional_source_only_not_network_or_full_range_validated,263.17170974389444,2350.5624713545376,False
1.0,S2b,138.51142618099706,138.51142618099706,554.811030842081,conditional_source_only_not_network_or_full_range_validated,277.0228523619941,2350.562471354537,False
1.0,S2b,145.4369974900469,145.4369974900469,551.6605164931708,conditional_source_only_not_network_or_full_range_validated,290.8739949800938,2350.562471354537,False
1.0,S2b,152.36256879909678,152.36256879909678,548.523146557945,conditional_source_only_not_network_or_full_range_validated,304.72513759819356,2350.5624713545376,False
1.0,S2b,159.28814010814665,159.28814010814665,545.3989210364036,conditional_source_only_not_network_or_full_range_validated,318.5762802162933,2350.5624713545376,False
1.0,S2b,166.2137114171965,166.2137114171965,542.2878399285466,conditional_source_only_not_network_or_full_range_validated,332.427422834393,2350.5624713545376,False
1.0,S2b,173.13928272624634,173.13928272624634,539.1899032343741,conditional_source_only_not_network_or_full_range_validated,346.27856545249267,2350.5624713545376,False
1.0,S2b,180.06485403529618,180.06485403529618,536.105110953886,conditional_source_only_not_network_or_full_range_validated,360.12970807059236,2350.5624713545376,False
1.0,S2b,186.99042534434605,186.99042534434605,533.0334630870823,conditional_source_only_not_network_or_full_range_validated,373.9808506886921,2350.562471354538,True
1.0,S2b,193.9159966533959,193.9159966533959,529.974959633963,conditional_source_only_not_network_or_full_range_validated,387.8319933067918,2350.5624713545376,True
1.0,S2b,200.84156796244577,200.84156796244577,526.9296005945281,conditional_source_only_not_network_or_full_range_validated,401.68313592489153,2350.5624713545376,False
1.0,S2b,207.7671392714956,207.7671392714956,523.8973859687776,conditional_source_only_not_network_or_full_range_validated,415.5342785429912,2350.5624713545376,False
1.0,S2b,214.69271058054545,214.69271058054545,520.8783157567115,conditional_source_only_not_network_or_full_range_validated,429.3854211610909,2350.562471354537,False
1.0,S2b,221.61828188959527,221.61828188959527,517.8723899583298,conditional_source_only_not_network_or_full_range_validated,443.23656377919053,2350.5624713545376,False
1.0,S2b,228.5438531986452,228.5438531986452,514.8796085736325,conditional_source_only_not_network_or_full_range_validated,457.0877063972904,2350.5624713545376,False
1.0,S2b,235.46942450769504,235.46942450769504,511.8999716026197,conditional_source_only_not_network_or_full_range_validated,470.9388490153901,2350.5624713545376,False
1.0,S2b,242.39499581674485,242.39499581674485,508.9334790452912,conditional_source_only_not_network_or_full_range_validated,484.7899916334897,2350.5624713545376,False
1.0,S2b,249.32056712579472,249.32056712579472,505.9801309016472,conditional_source_only_not_network_or_full_range_validated,498.64113425158945,2350.562471354537,False
1.0,S2b,256.24613843484457,256.24613843484457,503.0399271716875,conditional_source_only_not_network_or_full_range_validated,512.4922768696891,2350.5624713545376,False
1.0,S2b,263.17170974389444,263.17170974389444,500.1128678554123,conditional_source_only_not_network_or_full_range_validated,526.3434194877889,2350.5624713545376,False
1.0,S2b,270.0972810529443,270.0972810529443,497.1989529528215,conditional_source_only_not_network_or_full_range_validated,540.1945621058886,2350.5624713545376,False
1.0,S2b,277.0228523619941,277.0228523619941,494.2981824639151,conditional_source_only_not_network_or_full_range_validated,554.0457047239883,2350.562471354537,False
1.0,S2b,6.542681482922415,7.231384796914249,617.2581295135226,conditional_source_only_not_network_or_full_range_validated,13.774066279836664,2344.476581379666,False
1.0,S2b,13.08536296584483,14.462769593828495,613.9471990703901,conditional_source_only_not_network_or_full_range_validated,27.548132559673327,2344.476581379666,False
1.0,S2b,19.628044448767245,21.69415439074275,610.6488533646127,conditional_source_only_not_network_or_full_range_validated,41.322198839509994,2344.4765813796657,False
1.0,S2b,26.17072593168966,28.925539187656994,607.3630923961906,conditional_source_only_not_network_or_full_range_validated,55.096265119346654,2344.476581379666,False
1.0,S2b,32.71340741461207,36.15692398457124,604.0899161651238,conditional_source_only_not_network_or_full_range_validated,68.87033139918331,2344.476581379666,False
1.0,S2b,39.25608889753449,43.3883087814855,600.8293246714121,conditional_source_only_not_network_or_full_range_validated,82.64439767901999,2344.4765813796657,False
1.0,S2b,45.79877038045691,50.61969357839974,597.5813179150557,conditional_source_only_not_network_or_full_range_validated,96.41846395885665,2344.4765813796657,False
1.0,S2b,52.34145186337932,57.85107837531399,594.3458958960545,conditional_source_only_not_network_or_full_range_validated,110.19253023869331,2344.476581379666,False
1.0,S2b,58.88413334630173,65.08246317222823,591.1230586144084,conditional_source_only_not_network_or_full_range_validated,123.96659651852997,2344.476581379666,False
1.0,S2b,65.42681482922414,72.31384796914249,587.9128060701177,conditional_source_only_not_network_or_full_range_validated,137.74066279836663,2344.476581379666,False
1.0,S2b,71.96949631214657,79.54523276605674,584.715138263182,conditional_source_only_not_network_or_full_range_validated,151.51472907820332,2344.4765813796657,False
1.0,S2b,78.51217779506898,86.776617562971,581.5300551936017,conditional_source_only_not_network_or_full_range_validated,165.28879535803998,2344.4765813796657,False
1.0,S2b,85.0548592779914,94.00800235988524,578.3575568613766,conditional_source_only_not_network_or_full_range_validated,179.06286163787664,2344.4765813796657,False
1.0,S2b,91.59754076091382,101.23938715679948,575.1976432665066,conditional_source_only_not_network_or_full_range_validated,192.8369279177133,2344.4765813796657,False
1.0,S2b,98.1402222438362,108.47077195371372,572.0503144089919,conditional_source_only_not_network_or_full_range_validated,206.61099419754993,2344.476581379666,False
1.0,S2b,104.68290372675864,115.70215675062798,568.9155702888324,conditional_source_only_not_network_or_full_range_validated,220.38506047738662,2344.476581379666,False
1.0,S2b,111.22558520968109,122.93354154754223,565.7934109060282,conditional_source_only_not_network_or_full_range_validated,234.1591267572233,2344.4765813796657,False
1.0,S2b,117.76826669260346,130.16492634445646,562.683836260579,conditional_source_only_not_network_or_full_range_validated,247.93319303705994,2344.476581379666,False
1.0,S2b,124.3109481755259,137.39631114137077,559.5868463524853,conditional_source_only_not_network_or_full_range_validated,261.7072593168967,2344.476581379666,False
1.0,S2b,130.85362965844828,144.62769593828497,556.5024411817466,conditional_source_only_not_network_or_full_range_validated,275.48132559673326,2344.476581379666,False
1.0,S2b,137.39631114137072,151.85908073519923,553.4306207483633,conditional_source_only_not_network_or_full_range_validated,289.25539187656994,2344.476581379666,False
1.0,S2b,143.93899262429315,159.09046553211348,550.3713850523351,conditional_source_only_not_network_or_full_range_validated,303.02945815640663,2344.4765813796657,False
1.0,S2b,150.48167410721555,166.3218503290277,547.3247340936621,conditional_source_only_not_network_or_full_range_validated,316.80352443624326,2344.4765813796657,False
1.0,S2b,157.02435559013796,173.553235125942,544.2906678723443,conditional_source_only_not_network_or_full_range_validated,330.57759071607995,2344.4765813796657,False
1.0,S2b,163.56703707306036,180.78461992285625,541.2691863883819,conditional_source_only_not_network_or_full_range_validated,344.35165699591664,2344.476581379666,False
1.0,S2b,170.1097185559828,188.01600471977048,538.2602896417745,conditional_source_only_not_network_or_full_range_validated,358.1257232757533,2344.4765813796657,False
1.0,S2b,176.6524000389052,195.2473895166847,535.2639776325224,conditional_source_only_not_network_or_full_range_validated,371.8997895555899,2344.4765813796657,True
1.0,S2b,183.19508152182763,202.47877431359896,532.2802503606255,conditional_source_only_not_network_or_full_range_validated,385.6738558354266,2344.4765813796657,False
1.0,S2b,189.73776300475004,209.71015911051325,529.3091078260838,conditional_source_only_not_network_or_full_range_validated,399.4479221152633,2344.476581379666,False
1.0,S2b,196.2804444876724,216.94154390742744,526.3505500288974,conditional_source_only_not_network_or_full_range_validated,413.22198839509986,2344.476581379666,False
1.0,S2b,202.82312597059484,224.1729287043417,523.4045769690662,conditional_source_only_not_network_or_full_range_validated,426.99605467493654,2344.4765813796657,False
1.0,S2b,209.36580745351728,231.404313501256,520.4711886465902,conditional_source_only_not_network_or_full_range_validated,440.7701209547733,2344.476581379666,False
1.0,S2b,215.9084889364397,238.6356982981702,517.5503850614695,conditional_source_only_not_network_or_full_range_validated,454.5441872346099,2344.476581379666,False
1.0,S2b,222.45117041936211,245.86708309508447,514.6421662137038,conditional_source_only_not_network_or_full_range_validated,468.3182535144466,2344.476581379666,False
1.0,S2b,228.9938519022845,253.0984678919987,511.7465321032935,conditional_source_only_not_network_or_full_range_validated,482.0923197942832,2344.4765813796657,False
1.0,S2b,235.53653338520687,260.3298526889129,508.8634827302384,conditional_source_only_not_network_or_full_range_validated,495.86638607411976,2344.476581379666,False
1.0,S2b,242.07921486812936,267.5612374858272,505.99301809453846,conditional_source_only_not_network_or_full_range_validated,509.64045235395656,2344.476581379666,False
1.0,S2b,248.6218963510518,274.7926222827415,503.13513819619374,conditional_source_only_not_network_or_full_range_validated,523.4145186337933,2344.4765813796657,False
1.0,S2b,255.16457783397425,282.02400707965575,500.2898430352043,conditional_source_only_not_network_or_full_range_validated,537.1885849136299,2344.4765813796657,False
1.0,S2b,261.70725931689657,289.25539187656994,497.45713261157,conditional_source_only_not_network_or_full_range_validated,550.9626511934665,2344.476581379666,False
1.0,S2b,6.164029348038707,7.533813647602867,617.3470592491836,conditional_source_only_not_network_or_full_range_validated,13.697842995641574,2338.4221242289645,False
1.0,S2b,12.328058696077417,15.067627295205734,614.1245793325935,conditional_source_only_not_network_or_full_range_validated,27.395685991283152,2338.4221242289645,False
1.0,S2b,18.492088044116123,22.6014409428086,610.9142049442399,conditional_source_only_not_network_or_full_range_validated,41.093528986924724,2338.422124228964,False
1.0,S2b,24.65611739215483,30.135254590411467,607.7159360841229,conditional_source_only_not_network_or_full_range_validated,54.7913719825663,2338.4221242289645,False
1.0,S2b,30.82014674019354,37.66906823801433,604.5297727522425,conditional_source_only_not_network_or_full_range_validated,68.48921497820787,2338.4221242289645,False
1.0,S2b,36.984176088232246,45.2028818856172,601.3557149485986,conditional_source_only_not_network_or_full_range_validated,82.18705797384945,2338.422124228964,False
1.0,S2b,43.14820543627096,52.73669553322007,598.1937626731913,conditional_source_only_not_network_or_full_range_validated,95.88490096949104,2338.422124228965,False
1.0,S2b,49.31223478430966,60.27050918082293,595.0439159260205,conditional_source_only_not_network_or_full_range_validated,109.58274396513258,2338.4221242289645,False
1.0,S2b,55.47626413234837,67.8043228284258,591.9061747070865,conditional_source_only_not_network_or_full_range_validated,123.28058696077417,2338.422124228965,False
1.0,S2b,61.64029348038708,75.33813647602867,588.780539016389,conditional_source_only_not_network_or_full_range_validated,136.97842995641574,2338.4221242289645,False
1.0,S2b,67.8043228284258,82.87195012363154,585.667008853928,conditional_source_only_not_network_or_full_range_validated,150.67627295205733,2338.422124228965,False
1.0,S2b,73.96835217646449,90.4057637712344,582.5655842197036,conditional_source_only_not_network_or_full_range_validated,164.3741159476989,2338.422124228964,False
1.0,S2b,80.1323815245032,97.93957741883726,579.4762651137158,conditional_source_only_not_network_or_full_range_validated,178.07195894334046,2338.422124228964,False
1.0,S2b,86.29641087254191,105.47339106644014,576.3990515359646,conditional_source_only_not_network_or_full_range_validated,191.76980193898206,2338.4221242289645,False
1.0,S2b,92.4604402205806,113.00720471404298,573.33394348645,conditional_source_only_not_network_or_full_range_validated,205.4676449346236,2338.4221242289645,False
1.0,S2b,98.62446956861932,120.54101836164588,570.280940965172,conditional_source_only_not_network_or_full_range_validated,219.16548793026521,2338.4221242289645,False
1.0,S2b,104.78849891665804,128.07483200924875,567.2400439721306,conditional_source_only_not_network_or_full_range_validated,232.86333092590678,2338.422124228964,False
1.0,S2b,110.95252826469674,135.6086456568516,564.2112525073255,conditional_source_only_not_network_or_full_range_validated,246.56117392154835,2338.422124228965,False
1.0,S2b,117.11655761273543,143.14245930445446,561.1945665707573,conditional_source_only_not_network_or_full_range_validated,260.2590169171899,2338.4221242289645,False
1.0,S2b,123.28058696077416,150.67627295205733,558.1899861624255,conditional_source_only_not_network_or_full_range_validated,273.9568599128315,2338.4221242289645,False
1.0,S2b,129.44461630881287,158.21008659966017,555.1975112823304,conditional_source_only_not_network_or_full_range_validated,287.65470290847304,2338.4221242289645,False
1.0,S2b,135.6086456568516,165.74390024726307,552.2171419304718,conditional_source_only_not_network_or_full_range_validated,301.35254590411466,2338.422124228965,False
1.0,S2b,141.7726750048903,173.27771389486594,549.2488781068498,conditional_source_only_not_network_or_full_range_validated,315.05038889975623,2338.4221242289645,False
1.0,S2b,147.93670435292898,180.8115275424688,546.2927198114644,conditional_source_only_not_network_or_full_range_validated,328.7482318953978,2338.422124228964,False
1.0,S2b,154.1007337009677,188.34534119007165,543.3486670443156,conditional_source_only_not_network_or_full_range_validated,342.44607489103936,2338.422124228964,False
1.0,S2b,160.2647630490064,195.8791548376745,540.4167198054033,conditional_source_only_not_network_or_full_range_validated,356.1439178866809,2338.4221242289645,False
1.0,S2b,166.4287923970451,203.4129684852774,537.4968780947277,conditional_source_only_not_network_or_full_range_validated,369.8417608823225,2338.422124228964,True
1.0,S2b,172.59282174508382,210.9467821328803,534.5891419122885,conditional_source_only_not_network_or_full_range_validated,383.5396038779641,2338.4221242289645,False
1.0,S2b,178.75685109312255,218.48059578048316,531.693511258086,conditional_source_only_not_network_or_full_range_validated,397.2374468736057,2338.422124228964,False
1.0,S2b,184.9208804411612,226.014409428086,528.80998613212,conditional_source_only_not_network_or_full_range_validated,410.9352898692472,2338.4221242289645,False
1.0,S2b,191.08490978919997,233.54822307568887,525.9385665343907,conditional_source_only_not_network_or_full_range_validated,424.6331328648888,2338.422124228964,False
1.0,S2b,197.24893913723864,241.0820367232917,523.0792524648979,conditional_source_only_not_network_or_full_range_validated,438.3309758605303,2338.4221242289645,False
1.0,S2b,203.4129684852774,248.6158503708946,520.2320439236418,conditional_source_only_not_network_or_full_range_validated,452.028818856172,2338.422124228964,False
1.0,S2b,209.57699783331609,256.1496640184975,517.3969409106221,conditional_source_only_not_network_or_full_range_validated,465.72666185181356,2338.422124228964,False
1.0,S2b,215.74102718135475,263.6834776661003,514.573943425839,conditional_source_only_not_network_or_full_range_validated,479.42450484745507,2338.4221242289645,False
1.0,S2b,221.90505652939348,271.2172913137032,511.76305146929263,conditional_source_only_not_network_or_full_range_validated,493.1223478430967,2338.422124228965,False
1.0,S2b,228.0690858774322,278.75110496130605,508.9642650409828,conditional_source_only_not_network_or_full_range_validated,506.82019083873826,2338.422124228964,False
1.0,S2b,234.2331152254709,286.2849186089089,506.1775841409095,conditional_source_only_not_network_or_full_range_validated,520.5180338343798,2338.4221242289645,False
1.0,S2b,240.3971445735096,293.8187322565118,503.4030087690728,conditional_source_only_not_network_or_full_range_validated,534.2158768300214,2338.4221242289645,False
1.0,S2b,246.56117392154832,301.35254590411466,500.64053892547264,conditional_source_only_not_network_or_full_range_validated,547.913719825663,2338.4221242289645,False
1.0,S2b,5.789544939635358,7.8329137418596035,617.4350464804844,conditional_source_only_not_network_or_full_range_validated,13.622458681494962,2332.39885701006,False
1.0,S2b,11.579089879270716,15.665827483719209,614.3001525052586,conditional_source_only_not_network_or_full_range_validated,27.244917362989924,2332.39885701006,False
1.0,S2b,17.368634818906077,23.49874122557881,611.1769627683328,conditional_source_only_not_network_or_full_range_validated,40.867376044484885,2332.3988570100605,False
1.0,S2b,23.158179758541436,31.33165496743841,608.0654772697072,conditional_source_only_not_network_or_full_range_validated,54.48983472597985,2332.3988570100605,False
1.0,S2b,28.94772469817679,39.16456870929802,604.9656960093816,conditional_source_only_not_network_or_full_range_validated,68.11229340747481,2332.3988570100605,False
1.0,S2b,34.737269637812155,46.99748245115763,601.8776189873562,conditional_source_only_not_network_or_full_range_validated,81.73475208896978,2332.3988570100605,False
1.0,S2b,40.52681457744751,54.83039619301724,598.801246203631,conditional_source_only_not_network_or_full_range_validated,95.35721077046475,2332.3988570100605,False
1.0,S2b,46.31635951708287,62.66330993487683,595.7365776582058,conditional_source_only_not_network_or_full_range_validated,108.9796694519597,2332.39885701006,False
1.0,S2b,52.10590445671822,70.49622367673643,592.6836133510807,conditional_source_only_not_network_or_full_range_validated,122.60212813345466,2332.3988570100605,False
1.0,S2b,57.89544939635358,78.32913741859603,589.6423532822557,conditional_source_only_not_network_or_full_range_validated,136.22458681494962,2332.3988570100605,False
1.0,S2b,63.68499433598894,86.16205116045565,586.6127974517308,conditional_source_only_not_network_or_full_range_validated,149.8470454964446,2332.3988570100605,False
1.0,S2b,69.47453927562431,93.99496490231526,583.5949458595061,conditional_source_only_not_network_or_full_range_validated,163.46950417793957,2332.3988570100605,False
1.0,S2b,75.26408421525966,101.82787864417486,580.5887985055815,conditional_source_only_not_network_or_full_range_validated,177.09196285943452,2332.39885701006,False
1.0,S2b,81.05362915489502,109.66079238603449,577.594355389957,conditional_source_only_not_network_or_full_range_validated,190.7144215409295,2332.3988570100605,False
1.0,S2b,86.84317409453037,117.49370612789409,574.6116165126324,conditional_source_only_not_network_or_full_range_validated,204.33688022242444,2332.3988570100605,False
1.0,S2b,92.63271903416572,125.32661986975366,571.6405818736082,conditional_source_only_not_network_or_full_range_validated,217.9593389039194,2332.3988570100605,False
1.0,S2b,98.4222639738011,133.15953361161328,568.681251472884,conditional_source_only_not_network_or_full_range_validated,231.5817975854144,2332.398857010061,False
1.0,S2b,104.21180891343644,140.99244735347287,565.7336253104598,conditional_source_only_not_network_or_full_range_validated,245.2042562669093,2332.3988570100605,False
1.0,S2b,110.0013538530718,148.82536109533248,562.7977033863358,conditional_source_only_not_network_or_full_range_validated,258.8267149484043,2332.3988570100605,False
1.0,S2b,115.79089879270715,156.65827483719207,559.873485700512,conditional_source_only_not_network_or_full_range_validated,272.44917362989924,2332.3988570100605,False
1.0,S2b,121.5804437323425,164.49118857905168,556.9609722529882,conditional_source_only_not_network_or_full_range_validated,286.0716323113942,2332.398857010061,False
1.0,S2b,127.36998867197788,172.3241023209113,554.0601630437645,conditional_source_only_not_network_or_full_range_validated,299.6940909928892,2332.3988570100605,False
1.0,S2b,133.15953361161323,180.1570160627709,551.171058072841,conditional_source_only_not_network_or_full_range_validated,313.31654967438413,2332.3988570100605,False
1.0,S2b,138.94907855124862,187.9899298046305,548.2936573402175,conditional_source_only_not_network_or_full_range_validated,326.9390083558791,2332.3988570100605,False
1.0,S2b,144.73862349088395,195.82284354649008,545.4279608458943,conditional_source_only_not_network_or_full_range_validated,340.56146703737403,2332.3988570100605,False
1.0,S2b,150.52816843051932,203.6557572883497,542.573968589871,conditional_source_only_not_network_or_full_range_validated,354.183925718869,2332.3988570100605,False
1.0,S2b,156.31771337015468,211.4886710302093,539.7316805721479,conditional_source_only_not_network_or_full_range_validated,367.806384400364,2332.3988570100605,False
1.0,S2b,162.10725830979004,219.32158477206892,536.9010967927248,conditional_source_only_not_network_or_full_range_validated,381.428843081859,2332.3988570100605,False
1.0,S2b,167.8968032494254,227.15449851392853,534.082217251602,conditional_source_only_not_network_or_full_range_validated,395.05130176335393,2332.398857010061,False
1.0,S2b,173.68634818906074,234.98741225578812,531.2750419487793,conditional_source_only_not_network_or_full_range_validated,408.6737604448489,2332.3988570100605,False
1.0,S2b,179.4758931286961,242.82032599764773,528.4795708842565,conditional_source_only_not_network_or_full_range_validated,422.29621912634383,2332.3988570100605,False
1.0,S2b,185.26543806833143,250.6532397395073,525.6958040580339,conditional_source_only_not_network_or_full_range_validated,435.9186778078388,2332.3988570100605,False
1.0,S2b,191.05498300796685,258.48615348136696,522.9237414701115,conditional_source_only_not_network_or_full_range_validated,449.5411364893338,2332.39885701006,False
1.0,S2b,196.8445279476022,266.31906722322657,520.1633831204892,conditional_source_only_not_network_or_full_range_validated,463.1635951708288,2332.398857010061,False
1.0,S2b,202.63407288723752,274.1519809650861,517.414729009167,conditional_source_only_not_network_or_full_range_validated,476.7860538523237,2332.3988570100605,False
1.0,S2b,208.42361782687288,281.98489470694574,514.6777791361447,conditional_source_only_not_network_or_full_range_validated,490.4085125338186,2332.3988570100605,False
1.0,S2b,214.21316276650825,289.8178084488053,511.9525335014228,conditional_source_only_not_network_or_full_range_validated,504.03097121531357,2332.3988570100605,False
1.0,S2b,220.0027077061436,297.65072219066496,509.2389921050009,conditional_source_only_not_network_or_full_range_validated,517.6534298968086,2332.3988570100605,False
1.0,S2b,225.79225264577897,305.4836359325246,506.5371549468791,conditional_source_only_not_network_or_full_range_validated,531.2758885783036,2332.3988570100605,False
1.0,S2b,231.5817975854143,313.31654967438413,503.8470220270574,conditional_source_only_not_network_or_full_range_validated,544.8983472597985,2332.3988570100605,False
1.0,S2b,5.419159824687511,8.12873973703127,617.5221060899713,conditional_source_only_not_network_or_full_range_validated,13.54789956171878,2326.4065393267038,False
1.0,S2b,10.838319649375022,16.25747947406254,614.473945887786,conditional_source_only_not_network_or_full_range_validated,27.09579912343756,2326.4065393267038,False
1.0,S2b,16.257479474062535,24.38621921109381,611.4371640874548,conditional_source_only_not_network_or_full_range_validated,40.643698685156345,2326.4065393267033,False
1.0,S2b,21.676639298750043,32.51495894812508,608.4117606889776,conditional_source_only_not_network_or_full_range_validated,54.19159824687512,2326.4065393267038,False
1.0,S2b,27.09579912343755,40.643698685156345,605.3977356923541,conditional_source_only_not_network_or_full_range_validated,67.7394978085939,2326.4065393267033,False
1.0,S2b,32.51495894812507,48.77243842218762,602.3950890975844,conditional_source_only_not_network_or_full_range_validated,81.28739737031269,2326.4065393267033,False
1.0,S2b,37.93411877281258,56.90117815921889,599.4038209046689,conditional_source_only_not_network_or_full_range_validated,94.83529693203147,2326.4065393267038,False
1.0,S2b,43.353278597500086,65.02991789625015,596.4239311136072,conditional_source_only_not_network_or_full_range_validated,108.38319649375023,2326.4065393267038,False
1.0,S2b,48.77243842218759,73.15865763328142,593.4554197243993,conditional_source_only_not_network_or_full_range_validated,121.93109605546901,2326.4065393267033,False
1.0,S2b,54.1915982468751,81.28739737031269,590.4982867370454,conditional_source_only_not_network_or_full_range_validated,135.4789956171878,2326.4065393267033,False
1.0,S2b,59.61075807156262,89.41613710734397,587.5525321515455,conditional_source_only_not_network_or_full_range_validated,149.02689517890659,2326.4065393267033,False
1.0,S2b,65.02991789625014,97.54487684437524,584.6181559678995,conditional_source_only_not_network_or_full_range_validated,162.57479474062538,2326.4065393267033,False
1.0,S2b,70.44907772093764,105.6736165814065,581.6951581861073,conditional_source_only_not_network_or_full_range_validated,176.12269430234414,2326.4065393267033,False
1.0,S2b,75.86823754562516,113.80235631843776,578.7835388061691,conditional_source_only_not_network_or_full_range_validated,189.67059386406294,2326.4065393267038,False
1.0,S2b,81.28739737031265,121.93109605546904,575.8832978280848,conditional_source_only_not_network_or_full_range_validated,203.21849342578167,2326.406539326703,False
1.0,S2b,86.70655719500017,130.0598357925003,572.9944352518544,conditional_source_only_not_network_or_full_range_validated,216.76639298750047,2326.4065393267038,False
1.0,S2b,92.12571701968768,138.1885755295316,570.1169510774779,conditional_source_only_not_network_or_full_range_validated,230.31429254921926,2326.4065393267033,False
1.0,S2b,97.54487684437518,146.31731526656284,567.2508453049553,conditional_source_only_not_network_or_full_range_validated,243.86219211093803,2326.4065393267033,False
1.0,S2b,102.96403666906272,154.44605500359413,564.3961179342866,conditional_source_only_not_network_or_full_range_validated,257.41009167265685,2326.4065393267038,False
1.0,S2b,108.3831964937502,162.57479474062538,561.5527689654718,conditional_source_only_not_network_or_full_range_validated,270.9579912343756,2326.4065393267033,False
1.0,S2b,113.80235631843772,170.70353447765666,558.7207983985111,conditional_source_only_not_network_or_full_range_validated,284.5058907960944,2326.4065393267033,False
1.0,S2b,119.22151614312524,178.83227421468794,555.9002062334041,conditional_source_only_not_network_or_full_range_validated,298.05379035781317,2326.4065393267033,False
1.0,S2b,124.64067596781275,186.9610139517192,553.090992470151,conditional_source_only_not_network_or_full_range_validated,311.60168991953196,2326.4065393267038,False
1.0,S2b,130.05983579250028,195.08975368875048,550.293157108752,conditional_source_only_not_network_or_full_range_validated,325.14958948125076,2326.4065393267033,False
1.0,S2b,135.47899561718776,203.21849342578173,547.5067001492068,conditional_source_only_not_network_or_full_range_validated,338.6974890429695,2326.4065393267038,False
1.0,S2b,140.89815544187528,211.347233162813,544.7316215915156,conditional_source_only_not_network_or_full_range_validated,352.2453886046883,2326.4065393267033,False
1.0,S2b,146.3173152665628,219.4759728998443,541.9679214356782,conditional_source_only_not_network_or_full_range_validated,365.7932881664071,2326.4065393267033,False
1.0,S2b,151.73647509125033,227.60471263687555,539.2155996816947,conditional_source_only_not_network_or_full_range_validated,379.3411877281259,2326.4065393267038,False
1.0,S2b,157.15563491593784,235.73345237390683,536.4746563295652,conditional_source_only_not_network_or_full_range_validated,392.88908728984467,2326.4065393267033,False
1.0,S2b,162.5747947406253,243.86219211093805,533.7450913792896,conditional_source_only_not_network_or_full_range_validated,406.43698685156335,2326.4065393267033,False
1.0,S2b,167.9939545653128,251.9909318479693,531.0269048308679,conditional_source_only_not_network_or_full_range_validated,419.9848864132821,2326.4065393267033,False
1.0,S2b,173.41311439000037,260.1196715850006,528.3200966843001,conditional_source_only_not_network_or_full_range_validated,433.532785975001,2326.4065393267038,False
1.0,S2b,178.83227421468786,268.24841132203187,525.6246669395862,conditional_source_only_not_network_or_full_range_validated,447.0806855367197,2326.4065393267038,False
1.0,S2b,184.25143403937537,276.3771510590632,522.9406155967263,conditional_source_only_not_network_or_full_range_validated,460.6285850984385,2326.4065393267033,False
1.0,S2b,189.67059386406285,284.5058907960944,520.2679426557202,conditional_source_only_not_network_or_full_range_validated,474.17648466015726,2326.4065393267033,False
1.0,S2b,195.0897536887504,292.6346305331257,517.6066481165681,conditional_source_only_not_network_or_full_range_validated,487.7243842218761,2326.4065393267033,False
1.0,S2b,200.5089135134379,300.76337027015694,514.9567319792698,conditional_source_only_not_network_or_full_range_validated,501.27228378359484,2326.4065393267033,False
1.0,S2b,205.92807333812544,308.89211000718825,512.3181942438255,conditional_source_only_not_network_or_full_range_validated,514.8201833453137,2326.4065393267038,False
1.0,S2b,211.34723316281293,317.0208497442195,509.6910349102351,conditional_source_only_not_network_or_full_range_validated,528.3680829070324,2326.4065393267038,False
1.0,S2b,216.7663929875004,325.1495894812508,507.0752539784986,conditional_source_only_not_network_or_full_range_validated,541.9159824687513,2326.4065393267038,False
1.0,S2b,5.052807060219074,8.421345100365123,617.6082526489852,conditional_source_only_not_network_or_full_range_validated,13.474152160584197,2320.444933246783,False
1.0,S2b,10.105614120438148,16.842690200730246,614.6459862365427,conditional_source_only_not_network_or_full_range_validated,26.948304321168393,2320.444933246783,False
1.0,S2b,15.158421180657225,25.26403530109537,611.6948454566833,conditional_source_only_not_network_or_full_range_validated,40.42245648175259,2320.444933246783,False
1.0,S2b,20.21122824087629,33.68538040146049,608.7548303094067,conditional_source_only_not_network_or_full_range_validated,53.89660864233679,2320.4449332467834,False
1.0,S2b,25.26403530109537,42.106725501825615,605.8259407947129,conditional_source_only_not_network_or_full_range_validated,67.37076080292098,2320.4449332467825,False
1.0,S2b,30.31684236131445,50.528070602190745,602.9081769126018,conditional_source_only_not_network_or_full_range_validated,80.8449129635052,2320.444933246783,False
1.0,S2b,35.36964942153352,58.94941570255587,600.0015386630737,conditional_source_only_not_network_or_full_range_validated,94.31906512408939,2320.444933246783,False
1.0,S2b,40.42245648175259,67.37076080292098,597.1060260461285,conditional_source_only_not_network_or_full_range_validated,107.79321728467357,2320.444933246783,False
1.0,S2b,45.475263541971664,75.79210590328611,594.2216390617662,conditional_source_only_not_network_or_full_range_validated,121.26736944525777,2320.444933246783,False
1.0,S2b,50.52807060219074,84.21345100365123,591.3483777099867,conditional_source_only_not_network_or_full_range_validated,134.74152160584197,2320.4449332467825,False
1.0,S2b,55.58087766240981,92.63479610401636,588.4862419907901,conditional_source_only_not_network_or_full_range_validated,148.21567376642616,2320.4449332467825,False
1.0,S2b,60.6336847226289,101.05614120438148,585.6352319041763,conditional_source_only_not_network_or_full_range_validated,161.68982592701036,2320.444933246783,False
1.0,S2b,65.68649178284795,109.4774863047466,582.7953474501453,conditional_source_only_not_network_or_full_range_validated,175.16397808759456,2320.444933246783,False
1.0,S2b,70.73929884306705,117.89883140511174,579.9665886286973,conditional_source_only_not_network_or_full_range_validated,188.63813024817878,2320.444933246783,False
1.0,S2b,75.79210590328611,126.32017650547684,577.1489554398321,conditional_source_only_not_network_or_full_range_validated,202.11228240876295,2320.444933246783,False
1.0,S2b,80.84491296350518,134.74152160584197,574.3424478835497,conditional_source_only_not_network_or_full_range_validated,215.58643456934715,2320.444933246783,False
1.0,S2b,85.89772002372426,143.1628667062071,571.5470659598501,conditional_source_only_not_network_or_full_range_validated,229.06058672993134,2320.444933246783,False
1.0,S2b,90.95052708394331,151.58421180657223,568.7628096687334,conditional_source_only_not_network_or_full_range_validated,242.53473889051554,2320.444933246783,False
1.0,S2b,96.0033341441624,160.00555690693733,565.9896790101997,conditional_source_only_not_network_or_full_range_validated,256.00889105109974,2320.444933246783,False
1.0,S2b,101.05614120438148,168.42690200730246,563.2276739842488,conditional_source_only_not_network_or_full_range_validated,269.48304321168393,2320.4449332467825,False
1.0,S2b,106.10894826460054,176.8482471076676,560.4767945908808,conditional_source_only_not_network_or_full_range_validated,282.95719537226813,2320.444933246783,False
1.0,S2b,111.16175532481962,185.2695922080327,557.7370408300956,conditional_source_only_not_network_or_full_range_validated,296.4313475328523,2320.444933246783,False
1.0,S2b,116.21456238503872,193.69093730839785,555.0084127018932,conditional_source_only_not_network_or_full_range_validated,309.9054996934366,2320.4449332467834,False
1.0,S2b,121.2673694452578,202.11228240876295,552.2909102062737,conditional_source_only_not_network_or_full_range_validated,323.3796518540207,2320.444933246783,False
1.0,S2b,126.32017650547684,210.53362750912808,549.584533343237,conditional_source_only_not_network_or_full_range_validated,336.8538040146049,2320.444933246783,False
1.0,S2b,131.3729835656959,218.9549726094932,546.8892821127832,conditional_source_only_not_network_or_full_range_validated,350.3279561751891,2320.444933246783,False
1.0,S2b,136.425790625915,227.3763177098583,544.2051565149123,conditional_source_only_not_network_or_full_range_validated,363.8021083357733,2320.4449332467825,False
1.0,S2b,141.4785976861341,235.79766281022347,541.5321565496243,conditional_source_only_not_network_or_full_range_validated,377.27626049635757,2320.444933246783,False
1.0,S2b,146.53140474635316,244.2190079105886,538.8702822169191,conditional_source_only_not_network_or_full_range_validated,390.75041265694176,2320.4449332467825,False
1.0,S2b,151.58421180657223,252.64035301095367,536.2195335167968,conditional_source_only_not_network_or_full_range_validated,404.2245648175259,2320.444933246783,False
1.0,S2b,156.6370188667913,261.06169811131883,533.5799104492573,conditional_source_only_not_network_or_full_range_validated,417.69871697811016,2320.444933246783,False
1.0,S2b,161.68982592701036,269.48304321168393,530.9514130143007,conditional_source_only_not_network_or_full_range_validated,431.1728691386943,2320.444933246783,False
1.0,S2b,166.74263298722946,277.9043883120491,528.334041211927,conditional_source_only_not_network_or_full_range_validated,444.64702129927855,2320.444933246783,False
1.0,S2b,171.79544004744852,286.3257334124142,525.7277950421361,conditional_source_only_not_network_or_full_range_validated,458.1211734598627,2320.444933246783,False
1.0,S2b,176.8482471076676,294.7470785127793,523.132674504928,conditional_source_only_not_network_or_full_range_validated,471.5953256204469,2320.444933246783,False
1.0,S2b,181.90105416788663,303.16842361314445,520.5486796003029,conditional_source_only_not_network_or_full_range_validated,485.0694777810311,2320.444933246783,False
1.0,S2b,186.9538612281057,311.5897687135096,517.9758103282605,conditional_source_only_not_network_or_full_range_validated,498.54362994161534,2320.444933246783,False
1.0,S2b,192.0066682883248,320.01111381387466,515.414066688801,conditional_source_only_not_network_or_full_range_validated,512.0177821021995,2320.444933246783,False
1.0,S2b,197.0594753485439,328.4324589142398,512.8634486819244,conditional_source_only_not_network_or_full_range_validated,525.4919342627837,2320.444933246783,False
1.0,S2b,202.11228240876292,336.8538040146049,510.3239563076306,conditional_source_only_not_network_or_full_range_validated,538.9660864233679,2320.4449332467825,False
1.0,S2b,4.690421152967198,8.710782141224797,617.6935004257401,conditional_source_only_not_network_or_full_range_validated,13.401203294191994,2314.5138032708355,False
1.0,S2b,9.380842305934395,17.421564282449594,614.816299778178,conditional_source_only_not_network_or_full_range_validated,26.802406588383988,2314.5138032708355,False
1.0,S2b,14.071263458901592,26.132346423674388,611.9500427513241,conditional_source_only_not_network_or_full_range_validated,40.20360988257598,2314.5138032708364,False
1.0,S2b,18.76168461186879,34.84312856489919,609.0947293451784,conditional_source_only_not_network_or_full_range_validated,53.604813176767976,2314.5138032708355,False
1.0,S2b,23.452105764835984,43.55391070612398,606.2503595597409,conditional_source_only_not_network_or_full_range_validated,67.00601647095996,2314.513803270836,False
1.0,S2b,28.142526917803185,52.264692847348776,603.4169333950117,conditional_source_only_not_network_or_full_range_validated,80.40721976515196,2314.5138032708364,False
1.0,S2b,32.83294807077038,60.97547498857357,600.5944508509906,conditional_source_only_not_network_or_full_range_validated,93.80842305934395,2314.513803270836,False
1.0,S2b,37.52336922373758,69.68625712979838,597.7829119276778,conditional_source_only_not_network_or_full_range_validated,107.20962635353595,2314.5138032708355,False
1.0,S2b,42.21379037670478,78.39703927102316,594.9823166250733,conditional_source_only_not_network_or_full_range_validated,120.61082964772794,2314.513803270836,False
1.0,S2b,46.90421152967197,87.10782141224796,592.1926649431769,conditional_source_only_not_network_or_full_range_validated,134.01203294191993,2314.513803270836,False
1.0,S2b,51.59463268263918,95.81860355347276,589.4139568819886,conditional_source_only_not_network_or_full_range_validated,147.41323623611194,2314.513803270836,False
1.0,S2b,56.28505383560637,104.52938569469757,586.6461924415087,conditional_source_only_not_network_or_full_range_validated,160.81443953030393,2314.5138032708364,False
1.0,S2b,60.975474988573566,113.24016783592236,583.8893716217369,conditional_source_only_not_network_or_full_range_validated,174.21564282449594,2314.513803270836,False
1.0,S2b,65.66589614154076,121.95094997714716,581.1434944226734,conditional_source_only_not_network_or_full_range_validated,187.61684611868793,2314.513803270836,False
1.0,S2b,70.35631729450796,130.66173211837193,578.408560844318,conditional_source_only_not_network_or_full_range_validated,201.0180494128799,2314.5138032708355,False
1.0,S2b,75.04673844747516,139.37251425959676,575.6845708866709,conditional_source_only_not_network_or_full_range_validated,214.4192527070719,2314.5138032708355,False
1.0,S2b,79.73715960044235,148.08329640082152,572.9715245497321,conditional_source_only_not_network_or_full_range_validated,227.8204560012639,2314.513803270836,False
1.0,S2b,84.42758075340956,156.79407854204632,570.2694218335014,conditional_source_only_not_network_or_full_range_validated,241.22165929545588,2314.513803270836,False
1.0,S2b,89.11800190637675,165.50486068327112,567.5782627379788,conditional_source_only_not_network_or_full_range_validated,254.62286258964787,2314.513803270836,False
1.0,S2b,93.80842305934394,174.21564282449592,564.8980472631645,conditional_source_only_not_network_or_full_range_validated,268.02406588383985,2314.513803270836,False
1.0,S2b,98.49884421231114,182.9264249657207,562.2287754090585,conditional_source_only_not_network_or_full_range_validated,281.42526917803184,2314.5138032708355,False
1.0,S2b,103.18926536527836,191.63720710694557,559.5704471756607,conditional_source_only_not_network_or_full_range_validated,294.82647247222394,2314.513803270836,False
1.0,S2b,107.87968651824556,200.34798924817036,556.923062562971,conditional_source_only_not_network_or_full_range_validated,308.2276757664159,2314.5138032708364,False
1.0,S2b,112.57010767121274,209.0587713893951,554.2866215709896,conditional_source_only_not_network_or_full_range_validated,321.62887906060786,2314.5138032708364,False
1.0,S2b,117.26052882417991,217.76955353061987,551.6611241997165,conditional_source_only_not_network_or_full_range_validated,335.0300823547998,2314.513803270836,False
1.0,S2b,121.95094997714712,226.4803356718447,549.0465704491514,conditional_source_only_not_network_or_full_range_validated,348.43128564899183,2314.5138032708364,False
1.0,S2b,126.64137113011432,235.1911178130695,546.4429603192946,conditional_source_only_not_network_or_full_range_validated,361.8324889431838,2314.513803270836,False
1.0,S2b,131.3317922830815,243.9018999542943,543.850293810146,conditional_source_only_not_network_or_full_range_validated,375.2336922373758,2314.513803270836,False
1.0,S2b,136.02221343604873,252.61268209551912,541.2685709217056,conditional_source_only_not_network_or_full_range_validated,388.63489553156785,2314.513803270836,False
1.0,S2b,140.71263458901592,261.32346423674386,538.6977916539736,conditional_source_only_not_network_or_full_range_validated,402.0360988257598,2314.5138032708355,False
1.0,S2b,145.4030557419831,270.03424637796866,536.1379560069496,conditional_source_only_not_network_or_full_range_validated,415.43730211995177,2314.513803270836,False
1.0,S2b,150.09347689495033,278.7450285191935,533.5890639806339,conditional_source_only_not_network_or_full_range_validated,428.8385054141438,2314.5138032708355,False
1.0,S2b,154.78389804791752,287.45581066041825,531.0511155750264,conditional_source_only_not_network_or_full_range_validated,442.2397087083358,2314.5138032708364,False
1.0,S2b,159.4743192008847,296.16659280164305,528.5241107901271,conditional_source_only_not_network_or_full_range_validated,455.6409120025278,2314.513803270836,False
1.0,S2b,164.1647403538519,304.87737494286785,526.008049625936,conditional_source_only_not_network_or_full_range_validated,469.04211529671977,2314.513803270836,False
1.0,S2b,168.85516150681912,313.58815708409264,523.5029320824532,conditional_source_only_not_network_or_full_range_validated,482.44331859091176,2314.513803270836,False
1.0,S2b,173.5455826597863,322.29893922531744,521.0087581596786,conditional_source_only_not_network_or_full_range_validated,495.84452188510375,2314.513803270836,False
1.0,S2b,178.2360038127535,331.00972136654224,518.5255278576121,conditional_source_only_not_network_or_full_range_validated,509.24572517929573,2314.513803270836,False
1.0,S2b,182.92642496572068,339.72050350776703,516.0532411762539,conditional_source_only_not_network_or_full_range_validated,522.6469284734877,2314.513803270836,False
1.0,S2b,187.61684611868787,348.43128564899183,513.5918981156038,conditional_source_only_not_network_or_full_range_validated,536.0481317676797,2314.513803270836,False
1.0,S2b,4.331938020349965,8.997102042265315,617.7778633931517,conditional_source_only_not_network_or_full_range_validated,13.329040062615281,2308.6129163010373,False
1.0,S2b,8.66387604069993,17.99420408453063,614.9849122225546,conditional_source_only_not_network_or_full_range_validated,26.658080125230562,2308.6129163010373,False
1.0,S2b,12.9958140610499,26.991306126795948,612.2027911822186,conditional_source_only_not_network_or_full_range_validated,39.987120187845846,2308.6129163010373,False
1.0,S2b,17.32775208139986,35.98840816906126,609.4315002721437,conditional_source_only_not_network_or_full_range_validated,53.316160250461124,2308.6129163010373,False
1.0,S2b,21.659690101749828,44.98551021132658,606.6710394923304,conditional_source_only_not_network_or_full_range_validated,66.6452003130764,2308.6129163010373,False
1.0,S2b,25.9916281220998,53.982612253591896,603.9214088427781,conditional_source_only_not_network_or_full_range_validated,79.97424037569169,2308.6129163010373,False
1.0,S2b,30.32356614244976,62.97971429585721,601.1826083234871,conditional_source_only_not_network_or_full_range_validated,93.30328043830697,2308.612916301038,False
1.0,S2b,34.65550416279972,71.97681633812252,598.4546379344575,conditional_source_only_not_network_or_full_range_validated,106.63232050092225,2308.6129163010373,False
1.0,S2b,38.98744218314969,80.97391838038783,595.7374976756892,conditional_source_only_not_network_or_full_range_validated,119.96136056353751,2308.6129163010373,False
1.0,S2b,43.319380203499655,89.97102042265315,593.031187547182,conditional_source_only_not_network_or_full_range_validated,133.2904006261528,2308.6129163010373,False
1.0,S2b,47.65131822384962,98.96812246491848,590.3357075489362,conditional_source_only_not_network_or_full_range_validated,146.6194406887681,2308.612916301037,False
1.0,S2b,51.9832562441996,107.9652245071838,587.6510576809517,conditional_source_only_not_network_or_full_range_validated,159.9484807513834,2308.6129163010373,False
1.0,S2b,56.315194264549554,116.9623265494491,584.9772379432284,conditional_source_only_not_network_or_full_range_validated,173.27752081399865,2308.6129163010373,False
1.0,S2b,60.64713228489952,125.9594285917144,582.3142483357663,conditional_source_only_not_network_or_full_range_validated,186.6065608766139,2308.6129163010373,False
1.0,S2b,64.97907030524948,134.95653063397972,579.6620888585657,conditional_source_only_not_network_or_full_range_validated,199.9356009392292,2308.6129163010373,False
1.0,S2b,69.31100832559945,143.95363267624504,577.0207595116261,conditional_source_only_not_network_or_full_range_validated,213.2646410018445,2308.6129163010373,False
1.0,S2b,73.64294634594943,152.95073471851038,574.3902602949479,conditional_source_only_not_network_or_full_range_validated,226.59368106445982,2308.612916301038,False
1.0,S2b,77.97488436629938,161.94783676077566,571.7705912085311,conditional_source_only_not_network_or_full_range_validated,239.92272112707502,2308.6129163010373,False
1.0,S2b,82.30682238664934,170.944938803041,569.1617522523753,conditional_source_only_not_network_or_full_range_validated,253.25176118969034,2308.612916301038,False
1.0,S2b,86.63876040699931,179.9420408453063,566.563743426481,conditional_source_only_not_network_or_full_range_validated,266.5808012523056,2308.6129163010373,False
1.0,S2b,90.97069842734928,188.93914288757165,563.9765647308479,conditional_source_only_not_network_or_full_range_validated,279.9098413149209,2308.6129163010373,False
1.0,S2b,95.30263644769924,197.93624492983693,561.4002161654761,conditional_source_only_not_network_or_full_range_validated,293.2388813775362,2308.6129163010373,False
1.0,S2b,99.63457446804922,206.93334697210227,558.8346977303654,conditional_source_only_not_network_or_full_range_validated,306.5679214401515,2308.612916301038,False
1.0,S2b,103.9665124883992,215.9304490143676,556.2800094255161,conditional_source_only_not_network_or_full_range_validated,319.8969615027668,2308.6129163010373,False
1.0,S2b,108.29845050874914,224.9275510566329,553.7361512509282,conditional_source_only_not_network_or_full_range_validated,333.22600156538203,2308.6129163010373,False
1.0,S2b,112.63038852909912,233.9246530988982,551.2031232066014,conditional_source_only_not_network_or_full_range_validated,346.5550416279973,2308.6129163010373,False
1.0,S2b,116.96232654944907,242.92175514116357,548.680925292536,conditional_source_only_not_network_or_full_range_validated,359.8840816906127,2308.6129163010373,False
1.0,S2b,121.29426456979904,251.91885718342883,546.1695575087318,conditional_source_only_not_network_or_full_range_validated,373.2131217532279,2308.612916301038,False
1.0,S2b,125.62620259014902,260.91595922569417,543.6690198551888,conditional_source_only_not_network_or_full_range_validated,386.5421618158432,2308.612916301038,False
1.0,S2b,129.95814061049896,269.91306126795945,541.1793123319072,conditional_source_only_not_network_or_full_range_validated,399.8712018784584,2308.6129163010373,False
1.0,S2b,134.29007863084894,278.9101633102248,538.7004349388869,conditional_source_only_not_network_or_full_range_validated,413.2002419410737,2308.6129163010373,False
1.0,S2b,138.6220166511989,287.90726535249007,536.2323876761278,conditional_source_only_not_network_or_full_range_validated,426.529282003689,2308.6129163010373,False
1.0,S2b,142.95395467154887,296.9043673947554,533.7751705436299,conditional_source_only_not_network_or_full_range_validated,439.85832206630425,2308.6129163010373,False
1.0,S2b,147.28589269189885,305.90146943702075,531.3287835413935,conditional_source_only_not_network_or_full_range_validated,453.18736212891963,2308.612916301038,False
1.0,S2b,151.61783071224878,314.898571479286,528.8932266694181,conditional_source_only_not_network_or_full_range_validated,466.5164021915348,2308.6129163010373,False
1.0,S2b,155.94976873259876,323.8956735215513,526.4684999277041,conditional_source_only_not_network_or_full_range_validated,479.84544225415004,2308.6129163010373,False
1.0,S2b,160.28170675294874,332.89277556381666,524.0546033162514,conditional_source_only_not_network_or_full_range_validated,493.1744823167654,2308.6129163010373,False
1.0,S2b,164.6136447732987,341.889877606082,521.6515368350599,conditional_source_only_not_network_or_full_range_validated,506.5035223793807,2308.612916301038,False
1.0,S2b,168.94558279364867,350.8869796483473,519.2593004841298,conditional_source_only_not_network_or_full_range_validated,519.832562441996,2308.6129163010373,False
1.0,S2b,173.27752081399862,359.8840816906126,516.8778942634608,conditional_source_only_not_network_or_full_range_validated,533.1616025046112,2308.6129163010373,False
1.0,S2b,3.9772949526884274,9.280354889606333,617.8613552364255,conditional_source_only_not_network_or_full_range_validated,13.25764984229476,2302.742041610662,False
1.0,S2b,7.954589905376855,18.560709779212665,615.1518487753066,conditional_source_only_not_network_or_full_range_validated,26.51529968458952,2302.742041610662,False
1.0,S2b,11.931884858065285,27.841064668819,612.4531253106536,conditional_source_only_not_network_or_full_range_validated,39.77294952688429,2302.7420416106615,False
1.0,S2b,15.90917981075371,37.12141955842533,609.7651848424664,conditional_source_only_not_network_or_full_range_validated,53.03059936917904,2302.742041610662,False
1.0,S2b,19.88647476344213,46.40177444803166,607.088027370745,conditional_source_only_not_network_or_full_range_validated,66.28824921147378,2302.742041610661,False
1.0,S2b,23.86376971613057,55.682129337638,604.4216528954896,conditional_source_only_not_network_or_full_range_validated,79.54589905376858,2302.7420416106615,False
1.0,S2b,27.84106466881899,64.96248422724433,601.7660614167002,conditional_source_only_not_network_or_full_range_validated,92.80354889606332,2302.7420416106615,False
1.0,S2b,31.81835962150742,74.24283911685066,599.1212529343766,conditional_source_only_not_network_or_full_range_validated,106.06119873835809,2302.742041610662,False
1.0,S2b,35.795654574195844,83.52319400645699,596.4872274485189,conditional_source_only_not_network_or_full_range_validated,119.31884858065283,2302.742041610662,False
1.0,S2b,39.77294952688427,92.80354889606332,593.863984959127,conditional_source_only_not_network_or_full_range_validated,132.5764984229476,2302.7420416106615,False
1.0,S2b,43.7502444795727,102.08390378566966,591.2515254662011,conditional_source_only_not_network_or_full_range_validated,145.83414826524236,2302.742041610662,False
1.0,S2b,47.72753943226113,111.364258675276,588.649848969741,conditional_source_only_not_network_or_full_range_validated,159.09179810753713,2302.7420416106615,False
1.0,S2b,51.70483438494955,120.64461356488232,586.0589554697469,conditional_source_only_not_network_or_full_range_validated,172.34944794983187,2302.7420416106615,False
1.0,S2b,55.68212933763798,129.92496845448866,583.4788449662185,conditional_source_only_not_network_or_full_range_validated,185.60709779212664,2302.7420416106615,False
1.0,S2b,59.659424290326406,139.205323344095,580.9095174591562,conditional_source_only_not_network_or_full_range_validated,198.8647476344214,2302.7420416106615,False
1.0,S2b,63.63671924301484,148.48567823370132,578.3509729485597,conditional_source_only_not_network_or_full_range_validated,212.12239747671617,2302.742041610662,False
1.0,S2b,67.61401419570326,157.76603312330766,575.8032114344292,conditional_source_only_not_network_or_full_range_validated,225.38004731901094,2302.742041610662,False
1.0,S2b,71.59130914839169,167.04638801291398,573.2662329167645,conditional_source_only_not_network_or_full_range_validated,238.63769716130565,2302.742041610662,False
1.0,S2b,75.56860410108011,176.32674290252032,570.7400373955657,conditional_source_only_not_network_or_full_range_validated,251.89534700360042,2302.7420416106615,False
1.0,S2b,79.54589905376854,185.60709779212664,568.2246248708327,conditional_source_only_not_network_or_full_range_validated,265.1529968458952,2302.7420416106615,False
1.0,S2b,83.52319400645696,194.88745268173295,565.7199953425657,conditional_source_only_not_network_or_full_range_validated,278.4106466881899,2302.7420416106615,False
1.0,S2b,87.5004889591454,204.16780757133927,563.2261488107645,conditional_source_only_not_network_or_full_range_validated,291.66829653048467,2302.7420416106615,False
1.0,S2b,91.47778391183382,213.44816246094567,560.7430852754292,conditional_source_only_not_network_or_full_range_validated,304.9259463727795,2302.7420416106615,False
1.0,S2b,95.45507886452226,222.728517350552,558.2708047365599,conditional_source_only_not_network_or_full_range_validated,318.18359621507426,2302.7420416106615,False
1.0,S2b,99.43237381721067,232.0088722401583,555.8093071941564,conditional_source_only_not_network_or_full_range_validated,331.44124605736897,2302.7420416106615,False
1.0,S2b,103.4096687698991,241.28922712976464,553.3585926482189,conditional_source_only_not_network_or_full_range_validated,344.69889589966374,2302.7420416106615,False
1.0,S2b,107.38696372258752,250.56958201937096,550.9186610987472,conditional_source_only_not_network_or_full_range_validated,357.9565457419585,2302.7420416106615,False
1.0,S2b,111.36425867527596,259.8499369089773,548.4895125457414,conditional_source_only_not_network_or_full_range_validated,371.2141955842533,2302.7420416106615,False
1.0,S2b,115.3415536279644,269.13029179858364,546.0711469892015,conditional_source_only_not_network_or_full_range_validated,384.47184542654804,2302.7420416106615,False
1.0,S2b,119.3188485806528,278.41064668819,543.6635644291275,conditional_source_only_not_network_or_full_range_validated,397.7294952688428,2302.7420416106615,False
1.0,S2b,123.29614353334124,287.6910015777963,541.2667648655192,conditional_source_only_not_network_or_full_range_validated,410.9871451111376,2302.742041610662,False
1.0,S2b,127.27343848602968,296.97135646740264,538.8807482983771,conditional_source_only_not_network_or_full_range_validated,424.24479495343235,2302.742041610662,False
1.0,S2b,131.2507334387181,306.251711357009,536.5055147277006,conditional_source_only_not_network_or_full_range_validated,437.5024447957271,2302.7420416106615,False
1.0,S2b,135.22802839140653,315.53206624661533,534.1410641534902,conditional_source_only_not_network_or_full_range_validated,450.7600946380219,2302.742041610662,False
1.0,S2b,139.20532334409495,324.81242113622164,531.7873965757457,conditional_source_only_not_network_or_full_range_validated,464.0177444803166,2302.7420416106615,False
1.0,S2b,143.18261829678335,334.092776025828,529.444511994467,conditional_source_only_not_network_or_full_range_validated,477.27539432261136,2302.7420416106615,False
1.0,S2b,147.1599132494718,343.3731309154344,527.1124104096542,conditional_source_only_not_network_or_full_range_validated,490.5330441649062,2302.7420416106615,False
1.0,S2b,151.13720820216022,352.65348580504065,524.7910918213073,conditional_source_only_not_network_or_full_range_validated,503.79069400720084,2302.7420416106615,False
1.0,S2b,155.11450315484865,361.93384069464696,522.4805562294263,conditional_source_only_not_network_or_full_range_validated,517.0483438494956,2302.742041610662,False
1.0,S2b,159.09179810753707,371.2141955842533,520.1808036340112,conditional_source_only_not_network_or_full_range_validated,530.3059936917904,2302.7420416106615,False
1.0,S2b,3.626430576636178,9.560589702040836,617.943989360411,conditional_source_only_not_network_or_full_range_validated,13.187020278677014,2296.9009508140116,False
1.0,S2b,7.252861153272356,19.121179404081676,615.3171341500366,conditional_source_only_not_network_or_full_range_validated,26.374040557354032,2296.9009508140116,False
1.0,S2b,10.879291729908534,28.681769106122516,612.7010790628874,conditional_source_only_not_network_or_full_range_validated,39.56106083603105,2296.900950814011,False
1.0,S2b,14.505722306544712,38.24235880816335,610.0958240989632,conditional_source_only_not_network_or_full_range_validated,52.748081114708064,2296.9009508140116,False
1.0,S2b,18.132152883180886,47.80294851020418,607.5013692582639,conditional_source_only_not_network_or_full_range_validated,65.93510139338507,2296.900950814011,False
1.0,S2b,21.758583459817068,57.36353821224503,604.9177145407898,conditional_source_only_not_network_or_full_range_validated,79.1221216720621,2296.900950814011,False
1.0,S2b,25.38501403645325,66.92412791428586,602.3448599465407,conditional_source_only_not_network_or_full_range_validated,92.3091419507391,2296.900950814011,False
1.0,S2b,29.011444613089424,76.48471761632669,599.7828054755166,conditional_source_only_not_network_or_full_range_validated,105.49616222941611,2296.9009508140116,False
1.0,S2b,32.6378751897256,86.04530731836752,597.2315511277176,conditional_source_only_not_network_or_full_range_validated,118.68318250809313,2296.9009508140116,False
1.0,S2b,36.26430576636177,95.60589702040836,594.6910969031436,conditional_source_only_not_network_or_full_range_validated,131.87020278677014,2296.900950814011,False
1.0,S2b,39.89073634299796,105.16648672244922,592.1614428017946,conditional_source_only_not_network_or_full_range_validated,145.05722306544718,2296.9009508140116,False
1.0,S2b,43.517166919634136,114.72707642449004,589.6425888236706,conditional_source_only_not_network_or_full_range_validated,158.2442433441242,2296.9009508140116,False
1.0,S2b,47.14359749627032,124.28766612653088,587.1345349687717,conditional_source_only_not_network_or_full_range_validated,171.4312636228012,2296.9009508140116,False
1.0,S2b,50.77002807290649,133.84825582857172,584.6372812370978,conditional_source_only_not_network_or_full_range_validated,184.6182839014782,2296.900950814011,False
1.0,S2b,54.39645864954266,143.40884553061252,582.150827628649,conditional_source_only_not_network_or_full_range_validated,197.8053041801552,2296.9009508140116,False
1.0,S2b,58.02288922617885,152.96943523265338,579.6751741434254,conditional_source_only_not_network_or_full_range_validated,210.99232445883223,2296.9009508140116,False
1.0,S2b,61.64931980281503,162.53002493469424,577.2103207814265,conditional_source_only_not_network_or_full_range_validated,224.17934473750927,2296.900950814011,False
1.0,S2b,65.2757503794512,172.09061463673504,574.7562675426528,conditional_source_only_not_network_or_full_range_validated,237.36636501618625,2296.9009508140116,False
1.0,S2b,68.90218095608738,181.6512043387759,572.3130144271041,conditional_source_only_not_network_or_full_range_validated,250.5533852948633,2296.9009508140116,False
1.0,S2b,72.52861153272354,191.21179404081676,569.8805614347805,conditional_source_only_not_network_or_full_range_validated,263.74040557354033,2296.9009508140116,False
1.0,S2b,76.15504210935974,200.7723837428576,567.4589085656819,conditional_source_only_not_network_or_full_range_validated,276.92742585221737,2296.9009508140116,False
1.0,S2b,79.78147268599592,210.33297344489844,565.0480558198084,conditional_source_only_not_network_or_full_range_validated,290.11444613089435,2296.9009508140116,False
1.0,S2b,83.40790326263209,219.89356314693924,562.6480031971597,conditional_source_only_not_network_or_full_range_validated,303.30146640957133,2296.900950814011,False
1.0,S2b,87.03433383926827,229.4541528489801,560.2587506977363,conditional_source_only_not_network_or_full_range_validated,316.4884866882484,2296.9009508140116,False
1.0,S2b,90.66076441590444,239.0147425510209,557.8802983215379,conditional_source_only_not_network_or_full_range_validated,329.67550696692535,2296.9009508140116,False
1.0,S2b,94.28719499254063,248.57533225306176,555.5126460685644,conditional_source_only_not_network_or_full_range_validated,342.8625272456024,2296.9009508140116,False
1.0,S2b,97.9136255691768,258.13592195510256,553.155793938816,conditional_source_only_not_network_or_full_range_validated,356.0495475242794,2296.9009508140116,False
1.0,S2b,101.54005614581298,267.69651165714345,550.8097419322928,conditional_source_only_not_network_or_full_range_validated,369.2365678029564,2296.900950814011,False
1.0,S2b,105.16648672244916,277.2571013591843,548.4744900489944,conditional_source_only_not_network_or_full_range_validated,382.42358808163345,2296.9009508140116,False
1.0,S2b,108.79291729908532,286.81769106122505,546.1500382889211,conditional_source_only_not_network_or_full_range_validated,395.6106083603104,2296.9009508140116,False
1.0,S2b,112.4193478757215,296.37828076326593,543.836386652073,conditional_source_only_not_network_or_full_range_validated,408.7976286389874,2296.900950814011,False
1.0,S2b,116.0457784523577,305.9388704653068,541.5335351384497,conditional_source_only_not_network_or_full_range_validated,421.9846489176645,2296.9009508140116,False
1.0,S2b,119.67220902899388,315.49946016734765,539.2414837480516,conditional_source_only_not_network_or_full_range_validated,435.17166919634155,2296.9009508140116,False
1.0,S2b,123.29863960563006,325.0600498693885,536.9602324808785,conditional_source_only_not_network_or_full_range_validated,448.35868947501854,2296.900950814011,False
1.0,S2b,126.9250701822662,334.62063957142925,534.6897813369303,conditional_source_only_not_network_or_full_range_validated,461.54570975369546,2296.9009508140116,False
1.0,S2b,130.5515007589024,344.1812292734701,532.4301303162074,conditional_source_only_not_network_or_full_range_validated,474.7327300323725,2296.9009508140116,False
1.0,S2b,134.17793133553857,353.74181897551097,530.1812794187094,conditional_source_only_not_network_or_full_range_validated,487.91975031104954,2296.900950814011,False
1.0,S2b,137.80436191217476,363.3024086775518,527.9432286444363,conditional_source_only_not_network_or_full_range_validated,501.1067705897266,2296.9009508140116,False
1.0,S2b,141.43079248881094,372.8629983795926,525.7159779933885,conditional_source_only_not_network_or_full_range_validated,514.2937908684036,2296.9009508140116,False
1.0,S2b,145.0572230654471,382.4235880816335,523.4995274655656,conditional_source_only_not_network_or_full_range_validated,527.4808111470807,2296.9009508140116,False
1.0,S2b,3.2792848197717284,9.837854459315183,618.025778896734,conditional_source_only_not_network_or_full_range_validated,13.117139279086912,2291.0894178368007,False
1.0,S2b,6.558569639543457,19.67570891863037,615.4807925801645,conditional_source_only_not_network_or_full_range_validated,26.234278558173827,2291.0894178368007,False
1.0,S2b,9.837854459315189,29.51356337794556,612.9466857443016,conditional_source_only_not_network_or_full_range_validated,39.35141783726075,2291.089417836801,False
1.0,S2b,13.117139279086912,39.35141783726074,610.4234583891456,conditional_source_only_not_network_or_full_range_validated,52.468557116347654,2291.0894178368007,False
1.0,S2b,16.396424098858642,49.18927229657592,607.9111105146964,conditional_source_only_not_network_or_full_range_validated,65.58569639543457,2291.089417836801,False
1.0,S2b,19.675708918630374,59.02712675589112,605.409642120954,conditional_source_only_not_network_or_full_range_validated,78.7028356745215,2291.089417836801,False
1.0,S2b,22.954993738402106,68.86498121520631,602.9190532079185,conditional_source_only_not_network_or_full_range_validated,91.81997495360842,2291.089417836801,False
1.0,S2b,26.234278558173827,78.70283567452148,600.4393437755896,conditional_source_only_not_network_or_full_range_validated,104.93711423269531,2291.0894178368007,False
1.0,S2b,29.513563377945555,88.54069013383666,597.9705138239677,conditional_source_only_not_network_or_full_range_validated,118.05425351178222,2291.089417836801,False
1.0,S2b,32.792848197717284,98.37854459315184,595.5125633530525,conditional_source_only_not_network_or_full_range_validated,131.17139279086913,2291.089417836801,False
1.0,S2b,36.072133017489016,108.21639905246704,593.0654923628442,conditional_source_only_not_network_or_full_range_validated,144.28853206995606,2291.089417836801,False
1.0,S2b,39.35141783726075,118.05425351178224,590.6293008533427,conditional_source_only_not_network_or_full_range_validated,157.405671349043,2291.089417836801,False
1.0,S2b,42.63070265703247,127.89210797109742,588.2039888245478,conditional_source_only_not_network_or_full_range_validated,170.5228106281299,2291.089417836801,False
1.0,S2b,45.90998747680421,137.72996243041263,585.7895562764598,conditional_source_only_not_network_or_full_range_validated,183.63994990721685,2291.089417836801,False
1.0,S2b,49.18927229657592,147.56781688972777,583.3860032090787,conditional_source_only_not_network_or_full_range_validated,196.7570891863037,2291.089417836801,False
1.0,S2b,52.46855711634765,157.40567134904296,580.9933296224044,conditional_source_only_not_network_or_full_range_validated,209.87422846539062,2291.0894178368007,False
1.0,S2b,55.747841936119386,167.24352580835816,578.6115355164369,conditional_source_only_not_network_or_full_range_validated,222.99136774447754,2291.089417836801,False
1.0,S2b,59.02712675589111,177.08138026767332,576.240620891176,conditional_source_only_not_network_or_full_range_validated,236.10850702356444,2291.089417836801,False
1.0,S2b,62.30641157566284,186.9192347269885,573.8805857466222,conditional_source_only_not_network_or_full_range_validated,249.22564630265134,2291.089417836801,False
1.0,S2b,65.58569639543457,196.7570891863037,571.531430082775,conditional_source_only_not_network_or_full_range_validated,262.34278558173827,2291.089417836801,False
1.0,S2b,68.8649812152063,206.5949436456189,569.1931538996347,conditional_source_only_not_network_or_full_range_validated,275.4599248608252,2291.0894178368007,False
1.0,S2b,72.14426603497803,216.43279810493408,566.8657571972012,conditional_source_only_not_network_or_full_range_validated,288.5770641399121,2291.089417836801,False
1.0,S2b,75.42355085474976,226.2706525642493,564.5492399754744,conditional_source_only_not_network_or_full_range_validated,301.69420341899905,2291.0894178368007,False
1.0,S2b,78.7028356745215,236.10850702356447,562.2436022344544,conditional_source_only_not_network_or_full_range_validated,314.811342698086,2291.089417836801,False
1.0,S2b,81.98212049429321,245.94636148287964,559.9488439741414,conditional_source_only_not_network_or_full_range_validated,327.92848197717285,2291.089417836801,False
1.0,S2b,85.26140531406494,255.78421594219483,557.6649651945351,conditional_source_only_not_network_or_full_range_validated,341.0456212562598,2291.089417836801,False
1.0,S2b,88.54069013383668,265.62207040151003,555.3919658956356,conditional_source_only_not_network_or_full_range_validated,354.1627605353467,2291.089417836801,False
1.0,S2b,91.8199749536084,275.45992486082525,553.1298460774428,conditional_source_only_not_network_or_full_range_validated,367.27989981443363,2291.0894178368007,False
1.0,S2b,95.09925977338014,285.2977793201404,550.8786057399569,conditional_source_only_not_network_or_full_range_validated,380.39703909352056,2291.089417836801,False
1.0,S2b,98.37854459315184,295.1356337794556,548.6382448831779,conditional_source_only_not_network_or_full_range_validated,393.51417837260743,2291.089417836801,False
1.0,S2b,101.65782941292358,304.9734882387708,546.4087635071056,conditional_source_only_not_network_or_full_range_validated,406.6313176516944,2291.0894178368007,False
1.0,S2b,104.93711423269532,314.8113426980859,544.1901616117401,conditional_source_only_not_network_or_full_range_validated,419.74845693078123,2291.0894178368007,False
1.0,S2b,108.21639905246704,324.6491971574011,541.9824391970814,conditional_source_only_not_network_or_full_range_validated,432.86559620986816,2291.089417836801,False
1.0,S2b,111.49568387223876,334.4870516167163,539.7855962631295,conditional_source_only_not_network_or_full_range_validated,445.9827354889551,2291.089417836801,False
1.0,S2b,114.77496869201048,344.3249060760315,537.5996328098844,conditional_source_only_not_network_or_full_range_validated,459.09987476804196,2291.0894178368007,False
1.0,S2b,118.05425351178222,354.16276053534665,535.4245488373462,conditional_source_only_not_network_or_full_range_validated,472.2170140471289,2291.089417836801,False
1.0,S2b,121.33353833155395,364.0006149946619,533.2603443455147,conditional_source_only_not_network_or_full_range_validated,485.3341533262158,2291.0894178368007,False
1.0,S2b,124.61282315132568,373.838469453977,531.1070193343899,conditional_source_only_not_network_or_full_range_validated,498.4512926053027,2291.089417836801,False
1.0,S2b,127.89210797109742,383.67632391329226,528.964573803972,conditional_source_only_not_network_or_full_range_validated,511.56843188438967,2291.0894178368007,False
1.0,S2b,131.1713927908691,393.5141783726074,526.833007754261,conditional_source_only_not_network_or_full_range_validated,524.6855711634764,2291.0894178368007,False
1.0,S2b,2.93579887631072,10.112196129514702,618.106736710711,conditional_source_only_not_network_or_full_range_validated,13.047995005825422,2285.3072188869887,False
1.0,S2b,5.871597752621439,20.224392259029404,615.642847830437,conditional_source_only_not_network_or_full_range_validated,26.095990011650844,2285.307218886989,False
1.0,S2b,8.80739662893216,30.336588388544108,613.1899780531884,conditional_source_only_not_network_or_full_range_validated,39.14398501747627,2285.307218886989,False
1.0,S2b,11.74319550524288,40.44878451805881,610.7481273789651,conditional_source_only_not_network_or_full_range_validated,52.19198002330169,2285.3072188869887,False
1.0,S2b,14.6789943815536,50.56098064757351,608.3172958077674,conditional_source_only_not_network_or_full_range_validated,65.23997502912711,2285.307218886989,False
1.0,S2b,17.61479325786432,60.673176777088216,605.8974833395953,conditional_source_only_not_network_or_full_range_validated,78.28797003495254,2285.307218886989,False
1.0,S2b,20.55059213417504,70.78537290660293,603.4886899744484,conditional_source_only_not_network_or_full_range_validated,91.33596504077798,2285.307218886989,False
1.0,S2b,23.48639101048576,80.89756903611762,601.090915712327,conditional_source_only_not_network_or_full_range_validated,104.38396004660338,2285.3072188869887,False
1.0,S2b,26.42218988679648,91.00976516563232,598.7041605532312,conditional_source_only_not_network_or_full_range_validated,117.4319550524288,2285.307218886989,False
1.0,S2b,29.3579887631072,101.12196129514702,596.3284244971607,conditional_source_only_not_network_or_full_range_validated,130.47995005825422,2285.307218886989,False
1.0,S2b,32.29378763941792,111.23415742466176,593.9637075441156,conditional_source_only_not_network_or_full_range_validated,143.5279450640797,2285.307218886989,False
1.0,S2b,35.22958651572864,121.34635355417645,591.6100096940959,conditional_source_only_not_network_or_full_range_validated,156.57594006990507,2285.3072188869887,False
1.0,S2b,38.16538539203936,131.45854968369113,589.2673309471018,conditional_source_only_not_network_or_full_range_validated,169.6239350757305,2285.307218886989,False
1.0,S2b,41.10118426835008,141.57074581320586,586.9356713031331,conditional_source_only_not_network_or_full_range_validated,182.67193008155596,2285.307218886989,False
1.0,S2b,44.0369831446608,151.68294194272053,584.6150307621897,conditional_source_only_not_network_or_full_range_validated,195.71992508738134,2285.3072188869887,False
1.0,S2b,46.97278202097152,161.79513807223523,582.305409324272,conditional_source_only_not_network_or_full_range_validated,208.76792009320675,2285.3072188869887,False
1.0,S2b,49.90858089728224,171.90733420174996,580.0068069893795,conditional_source_only_not_network_or_full_range_validated,221.8159150990322,2285.307218886989,False
1.0,S2b,52.84437977359296,182.01953033126463,577.7192237575125,conditional_source_only_not_network_or_full_range_validated,234.8639101048576,2285.307218886989,False
1.0,S2b,55.78017864990368,192.13172646077936,575.442659628671,conditional_source_only_not_network_or_full_range_validated,247.91190511068305,2285.307218886989,False
1.0,S2b,58.7159775262144,202.24392259029403,573.1771146028549,conditional_source_only_not_network_or_full_range_validated,260.95990011650844,2285.307218886989,False
1.0,S2b,61.65177640252512,212.3561187198088,570.9225886800641,conditional_source_only_not_network_or_full_range_validated,274.00789512233393,2285.3072188869896,False
1.0,S2b,64.58757527883584,222.4683148493235,568.6790818602989,conditional_source_only_not_network_or_full_range_validated,287.0558901281593,2285.3072188869887,False
1.0,S2b,67.52337415514657,232.5805109788382,566.4465941435592,conditional_source_only_not_network_or_full_range_validated,300.10388513398476,2285.307218886989,False
1.0,S2b,70.45917303145728,242.6927071083529,564.2251255298448,conditional_source_only_not_network_or_full_range_validated,313.15188013981015,2285.3072188869887,False
1.0,S2b,73.39497190776798,252.80490323786756,562.0146760191559,conditional_source_only_not_network_or_full_range_validated,326.19987514563553,2285.307218886989,False
1.0,S2b,76.33077078407871,262.91709936738226,559.8152456114925,conditional_source_only_not_network_or_full_range_validated,339.247870151461,2285.307218886989,False
1.0,S2b,79.26656966038944,273.02929549689696,557.6268343068544,conditional_source_only_not_network_or_full_range_validated,352.2958651572864,2285.307218886989,False
1.0,S2b,82.20236853670016,283.1414916264117,555.4494421052418,conditional_source_only_not_network_or_full_range_validated,365.3438601631119,2285.307218886989,False
1.0,S2b,85.13816741301089,293.2536877559264,553.2830690066546,conditional_source_only_not_network_or_full_range_validated,378.3918551689373,2285.3072188869887,False
1.0,S2b,88.07396628932159,303.36588388544106,551.1277150110931,conditional_source_only_not_network_or_full_range_validated,391.4398501747627,2285.3072188869887,False
1.0,S2b,91.0097651656323,313.47808001495576,548.9833801185567,conditional_source_only_not_network_or_full_range_validated,404.48784518058807,2285.307218886989,False
1.0,S2b,93.94556404194304,323.59027614447047,546.8500643290458,conditional_source_only_not_network_or_full_range_validated,417.5358401864135,2285.3072188869887,False
1.0,S2b,96.88136291825376,333.7024722739852,544.7277676425606,conditional_source_only_not_network_or_full_range_validated,430.583835192239,2285.3072188869896,False
1.0,S2b,99.81716179456448,343.8146684034999,542.6164900591006,conditional_source_only_not_network_or_full_range_validated,443.6318301980644,2285.307218886989,False
1.0,S2b,102.75296067087518,353.92686453301457,540.5162315786661,conditional_source_only_not_network_or_full_range_validated,456.6798252038898,2285.3072188869887,False
1.0,S2b,105.68875954718592,364.0390606625293,538.426992201257,conditional_source_only_not_network_or_full_range_validated,469.7278202097152,2285.307218886989,False
1.0,S2b,108.62455842349662,374.151256792044,536.3487719268734,conditional_source_only_not_network_or_full_range_validated,482.77581521554066,2285.307218886989,False
1.0,S2b,111.56035729980736,384.2634529215587,534.2815707555152,conditional_source_only_not_network_or_full_range_validated,495.8238102213661,2285.307218886989,False
1.0,S2b,114.49615617611808,394.3756490510734,532.2253886871823,conditional_source_only_not_network_or_full_range_validated,508.8718052271915,2285.307218886989,False
1.0,S2b,117.4319550524288,404.48784518058807,530.1802257218751,conditional_source_only_not_network_or_full_range_validated,521.9198002330169,2285.307218886989,False
1.0,S2b,2.595915173896912,10.38366069558765,618.1868754080556,conditional_source_only_not_network_or_full_range_validated,12.979575869484563,2279.5541324260516,False
1.0,S2b,5.191830347793824,20.7673213911753,615.8033232081143,conditional_source_only_not_network_or_full_range_validated,25.959151738969126,2279.5541324260516,False
1.0,S2b,7.787745521690736,31.15098208676295,613.4309880941861,conditional_source_only_not_network_or_full_range_validated,38.93872760845369,2279.5541324260516,False
1.0,S2b,10.383660695587649,41.5346427823506,611.0698700662712,conditional_source_only_not_network_or_full_range_validated,51.91830347793825,2279.5541324260516,False
1.0,S2b,12.979575869484558,51.918303477938245,608.7199691243696,conditional_source_only_not_network_or_full_range_validated,64.8978793474228,2279.5541324260516,False
1.0,S2b,15.575491043381472,62.3019641735259,606.3812852684813,conditional_source_only_not_network_or_full_range_validated,77.87745521690738,2279.5541324260516,False
1.0,S2b,18.17140621727838,72.68562486911354,604.0538184986063,conditional_source_only_not_network_or_full_range_validated,90.85703108639191,2279.5541324260516,False
1.0,S2b,20.76732139117529,83.0692855647012,601.7375688147445,conditional_source_only_not_network_or_full_range_validated,103.83660695587649,2279.554132426052,False
1.0,S2b,23.363236565072203,93.45294626028884,599.432536216896,conditional_source_only_not_network_or_full_range_validated,116.81618282536104,2279.554132426052,False
1.0,S2b,25.95915173896912,103.83660695587648,597.1387207050608,conditional_source_only_not_network_or_full_range_validated,129.7957586948456,2279.554132426052,False
1.0,S2b,28.555066912866028,114.22026765146414,594.8561222792389,conditional_source_only_not_network_or_full_range_validated,142.77533456433017,2279.5541324260516,False
1.0,S2b,31.150982086762944,124.6039283470518,592.5847409394302,conditional_source_only_not_network_or_full_range_validated,155.75491043381476,2279.5541324260516,False
1.0,S2b,33.74689726065985,134.98758904263943,590.3245766856348,conditional_source_only_not_network_or_full_range_validated,168.73448630329926,2279.5541324260516,False
1.0,S2b,36.34281243455676,145.37124973822708,588.0756295178527,conditional_source_only_not_network_or_full_range_validated,181.71406217278383,2279.5541324260516,False
1.0,S2b,38.93872760845367,155.75491043381473,585.837899436084,conditional_source_only_not_network_or_full_range_validated,194.6936380422684,2279.5541324260516,False
1.0,S2b,41.53464278235059,166.1385711294024,583.6113864403283,conditional_source_only_not_network_or_full_range_validated,207.673213911753,2279.554132426052,False
1.0,S2b,44.1305579562475,176.52223182499006,581.396090530586,conditional_source_only_not_network_or_full_range_validated,220.65278978123757,2279.554132426052,False
1.0,S2b,46.726473130144406,186.90589252057768,579.192011706857,conditional_source_only_not_network_or_full_range_validated,233.63236565072208,2279.554132426052,False
1.0,S2b,49.322388304041326,197.28955321616536,576.9991499691413,conditional_source_only_not_network_or_full_range_validated,246.6119415202067,2279.554132426052,False
1.0,S2b,51.91830347793823,207.67321391175295,574.8175053174388,conditional_source_only_not_network_or_full_range_validated,259.5915173896912,2279.554132426052,False
1.0,S2b,54.51421865183514,218.05687460734063,572.6470777517496,conditional_source_only_not_network_or_full_range_validated,272.57109325917577,2279.554132426052,False
1.0,S2b,57.110133825732056,228.44053530292828,570.4878672720737,conditional_source_only_not_network_or_full_range_validated,285.55066912866033,2279.5541324260516,False
1.0,S2b,59.70604899962897,238.82419599851596,568.3398738784111,conditional_source_only_not_network_or_full_range_validated,298.53024499814495,2279.554132426052,False
1.0,S2b,62.30196417352589,249.2078566941036,566.2030975707618,conditional_source_only_not_network_or_full_range_validated,311.5098208676295,2279.5541324260516,False
1.0,S2b,64.89787934742279,259.5915173896912,564.0775383491256,conditional_source_only_not_network_or_full_range_validated,324.489396737114,2279.5541324260516,False
1.0,S2b,67.4937945213197,269.97517808527886,561.9631962135029,conditional_source_only_not_network_or_full_range_validated,337.4689726065985,2279.5541324260516,False
1.0,S2b,70.08970969521661,280.3588387808665,559.8600711638933,conditional_source_only_not_network_or_full_range_validated,350.44854847608315,2279.5541324260516,False
1.0,S2b,72.68562486911352,290.74249947645416,557.7681632002972,conditional_source_only_not_network_or_full_range_validated,363.42812434556765,2279.5541324260516,False
1.0,S2b,75.28154004301044,301.1261601720418,555.6874723227141,conditional_source_only_not_network_or_full_range_validated,376.4077002150523,2279.554132426052,False
1.0,S2b,77.87745521690734,311.50982086762946,553.6179985311444,conditional_source_only_not_network_or_full_range_validated,389.3872760845368,2279.5541324260516,False
1.0,S2b,80.47337039080426,321.8934815632172,551.559741825588,conditional_source_only_not_network_or_full_range_validated,402.3668519540215,2279.554132426052,False
1.0,S2b,83.06928556470118,332.2771422588048,549.5127022060449,conditional_source_only_not_network_or_full_range_validated,415.346427823506,2279.554132426052,False
1.0,S2b,85.66520073859809,342.66080295439247,547.476879672515,conditional_source_only_not_network_or_full_range_validated,428.3260036929905,2279.5541324260516,False
1.0,S2b,88.261115912495,353.0444636499801,545.4522742249984,conditional_source_only_not_network_or_full_range_validated,441.30557956247515,2279.554132426052,False
1.0,S2b,90.8570310863919,363.4281243455677,543.4388858634951,conditional_source_only_not_network_or_full_range_validated,454.2851554319596,2279.554132426052,False
1.0,S2b,93.4529462602888,373.81178504115536,541.436714588005,conditional_source_only_not_network_or_full_range_validated,467.26473130144416,2279.554132426052,False
1.0,S2b,96.04886143418574,384.1954457367431,539.4457603985284,conditional_source_only_not_network_or_full_range_validated,480.2443071709289,2279.5541324260516,False
1.0,S2b,98.64477660808264,394.5791064323307,537.4660232950648,conditional_source_only_not_network_or_full_range_validated,493.22388304041334,2279.5541324260516,False
1.0,S2b,101.24069178197956,404.9627671279184,535.4975032776147,conditional_source_only_not_network_or_full_range_validated,506.203458909898,2279.554132426052,False
1.0,S2b,103.83660695587646,415.346427823506,533.5402003461777,conditional_source_only_not_network_or_full_range_validated,519.1830347793825,2279.554132426052,False
1.0,S2b,2.259577341432532,10.652293181039084,618.2662073413844,conditional_source_only_not_network_or_full_range_validated,12.911870522471617,2273.829939140689,False
1.0,S2b,4.519154682865064,21.30458636207817,615.962241573838,conditional_source_only_not_network_or_full_range_validated,25.823741044943233,2273.829939140689,False
1.0,S2b,6.7787320242975975,31.95687954311726,613.669747391371,conditional_source_only_not_network_or_full_range_validated,38.73561156741486,2273.8299391406895,False
1.0,S2b,9.038309365730129,42.60917272415634,611.3887247939837,conditional_source_only_not_network_or_full_range_validated,51.647482089886466,2273.829939140689,False
1.0,S2b,11.29788670716266,53.26146590519542,609.1191737816758,conditional_source_only_not_network_or_full_range_validated,64.55935261235808,2273.829939140689,False
1.0,S2b,13.557464048595197,63.91375908623452,606.8610943544476,conditional_source_only_not_network_or_full_range_validated,77.47122313482971,2273.8299391406895,False
1.0,S2b,15.817041390027727,74.5660522672736,604.614486512299,conditional_source_only_not_network_or_full_range_validated,90.38309365730133,2273.8299391406886,False
1.0,S2b,18.076618731460258,85.21834544831268,602.3793502552298,conditional_source_only_not_network_or_full_range_validated,103.29496417977293,2273.829939140689,False
1.0,S2b,20.33619607289279,95.87063862935176,600.15568558324,conditional_source_only_not_network_or_full_range_validated,116.20683470224455,2273.829939140689,False
1.0,S2b,22.59577341432532,106.52293181039084,597.94349249633,conditional_source_only_not_network_or_full_range_validated,129.11870522471617,2273.829939140689,False
1.0,S2b,24.85535075575785,117.17522499142991,595.7427709944996,conditional_source_only_not_network_or_full_range_validated,142.03057574718775,2273.8299391406886,False
1.0,S2b,27.11492809719039,127.82751817246904,593.5535210777485,conditional_source_only_not_network_or_full_range_validated,154.94244626965943,2273.8299391406895,False
1.0,S2b,29.374505438622915,138.4798113535081,591.3757427460771,conditional_source_only_not_network_or_full_range_validated,167.85431679213102,2273.8299391406895,False
1.0,S2b,31.63408278005545,149.1321045345472,589.2094359994852,conditional_source_only_not_network_or_full_range_validated,180.76618731460266,2273.8299391406886,False
1.0,S2b,33.89366012148798,159.78439771558627,587.0546008379729,conditional_source_only_not_network_or_full_range_validated,193.67805783707425,2273.829939140689,False
1.0,S2b,36.15323746292052,170.43669089662535,584.91123726154,conditional_source_only_not_network_or_full_range_validated,206.58992835954587,2273.829939140689,False
1.0,S2b,38.41281480435305,181.0889840776645,582.7793452701868,conditional_source_only_not_network_or_full_range_validated,219.50179888201754,2273.829939140689,False
1.0,S2b,40.67239214578558,191.74127725870352,580.6589248639131,conditional_source_only_not_network_or_full_range_validated,232.4136694044891,2273.829939140689,False
1.0,S2b,42.93196948721811,202.39357043974263,578.549976042719,conditional_source_only_not_network_or_full_range_validated,245.32553992696074,2273.829939140689,False
1.0,S2b,45.19154682865064,213.0458636207817,576.4524988066044,conditional_source_only_not_network_or_full_range_validated,258.23741044943233,2273.829939140689,False
1.0,S2b,47.451124170083176,223.6981568018208,574.3664931555692,conditional_source_only_not_network_or_full_range_validated,271.149280971904,2273.829939140689,False
1.0,S2b,49.71070151151571,234.35044998285983,572.2919590896137,conditional_source_only_not_network_or_full_range_validated,284.0611514943755,2273.8299391406886,False
1.0,S2b,51.97027885294824,245.00274316389897,570.2288966087377,conditional_source_only_not_network_or_full_range_validated,296.9730220168472,2273.829939140689,False
1.0,S2b,54.22985619438078,255.65503634493808,568.1773057129413,conditional_source_only_not_network_or_full_range_validated,309.88489253931886,2273.8299391406895,False
1.0,S2b,56.489433535813305,266.30732952597714,566.1371864022244,conditional_source_only_not_network_or_full_range_validated,322.79676306179044,2273.829939140689,False
1.0,S2b,58.74901087724583,276.9596227070162,564.1085386765872,conditional_source_only_not_network_or_full_range_validated,335.70863358426203,2273.8299391406895,False
1.0,S2b,61.00858821867837,287.6119158880553,562.0913625360292,conditional_source_only_not_network_or_full_range_validated,348.6205041067337,2273.829939140689,False
1.0,S2b,63.26816556011091,298.2642090690944,560.085657980551,conditional_source_only_not_network_or_full_range_validated,361.5323746292053,2273.8299391406886,False
1.0,S2b,65.52774290154343,308.9165022501335,558.0914250101523,conditional_source_only_not_network_or_full_range_validated,374.4442451516769,2273.8299391406895,False
1.0,S2b,67.78732024297597,319.56879543117253,556.1086636248332,conditional_source_only_not_network_or_full_range_validated,387.3561156741485,2273.829939140689,False
1.0,S2b,70.0468975844085,330.22108861221164,554.1373738245936,conditional_source_only_not_network_or_full_range_validated,400.26798619662014,2273.829939140689,False
1.0,S2b,72.30647492584103,340.8733817932507,552.1775556094335,conditional_source_only_not_network_or_full_range_validated,413.17985671909173,2273.829939140689,False
1.0,S2b,74.56605226727356,351.5256749742898,550.229208979353,conditional_source_only_not_network_or_full_range_validated,426.0917272415634,2273.8299391406895,False
1.0,S2b,76.8256296087061,362.1779681553289,548.292333934352,conditional_source_only_not_network_or_full_range_validated,439.003597764035,2273.829939140689,False
1.0,S2b,79.08520695013861,372.8302613363679,546.3669304744305,conditional_source_only_not_network_or_full_range_validated,451.91546828650655,2273.829939140689,False
1.0,S2b,81.34478429157116,383.48255451740704,544.4529985995887,conditional_source_only_not_network_or_full_range_validated,464.8273388089782,2273.829939140689,False
1.0,S2b,83.60436163300369,394.13484769844615,542.5505383098264,conditional_source_only_not_network_or_full_range_validated,477.73920933144984,2273.829939140689,False
1.0,S2b,85.86393897443622,404.78714087948526,540.6595496051436,conditional_source_only_not_network_or_full_range_validated,490.6510798539215,2273.829939140689,False
1.0,S2b,88.12351631586876,415.4394340605243,538.7800324855403,conditional_source_only_not_network_or_full_range_validated,503.5629503763931,2273.829939140689,False
1.0,S2b,90.38309365730127,426.0917272415634,536.9119869510166,conditional_source_only_not_network_or_full_range_validated,516.4748208988647,2273.829939140689,False
1.0,S2b,1.9267301779102448,10.918137674824727,618.3447446165264,conditional_source_only_not_network_or_full_range_validated,12.844867852734971,2268.134421914955,False
1.0,S2b,3.853460355820489,21.83627534964945,616.1196253521946,conditional_source_only_not_network_or_full_range_validated,25.68973570546994,2268.134421914955,False
1.0,S2b,5.7801905337307335,32.75441302447418,613.9062869010153,conditional_source_only_not_network_or_full_range_validated,38.534603558204914,2268.134421914955,False
1.0,S2b,7.706920711640978,43.67255069929891,611.7047292629884,conditional_source_only_not_network_or_full_range_validated,51.379471410939885,2268.134421914955,False
1.0,S2b,9.63365088955122,54.59068837412363,609.5149524381136,conditional_source_only_not_network_or_full_range_validated,64.22433926367485,2268.134421914955,False
1.0,S2b,11.560381067461469,65.50882604894836,607.3369564263913,conditional_source_only_not_network_or_full_range_validated,77.06920711640983,2268.134421914955,False
1.0,S2b,13.487111245371713,76.42696372377308,605.1707412278212,conditional_source_only_not_network_or_full_range_validated,89.91407496914479,2268.1344219149546,False
1.0,S2b,15.413841423281957,87.34510139859782,603.0163068424035,conditional_source_only_not_network_or_full_range_validated,102.75894282187977,2268.134421914955,False
1.0,S2b,17.3405716011922,98.26323907342254,600.8736532701383,conditional_source_only_not_network_or_full_range_validated,115.60381067461473,2268.134421914955,False
1.0,S2b,19.267301779102443,109.18137674824726,598.7427805110252,conditional_source_only_not_network_or_full_range_validated,128.4486785273497,2268.134421914955,False
1.0,S2b,21.19403195701269,120.099514423072,596.6236885650645,conditional_source_only_not_network_or_full_range_validated,141.29354638008468,2268.134421914955,False
1.0,S2b,23.12076213492293,131.01765209789673,594.5163774322561,conditional_source_only_not_network_or_full_range_validated,154.13841423281966,2268.134421914955,False
1.0,S2b,25.04749231283317,141.93578977272142,592.4208471126002,conditional_source_only_not_network_or_full_range_validated,166.9832820855546,2268.1344219149555,False
1.0,S2b,26.974222490743426,152.85392744754617,590.3370976060966,conditional_source_only_not_network_or_full_range_validated,179.82814993828958,2268.1344219149546,False
1.0,S2b,28.900952668653662,163.7720651223709,588.2651289127452,conditional_source_only_not_network_or_full_range_validated,192.67301779102456,2268.134421914955,False
1.0,S2b,30.827682846563917,174.69020279719564,586.2049410325462,conditional_source_only_not_network_or_full_range_validated,205.51788564375954,2268.134421914955,False
1.0,S2b,32.75441302447416,185.6083404720204,584.1565339654996,conditional_source_only_not_network_or_full_range_validated,218.36275349649455,2268.1344219149555,False
1.0,S2b,34.6811432023844,196.52647814684508,582.1199077116053,conditional_source_only_not_network_or_full_range_validated,231.20762134922947,2268.134421914955,False
1.0,S2b,36.60787338029465,207.4446158216698,580.0950622708633,conditional_source_only_not_network_or_full_range_validated,244.05248920196445,2268.1344219149555,False
1.0,S2b,38.534603558204886,218.3627534964945,578.0819976432738,conditional_source_only_not_network_or_full_range_validated,256.8973570546994,2268.134421914955,False
1.0,S2b,40.46133373611513,229.28089117131924,576.0807138288363,conditional_source_only_not_network_or_full_range_validated,269.7422249074344,2268.1344219149555,False
1.0,S2b,42.38806391402538,240.199028846144,574.0912108275514,conditional_source_only_not_network_or_full_range_validated,282.58709276016936,2268.134421914955,False
1.0,S2b,44.31479409193562,251.1171665209687,572.1134886394187,conditional_source_only_not_network_or_full_range_validated,295.43196061290433,2268.134421914955,False
1.0,S2b,46.24152426984587,262.03530419579346,570.1475472644385,conditional_source_only_not_network_or_full_range_validated,308.2768284656393,2268.134421914955,False
1.0,S2b,48.168254447756105,272.9534418706181,568.1933867026105,conditional_source_only_not_network_or_full_range_validated,321.12169631837423,2268.134421914955,False
1.0,S2b,50.09498462566635,283.87157954544284,566.2510069539348,conditional_source_only_not_network_or_full_range_validated,333.9665641711092,2268.1344219149555,False
1.0,S2b,52.0217148035766,294.7897172202676,564.3204080184116,conditional_source_only_not_network_or_full_range_validated,346.8114320238442,2268.1344219149546,False
1.0,S2b,53.94844498148685,305.70785489509234,562.4015898960405,conditional_source_only_not_network_or_full_range_validated,359.65629987657917,2268.1344219149546,False
1.0,S2b,55.87517515939709,316.62599256991706,560.494552586822,conditional_source_only_not_network_or_full_range_validated,372.50116772931415,2268.134421914955,False
1.0,S2b,57.80190533730733,327.5441302447418,558.5992960907557,conditional_source_only_not_network_or_full_range_validated,385.3460355820491,2268.134421914955,False
1.0,S2b,59.72863551521758,338.4622679195665,556.7158204078416,conditional_source_only_not_network_or_full_range_validated,398.1909034347841,2268.134421914955,False
1.0,S2b,61.65536569312783,349.3804055943913,554.8441255380801,conditional_source_only_not_network_or_full_range_validated,411.0357712875191,2268.134421914955,False
1.0,S2b,63.58209587103807,360.298543269216,552.9842114814709,conditional_source_only_not_network_or_full_range_validated,423.88063914025406,2268.134421914955,False
1.0,S2b,65.50882604894832,371.2166809440407,551.1360782380139,conditional_source_only_not_network_or_full_range_validated,436.72550699298904,2268.134421914955,False
1.0,S2b,67.43555622685855,382.1348186188654,549.2997258077094,conditional_source_only_not_network_or_full_range_validated,449.5703748457239,2268.134421914955,False
1.0,S2b,69.3622864047688,393.05295629369016,547.4751541905571,conditional_source_only_not_network_or_full_range_validated,462.41524269845894,2268.134421914955,False
1.0,S2b,71.28901658267904,403.9710939685149,545.6623633865571,conditional_source_only_not_network_or_full_range_validated,475.2601105511939,2268.134421914955,False
1.0,S2b,73.2157467605893,414.8892316433396,543.8613533957096,conditional_source_only_not_network_or_full_range_validated,488.1049784039289,2268.1344219149555,False
1.0,S2b,75.14247693849954,425.8073693181643,542.0721242180142,conditional_source_only_not_network_or_full_range_validated,500.9498462566639,2268.134421914955,False
1.0,S2b,77.06920711640977,436.725506992989,540.2946758534713,conditional_source_only_not_network_or_full_range_validated,513.7947141093988,2268.134421914955,False
1.0,S2b,1.5973196222105313,11.18123735547372,618.4224990986472,conditional_source_only_not_network_or_full_range_validated,12.77855697768425,2262.4673658028073,False
1.0,S2b,3.1946392444210625,22.36247471094744,616.275496541984,conditional_source_only_not_network_or_full_range_validated,25.5571139553685,2262.4673658028073,False
1.0,S2b,4.791958866631594,33.54371206642116,614.140637024021,conditional_source_only_not_network_or_full_range_validated,38.335670933052754,2262.4673658028078,False
1.0,S2b,6.389278488842125,44.72494942189488,612.0179205447581,conditional_source_only_not_network_or_full_range_validated,51.114227910737,2262.4673658028073,False
1.0,S2b,7.986598111052656,55.90618677736859,609.9073471041952,conditional_source_only_not_network_or_full_range_validated,63.89278488842125,2262.4673658028078,False
1.0,S2b,9.583917733263188,67.08742413284232,607.8089167023323,conditional_source_only_not_network_or_full_range_validated,76.67134186610551,2262.4673658028078,False
1.0,S2b,11.18123735547372,78.26866148831604,605.7226293391695,conditional_source_only_not_network_or_full_range_validated,89.44989884378975,2262.467365802807,False
1.0,S2b,12.77855697768425,89.44989884378975,603.6484850147069,conditional_source_only_not_network_or_full_range_validated,102.228455821474,2262.4673658028073,False
1.0,S2b,14.37587659989478,100.63113619926348,601.5864837289444,conditional_source_only_not_network_or_full_range_validated,115.00701279915826,2262.4673658028078,False
1.0,S2b,15.973196222105312,111.81237355473718,599.5366254818817,conditional_source_only_not_network_or_full_range_validated,127.7855697768425,2262.4673658028078,False
1.0,S2b,17.570515844315842,122.99361091021088,597.4989102735192,conditional_source_only_not_network_or_full_range_validated,140.5641267545267,2262.4673658028078,False
1.0,S2b,19.167835466526377,134.17484826568463,595.4733381038569,conditional_source_only_not_network_or_full_range_validated,153.34268373221101,2262.4673658028078,False
1.0,S2b,20.765155088736904,145.35608562115834,593.4599089728946,conditional_source_only_not_network_or_full_range_validated,166.12124070989523,2262.4673658028078,False
1.0,S2b,22.36247471094744,156.53732297663208,591.4586228806322,conditional_source_only_not_network_or_full_range_validated,178.8997976875795,2262.467365802807,False
1.0,S2b,23.95979433315797,167.71856033210577,589.46947982707,conditional_source_only_not_network_or_full_range_validated,191.67835466526373,2262.4673658028073,False
1.0,S2b,25.5571139553685,178.8997976875795,587.492479812208,conditional_source_only_not_network_or_full_range_validated,204.456911642948,2262.4673658028073,False
1.0,S2b,27.15443357757903,190.0810350430532,585.5276228360458,conditional_source_only_not_network_or_full_range_validated,217.23546862063222,2262.4673658028078,False
1.0,S2b,28.75175319978956,201.26227239852693,583.5749088985839,conditional_source_only_not_network_or_full_range_validated,230.0140255983165,2262.4673658028078,False
1.0,S2b,30.34907282200009,212.44350975400064,581.6343379998219,conditional_source_only_not_network_or_full_range_validated,242.79258257600074,2262.4673658028078,False
1.0,S2b,31.946392444210623,223.6247471094744,579.7059101397601,conditional_source_only_not_network_or_full_range_validated,255.57113955368504,2262.4673658028078,False
1.0,S2b,33.54371206642116,234.8059844649481,577.7896253183983,conditional_source_only_not_network_or_full_range_validated,268.34969653136926,2262.4673658028073,False
1.0,S2b,35.141031688631685,245.98722182042175,575.8854835357366,conditional_source_only_not_network_or_full_range_validated,281.1282535090534,2262.4673658028078,False
1.0,S2b,36.73835131084222,257.1684591758955,573.993484791775,conditional_source_only_not_network_or_full_range_validated,293.90681048673775,2262.4673658028078,False
1.0,S2b,38.335670933052754,268.34969653136926,572.1136290865134,conditional_source_only_not_network_or_full_range_validated,306.68536746442203,2262.4673658028078,False
1.0,S2b,39.93299055526328,279.53093388684294,570.2459164199519,conditional_source_only_not_network_or_full_range_validated,319.46392444210625,2262.467365802808,False
1.0,S2b,41.53031017747381,290.7121712423167,568.3903467920906,conditional_source_only_not_network_or_full_range_validated,332.24248141979047,2262.4673658028078,False
1.0,S2b,43.12762979968434,301.8934085977904,566.5469202029292,conditional_source_only_not_network_or_full_range_validated,345.02103839747474,2262.4673658028073,False
1.0,S2b,44.72494942189488,313.07464595326417,564.7156366524679,conditional_source_only_not_network_or_full_range_validated,357.799595375159,2262.467365802807,False
1.0,S2b,46.32226904410541,324.2558833087379,562.8964961407066,conditional_source_only_not_network_or_full_range_validated,370.5781523528433,2262.4673658028078,False
1.0,S2b,47.91958866631593,335.43712066421153,561.0894986676456,conditional_source_only_not_network_or_full_range_validated,383.35670933052745,2262.4673658028073,False
1.0,S2b,49.51690828852647,346.6183580196853,559.2946442332845,conditional_source_only_not_network_or_full_range_validated,396.1352663082117,2262.4673658028078,False
1.0,S2b,51.114227910737,357.799595375159,557.5119328376234,conditional_source_only_not_network_or_full_range_validated,408.913823285896,2262.4673658028073,False
1.0,S2b,52.711547532947534,368.9808327306328,555.7413644806625,conditional_source_only_not_network_or_full_range_validated,421.69238026358033,2262.4673658028078,False
1.0,S2b,54.30886715515806,380.1620700861064,553.9829391624016,conditional_source_only_not_network_or_full_range_validated,434.47093724126444,2262.4673658028078,False
1.0,S2b,55.90618677736859,391.3433074415801,552.236656882841,conditional_source_only_not_network_or_full_range_validated,447.2494942189487,2262.4673658028078,False
1.0,S2b,57.50350639957912,402.52454479705386,550.5025176419801,conditional_source_only_not_network_or_full_range_validated,460.028051196633,2262.4673658028078,False
1.0,S2b,59.10082602178966,413.7057821525276,548.7805214398195,conditional_source_only_not_network_or_full_range_validated,472.80660817431726,2262.4673658028078,False
1.0,S2b,60.698145644000185,424.8870195080013,547.070668276359,conditional_source_only_not_network_or_full_range_validated,485.5851651520015,2262.4673658028078,False
1.0,S2b,62.29546526621072,436.068256863475,545.3729581515984,conditional_source_only_not_network_or_full_range_validated,498.36372212968575,2262.4673658028078,False
1.0,S2b,63.89278488842125,447.2494942189487,543.687391065538,conditional_source_only_not_network_or_full_range_validated,511.14227910737,2262.4673658028078,False
1.0,S2b,1.2712927238297855,11.441634514468072,618.499482418191,conditional_source_only_not_network_or_full_range_validated,12.712927238297858,2256.828558001068,False
1.0,S2b,2.542585447659571,22.883269028936144,616.4298767262006,conditional_source_only_not_network_or_full_range_validated,25.425854476595717,2256.828558001068,False
1.0,S2b,3.813878171489357,34.32490354340422,614.3728276180394,conditional_source_only_not_network_or_full_range_validated,38.138781714893575,2256.8285580010674,False
1.0,S2b,5.085170895319142,45.76653805787229,612.3283350937073,conditional_source_only_not_network_or_full_range_validated,50.851708953191434,2256.828558001068,False
1.0,S2b,6.356463619148927,57.20817257234036,610.2963991532042,conditional_source_only_not_network_or_full_range_validated,63.564636191489285,2256.828558001068,False
1.0,S2b,7.627756342978714,68.64980708680844,608.2770197965305,conditional_source_only_not_network_or_full_range_validated,76.27756342978715,2256.8285580010674,False
1.0,S2b,8.899049066808498,80.0914416012765,606.2701970236857,conditional_source_only_not_network_or_full_range_validated,88.990490668085,2256.8285580010674,False
1.0,S2b,10.170341790638284,91.53307611574458,604.27593083467,conditional_source_only_not_network_or_full_range_validated,101.70341790638287,2256.828558001068,False
1.0,S2b,11.441634514468069,102.97471063021266,602.2942212294834,conditional_source_only_not_network_or_full_range_validated,114.41634514468072,2256.8285580010674,False
1.0,S2b,12.712927238297857,114.41634514468072,600.3250682081259,conditional_source_only_not_network_or_full_range_validated,127.12927238297857,2256.8285580010674,False
1.0,S2b,13.98421996212764,125.8579796591488,598.3684717705975,conditional_source_only_not_network_or_full_range_validated,139.84219962127645,2256.8285580010684,False
1.0,S2b,15.255512685957427,137.29961417361687,596.4244319168982,conditional_source_only_not_network_or_full_range_validated,152.5551268595743,2256.8285580010674,False
1.0,S2b,16.52680540978721,148.74124868808494,594.492948647028,conditional_source_only_not_network_or_full_range_validated,165.26805409787215,2256.8285580010674,False
1.0,S2b,17.798098133616996,160.182883202553,592.574021960987,conditional_source_only_not_network_or_full_range_validated,177.98098133617,2256.8285580010674,False
1.0,S2b,19.06939085744678,171.62451771702106,590.6676518587751,conditional_source_only_not_network_or_full_range_validated,190.69390857446786,2256.828558001068,False
1.0,S2b,20.34068358127657,183.0661522314892,588.7738383403923,conditional_source_only_not_network_or_full_range_validated,203.4068358127658,2256.828558001068,False
1.0,S2b,21.611976305106356,194.5077867459572,586.8925814058385,conditional_source_only_not_network_or_full_range_validated,216.11976305106356,2256.828558001068,False
1.0,S2b,22.883269028936137,205.9494212604253,585.0238810551139,conditional_source_only_not_network_or_full_range_validated,228.83269028936144,2256.8285580010674,False
1.0,S2b,24.15456175276592,217.39105577489337,583.1677372882183,conditional_source_only_not_network_or_full_range_validated,241.5456175276593,2256.8285580010674,False
1.0,S2b,25.42585447659571,228.83269028936144,581.324150105152,conditional_source_only_not_network_or_full_range_validated,254.25854476595714,2256.828558001068,False
1.0,S2b,26.697147200425498,240.27432480382956,579.4931195059146,conditional_source_only_not_network_or_full_range_validated,266.9714720042551,2256.828558001068,False
1.0,S2b,27.96843992425528,251.7159593182976,577.6746454905064,conditional_source_only_not_network_or_full_range_validated,279.6843992425529,2256.8285580010684,False
1.0,S2b,29.239732648085067,263.15759383276566,575.8687280589272,conditional_source_only_not_network_or_full_range_validated,292.3973264808507,2256.8285580010674,False
1.0,S2b,30.51102537191485,274.59922834723375,574.0753672111772,conditional_source_only_not_network_or_full_range_validated,305.1102537191486,2256.8285580010674,False
1.0,S2b,31.782318095744635,286.0408628617018,572.2945629472563,conditional_source_only_not_network_or_full_range_validated,317.8231809574464,2256.8285580010674,False
1.0,S2b,33.05361081957442,297.4824973761699,570.5263152671646,conditional_source_only_not_network_or_full_range_validated,330.5361081957443,2256.8285580010674,False
1.0,S2b,34.32490354340421,308.924131890638,568.7706241709019,conditional_source_only_not_network_or_full_range_validated,343.24903543404224,2256.828558001068,False
1.0,S2b,35.59619626723399,320.365766405106,567.0274896584682,conditional_source_only_not_network_or_full_range_validated,355.96196267234,2256.8285580010674,False
1.0,S2b,36.86748899106378,331.8074009195741,565.2969117298637,conditional_source_only_not_network_or_full_range_validated,368.6748899106379,2256.828558001068,False
1.0,S2b,38.13878171489356,343.2490354340421,563.5788903850884,conditional_source_only_not_network_or_full_range_validated,381.3878171489357,2256.828558001068,False
1.0,S2b,39.41007443872335,354.6906699485102,561.8734256241421,conditional_source_only_not_network_or_full_range_validated,394.1007443872336,2256.828558001068,False
1.0,S2b,40.68136716255314,366.1323044629783,560.1805174470248,conditional_source_only_not_network_or_full_range_validated,406.81367162553147,2256.828558001068,False
1.0,S2b,41.95265988638292,377.5739389774464,558.5001658537368,conditional_source_only_not_network_or_full_range_validated,419.52659886382935,2256.828558001068,False
1.0,S2b,43.22395261021271,389.0155734919144,556.8323708442778,conditional_source_only_not_network_or_full_range_validated,432.2395261021271,2256.828558001068,False
1.0,S2b,44.49524533404249,400.4572080063825,555.1771324186481,conditional_source_only_not_network_or_full_range_validated,444.95245334042494,2256.8285580010674,False
1.0,S2b,45.76653805787228,411.8988425208506,553.5344505768471,conditional_source_only_not_network_or_full_range_validated,457.6653805787229,2256.8285580010674,False
1.0,S2b,47.03783078170206,423.3404770353187,551.9043253188756,conditional_source_only_not_network_or_full_range_validated,470.37830781702075,2256.8285580010674,False
1.0,S2b,48.30912350553184,434.7821115497868,550.286756644733,conditional_source_only_not_network_or_full_range_validated,483.09123505531863,2256.828558001068,False
1.0,S2b,49.58041622936163,446.2237460642549,548.6817445544197,conditional_source_only_not_network_or_full_range_validated,495.8041622936165,2256.8285580010674,False
1.0,S2b,50.85170895319142,457.6653805787229,547.0892890479353,conditional_source_only_not_network_or_full_range_validated,508.5170895319143,2256.828558001068,False
1.0,S2b,0.9485976145058344,11.6993705789053,618.5757059766473,conditional_source_only_not_network_or_full_range_validated,12.647968193411135,2251.2177878227817,False
1.0,S2b,1.897195229011669,23.3987411578106,616.5827870817383,conditional_source_only_not_network_or_full_range_validated,25.29593638682227,2251.2177878227817,False
1.0,S2b,2.8457928435175037,35.0981117367159,614.6028880092836,conditional_source_only_not_network_or_full_range_validated,37.9439045802334,2251.217787822782,False
1.0,S2b,3.794390458023338,46.7974823156212,612.636008759283,conditional_source_only_not_network_or_full_range_validated,50.59187277364454,2251.2177878227817,False
1.0,S2b,4.742988072529172,58.49685289452649,610.6821493317365,conditional_source_only_not_network_or_full_range_validated,63.23984096705566,2251.217787822782,False
1.0,S2b,5.691585687035007,70.1962234734318,608.7413097266441,conditional_source_only_not_network_or_full_range_validated,75.8878091604668,2251.217787822782,False
1.0,S2b,6.640183301540841,81.89559405233709,606.813489944006,conditional_source_only_not_network_or_full_range_validated,88.53577735387793,2251.217787822782,False
1.0,S2b,7.588780916046676,93.5949646312424,604.8986899838221,conditional_source_only_not_network_or_full_range_validated,101.18374554728908,2251.2177878227817,False
1.0,S2b,8.537378530552509,105.29433521014768,602.9969098460922,conditional_source_only_not_network_or_full_range_validated,113.8317137407002,2251.2177878227826,False
1.0,S2b,9.485976145058345,116.99370578905298,601.1081495308166,conditional_source_only_not_network_or_full_range_validated,126.47968193411133,2251.217787822782,False
1.0,S2b,10.43457375956418,128.69307636795827,599.2324090379951,conditional_source_only_not_network_or_full_range_validated,139.12765012752246,2251.217787822782,False
1.0,S2b,11.383171374070011,140.3924469468636,597.3696883676279,conditional_source_only_not_network_or_full_range_validated,151.7756183209336,2251.217787822782,False
1.0,S2b,12.331768988575847,152.09181752576887,595.5199875197147,conditional_source_only_not_network_or_full_range_validated,164.42358651434472,2251.2177878227826,False
1.0,S2b,13.28036660308168,163.79118810467418,593.6833064942557,conditional_source_only_not_network_or_full_range_validated,177.07155470775587,2251.217787822782,False
1.0,S2b,14.228964217587516,175.49055868357948,591.8596452912509,conditional_source_only_not_network_or_full_range_validated,189.71952290116698,2251.217787822782,False
1.0,S2b,15.177561832093351,187.1899292624848,590.0490039107002,conditional_source_only_not_network_or_full_range_validated,202.36749109457816,2251.2177878227817,False
1.0,S2b,16.126159446599186,198.88929984139008,588.2513823526037,conditional_source_only_not_network_or_full_range_validated,215.01545928798927,2251.217787822782,False
1.0,S2b,17.074757061105018,210.58867042029536,586.4667806169615,conditional_source_only_not_network_or_full_range_validated,227.6634274814004,2251.2177878227826,False
1.0,S2b,18.02335467561085,222.2880409992007,584.6951987037734,conditional_source_only_not_network_or_full_range_validated,240.31139567481154,2251.2177878227826,False
1.0,S2b,18.97195229011669,233.987411578106,582.9366366130392,conditional_source_only_not_network_or_full_range_validated,252.95936386822268,2251.217787822782,False
1.0,S2b,19.92054990462252,245.68678215701124,581.1910943447594,conditional_source_only_not_network_or_full_range_validated,265.60733206163377,2251.217787822782,False
1.0,S2b,20.86914751912836,257.38615273591654,579.4585718989339,conditional_source_only_not_network_or_full_range_validated,278.2553002550449,2251.217787822782,False
1.0,S2b,21.81774513363419,269.08552331482184,577.7390692755623,conditional_source_only_not_network_or_full_range_validated,290.90326844845606,2251.2177878227826,False
1.0,S2b,22.766342748140023,280.7848938937272,576.032586474645,conditional_source_only_not_network_or_full_range_validated,303.5512366418672,2251.217787822782,False
1.0,S2b,23.71494036264586,292.48426447263245,574.3391234961819,conditional_source_only_not_network_or_full_range_validated,316.1992048352783,2251.2177878227817,False
1.0,S2b,24.66353797715169,304.1836350515377,572.6586803401729,conditional_source_only_not_network_or_full_range_validated,328.8471730286894,2251.2177878227826,False
1.0,S2b,25.61213559165753,315.88300563044305,570.991257006618,conditional_source_only_not_network_or_full_range_validated,341.4951412221006,2251.2177878227826,False
1.0,S2b,26.560733206163363,327.58237620934835,569.3368534955173,conditional_source_only_not_network_or_full_range_validated,354.14310941551173,2251.217787822782,False
1.0,S2b,27.5093308206692,339.28174678825366,567.6954698068708,conditional_source_only_not_network_or_full_range_validated,366.7910776089229,2251.2177878227826,False
1.0,S2b,28.45792843517503,350.98111736715896,566.0671059406784,conditional_source_only_not_network_or_full_range_validated,379.43904580233396,2251.217787822782,False
1.0,S2b,29.406526049680867,362.68048794606426,564.4517618969402,conditional_source_only_not_network_or_full_range_validated,392.0870139957451,2251.217787822782,False
1.0,S2b,30.355123664186703,374.3798585249696,562.8494376756562,conditional_source_only_not_network_or_full_range_validated,404.7349821891563,2251.2177878227817,False
1.0,S2b,31.30372127869253,386.07922910387487,561.2601332768264,conditional_source_only_not_network_or_full_range_validated,417.3829503825674,2251.217787822782,False
1.0,S2b,32.25231889319837,397.77859968278017,559.6838487004507,conditional_source_only_not_network_or_full_range_validated,430.03091857597855,2251.217787822782,False
1.0,S2b,33.2009165077042,409.4779702616854,558.1205839465291,conditional_source_only_not_network_or_full_range_validated,442.67888676938963,2251.217787822782,False
1.0,S2b,34.14951412221004,421.1773408405907,556.5703390150618,conditional_source_only_not_network_or_full_range_validated,455.3268549628008,2251.2177878227826,False
1.0,S2b,35.09811173671587,432.8767114194961,555.0331139060486,conditional_source_only_not_network_or_full_range_validated,467.9748231562119,2251.217787822782,False
1.0,S2b,36.04670935122171,444.5760819984014,553.5089086194895,conditional_source_only_not_network_or_full_range_validated,480.62279134962307,2251.217787822782,False
1.0,S2b,36.99530696572754,456.2754525773067,551.9977231553847,conditional_source_only_not_network_or_full_range_validated,493.2707595430342,2251.217787822782,False
1.0,S2b,37.94390458023337,467.9748231562119,550.499557513734,conditional_source_only_not_network_or_full_range_validated,505.9187277364453,2251.217787822782,False
1.0,S2b,0.6291834807089368,11.954486133469816,618.6511809521495,conditional_source_only_not_network_or_full_range_validated,12.583669614178753,2245.6348466709833,False
1.0,S2b,1.2583669614178736,23.90897226693963,616.7342483888273,conditional_source_only_not_network_or_full_range_validated,25.167339228357505,2245.6348466709833,False
1.0,S2b,1.8875504421268108,35.863458400409456,614.8308470040433,conditional_source_only_not_network_or_full_range_validated,37.751008842536265,2245.634846670983,False
1.0,S2b,2.5167339228357477,47.81794453387926,612.9409767977982,conditional_source_only_not_network_or_full_range_validated,50.33467845671501,2245.6348466709833,False
1.0,S2b,3.145917403544684,59.77243066734908,611.0646377700914,conditional_source_only_not_network_or_full_range_validated,62.918348070893764,2245.634846670983,False
1.0,S2b,3.7751008842536216,71.72691680081891,609.2018299209233,conditional_source_only_not_network_or_full_range_validated,75.50201768507253,2245.634846670983,False
1.0,S2b,4.404284364962558,83.68140293428871,607.3525532502936,conditional_source_only_not_network_or_full_range_validated,88.08568729925128,2245.6348466709833,False
1.0,S2b,5.033467845671495,95.63588906775853,605.5168077582024,conditional_source_only_not_network_or_full_range_validated,100.66935691343002,2245.6348466709833,False
1.0,S2b,5.662651326380432,107.59037520122835,603.6945934446497,conditional_source_only_not_network_or_full_range_validated,113.25302652760878,2245.634846670983,False
1.0,S2b,6.291834807089368,119.54486133469815,601.8859103096356,conditional_source_only_not_network_or_full_range_validated,125.83669614178753,2245.634846670983,False
1.0,S2b,6.921018287798305,131.49934746816797,600.09075835316,conditional_source_only_not_network_or_full_range_validated,138.4203657559663,2245.634846670983,False
1.0,S2b,7.550201768507243,143.45383360163785,598.3091375752231,conditional_source_only_not_network_or_full_range_validated,151.0040353701451,2245.634846670983,False
1.0,S2b,8.179385249216178,155.4083197351076,596.5410479758245,conditional_source_only_not_network_or_full_range_validated,163.58770498432378,2245.634846670983,False
1.0,S2b,8.808568729925115,167.36280586857742,594.7864895549644,conditional_source_only_not_network_or_full_range_validated,176.17137459850255,2245.6348466709833,False
1.0,S2b,9.437752210634052,179.31729200204725,593.0454623126429,conditional_source_only_not_network_or_full_range_validated,188.7550442126813,2245.634846670983,False
1.0,S2b,10.066935691342987,191.27177813551705,591.3179662488601,conditional_source_only_not_network_or_full_range_validated,201.33871382686004,2245.6348466709833,False
1.0,S2b,10.696119172051926,203.22626426898688,589.6040013636157,conditional_source_only_not_network_or_full_range_validated,213.92238344103882,2245.634846670983,False
1.0,S2b,11.325302652760865,215.1807504024567,587.9035676569098,conditional_source_only_not_network_or_full_range_validated,226.50605305521756,2245.634846670983,False
1.0,S2b,11.9544861334698,227.1352365359265,586.2166651287424,conditional_source_only_not_network_or_full_range_validated,239.0897226693963,2245.634846670983,False
1.0,S2b,12.583669614178737,239.0897226693963,584.5432937791136,conditional_source_only_not_network_or_full_range_validated,251.67339228357505,2245.634846670983,False
1.0,S2b,13.212853094887674,251.04420880286617,582.8834536080232,conditional_source_only_not_network_or_full_range_validated,264.25706189775383,2245.6348466709833,False
1.0,S2b,13.84203657559661,262.99869493633594,581.2371446154715,conditional_source_only_not_network_or_full_range_validated,276.8407315119326,2245.634846670983,False
1.0,S2b,14.471220056305548,274.9531810698058,579.6043668014582,conditional_source_only_not_network_or_full_range_validated,289.4244011261113,2245.634846670983,False
1.0,S2b,15.100403537014486,286.90766720327565,577.9851201659835,conditional_source_only_not_network_or_full_range_validated,302.0080707402901,2245.634846670983,False
1.0,S2b,15.72958701772342,298.8621533367454,576.3794047090473,conditional_source_only_not_network_or_full_range_validated,314.5917403544688,2245.634846670983,False
1.0,S2b,16.358770498432357,310.8166394702152,574.7872204306495,conditional_source_only_not_network_or_full_range_validated,327.17540996864756,2245.634846670983,False
1.0,S2b,16.987953979141295,322.77112560368505,573.2085673307904,conditional_source_only_not_network_or_full_range_validated,339.75907958282636,2245.634846670983,False
1.0,S2b,17.61713745985023,334.72561173715485,571.6434454094698,conditional_source_only_not_network_or_full_range_validated,352.3427491970051,2245.6348466709833,False
1.0,S2b,18.24632094055917,346.6800978706247,570.0918546666877,conditional_source_only_not_network_or_full_range_validated,364.92641881118385,2245.6348466709824,False
1.0,S2b,18.875504421268104,358.6345840040945,568.5537951024442,conditional_source_only_not_network_or_full_range_validated,377.5100884253626,2245.634846670983,False
1.0,S2b,19.50468790197704,370.5890701375643,567.0292667167391,conditional_source_only_not_network_or_full_range_validated,390.09375803954134,2245.634846670983,False
1.0,S2b,20.133871382685975,382.5435562710341,565.5182695095724,conditional_source_only_not_network_or_full_range_validated,402.6774276537201,2245.6348466709833,False
1.0,S2b,20.76305486339492,394.498042404504,564.0208034809444,conditional_source_only_not_network_or_full_range_validated,415.26109726789895,2245.6348466709833,False
1.0,S2b,21.39223834410385,406.45252853797376,562.536868630855,conditional_source_only_not_network_or_full_range_validated,427.84476688207764,2245.634846670983,False
1.0,S2b,22.021421824812787,418.4070146714436,561.0664649593041,conditional_source_only_not_network_or_full_range_validated,440.4284364962564,2245.634846670983,False
1.0,S2b,22.65060530552173,430.3615008049134,559.6095924662917,conditional_source_only_not_network_or_full_range_validated,453.0121061104351,2245.634846670983,False
1.0,S2b,23.27978878623066,442.3159869383832,558.1662511518177,conditional_source_only_not_network_or_full_range_validated,465.5957757246139,2245.634846670983,False
1.0,S2b,23.9089722669396,454.270473071853,556.7364410158824,conditional_source_only_not_network_or_full_range_validated,478.1794453387926,2245.634846670983,False
1.0,S2b,24.53815574764854,466.2249592053229,555.3201620584855,conditional_source_only_not_network_or_full_range_validated,490.7631149529714,2245.634846670983,False
1.0,S2b,25.167339228357477,478.1794453387926,553.9174142796272,conditional_source_only_not_network_or_full_range_validated,503.3467845671501,2245.634846670983,False
1.0,S2b,0.3130005369676285,12.207020941737555,618.72591830491,conditional_source_only_not_network_or_full_range_validated,12.520021478705184,2240.079528012835,False
1.0,S2b,0.6260010739352571,24.414041883475115,616.8842810402107,conditional_source_only_not_network_or_full_range_validated,25.04004295741037,2240.079528012835,False
1.0,S2b,0.9390016109028856,36.62106282521268,615.0567328999123,conditional_source_only_not_network_or_full_range_validated,37.56006443611557,2240.0795280128345,False
1.0,S2b,1.252002147870514,48.82808376695023,613.2432738840149,conditional_source_only_not_network_or_full_range_validated,50.08008591482074,2240.079528012835,False
1.0,S2b,1.5650026848381426,61.03510470868778,611.4439039925185,conditional_source_only_not_network_or_full_range_validated,62.600107393525924,2240.079528012835,False
1.0,S2b,1.8780032218057716,73.24212565042535,609.6586232254231,conditional_source_only_not_network_or_full_range_validated,75.12012887223112,2240.079528012835,False
1.0,S2b,2.1910037587733995,85.44914659216289,607.8874315827286,conditional_source_only_not_network_or_full_range_validated,87.6401503509363,2240.0795280128355,False
1.0,S2b,2.504004295741028,97.65616753390046,606.1303290644352,conditional_source_only_not_network_or_full_range_validated,100.16017182964148,2240.079528012835,False
1.0,S2b,2.8170048327086565,109.863188475638,604.3873156705425,conditional_source_only_not_network_or_full_range_validated,112.68019330834666,2240.079528012835,False
1.0,S2b,3.1300053696762853,122.07020941737557,602.658391401051,conditional_source_only_not_network_or_full_range_validated,125.20021478705185,2240.079528012835,False
1.0,S2b,3.443005906643914,134.27723035911313,600.9435562559604,conditional_source_only_not_network_or_full_range_validated,137.72023626575705,2240.0795280128355,False
1.0,S2b,3.756006443611543,146.4842513008507,599.2428102352709,conditional_source_only_not_network_or_full_range_validated,150.24025774446224,2240.079528012835,False
1.0,S2b,4.069006980579171,158.69127224258824,597.5561533389823,conditional_source_only_not_network_or_full_range_validated,162.7602792231674,2240.0795280128345,False
1.0,S2b,4.382007517546799,170.89829318432578,595.8835855670948,conditional_source_only_not_network_or_full_range_validated,175.2803007018726,2240.0795280128355,False
1.0,S2b,4.695008054514428,183.10531412606332,594.2251069196082,conditional_source_only_not_network_or_full_range_validated,187.80032218057775,2240.079528012835,False
1.0,S2b,5.0080085914820565,195.3123350678009,592.5807173965225,conditional_source_only_not_network_or_full_range_validated,200.32034365928294,2240.079528012835,False
1.0,S2b,5.321009128449685,207.51935600953848,590.9504169978378,conditional_source_only_not_network_or_full_range_validated,212.84036513798816,2240.079528012835,False
1.0,S2b,5.634009665417313,219.726376951276,589.3342057235542,conditional_source_only_not_network_or_full_range_validated,225.36038661669332,2240.079528012835,False
1.0,S2b,5.947010202384942,231.9333978930136,587.7320835736715,conditional_source_only_not_network_or_full_range_validated,237.88040809539854,2240.079528012835,False
1.0,S2b,6.260010739352571,244.14041883475116,586.1440505481897,conditional_source_only_not_network_or_full_range_validated,250.40042957410373,2240.0795280128355,False
1.0,S2b,6.5730112763202,256.3474397764887,584.570106647109,conditional_source_only_not_network_or_full_range_validated,262.9204510528089,2240.079528012835,False
1.0,S2b,6.886011813287828,268.55446071822627,583.0102518704293,conditional_source_only_not_network_or_full_range_validated,275.4404725315141,2240.0795280128355,False
1.0,S2b,7.199012350255456,280.76148165996386,581.4644862181506,conditional_source_only_not_network_or_full_range_validated,287.9604940102193,2240.079528012835,False
1.0,S2b,7.512012887223086,292.9685026017014,579.9328096902727,conditional_source_only_not_network_or_full_range_validated,300.4805154889245,2240.079528012835,False
1.0,S2b,7.825013424190712,305.1755235434389,578.4152222867959,conditional_source_only_not_network_or_full_range_validated,313.0005369676296,2240.079528012835,False
1.0,S2b,8.138013961158341,317.3825444851765,576.9117240077202,conditional_source_only_not_network_or_full_range_validated,325.5205584463348,2240.0795280128345,False
1.0,S2b,8.45101449812597,329.589565426914,575.4223148530451,conditional_source_only_not_network_or_full_range_validated,338.04057992504,2240.079528012835,False
1.0,S2b,8.764015035093598,341.7965863686516,573.9469948227713,conditional_source_only_not_network_or_full_range_validated,350.56060140374524,2240.0795280128355,False
1.0,S2b,9.077015572061228,354.0036073103892,572.4857639168985,conditional_source_only_not_network_or_full_range_validated,363.0806228824504,2240.079528012835,False
1.0,S2b,9.390016109028856,366.2106282521267,571.0386221354265,conditional_source_only_not_network_or_full_range_validated,375.60064436115556,2240.079528012835,False
1.0,S2b,9.703016645996485,378.4176491938643,569.6055694783556,conditional_source_only_not_network_or_full_range_validated,388.12066583986075,2240.0795280128345,False
1.0,S2b,10.016017182964111,390.6246701356018,568.1866059456856,conditional_source_only_not_network_or_full_range_validated,400.6406873185659,2240.079528012835,False
1.0,S2b,10.32901771993174,402.83169107733937,566.7817315374167,conditional_source_only_not_network_or_full_range_validated,413.1607087972711,2240.079528012835,False
1.0,S2b,10.64201825689937,415.03871201907697,565.3909462535487,conditional_source_only_not_network_or_full_range_validated,425.6807302759763,2240.079528012835,False
1.0,S2b,10.955018793866998,427.2457329608145,564.0142500940817,conditional_source_only_not_network_or_full_range_validated,438.2007517546815,2240.079528012835,False
1.0,S2b,11.268019330834626,439.452753902552,562.6516430590157,conditional_source_only_not_network_or_full_range_validated,450.72077323338664,2240.079528012835,False
1.0,S2b,11.581019867802256,451.6597748442896,561.3031251483507,conditional_source_only_not_network_or_full_range_validated,463.2407947120918,2240.079528012835,False
1.0,S2b,11.894020404769885,463.8667957860272,559.9686963620867,conditional_source_only_not_network_or_full_range_validated,475.7608161907971,2240.079528012835,False
1.0,S2b,12.207020941737513,476.0738167277647,558.6483567002235,conditional_source_only_not_network_or_full_range_validated,488.28083766950226,2240.079528012835,False
1.0,S2b,12.52002147870514,488.2808376695023,557.3421061627614,conditional_source_only_not_network_or_full_range_validated,500.80085914820745,2240.0795280128355,False
1.0,S2b,0.0,12.45701396683726,618.7999287824971,conditional_source_only_not_network_or_full_range_validated,12.45701396683726,2234.5516273541693,False
1.0,S2b,0.0,24.91402793367452,617.0329050500707,conditional_source_only_not_network_or_full_range_validated,24.91402793367452,2234.5516273541693,False
1.0,S2b,0.0,37.37104190051178,615.2805734967309,conditional_source_only_not_network_or_full_range_validated,37.37104190051178,2234.5516273541693,False
1.0,S2b,0.0,49.82805586734904,613.542934122478,conditional_source_only_not_network_or_full_range_validated,49.82805586734904,2234.5516273541693,False
1.0,S2b,0.0,62.2850698341863,611.8199869273117,conditional_source_only_not_network_or_full_range_validated,62.2850698341863,2234.5516273541693,False
1.0,S2b,0.0,74.74208380102357,610.1117319112323,conditional_source_only_not_network_or_full_range_validated,74.74208380102357,2234.5516273541693,False
1.0,S2b,0.0,87.19909776786083,608.4181690742395,conditional_source_only_not_network_or_full_range_validated,87.19909776786083,2234.5516273541693,False
1.0,S2b,0.0,99.65611173469809,606.7392984163334,conditional_source_only_not_network_or_full_range_validated,99.65611173469809,2234.5516273541693,False
1.0,S2b,0.0,112.11312570153537,605.0751199375144,conditional_source_only_not_network_or_full_range_validated,112.11312570153537,2234.551627354169,False
1.0,S2b,0.0,124.5701396683726,603.4256336377819,conditional_source_only_not_network_or_full_range_validated,124.5701396683726,2234.5516273541693,False
1.0,S2b,0.0,137.02715363520988,601.7908395171362,conditional_source_only_not_network_or_full_range_validated,137.02715363520988,2234.5516273541693,False
1.0,S2b,0.0,149.48416760204714,600.1707375755772,conditional_source_only_not_network_or_full_range_validated,149.48416760204714,2234.5516273541693,False
1.0,S2b,0.0,161.9411815688844,598.5653278131049,conditional_source_only_not_network_or_full_range_validated,161.9411815688844,2234.551627354169,False
1.0,S2b,0.0,174.39819553572167,596.9746102297195,conditional_source_only_not_network_or_full_range_validated,174.39819553572167,2234.5516273541693,False
1.0,S2b,0.0,186.8552095025589,595.3985848254208,conditional_source_only_not_network_or_full_range_validated,186.8552095025589,2234.5516273541693,False
1.0,S2b,0.0,199.31222346939617,593.8372516002089,conditional_source_only_not_network_or_full_range_validated,199.31222346939617,2234.5516273541693,False
1.0,S2b,0.0,211.76923743623345,592.2906105540836,conditional_source_only_not_network_or_full_range_validated,211.76923743623345,2234.5516273541693,False
1.0,S2b,0.0,224.2262514030707,590.7586616870452,conditional_source_only_not_network_or_full_range_validated,224.2262514030707,2234.551627354169,False
1.0,S2b,0.0,236.683265369908,589.2414049990934,conditional_source_only_not_network_or_full_range_validated,236.683265369908,2234.5516273541693,False
1.0,S2b,0.0,249.1402793367452,587.7388404902285,conditional_source_only_not_network_or_full_range_validated,249.1402793367452,2234.5516273541693,False
1.0,S2b,0.0,261.5972933035825,586.2509681604504,conditional_source_only_not_network_or_full_range_validated,261.5972933035825,2234.5516273541693,False
1.0,S2b,0.0,274.05430727041977,584.7777880097589,conditional_source_only_not_network_or_full_range_validated,274.05430727041977,2234.5516273541693,False
1.0,S2b,0.0,286.51132123725705,583.3193000381543,conditional_source_only_not_network_or_full_range_validated,286.51132123725705,2234.551627354169,False
1.0,S2b,0.0,298.9683352040943,581.8755042456363,conditional_source_only_not_network_or_full_range_validated,298.9683352040943,2234.5516273541693,False
1.0,S2b,0.0,311.4253491709315,580.4464006322052,conditional_source_only_not_network_or_full_range_validated,311.4253491709315,2234.5516273541693,False
1.0,S2b,0.0,323.8823631377688,579.0319891978608,conditional_source_only_not_network_or_full_range_validated,323.8823631377688,2234.551627354169,False
1.0,S2b,0.0,336.33937710460606,577.632269942603,conditional_source_only_not_network_or_full_range_validated,336.33937710460606,2234.5516273541693,False
1.0,S2b,0.0,348.79639107144334,576.2472428664321,conditional_source_only_not_network_or_full_range_validated,348.79639107144334,2234.5516273541693,False
1.0,S2b,0.0,361.2534050382806,574.8769079693479,conditional_source_only_not_network_or_full_range_validated,361.2534050382806,2234.5516273541693,False
1.0,S2b,0.0,373.7104190051178,573.5212652513505,conditional_source_only_not_network_or_full_range_validated,373.7104190051178,2234.5516273541693,False
1.0,S2b,0.0,386.1674329719551,572.1803147124399,conditional_source_only_not_network_or_full_range_validated,386.1674329719551,2234.5516273541693,False
1.0,S2b,0.0,398.6244469387924,570.854056352616,conditional_source_only_not_network_or_full_range_validated,398.6244469387924,2234.5516273541693,False
1.0,S2b,0.0,411.0814609056296,569.5424901718789,conditional_source_only_not_network_or_full_range_validated,411.0814609056296,2234.551627354169,False
1.0,S2b,0.0,423.5384748724669,568.2456161702283,conditional_source_only_not_network_or_full_range_validated,423.5384748724669,2234.5516273541693,False
1.0,S2b,0.0,435.9954888393041,566.9634343476647,conditional_source_only_not_network_or_full_range_validated,435.9954888393041,2234.5516273541693,False
1.0,S2b,0.0,448.4525028061414,565.6959447041878,conditional_source_only_not_network_or_full_range_validated,448.4525028061414,2234.551627354169,False
1.0,S2b,0.0,460.9095167729786,564.4431472397977,conditional_source_only_not_network_or_full_range_validated,460.9095167729786,2234.5516273541693,False
1.0,S2b,0.0,473.3665307398159,563.2050419544943,conditional_source_only_not_network_or_full_range_validated,473.3665307398159,2234.5516273541693,False
1.0,S2b,0.0,485.8235447066532,561.9816288482778,conditional_source_only_not_network_or_full_range_validated,485.8235447066532,2234.5516273541693,False
1.0,S2b,0.0,498.2805586734904,560.7729079211477,conditional_source_only_not_network_or_full_range_validated,498.2805586734904,2234.5516273541693,False
