scenario_id,load_frac,T_supply_max_C,T_return_C,pinch_K,flow_multiplier,lp_min_frac,scheme,accepted_nonzero_points,nonzero_points,accepted_fraction_after_source,Q_max_MW,electric_span_MW,electric_penalty_at_Q_max,high_heat_share_mean,min_high_grade_margin_K,min_low_grade_margin_K,temperature_flow_rejections,low_grade_rejections,high_grade_rejections,source_rejections,seq_supply,seq_low,seq_high
L50_Ts120_Tr50p0_dT5_F0p8_LP20,0.5,120.0,50.0,5.0,0.8,0.2,S1,19,40,0.4810126582278481,115.64473925929678,24.542497564469784,0.22499378873791062,1.0,2.187938841833258,,0.0,0.0,1.0,0.0,17,0,4
L50_Ts120_Tr50p0_dT5_F0p8_LP20,0.5,120.0,50.0,5.0,0.8,0.2,S2a,577,1640,0.14879901889215974,121.71693885866826,25.32294423213949,0.21438091824369612,0.6657323617800661,0.20782877612879957,0.0014581968073485996,0.0,0.6024673347114284,0.3975326652885716,0.0,684,347,32
L50_Ts120_Tr50p0_dT5_F0p8_LP20,0.5,120.0,50.0,5.0,0.8,0.2,S2b,579,1640,0.15667596606377124,139.90280511537748,41.5423671744411,0.28920793046407284,0.6917450914602351,23.14424091015512,0.012112815184305958,0.04625155660506443,0.7641285734186876,0.18961986997624808,0.0,728,333,0
L50_Ts120_Tr50p0_dT5_F0p8_LP30,0.5,120.0,50.0,5.0,0.8,0.3,S1,28,40,0.7088607594936709,116.57272297684757,25.19923377766287,0.22484431239970787,1.0,1.6054936038920857,,0.0,0.0,1.0,0.0,7,0,5
L50_Ts120_Tr50p0_dT5_F0p8_LP30,0.5,120.0,50.0,5.0,0.8,0.3,S2a,847,1640,0.31478660871823505,124.38583789192259,25.761618726576444,0.20569949727839026,0.6670814987479532,0.030790378723509093,0.03788837120356803,0.0,0.7580534978379119,0.24194650216208818,0.0,241,507,45
L50_Ts120_Tr50p0_dT5_F0p8_LP30,0.5,120.0,50.0,5.0,0.8,0.3,S2b,851,1640,0.33175770878344124,139.84007980746506,41.903625357639896,0.2774015726363196,0.6925025554130135,22.860149182195045,0.0502460325642744,0.1239985765369911,0.8657738189187727,0.01022760454423618,0.0,303,486,0
L50_Ts120_Tr50p0_dT5_F0p8_LP40,0.5,120.0,50.0,5.0,0.8,0.4,S1,40,40,1.0,89.60231382405242,19.990911965299688,0.2291886106064011,1.0,18.386351292400626,,0.0,0.0,0.0,0.0,0,0,0
L50_Ts120_Tr50p0_dT5_F0p8_LP40,0.5,120.0,50.0,5.0,0.8,0.4,S2a,1379,1640,0.7606912445212108,91.7900727593334,20.52712219705893,0.2267821362215007,0.6077878916006573,17.29220832643997,0.021676365646836615,0.0,1.0,0.0,0.0,0,261,0
L50_Ts120_Tr50p0_dT5_F0p8_LP40,0.5,120.0,50.0,5.0,0.8,0.4,S2b,1365,1640,0.7603262573163352,100.12862356331114,30.10367924952476,0.3003184859899027,0.6225991104816255,48.777865689209655,0.019536533031274672,0.0,1.0,0.0,0.0,0,275,0
L50_Ts120_Tr50p0_dT5_F0p8_LP45,0.5,120.0,50.0,5.0,0.8,0.45,S1,40,40,1.0,51.13724003833035,11.725720102062724,0.23538442877589852,1.0,41.865391413222795,,0.0,0.0,0.0,0.0,0,0,0
L50_Ts120_Tr50p0_dT5_F0p8_LP45,0.5,120.0,50.0,5.0,0.8,0.45,S2a,1634,1640,0.9963061650786563,53.25594188263069,12.101740417237238,0.23039765406837656,0.5143148122521712,40.85002260916211,0.12393647823635945,0.0,1.0,0.0,0.0,0,6,0
L50_Ts120_Tr50p0_dT5_F0p8_LP45,0.5,120.0,50.0,5.0,0.8,0.45,S2b,1633,1640,0.9960680555799472,57.9337749089394,17.41801946641158,0.30355907502620927,0.5265223307550038,74.92465503151553,0.13683042047603067,0.0,1.0,0.0,0.0,0,7,0
L50_Ts120_Tr50p0_dT5_F1p0_LP20,0.5,120.0,50.0,5.0,1.0,0.2,S1,23,40,0.5822784810126582,139.99100015599086,29.471264984174127,0.22107217905991158,1.0,0.725623028386714,,0.0,0.0,1.0,0.0,12,0,5
L50_Ts120_Tr50p0_dT5_F1p0_LP20,0.5,120.0,50.0,5.0,1.0,0.2,S2a,686,1640,0.20791685089676767,145.75672394386444,30.177270567067694,0.20933257105587766,0.6667925545882284,0.4534367815239335,0.032895630940654286,0.0,0.6945213383011488,0.3054786616988513,0.0,443,470,41
L50_Ts120_Tr50p0_dT5_F1p0_LP20,0.5,120.0,50.0,5.0,1.0,0.2,S2b,696,1640,0.22610744942165212,174.9084668598804,50.43268362981786,0.290159214231671,0.700628927392627,18.35131636535901,0.11253988814058502,0.04222266014966926,0.8555121515879698,0.10226518826236092,0.0,496,448,0
L50_Ts120_Tr50p0_dT5_F1p0_LP30,0.5,120.0,50.0,5.0,1.0,0.3,S1,33,40,0.8354430379746836,137.38928065128462,29.419044209019546,0.22149125484458285,1.0,2.128038409054682,,0.0,0.0,1.0,0.0,0,0,7
L50_Ts120_Tr50p0_dT5_F1p0_LP30,0.5,120.0,50.0,5.0,1.0,0.3,S2a,1008,1640,0.44064702706184333,149.2630054703071,30.5264135760101,0.20292918651028374,0.6663510124090879,0.02446477092311028,0.0036415834380463252,0.0,0.8805439835464091,0.11945601645359093,0.0,0,579,53
L50_Ts120_Tr50p0_dT5_F1p0_LP30,0.5,120.0,50.0,5.0,1.0,0.3,S2b,1024,1640,0.4798118874475333,175.3904495016733,51.54182043074462,0.2968934226419911,0.7006671683930815,16.698649829274544,0.023652927335149343,0.031913712695581416,0.9680862873044185,0.0,0.0,21,595,0
L50_Ts120_Tr50p0_dT5_F1p0_LP40,0.5,120.0,50.0,5.0,1.0,0.4,S1,40,40,1.0,89.60231382405242,19.990911965299688,0.2291886106064011,1.0,27.318001394479218,,0.0,0.0,0.0,0.0,0,0,0
L50_Ts120_Tr50p0_dT5_F1p0_LP40,0.5,120.0,50.0,5.0,1.0,0.4,S2a,1491,1640,0.861183852348108,91.7900727593334,20.52712219705893,0.2267821362215007,0.5699067426421249,26.441936472306544,0.04449281064850652,0.0,1.0,0.0,0.0,0,149,0
L50_Ts120_Tr50p0_dT5_F1p0_LP40,0.5,120.0,50.0,5.0,1.0,0.4,S2b,1480,1640,0.859778812438964,100.12862356331114,30.10367924952476,0.3003184859899027,0.5859038979401477,58.72760673750696,0.08067808012103228,0.0,1.0,0.0,0.0,0,160,0
L50_Ts120_Tr50p0_dT5_F1p0_LP45,0.5,120.0,50.0,5.0,1.0,0.45,S1,40,40,1.0,51.13724003833035,11.725720102062724,0.23538442877589852,1.0,46.96280369774536,,0.0,0.0,0.0,0.0,0,0,0
L50_Ts120_Tr50p0_dT5_F1p0_LP45,0.5,120.0,50.0,5.0,1.0,0.45,S2a,1640,1640,1.0,53.25594188263069,12.101740417237238,0.23039765406837656,0.5124868971998596,46.158629256154796,3.3313731809771774,0.0,0.0,0.0,0.0,0,0,0
L50_Ts120_Tr50p0_dT5_F1p0_LP45,0.5,120.0,50.0,5.0,1.0,0.45,S2b,1640,1640,0.9999999999999998,57.9337749089394,17.41801946641158,0.30355907502620927,0.5245588556323646,80.69955284939226,3.3313731809771774,0.0,0.0,0.0,0.0,0,0,0
L50_Ts120_Tr50p0_dT5_F1p2_LP20,0.5,120.0,50.0,5.0,1.2,0.2,S1,26,40,0.6582278481012658,158.2506958285114,33.042527600235644,0.21813097180141197,1.0,1.2909023677121212,,0.0,0.0,1.0,0.0,6,0,8
L50_Ts120_Tr50p0_dT5_F1p2_LP20,0.5,120.0,50.0,5.0,1.2,0.2,S2a,779,1640,0.26493554092811783,169.345504215155,33.89804519221849,0.20264093871116703,0.6651221064945317,0.5107774764875757,0.019665050597286182,0.0,0.7759334973660562,0.22406650263394376,0.0,198,610,53
L50_Ts120_Tr50p0_dT5_F1p2_LP20,0.5,120.0,50.0,5.0,1.2,0.2,S2b,799,1640,0.29685399889192987,209.57038499663292,59.3131654613905,0.2867008635239634,0.7065022576222028,11.7461180679325,0.05502138674846968,0.02652071324497483,0.927122206081416,0.0463570806736091,0.0,263,578,0
L50_Ts120_Tr50p0_dT5_F1p2_LP30,0.5,120.0,50.0,5.0,1.2,0.3,S1,38,40,0.9620253164556962,158.2058383257217,33.49925640841229,0.21813819728945782,1.0,1.3126154703378319,,0.0,0.0,1.0,0.0,0,0,2
L50_Ts120_Tr50p0_dT5_F1p2_LP30,0.5,120.0,50.0,5.0,1.2,0.3,S2a,1144,1640,0.5589537871032741,166.88198322878378,34.244870295607654,0.20668867423560863,0.6636167007201484,0.37792153184938826,0.07219844963477762,0.0,0.9842527310692076,0.015747268930792424,0.0,0,487,9
L50_Ts120_Tr50p0_dT5_F1p2_LP30,0.5,120.0,50.0,5.0,1.2,0.3,S2b,1133,1640,0.565223714727019,184.8543098809651,53.23016006796493,0.28826114640258854,0.6825416140531624,24.629512263960848,0.03038248519277431,0.0,1.0,0.0,0.0,0,507,0
L50_Ts120_Tr50p0_dT5_F1p2_LP40,0.5,120.0,50.0,5.0,1.2,0.4,S1,40,40,1.0,89.60231382405242,19.990911965299688,0.2291886106064011,1.0,33.27243479586494,,0.0,0.0,0.0,0.0,0,0,0
L50_Ts120_Tr50p0_dT5_F1p2_LP40,0.5,120.0,50.0,5.0,1.2,0.4,S2a,1565,1640,0.9311856220684823,91.7900727593334,20.52712219705893,0.2267821362215007,0.5427789043524521,32.54175523621758,0.1087615175990031,0.0,1.0,0.0,0.0,0,75,0
L50_Ts120_Tr50p0_dT5_F1p2_LP40,0.5,120.0,50.0,5.0,1.2,0.4,S2b,1560,1640,0.9316072742006833,100.12862356331114,30.10367924952476,0.3003184859899027,0.5579768588848072,65.36076743637182,0.012767684625728748,0.0,1.0,0.0,0.0,0,80,0
L50_Ts120_Tr50p0_dT5_F1p2_LP45,0.5,120.0,50.0,5.0,1.2,0.45,S1,40,40,1.0,51.13724003833035,11.725720102062724,0.23538442877589852,1.0,50.36107855409373,,0.0,0.0,0.0,0.0,0,0,0
L50_Ts120_Tr50p0_dT5_F1p2_LP45,0.5,120.0,50.0,5.0,1.2,0.45,S2a,1640,1640,1.0,53.25594188263069,12.101740417237238,0.23039765406837656,0.5124868971998596,49.69770035414993,6.609354747073212,0.0,0.0,0.0,0.0,0,0,0
L50_Ts120_Tr50p0_dT5_F1p2_LP45,0.5,120.0,50.0,5.0,1.2,0.45,S2b,1640,1640,0.9999999999999998,57.9337749089394,17.41801946641158,0.30355907502620927,0.5245588556323646,84.54948472797675,6.609354747073212,0.0,0.0,0.0,0.0,0,0,0
L50_Ts120_Tr50p0_dT10_F0p8_LP20,0.5,120.0,50.0,10.0,0.8,0.2,S1,18,40,0.45569620253164556,109.55817403512327,23.28046929318259,0.22597419115741044,1.0,0.9987627123947789,,0.0,0.0,1.0,0.0,17,0,5
L50_Ts120_Tr50p0_dT10_F0p8_LP20,0.5,120.0,50.0,10.0,0.8,0.2,S2a,489,1640,0.11174295028662484,114.9130207174266,23.98647487607616,0.20893598854185608,0.6928693479892899,0.3283793393126331,0.07139021820987956,0.0,0.6100006350778947,0.38999936492210524,0.0,684,431,36
L50_Ts120_Tr50p0_dT10_F0p8_LP20,0.5,120.0,50.0,10.0,0.8,0.2,S2b,501,1640,0.12569059732954024,139.90280511537748,41.5423671744411,0.28920793046407284,0.7281239997038825,18.14424091015512,0.10958687718077087,0.027132094621101197,0.7839491006903038,0.18891880468859493,0.0,728,411,0
L50_Ts120_Tr50p0_dT10_F0p8_LP30,0.5,120.0,50.0,10.0,0.8,0.3,S1,26,40,0.6582278481012658,108.24609990707273,23.472222100170256,0.22618553542175757,1.0,1.818168887042738,,0.0,0.0,1.0,0.0,7,0,7
L50_Ts120_Tr50p0_dT10_F0p8_LP30,0.5,120.0,50.0,10.0,0.8,0.3,S2a,725,1640,0.23941187467220332,113.11558541120597,24.07805908748844,0.2175518910020601,0.6915908102286143,0.10891134708190009,0.030008817370172025,0.0,0.758619044872684,0.24138095512731614,0.0,241,622,52
L50_Ts120_Tr50p0_dT10_F0p8_LP30,0.5,120.0,50.0,10.0,0.8,0.3,S2b,738,1640,0.26572216634666496,139.41292139876595,41.903625357639896,0.3043769211089782,0.7283542115264019,17.860149182195045,0.1017350324062356,0.07204665037848819,0.9054005782965622,0.022552771324949542,0.0,303,599,0
L50_Ts120_Tr50p0_dT10_F0p8_LP40,0.5,120.0,50.0,10.0,0.8,0.4,S1,40,40,1.0,89.60231382405242,19.990911965299688,0.2291886106064011,1.0,13.386351292400626,,0.0,0.0,0.0,0.0,0,0,0
L50_Ts120_Tr50p0_dT10_F0p8_LP40,0.5,120.0,50.0,10.0,0.8,0.4,S2a,1241,1640,0.6437298081817776,91.7900727593334,20.52712219705893,0.2267821362215007,0.6491725035278813,12.292208326439969,0.026943373797532644,0.0,1.0,0.0,0.0,0,399,0
L50_Ts120_Tr50p0_dT10_F0p8_LP40,0.5,120.0,50.0,10.0,0.8,0.4,S2b,1223,1640,0.6433892313386399,100.12862356331114,30.10367924952476,0.3003184859899027,0.6634774984905357,43.777865689209655,0.014965076240201824,0.0,1.0,0.0,0.0,0,417,0
L50_Ts120_Tr50p0_dT10_F0p8_LP45,0.5,120.0,50.0,10.0,0.8,0.45,S1,40,40,1.0,51.13724003833035,11.725720102062724,0.23538442877589852,1.0,36.865391413222795,,0.0,0.0,0.0,0.0,0,0,0
L50_Ts120_Tr50p0_dT10_F0p8_LP45,0.5,120.0,50.0,10.0,0.8,0.45,S2a,1571,1640,0.9370517732300078,53.25594188263069,12.101740417237238,0.23039765406837656,0.5399547517928739,35.85002260916211,0.026938153783728325,0.0,1.0,0.0,0.0,0,69,0
L50_Ts120_Tr50p0_dT10_F0p8_LP45,0.5,120.0,50.0,10.0,0.8,0.45,S2b,1565,1640,0.9356877509417558,57.9337749089394,17.41801946641158,0.30355907502620927,0.5528265802078562,69.92465503151553,0.08716783460049626,0.0,1.0,0.0,0.0,0,75,0
L50_Ts120_Tr50p0_dT10_F1p0_LP20,0.5,120.0,50.0,10.0,1.0,0.2,S1,21,40,0.5316455696202531,127.81786970764382,27.030750407410835,0.22303298389891102,1.0,2.256980084885832,,0.0,0.0,1.0,0.0,12,0,7
L50_Ts120_Tr50p0_dT10_F1p0_LP20,0.5,120.0,50.0,10.0,1.0,0.2,S2a,583,1640,0.15572562600862153,134.1680970024809,28.033838821146276,0.21469100591631168,0.6896946822256423,0.5583694940513482,0.09314850182326495,0.0,0.7007309686789059,0.299269031321094,0.0,443,572,42
L50_Ts120_Tr50p0_dT10_F1p0_LP20,0.5,120.0,50.0,10.0,1.0,0.2,S2b,599,1640,0.17748906401255798,174.9084668598804,50.43268362981786,0.290159214231671,0.7329402793219693,13.351316365359011,0.06812476830882908,0.01797514848757852,0.8790392814137837,0.1029855700986378,0.0,496,545,0
L50_Ts120_Tr50p0_dT10_F1p0_LP30,0.5,120.0,50.0,10.0,1.0,0.3,S1,31,40,0.7848101265822784,129.0626575815098,27.74787182431254,0.22283247786663282,1.0,1.5925678751944048,,0.0,0.0,1.0,0.0,0,0,9
L50_Ts120_Tr50p0_dT10_F1p0_LP30,0.5,120.0,50.0,10.0,1.0,0.3,S2a,857,1640,0.3301490865875493,137.39205145438197,28.562682928839195,0.20837908522425536,0.6911196613679209,0.04930333579751789,0.008020185337382912,0.0,0.8668530075505595,0.1331469924494405,0.0,0,728,55
L50_Ts120_Tr50p0_dT10_F1p0_LP30,0.5,120.0,50.0,10.0,1.0,0.3,S2b,881,1640,0.3757604286991053,175.3904495016733,51.54182043074462,0.2968934226419911,0.7329876766776127,11.698649829274544,0.06350454185432497,0.01656827293296308,0.9834317270670369,0.0,0.0,21,738,0
L50_Ts120_Tr50p0_dT10_F1p0_LP40,0.5,120.0,50.0,10.0,1.0,0.4,S1,40,40,1.0,89.60231382405242,19.990911965299688,0.2291886106064011,1.0,22.318001394479218,,0.0,0.0,0.0,0.0,0,0,0
L50_Ts120_Tr50p0_dT10_F1p0_LP40,0.5,120.0,50.0,10.0,1.0,0.4,S2a,1361,1640,0.7440459039132209,91.7900727593334,20.52712219705893,0.2267821362215007,0.6124704321067548,21.441936472306544,0.009455563983230775,0.0,1.0,0.0,0.0,0,279,0
L50_Ts120_Tr50p0_dT10_F1p0_LP40,0.5,120.0,50.0,10.0,1.0,0.4,S2b,1345,1640,0.7426356382809522,100.12862356331114,30.10367924952476,0.3003184859899027,0.6278715597028134,53.72760673750696,0.0055532279712871,0.0,1.0,0.0,0.0,0,295,0
L50_Ts120_Tr50p0_dT10_F1p0_LP45,0.5,120.0,50.0,10.0,1.0,0.45,S1,40,40,1.0,51.13724003833035,11.725720102062724,0.23538442877589852,1.0,41.96280369774536,,0.0,0.0,0.0,0.0,0,0,0
L50_Ts120_Tr50p0_dT10_F1p0_LP45,0.5,120.0,50.0,10.0,1.0,0.45,S2a,1631,1640,0.9934845736140022,53.25594188263069,12.101740417237238,0.23039765406837656,0.5156465305397913,41.158629256154796,0.1035484363389294,0.0,1.0,0.0,0.0,0,9,0
L50_Ts120_Tr50p0_dT10_F1p0_LP45,0.5,120.0,50.0,10.0,1.0,0.45,S2b,1630,1640,0.9934619453515134,57.9337749089394,17.41801946641158,0.30355907502620927,0.5277703533131419,75.69955284939226,0.1035484363389294,0.0,1.0,0.0,0.0,0,10,0
L50_Ts120_Tr50p0_dT10_F1p2_LP20,0.5,120.0,50.0,10.0,1.2,0.2,S1,24,40,0.6075949367088608,146.07756538016437,30.67362042273902,0.2200917766404113,1.0,2.1376763316860163,,0.0,0.0,1.0,0.0,6,0,10
L50_Ts120_Tr50p0_dT10_F1p2_LP20,0.5,120.0,50.0,10.0,1.2,0.2,S2a,663,1640,0.1987587816741183,152.78264812038304,31.916201307289725,0.2139447548240428,0.6880153198639332,0.49158566607266607,0.07342592778544343,0.0,0.7791695640737856,0.22083043592621457,0.0,198,736,43
L50_Ts120_Tr50p0_dT10_F1p2_LP20,0.5,120.0,50.0,10.0,1.2,0.2,S2b,683,1640,0.22839296702753878,209.57038499663292,59.3131654613905,0.2867008635239634,0.7346996029865164,6.7461180679325,0.06651837041859743,0.007715230678406435,0.9443553383870613,0.04792943093453228,0.0,263,694,0
L50_Ts120_Tr50p0_dT10_F1p2_LP30,0.5,120.0,50.0,10.0,1.2,0.3,S1,36,40,0.9113924050632911,149.87921525594686,31.883923316490893,0.21947942031150802,1.0,0.32131499462171575,,0.0,0.0,1.0,0.0,0,0,4
L50_Ts120_Tr50p0_dT10_F1p2_LP30,0.5,120.0,50.0,10.0,1.2,0.3,S2a,976,1640,0.4220130740621729,154.68736944426988,32.364952860594485,0.21008260551444805,0.6875798212449254,0.32131499462171575,0.0679596542618306,0.0,0.9484999896054407,0.051500010394559356,0.0,0,638,26
L50_Ts120_Tr50p0_dT10_F1p2_LP30,0.5,120.0,50.0,10.0,1.2,0.3,S2b,981,1640,0.4483790961945528,184.8543098809651,53.23016006796493,0.28826114640258854,0.7168902396651685,19.629512263960848,0.009564561199175259,0.0,1.0,0.0,0.0,0,659,0
L50_Ts120_Tr50p0_dT10_F1p2_LP40,0.5,120.0,50.0,10.0,1.2,0.4,S1,40,40,1.0,89.60231382405242,19.990911965299688,0.2291886106064011,1.0,28.27243479586494,,0.0,0.0,0.0,0.0,0,0,0
L50_Ts120_Tr50p0_dT10_F1p2_LP40,0.5,120.0,50.0,10.0,1.2,0.4,S2a,1456,1640,0.8285909972254928,91.7900727593334,20.52712219705893,0.2267821362215007,0.5818803418619576,27.541755236217583,0.009990967735447498,0.0,1.0,0.0,0.0,0,184,0
L50_Ts120_Tr50p0_dT10_F1p2_LP40,0.5,120.0,50.0,10.0,1.2,0.4,S2b,1443,1640,0.8268608929576309,100.12862356331114,30.10367924952476,0.3003184859899027,0.5979623127517356,60.360767436371816,0.0329776057217277,0.0,1.0,0.0,0.0,0,197,0
L50_Ts120_Tr50p0_dT10_F1p2_LP45,0.5,120.0,50.0,10.0,1.2,0.45,S1,40,40,1.0,51.13724003833035,11.725720102062724,0.23538442877589852,1.0,45.36107855409373,,0.0,0.0,0.0,0.0,0,0,0
L50_Ts120_Tr50p0_dT10_F1p2_LP45,0.5,120.0,50.0,10.0,1.2,0.45,S2a,1640,1640,1.0,53.25594188263069,12.101740417237238,0.23039765406837656,0.5124868971998596,44.69770035414993,1.609354747073212,0.0,0.0,0.0,0.0,0,0,0
L50_Ts120_Tr50p0_dT10_F1p2_LP45,0.5,120.0,50.0,10.0,1.2,0.45,S2b,1640,1640,0.9999999999999998,57.9337749089394,17.41801946641158,0.30355907502620927,0.5245588556323646,79.54948472797675,1.609354747073212,0.0,0.0,0.0,0.0,0,0,0
L50_Ts120_Tr50p0_dT15_F0p8_LP20,0.5,120.0,50.0,15.0,0.8,0.2,S1,16,40,0.4050632911392405,97.38504358677625,20.72060905097493,0.2279349959964107,1.0,3.573845825228261,,0.0,0.0,1.0,0.0,17,0,7
L50_Ts120_Tr50p0_dT15_F0p8_LP20,0.5,120.0,50.0,15.0,0.8,0.2,S2a,398,1640,0.07825710820113678,103.89220072186048,22.17621869887728,0.22087378480416098,0.7201995555994021,0.4293576578261522,0.019452373849649263,0.0,0.6170647716046507,0.3829352283953492,0.0,684,527,31
L50_Ts120_Tr50p0_dT15_F0p8_LP20,0.5,120.0,50.0,15.0,0.8,0.2,S2b,410,1640,0.09100428813362627,138.9741662498678,41.5423671744411,0.3044681842851133,0.7633524522961604,13.14424091015512,0.11018040662572837,0.01225846872844666,0.8014822665338172,0.18625926473773613,0.0,728,502,0
L50_Ts120_Tr50p0_dT15_F0p8_LP30,0.5,120.0,50.0,15.0,0.8,0.3,S1,24,40,0.6075949367088608,99.91947683729792,21.72287470556347,0.22752675844380768,1.0,2.0016421454128945,,0.0,0.0,1.0,0.0,7,0,9
L50_Ts120_Tr50p0_dT15_F0p8_LP30,0.5,120.0,50.0,15.0,0.8,0.3,S2a,589,1640,0.1672350174514466,104.73665315852404,22.37446352841698,0.2186905277016417,0.7230744655898951,0.21084685881338316,0.019998353842307637,0.0,0.7649521130118592,0.23504788698814083,0.0,241,764,46
L50_Ts120_Tr50p0_dT15_F0p8_LP30,0.5,120.0,50.0,15.0,0.8,0.3,S2b,608,1640,0.19567531006331904,139.41292139876595,41.903625357639896,0.3043769211089782,0.766245908667486,12.860149182195045,0.03430836344727162,0.027807143968280552,0.9407752904280765,0.031417565603643005,0.0,303,729,0
L50_Ts120_Tr50p0_dT15_F0p8_LP40,0.5,120.0,50.0,15.0,0.8,0.4,S1,40,40,1.0,89.60231382405242,19.990911965299688,0.2291886106064011,1.0,8.386351292400626,,0.0,0.0,0.0,0.0,0,0,0
L50_Ts120_Tr50p0_dT15_F0p8_LP40,0.5,120.0,50.0,15.0,0.8,0.4,S2a,1057,1640,0.5002538148161877,91.7900727593334,20.52712219705893,0.2267821362215007,0.6993905088243404,7.292208326439969,0.06781233413252252,0.0,1.0,0.0,0.0,0,583,0
L50_Ts120_Tr50p0_dT15_F0p8_LP40,0.5,120.0,50.0,15.0,0.8,0.4,S2b,1033,1640,0.49580511871595173,100.12862356331114,30.10367924952476,0.3003184859899027,0.7126386780458169,38.777865689209655,0.05266907326389614,0.0,1.0,0.0,0.0,0,607,0
L50_Ts120_Tr50p0_dT15_F0p8_LP45,0.5,120.0,50.0,15.0,0.8,0.45,S1,40,40,1.0,51.13724003833035,11.725720102062724,0.23538442877589852,1.0,31.865391413222795,,0.0,0.0,0.0,0.0,0,0,0
L50_Ts120_Tr50p0_dT15_F0p8_LP45,0.5,120.0,50.0,15.0,0.8,0.45,S2a,1433,1640,0.8087556887953674,53.25594188263069,12.101740417237238,0.23039765406837656,0.5897236061069799,30.85002260916211,0.012433755423668202,0.0,1.0,0.0,0.0,0,207,0
L50_Ts120_Tr50p0_dT15_F0p8_LP45,0.5,120.0,50.0,15.0,0.8,0.45,S2b,1420,1640,0.8063901258680457,57.9337749089394,17.41801946641158,0.30355907502620927,0.6022994639181665,64.92465503151553,0.02926935776868156,0.0,1.0,0.0,0.0,0,220,0
L50_Ts120_Tr50p0_dT15_F1p0_LP20,0.5,120.0,50.0,15.0,1.0,0.2,S1,20,40,0.5063291139240507,121.7313044834703,25.792591269212494,0.22401338631841053,1.0,0.4949095164536885,,0.0,0.0,1.0,0.0,12,0,8
L50_Ts120_Tr50p0_dT15_F1p0_LP20,0.5,120.0,50.0,15.0,1.0,0.2,S2a,473,1640,0.10817409332142403,122.7395761423007,26.49859685210606,0.22200608728911372,0.7201663124522139,0.33918863917322994,0.04546553977962553,0.0,0.7099005123574956,0.2900994876425042,0.0,443,695,29
L50_Ts120_Tr50p0_dT15_F1p0_LP20,0.5,120.0,50.0,15.0,1.0,0.2,S2b,487,1640,0.1262944539434647,174.9084668598804,50.43268362981786,0.290159214231671,0.7651772086374927,8.351316365359011,0.03740855099167106,0.004557141351145653,0.8942029549171974,0.10123990373165699,0.0,496,657,0
L50_Ts120_Tr50p0_dT15_F1p0_LP30,0.5,120.0,50.0,15.0,1.0,0.3,S1,29,40,0.7341772151898734,120.73603451173499,26.054363722491303,0.22417370088868274,1.0,1.02270370779015,,0.0,0.0,1.0,0.0,0,0,11
L50_Ts120_Tr50p0_dT15_F1p0_LP30,0.5,120.0,50.0,15.0,1.0,0.3,S2a,698,1640,0.22958129647476538,125.42219144129989,26.621081022183944,0.2138978692189148,0.7196687745442859,0.45072587048009183,0.03271971819484776,0.0,0.8640359279921042,0.13596407200789573,0.0,0,900,42
L50_Ts120_Tr50p0_dT15_F1p0_LP30,0.5,120.0,50.0,15.0,1.0,0.3,S2b,719,1640,0.26743830050473694,175.3904495016733,51.54182043074462,0.2968934226419911,0.7649196978988674,6.698649829274544,0.03694156821566885,0.0053234784308316945,0.9946765215691682,0.0,0.0,21,900,0
L50_Ts120_Tr50p0_dT15_F1p0_LP40,0.5,120.0,50.0,15.0,1.0,0.4,S1,40,40,1.0,89.60231382405242,19.990911965299688,0.2291886106064011,1.0,17.318001394479218,,0.0,0.0,0.0,0.0,0,0,0
L50_Ts120_Tr50p0_dT15_F1p0_LP40,0.5,120.0,50.0,15.0,1.0,0.4,S2a,1176,1640,0.5886938345537415,91.7900727593334,20.52712219705893,0.2267821362215007,0.6655185809711582,16.441936472306544,0.0061622807849506245,0.0,1.0,0.0,0.0,0,464,0
L50_Ts120_Tr50p0_dT15_F1p0_LP40,0.5,120.0,50.0,15.0,1.0,0.4,S2b,1154,1640,0.5859143020435225,100.12862356331114,30.10367924952476,0.3003184859899027,0.6803221022063816,48.72760673750696,0.06671731213217846,0.0,1.0,0.0,0.0,0,486,0
L50_Ts120_Tr50p0_dT15_F1p0_LP45,0.5,120.0,50.0,15.0,1.0,0.45,S1,40,40,1.0,51.13724003833035,11.725720102062724,0.23538442877589852,1.0,36.96280369774536,,0.0,0.0,0.0,0.0,0,0,0
L50_Ts120_Tr50p0_dT15_F1p0_LP45,0.5,120.0,50.0,15.0,1.0,0.45,S2a,1536,1640,0.9035699108225423,53.25594188263069,12.101740417237238,0.23039765406837656,0.5531726760342,36.158629256154796,0.002786223932760734,0.0,1.0,0.0,0.0,0,104,0
L50_Ts120_Tr50p0_dT15_F1p0_LP45,0.5,120.0,50.0,15.0,1.0,0.45,S2b,1528,1640,0.9019498550620204,57.9337749089394,17.41801946641158,0.30355907502620927,0.5660286236760865,70.69955284939226,0.02754021539780105,0.0,1.0,0.0,0.0,0,112,0
L50_Ts120_Tr50p0_dT15_F1p2_LP20,0.5,120.0,50.0,15.0,1.2,0.2,S1,23,40,0.5822784810126582,139.99100015599086,29.471264984174127,0.22107217905991158,1.0,0.0285868877694071,,0.0,0.0,1.0,0.0,6,0,11
L50_Ts120_Tr50p0_dT15_F1p2_LP20,0.5,120.0,50.0,15.0,1.2,0.2,S2a,536,1640,0.13655624689857396,140.85465558653428,30.177270567067694,0.21744467837265377,0.7172301147153229,0.0285868877694071,0.04417939502233814,0.0,0.7870942888918941,0.212905711108106,0.0,198,881,25
L50_Ts120_Tr50p0_dT15_F1p2_LP20,0.5,120.0,50.0,15.0,1.2,0.2,S2b,544,1640,0.15140017897120536,205.15234065456676,58.86751629874291,0.2907028064834754,0.7548261237025347,3.1098416185428164,0.004277192532523344,0.0,0.9536156811322315,0.046384318867768476,0.0,263,833,0
L50_Ts120_Tr50p0_dT15_F1p2_LP30,0.5,120.0,50.0,15.0,1.2,0.3,S1,33,40,0.8354430379746836,137.38928065128462,29.419044209019546,0.22149125484458285,1.0,1.2581075645095297,,0.0,0.0,1.0,0.0,0,0,7
L50_Ts120_Tr50p0_dT15_F1p2_LP30,0.5,120.0,50.0,15.0,1.2,0.3,S2a,789,1640,0.28895212712788537,142.7397874706153,30.21114435793072,0.21536808568377408,0.7162397425769417,0.13179273994892782,0.01421683515805583,0.0,0.935670573541208,0.06432942645879206,0.0,0,827,24
L50_Ts120_Tr50p0_dT15_F1p2_LP30,0.5,120.0,50.0,15.0,1.2,0.3,S2b,795,1640,0.3130446874386489,184.27522464627035,53.23016006796493,0.291740849002826,0.7478018330888878,14.629512263960848,0.004536445691941893,0.0,1.0,0.0,0.0,0,845,0
L50_Ts120_Tr50p0_dT15_F1p2_LP40,0.5,120.0,50.0,15.0,1.2,0.4,S1,40,40,1.0,89.60231382405242,19.990911965299688,0.2291886106064011,1.0,23.27243479586494,,0.0,0.0,0.0,0.0,0,0,0
L50_Ts120_Tr50p0_dT15_F1p2_LP40,0.5,120.0,50.0,15.0,1.2,0.4,S2a,1273,1640,0.66720768959156,91.7900727593334,20.52712219705893,0.2267821362215007,0.6377877985336573,22.541755236217583,0.01967034191111061,0.0,1.0,0.0,0.0,0,367,0
L50_Ts120_Tr50p0_dT15_F1p2_LP40,0.5,120.0,50.0,15.0,1.2,0.4,S2b,1256,1640,0.6661016016513244,100.12862356331114,30.10367924952476,0.3003184859899027,0.6518554592209992,55.360767436371816,0.02256198306556989,0.0,1.0,0.0,0.0,0,384,0
L50_Ts120_Tr50p0_dT15_F1p2_LP45,0.5,120.0,50.0,15.0,1.2,0.45,S1,40,40,1.0,51.13724003833035,11.725720102062724,0.23538442877589852,1.0,40.36107855409373,,0.0,0.0,0.0,0.0,0,0,0
L50_Ts120_Tr50p0_dT15_F1p2_LP45,0.5,120.0,50.0,15.0,1.2,0.45,S2a,1601,1640,0.9655893239624324,53.25594188263069,12.101740417237238,0.23039765406837656,0.5280715837036931,39.69770035414993,0.013665152391610036,0.0,1.0,0.0,0.0,0,39,0
L50_Ts120_Tr50p0_dT15_F1p2_LP45,0.5,120.0,50.0,15.0,1.2,0.45,S2b,1597,1640,0.9643822484476031,57.9337749089394,17.41801946641158,0.30355907502620927,0.5407731080991979,74.54948472797675,0.06010842482790402,0.0,1.0,0.0,0.0,0,43,0
L50_Ts120_Tr60p0_dT5_F0p8_LP20,0.5,120.0,60.0,5.0,0.8,0.2,S1,16,40,0.4050632911392405,97.38504358677625,20.72060905097493,0.2279349959964107,1.0,3.573845825228261,,0.0,0.0,1.0,0.0,21,0,3
L50_Ts120_Tr60p0_dT5_F0p8_LP20,0.5,120.0,60.0,5.0,0.8,0.2,S2a,398,1640,0.07825710820113678,103.89220072186048,22.17621869887728,0.22087378480416098,0.7201995555994021,0.4293576578261522,0.019452373849649263,0.0,0.6170647716046507,0.3829352283953492,0.0,825,401,16
L50_Ts120_Tr60p0_dT5_F0p8_LP20,0.5,120.0,60.0,5.0,0.8,0.2,S2b,396,1640,0.08225274588852434,119.91669009889497,35.98954508371827,0.2927071011278551,0.7436867811742428,25.90614309389332,0.11018040662572837,0.023240146735036195,0.7922767374795576,0.18448311578540602,0.0,862,382,0
L50_Ts120_Tr60p0_dT5_F0p8_LP30,0.5,120.0,60.0,5.0,0.8,0.3,S1,24,40,0.6075949367088608,99.91947683729792,21.72287470556347,0.22752675844380768,1.0,2.0016421454128945,,0.0,0.0,1.0,0.0,12,0,4
L50_Ts120_Tr60p0_dT5_F0p8_LP30,0.5,120.0,60.0,5.0,0.8,0.3,S2a,589,1640,0.1672350174514466,104.73665315852404,22.37446352841698,0.2186905277016417,0.7230744655898951,0.21084685881338316,0.019998353842307637,0.0,0.7649521130118592,0.23504788698814083,0.0,445,583,23
L50_Ts120_Tr60p0_dT5_F0p8_LP30,0.5,120.0,60.0,5.0,0.8,0.3,S2b,586,1640,0.17557523603845213,120.15530142262732,35.95318925780788,0.3006083256480248,0.746070778707573,25.88214901669656,0.03430836344727162,0.05172843625186159,0.9152706340229342,0.03300092972520427,0.0,497,557,0
L50_Ts120_Tr60p0_dT5_F0p8_LP40,0.5,120.0,60.0,5.0,0.8,0.4,S1,40,40,1.0,89.60231382405242,19.990911965299688,0.2291886106064011,1.0,8.386351292400626,,0.0,0.0,0.0,0.0,0,0,0
L50_Ts120_Tr60p0_dT5_F0p8_LP40,0.5,120.0,60.0,5.0,0.8,0.4,S2a,1057,1640,0.5002538148161877,91.7900727593334,20.52712219705893,0.2267821362215007,0.6993905088243404,7.292208326439969,0.06781233413252252,0.0,1.0,0.0,0.0,0,583,0
L50_Ts120_Tr60p0_dT5_F0p8_LP40,0.5,120.0,60.0,5.0,0.8,0.4,S2b,1033,1640,0.49580511871595173,100.12862356331114,30.10367924952476,0.3003184859899027,0.7126386780458169,38.777865689209655,0.05266907326389614,0.0,1.0,0.0,0.0,0,607,0
L50_Ts120_Tr60p0_dT5_F0p8_LP45,0.5,120.0,60.0,5.0,0.8,0.45,S1,40,40,1.0,51.13724003833035,11.725720102062724,0.23538442877589852,1.0,31.865391413222795,,0.0,0.0,0.0,0.0,0,0,0
L50_Ts120_Tr60p0_dT5_F0p8_LP45,0.5,120.0,60.0,5.0,0.8,0.45,S2a,1433,1640,0.8087556887953674,53.25594188263069,12.101740417237238,0.23039765406837656,0.5897236061069799,30.85002260916211,0.012433755423668202,0.0,1.0,0.0,0.0,0,207,0
L50_Ts120_Tr60p0_dT5_F0p8_LP45,0.5,120.0,60.0,5.0,0.8,0.45,S2b,1420,1640,0.8063901258680457,57.9337749089394,17.41801946641158,0.30355907502620927,0.6022994639181665,64.92465503151553,0.02926935776868156,0.0,1.0,0.0,0.0,0,220,0
L50_Ts120_Tr60p0_dT5_F1p0_LP20,0.5,120.0,60.0,5.0,1.0,0.2,S1,20,40,0.5063291139240507,121.7313044834703,25.792591269212494,0.22401338631841053,1.0,0.4949095164536885,,0.0,0.0,1.0,0.0,16,0,4
L50_Ts120_Tr60p0_dT5_F1p0_LP20,0.5,120.0,60.0,5.0,1.0,0.2,S2a,473,1640,0.10817409332142403,122.7395761423007,26.49859685210606,0.22200608728911372,0.7201663124522139,0.33918863917322994,0.04546553977962553,0.0,0.7099005123574956,0.2900994876425042,0.0,615,533,19
L50_Ts120_Tr60p0_dT5_F1p0_LP20,0.5,120.0,60.0,5.0,1.0,0.2,S2b,474,1640,0.11657389763142748,148.72736999761045,43.67241116693637,0.29882365333189215,0.748812628977053,22.170624914202094,0.03740855099167106,0.01663272038205129,0.8832413436336906,0.10012593598425822,0.0,662,504,0
L50_Ts120_Tr60p0_dT5_F1p0_LP30,0.5,120.0,60.0,5.0,1.0,0.3,S1,29,40,0.7341772151898734,120.73603451173499,26.054363722491303,0.22417370088868274,1.0,1.02270370779015,,0.0,0.0,1.0,0.0,4,0,7
L50_Ts120_Tr60p0_dT5_F1p0_LP30,0.5,120.0,60.0,5.0,1.0,0.3,S2a,698,1640,0.22958129647476538,125.42219144129989,26.621081022183944,0.2138978692189148,0.7196687745442859,0.45072587048009183,0.03271971819484776,0.0,0.8640359279921042,0.13596407200789573,0.0,138,774,30
L50_Ts120_Tr60p0_dT5_F1p0_LP30,0.5,120.0,60.0,5.0,1.0,0.3,S2b,699,1640,0.24570221012665527,148.40730342449277,44.36365620899187,0.3025060464922316,0.7473570872824579,21.808672640678594,0.03694156821566885,0.038598511673092264,0.9614014883269077,0.0,0.0,207,734,0
L50_Ts120_Tr60p0_dT5_F1p0_LP40,0.5,120.0,60.0,5.0,1.0,0.4,S1,40,40,1.0,89.60231382405242,19.990911965299688,0.2291886106064011,1.0,17.318001394479218,,0.0,0.0,0.0,0.0,0,0,0
L50_Ts120_Tr60p0_dT5_F1p0_LP40,0.5,120.0,60.0,5.0,1.0,0.4,S2a,1176,1640,0.5886938345537415,91.7900727593334,20.52712219705893,0.2267821362215007,0.6655185809711582,16.441936472306544,0.0061622807849506245,0.0,1.0,0.0,0.0,0,464,0
L50_Ts120_Tr60p0_dT5_F1p0_LP40,0.5,120.0,60.0,5.0,1.0,0.4,S2b,1154,1640,0.5859143020435225,100.12862356331114,30.10367924952476,0.3003184859899027,0.6803221022063816,48.72760673750696,0.06671731213217846,0.0,1.0,0.0,0.0,0,486,0
L50_Ts120_Tr60p0_dT5_F1p0_LP45,0.5,120.0,60.0,5.0,1.0,0.45,S1,40,40,1.0,51.13724003833035,11.725720102062724,0.23538442877589852,1.0,36.96280369774536,,0.0,0.0,0.0,0.0,0,0,0
L50_Ts120_Tr60p0_dT5_F1p0_LP45,0.5,120.0,60.0,5.0,1.0,0.45,S2a,1536,1640,0.9035699108225423,53.25594188263069,12.101740417237238,0.23039765406837656,0.5531726760342,36.158629256154796,0.002786223932760734,0.0,1.0,0.0,0.0,0,104,0
L50_Ts120_Tr60p0_dT5_F1p0_LP45,0.5,120.0,60.0,5.0,1.0,0.45,S2b,1528,1640,0.9019498550620204,57.9337749089394,17.41801946641158,0.30355907502620927,0.5660286236760865,70.69955284939226,0.02754021539780105,0.0,1.0,0.0,0.0,0,112,0
L50_Ts120_Tr60p0_dT5_F1p2_LP20,0.5,120.0,60.0,5.0,1.2,0.2,S1,23,40,0.5822784810126582,139.99100015599086,29.471264984174127,0.22107217905991158,1.0,0.0285868877694071,,0.0,0.0,1.0,0.0,11,0,6
L50_Ts120_Tr60p0_dT5_F1p2_LP20,0.5,120.0,60.0,5.0,1.2,0.2,S2a,536,1640,0.13655624689857396,140.85465558653428,30.177270567067694,0.21744467837265377,0.7172301147153229,0.0285868877694071,0.04417939502233814,0.0,0.7870942888918941,0.212905711108106,0.0,407,677,20
L50_Ts120_Tr60p0_dT5_F1p2_LP20,0.5,120.0,60.0,5.0,1.2,0.2,S2b,537,1640,0.14618775051910995,178.6810708926872,52.15608886651901,0.29620895760413063,0.7466170603188109,16.699797297069154,0.004277192532523344,0.007932327275912776,0.9466325570712589,0.045435115652828255,0.0,463,640,0
L50_Ts120_Tr60p0_dT5_F1p2_LP30,0.5,120.0,60.0,5.0,1.2,0.3,S1,33,40,0.8354430379746836,137.38928065128462,29.419044209019546,0.22149125484458285,1.0,1.2581075645095297,,0.0,0.0,1.0,0.0,0,0,7
L50_Ts120_Tr60p0_dT5_F1p2_LP30,0.5,120.0,60.0,5.0,1.2,0.3,S2a,789,1640,0.28895212712788537,142.7397874706153,30.21114435793072,0.21536808568377408,0.7162397425769417,0.13179273994892782,0.01421683515805583,0.0,0.935670573541208,0.06432942645879206,0.0,0,827,24
L50_Ts120_Tr60p0_dT5_F1p2_LP30,0.5,120.0,60.0,5.0,1.2,0.3,S2b,794,1640,0.3123141779726943,180.23295213394098,52.70873325257591,0.2891430877772626,0.7472704117725277,16.091435870601032,0.004536445691941893,0.0010622721053069476,0.998937727894693,0.0,0.0,6,840,0
L50_Ts120_Tr60p0_dT5_F1p2_LP40,0.5,120.0,60.0,5.0,1.2,0.4,S1,40,40,1.0,89.60231382405242,19.990911965299688,0.2291886106064011,1.0,23.272434795864942,,0.0,0.0,0.0,0.0,0,0,0
L50_Ts120_Tr60p0_dT5_F1p2_LP40,0.5,120.0,60.0,5.0,1.2,0.4,S2a,1273,1640,0.66720768959156,91.7900727593334,20.52712219705893,0.2267821362215007,0.6377877985336573,22.541755236217586,0.01967034191111061,0.0,1.0,0.0,0.0,0,367,0
L50_Ts120_Tr60p0_dT5_F1p2_LP40,0.5,120.0,60.0,5.0,1.2,0.4,S2b,1256,1640,0.6661016016513244,100.12862356331114,30.10367924952476,0.3003184859899027,0.6518554592209992,55.36076743637182,0.02256198306556989,0.0,1.0,0.0,0.0,0,384,0
L50_Ts120_Tr60p0_dT5_F1p2_LP45,0.5,120.0,60.0,5.0,1.2,0.45,S1,40,40,1.0,51.13724003833035,11.725720102062724,0.23538442877589852,1.0,40.36107855409373,,0.0,0.0,0.0,0.0,0,0,0
L50_Ts120_Tr60p0_dT5_F1p2_LP45,0.5,120.0,60.0,5.0,1.2,0.45,S2a,1601,1640,0.9655893239624324,53.25594188263069,12.101740417237238,0.23039765406837656,0.5280715837036931,39.69770035414993,0.013665152391610036,0.0,1.0,0.0,0.0,0,39,0
L50_Ts120_Tr60p0_dT5_F1p2_LP45,0.5,120.0,60.0,5.0,1.2,0.45,S2b,1597,1640,0.9643822484476031,57.9337749089394,17.41801946641158,0.30355907502620927,0.5407731080991979,74.54948472797675,0.06010842482790402,0.0,1.0,0.0,0.0,0,43,0
L50_Ts120_Tr60p0_dT10_F0p8_LP20,0.5,120.0,60.0,10.0,0.8,0.2,S1,15,40,0.379746835443038,91.29847836260272,19.422777080054345,0.22891539841591002,1.0,2.3394575196332354,,0.0,0.0,1.0,0.0,21,0,4
L50_Ts120_Tr60p0_dT10_F0p8_LP20,0.5,120.0,60.0,10.0,0.8,0.2,S2a,295,1640,0.04789952615426138,92.05468210672552,20.128782662947913,0.22674130237756243,0.7632838837784849,2.1296922290270572,0.034358640250779615,0.0,0.625516180356175,0.374483819643825,0.0,825,507,13
L50_Ts120_Tr60p0_dT10_F0p8_LP20,0.5,120.0,60.0,10.0,0.8,0.2,S2b,293,1640,0.05096432499497857,119.12071392845812,35.98954508371827,0.30859779762560496,0.7888303940656284,20.90614309389332,0.03611612840987455,0.008978907518857618,0.8103040184611342,0.18071707402000808,0.0,862,485,0
L50_Ts120_Tr60p0_dT10_F0p8_LP30,0.5,120.0,60.0,10.0,0.8,0.3,S1,22,40,0.5569620253164557,91.5928537675231,19.951191593842452,0.22886798146585785,1.0,2.1576566756641924,,0.0,0.0,1.0,0.0,12,0,6
L50_Ts120_Tr60p0_dT10_F0p8_LP30,0.5,120.0,60.0,10.0,0.8,0.3,S2a,439,1640,0.10082886912231374,92.74903688708211,20.48964883896133,0.22663415130743447,0.7599470291359814,1.7031206719642995,0.030063488543063954,0.0,0.7734409908685743,0.22655900913142565,0.0,445,737,19
L50_Ts120_Tr60p0_dT10_F0p8_LP30,0.5,120.0,60.0,10.0,0.8,0.3,S2b,441,1640,0.1106111344562379,120.15530142262732,35.95318925780788,0.3006083256480248,0.7888321607843031,20.88214901669656,0.02804559905982451,0.018266591806866586,0.9475742962029335,0.034159111990199824,0.0,497,702,0
L50_Ts120_Tr60p0_dT10_F0p8_LP40,0.5,120.0,60.0,10.0,0.8,0.4,S1,40,40,1.0,89.60231382405242,19.990911965299688,0.2291886106064011,1.0,3.386351292400626,,0.0,0.0,0.0,0.0,0,0,0
L50_Ts120_Tr60p0_dT10_F0p8_LP40,0.5,120.0,60.0,10.0,0.8,0.4,S2a,820,1640,0.33260356767953825,91.7900727593334,20.52712219705893,0.2267821362215007,0.7546840198534517,2.292208326439969,0.011841204266971772,0.0,1.0,0.0,0.0,0,820,0
L50_Ts120_Tr60p0_dT10_F0p8_LP40,0.5,120.0,60.0,10.0,0.8,0.4,S2b,796,1640,0.3285535695819279,100.12862356331114,30.10367924952476,0.3003184859899027,0.7658406722094561,33.777865689209655,0.031943223823187594,0.0,1.0,0.0,0.0,0,844,0
L50_Ts120_Tr60p0_dT10_F0p8_LP45,0.5,120.0,60.0,10.0,0.8,0.45,S1,40,40,1.0,51.13724003833035,11.725720102062724,0.23538442877589852,1.0,26.865391413222795,,0.0,0.0,0.0,0.0,0,0,0
L50_Ts120_Tr60p0_dT10_F0p8_LP45,0.5,120.0,60.0,10.0,0.8,0.45,S2a,1193,1640,0.605237778852041,53.25594188263069,12.101740417237238,0.23039765406837656,0.6628906918680585,25.85002260916211,0.006044249125542578,0.0,1.0,0.0,0.0,0,447,0
L50_Ts120_Tr60p0_dT10_F0p8_LP45,0.5,120.0,60.0,10.0,0.8,0.45,S2b,1173,1640,0.6007529464069926,57.9337749089394,17.41801946641158,0.30355907502620927,0.673608046531982,59.92465503151553,0.027368931588469536,0.0,1.0,0.0,0.0,0,467,0
L50_Ts120_Tr60p0_dT10_F1p0_LP20,0.5,120.0,60.0,10.0,1.0,0.2,S1,18,40,0.45569620253164556,109.55817403512327,23.28046929318259,0.22597419115741044,1.0,1.9196333299309956,,0.0,0.0,1.0,0.0,16,0,6
L50_Ts120_Tr60p0_dT10_F1p0_LP20,0.5,120.0,60.0,10.0,1.0,0.2,S2a,347,1640,0.06355225474804578,110.46561852807064,23.98647487607616,0.22390017332449322,0.7561227041452816,1.7704629254094613,0.06273502839074219,0.0,0.7188008876662537,0.28119911233374634,0.0,615,668,10
L50_Ts120_Tr60p0_dT10_F1p0_LP20,0.5,120.0,60.0,10.0,1.0,0.2,S2b,345,1640,0.06724632669452622,145.5919836903377,43.35686916843258,0.3030916465049495,0.780683263335992,18.36192142407588,0.03603182114141745,0.0023815002231425426,0.9011407892951414,0.09647771048171597,0.0,662,633,0
L50_Ts120_Tr60p0_dT10_F1p0_LP30,0.5,120.0,60.0,10.0,1.0,0.3,S1,27,40,0.6835443037974683,112.40941144196016,24.338519903555834,0.22551492391073266,1.0,0.4206819847793497,,0.0,0.0,1.0,0.0,4,0,9
L50_Ts120_Tr60p0_dT10_F1p0_LP30,0.5,120.0,60.0,10.0,1.0,0.3,S2a,516,1640,0.13585273881346502,113.82836345232803,24.896670901732307,0.2233812430493722,0.757466932385613,0.014696706469798926,0.046436441850721266,0.0,0.8687756181256598,0.13122438187434005,0.0,138,972,14
L50_Ts120_Tr60p0_dT10_F1p0_LP30,0.5,120.0,60.0,10.0,1.0,0.3,S2b,512,1640,0.1428839207680286,148.40730342449277,44.36365620899187,0.3025060464922316,0.781401985413433,16.808672640678594,0.009172098590147115,0.004852805300792018,0.995147194699208,0.0,0.0,207,921,0
L50_Ts120_Tr60p0_dT10_F1p0_LP40,0.5,120.0,60.0,10.0,1.0,0.4,S1,40,40,1.0,89.60231382405242,19.990911965299688,0.2291886106064011,1.0,12.318001394479218,,0.0,0.0,0.0,0.0,0,0,0
L50_Ts120_Tr60p0_dT10_F1p0_LP40,0.5,120.0,60.0,10.0,1.0,0.4,S2a,921,1640,0.39736205787901796,91.7900727593334,20.52712219705893,0.2267821362215007,0.728038102426316,11.441936472306544,0.01643736521829986,0.0,1.0,0.0,0.0,0,719,0
L50_Ts120_Tr60p0_dT10_F1p0_LP40,0.5,120.0,60.0,10.0,1.0,0.4,S2b,902,1640,0.3961492285905495,100.12862356331114,30.10367924952476,0.3003184859899027,0.7388463177202246,43.72760673750696,0.011044618752633184,0.0,1.0,0.0,0.0,0,738,0
L50_Ts120_Tr60p0_dT10_F1p0_LP45,0.5,120.0,60.0,10.0,1.0,0.45,S1,40,40,1.0,51.13724003833035,11.725720102062724,0.23538442877589852,1.0,31.962803697745358,,0.0,0.0,0.0,0.0,0,0,0
L50_Ts120_Tr60p0_dT10_F1p0_LP45,0.5,120.0,60.0,10.0,1.0,0.45,S2a,1315,1640,0.7041785912800739,53.25594188263069,12.101740417237238,0.23039765406837656,0.6264091162597679,31.158629256154796,0.04433545779472858,0.0,1.0,0.0,0.0,0,325,0
L50_Ts120_Tr60p0_dT10_F1p0_LP45,0.5,120.0,60.0,10.0,1.0,0.45,S2b,1299,1640,0.7015258156745213,57.9337749089394,17.41801946641158,0.30355907502620927,0.6378659189651233,65.69955284939226,0.03542083196133916,0.0,1.0,0.0,0.0,0,341,0
L50_Ts120_Tr60p0_dT10_F1p2_LP20,0.5,120.0,60.0,10.0,1.2,0.2,S1,21,40,0.5316455696202531,127.81786970764382,27.030750407410835,0.22303298389891102,1.0,0.7509905651917705,,0.0,0.0,1.0,0.0,11,0,8
L50_Ts120_Tr60p0_dT10_F1p2_LP20,0.5,120.0,60.0,10.0,1.2,0.2,S2a,391,1640,0.07767088524399748,128.87655494941575,27.736755990304403,0.22105904427142406,0.7465497777249943,0.6634869252896038,0.016724561620403477,0.0,0.7965980785413272,0.2034019214586728,0.0,407,834,8
L50_Ts120_Tr60p0_dT10_F1p2_LP20,0.5,120.0,60.0,10.0,1.2,0.2,S2b,389,1640,0.08145655609637215,178.6810708926872,52.15608886651901,0.29620895760413063,0.769838876372396,11.699797297069154,0.003353648233687778,0.0016831667078095918,0.9548647565082917,0.043452076783898695,0.0,463,788,0
L50_Ts120_Tr60p0_dT10_F1p2_LP30,0.5,120.0,60.0,10.0,1.2,0.3,S1,31,40,0.7848101265822784,129.0626575815098,27.74787182431254,0.22283247786663282,1.0,0.16929950607622857,,0.0,0.0,1.0,0.0,0,0,9
L50_Ts120_Tr60p0_dT10_F1p2_LP30,0.5,120.0,60.0,10.0,1.2,0.3,S2a,579,1640,0.1650468407569305,129.0626575815098,28.228901368416132,0.22283247786663282,0.7461339040728285,0.16929950607622857,0.02357323435336056,0.0,0.9347526741694386,0.06524732583056148,0.0,0,1051,10
L50_Ts120_Tr60p0_dT10_F1p2_LP30,0.5,120.0,60.0,10.0,1.2,0.3,S2b,573,1640,0.16984578161892652,179.88764051453668,52.70873325257591,0.2959579853336179,0.767192824033545,11.091435870601032,0.010097084641596865,0.0,1.0,0.0,0.0,6,1061,0
L50_Ts120_Tr60p0_dT10_F1p2_LP40,0.5,120.0,60.0,10.0,1.2,0.4,S1,40,40,1.0,89.60231382405242,19.990911965299688,0.2291886106064011,1.0,18.272434795864942,,0.0,0.0,0.0,0.0,0,0,0
L50_Ts120_Tr60p0_dT10_F1p2_LP40,0.5,120.0,60.0,10.0,1.2,0.4,S2a,1011,1640,0.45826338941869155,91.7900727593334,20.52712219705893,0.2267821362215007,0.703167304767637,17.541755236217586,0.006366179817804962,0.0,1.0,0.0,0.0,0,629,0
L50_Ts120_Tr60p0_dT10_F1p2_LP40,0.5,120.0,60.0,10.0,1.2,0.4,S2b,990,1640,0.4563045622877383,100.12862356331114,30.10367924952476,0.3003184859899027,0.7162809259246407,50.36076743637182,0.013376373419628607,0.0,1.0,0.0,0.0,0,650,0
L50_Ts120_Tr60p0_dT10_F1p2_LP45,0.5,120.0,60.0,10.0,1.2,0.45,S1,40,40,1.0,51.13724003833035,11.725720102062724,0.23538442877589852,1.0,35.36107855409373,,0.0,0.0,0.0,0.0,0,0,0
L50_Ts120_Tr60p0_dT10_F1p2_LP45,0.5,120.0,60.0,10.0,1.2,0.45,S2a,1410,1640,0.786663755477525,53.25594188263069,12.101740417237238,0.23039765406837656,0.5962328256986485,34.69770035414993,0.010724188305079707,0.0,1.0,0.0,0.0,0,230,0
L50_Ts120_Tr60p0_dT10_F1p2_LP45,0.5,120.0,60.0,10.0,1.2,0.45,S2b,1397,1640,0.7847132567313619,57.9337749089394,17.41801946641158,0.30355907502620927,0.6084188330852025,69.54948472797675,0.028373759580189173,0.0,1.0,0.0,0.0,0,243,0
L50_Ts120_Tr60p0_dT15_F0p8_LP20,0.5,120.0,60.0,15.0,0.8,0.2,S1,14,40,0.35443037974683544,85.21191313842921,18.113010542589336,0.22989580083540948,1.0,1.0912768339563144,,0.0,0.0,1.0,0.0,21,0,5
L50_Ts120_Tr60p0_dT15_F0p8_LP20,0.5,120.0,60.0,15.0,0.8,0.2,S2a,179,1640,0.020177855276173627,85.21191313842921,18.819016125482904,0.22989580083540948,0.7989089402816152,1.0912768339563144,0.03550165161880159,0.0,0.634826054663,0.365173945337,0.0,825,631,5
L50_Ts120_Tr60p0_dT15_F0p8_LP20,0.5,120.0,60.0,15.0,0.8,0.2,S2b,176,1640,0.020974067746334625,119.12071392845812,35.98954508371827,0.30859779762560496,0.8196448353334626,15.90614309389332,0.0011772850821216707,0.0014884259683054333,0.8220415549311975,0.17647001910049714,0.0,862,602,0
L50_Ts120_Tr60p0_dT15_F0p8_LP30,0.5,120.0,60.0,15.0,0.8,0.3,S1,20,40,0.5063291139240507,83.26623069774826,18.157172765007147,0.23020920448790738,1.0,2.2877997580492178,,0.0,0.0,1.0,0.0,12,0,8
L50_Ts120_Tr60p0_dT15_F0p8_LP30,0.5,120.0,60.0,15.0,0.8,0.3,S2a,267,1640,0.041990001822854964,83.26623069774826,18.63820230911074,0.23020920448790738,0.7971314547669826,2.2877997580492178,0.017832120196914047,0.0,0.7850701033445624,0.2149298966554376,0.0,445,920,8
L50_Ts120_Tr60p0_dT15_F0p8_LP30,0.5,120.0,60.0,15.0,0.8,0.3,S2b,264,1640,0.04409466799467135,116.92696633444885,35.60630882028909,0.3090541076508455,0.8188338254841768,17.30569581003848,0.019428079302997503,0.003823305657479442,0.962476373646715,0.033700320695805586,0.0,497,879,0
L50_Ts120_Tr60p0_dT15_F0p8_LP40,0.5,120.0,60.0,15.0,0.8,0.4,S1,38,40,0.9620253164556962,85.1221981328498,19.025548160318408,0.2299102518115015,1.0,1.1464778211755373,,0.0,0.0,1.0,0.0,0,0,2
L50_Ts120_Tr60p0_dT15_F0p8_LP40,0.5,120.0,60.0,15.0,0.8,0.4,S2a,503,1640,0.14156055543395515,85.1221981328498,19.281239420242343,0.2299102518115015,0.8019824313365147,1.1464778211755373,0.027510708863156097,0.0,0.9957906635555849,0.004209336444415084,0.0,0,1135,2
L50_Ts120_Tr60p0_dT15_F0p8_LP40,0.5,120.0,60.0,15.0,0.8,0.4,S2b,492,1640,0.14173299607854398,95.06258341027755,29.522590095160638,0.3136020042052345,0.8113796505629463,31.150229789645856,0.008897437868194302,0.0,1.0,0.0,0.0,0,1148,0
L50_Ts120_Tr60p0_dT15_F0p8_LP45,0.5,120.0,60.0,15.0,0.8,0.45,S1,40,40,1.0,51.13724003833035,11.725720102062724,0.23538442877589852,1.0,21.865391413222795,,0.0,0.0,0.0,0.0,0,0,0
L50_Ts120_Tr60p0_dT15_F0p8_LP45,0.5,120.0,60.0,15.0,0.8,0.45,S2a,819,1640,0.33303976182978207,53.25594188263069,12.101740417237238,0.23039765406837656,0.7561999008225173,20.85002260916211,0.018973775152700156,0.0,1.0,0.0,0.0,0,821,0
L50_Ts120_Tr60p0_dT15_F0p8_LP45,0.5,120.0,60.0,15.0,0.8,0.45,S2b,796,1640,0.3242974228006041,57.9337749089394,17.41801946641158,0.30355907502620927,0.7625836864654293,54.92465503151553,0.007729781648732725,0.0,1.0,0.0,0.0,0,844,0
L50_Ts120_Tr60p0_dT15_F1p0_LP20,0.5,120.0,60.0,15.0,1.0,0.2,S1,17,40,0.43037974683544306,103.47160881094976,22.006506455350973,0.22695459357691045,1.0,0.10798738744374248,,0.0,0.0,1.0,0.0,16,0,7
L50_Ts120_Tr60p0_dT15_F1p0_LP20,0.5,120.0,60.0,15.0,1.0,0.2,S2a,201,1640,0.024118078302194135,103.47160881094976,22.71251203824454,0.22695459357691045,0.788871235480606,0.10798738744374248,0.1155982542947136,0.0,0.7292351661115221,0.27076483388847794,0.0,615,817,7
L50_Ts120_Tr60p0_dT15_F1p0_LP20,0.5,120.0,60.0,15.0,1.0,0.2,S2b,202,1640,0.02638789624031653,145.5919836903377,43.35686916843258,0.3030916465049495,0.8141635439612044,13.36192142407588,0.03501403198483821,0.0017887419526403624,0.9052894971529677,0.092921760894392,0.0,662,776,0
L50_Ts120_Tr60p0_dT15_F1p0_LP30,0.5,120.0,60.0,15.0,1.0,0.3,S1,24,40,0.6075949367088608,99.91947683729792,21.72287470556347,0.22752675844380768,1.0,1.9617175877272857,,0.0,0.0,1.0,0.0,4,0,12
L50_Ts120_Tr60p0_dT15_F1p0_LP30,0.5,120.0,60.0,15.0,1.0,0.3,S2a,305,1640,0.05217219752630385,99.91947683729792,22.203904249667062,0.22752675844380768,0.7864644285401118,1.9617175877272857,0.045344402016898044,0.0,0.8761618384805027,0.12383816151949732,0.0,138,1185,12
L50_Ts120_Tr60p0_dT15_F1p0_LP30,0.5,120.0,60.0,15.0,1.0,0.3,S2b,306,1640,0.05701682180781636,148.40730342449277,44.36365620899187,0.3025060464922316,0.8146392571994012,11.808672640678594,0.006015967863078231,0.0033220270808562683,0.9955890862648631,0.0010888866542806657,0.0,207,1127,0
L50_Ts120_Tr60p0_dT15_F1p0_LP40,0.5,120.0,60.0,15.0,1.0,0.4,S1,40,40,1.0,89.60231382405242,19.990911965299688,0.2291886106064011,1.0,7.318001394479218,,0.0,0.0,0.0,0.0,0,0,0
L50_Ts120_Tr60p0_dT15_F1p0_LP40,0.5,120.0,60.0,15.0,1.0,0.4,S2a,573,1640,0.17100693849648474,89.60231382405242,20.246603225223623,0.2291886106064011,0.7779349232540307,7.318001394479218,0.0019691767439731223,0.0,1.0,0.0,0.0,0,1067,0
L50_Ts120_Tr60p0_dT15_F1p0_LP40,0.5,120.0,60.0,15.0,1.0,0.4,S2b,558,1640,0.17105617933650288,95.06258341027755,29.522590095160638,0.3136020042052345,0.790499336002168,40.62616513756029,0.007955596366574724,0.0,1.0,0.0,0.0,0,1082,0
L50_Ts120_Tr60p0_dT15_F1p0_LP45,0.5,120.0,60.0,15.0,1.0,0.45,S1,40,40,1.0,51.13724003833035,11.725720102062724,0.23538442877589852,1.0,26.962803697745358,,0.0,0.0,0.0,0.0,0,0,0
L50_Ts120_Tr60p0_dT15_F1p0_LP45,0.5,120.0,60.0,15.0,1.0,0.45,S2a,923,1640,0.3993048910845377,53.25594188263069,12.101740417237238,0.23039765406837656,0.7281506616957869,26.158629256154796,0.0059656385537092405,0.0,1.0,0.0,0.0,0,717,0
L50_Ts120_Tr60p0_dT15_F1p0_LP45,0.5,120.0,60.0,15.0,1.0,0.45,S2b,898,1640,0.3894258906342795,57.9337749089394,17.41801946641158,0.30355907502620927,0.7361193988558364,60.69955284939226,0.008951971538699866,0.0,1.0,0.0,0.0,0,742,0
L50_Ts120_Tr60p0_dT15_F1p2_LP20,0.5,120.0,60.0,15.0,1.2,0.2,S1,19,40,0.4810126582278481,115.64473925929678,24.542497564469784,0.22499378873791062,1.0,1.400581594906221,,0.0,0.0,1.0,0.0,11,0,10
L50_Ts120_Tr60p0_dT15_F1p2_LP20,0.5,120.0,60.0,15.0,1.2,0.2,S2a,229,1640,0.029399337684098782,115.64473925929678,25.24850314736335,0.22499378873791062,0.7713518750235071,1.400581594906221,0.033180729180861235,0.0,0.8060128745702763,0.19398712542972377,0.0,407,994,10
L50_Ts120_Tr60p0_dT15_F1p2_LP20,0.5,120.0,60.0,15.0,1.2,0.2,S2b,231,1640,0.03291082220347254,178.6810708926872,52.15608886651901,0.29620895760413063,0.8068988646869378,6.6997972970691535,0.048993402235632644,0.0010474080656097569,0.9571304457229431,0.041822146211447156,0.0,463,946,0
L50_Ts120_Tr60p0_dT15_F1p2_LP30,0.5,120.0,60.0,15.0,1.2,0.3,S1,28,40,0.7088607594936709,116.57272297684757,25.19923377766287,0.22484431239970787,1.0,0.9723069639478439,,0.0,0.0,1.0,0.0,0,0,12
L50_Ts120_Tr60p0_dT15_F1p2_LP30,0.5,120.0,60.0,15.0,1.2,0.3,S2a,343,1640,0.062183186227953324,116.57272297684757,25.68026332176646,0.22484431239970787,0.7698655664972908,0.9723069639478439,0.008161202460360784,0.0,0.9403298483843744,0.05967015161562564,0.0,0,1285,12
L50_Ts120_Tr60p0_dT15_F1p2_LP30,0.5,120.0,60.0,15.0,1.2,0.3,S2b,345,1640,0.06867136445824418,179.88764051453668,52.70873325257591,0.2959579853336179,0.8040761046250023,6.091435870601032,0.009861188291109713,0.0,1.0,0.0,0.0,6,1289,0
L50_Ts120_Tr60p0_dT15_F1p2_LP40,0.5,120.0,60.0,15.0,1.2,0.4,S1,40,40,1.0,89.60231382405242,19.990911965299688,0.2291886106064011,1.0,13.272434795864942,,0.0,0.0,0.0,0.0,0,0,0
L50_Ts120_Tr60p0_dT15_F1p2_LP40,0.5,120.0,60.0,15.0,1.2,0.4,S2a,633,1640,0.20079695431908975,89.60231382405242,20.246603225223623,0.2291886106064011,0.7619686237627067,13.272434795864942,0.002988330480860668,0.0,1.0,0.0,0.0,0,1007,0
L50_Ts120_Tr60p0_dT15_F1p2_LP40,0.5,120.0,60.0,15.0,1.2,0.4,S2b,616,1640,0.1984999976612037,95.06258341027755,29.522590095160638,0.3136020042052345,0.7724123471762421,46.94345536950324,0.02801630957134371,0.0,1.0,0.0,0.0,0,1024,0
L50_Ts120_Tr60p0_dT15_F1p2_LP45,0.5,120.0,60.0,15.0,1.2,0.45,S1,40,40,1.0,51.13724003833035,11.725720102062724,0.23538442877589852,1.0,30.36107855409373,,0.0,0.0,0.0,0.0,0,0,0
L50_Ts120_Tr60p0_dT15_F1p2_LP45,0.5,120.0,60.0,15.0,1.2,0.45,S2a,1010,1640,0.45821863457577594,53.25594188263069,12.101740417237238,0.23039765406837656,0.7041033829071397,29.69770035414993,0.0013185695229775973,0.0,1.0,0.0,0.0,0,630,0
L50_Ts120_Tr60p0_dT15_F1p2_LP45,0.5,120.0,60.0,15.0,1.2,0.45,S2b,989,1640,0.452174424918329,57.9337749089394,17.41801946641158,0.30355907502620927,0.7130849658931706,64.54948472797675,0.014427913915298518,0.0,1.0,0.0,0.0,0,651,0
L50_Ts130_Tr50p0_dT5_F0p8_LP20,0.5,130.0,50.0,5.0,0.8,0.2,S1,19,40,0.4810126582278481,115.64473925929678,24.542497564469784,0.22499378873791062,1.0,2.187938841833258,,0.0,0.0,1.0,0.0,14,0,7
L50_Ts130_Tr50p0_dT5_F0p8_LP20,0.5,130.0,50.0,5.0,0.8,0.2,S2a,577,1640,0.14879901889215974,121.71693885866826,25.32294423213949,0.21438091824369612,0.6657323617800661,0.20782877612879957,0.0014581968073485996,0.0,0.6024673347114284,0.3975326652885716,0.0,544,460,59
L50_Ts130_Tr50p0_dT5_F0p8_LP20,0.5,130.0,50.0,5.0,0.8,0.2,S2b,606,1640,0.17728840597871284,159.88892013186,46.931215102041364,0.28570875980029115,0.7152387526731857,10.190980927347468,0.012112815184305958,0.021174026860080016,0.7832732584107835,0.19555271472913646,0.0,595,439,0
L50_Ts130_Tr50p0_dT5_F0p8_LP30,0.5,130.0,50.0,5.0,0.8,0.3,S1,28,40,0.7088607594936709,116.57272297684757,25.19923377766287,0.22484431239970787,1.0,1.6054936038920857,,0.0,0.0,1.0,0.0,2,0,10
L50_Ts130_Tr50p0_dT5_F0p8_LP30,0.5,130.0,50.0,5.0,0.8,0.3,S2a,847,1640,0.31478660871823505,124.38583789192259,25.761618726576444,0.20569949727839026,0.6670814987479532,0.030790378723509093,0.03788837120356803,0.0,0.7580534978379119,0.24194650216208818,0.0,39,668,86
L50_Ts130_Tr50p0_dT5_F0p8_LP30,0.5,130.0,50.0,5.0,0.8,0.3,S2b,890,1640,0.37524649147356376,160.1796263335063,46.79003233829329,0.28565786293455514,0.7156835144701242,11.128336061747206,0.0502460325642744,0.05645608712932857,0.9292458212909396,0.014298091579731808,0.0,112,638,0
L50_Ts130_Tr50p0_dT5_F0p8_LP40,0.5,130.0,50.0,5.0,0.8,0.4,S1,40,40,1.0,89.60231382405242,19.990911965299688,0.2291886106064011,1.0,18.386351292400626,,0.0,0.0,0.0,0.0,0,0,0
L50_Ts130_Tr50p0_dT5_F0p8_LP40,0.5,130.0,50.0,5.0,0.8,0.4,S2a,1379,1640,0.7606912445212108,91.7900727593334,20.52712219705893,0.2267821362215007,0.6077878916006573,17.29220832643997,0.021676365646836615,0.0,1.0,0.0,0.0,0,261,0
L50_Ts130_Tr50p0_dT5_F0p8_LP40,0.5,130.0,50.0,5.0,0.8,0.4,S2b,1365,1640,0.7603262573163352,100.12862356331114,30.10367924952476,0.3003184859899027,0.6225991104816255,48.777865689209655,0.019536533031274672,0.0,1.0,0.0,0.0,0,275,0
L50_Ts130_Tr50p0_dT5_F0p8_LP45,0.5,130.0,50.0,5.0,0.8,0.45,S1,40,40,1.0,51.13724003833035,11.725720102062724,0.23538442877589852,1.0,41.865391413222795,,0.0,0.0,0.0,0.0,0,0,0
L50_Ts130_Tr50p0_dT5_F0p8_LP45,0.5,130.0,50.0,5.0,0.8,0.45,S2a,1634,1640,0.9963061650786563,53.25594188263069,12.101740417237238,0.23039765406837656,0.5143148122521712,40.85002260916211,0.12393647823635945,0.0,1.0,0.0,0.0,0,6,0
L50_Ts130_Tr50p0_dT5_F0p8_LP45,0.5,130.0,50.0,5.0,0.8,0.45,S2b,1633,1640,0.9960680555799472,57.9337749089394,17.41801946641158,0.30355907502620927,0.5265223307550038,74.92465503151553,0.13683042047603067,0.0,1.0,0.0,0.0,0,7,0
L50_Ts130_Tr50p0_dT5_F1p0_LP20,0.5,130.0,50.0,5.0,1.0,0.2,S1,23,40,0.5822784810126582,139.99100015599086,29.471264984174127,0.22107217905991158,1.0,0.725623028386714,,0.0,0.0,1.0,0.0,8,0,9
L50_Ts130_Tr50p0_dT5_F1p0_LP20,0.5,130.0,50.0,5.0,1.0,0.2,S2a,686,1640,0.20791685089676767,145.75672394386444,30.177270567067694,0.20933257105587766,0.6667925545882284,0.4534367815239335,0.032895630940654286,0.0,0.6945213383011488,0.3054786616988513,0.0,267,621,66
L50_Ts130_Tr50p0_dT5_F1p0_LP20,0.5,130.0,50.0,5.0,1.0,0.2,S2b,722,1640,0.25043840395644956,199.86115016482495,57.216988467874046,0.27871041847272754,0.7216687431435673,3.3644918360467386,0.11253988814058502,0.00887908555328232,0.8832822873234781,0.10783862712323955,0.0,329,589,0
L50_Ts130_Tr50p0_dT5_F1p0_LP30,0.5,130.0,50.0,5.0,1.0,0.3,S1,33,40,0.8354430379746836,137.38928065128462,29.419044209019546,0.22149125484458285,1.0,2.128038409054682,,0.0,0.0,1.0,0.0,0,0,7
L50_Ts130_Tr50p0_dT5_F1p0_LP30,0.5,130.0,50.0,5.0,1.0,0.3,S2a,1008,1640,0.44064702706184333,149.2630054703071,30.5264135760101,0.20292918651028374,0.6663510124090879,0.02446477092311028,0.0036415834380463252,0.0,0.8805439835464091,0.11945601645359093,0.0,0,579,53
L50_Ts130_Tr50p0_dT5_F1p0_LP30,0.5,130.0,50.0,5.0,1.0,0.3,S2b,1040,1640,0.49641302141918947,184.8543098809651,53.23016006796493,0.28826114640258854,0.7075678888321224,12.383683938185314,0.023652927335149343,0.0,1.0,0.0,0.0,0,600,0
L50_Ts130_Tr50p0_dT5_F1p0_LP40,0.5,130.0,50.0,5.0,1.0,0.4,S1,40,40,1.0,89.60231382405242,19.990911965299688,0.2291886106064011,1.0,27.318001394479218,,0.0,0.0,0.0,0.0,0,0,0
L50_Ts130_Tr50p0_dT5_F1p0_LP40,0.5,130.0,50.0,5.0,1.0,0.4,S2a,1491,1640,0.861183852348108,91.7900727593334,20.52712219705893,0.2267821362215007,0.5699067426421249,26.441936472306544,0.04449281064850652,0.0,1.0,0.0,0.0,0,149,0
L50_Ts130_Tr50p0_dT5_F1p0_LP40,0.5,130.0,50.0,5.0,1.0,0.4,S2b,1480,1640,0.859778812438964,100.12862356331114,30.10367924952476,0.3003184859899027,0.5859038979401477,58.72760673750696,0.08067808012103228,0.0,1.0,0.0,0.0,0,160,0
L50_Ts130_Tr50p0_dT5_F1p0_LP45,0.5,130.0,50.0,5.0,1.0,0.45,S1,40,40,1.0,51.13724003833035,11.725720102062724,0.23538442877589852,1.0,46.96280369774536,,0.0,0.0,0.0,0.0,0,0,0
L50_Ts130_Tr50p0_dT5_F1p0_LP45,0.5,130.0,50.0,5.0,1.0,0.45,S2a,1640,1640,1.0,53.25594188263069,12.101740417237238,0.23039765406837656,0.5124868971998596,46.158629256154796,3.3313731809771774,0.0,0.0,0.0,0.0,0,0,0
L50_Ts130_Tr50p0_dT5_F1p0_LP45,0.5,130.0,50.0,5.0,1.0,0.45,S2b,1640,1640,0.9999999999999998,57.9337749089394,17.41801946641158,0.30355907502620927,0.5245588556323646,80.69955284939226,3.3313731809771774,0.0,0.0,0.0,0.0,0,0,0
L50_Ts130_Tr50p0_dT5_F1p2_LP20,0.5,130.0,50.0,5.0,1.2,0.2,S1,26,40,0.6582278481012658,158.2506958285114,33.042527600235644,0.21813097180141197,1.0,1.2909023677121212,,0.0,0.0,1.0,0.0,1,0,13
L50_Ts130_Tr50p0_dT5_F1p2_LP20,0.5,130.0,50.0,5.0,1.2,0.2,S2a,779,1640,0.26493554092811783,169.345504215155,33.89804519221849,0.20264093871116703,0.6651221064945317,0.5107774764875757,0.019665050597286182,0.0,0.7759334973660562,0.22406650263394376,0.0,11,780,70
L50_Ts130_Tr50p0_dT5_F1p2_LP20,0.5,130.0,50.0,5.0,1.2,0.2,S2b,816,1640,0.3155019323566677,234.30696567990793,64.19893374526904,0.2757927422132585,0.7202414734542064,0.9570504956168122,0.05502138674846968,0.0,0.9523800030423504,0.0476199969576495,0.0,75,745,4
L50_Ts130_Tr50p0_dT5_F1p2_LP30,0.5,130.0,50.0,5.0,1.2,0.3,S1,38,40,0.9620253164556962,158.2058383257217,33.49925640841229,0.21813819728945782,1.0,1.3126154703378319,,0.0,0.0,1.0,0.0,0,0,2
L50_Ts130_Tr50p0_dT5_F1p2_LP30,0.5,130.0,50.0,5.0,1.2,0.3,S2a,1144,1640,0.5589537871032741,166.88198322878378,34.244870295607654,0.20668867423560863,0.6636167007201484,0.37792153184938826,0.07219844963477762,0.0,0.9842527310692076,0.015747268930792424,0.0,0,487,9
L50_Ts130_Tr50p0_dT5_F1p2_LP30,0.5,130.0,50.0,5.0,1.2,0.3,S2b,1133,1640,0.565223714727019,184.8543098809651,53.23016006796493,0.28826114640258854,0.6825416140531624,24.629512263960848,0.03038248519277431,0.0,1.0,0.0,0.0,0,507,0
L50_Ts130_Tr50p0_dT5_F1p2_LP40,0.5,130.0,50.0,5.0,1.2,0.4,S1,40,40,1.0,89.60231382405242,19.990911965299688,0.2291886106064011,1.0,33.27243479586494,,0.0,0.0,0.0,0.0,0,0,0
L50_Ts130_Tr50p0_dT5_F1p2_LP40,0.5,130.0,50.0,5.0,1.2,0.4,S2a,1565,1640,0.9311856220684823,91.7900727593334,20.52712219705893,0.2267821362215007,0.5427789043524521,32.54175523621758,0.1087615175990031,0.0,1.0,0.0,0.0,0,75,0
L50_Ts130_Tr50p0_dT5_F1p2_LP40,0.5,130.0,50.0,5.0,1.2,0.4,S2b,1560,1640,0.9316072742006833,100.12862356331114,30.10367924952476,0.3003184859899027,0.5579768588848072,65.36076743637182,0.012767684625728748,0.0,1.0,0.0,0.0,0,80,0
L50_Ts130_Tr50p0_dT5_F1p2_LP45,0.5,130.0,50.0,5.0,1.2,0.45,S1,40,40,1.0,51.13724003833035,11.725720102062724,0.23538442877589852,1.0,50.36107855409373,,0.0,0.0,0.0,0.0,0,0,0
L50_Ts130_Tr50p0_dT5_F1p2_LP45,0.5,130.0,50.0,5.0,1.2,0.45,S2a,1640,1640,1.0,53.25594188263069,12.101740417237238,0.23039765406837656,0.5124868971998596,49.69770035414993,6.609354747073212,0.0,0.0,0.0,0.0,0,0,0
L50_Ts130_Tr50p0_dT5_F1p2_LP45,0.5,130.0,50.0,5.0,1.2,0.45,S2b,1640,1640,0.9999999999999998,57.9337749089394,17.41801946641158,0.30355907502620927,0.5245588556323646,84.54948472797675,6.609354747073212,0.0,0.0,0.0,0.0,0,0,0
L50_Ts130_Tr50p0_dT10_F0p8_LP20,0.5,130.0,50.0,10.0,0.8,0.2,S1,18,40,0.45569620253164556,109.55817403512327,23.28046929318259,0.22597419115741044,1.0,0.9987627123947789,,0.0,0.0,1.0,0.0,14,0,8
L50_Ts130_Tr50p0_dT10_F0p8_LP20,0.5,130.0,50.0,10.0,0.8,0.2,S2a,489,1640,0.11174295028662484,114.9130207174266,23.98647487607616,0.20893598854185608,0.6928693479892899,0.3283793393126331,0.07139021820987956,0.0,0.6100006350778947,0.38999936492210524,0.0,544,552,55
L50_Ts130_Tr50p0_dT10_F0p8_LP20,0.5,130.0,50.0,10.0,0.8,0.2,S2b,519,1640,0.13905677577434006,159.88892013186,46.931215102041364,0.28570875980029115,0.7475818757635826,5.190980927347468,0.10958687718077087,0.006756077927201142,0.7992274295790273,0.19401649249377145,0.0,595,526,0
L50_Ts130_Tr50p0_dT10_F0p8_LP30,0.5,130.0,50.0,10.0,0.8,0.3,S1,26,40,0.6582278481012658,108.24609990707273,23.472222100170256,0.22618553542175757,1.0,1.818168887042738,,0.0,0.0,1.0,0.0,2,0,12
L50_Ts130_Tr50p0_dT10_F0p8_LP30,0.5,130.0,50.0,10.0,0.8,0.3,S2a,725,1640,0.23941187467220332,113.11558541120597,24.07805908748844,0.2175518910020601,0.6915908102286143,0.10891134708190009,0.030008817370172025,0.0,0.758619044872684,0.24138095512731614,0.0,39,796,80
L50_Ts130_Tr50p0_dT10_F0p8_LP30,0.5,130.0,50.0,10.0,0.8,0.3,S2b,765,1640,0.295128586677817,160.1796263335063,46.79003233829329,0.28565786293455514,0.7478935681736433,6.128336061747206,0.1017350324062356,0.018493841430066493,0.9522225894696889,0.02928356910024468,0.0,112,763,0
L50_Ts130_Tr50p0_dT10_F0p8_LP40,0.5,130.0,50.0,10.0,0.8,0.4,S1,40,40,1.0,89.60231382405242,19.990911965299688,0.2291886106064011,1.0,13.386351292400626,,0.0,0.0,0.0,0.0,0,0,0
L50_Ts130_Tr50p0_dT10_F0p8_LP40,0.5,130.0,50.0,10.0,0.8,0.4,S2a,1241,1640,0.6437298081817776,91.7900727593334,20.52712219705893,0.2267821362215007,0.6491725035278813,12.292208326439969,0.026943373797532644,0.0,1.0,0.0,0.0,0,399,0
L50_Ts130_Tr50p0_dT10_F0p8_LP40,0.5,130.0,50.0,10.0,0.8,0.4,S2b,1223,1640,0.6433892313386399,100.12862356331114,30.10367924952476,0.3003184859899027,0.6634774984905357,43.777865689209655,0.014965076240201824,0.0,1.0,0.0,0.0,0,417,0
L50_Ts130_Tr50p0_dT10_F0p8_LP45,0.5,130.0,50.0,10.0,0.8,0.45,S1,40,40,1.0,51.13724003833035,11.725720102062724,0.23538442877589852,1.0,36.865391413222795,,0.0,0.0,0.0,0.0,0,0,0
L50_Ts130_Tr50p0_dT10_F0p8_LP45,0.5,130.0,50.0,10.0,0.8,0.45,S2a,1571,1640,0.9370517732300078,53.25594188263069,12.101740417237238,0.23039765406837656,0.5399547517928739,35.85002260916211,0.026938153783728325,0.0,1.0,0.0,0.0,0,69,0
L50_Ts130_Tr50p0_dT10_F0p8_LP45,0.5,130.0,50.0,10.0,0.8,0.45,S2b,1565,1640,0.9356877509417558,57.9337749089394,17.41801946641158,0.30355907502620927,0.5528265802078562,69.92465503151553,0.08716783460049626,0.0,1.0,0.0,0.0,0,75,0
L50_Ts130_Tr50p0_dT10_F1p0_LP20,0.5,130.0,50.0,10.0,1.0,0.2,S1,21,40,0.5316455696202531,127.81786970764382,27.030750407410835,0.22303298389891102,1.0,2.256980084885832,,0.0,0.0,1.0,0.0,8,0,11
L50_Ts130_Tr50p0_dT10_F1p0_LP20,0.5,130.0,50.0,10.0,1.0,0.2,S2a,583,1640,0.15572562600862153,134.1680970024809,28.033838821146276,0.21469100591631168,0.6896946822256423,0.5583694940513482,0.09314850182326495,0.0,0.7007309686789059,0.299269031321094,0.0,267,734,56
L50_Ts130_Tr50p0_dT10_F1p0_LP20,0.5,130.0,50.0,10.0,1.0,0.2,S2b,613,1640,0.1901742124673058,196.04971499685016,55.964926471877135,0.28939481681461415,0.7476902570981021,0.6614218351105734,0.06812476830882908,0.0,0.8940539354028181,0.10594606459718184,0.0,329,697,1
L50_Ts130_Tr50p0_dT10_F1p0_LP30,0.5,130.0,50.0,10.0,1.0,0.3,S1,31,40,0.7848101265822784,129.0626575815098,27.74787182431254,0.22283247786663282,1.0,1.5925678751944048,,0.0,0.0,1.0,0.0,0,0,9
L50_Ts130_Tr50p0_dT10_F1p0_LP30,0.5,130.0,50.0,10.0,1.0,0.3,S2a,857,1640,0.3301490865875493,137.39205145438197,28.562682928839195,0.20837908522425536,0.6911196613679209,0.04930333579751789,0.008020185337382912,0.0,0.8668530075505595,0.1331469924494405,0.0,0,728,55
L50_Ts130_Tr50p0_dT10_F1p0_LP30,0.5,130.0,50.0,10.0,1.0,0.3,S2b,891,1640,0.3861030002919743,184.8543098809651,53.23016006796493,0.28826114640258854,0.7385709538242862,7.383683938185314,0.06350454185432497,0.0,1.0,0.0,0.0,0,749,0
L50_Ts130_Tr50p0_dT10_F1p0_LP40,0.5,130.0,50.0,10.0,1.0,0.4,S1,40,40,1.0,89.60231382405242,19.990911965299688,0.2291886106064011,1.0,22.318001394479218,,0.0,0.0,0.0,0.0,0,0,0
L50_Ts130_Tr50p0_dT10_F1p0_LP40,0.5,130.0,50.0,10.0,1.0,0.4,S2a,1361,1640,0.7440459039132209,91.7900727593334,20.52712219705893,0.2267821362215007,0.6124704321067548,21.441936472306544,0.009455563983230775,0.0,1.0,0.0,0.0,0,279,0
L50_Ts130_Tr50p0_dT10_F1p0_LP40,0.5,130.0,50.0,10.0,1.0,0.4,S2b,1345,1640,0.7426356382809522,100.12862356331114,30.10367924952476,0.3003184859899027,0.6278715597028134,53.72760673750696,0.0055532279712871,0.0,1.0,0.0,0.0,0,295,0
L50_Ts130_Tr50p0_dT10_F1p0_LP45,0.5,130.0,50.0,10.0,1.0,0.45,S1,40,40,1.0,51.13724003833035,11.725720102062724,0.23538442877589852,1.0,41.96280369774536,,0.0,0.0,0.0,0.0,0,0,0
L50_Ts130_Tr50p0_dT10_F1p0_LP45,0.5,130.0,50.0,10.0,1.0,0.45,S2a,1631,1640,0.9934845736140022,53.25594188263069,12.101740417237238,0.23039765406837656,0.5156465305397913,41.158629256154796,0.1035484363389294,0.0,1.0,0.0,0.0,0,9,0
L50_Ts130_Tr50p0_dT10_F1p0_LP45,0.5,130.0,50.0,10.0,1.0,0.45,S2b,1630,1640,0.9934619453515134,57.9337749089394,17.41801946641158,0.30355907502620927,0.5277703533131419,75.69955284939226,0.1035484363389294,0.0,1.0,0.0,0.0,0,10,0
L50_Ts130_Tr50p0_dT10_F1p2_LP20,0.5,130.0,50.0,10.0,1.2,0.2,S1,24,40,0.6075949367088608,146.07756538016437,30.67362042273902,0.2200917766404113,1.0,2.1376763316860163,,0.0,0.0,1.0,0.0,1,0,15
L50_Ts130_Tr50p0_dT10_F1p2_LP20,0.5,130.0,50.0,10.0,1.2,0.2,S2a,663,1640,0.1987587816741183,152.78264812038304,31.916201307289725,0.2139447548240428,0.6880153198639332,0.49158566607266607,0.07342592778544343,0.0,0.7791695640737856,0.22083043592621457,0.0,11,917,49
L50_Ts130_Tr50p0_dT10_F1p2_LP20,0.5,130.0,50.0,10.0,1.2,0.2,S2b,688,1640,0.2331221581879034,221.99920793754052,62.11391390610646,0.28117240230455,0.7394422798595779,1.0985098771964772,0.05332224569748156,0.0,0.9501789998296585,0.049821000170341495,0.0,75,871,6
L50_Ts130_Tr50p0_dT10_F1p2_LP30,0.5,130.0,50.0,10.0,1.2,0.3,S1,36,40,0.9113924050632911,149.87921525594686,31.883923316490893,0.21947942031150802,1.0,0.32131499462171575,,0.0,0.0,1.0,0.0,0,0,4
L50_Ts130_Tr50p0_dT10_F1p2_LP30,0.5,130.0,50.0,10.0,1.2,0.3,S2a,976,1640,0.4220130740621729,154.68736944426988,32.364952860594485,0.21008260551444805,0.6875798212449254,0.32131499462171575,0.0679596542618306,0.0,0.9484999896054407,0.051500010394559356,0.0,0,638,26
L50_Ts130_Tr50p0_dT10_F1p2_LP30,0.5,130.0,50.0,10.0,1.2,0.3,S2b,981,1640,0.4483790961945528,184.8543098809651,53.23016006796493,0.28826114640258854,0.7168902396651685,19.629512263960848,0.009564561199175259,0.0,1.0,0.0,0.0,0,659,0
L50_Ts130_Tr50p0_dT10_F1p2_LP40,0.5,130.0,50.0,10.0,1.2,0.4,S1,40,40,1.0,89.60231382405242,19.990911965299688,0.2291886106064011,1.0,28.27243479586494,,0.0,0.0,0.0,0.0,0,0,0
L50_Ts130_Tr50p0_dT10_F1p2_LP40,0.5,130.0,50.0,10.0,1.2,0.4,S2a,1456,1640,0.8285909972254928,91.7900727593334,20.52712219705893,0.2267821362215007,0.5818803418619576,27.541755236217583,0.009990967735447498,0.0,1.0,0.0,0.0,0,184,0
L50_Ts130_Tr50p0_dT10_F1p2_LP40,0.5,130.0,50.0,10.0,1.2,0.4,S2b,1443,1640,0.8268608929576309,100.12862356331114,30.10367924952476,0.3003184859899027,0.5979623127517356,60.360767436371816,0.0329776057217277,0.0,1.0,0.0,0.0,0,197,0
L50_Ts130_Tr50p0_dT10_F1p2_LP45,0.5,130.0,50.0,10.0,1.2,0.45,S1,40,40,1.0,51.13724003833035,11.725720102062724,0.23538442877589852,1.0,45.36107855409373,,0.0,0.0,0.0,0.0,0,0,0
L50_Ts130_Tr50p0_dT10_F1p2_LP45,0.5,130.0,50.0,10.0,1.2,0.45,S2a,1640,1640,1.0,53.25594188263069,12.101740417237238,0.23039765406837656,0.5124868971998596,44.69770035414993,1.609354747073212,0.0,0.0,0.0,0.0,0,0,0
L50_Ts130_Tr50p0_dT10_F1p2_LP45,0.5,130.0,50.0,10.0,1.2,0.45,S2b,1640,1640,0.9999999999999998,57.9337749089394,17.41801946641158,0.30355907502620927,0.5245588556323646,79.54948472797675,1.609354747073212,0.0,0.0,0.0,0.0,0,0,0
L50_Ts130_Tr50p0_dT15_F0p8_LP20,0.5,130.0,50.0,15.0,0.8,0.2,S1,16,40,0.4050632911392405,97.38504358677625,20.72060905097493,0.2279349959964107,1.0,3.573845825228261,,0.0,0.0,1.0,0.0,14,0,10
L50_Ts130_Tr50p0_dT15_F0p8_LP20,0.5,130.0,50.0,15.0,0.8,0.2,S2a,398,1640,0.07825710820113678,103.89220072186048,22.17621869887728,0.22087378480416098,0.7201995555994021,0.4293576578261522,0.019452373849649263,0.0,0.6170647716046507,0.3829352283953492,0.0,544,656,42
L50_Ts130_Tr50p0_dT15_F0p8_LP20,0.5,130.0,50.0,15.0,0.8,0.2,S2b,421,1640,0.09866621989659911,158.8276185712775,46.931215102041364,0.300338570944622,0.7786919394427445,0.19098092734746785,0.11018040662572837,0.0,0.8101919019208284,0.1898080980791717,0.0,595,624,0
L50_Ts130_Tr50p0_dT15_F0p8_LP30,0.5,130.0,50.0,15.0,0.8,0.3,S1,24,40,0.6075949367088608,99.91947683729792,21.72287470556347,0.22752675844380768,1.0,2.0016421454128945,,0.0,0.0,1.0,0.0,2,0,14
L50_Ts130_Tr50p0_dT15_F0p8_LP30,0.5,130.0,50.0,15.0,0.8,0.3,S2a,589,1640,0.1672350174514466,104.73665315852404,22.37446352841698,0.2186905277016417,0.7230744655898951,0.21084685881338316,0.019998353842307637,0.0,0.7649521130118592,0.23504788698814083,0.0,39,952,60
L50_Ts130_Tr50p0_dT15_F0p8_LP30,0.5,130.0,50.0,15.0,0.8,0.3,S2b,623,1640,0.21102811310291097,157.4016854502196,46.79003233829329,0.3006351718754847,0.7803155756998822,1.1283360617472056,0.03430836344727162,0.0,0.9622653041955799,0.03773469580442014,0.0,112,905,0
L50_Ts130_Tr50p0_dT15_F0p8_LP40,0.5,130.0,50.0,15.0,0.8,0.4,S1,40,40,1.0,89.60231382405242,19.990911965299688,0.2291886106064011,1.0,8.386351292400626,,0.0,0.0,0.0,0.0,0,0,0
L50_Ts130_Tr50p0_dT15_F0p8_LP40,0.5,130.0,50.0,15.0,0.8,0.4,S2a,1057,1640,0.5002538148161877,91.7900727593334,20.52712219705893,0.2267821362215007,0.6993905088243404,7.292208326439969,0.06781233413252252,0.0,1.0,0.0,0.0,0,583,0
L50_Ts130_Tr50p0_dT15_F0p8_LP40,0.5,130.0,50.0,15.0,0.8,0.4,S2b,1033,1640,0.49580511871595173,100.12862356331114,30.10367924952476,0.3003184859899027,0.7126386780458169,38.777865689209655,0.05266907326389614,0.0,1.0,0.0,0.0,0,607,0
L50_Ts130_Tr50p0_dT15_F0p8_LP45,0.5,130.0,50.0,15.0,0.8,0.45,S1,40,40,1.0,51.13724003833035,11.725720102062724,0.23538442877589852,1.0,31.865391413222795,,0.0,0.0,0.0,0.0,0,0,0
L50_Ts130_Tr50p0_dT15_F0p8_LP45,0.5,130.0,50.0,15.0,0.8,0.45,S2a,1433,1640,0.8087556887953674,53.25594188263069,12.101740417237238,0.23039765406837656,0.5897236061069799,30.85002260916211,0.012433755423668202,0.0,1.0,0.0,0.0,0,207,0
L50_Ts130_Tr50p0_dT15_F0p8_LP45,0.5,130.0,50.0,15.0,0.8,0.45,S2b,1420,1640,0.8063901258680457,57.9337749089394,17.41801946641158,0.30355907502620927,0.6022994639181665,64.92465503151553,0.02926935776868156,0.0,1.0,0.0,0.0,0,220,0
L50_Ts130_Tr50p0_dT15_F1p0_LP20,0.5,130.0,50.0,15.0,1.0,0.2,S1,20,40,0.5063291139240507,121.7313044834703,25.792591269212494,0.22401338631841053,1.0,0.4949095164536885,,0.0,0.0,1.0,0.0,8,0,12
L50_Ts130_Tr50p0_dT15_F1p0_LP20,0.5,130.0,50.0,15.0,1.0,0.2,S2a,473,1640,0.10817409332142403,122.7395761423007,26.49859685210606,0.22200608728911372,0.7201663124522139,0.33918863917322994,0.04546553977962553,0.0,0.7099005123574956,0.2900994876425042,0.0,267,867,33
L50_Ts130_Tr50p0_dT15_F1p0_LP20,0.5,130.0,50.0,15.0,1.0,0.2,S2b,491,1640,0.12923756323494964,185.29888833315707,53.86127475176207,0.29483241982396674,0.7701445437887248,1.036968901203764,0.03740855099167106,0.0,0.8972252913363787,0.10277470866362133,0.0,329,817,3
L50_Ts130_Tr50p0_dT15_F1p0_LP30,0.5,130.0,50.0,15.0,1.0,0.3,S1,29,40,0.7341772151898734,120.73603451173499,26.054363722491303,0.22417370088868274,1.0,1.02270370779015,,0.0,0.0,1.0,0.0,0,0,11
L50_Ts130_Tr50p0_dT15_F1p0_LP30,0.5,130.0,50.0,15.0,1.0,0.3,S2a,698,1640,0.22958129647476538,125.42219144129989,26.621081022183944,0.2138978692189148,0.7196687745442859,0.45072587048009183,0.03271971819484776,0.0,0.8640359279921042,0.13596407200789573,0.0,0,900,42
L50_Ts130_Tr50p0_dT15_F1p0_LP30,0.5,130.0,50.0,15.0,1.0,0.3,S2b,723,1640,0.2713380769112534,184.27522464627035,53.23016006796493,0.291740849002826,0.7678424365645603,2.383683938185314,0.03694156821566885,0.0,1.0,0.0,0.0,0,917,0
L50_Ts130_Tr50p0_dT15_F1p0_LP40,0.5,130.0,50.0,15.0,1.0,0.4,S1,40,40,1.0,89.60231382405242,19.990911965299688,0.2291886106064011,1.0,17.318001394479218,,0.0,0.0,0.0,0.0,0,0,0
L50_Ts130_Tr50p0_dT15_F1p0_LP40,0.5,130.0,50.0,15.0,1.0,0.4,S2a,1176,1640,0.5886938345537415,91.7900727593334,20.52712219705893,0.2267821362215007,0.6655185809711582,16.441936472306544,0.0061622807849506245,0.0,1.0,0.0,0.0,0,464,0
L50_Ts130_Tr50p0_dT15_F1p0_LP40,0.5,130.0,50.0,15.0,1.0,0.4,S2b,1154,1640,0.5859143020435225,100.12862356331114,30.10367924952476,0.3003184859899027,0.6803221022063816,48.72760673750696,0.06671731213217846,0.0,1.0,0.0,0.0,0,486,0
L50_Ts130_Tr50p0_dT15_F1p0_LP45,0.5,130.0,50.0,15.0,1.0,0.45,S1,40,40,1.0,51.13724003833035,11.725720102062724,0.23538442877589852,1.0,36.96280369774536,,0.0,0.0,0.0,0.0,0,0,0
L50_Ts130_Tr50p0_dT15_F1p0_LP45,0.5,130.0,50.0,15.0,1.0,0.45,S2a,1536,1640,0.9035699108225423,53.25594188263069,12.101740417237238,0.23039765406837656,0.5531726760342,36.158629256154796,0.002786223932760734,0.0,1.0,0.0,0.0,0,104,0
L50_Ts130_Tr50p0_dT15_F1p0_LP45,0.5,130.0,50.0,15.0,1.0,0.45,S2b,1528,1640,0.9019498550620204,57.9337749089394,17.41801946641158,0.30355907502620927,0.5660286236760865,70.69955284939226,0.02754021539780105,0.0,1.0,0.0,0.0,0,112,0
L50_Ts130_Tr50p0_dT15_F1p2_LP20,0.5,130.0,50.0,15.0,1.2,0.2,S1,23,40,0.5822784810126582,139.99100015599086,29.471264984174127,0.22107217905991158,1.0,0.0285868877694071,,0.0,0.0,1.0,0.0,1,0,16
L50_Ts130_Tr50p0_dT15_F1p2_LP20,0.5,130.0,50.0,15.0,1.2,0.2,S2a,536,1640,0.13655624689857396,140.85465558653428,30.177270567067694,0.21744467837265377,0.7172301147153229,0.0285868877694071,0.04417939502233814,0.0,0.7870942888918941,0.212905711108106,0.0,11,1063,30
L50_Ts130_Tr50p0_dT15_F1p2_LP20,0.5,130.0,50.0,15.0,1.2,0.2,S2b,544,1640,0.15140017897120536,205.15234065456676,58.86751629874291,0.2907028064834754,0.7548261237025347,3.1098416185428164,0.004277192532523344,0.0,0.9536156811322315,0.046384318867768476,0.0,75,1016,5
L50_Ts130_Tr50p0_dT15_F1p2_LP30,0.5,130.0,50.0,15.0,1.2,0.3,S1,33,40,0.8354430379746836,137.38928065128462,29.419044209019546,0.22149125484458285,1.0,1.2581075645095297,,0.0,0.0,1.0,0.0,0,0,7
L50_Ts130_Tr50p0_dT15_F1p2_LP30,0.5,130.0,50.0,15.0,1.2,0.3,S2a,789,1640,0.28895212712788537,142.7397874706153,30.21114435793072,0.21536808568377408,0.7162397425769417,0.13179273994892782,0.01421683515805583,0.0,0.935670573541208,0.06432942645879206,0.0,0,827,24
L50_Ts130_Tr50p0_dT15_F1p2_LP30,0.5,130.0,50.0,15.0,1.2,0.3,S2b,795,1640,0.3130446874386489,184.27522464627035,53.23016006796493,0.291740849002826,0.7478018330888878,14.629512263960848,0.004536445691941893,0.0,1.0,0.0,0.0,0,845,0
L50_Ts130_Tr50p0_dT15_F1p2_LP40,0.5,130.0,50.0,15.0,1.2,0.4,S1,40,40,1.0,89.60231382405242,19.990911965299688,0.2291886106064011,1.0,23.27243479586494,,0.0,0.0,0.0,0.0,0,0,0
L50_Ts130_Tr50p0_dT15_F1p2_LP40,0.5,130.0,50.0,15.0,1.2,0.4,S2a,1273,1640,0.66720768959156,91.7900727593334,20.52712219705893,0.2267821362215007,0.6377877985336573,22.541755236217583,0.01967034191111061,0.0,1.0,0.0,0.0,0,367,0
L50_Ts130_Tr50p0_dT15_F1p2_LP40,0.5,130.0,50.0,15.0,1.2,0.4,S2b,1256,1640,0.6661016016513244,100.12862356331114,30.10367924952476,0.3003184859899027,0.6518554592209992,55.360767436371816,0.02256198306556989,0.0,1.0,0.0,0.0,0,384,0
L50_Ts130_Tr50p0_dT15_F1p2_LP45,0.5,130.0,50.0,15.0,1.2,0.45,S1,40,40,1.0,51.13724003833035,11.725720102062724,0.23538442877589852,1.0,40.36107855409373,,0.0,0.0,0.0,0.0,0,0,0
L50_Ts130_Tr50p0_dT15_F1p2_LP45,0.5,130.0,50.0,15.0,1.2,0.45,S2a,1601,1640,0.9655893239624324,53.25594188263069,12.101740417237238,0.23039765406837656,0.5280715837036931,39.69770035414993,0.013665152391610036,0.0,1.0,0.0,0.0,0,39,0
L50_Ts130_Tr50p0_dT15_F1p2_LP45,0.5,130.0,50.0,15.0,1.2,0.45,S2b,1597,1640,0.9643822484476031,57.9337749089394,17.41801946641158,0.30355907502620927,0.5407731080991979,74.54948472797675,0.06010842482790402,0.0,1.0,0.0,0.0,0,43,0
L50_Ts130_Tr60p0_dT5_F0p8_LP20,0.5,130.0,60.0,5.0,0.8,0.2,S1,16,40,0.4050632911392405,97.38504358677625,20.72060905097493,0.2279349959964107,1.0,3.573845825228261,,0.0,0.0,1.0,0.0,17,0,7
L50_Ts130_Tr60p0_dT5_F0p8_LP20,0.5,130.0,60.0,5.0,0.8,0.2,S2a,398,1640,0.07825710820113678,103.89220072186048,22.17621869887728,0.22087378480416098,0.7201995555994021,0.4293576578261522,0.019452373849649263,0.0,0.6170647716046507,0.3829352283953492,0.0,684,527,31
L50_Ts130_Tr60p0_dT5_F0p8_LP20,0.5,130.0,60.0,5.0,0.8,0.2,S2b,410,1640,0.09100428813362627,138.9741662498678,41.5423671744411,0.3044681842851133,0.7633524522961604,13.14424091015512,0.11018040662572837,0.010318951716300605,0.8024425329281493,0.18723851535555008,0.0,728,502,0
L50_Ts130_Tr60p0_dT5_F0p8_LP30,0.5,130.0,60.0,5.0,0.8,0.3,S1,24,40,0.6075949367088608,99.91947683729792,21.72287470556347,0.22752675844380768,1.0,2.0016421454128945,,0.0,0.0,1.0,0.0,7,0,9
L50_Ts130_Tr60p0_dT5_F0p8_LP30,0.5,130.0,60.0,5.0,0.8,0.3,S2a,589,1640,0.1672350174514466,104.73665315852404,22.37446352841698,0.2186905277016417,0.7230744655898951,0.21084685881338316,0.019998353842307637,0.0,0.7649521130118592,0.23504788698814083,0.0,241,764,46
L50_Ts130_Tr60p0_dT5_F0p8_LP30,0.5,130.0,60.0,5.0,0.8,0.3,S2b,608,1640,0.19567531006331904,139.41292139876595,41.903625357639896,0.3043769211089782,0.766245908667486,12.860149182195045,0.03430836344727162,0.0222258280921849,0.9423591515546834,0.03541502035313165,0.0,303,729,0
L50_Ts130_Tr60p0_dT5_F0p8_LP40,0.5,130.0,60.0,5.0,0.8,0.4,S1,40,40,1.0,89.60231382405242,19.990911965299688,0.2291886106064011,1.0,8.386351292400626,,0.0,0.0,0.0,0.0,0,0,0
L50_Ts130_Tr60p0_dT5_F0p8_LP40,0.5,130.0,60.0,5.0,0.8,0.4,S2a,1057,1640,0.5002538148161877,91.7900727593334,20.52712219705893,0.2267821362215007,0.6993905088243404,7.292208326439969,0.06781233413252252,0.0,1.0,0.0,0.0,0,583,0
L50_Ts130_Tr60p0_dT5_F0p8_LP40,0.5,130.0,60.0,5.0,0.8,0.4,S2b,1033,1640,0.49580511871595173,100.12862356331114,30.10367924952476,0.3003184859899027,0.7126386780458169,38.777865689209655,0.05266907326389614,0.0,1.0,0.0,0.0,0,607,0
L50_Ts130_Tr60p0_dT5_F0p8_LP45,0.5,130.0,60.0,5.0,0.8,0.45,S1,40,40,1.0,51.13724003833035,11.725720102062724,0.23538442877589852,1.0,31.865391413222795,,0.0,0.0,0.0,0.0,0,0,0
L50_Ts130_Tr60p0_dT5_F0p8_LP45,0.5,130.0,60.0,5.0,0.8,0.45,S2a,1433,1640,0.8087556887953674,53.25594188263069,12.101740417237238,0.23039765406837656,0.5897236061069799,30.85002260916211,0.012433755423668202,0.0,1.0,0.0,0.0,0,207,0
L50_Ts130_Tr60p0_dT5_F0p8_LP45,0.5,130.0,60.0,5.0,0.8,0.45,S2b,1420,1640,0.8063901258680457,57.9337749089394,17.41801946641158,0.30355907502620927,0.6022994639181665,64.92465503151553,0.02926935776868156,0.0,1.0,0.0,0.0,0,220,0
L50_Ts130_Tr60p0_dT5_F1p0_LP20,0.5,130.0,60.0,5.0,1.0,0.2,S1,20,40,0.5063291139240507,121.7313044834703,25.792591269212494,0.22401338631841053,1.0,0.4949095164536885,,0.0,0.0,1.0,0.0,12,0,8
L50_Ts130_Tr60p0_dT5_F1p0_LP20,0.5,130.0,60.0,5.0,1.0,0.2,S2a,473,1640,0.10817409332142403,122.7395761423007,26.49859685210606,0.22200608728911372,0.7201663124522139,0.33918863917322994,0.04546553977962553,0.0,0.7099005123574956,0.2900994876425042,0.0,443,695,29
L50_Ts130_Tr60p0_dT5_F1p0_LP20,0.5,130.0,60.0,5.0,1.0,0.2,S2b,487,1640,0.1262944539434647,174.9084668598804,50.43268362981786,0.290159214231671,0.7651772086374927,8.351316365359011,0.03740855099167106,0.0033685368082744136,0.8942029549171974,0.10242850827452823,0.0,496,657,0
L50_Ts130_Tr60p0_dT5_F1p0_LP30,0.5,130.0,60.0,5.0,1.0,0.3,S1,29,40,0.7341772151898734,120.73603451173499,26.054363722491303,0.22417370088868274,1.0,1.02270370779015,,0.0,0.0,1.0,0.0,0,0,11
L50_Ts130_Tr60p0_dT5_F1p0_LP30,0.5,130.0,60.0,5.0,1.0,0.3,S2a,698,1640,0.22958129647476538,125.42219144129989,26.621081022183944,0.2138978692189148,0.7196687745442859,0.45072587048009183,0.03271971819484776,0.0,0.8640359279921042,0.13596407200789573,0.0,0,900,42
L50_Ts130_Tr60p0_dT5_F1p0_LP30,0.5,130.0,60.0,5.0,1.0,0.3,S2b,719,1640,0.26743830050473694,175.3904495016733,51.54182043074462,0.2968934226419911,0.7649196978988674,6.698649829274544,0.03694156821566885,0.0053234784308316945,0.9946765215691682,0.0,0.0,21,900,0
L50_Ts130_Tr60p0_dT5_F1p0_LP40,0.5,130.0,60.0,5.0,1.0,0.4,S1,40,40,1.0,89.60231382405242,19.990911965299688,0.2291886106064011,1.0,17.318001394479218,,0.0,0.0,0.0,0.0,0,0,0
L50_Ts130_Tr60p0_dT5_F1p0_LP40,0.5,130.0,60.0,5.0,1.0,0.4,S2a,1176,1640,0.5886938345537415,91.7900727593334,20.52712219705893,0.2267821362215007,0.6655185809711582,16.441936472306544,0.0061622807849506245,0.0,1.0,0.0,0.0,0,464,0
L50_Ts130_Tr60p0_dT5_F1p0_LP40,0.5,130.0,60.0,5.0,1.0,0.4,S2b,1154,1640,0.5859143020435225,100.12862356331114,30.10367924952476,0.3003184859899027,0.6803221022063816,48.72760673750696,0.06671731213217846,0.0,1.0,0.0,0.0,0,486,0
L50_Ts130_Tr60p0_dT5_F1p0_LP45,0.5,130.0,60.0,5.0,1.0,0.45,S1,40,40,1.0,51.13724003833035,11.725720102062724,0.23538442877589852,1.0,36.96280369774536,,0.0,0.0,0.0,0.0,0,0,0
L50_Ts130_Tr60p0_dT5_F1p0_LP45,0.5,130.0,60.0,5.0,1.0,0.45,S2a,1536,1640,0.9035699108225423,53.25594188263069,12.101740417237238,0.23039765406837656,0.5531726760342,36.158629256154796,0.002786223932760734,0.0,1.0,0.0,0.0,0,104,0
L50_Ts130_Tr60p0_dT5_F1p0_LP45,0.5,130.0,60.0,5.0,1.0,0.45,S2b,1528,1640,0.9019498550620204,57.9337749089394,17.41801946641158,0.30355907502620927,0.5660286236760865,70.69955284939226,0.02754021539780105,0.0,1.0,0.0,0.0,0,112,0
L50_Ts130_Tr60p0_dT5_F1p2_LP20,0.5,130.0,60.0,5.0,1.2,0.2,S1,23,40,0.5822784810126582,139.99100015599086,29.471264984174127,0.22107217905991158,1.0,0.0285868877694071,,0.0,0.0,1.0,0.0,6,0,11
L50_Ts130_Tr60p0_dT5_F1p2_LP20,0.5,130.0,60.0,5.0,1.2,0.2,S2a,536,1640,0.13655624689857396,140.85465558653428,30.177270567067694,0.21744467837265377,0.7172301147153229,0.0285868877694071,0.04417939502233814,0.0,0.7870942888918941,0.212905711108106,0.0,198,881,25
L50_Ts130_Tr60p0_dT5_F1p2_LP20,0.5,130.0,60.0,5.0,1.2,0.2,S2b,544,1640,0.15140017897120536,205.15234065456676,58.86751629874291,0.2907028064834754,0.7548261237025347,3.1098416185428164,0.004277192532523344,0.0,0.9536156811322315,0.046384318867768476,0.0,263,833,0
L50_Ts130_Tr60p0_dT5_F1p2_LP30,0.5,130.0,60.0,5.0,1.2,0.3,S1,33,40,0.8354430379746836,137.38928065128462,29.419044209019546,0.22149125484458285,1.0,1.2581075645095297,,0.0,0.0,1.0,0.0,0,0,7
L50_Ts130_Tr60p0_dT5_F1p2_LP30,0.5,130.0,60.0,5.0,1.2,0.3,S2a,789,1640,0.28895212712788537,142.7397874706153,30.21114435793072,0.21536808568377408,0.7162397425769417,0.13179273994892782,0.01421683515805583,0.0,0.935670573541208,0.06432942645879206,0.0,0,827,24
L50_Ts130_Tr60p0_dT5_F1p2_LP30,0.5,130.0,60.0,5.0,1.2,0.3,S2b,795,1640,0.3130446874386489,184.27522464627035,53.23016006796493,0.291740849002826,0.7478018330888878,14.629512263960848,0.004536445691941893,0.0,1.0,0.0,0.0,0,845,0
L50_Ts130_Tr60p0_dT5_F1p2_LP40,0.5,130.0,60.0,5.0,1.2,0.4,S1,40,40,1.0,89.60231382405242,19.990911965299688,0.2291886106064011,1.0,23.272434795864942,,0.0,0.0,0.0,0.0,0,0,0
L50_Ts130_Tr60p0_dT5_F1p2_LP40,0.5,130.0,60.0,5.0,1.2,0.4,S2a,1273,1640,0.66720768959156,91.7900727593334,20.52712219705893,0.2267821362215007,0.6377877985336573,22.541755236217586,0.01967034191111061,0.0,1.0,0.0,0.0,0,367,0
L50_Ts130_Tr60p0_dT5_F1p2_LP40,0.5,130.0,60.0,5.0,1.2,0.4,S2b,1256,1640,0.6661016016513244,100.12862356331114,30.10367924952476,0.3003184859899027,0.6518554592209992,55.36076743637182,0.02256198306556989,0.0,1.0,0.0,0.0,0,384,0
L50_Ts130_Tr60p0_dT5_F1p2_LP45,0.5,130.0,60.0,5.0,1.2,0.45,S1,40,40,1.0,51.13724003833035,11.725720102062724,0.23538442877589852,1.0,40.36107855409373,,0.0,0.0,0.0,0.0,0,0,0
L50_Ts130_Tr60p0_dT5_F1p2_LP45,0.5,130.0,60.0,5.0,1.2,0.45,S2a,1601,1640,0.9655893239624324,53.25594188263069,12.101740417237238,0.23039765406837656,0.5280715837036931,39.69770035414993,0.013665152391610036,0.0,1.0,0.0,0.0,0,39,0
L50_Ts130_Tr60p0_dT5_F1p2_LP45,0.5,130.0,60.0,5.0,1.2,0.45,S2b,1597,1640,0.9643822484476031,57.9337749089394,17.41801946641158,0.30355907502620927,0.5407731080991979,74.54948472797675,0.06010842482790402,0.0,1.0,0.0,0.0,0,43,0
L50_Ts130_Tr60p0_dT10_F0p8_LP20,0.5,130.0,60.0,10.0,0.8,0.2,S1,15,40,0.379746835443038,91.29847836260272,19.422777080054345,0.22891539841591002,1.0,2.3394575196332354,,0.0,0.0,1.0,0.0,17,0,8
L50_Ts130_Tr60p0_dT10_F0p8_LP20,0.5,130.0,60.0,10.0,0.8,0.2,S2a,295,1640,0.04789952615426138,92.05468210672552,20.128782662947913,0.22674130237756243,0.7632838837784849,2.1296922290270572,0.034358640250779615,0.0,0.625516180356175,0.374483819643825,0.0,684,642,19
L50_Ts130_Tr60p0_dT10_F0p8_LP20,0.5,130.0,60.0,10.0,0.8,0.2,S2b,300,1640,0.05480572641458405,138.9741662498678,41.5423671744411,0.3044681842851133,0.8020640726799244,8.14424091015512,0.03611612840987455,0.0016700851234466756,0.815975873157758,0.18235404171879535,0.0,728,612,0
L50_Ts130_Tr60p0_dT10_F0p8_LP30,0.5,130.0,60.0,10.0,0.8,0.3,S1,22,40,0.5569620253164557,91.5928537675231,19.951191593842452,0.22886798146585785,1.0,2.1576566756641924,,0.0,0.0,1.0,0.0,7,0,11
L50_Ts130_Tr60p0_dT10_F0p8_LP30,0.5,130.0,60.0,10.0,0.8,0.3,S2a,439,1640,0.10082886912231374,92.74903688708211,20.48964883896133,0.22663415130743447,0.7599470291359814,1.7031206719642995,0.030063488543063954,0.0,0.7734409908685743,0.22655900913142565,0.0,241,934,26
L50_Ts130_Tr60p0_dT10_F0p8_LP30,0.5,130.0,60.0,10.0,0.8,0.3,S2b,450,1640,0.11729853435628083,139.41292139876595,41.903625357639896,0.3043769211089782,0.7999837595245881,7.860149182195045,0.02804559905982451,0.0025643007065232265,0.9609405562612655,0.036495143032211304,0.0,303,887,0
L50_Ts130_Tr60p0_dT10_F0p8_LP40,0.5,130.0,60.0,10.0,0.8,0.4,S1,40,40,1.0,89.60231382405242,19.990911965299688,0.2291886106064011,1.0,3.386351292400626,,0.0,0.0,0.0,0.0,0,0,0
L50_Ts130_Tr60p0_dT10_F0p8_LP40,0.5,130.0,60.0,10.0,0.8,0.4,S2a,820,1640,0.33260356767953825,91.7900727593334,20.52712219705893,0.2267821362215007,0.7546840198534517,2.292208326439969,0.011841204266971772,0.0,1.0,0.0,0.0,0,820,0
L50_Ts130_Tr60p0_dT10_F0p8_LP40,0.5,130.0,60.0,10.0,0.8,0.4,S2b,796,1640,0.3285535695819279,100.12862356331114,30.10367924952476,0.3003184859899027,0.7658406722094561,33.777865689209655,0.031943223823187594,0.0,1.0,0.0,0.0,0,844,0
L50_Ts130_Tr60p0_dT10_F0p8_LP45,0.5,130.0,60.0,10.0,0.8,0.45,S1,40,40,1.0,51.13724003833035,11.725720102062724,0.23538442877589852,1.0,26.865391413222795,,0.0,0.0,0.0,0.0,0,0,0
L50_Ts130_Tr60p0_dT10_F0p8_LP45,0.5,130.0,60.0,10.0,0.8,0.45,S2a,1193,1640,0.605237778852041,53.25594188263069,12.101740417237238,0.23039765406837656,0.6628906918680585,25.85002260916211,0.006044249125542578,0.0,1.0,0.0,0.0,0,447,0
L50_Ts130_Tr60p0_dT10_F0p8_LP45,0.5,130.0,60.0,10.0,0.8,0.45,S2b,1173,1640,0.6007529464069926,57.9337749089394,17.41801946641158,0.30355907502620927,0.673608046531982,59.92465503151553,0.027368931588469536,0.0,1.0,0.0,0.0,0,467,0
L50_Ts130_Tr60p0_dT10_F1p0_LP20,0.5,130.0,60.0,10.0,1.0,0.2,S1,18,40,0.45569620253164556,109.55817403512327,23.28046929318259,0.22597419115741044,1.0,1.9196333299309956,,0.0,0.0,1.0,0.0,12,0,10
L50_Ts130_Tr60p0_dT10_F1p0_LP20,0.5,130.0,60.0,10.0,1.0,0.2,S2a,347,1640,0.06355225474804578,110.46561852807064,23.98647487607616,0.22390017332449322,0.7561227041452816,1.7704629254094613,0.06273502839074219,0.0,0.7188008876662537,0.28119911233374634,0.0,443,836,14
L50_Ts130_Tr60p0_dT10_F1p0_LP20,0.5,130.0,60.0,10.0,1.0,0.2,S2b,349,1640,0.06898786751011961,172.06325345221728,50.43268362981786,0.2975854953842944,0.7862197302863161,3.585261220156184,0.03603182114141745,0.0005153662866212347,0.9028264531123856,0.09665818060099311,0.0,496,795,0
L50_Ts130_Tr60p0_dT10_F1p0_LP30,0.5,130.0,60.0,10.0,1.0,0.3,S1,27,40,0.6835443037974683,112.40941144196016,24.338519903555834,0.22551492391073266,1.0,0.4206819847793497,,0.0,0.0,1.0,0.0,0,0,13
L50_Ts130_Tr60p0_dT10_F1p0_LP30,0.5,130.0,60.0,10.0,1.0,0.3,S2a,516,1640,0.13585273881346502,113.82836345232803,24.896670901732307,0.2233812430493722,0.757466932385613,0.014696706469798926,0.046436441850721266,0.0,0.8687756181256598,0.13122438187434005,0.0,0,1106,18
L50_Ts130_Tr60p0_dT10_F1p0_LP30,0.5,130.0,60.0,10.0,1.0,0.3,S2b,518,1640,0.14669526981463668,175.3904495016733,51.54182043074462,0.2968934226419911,0.7870814687092317,1.6986498292745438,0.009172098590147115,0.0,0.9995920936638809,0.00040790633611900457,0.0,21,1101,0
L50_Ts130_Tr60p0_dT10_F1p0_LP40,0.5,130.0,60.0,10.0,1.0,0.4,S1,40,40,1.0,89.60231382405242,19.990911965299688,0.2291886106064011,1.0,12.318001394479218,,0.0,0.0,0.0,0.0,0,0,0
L50_Ts130_Tr60p0_dT10_F1p0_LP40,0.5,130.0,60.0,10.0,1.0,0.4,S2a,921,1640,0.39736205787901796,91.7900727593334,20.52712219705893,0.2267821362215007,0.728038102426316,11.441936472306544,0.01643736521829986,0.0,1.0,0.0,0.0,0,719,0
L50_Ts130_Tr60p0_dT10_F1p0_LP40,0.5,130.0,60.0,10.0,1.0,0.4,S2b,902,1640,0.3961492285905495,100.12862356331114,30.10367924952476,0.3003184859899027,0.7388463177202246,43.72760673750696,0.011044618752633184,0.0,1.0,0.0,0.0,0,738,0
L50_Ts130_Tr60p0_dT10_F1p0_LP45,0.5,130.0,60.0,10.0,1.0,0.45,S1,40,40,1.0,51.13724003833035,11.725720102062724,0.23538442877589852,1.0,31.962803697745358,,0.0,0.0,0.0,0.0,0,0,0
L50_Ts130_Tr60p0_dT10_F1p0_LP45,0.5,130.0,60.0,10.0,1.0,0.45,S2a,1315,1640,0.7041785912800739,53.25594188263069,12.101740417237238,0.23039765406837656,0.6264091162597679,31.158629256154796,0.04433545779472858,0.0,1.0,0.0,0.0,0,325,0
L50_Ts130_Tr60p0_dT10_F1p0_LP45,0.5,130.0,60.0,10.0,1.0,0.45,S2b,1299,1640,0.7015258156745213,57.9337749089394,17.41801946641158,0.30355907502620927,0.6378659189651233,65.69955284939226,0.03542083196133916,0.0,1.0,0.0,0.0,0,341,0
L50_Ts130_Tr60p0_dT10_F1p2_LP20,0.5,130.0,60.0,10.0,1.2,0.2,S1,21,40,0.5316455696202531,127.81786970764382,27.030750407410835,0.22303298389891102,1.0,0.7509905651917705,,0.0,0.0,1.0,0.0,6,0,13
L50_Ts130_Tr60p0_dT10_F1p2_LP20,0.5,130.0,60.0,10.0,1.2,0.2,S2a,391,1640,0.07767088524399748,128.87655494941575,27.736755990304403,0.22105904427142406,0.7465497777249943,0.6634869252896038,0.016724561620403477,0.0,0.7965980785413272,0.2034019214586728,0.0,198,1038,13
L50_Ts130_Tr60p0_dT10_F1p2_LP20,0.5,130.0,60.0,10.0,1.2,0.2,S2b,392,1640,0.08300261784082749,198.53452321409685,57.216988467874046,0.29207934426363924,0.7741260099298447,1.5579077859468384,0.003353648233687778,0.0,0.9564746628176097,0.04352533718239028,0.0,263,984,1
L50_Ts130_Tr60p0_dT10_F1p2_LP30,0.5,130.0,60.0,10.0,1.2,0.3,S1,31,40,0.7848101265822784,129.0626575815098,27.74787182431254,0.22283247786663282,1.0,0.16929950607622857,,0.0,0.0,1.0,0.0,0,0,9
L50_Ts130_Tr60p0_dT10_F1p2_LP30,0.5,130.0,60.0,10.0,1.2,0.3,S2a,579,1640,0.1650468407569305,129.0626575815098,28.228901368416132,0.22283247786663282,0.7461339040728285,0.16929950607622857,0.02357323435336056,0.0,0.9347526741694386,0.06524732583056148,0.0,0,1051,10
L50_Ts130_Tr60p0_dT10_F1p2_LP30,0.5,130.0,60.0,10.0,1.2,0.3,S2b,573,1640,0.16984578161892652,179.88764051453668,52.70873325257591,0.2959579853336179,0.767192824033545,11.091435870601032,0.010097084641596865,0.0,1.0,0.0,0.0,0,1067,0
L50_Ts130_Tr60p0_dT10_F1p2_LP40,0.5,130.0,60.0,10.0,1.2,0.4,S1,40,40,1.0,89.60231382405242,19.990911965299688,0.2291886106064011,1.0,18.272434795864942,,0.0,0.0,0.0,0.0,0,0,0
L50_Ts130_Tr60p0_dT10_F1p2_LP40,0.5,130.0,60.0,10.0,1.2,0.4,S2a,1011,1640,0.45826338941869155,91.7900727593334,20.52712219705893,0.2267821362215007,0.703167304767637,17.541755236217586,0.006366179817804962,0.0,1.0,0.0,0.0,0,629,0
L50_Ts130_Tr60p0_dT10_F1p2_LP40,0.5,130.0,60.0,10.0,1.2,0.4,S2b,990,1640,0.4563045622877383,100.12862356331114,30.10367924952476,0.3003184859899027,0.7162809259246407,50.36076743637182,0.013376373419628607,0.0,1.0,0.0,0.0,0,650,0
L50_Ts130_Tr60p0_dT10_F1p2_LP45,0.5,130.0,60.0,10.0,1.2,0.45,S1,40,40,1.0,51.13724003833035,11.725720102062724,0.23538442877589852,1.0,35.36107855409373,,0.0,0.0,0.0,0.0,0,0,0
L50_Ts130_Tr60p0_dT10_F1p2_LP45,0.5,130.0,60.0,10.0,1.2,0.45,S2a,1410,1640,0.786663755477525,53.25594188263069,12.101740417237238,0.23039765406837656,0.5962328256986485,34.69770035414993,0.010724188305079707,0.0,1.0,0.0,0.0,0,230,0
L50_Ts130_Tr60p0_dT10_F1p2_LP45,0.5,130.0,60.0,10.0,1.2,0.45,S2b,1397,1640,0.7847132567313619,57.9337749089394,17.41801946641158,0.30355907502620927,0.6084188330852025,69.54948472797675,0.028373759580189173,0.0,1.0,0.0,0.0,0,243,0
L50_Ts130_Tr60p0_dT15_F0p8_LP20,0.5,130.0,60.0,15.0,0.8,0.2,S1,14,40,0.35443037974683544,85.21191313842921,18.113010542589336,0.22989580083540948,1.0,1.0912768339563144,,0.0,0.0,1.0,0.0,17,0,9
L50_Ts130_Tr60p0_dT15_F0p8_LP20,0.5,130.0,60.0,15.0,0.8,0.2,S2a,179,1640,0.020177855276173627,85.21191313842921,18.819016125482904,0.22989580083540948,0.7989089402816152,1.0912768339563144,0.03550165161880159,0.0,0.634826054663,0.365173945337,0.0,684,768,9
L50_Ts130_Tr60p0_dT15_F0p8_LP20,0.5,130.0,60.0,15.0,0.8,0.2,S2b,179,1640,0.022040317225269352,138.9741662498678,41.5423671744411,0.3044681842851133,0.828369918479199,3.144240910155119,0.0011772850821216707,0.0,0.8229378100581175,0.1770621899418824,0.0,728,733,0
L50_Ts130_Tr60p0_dT15_F0p8_LP30,0.5,130.0,60.0,15.0,0.8,0.3,S1,20,40,0.5063291139240507,83.26623069774826,18.157172765007147,0.23020920448790738,1.0,2.2877997580492178,,0.0,0.0,1.0,0.0,7,0,13
L50_Ts130_Tr60p0_dT15_F0p8_LP30,0.5,130.0,60.0,15.0,0.8,0.3,S2a,267,1640,0.041990001822854964,83.26623069774826,18.63820230911074,0.23020920448790738,0.7971314547669826,2.2877997580492178,0.017832120196914047,0.0,0.7850701033445624,0.2149298966554376,0.0,241,1119,13
L50_Ts130_Tr60p0_dT15_F0p8_LP30,0.5,130.0,60.0,15.0,0.8,0.3,S2b,269,1640,0.046618163938772564,139.41292139876595,41.903625357639896,0.3043769211089782,0.828640563201249,2.8601491821950447,0.019428079302997503,0.000584141032131976,0.9650239418227828,0.034391917145085174,0.0,303,1068,0
L50_Ts130_Tr60p0_dT15_F0p8_LP40,0.5,130.0,60.0,15.0,0.8,0.4,S1,38,40,0.9620253164556962,85.1221981328498,19.025548160318408,0.2299102518115015,1.0,1.1464778211755373,,0.0,0.0,1.0,0.0,0,0,2
L50_Ts130_Tr60p0_dT15_F0p8_LP40,0.5,130.0,60.0,15.0,0.8,0.4,S2a,503,1640,0.14156055543395515,85.1221981328498,19.281239420242343,0.2299102518115015,0.8019824313365147,1.1464778211755373,0.027510708863156097,0.0,0.9957906635555849,0.004209336444415084,0.0,0,1135,2
L50_Ts130_Tr60p0_dT15_F0p8_LP40,0.5,130.0,60.0,15.0,0.8,0.4,S2b,492,1640,0.14173299607854398,95.06258341027755,29.522590095160638,0.3136020042052345,0.8113796505629463,31.150229789645856,0.008897437868194302,0.0,1.0,0.0,0.0,0,1148,0
L50_Ts130_Tr60p0_dT15_F0p8_LP45,0.5,130.0,60.0,15.0,0.8,0.45,S1,40,40,1.0,51.13724003833035,11.725720102062724,0.23538442877589852,1.0,21.865391413222795,,0.0,0.0,0.0,0.0,0,0,0
L50_Ts130_Tr60p0_dT15_F0p8_LP45,0.5,130.0,60.0,15.0,0.8,0.45,S2a,819,1640,0.33303976182978207,53.25594188263069,12.101740417237238,0.23039765406837656,0.7561999008225173,20.85002260916211,0.018973775152700156,0.0,1.0,0.0,0.0,0,821,0
L50_Ts130_Tr60p0_dT15_F0p8_LP45,0.5,130.0,60.0,15.0,0.8,0.45,S2b,796,1640,0.3242974228006041,57.9337749089394,17.41801946641158,0.30355907502620927,0.7625836864654293,54.92465503151553,0.007729781648732725,0.0,1.0,0.0,0.0,0,844,0
L50_Ts130_Tr60p0_dT15_F1p0_LP20,0.5,130.0,60.0,15.0,1.0,0.2,S1,17,40,0.43037974683544306,103.47160881094976,22.006506455350973,0.22695459357691045,1.0,0.10798738744374248,,0.0,0.0,1.0,0.0,12,0,11
L50_Ts130_Tr60p0_dT15_F1p0_LP20,0.5,130.0,60.0,15.0,1.0,0.2,S2a,201,1640,0.024118078302194135,103.47160881094976,22.71251203824454,0.22695459357691045,0.788871235480606,0.10798738744374248,0.1155982542947136,0.0,0.7292351661115221,0.27076483388847794,0.0,443,985,11
L50_Ts130_Tr60p0_dT15_F1p0_LP20,0.5,130.0,60.0,15.0,1.0,0.2,S2b,205,1640,0.027667395615038195,165.44543601174738,48.69105904165863,0.2989620331644582,0.8227576896701303,2.317215434974756,0.03501403198483821,0.0,0.9064807740270802,0.09351922597291994,0.0,496,938,1
L50_Ts130_Tr60p0_dT15_F1p0_LP30,0.5,130.0,60.0,15.0,1.0,0.3,S1,24,40,0.6075949367088608,99.91947683729792,21.72287470556347,0.22752675844380768,1.0,1.9617175877272857,,0.0,0.0,1.0,0.0,0,0,16
L50_Ts130_Tr60p0_dT15_F1p0_LP30,0.5,130.0,60.0,15.0,1.0,0.3,S2a,305,1640,0.05217219752630385,99.91947683729792,22.203904249667062,0.22752675844380768,0.7864644285401118,1.9617175877272857,0.045344402016898044,0.0,0.8761618384805027,0.12383816151949732,0.0,0,1319,16
L50_Ts130_Tr60p0_dT15_F1p0_LP30,0.5,130.0,60.0,15.0,1.0,0.3,S2b,310,1640,0.05948810749100513,166.39606747594644,49.182753745544204,0.2987642972587379,0.8223396089037756,1.782768691943943,0.006015967863078231,0.0,0.9982050925852741,0.0017949074147258087,0.0,21,1307,2
L50_Ts130_Tr60p0_dT15_F1p0_LP40,0.5,130.0,60.0,15.0,1.0,0.4,S1,40,40,1.0,89.60231382405242,19.990911965299688,0.2291886106064011,1.0,7.318001394479218,,0.0,0.0,0.0,0.0,0,0,0
L50_Ts130_Tr60p0_dT15_F1p0_LP40,0.5,130.0,60.0,15.0,1.0,0.4,S2a,573,1640,0.17100693849648474,89.60231382405242,20.246603225223623,0.2291886106064011,0.7779349232540307,7.318001394479218,0.0019691767439731223,0.0,1.0,0.0,0.0,0,1067,0
L50_Ts130_Tr60p0_dT15_F1p0_LP40,0.5,130.0,60.0,15.0,1.0,0.4,S2b,558,1640,0.17105617933650288,95.06258341027755,29.522590095160638,0.3136020042052345,0.790499336002168,40.62616513756029,0.007955596366574724,0.0,1.0,0.0,0.0,0,1082,0
L50_Ts130_Tr60p0_dT15_F1p0_LP45,0.5,130.0,60.0,15.0,1.0,0.45,S1,40,40,1.0,51.13724003833035,11.725720102062724,0.23538442877589852,1.0,26.962803697745358,,0.0,0.0,0.0,0.0,0,0,0
L50_Ts130_Tr60p0_dT15_F1p0_LP45,0.5,130.0,60.0,15.0,1.0,0.45,S2a,923,1640,0.3993048910845377,53.25594188263069,12.101740417237238,0.23039765406837656,0.7281506616957869,26.158629256154796,0.0059656385537092405,0.0,1.0,0.0,0.0,0,717,0
L50_Ts130_Tr60p0_dT15_F1p0_LP45,0.5,130.0,60.0,15.0,1.0,0.45,S2b,898,1640,0.3894258906342795,57.9337749089394,17.41801946641158,0.30355907502620927,0.7361193988558364,60.69955284939226,0.008951971538699866,0.0,1.0,0.0,0.0,0,742,0
L50_Ts130_Tr60p0_dT15_F1p2_LP20,0.5,130.0,60.0,15.0,1.2,0.2,S1,19,40,0.4810126582278481,115.64473925929678,24.542497564469784,0.22499378873791062,1.0,1.400581594906221,,0.0,0.0,1.0,0.0,6,0,15
L50_Ts130_Tr60p0_dT15_F1p2_LP20,0.5,130.0,60.0,15.0,1.2,0.2,S2a,229,1640,0.029399337684098782,115.64473925929678,25.24850314736335,0.22499378873791062,0.7713518750235071,1.400581594906221,0.033180729180861235,0.0,0.8060128745702763,0.19398712542972377,0.0,198,1198,15
L50_Ts130_Tr60p0_dT15_F1p2_LP20,0.5,130.0,60.0,15.0,1.2,0.2,S2b,232,1640,0.03340840529364208,185.29888833315707,53.86127475176207,0.29483241982396674,0.8097749031802389,3.3508237877771947,0.048993402235632644,0.0,0.9576231583923749,0.04237684160762504,0.0,263,1142,3
L50_Ts130_Tr60p0_dT15_F1p2_LP30,0.5,130.0,60.0,15.0,1.2,0.3,S1,28,40,0.7088607594936709,116.57272297684757,25.19923377766287,0.22484431239970787,1.0,0.9723069639478439,,0.0,0.0,1.0,0.0,0,0,12
L50_Ts130_Tr60p0_dT15_F1p2_LP30,0.5,130.0,60.0,15.0,1.2,0.3,S2a,343,1640,0.062183186227953324,116.57272297684757,25.68026332176646,0.22484431239970787,0.7698655664972908,0.9723069639478439,0.008161202460360784,0.0,0.9403298483843744,0.05967015161562564,0.0,0,1285,12
L50_Ts130_Tr60p0_dT15_F1p2_LP30,0.5,130.0,60.0,15.0,1.2,0.3,S2b,345,1640,0.06867136445824418,179.88764051453668,52.70873325257591,0.2959579853336179,0.8040761046250023,6.091435870601032,0.009861188291109713,0.0,1.0,0.0,0.0,0,1295,0
L50_Ts130_Tr60p0_dT15_F1p2_LP40,0.5,130.0,60.0,15.0,1.2,0.4,S1,40,40,1.0,89.60231382405242,19.990911965299688,0.2291886106064011,1.0,13.272434795864942,,0.0,0.0,0.0,0.0,0,0,0
L50_Ts130_Tr60p0_dT15_F1p2_LP40,0.5,130.0,60.0,15.0,1.2,0.4,S2a,633,1640,0.20079695431908975,89.60231382405242,20.246603225223623,0.2291886106064011,0.7619686237627067,13.272434795864942,0.002988330480860668,0.0,1.0,0.0,0.0,0,1007,0
L50_Ts130_Tr60p0_dT15_F1p2_LP40,0.5,130.0,60.0,15.0,1.2,0.4,S2b,616,1640,0.1984999976612037,95.06258341027755,29.522590095160638,0.3136020042052345,0.7724123471762421,46.94345536950324,0.02801630957134371,0.0,1.0,0.0,0.0,0,1024,0
L50_Ts130_Tr60p0_dT15_F1p2_LP45,0.5,130.0,60.0,15.0,1.2,0.45,S1,40,40,1.0,51.13724003833035,11.725720102062724,0.23538442877589852,1.0,30.36107855409373,,0.0,0.0,0.0,0.0,0,0,0
L50_Ts130_Tr60p0_dT15_F1p2_LP45,0.5,130.0,60.0,15.0,1.2,0.45,S2a,1010,1640,0.45821863457577594,53.25594188263069,12.101740417237238,0.23039765406837656,0.7041033829071397,29.69770035414993,0.0013185695229775973,0.0,1.0,0.0,0.0,0,630,0
L50_Ts130_Tr60p0_dT15_F1p2_LP45,0.5,130.0,60.0,15.0,1.2,0.45,S2b,989,1640,0.452174424918329,57.9337749089394,17.41801946641158,0.30355907502620927,0.7130849658931706,64.54948472797675,0.014427913915298518,0.0,1.0,0.0,0.0,0,651,0
L75_Ts120_Tr50p0_dT5_F0p8_LP20,0.75,120.0,50.0,5.0,0.8,0.2,S1,12,40,0.3037974683544304,129.7866003702052,28.32779117670458,0.23920901837771252,1.0,12.177522016743907,,0.03636363636363636,0.0,0.9636363636363636,0.0,28,0,0
L75_Ts120_Tr50p0_dT5_F0p8_LP20,0.75,120.0,50.0,5.0,0.8,0.2,S2a,427,1640,0.08010178702263532,140.23030944394532,30.80339599330432,0.22969763864297568,0.6201984023831333,7.201919752180331,0.06516746385688776,0.009728891245831718,0.42695175568781535,0.5633193530663528,0.0,1107,106,0
L75_Ts120_Tr50p0_dT5_F0p8_LP20,0.75,120.0,50.0,5.0,0.8,0.2,S2b,399,1640,0.0707542984008197,139.8960501506455,41.740899753962765,0.29187321576889214,0.6181516511398948,48.268357957166586,0.3449376356214131,0.05515530012340332,0.552989440714304,0.3918552591622927,0.0,1136,105,0
L75_Ts120_Tr50p0_dT5_F0p8_LP30,0.75,120.0,50.0,5.0,0.8,0.3,S1,15,40,0.379746835443038,133.17149045864474,29.576737672392483,0.23886399691890292,1.0,10.201036669035943,,0.08163265306122448,0.0,0.9183673469387755,0.0,25,0,0
L75_Ts120_Tr50p0_dT5_F0p8_LP30,0.75,120.0,50.0,5.0,0.8,0.3,S2a,522,1640,0.11744297034845164,140.44308249869954,30.652997281078797,0.22074335316748134,0.6183173712715295,8.181046343884447,0.2351198697091661,0.017046888375784233,0.47189706637224343,0.5110560452519722,0.0,986,132,0
L75_Ts120_Tr50p0_dT5_F0p8_LP30,0.75,120.0,50.0,5.0,0.8,0.3,S2b,493,1640,0.10578937324258472,139.87552009672083,43.777511661222206,0.26909773011010246,0.6200196684964202,46.52842832813482,0.12928396804301912,0.08502076430835034,0.6027012004167114,0.3122780352749383,0.0,1019,128,0
L75_Ts120_Tr50p0_dT5_F0p8_LP40,0.75,120.0,50.0,5.0,0.8,0.4,S1,20,40,0.5063291139240507,138.8129739393773,31.330425054258342,0.23828896115422107,1.0,6.902373487979972,,0.05128205128205128,0.0,0.9487179487179487,0.0,20,0,0
L75_Ts120_Tr50p0_dT5_F0p8_LP40,0.75,120.0,50.0,5.0,0.8,0.4,S2a,671,1640,0.19092166147523718,139.6304864844607,32.17150156074399,0.23613716594795178,0.6230146249555037,6.707498490831924,0.4221296769321796,0.029360639756961317,0.5440602816626,0.4265790785804387,0.0,799,170,0
L75_Ts120_Tr50p0_dT5_F0p8_LP40,0.75,120.0,50.0,5.0,0.8,0.4,S2b,635,1640,0.17269486720862373,140.12559801097103,44.25846360978716,0.3223148521389305,0.6207899077260924,46.032401036984595,0.1706479200248623,0.14832189001432164,0.6617140676828355,0.1899640423028429,0.0,842,163,0
L75_Ts120_Tr50p0_dT5_F0p8_LP45,0.75,120.0,50.0,5.0,0.8,0.45,S1,23,40,0.5822784810126582,137.35423736046485,31.246515492858805,0.23843765000653974,1.0,7.7558675885958905,,0.12121212121212122,0.0,0.8787878787878788,0.0,17,0,0
L75_Ts120_Tr50p0_dT5_F0p8_LP45,0.75,120.0,50.0,5.0,0.8,0.45,S2a,782,1640,0.25680177280063876,140.3039744712059,31.969894110769985,0.20888629045803336,0.6199959459971831,7.50839172624093,0.2538476783513275,0.04540022999801462,0.5940572841574107,0.3605424858445747,0.0,659,199,0
L75_Ts120_Tr50p0_dT5_F0p8_LP45,0.75,120.0,50.0,5.0,0.8,0.45,S2b,742,1640,0.23315035707466472,140.4147478873008,44.43450253985873,0.2828210478105508,0.6187882955721379,46.42568462437437,0.0033015295843767944,0.21678561723483603,0.681519164524454,0.10169521824070991,0.0,709,189,0
L75_Ts120_Tr50p0_dT5_F1p0_LP20,0.75,120.0,50.0,5.0,1.0,0.2,S1,16,40,0.4050632911392405,173.04880049360693,37.91340438457212,0.23479930727694281,1.0,4.003837923307756,,0.0,0.0,1.0,0.0,24,0,0
L75_Ts120_Tr50p0_dT5_F1p0_LP20,0.75,120.0,50.0,5.0,1.0,0.2,S2a,527,1640,0.12012896123685107,173.8099068362726,39.2245635288611,0.23282162943002113,0.6291893244915344,4.003837923307756,0.015476865958252262,0.010225051043473219,0.5036708625411525,0.48610408641537434,0.0,967,146,0
L75_Ts120_Tr50p0_dT5_F1p0_LP20,0.75,120.0,50.0,5.0,1.0,0.2,S2b,495,1640,0.1070504063774588,174.87006268830686,52.711813888786764,0.28871658524034366,0.6243075999022815,45.50664802682397,0.02607427917530103,0.07221705233610835,0.6268670935463784,0.3009158541175133,0.0,1004,141,0
L75_Ts120_Tr50p0_dT5_F1p0_LP30,0.75,120.0,50.0,5.0,1.0,0.3,S1,19,40,0.4810126582278481,168.68388791428336,37.44877321541759,0.23524422231593853,1.0,6.150701649960979,,0.04878048780487805,0.0,0.9512195121951219,0.0,21,0,0
L75_Ts120_Tr50p0_dT5_F1p0_LP30,0.75,120.0,50.0,5.0,1.0,0.3,S2a,643,1640,0.1768182296524663,175.5538531233744,38.5250328241039,0.21833222604993677,0.6263407128152625,5.7563075611102335,0.023212621817222612,0.016193054118610318,0.5553267013520837,0.42848024452930605,0.0,817,180,0
L75_Ts120_Tr50p0_dT5_F1p0_LP30,0.75,120.0,50.0,5.0,1.0,0.3,S2b,605,1640,0.15831094637420257,175.34327360852774,52.75553429973962,0.2574068956340581,0.6262174618165744,44.347079125869826,0.417145731588473,0.11151601426623223,0.6767447723467397,0.21173921338702809,0.0,860,175,0
L75_Ts120_Tr50p0_dT5_F1p0_LP40,0.75,120.0,50.0,5.0,1.0,0.4,S1,25,40,0.6329113924050633,173.51621742422162,38.98604638803096,0.23475166352277066,1.0,3.773699415131219,,0.06896551724137931,0.0,0.9310344827586207,0.0,15,0,0
L75_Ts120_Tr50p0_dT5_F1p0_LP40,0.75,120.0,50.0,5.0,1.0,0.4,S2a,827,1640,0.28808966277158915,174.53810810557587,39.827122894516606,0.23275099107875816,0.6284126683698686,3.6527213850417297,0.0015869525995242384,0.033633308222070106,0.6385213081934734,0.32784538358445653,0.0,582,231,0
L75_Ts120_Tr50p0_dT5_F1p0_LP40,0.75,120.0,50.0,5.0,1.0,0.4,S2b,782,1640,0.2605133240511756,175.14389184327726,53.62173973663391,0.3014604338044918,0.6256282848219469,44.36117855163758,0.03630270098566157,0.2093526869755586,0.7111844525610338,0.07946286046340764,0.0,638,220,0
L75_Ts120_Tr50p0_dT5_F1p0_LP45,0.75,120.0,50.0,5.0,1.0,0.45,S1,29,40,0.7341772151898734,173.18577754145568,39.15757648582678,0.23478534522215308,1.0,3.936400455879607,,0.09523809523809523,0.0,0.9047619047619048,0.0,11,0,0
L75_Ts120_Tr50p0_dT5_F1p0_LP45,0.75,120.0,50.0,5.0,1.0,0.45,S2a,969,1640,0.3925204361869421,175.37996808900732,39.88095510373796,0.2069562554822462,0.6261648948159492,3.758203286656439,7.89600601152074e-05,0.04919665970304647,0.7029183656717093,0.24788497462524417,0.0,410,261,0
L75_Ts120_Tr50p0_dT5_F1p0_LP45,0.75,120.0,50.0,5.0,1.0,0.45,S2b,913,1640,0.3524857395774965,175.11591894365966,54.63819763266474,0.29299294894686684,0.6260935104280586,43.185441422307775,0.015470700721994746,0.2949664363280319,0.702142858850085,0.0028907048218832256,0.0,473,254,0
L75_Ts120_Tr50p0_dT5_F1p2_LP20,0.75,120.0,50.0,5.0,1.2,0.2,S1,19,40,0.4810126582278481,205.49545058615823,44.85222367255494,0.23149202395136562,1.0,1.5658413159407871,,0.0,0.0,1.0,0.0,21,0,0
L75_Ts120_Tr50p0_dT5_F1p2_LP20,0.75,120.0,50.0,5.0,1.2,0.2,S2a,617,1640,0.1636932954179933,206.39926436807372,46.16338281684392,0.2296603351810138,0.6344149561206808,1.5658413159407871,0.04892411222290605,0.00707309811080995,0.5715809914894552,0.42134591039973485,0.0,831,192,0
L75_Ts120_Tr50p0_dT5_F1p2_LP20,0.75,120.0,50.0,5.0,1.2,0.2,S2b,584,1640,0.14877506573936558,209.84407522596823,63.34126690795142,0.28555995471179507,0.6339000814490205,41.09522512176589,0.02762427557667735,0.08353828422141493,0.6892134379554582,0.22724827782312682,0.0,872,184,0
L75_Ts120_Tr50p0_dT5_F1p2_LP30,0.75,120.0,50.0,5.0,1.2,0.3,S1,23,40,0.5822784810126582,204.19628536992195,45.063715009641896,0.2316244477129732,1.0,2.1287959729780823,,0.0,0.0,1.0,0.0,17,0,0
L75_Ts120_Tr50p0_dT5_F1p2_LP30,0.75,120.0,50.0,5.0,1.2,0.3,S2a,760,1640,0.24585165702089873,210.6646237480493,46.13997461832821,0.2159210989323924,0.6336537107052446,2.1287959729780823,0.11316108594136765,0.009630105620896189,0.633910726939018,0.356459167440086,0.0,649,231,0
L75_Ts120_Tr50p0_dT5_F1p2_LP30,0.75,120.0,50.0,5.0,1.2,0.3,S2b,719,1640,0.22243257222134738,210.65424914757173,64.36894292909682,0.28548683128245966,0.6336518362011051,39.78639374005721,0.05531234530355178,0.13431492636733747,0.7290098973612053,0.13667517627145734,0.0,699,222,0
L75_Ts120_Tr50p0_dT5_F1p2_LP40,0.75,120.0,50.0,5.0,1.2,0.4,S1,30,40,0.759493670886076,208.21946090906593,46.3961563198385,0.23121436589132077,1.0,0.3840609209149335,,0.0,0.0,1.0,0.0,10,0,0
L75_Ts120_Tr50p0_dT5_F1p2_LP40,0.75,120.0,50.0,5.0,1.2,0.4,S2a,976,1640,0.40033990648972556,210.48195942881577,47.237232826324146,0.20502478999779464,0.634626270331193,0.35015039133013204,0.01340764103389347,0.022268498882440077,0.7382573875547866,0.23947411356277337,0.0,368,296,0
L75_Ts120_Tr50p0_dT5_F1p2_LP40,0.75,120.0,50.0,5.0,1.2,0.4,S2b,925,1640,0.3632429559606548,210.50261155512854,64.9815373005361,0.2595811254616911,0.6326499354834368,39.23602177399614,0.027792225715991492,0.2586003557034166,0.7349768307469525,0.006422813549630938,0.0,433,282,0
L75_Ts120_Tr50p0_dT5_F1p2_LP45,0.75,120.0,50.0,5.0,1.2,0.45,S1,35,40,0.8860759493670886,209.01731772244648,46.806902067524845,0.23113304043776664,1.0,0.03755471547755462,,0.0,0.0,1.0,0.0,5,0,0
L75_Ts120_Tr50p0_dT5_F1p2_LP45,0.75,120.0,50.0,5.0,1.2,0.45,S2a,1137,1640,0.5401091351480061,210.4559617068088,47.530280685436026,0.2050262205064586,0.6345913441503331,0.03755471547755462,0.009744199901099648,0.03898728717121931,0.8372584037843606,0.12375430904442022,0.0,157,345,1
L75_Ts120_Tr50p0_dT5_F1p2_LP45,0.75,120.0,50.0,5.0,1.2,0.45,S2b,1074,1640,0.487306426789852,210.6221218309512,64.41649215898025,0.277053985162247,0.6331728625238549,40.283723549813075,0.0419772247303456,0.2458353101838351,0.7541646898161649,0.0,0.0,235,331,0
L75_Ts120_Tr50p0_dT10_F0p8_LP20,0.75,120.0,50.0,10.0,0.8,0.2,S1,12,40,0.3037974683544304,129.7866003702052,28.32779117670458,0.23920901837771252,1.0,7.177522016743907,,0.03636363636363636,0.0,0.9636363636363636,0.0,28,0,0
L75_Ts120_Tr50p0_dT10_F0p8_LP20,0.75,120.0,50.0,10.0,0.8,0.2,S2a,395,1640,0.07114363529566854,140.23030944394532,30.80339599330432,0.22969763864297568,0.6492165283712871,2.2019197521803306,0.017049001517733586,0.003121583114802617,0.43344241757670265,0.5634359993084948,0.0,1107,138,0
L75_Ts120_Tr50p0_dT10_F0p8_LP20,0.75,120.0,50.0,10.0,0.8,0.2,S2b,370,1640,0.06305401108260214,139.8960501506455,41.740899753962765,0.29187321576889214,0.6445070511741163,43.268357957166586,0.041879434360001966,0.046141947483837285,0.5637622939832899,0.3900957585328728,0.0,1136,134,0
L75_Ts120_Tr50p0_dT10_F0p8_LP30,0.75,120.0,50.0,10.0,0.8,0.3,S1,15,40,0.379746835443038,133.17149045864474,29.576737672392483,0.23886399691890292,1.0,5.201036669035943,,0.04081632653061224,0.0,0.9591836734693877,0.0,25,0,0
L75_Ts120_Tr50p0_dT10_F0p8_LP30,0.75,120.0,50.0,10.0,0.8,0.3,S2a,483,1640,0.10393536216652502,140.44308249869954,30.652997281078797,0.22074335316748134,0.6467181695094574,3.1810463438844465,0.1683756720932834,0.006338227320788668,0.48171522620928275,0.5119465464699287,0.0,986,171,0
L75_Ts120_Tr50p0_dT10_F0p8_LP30,0.75,120.0,50.0,10.0,0.8,0.3,S2b,455,1640,0.09364467055415798,139.87552009672083,43.777511661222206,0.26909773011010246,0.6494599770534427,41.52842832813482,0.11861024318707791,0.06992137277707358,0.6182992330761996,0.31177939414672673,0.0,1019,166,0
L75_Ts120_Tr50p0_dT10_F0p8_LP40,0.75,120.0,50.0,10.0,0.8,0.4,S1,20,40,0.5063291139240507,138.8129739393773,31.330425054258342,0.23828896115422107,1.0,1.9023734879799719,,0.0,0.0,1.0,0.0,20,0,0
L75_Ts120_Tr50p0_dT10_F0p8_LP40,0.75,120.0,50.0,10.0,0.8,0.4,S2a,625,1640,0.1708645464721101,139.6304864844607,32.17150156074399,0.23613716594795178,0.6504137450304804,1.7074984908319237,0.20113630259646698,0.007485411045020552,0.560100485536877,0.4324141034181024,0.0,799,216,0
L75_Ts120_Tr50p0_dT10_F0p8_LP40,0.75,120.0,50.0,10.0,0.8,0.4,S2b,589,1640,0.1541281420854415,140.12559801097103,44.25846360978716,0.3223148521389305,0.6493295698705432,41.032401036984595,0.06865662551854257,0.12312167230788483,0.6873019957969084,0.18957633189520676,0.0,842,209,0
L75_Ts120_Tr50p0_dT10_F0p8_LP45,0.75,120.0,50.0,10.0,0.8,0.45,S1,23,40,0.5822784810126582,137.35423736046485,31.246515492858805,0.23843765000653974,1.0,2.7558675885958905,,0.0,0.0,1.0,0.0,17,0,0
L75_Ts120_Tr50p0_dT10_F0p8_LP45,0.75,120.0,50.0,10.0,0.8,0.45,S2a,724,1640,0.22726138523376826,140.3039744712059,31.969894110769985,0.20888629045803336,0.6486844354671271,2.50839172624093,0.0361213997850669,0.014455446719128254,0.6148249163075991,0.3707196369732727,0.0,659,257,0
L75_Ts120_Tr50p0_dT10_F0p8_LP45,0.75,120.0,50.0,10.0,0.8,0.45,S2b,685,1640,0.2065580043719743,140.4147478873008,44.43450253985873,0.2828210478105508,0.6489063985607143,41.42568462437437,0.031983745680754794,0.1737739357572605,0.7178147451110096,0.1084113191317299,0.0,709,246,0
L75_Ts120_Tr50p0_dT10_F1p0_LP20,0.75,120.0,50.0,10.0,1.0,0.2,S1,15,40,0.379746835443038,162.2332504627565,35.552771170879225,0.23590173505213533,1.0,4.3161040147175385,,0.0,0.0,1.0,0.0,24,0,1
L75_Ts120_Tr50p0_dT10_F1p0_LP20,0.75,120.0,50.0,10.0,1.0,0.2,S2a,484,1640,0.10497553500529411,172.99549878962242,38.20506028376872,0.22897841569903696,0.6542012209515995,0.15263602880727944,0.10688087268188085,0.0006144104512435952,0.5123845413974719,0.48700104815128453,0.0,967,186,3
L75_Ts120_Tr50p0_dT10_F1p0_LP20,0.75,120.0,50.0,10.0,1.0,0.2,S2b,456,1640,0.09468425995646698,174.87006268830686,52.711813888786764,0.28871658524034366,0.6541086566471627,40.50664802682397,0.10513121438098239,0.05721639040837387,0.6423582393026872,0.3004253702889388,0.0,1004,180,0
L75_Ts120_Tr50p0_dT10_F1p0_LP30,0.75,120.0,50.0,10.0,1.0,0.3,S1,19,40,0.4810126582278481,168.68388791428336,37.44877321541759,0.23524422231593853,1.0,1.150701649960979,,0.0,0.0,1.0,0.0,21,0,0
L75_Ts120_Tr50p0_dT10_F1p0_LP30,0.75,120.0,50.0,10.0,1.0,0.3,S2a,593,1640,0.15547811699054334,175.5538531233744,38.5250328241039,0.21833222604993677,0.6549572714312164,0.7563075611102335,0.025224966005268357,0.0007839577605622161,0.5681608366738635,0.4310552055655743,0.0,817,230,0
L75_Ts120_Tr50p0_dT10_F1p0_LP30,0.75,120.0,50.0,10.0,1.0,0.3,S2b,559,1640,0.14028969217979434,175.17304927525845,52.75553429973962,0.30145739457496196,0.6545946163218089,39.347079125869826,0.23381079410610894,0.09137965424487823,0.6978356765286948,0.21078466922642686,0.0,860,221,0
L75_Ts120_Tr50p0_dT10_F1p0_LP40,0.75,120.0,50.0,10.0,1.0,0.4,S1,24,40,0.6075949367088608,166.57556872725277,37.4745630334337,0.23545912304906103,1.0,2.186227732287634,,0.0,0.0,1.0,0.0,15,0,1
L75_Ts120_Tr50p0_dT10_F1p0_LP40,0.75,120.0,50.0,10.0,1.0,0.4,S2a,763,1640,0.25322873333123747,173.3142451998005,38.42474202774321,0.22693368208943202,0.6537505833815455,0.3669166952808496,0.030776686510698426,0.004536394931511587,0.6571006678910284,0.3383629371774599,0.0,582,291,4
L75_Ts120_Tr50p0_dT10_F1p0_LP40,0.75,120.0,50.0,10.0,1.0,0.4,S2b,721,1640,0.22939045540237465,175.14389184327726,53.62173973663391,0.3014604338044918,0.6543402998364773,39.36117855163758,0.04532119835640458,0.16471070834623155,0.7499397708561393,0.08534952079762924,0.0,638,281,0
L75_Ts120_Tr50p0_dT10_F1p0_LP45,0.75,120.0,50.0,10.0,1.0,0.45,S1,28,40,0.7088607594936709,167.21385417795722,37.85724239055918,0.2353940626862174,1.0,1.8728243676264356,,0.0,0.0,1.0,0.0,11,0,1
L75_Ts120_Tr50p0_dT10_F1p0_LP45,0.75,120.0,50.0,10.0,1.0,0.45,S2a,885,1640,0.33809115393022193,173.1002906575105,38.58062100847036,0.22695155665743036,0.653732273083504,0.4697278119050452,0.1291417230221903,0.005905491053657492,0.7282733008484215,0.26582120809792104,0.0,410,341,4
L75_Ts120_Tr50p0_dT10_F1p0_LP45,0.75,120.0,50.0,10.0,1.0,0.45,S2b,841,1640,0.30983481731412243,175.11591894365966,54.63819763266474,0.29299294894686684,0.6549596430498036,38.185441422307775,0.05877104930073429,0.23857723692470154,0.7554984636137093,0.005924299461589156,0.0,473,326,0
L75_Ts120_Tr50p0_dT10_F1p2_LP20,0.75,120.0,50.0,10.0,1.2,0.2,S1,18,40,0.45569620253164556,194.6799005553078,42.56313063540995,0.23259445172655782,1.0,1.2395173801174195,,0.0,0.0,1.0,0.0,21,0,1
L75_Ts120_Tr50p0_dT10_F1p2_LP20,0.75,120.0,50.0,10.0,1.2,0.2,S2a,562,1640,0.14021994052559744,203.99836505041893,43.87428977969893,0.22046416529371884,0.6568617893091583,0.00751477717552973,0.11776714048811954,0.0,0.5806794619462126,0.4193205380537874,0.0,831,241,6
L75_Ts120_Tr50p0_dT10_F1p2_LP20,0.75,120.0,50.0,10.0,1.2,0.2,S2b,538,1640,0.13114364205518653,209.84407522596823,63.34126690795142,0.28555995471179507,0.6617807171639897,36.09522512176589,0.034085394194544705,0.06544494079039427,0.7092254407343727,0.22532961847523306,0.0,872,230,0
L75_Ts120_Tr50p0_dT10_F1p2_LP30,0.75,120.0,50.0,10.0,1.2,0.3,S1,22,40,0.5569620253164557,195.3181860060123,43.18408210003594,0.2325293913637148,1.0,0.9644999542414467,,0.0,0.0,1.0,0.0,17,0,1
L75_Ts120_Tr50p0_dT10_F1p2_LP30,0.75,120.0,50.0,10.0,1.2,0.3,S2a,688,1640,0.20736505651630535,209.2112210040592,44.26034170872225,0.2096030480612037,0.656307112228985,0.11805668763834376,0.18582052100457602,0.0,0.6443400940169756,0.3556599059830244,0.0,649,294,9
L75_Ts120_Tr50p0_dT10_F1p2_LP30,0.75,120.0,50.0,10.0,1.2,0.3,S2b,662,1640,0.19592331957346631,210.65424914757173,64.36894292909682,0.28548683128245966,0.6625488895374588,34.78639374005721,0.06069086784710365,0.10212335161628634,0.7593424208810762,0.13853422750263747,0.0,699,279,0
L75_Ts120_Tr50p0_dT10_F1p2_LP40,0.75,120.0,50.0,10.0,1.2,0.4,S1,28,40,0.7088607594936709,194.33816351512823,43.461573715351335,0.2326292849439009,1.0,1.3867207854041226,,0.0,0.0,1.0,0.0,10,0,2
L75_Ts120_Tr50p0_dT10_F1p2_LP40,0.75,120.0,50.0,10.0,1.2,0.4,S2a,885,1640,0.33905892662561676,206.05065531674643,44.302650221836984,0.21623794940893495,0.6558496796977158,0.06157133091136302,0.030434059697295623,0.0,0.748972625996699,0.251027374003301,0.0,368,375,12
L75_Ts120_Tr50p0_dT10_F1p2_LP40,0.75,120.0,50.0,10.0,1.2,0.4,S2b,849,1640,0.31809523385643895,210.18839701645655,64.9815373005361,0.31346942090897467,0.6624467353705863,34.23602177399614,0.06623635829039642,0.1974934286767902,0.792244159572161,0.010262411751048785,0.0,433,358,0
L75_Ts120_Tr50p0_dT10_F1p2_LP45,0.75,120.0,50.0,10.0,1.2,0.45,S1,33,40,0.8354430379746836,197.07347099544955,44.28620858598879,0.23235047536589531,1.0,0.2076914159775214,,0.0,0.0,1.0,0.0,5,0,2
L75_Ts120_Tr50p0_dT10_F1p2_LP45,0.75,120.0,50.0,10.0,1.2,0.45,S2a,1032,1640,0.45766163189741194,206.50083414603696,45.00958720389997,0.21410511244326752,0.6559993154312391,0.10898390099208655,0.002190072115109132,0.0,0.8428385561165248,0.15716144388347528,0.0,157,437,14
L75_Ts120_Tr50p0_dT10_F1p2_LP45,0.75,120.0,50.0,10.0,1.2,0.45,S2b,988,1640,0.4281258522201325,210.6221218309512,64.41649215898025,0.277053985162247,0.6618034367449533,35.283723549813075,0.024362889405914245,0.18811492302257077,0.8118850769774292,0.0,0.0,235,417,0
L75_Ts120_Tr50p0_dT15_F0p8_LP20,0.75,120.0,50.0,15.0,0.8,0.2,S1,12,40,0.3037974683544304,129.7866003702052,28.32779117670458,0.23920901837771252,1.0,2.1775220167439073,,0.0,0.0,1.0,0.0,28,0,0
L75_Ts120_Tr50p0_dT15_F0p8_LP20,0.75,120.0,50.0,15.0,0.8,0.2,S2a,349,1640,0.05761244317613007,137.97288594560297,29.63895032099356,0.21386484519661952,0.673811759912987,0.3680576608849151,0.09950401617278004,0.0,0.43885890859493487,0.5611410914050651,0.0,1107,177,7
L75_Ts120_Tr50p0_dT15_F0p8_LP20,0.75,120.0,50.0,15.0,0.8,0.2,S2b,333,1640,0.0539286068443094,139.8960501506455,41.740899753962765,0.29187321576889214,0.6778019676058791,38.268357957166586,0.04058297402401578,0.036445225658730984,0.5740217154240951,0.38953305891717405,0.0,1136,171,0
L75_Ts120_Tr50p0_dT15_F0p8_LP30,0.75,120.0,50.0,15.0,0.8,0.3,S1,15,40,0.379746835443038,133.17149045864474,29.576737672392483,0.23886399691890292,1.0,0.2010366690359433,,0.0,0.0,1.0,0.0,25,0,0
L75_Ts120_Tr50p0_dT15_F0p8_LP30,0.75,120.0,50.0,15.0,0.8,0.3,S2a,433,1640,0.08693096639321757,133.83482626117555,30.652997281078797,0.23669936749841744,0.6757671610621072,0.08210222410566814,0.015900330087259107,0.0,0.4896732622532407,0.5103267377467593,0.0,986,217,4
L75_Ts120_Tr50p0_dT15_F0p8_LP30,0.75,120.0,50.0,15.0,0.8,0.3,S2b,412,1640,0.08073896411069104,139.28380887666938,43.777511661222206,0.32242112805144435,0.6808402739519873,36.52842832813482,0.044701547425251675,0.05541746371048752,0.6331739847206372,0.3114085515688752,0.0,1019,209,0
L75_Ts120_Tr50p0_dT15_F0p8_LP40,0.75,120.0,50.0,15.0,0.8,0.4,S1,19,40,0.4810126582278481,131.87232524240844,29.769839419267953,0.23899642068051077,1.0,0.9598756527463195,,0.0,0.0,1.0,0.0,20,0,1
L75_Ts120_Tr50p0_dT15_F0p8_LP40,0.75,120.0,50.0,15.0,0.8,0.4,S2a,555,1640,0.140684901912002,137.04973932562663,30.610915925753602,0.21865438055665268,0.6769598816703893,0.3623479461969197,0.22340992519719904,0.0,0.5713237873839071,0.42867621261609284,0.0,799,277,9
L75_Ts120_Tr50p0_dT15_F0p8_LP40,0.75,120.0,50.0,15.0,0.8,0.4,S2b,531,1640,0.13189823908138307,140.12559801097103,44.25846360978716,0.3223148521389305,0.6827590844200253,36.032401036984595,0.06358080206108596,0.09642044348256676,0.7122185511548282,0.1913610053626051,0.0,842,267,0
L75_Ts120_Tr50p0_dT15_F0p8_LP45,0.75,120.0,50.0,15.0,0.8,0.45,S1,22,40,0.5569620253164557,131.3823139969664,29.9025588290462,0.23904636747060393,1.0,1.2460127433517698,,0.0,0.0,1.0,0.0,17,0,1
L75_Ts120_Tr50p0_dT15_F0p8_LP45,0.75,120.0,50.0,15.0,0.8,0.45,S2a,650,1640,0.19061871074108377,136.33048672371336,30.62593744695738,0.22332010818010942,0.6750757289579544,0.24288610100808228,0.027290678391835854,0.0,0.6280016468505113,0.3719983531494886,0.0,659,324,7
L75_Ts120_Tr50p0_dT15_F0p8_LP45,0.75,120.0,50.0,15.0,0.8,0.45,S2b,621,1640,0.1784096977078438,140.4147478873008,44.43450253985873,0.2828210478105508,0.6813231239110894,36.42568462437437,0.04199944565618452,0.13737900846821904,0.7505415216140965,0.11207946991768435,0.0,709,310,0
L75_Ts120_Tr50p0_dT15_F1p0_LP20,0.75,120.0,50.0,15.0,1.0,0.2,S1,14,40,0.35443037974683544,151.41770043190607,33.16829123167031,0.2370041628273276,1.0,4.60453592528782,,0.0,0.0,1.0,0.0,24,0,2
L75_Ts120_Tr50p0_dT15_F1p0_LP20,0.75,120.0,50.0,15.0,1.0,0.2,S2a,424,1640,0.08369076071131272,162.183280115271,35.883277224935,0.2299278455249806,0.675135728965834,0.368808049395696,0.0374550607402675,0.0,0.5176877164818158,0.48231228351818417,0.0,967,235,14
L75_Ts120_Tr50p0_dT15_F1p0_LP20,0.75,120.0,50.0,15.0,1.0,0.2,S2b,410,1640,0.08063012663469181,174.87006268830686,52.711813888786764,0.28871658524034366,0.6854189745791588,35.50664802682397,0.029024351472603627,0.0446724948037669,0.6568871757412783,0.29844032945495474,0.0,1004,226,0
L75_Ts120_Tr50p0_dT15_F1p0_LP30,0.75,120.0,50.0,15.0,1.0,0.3,S1,18,40,0.45569620253164556,159.8057885503737,35.50486686861137,0.23614916596667967,1.0,0.5050778619596628,,0.0,0.0,1.0,0.0,21,0,1
L75_Ts120_Tr50p0_dT15_F1p0_LP30,0.75,120.0,50.0,15.0,1.0,0.3,S2a,522,1640,0.12447189707595126,166.39085143376724,36.58112647729769,0.21673244417724807,0.6766461270594504,0.39099787993673374,0.041297817562345074,0.0,0.5742834680766759,0.4257165319233241,0.0,817,290,11
L75_Ts120_Tr50p0_dT15_F1p0_LP30,0.75,120.0,50.0,15.0,1.0,0.3,S2b,503,1640,0.11953023958158492,175.17304927525845,52.75553429973962,0.30145739457496196,0.6873837686357976,34.347079125869826,0.04325484916848765,0.06913335510045633,0.7200506187517107,0.21081602614783293,0.0,860,277,0
L75_Ts120_Tr50p0_dT15_F1p0_LP40,0.75,120.0,50.0,15.0,1.0,0.4,S1,23,40,0.5822784810126582,159.6349200302839,35.95325922275771,0.23616658257535067,1.0,0.5887246401602653,,0.0,0.0,1.0,0.0,15,0,2
L75_Ts120_Tr50p0_dT15_F1p0_LP40,0.75,120.0,50.0,15.0,1.0,0.4,S2a,672,1640,0.20271808886177706,165.2231292083474,36.79433572924336,0.22123809062116584,0.6760397074980328,0.2692837696883714,0.044447318868744645,0.0,0.6660286053826705,0.3339713946173295,0.0,582,368,18
L75_Ts120_Tr50p0_dT15_F1p0_LP40,0.75,120.0,50.0,15.0,1.0,0.4,S2b,650,1640,0.19580869453407101,175.14389184327726,53.62173973663391,0.3014604338044918,0.686621525884468,34.36117855163758,0.10352539152075124,0.12048993555245621,0.7860965120743446,0.09341355237319914,0.0,638,352,0
L75_Ts120_Tr50p0_dT15_F1p0_LP45,0.75,120.0,50.0,15.0,1.0,0.45,S1,26,40,0.6582278481012658,155.27000745096026,35.2347629157515,0.2366114976143462,1.0,2.723542619082451,,0.0,0.0,1.0,0.0,11,0,3
L75_Ts120_Tr50p0_dT15_F1p0_LP45,0.75,120.0,50.0,15.0,1.0,0.45,S2a,782,1640,0.27242104578118026,165.5832202570829,36.78163692204771,0.21901692942885112,0.6750444882465003,0.15678130394194056,0.09139462792247599,0.0,0.7333180036663174,0.2666819963336826,0.0,410,427,21
L75_Ts120_Tr50p0_dT15_F1p0_LP45,0.75,120.0,50.0,15.0,1.0,0.45,S2b,760,1640,0.2656362937931503,175.11591894365966,54.63819763266474,0.29299294894686684,0.6871925316719196,33.185441422307775,0.0029916032445029828,0.17796875782799085,0.8075945078642652,0.01443673430774389,0.0,473,407,0
L75_Ts120_Tr50p0_dT15_F1p2_LP20,0.75,120.0,50.0,15.0,1.2,0.2,S1,17,40,0.43037974683544306,183.8643505244574,40.250190872749045,0.2336968795017504,1.0,0.8849059373459838,,0.0,0.0,1.0,0.0,21,0,2
L75_Ts120_Tr50p0_dT15_F1p2_LP20,0.75,120.0,50.0,15.0,1.2,0.2,S2a,495,1640,0.11213790358226654,192.81303696141745,41.56135001703802,0.2192499487465666,0.6762663969294758,0.032277533968894545,0.031029593761378038,0.0,0.5859812108781731,0.4140187891218269,0.0,831,297,17
L75_Ts120_Tr50p0_dT15_F1p2_LP20,0.75,120.0,50.0,15.0,1.2,0.2,S2b,483,1640,0.11089067650290826,209.84407522596823,63.34126690795142,0.28555995471179507,0.6924073095338356,31.095225121765893,0.043993779458499915,0.04653555056828242,0.728628637992576,0.22483581143914158,0.0,872,285,0
L75_Ts120_Tr50p0_dT15_F1p2_LP30,0.75,120.0,50.0,15.0,1.2,0.3,S1,20,40,0.5063291139240507,177.561987278193,39.3766112029237,0.23433927866519705,1.0,3.579439032113008,,0.0,0.0,1.0,0.0,17,0,3
L75_Ts120_Tr50p0_dT15_F1p2_LP30,0.75,120.0,50.0,15.0,1.2,0.3,S2a,601,1640,0.163075842679949,193.10923843571186,41.775520650016404,0.2171266624911646,0.6754868550565186,0.32178754871972615,0.14907818559808206,0.0,0.6498039762404627,0.3501960237595372,0.0,649,369,21
L75_Ts120_Tr50p0_dT15_F1p2_LP30,0.75,120.0,50.0,15.0,1.2,0.3,S2b,592,1640,0.16490369822963283,210.65424914757173,64.36894292909682,0.28548683128245966,0.6947883170637827,29.786393740057207,0.01341003644140315,0.07152322781120649,0.787066484828577,0.14141028736021646,0.0,699,349,0
L75_Ts120_Tr50p0_dT15_F1p2_LP40,0.75,120.0,50.0,15.0,1.2,0.4,S1,26,40,0.6582278481012658,180.45686612119047,40.487709286549716,0.23404420399648093,1.0,2.3428578078089686,,0.0,0.0,1.0,0.0,10,0,4
L75_Ts120_Tr50p0_dT15_F1p2_LP40,0.75,120.0,50.0,15.0,1.2,0.4,S2a,779,1640,0.27012216116921955,192.7603174097386,41.81345169328489,0.21925374774253417,0.6747280104909461,0.05380976472335419,0.08265401109783,0.0,0.7492007369380501,0.25079926306194983,0.0,368,464,29
L75_Ts120_Tr50p0_dT15_F1p2_LP40,0.75,120.0,50.0,15.0,1.2,0.4,S2b,765,1640,0.27081014834943956,210.18839701645655,64.9815373005361,0.31346942090897467,0.6934216400885724,29.236021773996143,0.012569105434725003,0.13978591884473374,0.8398219605880277,0.020392120567238516,0.0,433,442,0
L75_Ts120_Tr50p0_dT15_F1p2_LP45,0.75,120.0,50.0,15.0,1.2,0.45,S1,31,40,0.7848101265822784,185.1296242684526,41.73643339208945,0.23356791029402424,1.0,0.3428652871616862,,0.0,0.0,1.0,0.0,5,0,4
L75_Ts120_Tr50p0_dT15_F1p2_LP45,0.75,120.0,50.0,15.0,1.2,0.45,S2a,907,1640,0.36299051513461783,194.70078648054917,42.45981201000063,0.21487805318264416,0.6756705895892995,0.08701372187226752,0.07996140531360751,0.0,0.8296324214993476,0.17036757850065246,0.0,157,543,33
L75_Ts120_Tr50p0_dT15_F1p2_LP45,0.75,120.0,50.0,15.0,1.2,0.45,S2b,888,1640,0.3620167536718332,209.80831019153726,64.41649215898025,0.29784718268029586,0.6928670641086891,30.283723549813075,0.09048892801648023,0.13693530636283952,0.8630646936371605,0.0,0.0,235,517,0
L75_Ts120_Tr60p0_dT5_F0p8_LP20,0.75,120.0,60.0,5.0,0.8,0.2,S1,11,40,0.27848101265822783,118.97105033935478,25.871771060947708,0.24031144615290478,1.0,8.479649688164415,,0.03508771929824561,0.0,0.9649122807017544,0.0,29,0,0
L75_Ts120_Tr60p0_dT5_F0p8_LP20,0.75,120.0,60.0,5.0,0.8,0.2,S2a,335,1640,0.052208671493469826,119.49431094993741,27.182930205236687,0.2380904531783667,0.6570228309044738,8.408283371108759,0.09950401617278004,0.006599078934611856,0.4363567825766632,0.5570441384887249,0.0,1185,120,0
L75_Ts120_Tr60p0_dT5_F0p8_LP20,0.75,120.0,60.0,5.0,0.8,0.2,S2b,313,1640,0.046241812682205806,119.79369278086261,38.0080481277638,0.316113598628558,0.6521362356848098,47.772960275757555,0.04058297402401578,0.03994554682542625,0.5709114197821876,0.38914303339238604,0.0,1210,117,0
L75_Ts120_Tr60p0_dT5_F0p8_LP30,0.75,120.0,60.0,5.0,0.8,0.3,S1,13,40,0.3291139240506329,115.41529173082544,25.544309745079772,0.24067388422038566,1.0,10.547276305043702,,0.07547169811320754,0.0,0.9245283018867925,0.0,27,0,0
L75_Ts120_Tr60p0_dT5_F0p8_LP30,0.75,120.0,60.0,5.0,0.8,0.3,S2a,406,1640,0.07444236466541856,115.99018275968548,26.620569353766086,0.23843036722192554,0.6483368417644869,10.437826778462608,0.015900330087259107,0.014054832678646939,0.48306607312144545,0.5028790941999077,0.0,1083,151,0
L75_Ts120_Tr60p0_dT5_F0p8_LP30,0.75,120.0,60.0,5.0,0.8,0.3,S2b,385,1640,0.06825133013373004,119.38612189428805,37.66456029911558,0.3249332118439291,0.6514753381384615,48.22162662167217,0.044701547425251675,0.05801844324770112,0.6292030120063707,0.31277854474592814,0.0,1111,144,0
L75_Ts120_Tr60p0_dT5_F0p8_LP40,0.75,120.0,60.0,5.0,0.8,0.4,S1,17,40,0.43037974683544306,117.99102784847071,26.619206781051446,0.2404113397330909,1.0,9.04972765051123,,0.08888888888888889,0.0,0.9111111111111111,0.0,23,0,0
L75_Ts120_Tr60p0_dT5_F0p8_LP40,0.75,120.0,60.0,5.0,0.8,0.4,S2a,525,1640,0.1227885624677649,118.68591351179161,27.460283287537095,0.23816887086946778,0.6547330789107109,8.876665645225437,0.22340992519719904,0.021907429615217574,0.5596679835558662,0.41842458682891626,0.0,922,193,0
L75_Ts120_Tr60p0_dT5_F0p8_LP40,0.75,120.0,60.0,5.0,0.8,0.4,S2b,495,1640,0.11066556354005405,119.87811371075883,37.0753343038125,0.2936799638283737,0.6503874322471003,49.67947964846917,0.06358080206108596,0.1021647693475994,0.7013134676912415,0.19652176296115906,0.0,960,185,0
L75_Ts120_Tr60p0_dT5_F0p8_LP45,0.75,120.0,60.0,5.0,0.8,0.45,S1,20,40,0.5063291139240507,119.43846726996942,27.192834217148572,0.24026380239873296,1.0,8.207697752481167,,0.10256410256410256,0.0,0.8974358974358975,0.0,20,0,0
L75_Ts120_Tr60p0_dT5_F0p8_LP45,0.75,120.0,60.0,5.0,0.8,0.45,S2a,618,1640,0.1683227688515434,120.22251221924071,27.916212835059753,0.23801981482710374,0.6547710144169613,7.986278887323898,0.027290678391835854,0.029546888146874742,0.6102712942986885,0.36018181755443673,0.0,801,221,0
L75_Ts120_Tr60p0_dT5_F0p8_LP45,0.75,120.0,60.0,5.0,0.8,0.45,S2b,580,1640,0.15021021906781437,119.99334951672526,38.285525418701184,0.2752117297624444,0.6515034904594877,48.126764259067315,0.04199944565618452,0.14396051275348665,0.7358485854917406,0.12019090175477275,0.0,846,214,0
L75_Ts120_Tr60p0_dT5_F1p0_LP20,0.75,120.0,60.0,5.0,1.0,0.2,S1,13,40,0.3291139240506329,140.60215040105564,30.759964566945428,0.23810659060251999,1.0,9.870379595816367,,0.03773584905660377,0.0,0.9622641509433962,0.0,27,0,0
L75_Ts120_Tr60p0_dT5_F1p0_LP20,0.75,120.0,60.0,5.0,1.0,0.2,S2a,409,1640,0.07662423209458206,150.3145847739929,32.34240881240254,0.2245263413080692,0.6576417426556121,6.981582113224256,0.0374550607402675,0.008203379488102546,0.5137258894659877,0.47807073104590975,0.0,1068,163,0
L75_Ts120_Tr60p0_dT5_F1p0_LP20,0.75,120.0,60.0,5.0,1.0,0.2,S2b,385,1640,0.06880776340465702,149.94505121494313,45.4358112561996,0.2820381976160403,0.6558802390570079,47.437490397894294,0.029024351472603627,0.05038757810229086,0.6520186702137881,0.29759375168392116,0.0,1098,157,0
L75_Ts120_Tr60p0_dT5_F1p0_LP30,0.75,120.0,60.0,5.0,1.0,0.3,S1,16,40,0.4050632911392405,142.0495898225544,31.56884909709885,0.23795905326816205,1.0,9.166921364546198,,0.0851063829787234,0.0,0.9148936170212766,0.0,24,0,0
L75_Ts120_Tr60p0_dT5_F1p0_LP30,0.75,120.0,60.0,5.0,1.0,0.3,S2a,503,1640,0.11375359012930673,150.2646727366138,32.90981108980196,0.22671122676342698,0.6586517446141923,6.704369601125229,0.041297817562345074,0.01349716166512278,0.5666413562151409,0.41986148211973634,0.0,937,200,0
L75_Ts120_Tr60p0_dT5_F1p0_LP30,0.75,120.0,60.0,5.0,1.0,0.3,S2b,473,1640,0.10209676019273528,149.98424295606614,46.79570646134704,0.27296256837710986,0.6597462102938408,45.53448801190709,0.04325484916848765,0.07784278010187398,0.7085429077466107,0.21361431215151533,0.0,974,193,0
L75_Ts120_Tr60p0_dT5_F1p0_LP40,0.75,120.0,60.0,5.0,1.0,0.4,S1,21,40,0.5316455696202531,145.75362263634617,32.88119023317006,0.23758150162793085,1.0,7.3649880289246,,0.10810810810810811,0.0,0.8918918918918919,0.0,19,0,0
L75_Ts120_Tr60p0_dT5_F1p0_LP40,0.75,120.0,60.0,5.0,1.0,0.4,S2a,646,1640,0.18377252560160517,150.40722197909648,33.72226673965571,0.21546671341726953,0.6575772583517233,7.249190061421537,0.044447318868744645,0.025144608115410645,0.6496137695237391,0.32524162236085025,0.0,737,257,0
L75_Ts120_Tr60p0_dT5_F1p0_LP40,0.75,120.0,60.0,5.0,1.0,0.4,S2b,611,1640,0.16698906613975656,149.84764213844852,46.622235814475914,0.2909750203146953,0.6572454855913199,46.18372517527521,0.10352539152075124,0.13693682317295708,0.7648638506385073,0.09819932618853572,0.0,784,245,0
L75_Ts120_Tr60p0_dT5_F1p0_LP45,0.75,120.0,60.0,5.0,1.0,0.45,S1,25,40,0.6329113924050633,149.29808408746177,33.91261753621143,0.23722021507841068,1.0,5.638270843612126,,0.13793103448275862,0.0,0.8620689655172413,0.0,15,0,0
L75_Ts120_Tr60p0_dT5_F1p0_LP45,0.75,120.0,60.0,5.0,1.0,0.45,S2a,756,1640,0.24991396153649134,150.27814027405088,34.63599615412261,0.2351043021776977,0.6607262530097481,5.472524460080187,0.09139462792247599,0.03428525711796578,0.7101009182743642,0.25561382460767,0.0,586,298,0
L75_Ts120_Tr60p0_dT5_F1p0_LP45,0.75,120.0,60.0,5.0,1.0,0.45,S2b,712,1640,0.22458305773843512,149.98185963553766,46.61137172854768,0.29974594391278936,0.6565871124150504,46.4049510151205,0.0029916032445029828,0.19874554065747277,0.7739254890397609,0.02732897030276623,0.0,643,285,0
L75_Ts120_Tr60p0_dT5_F1p2_LP20,0.75,120.0,60.0,5.0,1.2,0.2,S1,16,40,0.4050632911392405,173.04880049360693,37.91340438457212,0.23479930727694281,1.0,5.503625303265679,,0.0425531914893617,0.0,0.9574468085106383,0.0,24,0,0
L75_Ts120_Tr60p0_dT5_F1p2_LP20,0.75,120.0,60.0,5.0,1.2,0.2,S2a,480,1640,0.10381644849103384,180.42608162117313,39.2245635288611,0.21132510437349505,0.662613041453184,5.503625303265679,0.031029593761378038,0.009285436088646452,0.5805401197954162,0.41017444411593734,0.0,950,210,0
L75_Ts120_Tr60p0_dT5_F1p2_LP20,0.75,120.0,60.0,5.0,1.2,0.2,S2b,456,1640,0.09545673947141772,179.69053917129392,56.29290501913715,0.30923982303138164,0.6643318608801249,42.06321538312955,0.043993779458499915,0.05698584439585996,0.7190381787226827,0.22397597688145734,0.0,985,199,0
L75_Ts120_Tr60p0_dT5_F1p2_LP30,0.75,120.0,60.0,5.0,1.2,0.3,S1,20,40,0.5063291139240507,177.561987278193,39.3766112029237,0.23433927866519705,1.0,3.579439032113008,,0.0,0.0,1.0,0.0,20,0,0
L75_Ts120_Tr60p0_dT5_F1p2_LP30,0.75,120.0,60.0,5.0,1.2,0.3,S2a,590,1640,0.15534299128467244,178.44643501490074,40.45287081161001,0.23237186818964845,0.6673500423918777,3.579439032113008,0.14907818559808206,0.010867567401750058,0.6430046758489403,0.3461277567493096,0.0,793,257,0
L75_Ts120_Tr60p0_dT5_F1p2_LP30,0.75,120.0,60.0,5.0,1.2,0.3,S2b,558,1640,0.1412856222494055,179.9971885873184,55.69716733800743,0.2795696170495457,0.6656274101787982,42.701607632433,0.036350284609401484,0.0898062063966834,0.7682414296016361,0.14195236400168051,0.0,838,244,0
L75_Ts120_Tr60p0_dT5_F1p2_LP40,0.75,120.0,60.0,5.0,1.2,0.4,S1,26,40,0.6582278481012658,180.45686612119047,40.487709286549716,0.23404420399648093,1.0,2.3428578078089686,,0.0,0.0,1.0,0.0,14,0,0
L75_Ts120_Tr60p0_dT5_F1p2_LP40,0.75,120.0,60.0,5.0,1.2,0.4,S2a,764,1640,0.25662917561343607,180.45686612119047,41.328785793035365,0.23404420399648093,0.6657086030728995,2.3428578078089686,0.08265401109783,0.0193818663084673,0.7356019321554849,0.2450162015360479,0.0,552,324,0
L75_Ts120_Tr60p0_dT5_F1p2_LP40,0.75,120.0,60.0,5.0,1.2,0.4,S2b,722,1640,0.23278789648428086,179.81717056613826,55.92430348005047,0.2882700768010169,0.6640905325450213,42.71441984814165,0.012569105434725003,0.16488330500829584,0.8039086803341415,0.03120801465756262,0.0,608,310,0
L75_Ts120_Tr60p0_dT5_F1p2_LP45,0.75,120.0,60.0,5.0,1.2,0.45,S1,30,40,0.759493670886076,179.15770090495414,40.45064015300352,0.2341766277580886,1.0,2.8980416238972424,,0.10526315789473684,0.0,0.8947368421052632,0.0,10,0,0
L75_Ts120_Tr60p0_dT5_F1p2_LP45,0.75,120.0,60.0,5.0,1.2,0.45,S2a,889,1640,0.34470982384569293,180.33376832886108,41.1740187709147,0.23218878952829186,0.6667144492361727,2.795775062501299,0.07996140531360751,0.031078679053330015,0.8033065027063494,0.16561481824032048,0.0,372,379,0
L75_Ts120_Tr60p0_dT5_F1p2_LP45,0.75,120.0,60.0,5.0,1.2,0.45,S2b,839,1640,0.3115682111754623,179.96993391350384,56.4221439027944,0.31326783456773477,0.6642601298818301,42.74046982148978,0.09048892801648023,0.1989799946753347,0.8010200053246653,0.0,0.0,439,362,0
L75_Ts120_Tr60p0_dT10_F0p8_LP20,0.75,120.0,60.0,10.0,0.8,0.2,S1,11,40,0.27848101265822783,118.97105033935478,25.871771060947708,0.24031144615290478,1.0,3.4796496881644146,,0.0,0.0,1.0,0.0,29,0,0
L75_Ts120_Tr60p0_dT10_F0p8_LP20,0.75,120.0,60.0,10.0,0.8,0.2,S2a,297,1640,0.043460338775050504,119.49431094993741,27.182930205236687,0.2380904531783667,0.694389502603064,3.408283371108759,0.04041600007607116,0.0012401015253527567,0.44273480708008695,0.5560250913945602,0.0,1185,158,0
L75_Ts120_Tr60p0_dT10_F0p8_LP20,0.75,120.0,60.0,10.0,0.8,0.2,S2b,277,1640,0.03865017685329692,119.79369278086261,38.0080481277638,0.316113598628558,0.6906104990732626,42.772960275757555,0.04645200989207865,0.031871835423429036,0.5803982919990771,0.3877298725774939,0.0,1210,153,0
L75_Ts120_Tr60p0_dT10_F0p8_LP30,0.75,120.0,60.0,10.0,0.8,0.3,S1,13,40,0.3291139240506329,115.41529173082544,25.544309745079772,0.24067388422038566,1.0,5.547276305043702,,0.03773584905660377,0.0,0.9622641509433962,0.0,27,0,0
L75_Ts120_Tr60p0_dT10_F0p8_LP30,0.75,120.0,60.0,10.0,0.8,0.3,S2a,359,1640,0.062021659200891366,115.99018275968548,26.620569353766086,0.23843036722192554,0.6897093308381567,5.4378267784626075,0.0509617239034732,0.005227746012824333,0.49291887880693264,0.501853375180243,0.0,1083,198,0
L75_Ts120_Tr60p0_dT10_F0p8_LP30,0.75,120.0,60.0,10.0,0.8,0.3,S2b,340,1640,0.05709673594212268,119.38612189428805,37.66456029911558,0.3249332118439291,0.6925375466221597,43.22162662167217,0.15740510580894806,0.04716365854006192,0.6421064802903382,0.3107298611695998,0.0,1111,189,0
L75_Ts120_Tr60p0_dT10_F0p8_LP40,0.75,120.0,60.0,10.0,0.8,0.4,S1,17,40,0.43037974683544306,117.99102784847071,26.619206781051446,0.2404113397330909,1.0,4.04972765051123,,0.044444444444444446,0.0,0.9555555555555556,0.0,23,0,0
L75_Ts120_Tr60p0_dT10_F0p8_LP40,0.75,120.0,60.0,10.0,0.8,0.4,S2a,466,1640,0.10219193138834781,118.68591351179161,27.460283287537095,0.23816887086946778,0.6927164579814099,3.8766656452254367,0.10156547281072292,0.007715796160999395,0.5745025500259469,0.41778165381305377,0.0,922,252,0
L75_Ts120_Tr60p0_dT10_F0p8_LP40,0.75,120.0,60.0,10.0,0.8,0.4,S2b,439,1640,0.09252805533662503,119.87811371075883,37.0753343038125,0.2936799638283737,0.6886841048389316,44.67947964846917,0.03368304614330597,0.0831176838066408,0.7220931530760429,0.19478916311731623,0.0,960,241,0
L75_Ts120_Tr60p0_dT10_F0p8_LP45,0.75,120.0,60.0,10.0,0.8,0.45,S1,20,40,0.5063291139240507,119.43846726996942,27.192834217148572,0.24026380239873296,1.0,3.2076977524811667,,0.05128205128205128,0.0,0.9487179487179487,0.0,20,0,0
L75_Ts120_Tr60p0_dT10_F0p8_LP45,0.75,120.0,60.0,10.0,0.8,0.45,S2a,547,1640,0.13951390501478542,120.22251221924071,27.916212835059753,0.23801981482710374,0.6943904326567791,2.9862788873238983,0.04802641586841716,0.008554562812909007,0.629913836263928,0.36153160092316283,0.0,801,292,0
L75_Ts120_Tr60p0_dT10_F0p8_LP45,0.75,120.0,60.0,10.0,0.8,0.45,S2b,511,1640,0.124052921290607,119.97995594233588,38.285525418701184,0.32048970044878206,0.6918710098332177,43.126764259067315,0.21582781956336206,0.11597954195318987,0.7641229945254406,0.11989746352136955,0.0,846,283,0
L75_Ts120_Tr60p0_dT10_F1p0_LP20,0.75,120.0,60.0,10.0,1.0,0.2,S1,13,40,0.3291139240506329,140.60215040105564,30.759964566945428,0.23810659060251999,1.0,4.870379595816367,,0.0,0.0,1.0,0.0,27,0,0
L75_Ts120_Tr60p0_dT10_F1p0_LP20,0.75,120.0,60.0,10.0,1.0,0.2,S2a,358,1640,0.06221293189559506,150.3145847739929,32.34240881240254,0.2245263413080692,0.6950832887446874,1.9815821132242561,0.12408374097802266,0.002009298541049083,0.5222406092711951,0.4757500921877559,0.0,1068,214,0
L75_Ts120_Tr60p0_dT10_F1p0_LP20,0.75,120.0,60.0,10.0,1.0,0.2,S2b,338,1640,0.05640698105958452,145.35517844792872,45.4358112561996,0.3216546173956252,0.6930639091719851,42.437490397894294,0.02268900321634071,0.04034081523264677,0.6643554826799138,0.2953037020874393,0.0,1098,204,0
L75_Ts120_Tr60p0_dT10_F1p0_LP30,0.75,120.0,60.0,10.0,1.0,0.3,S1,16,40,0.4050632911392405,142.0495898225544,31.56884909709885,0.23795905326816205,1.0,4.166921364546198,,0.0,0.0,1.0,0.0,24,0,0
L75_Ts120_Tr60p0_dT10_F1p0_LP30,0.75,120.0,60.0,10.0,1.0,0.3,S2a,442,1640,0.09299853719506664,150.2646727366138,32.90981108980196,0.22671122676342698,0.6957542640594425,1.7043696011252294,0.03793207788649866,0.0018964543472879576,0.579182459110341,0.418921086542371,0.0,937,261,0
L75_Ts120_Tr60p0_dT10_F1p0_LP30,0.75,120.0,60.0,10.0,1.0,0.3,S2b,416,1640,0.08420713521591944,149.23265236786006,46.79570646134704,0.32116508615520156,0.697853116276244,40.53448801190709,0.21774897048848274,0.05910005857763962,0.7284087339275963,0.21249120749476402,0.0,974,250,0
L75_Ts120_Tr60p0_dT10_F1p0_LP40,0.75,120.0,60.0,10.0,1.0,0.4,S1,21,40,0.5316455696202531,145.75362263634617,32.88119023317006,0.23758150162793085,1.0,2.3649880289246,,0.0,0.0,1.0,0.0,19,0,0
L75_Ts120_Tr60p0_dT10_F1p0_LP40,0.75,120.0,60.0,10.0,1.0,0.4,S2a,569,1640,0.15018631325160925,146.61201080868375,33.72226673965571,0.23545993097411302,0.6944644175567095,2.2491900614215368,0.025739285715708604,0.006027368501605062,0.66795236551348,0.32602026598491485,0.0,737,334,0
L75_Ts120_Tr60p0_dT10_F1p0_LP40,0.75,120.0,60.0,10.0,1.0,0.4,S2b,536,1640,0.1366848477853947,149.84764213844852,46.622235814475914,0.2909750203146953,0.6959542336584963,41.18372517527521,0.038206255345297535,0.10359983452041083,0.7975032312833223,0.09889693419626695,0.0,784,320,0
L75_Ts120_Tr60p0_dT10_F1p0_LP45,0.75,120.0,60.0,10.0,1.0,0.45,S1,25,40,0.6329113924050633,149.29808408746177,33.91261753621143,0.23722021507841068,1.0,0.6382708436121263,,0.0,0.0,1.0,0.0,15,0,0
L75_Ts120_Tr60p0_dT10_F1p0_LP45,0.75,120.0,60.0,10.0,1.0,0.45,S2a,670,1640,0.20714079069785385,150.27814027405088,34.63599615412261,0.2351043021776977,0.6979699383051051,0.4725244600801872,0.03297277180040581,0.0032568307580682653,0.7345323830846053,0.2622107861573263,0.0,586,384,0
L75_Ts120_Tr60p0_dT10_F1p0_LP45,0.75,120.0,60.0,10.0,1.0,0.45,S2b,628,1640,0.18593168667110782,149.98185963553766,46.61137172854768,0.29974594391278936,0.6956469100510427,41.4049510151205,0.014339483195790592,0.1487806661363766,0.8192545116869644,0.031964822176658844,0.0,643,369,0
L75_Ts120_Tr60p0_dT10_F1p2_LP20,0.75,120.0,60.0,10.0,1.2,0.2,S1,16,40,0.4050632911392405,173.04880049360693,37.91340438457212,0.23479930727694281,1.0,0.5036253032656788,,0.0,0.0,1.0,0.0,24,0,0
L75_Ts120_Tr60p0_dT10_F1p2_LP20,0.75,120.0,60.0,10.0,1.2,0.2,S2a,417,1640,0.08337148863235358,173.8099068362726,39.2245635288611,0.23282162943002113,0.7021144934016036,0.5036253032656788,0.22348329011590629,0.0,0.5923619039113709,0.40763809608862905,0.0,950,273,0
L75_Ts120_Tr60p0_dT10_F1p2_LP20,0.75,120.0,60.0,10.0,1.2,0.2,S2b,398,1640,0.07812425260246436,179.69053917129392,56.29290501913715,0.30923982303138164,0.7042261086735352,37.06321538312955,0.12034203631038487,0.04210292383069156,0.7357732813355569,0.22212379483375166,0.0,985,257,0
L75_Ts120_Tr60p0_dT10_F1p2_LP30,0.75,120.0,60.0,10.0,1.2,0.3,S1,19,40,0.4810126582278481,168.68388791428336,37.44877321541759,0.23524422231593853,1.0,2.3604230690388235,,0.0,0.0,1.0,0.0,20,0,1
L75_Ts120_Tr60p0_dT10_F1p2_LP30,0.75,120.0,60.0,10.0,1.2,0.3,S2a,515,1640,0.12502956131212453,177.19516688295505,38.9972230401475,0.22660945528041193,0.6997712216456139,0.2760533422342135,0.17365721673407286,0.0,0.6550555005781769,0.34494449942182304,0.0,793,328,4
L75_Ts120_Tr60p0_dT10_F1p2_LP30,0.75,120.0,60.0,10.0,1.2,0.3,S2b,489,1640,0.1155271192999849,179.07918284143204,55.69716733800743,0.31739696046647364,0.7031190395710953,37.701607632433,0.09766313850838237,0.06456650468656505,0.7934187764793158,0.14201471883411912,0.0,838,313,0
L75_Ts120_Tr60p0_dT10_F1p2_LP40,0.75,120.0,60.0,10.0,1.2,0.4,S1,25,40,0.6329113924050633,173.51621742422162,38.98604638803096,0.23475166352277066,1.0,0.30454852625705797,,0.0,0.0,1.0,0.0,14,0,1
L75_Ts120_Tr60p0_dT10_F1p2_LP40,0.75,120.0,60.0,10.0,1.2,0.4,S2a,665,1640,0.20464647585870888,179.4081405939343,39.827122894516606,0.22232487293130068,0.7003478717647337,0.11930261566792666,0.013344411587276284,0.0,0.7535138778348482,0.2464861221651518,0.0,552,420,3
L75_Ts120_Tr60p0_dT10_F1p2_LP40,0.75,120.0,60.0,10.0,1.2,0.4,S2b,631,1640,0.188619628719342,179.81717056613826,55.92430348005047,0.2882700768010169,0.7017567390762709,37.71441984814165,0.013472525461697415,0.11486639005010599,0.8480757852462268,0.03705782470366709,0.0,608,401,0
L75_Ts120_Tr60p0_dT10_F1p2_LP45,0.75,120.0,60.0,10.0,1.2,0.45,S1,29,40,0.7341772151898734,173.18577754145568,39.15757648582678,0.23478534522215308,1.0,0.4452905104686238,,0.0,0.0,1.0,0.0,10,0,1
L75_Ts120_Tr60p0_dT10_F1p2_LP45,0.75,120.0,60.0,10.0,1.2,0.45,S2a,776,1640,0.27642980484615337,178.651697053641,39.88095510373796,0.2244545618250528,0.7006279061040166,0.05211439302920695,0.00374922879356987,0.0,0.8241438817048267,0.17585611829517325,0.0,372,487,5
L75_Ts120_Tr60p0_dT10_F1p2_LP45,0.75,120.0,60.0,10.0,1.2,0.45,S2b,736,1640,0.2544034039889841,179.96993391350384,56.4221439027944,0.31326783456773477,0.7022491614892334,37.74046982148978,0.08311440285026706,0.14535388361594975,0.8546461163840503,0.0,0.0,439,465,0
L75_Ts120_Tr60p0_dT15_F0p8_LP20,0.75,120.0,60.0,15.0,0.8,0.2,S1,10,40,0.25316455696202533,108.15550030850433,23.39190421967487,0.24141387392809718,1.0,4.7623774905978,,0.0,0.0,1.0,0.0,29,0,1
L75_Ts120_Tr60p0_dT15_F0p8_LP20,0.75,120.0,60.0,15.0,0.8,0.2,S2a,243,1640,0.0315219043961336,118.10431660813727,25.398211461841242,0.226963646916679,0.7266781681025144,0.3438421882189715,0.057949419912576516,0.0,0.4474971839255611,0.5525028160744389,0.0,1185,206,6
L75_Ts120_Tr60p0_dT15_F0p8_LP20,0.75,120.0,60.0,15.0,0.8,0.2,S2b,233,1640,0.030153886118209367,119.79369278086261,38.0080481277638,0.316113598628558,0.7340308391497788,37.772960275757555,0.009239944002214173,0.023995182969621703,0.5903665644222408,0.38563825260813756,0.0,1210,197,0
L75_Ts120_Tr60p0_dT15_F0p8_LP30,0.75,120.0,60.0,15.0,0.8,0.3,S1,13,40,0.3291139240506329,115.41529173082544,25.544309745079772,0.24067388422038566,1.0,0.5472763050437024,,0.0,0.0,1.0,0.0,27,0,0
L75_Ts120_Tr60p0_dT15_F0p8_LP30,0.75,120.0,60.0,15.0,0.8,0.3,S2a,301,1640,0.04753407600214883,115.99018275968548,26.620569353766086,0.23843036722192554,0.7343430857868465,0.43782677846260754,0.10467425466585922,0.0,0.5015938525177608,0.49840614748223927,0.0,1083,256,0
L75_Ts120_Tr60p0_dT15_F0p8_LP30,0.75,120.0,60.0,15.0,0.8,0.3,S2b,286,1640,0.044780783528717893,119.38612189428805,37.66456029911558,0.3249332118439291,0.739282304253121,38.22162662167217,0.012795882130287595,0.03681956730692238,0.6556518884403703,0.30752854425270754,0.0,1111,243,0
L75_Ts120_Tr60p0_dT15_F0p8_LP40,0.75,120.0,60.0,15.0,0.8,0.4,S1,16,40,0.4050632911392405,111.05037915150183,25.029159777825328,0.2411187992593814,1.0,3.082597797812795,,0.0,0.0,1.0,0.0,23,0,1
L75_Ts120_Tr60p0_dT15_F0p8_LP40,0.75,120.0,60.0,15.0,0.8,0.4,S2a,392,1640,0.07833250807749442,117.85368673586436,26.384934655009943,0.2315670659516426,0.7306879533247492,0.038776138565772555,0.06270126750219163,0.0,0.5846102542528608,0.41538974574713905,0.0,922,322,4
L75_Ts120_Tr60p0_dT15_F0p8_LP40,0.75,120.0,60.0,15.0,0.8,0.4,S2b,369,1640,0.07132247333608639,116.7713316758092,37.0753343038125,0.3252633292155823,0.7320325296642441,39.75387870410936,0.014350454805022395,0.06375275533217103,0.7427283144364525,0.19351893023137648,0.0,960,311,0
L75_Ts120_Tr60p0_dT15_F0p8_LP45,0.75,120.0,60.0,15.0,0.8,0.45,S1,19,40,0.4810126582278481,113.46654390647096,25.827066269063494,0.2408725198627973,1.0,1.6795701047846663,,0.0,0.0,1.0,0.0,20,0,1
L75_Ts120_Tr60p0_dT15_F0p8_LP45,0.75,120.0,60.0,15.0,0.8,0.45,S2a,454,1640,0.10338194999494012,118.54824932496814,26.550444886974674,0.2246015046643938,0.7312733007280491,0.31529088489843815,0.2023694612495568,0.0,0.6414819646566096,0.35851803534339044,0.0,801,378,7
L75_Ts120_Tr60p0_dT15_F0p8_LP45,0.75,120.0,60.0,15.0,0.8,0.45,S2b,432,1640,0.09689596215614713,119.97995594233588,38.285525418701184,0.32048970044878206,0.7358225464600018,38.126764259067315,0.13332701757579457,0.08493402706806846,0.79371861145711,0.12134736147482156,0.0,846,362,0
L75_Ts120_Tr60p0_dT15_F1p0_LP20,0.75,120.0,60.0,15.0,1.0,0.2,S1,12,40,0.3037974683544304,129.7866003702052,28.32779117670458,0.23920901837771252,1.0,5.114782819196584,,0.0,0.0,1.0,0.0,27,0,1
L75_Ts120_Tr60p0_dT15_F1p0_LP20,0.75,120.0,60.0,15.0,1.0,0.2,S2a,295,1640,0.045432674408712806,140.88891908810172,31.549825867138395,0.23392187996469166,0.7297417652454123,0.3029004616106832,0.009537853893476722,0.0,0.5289724008497723,0.4710275991502277,0.0,1068,275,2
L75_Ts120_Tr60p0_dT15_F1p0_LP20,0.75,120.0,60.0,15.0,1.0,0.2,S2b,280,1640,0.04284847249999363,145.35517844792872,45.4358112561996,0.3216546173956252,0.7399896235057143,37.437490397894294,0.06980727570097223,0.027694690367812323,0.6792253415154326,0.29307996811675513,0.0,1098,262,0
L75_Ts120_Tr60p0_dT15_F1p0_LP30,0.75,120.0,60.0,15.0,1.0,0.3,S1,15,40,0.379746835443038,133.17149045864474,29.576737672392483,0.23886399691890292,1.0,3.4757067705755063,,0.0,0.0,1.0,0.0,24,0,1
L75_Ts120_Tr60p0_dT15_F1p0_LP30,0.75,120.0,60.0,15.0,1.0,0.3,S2a,361,1640,0.0666422094215796,142.08824154868168,31.76388954359112,0.23169240741031039,0.7316139387963564,0.012353728732904301,0.03245640837100794,0.0,0.587794899785084,0.412205100214916,0.0,937,338,4
L75_Ts120_Tr60p0_dT15_F1p0_LP30,0.75,120.0,60.0,15.0,1.0,0.3,S2b,347,1640,0.06436984093099807,149.23265236786006,46.79570646134704,0.32116508615520156,0.7424427860618263,35.53448801190709,0.13540856726121753,0.04184319476582887,0.7482214530335507,0.2099353522006205,0.0,974,319,0
L75_Ts120_Tr60p0_dT15_F1p0_LP40,0.75,120.0,60.0,15.0,1.0,0.4,S1,20,40,0.5063291139240507,138.8129739393773,31.330425054258342,0.23828896115422107,1.0,0.739392421330983,,0.0,0.0,1.0,0.0,19,0,1
L75_Ts120_Tr60p0_dT15_F1p0_LP40,0.75,120.0,60.0,15.0,1.0,0.4,S2a,470,1640,0.10952073245227326,139.6304864844607,32.17150156074399,0.23613716594795178,0.7295610870011491,0.6260079091394175,0.013748300888790865,0.0,0.6795822353397692,0.32041776466023075,0.0,737,426,7
L75_Ts120_Tr60p0_dT15_F1p0_LP40,0.75,120.0,60.0,15.0,1.0,0.4,S2b,449,1640,0.10432202141524355,147.91035345602498,46.622235814475914,0.3213320264467131,0.7382370849571591,36.18372517527521,0.07874559597288133,0.07198160033307179,0.8268252536501497,0.1011931460167785,0.0,784,407,0
L75_Ts120_Tr60p0_dT15_F1p0_LP45,0.75,120.0,60.0,15.0,1.0,0.45,S1,23,40,0.5822784810126582,137.35423736046485,31.246515492858805,0.23843765000653974,1.0,1.447478170779398,,0.0,0.0,1.0,0.0,15,0,2
L75_Ts120_Tr60p0_dT15_F1p0_LP45,0.75,120.0,60.0,15.0,1.0,0.45,S2a,546,1640,0.14700632363146765,142.92135764291282,31.969894110769985,0.22729499354075158,0.7315180960854129,0.18433741832887307,0.12263130369350961,0.0,0.7415894215517989,0.2584105784482012,0.0,586,496,12
L75_Ts120_Tr60p0_dT15_F1p0_LP45,0.75,120.0,60.0,15.0,1.0,0.45,S2b,525,1640,0.14121380171737388,149.98185963553766,46.61137172854768,0.29974594391278936,0.7386004897190699,36.4049510151205,0.048371601836514344,0.10090848228319943,0.8616948351179887,0.03739668259881183,0.0,643,472,0
L75_Ts120_Tr60p0_dT15_F1p2_LP20,0.75,120.0,60.0,15.0,1.2,0.2,S1,15,40,0.379746835443038,162.2332504627565,35.552771170879225,0.23590173505213533,1.0,0.09715468342810141,,0.0,0.0,1.0,0.0,24,0,1
L75_Ts120_Tr60p0_dT15_F1p2_LP20,0.75,120.0,60.0,15.0,1.2,0.2,S2a,342,1640,0.060104215294197676,162.94678765900554,36.863930315168204,0.2338753941796903,0.7343858262923895,0.09715468342810141,0.07681091971486609,0.0,0.5987289324663851,0.4012710675336148,0.0,950,342,6
L75_Ts120_Tr60p0_dT15_F1p2_LP20,0.75,120.0,60.0,15.0,1.2,0.2,S2b,330,1640,0.058631138591166775,179.69053917129392,56.29290501913715,0.30923982303138164,0.7449396773024224,32.06321538312955,0.0030285192946450934,0.0270159769803055,0.7536406949784558,0.21934332804123877,0.0,985,325,0
L75_Ts120_Tr60p0_dT15_F1p2_LP30,0.75,120.0,60.0,15.0,1.2,0.3,S1,18,40,0.45569620253164556,159.8057885503737,35.50486686861137,0.23614916596667967,1.0,1.1248139431912918,,0.0,0.0,1.0,0.0,20,0,2
L75_Ts120_Tr60p0_dT15_F1p2_LP30,0.75,120.0,60.0,15.0,1.2,0.3,S2a,419,1640,0.0879546631850448,160.60179151341066,36.58112647729769,0.23410286791315604,0.7310329025213036,1.1248139431912918,0.03652339801677584,0.0,0.6630151904336127,0.33698480956638743,0.0,793,417,11
L75_Ts120_Tr60p0_dT15_F1p2_LP30,0.75,120.0,60.0,15.0,1.2,0.3,S2b,407,1640,0.08723161327617183,179.07918284143204,55.69716733800743,0.31739696046647364,0.7450653046100041,32.701607632433,0.1036775303149895,0.041459074221237534,0.8186445759938511,0.13989634978491136,0.0,838,395,0
L75_Ts120_Tr60p0_dT15_F1p2_LP40,0.75,120.0,60.0,15.0,1.2,0.4,S1,23,40,0.5822784810126582,159.6349200302839,35.95325922275771,0.23616658257535067,1.0,1.1971058223960398,,0.0,0.0,1.0,0.0,14,0,3
L75_Ts120_Tr60p0_dT15_F1p2_LP40,0.75,120.0,60.0,15.0,1.2,0.4,S2a,542,1640,0.1433295740352375,165.9936922654464,36.79433572924336,0.22546082705652878,0.7277378054039331,0.256138331563605,0.008131811708897985,0.0,0.7584993071205742,0.24150069287942574,0.0,552,533,13
L75_Ts120_Tr60p0_dT15_F1p2_LP40,0.75,120.0,60.0,15.0,1.2,0.4,S2b,525,1640,0.1414570090511701,179.0493752362408,55.92430348005047,0.31740072367784394,0.7427082788864797,32.71441984814165,0.0038049857223221295,0.07213500014706387,0.888177339589541,0.03968766026339507,0.0,608,507,0
L75_Ts120_Tr60p0_dT15_F1p2_LP45,0.75,120.0,60.0,15.0,1.2,0.45,S1,27,40,0.6835443037974683,161.24193081445873,36.54963786720077,0.23600278015028192,1.0,0.5169712592292939,,0.0,0.0,1.0,0.0,10,0,3
L75_Ts120_Tr60p0_dT15_F1p2_LP45,0.75,120.0,60.0,15.0,1.2,0.45,S2a,632,1640,0.19274274563671093,162.30039149597496,37.27301648511195,0.23393809711793562,0.7285872401905432,0.4146592688700963,0.0014377597590264912,0.0,0.8243773096028875,0.17562269039711265,0.0,372,619,17
L75_Ts120_Tr60p0_dT15_F1p2_LP45,0.75,120.0,60.0,15.0,1.2,0.45,S2b,615,1640,0.19232592532831297,179.96993391350384,56.4221439027944,0.31326783456773477,0.7435026088221492,32.74046982148978,0.011565387080747058,0.09393746472352942,0.9060625352764706,0.0,0.0,439,586,0
L75_Ts130_Tr50p0_dT5_F0p8_LP20,0.75,130.0,50.0,5.0,0.8,0.2,S1,13,40,0.3291139240506329,140.60215040105564,30.759964566945428,0.23810659060251999,1.0,5.855013726492629,,0.0,0.0,1.0,0.0,26,0,1
L75_Ts130_Tr50p0_dT5_F0p8_LP20,0.75,130.0,50.0,5.0,0.8,0.2,S2a,445,1640,0.08809399050269529,158.10867141633415,33.54096328031318,0.20547768858797957,0.636856612292192,0.022053317158622576,0.06516746385688776,0.0,0.43069368223735854,0.5693063177626415,0.0,1029,157,9
L75_Ts130_Tr50p0_dT5_F0p8_LP20,0.75,130.0,50.0,5.0,0.8,0.2,S2b,427,1640,0.08295716187647208,159.7829194606086,49.09278263447425,0.2722277184845589,0.6470667557792229,35.787881175641644,0.3449376356214131,0.03995722046636949,0.5622228058125949,0.39781997372103567,0.0,1060,153,0
L75_Ts130_Tr50p0_dT5_F0p8_LP30,0.75,130.0,50.0,5.0,0.8,0.3,S1,16,40,0.4050632911392405,142.0495898225544,31.56884909709885,0.23795905326816205,1.0,5.00727325623734,,0.0,0.0,1.0,0.0,22,0,2
L75_Ts130_Tr50p0_dT5_F0p8_LP30,0.75,130.0,50.0,5.0,0.8,0.3,S2a,547,1640,0.1310375819407922,156.54839980321668,34.09521438697493,0.21039020548853257,0.6381686047013677,0.1941367110718346,0.2351198697091661,0.0,0.4792797301049557,0.5207202698950444,0.0,887,193,13
L75_Ts130_Tr50p0_dT5_F0p8_LP30,0.75,130.0,50.0,5.0,0.8,0.3,S2b,527,1640,0.12399963846210506,160.19972034897773,49.788380674186214,0.27671547215772435,0.6469335722015792,34.773055267343494,0.09364657201903981,0.06039038949115183,0.6189281197168174,0.3206814907920308,0.0,927,186,0
L75_Ts130_Tr50p0_dT5_F0p8_LP40,0.75,130.0,50.0,5.0,0.8,0.4,S1,21,40,0.5316455696202531,145.75362263634617,32.88119023317006,0.23758150162793085,1.0,2.8361181489060385,,0.0,0.0,1.0,0.0,17,0,2
L75_Ts130_Tr50p0_dT5_F0p8_LP40,0.75,130.0,50.0,5.0,0.8,0.4,S2a,703,1640,0.21318725603739141,156.5223424311614,33.97004161997819,0.210391698956757,0.6385440297874371,0.12396020615967984,0.4221296769321796,0.0,0.5594563536528202,0.4405436463471799,0.0,675,247,15
L75_Ts130_Tr50p0_dT5_F0p8_LP40,0.75,130.0,50.0,5.0,0.8,0.4,S2b,675,1640,0.20010158214711454,159.9139882047314,48.97070590384658,0.3030479252168821,0.6454658355199978,35.76961022689318,0.1706479200248623,0.11228596618951235,0.6898989690447566,0.19781506476573105,0.0,727,238,0
L75_Ts130_Tr50p0_dT5_F0p8_LP45,0.75,130.0,50.0,5.0,0.8,0.45,S1,25,40,0.6329113924050633,149.29808408746177,33.91261753621143,0.23722021507841068,1.0,0.7560854281952771,,0.0,0.0,1.0,0.0,14,0,1
L75_Ts130_Tr50p0_dT5_F0p8_LP45,0.75,130.0,50.0,5.0,0.8,0.45,S2a,821,1640,0.2880148616021439,157.48146765237132,34.63599615412261,0.2055109014128508,0.6390474740859791,0.1346360244105682,0.2538476783513275,0.0,0.6212158025055493,0.3787841974944508,0.0,517,287,15
L75_Ts130_Tr50p0_dT5_F0p8_LP45,0.75,130.0,50.0,5.0,0.8,0.45,S2b,791,1640,0.27204840500452654,160.41374538297603,50.48004203455645,0.28561915794549536,0.6458743245955324,34.6654299418486,0.0033015295843767944,0.16287716992993043,0.7248626126456,0.11226021742446952,0.0,573,276,0
L75_Ts130_Tr50p0_dT5_F1p0_LP20,0.75,130.0,50.0,5.0,1.0,0.2,S1,16,40,0.4050632911392405,173.04880049360693,37.91340438457212,0.23479930727694281,1.0,4.003837923307756,,0.0,0.0,1.0,0.0,22,0,2
L75_Ts130_Tr50p0_dT5_F1p0_LP20,0.75,130.0,50.0,5.0,1.0,0.2,S2a,540,1640,0.12742497977465636,190.60105335595927,40.053312625135845,0.20843849078993354,0.6367961087903762,0.24743672998765476,0.015476865958252262,0.0,0.5085039270523158,0.4914960729476842,0.0,871,213,16
L75_Ts130_Tr50p0_dT5_F1p0_LP20,0.75,130.0,50.0,5.0,1.0,0.2,S2b,527,1640,0.12459257698630669,200.33579803309377,59.836056025525295,0.2947440654165813,0.652063712211151,32.604317088406276,0.02607427917530103,0.04877978495060638,0.6423923406775273,0.30882787437186643,0.0,910,203,0
L75_Ts130_Tr50p0_dT5_F1p0_LP30,0.75,130.0,50.0,5.0,1.0,0.3,S1,20,40,0.5063291139240507,177.561987278193,39.3766112029237,0.23433927866519705,1.0,1.7797322751889624,,0.0,0.0,1.0,0.0,18,0,2
L75_Ts130_Tr50p0_dT5_F1p0_LP30,0.75,130.0,50.0,5.0,1.0,0.3,S2a,661,1640,0.18873472181151874,190.8989281673648,40.45287081161001,0.20610233424866814,0.6380855925602669,0.4436936006439538,0.023212621817222612,0.0,0.5634837696505707,0.4365162303494293,0.0,697,261,21
L75_Ts130_Tr50p0_dT5_F1p0_LP30,0.75,130.0,50.0,5.0,1.0,0.3,S2b,645,1640,0.1848836366055349,200.0059621826385,61.50387165268603,0.2822110889616693,0.6546523870492447,30.888380912147724,0.417145731588473,0.07718863777727597,0.7029387604719817,0.21987260175074247,0.0,746,249,0
L75_Ts130_Tr50p0_dT5_F1p0_LP40,0.75,130.0,50.0,5.0,1.0,0.4,S1,26,40,0.6582278481012658,180.45686612119047,40.487709286549716,0.23404420399648093,1.0,0.35077473223810784,,0.0,0.0,1.0,0.0,12,0,2
L75_Ts130_Tr50p0_dT5_F1p0_LP40,0.75,130.0,50.0,5.0,1.0,0.4,S2a,853,1640,0.31022563822474386,190.54893861184866,41.328785793035365,0.2084414777263828,0.6389686107774574,0.22974256503235324,0.0015869525995242384,0.0,0.6590124902201724,0.3409875097798275,0.0,429,331,27
L75_Ts130_Tr50p0_dT5_F1p0_LP40,0.75,130.0,50.0,5.0,1.0,0.4,S2b,833,1640,0.3037244824052234,200.17185419907233,62.61305453342857,0.3068893827007112,0.6533888815857376,30.23327812825812,0.03630270098566157,0.15178821965379316,0.7601280866969079,0.08808369364929897,0.0,491,316,0
L75_Ts130_Tr50p0_dT5_F1p0_LP45,0.75,130.0,50.0,5.0,1.0,0.45,S1,30,40,0.759493670886076,179.15770090495414,40.45064015300352,0.2341766277580886,1.0,0.9922932915637688,,0.0,0.0,1.0,0.0,7,0,3
L75_Ts130_Tr50p0_dT5_F1p0_LP45,0.75,130.0,50.0,5.0,1.0,0.45,S2a,997,1640,0.42029415578934864,188.36557480466416,41.1740187709147,0.2130922660225278,0.6368864619242661,0.3274622038683077,7.89600601152074e-05,0.0,0.7365951998566928,0.26340480014330725,0.0,230,380,33
L75_Ts130_Tr50p0_dT5_F1p0_LP45,0.75,130.0,50.0,5.0,1.0,0.45,S2b,970,1640,0.40878038201767025,199.98027425428552,62.260808144572536,0.28645022645974544,0.6529801809909281,30.880257242758603,0.015470700721994746,0.2217189202856975,0.7751151282845624,0.0031659514297399786,0.0,303,367,0
L75_Ts130_Tr50p0_dT5_F1p2_LP20,0.75,130.0,50.0,5.0,1.2,0.2,S1,19,40,0.4810126582278481,205.49545058615823,44.85222367255494,0.23149202395136562,1.0,1.5658413159407871,,0.0,0.0,1.0,0.0,18,0,3
L75_Ts130_Tr50p0_dT5_F1p2_LP20,0.75,130.0,50.0,5.0,1.2,0.2,S2a,626,1640,0.16960857479022998,222.36789558195247,46.16338281684392,0.20661778648550932,0.6386504386583004,0.33491512556922487,0.04892411222290605,0.0,0.575652639083439,0.42434736091656095,0.0,711,273,30
L75_Ts130_Tr50p0_dT5_F1p2_LP20,0.75,130.0,50.0,5.0,1.2,0.2,S2b,618,1640,0.17088913130384173,239.58738556172523,73.6292588114568,0.30236604743420475,0.6608928360540995,25.74698421493065,0.02762427557667735,0.05583773112122702,0.710295374362508,0.2338668945162649,0.0,760,262,0
L75_Ts130_Tr50p0_dT5_F1p2_LP30,0.75,130.0,50.0,5.0,1.2,0.3,S1,23,40,0.5822784810126582,204.19628536992195,45.063715009641896,0.2316244477129732,1.0,2.1287959729780823,,0.0,0.0,1.0,0.0,13,0,4
L75_Ts130_Tr50p0_dT5_F1p2_LP30,0.75,130.0,50.0,5.0,1.2,0.3,S2a,769,1640,0.2531141852176113,218.93533083390423,46.398494827610534,0.213290613270369,0.638018691403868,0.28416474018273163,0.11316108594136765,0.0,0.6400747140404928,0.3599252859595073,0.0,502,332,37
L75_Ts130_Tr50p0_dT5_F1p2_LP30,0.75,130.0,50.0,5.0,1.2,0.3,S2b,762,1640,0.25696150287532954,240.67110345378737,72.82925956558341,0.28678652244823905,0.6604605195452817,26.682091713429173,0.05531234530355178,0.08996839572877807,0.7654605355500675,0.1445710687211544,0.0,562,316,0
L75_Ts130_Tr50p0_dT5_F1p2_LP40,0.75,130.0,50.0,5.0,1.2,0.4,S1,30,40,0.759493670886076,208.21946090906593,46.3961563198385,0.23121436589132077,1.0,0.3840609209149335,,0.0,0.0,1.0,0.0,6,0,4
L75_Ts130_Tr50p0_dT5_F1p2_LP40,0.75,130.0,50.0,5.0,1.2,0.4,S2a,989,1640,0.41369343661190305,219.27958292100263,47.237232826324146,0.2132680636612254,0.6387901260184465,0.1443667198529539,0.01340764103389347,0.0,0.7550717008820403,0.24492829911795957,0.0,183,425,43
L75_Ts130_Tr50p0_dT5_F1p2_LP40,0.75,130.0,50.0,5.0,1.2,0.4,S2b,979,1640,0.41842911645969605,239.9895542432507,73.6227375027691,0.30604240020499646,0.659206839639137,26.551036491062447,0.027792225715991492,0.1785558917734998,0.8131810645626206,0.008263043663879647,0.0,258,403,0
L75_Ts130_Tr50p0_dT5_F1p2_LP45,0.75,130.0,50.0,5.0,1.2,0.45,S1,35,40,0.8860759493670886,209.01731772244648,46.806902067524845,0.23113304043776664,1.0,0.03755471547755462,,0.0,0.0,1.0,0.0,0,0,5
L75_Ts130_Tr50p0_dT5_F1p2_LP45,0.75,130.0,50.0,5.0,1.2,0.45,S2a,1151,1640,0.5568198182093342,222.65766333421712,47.530280685436026,0.2066011785585999,0.6383250477503654,0.03755471547755462,0.009744199901099648,0.0,0.8688283168827821,0.13117168311721794,0.0,0,437,52
L75_Ts130_Tr50p0_dT5_F1p2_LP45,0.75,130.0,50.0,5.0,1.2,0.45,S2b,1137,1640,0.5618099591574665,239.97366670057065,73.6278237487495,0.2868525521601318,0.6603019271089835,26.741562511077333,0.0419772247303456,0.11314317784324335,0.8868568221567567,0.0,0.0,59,444,0
L75_Ts130_Tr50p0_dT10_F0p8_LP20,0.75,130.0,50.0,10.0,0.8,0.2,S1,13,40,0.3291139240506329,140.60215040105564,30.759964566945428,0.23810659060251999,1.0,0.8550137264926292,,0.0,0.0,1.0,0.0,26,0,1
L75_Ts130_Tr50p0_dT10_F0p8_LP20,0.75,130.0,50.0,10.0,0.8,0.2,S2a,399,1640,0.07268451626526873,141.2205493044715,32.07112371123441,0.23598292367902823,0.6557453298054365,0.7806630306375553,0.017049001517733586,0.0,0.43464878282151403,0.5653512171784859,0.0,1029,195,17
L75_Ts130_Tr50p0_dT10_F0p8_LP20,0.75,130.0,50.0,10.0,0.8,0.2,S2b,392,1640,0.0725898909248828,157.4681099852561,49.09278263447425,0.32012535929535724,0.672869546785873,30.787881175641644,0.041879434360001966,0.031355100825791175,0.5719919924459862,0.3966529067282226,0.0,1060,188,0
L75_Ts130_Tr50p0_dT10_F0p8_LP30,0.75,130.0,50.0,10.0,0.8,0.3,S1,16,40,0.4050632911392405,142.0495898225544,31.56884909709885,0.23795905326816205,1.0,0.00727325623734032,,0.0,0.0,1.0,0.0,22,0,2
L75_Ts130_Tr50p0_dT10_F0p8_LP30,0.75,130.0,50.0,10.0,0.8,0.3,S2a,491,1640,0.10797024224058495,147.85126648081578,32.64510870578516,0.21088867832897396,0.6550523913471521,0.00727325623734032,0.1683756720932834,0.0,0.4845078116396829,0.5154921883603172,0.0,887,238,24
L75_Ts130_Tr50p0_dT10_F0p8_LP30,0.75,130.0,50.0,10.0,0.8,0.3,S2b,484,1640,0.1091666646839217,160.19972034897773,49.788380674186214,0.27671547215772435,0.6753326251635874,29.773055267343494,0.003129415130629809,0.0473876499685966,0.6321806413109445,0.3204317087204589,0.0,927,229,0
L75_Ts130_Tr50p0_dT10_F0p8_LP40,0.75,130.0,50.0,10.0,0.8,0.4,S1,20,40,0.5063291139240507,138.8129739393773,31.330425054258342,0.23828896115422107,1.0,1.9023734879799719,,0.0,0.0,1.0,0.0,17,0,3
L75_Ts130_Tr50p0_dT10_F0p8_LP40,0.75,130.0,50.0,10.0,0.8,0.4,S2a,633,1640,0.17636254096956552,144.90657509510078,32.17150156074399,0.2249355577807139,0.6539268501551245,0.08712861043863995,0.20113630259646698,0.0,0.5646994198497519,0.43530058015024803,0.0,675,302,30
L75_Ts130_Tr50p0_dT10_F0p8_LP40,0.75,130.0,50.0,10.0,0.8,0.4,S2b,622,1640,0.1767827431822531,159.9139882047314,48.97070590384658,0.3030479252168821,0.6730903354379014,30.769610226893178,0.06865662551854257,0.08384800798319192,0.7156195683891766,0.20053242362763146,0.0,727,291,0
L75_Ts130_Tr50p0_dT10_F0p8_LP45,0.75,130.0,50.0,10.0,0.8,0.45,S1,23,40,0.5822784810126582,137.35423736046485,31.246515492858805,0.23843765000653974,1.0,2.7558675885958905,,0.0,0.0,1.0,0.0,14,0,3
L75_Ts130_Tr50p0_dT10_F0p8_LP45,0.75,130.0,50.0,10.0,0.8,0.45,S2a,736,1640,0.23680597359515929,146.82217857293404,32.088697884425414,0.2133354407693732,0.6537827021944786,0.423953798940218,0.0361213997850669,0.0,0.6225139842738752,0.3774860157261249,0.0,517,353,34
L75_Ts130_Tr50p0_dT10_F0p8_LP45,0.75,130.0,50.0,10.0,0.8,0.45,S2b,726,1640,0.2391840726867555,160.41374538297603,50.48004203455645,0.28561915794549536,0.6749320673108598,29.6654299418486,0.031983745680754794,0.12440437143226343,0.7593279933226352,0.1162676352451012,0.0,573,341,0
L75_Ts130_Tr50p0_dT10_F1p0_LP20,0.75,130.0,50.0,10.0,1.0,0.2,S1,15,40,0.379746835443038,162.2332504627565,35.552771170879225,0.23590173505213533,1.0,4.3161040147175385,,0.0,0.0,1.0,0.0,22,0,3
L75_Ts130_Tr50p0_dT10_F1p0_LP20,0.75,130.0,50.0,10.0,1.0,0.2,S2a,485,1640,0.10552544739070557,180.01210594729486,38.20506028376872,0.2090453922247418,0.6544398867564664,0.12263066248371501,0.10688087268188085,0.0,0.5126995493589459,0.48730045064105404,0.0,871,257,27
L75_Ts130_Tr50p0_dT10_F1p0_LP20,0.75,130.0,50.0,10.0,1.0,0.2,S2b,483,1640,0.10951016211292798,200.33579803309377,59.836056025525295,0.2947440654165813,0.6806232830746405,27.604317088406276,0.10513121438098239,0.037472861117150445,0.6561953167296528,0.30633182215319676,0.0,910,247,0
L75_Ts130_Tr50p0_dT10_F1p0_LP30,0.75,130.0,50.0,10.0,1.0,0.3,S1,19,40,0.4810126582278481,168.68388791428336,37.44877321541759,0.23524422231593853,1.0,1.150701649960979,,0.0,0.0,1.0,0.0,18,0,3
L75_Ts130_Tr50p0_dT10_F1p0_LP30,0.75,130.0,50.0,10.0,1.0,0.3,S2a,594,1640,0.15614018647469322,175.96132437093223,38.5250328241039,0.22046429117060484,0.6556782908185297,0.20210249987087536,0.025224966005268357,0.0,0.5686066002308214,0.4313933997691787,0.0,697,319,30
L75_Ts130_Tr50p0_dT10_F1p0_LP30,0.75,130.0,50.0,10.0,1.0,0.3,S2b,591,1640,0.16149261452443983,200.0059621826385,61.50387165268603,0.2822110889616693,0.6815649267724324,25.888380912147724,0.23381079410610894,0.05525800723227106,0.7233758614134155,0.22136613135431346,0.0,746,303,0
L75_Ts130_Tr50p0_dT10_F1p0_LP40,0.75,130.0,50.0,10.0,1.0,0.4,S1,24,40,0.6075949367088608,166.57556872725277,37.4745630334337,0.23545912304906103,1.0,2.186227732287634,,0.0,0.0,1.0,0.0,12,0,4
L75_Ts130_Tr50p0_dT10_F1p0_LP40,0.75,130.0,50.0,10.0,1.0,0.4,S2a,766,1640,0.25576360719657215,177.75398961165948,38.42474202774321,0.21375606328821523,0.6544574963076257,0.3669166952808496,0.030776686510698426,0.0,0.659338756925692,0.34066124307430795,0.0,429,401,44
L75_Ts130_Tr50p0_dT10_F1p0_LP40,0.75,130.0,50.0,10.0,1.0,0.4,S2b,763,1640,0.264816533196055,200.17185419907233,62.61305453342857,0.3068893827007112,0.6808581114887996,25.23327812825812,0.04532119835640458,0.10590089478382951,0.7961089603708963,0.09799014484527423,0.0,491,386,0
L75_Ts130_Tr50p0_dT10_F1p0_LP45,0.75,130.0,50.0,10.0,1.0,0.45,S1,28,40,0.7088607594936709,167.21385417795722,37.85724239055918,0.2353940626862174,1.0,1.8728243676264356,,0.0,0.0,1.0,0.0,7,0,5
L75_Ts130_Tr50p0_dT10_F1p0_LP45,0.75,130.0,50.0,10.0,1.0,0.45,S2a,889,1640,0.3420000506990237,177.0007149823174,38.58062100847036,0.21603746429170986,0.6546913427600283,0.43875046477295143,0.1291417230221903,0.0,0.7325996615958885,0.26740033840411154,0.0,230,471,50
L75_Ts130_Tr50p0_dT10_F1p0_LP45,0.75,130.0,50.0,10.0,1.0,0.45,S2b,889,1640,0.35726822177256634,199.98027425428552,62.260808144572536,0.28645022645974544,0.6808020740711432,25.880257242758603,0.028122913954724993,0.16218874999721805,0.8258012860848227,0.01200996391795927,0.0,303,448,0
L75_Ts130_Tr50p0_dT10_F1p2_LP20,0.75,130.0,50.0,10.0,1.2,0.2,S1,18,40,0.45569620253164556,194.6799005553078,42.56313063540995,0.23259445172655782,1.0,1.2395173801174195,,0.0,0.0,1.0,0.0,18,0,4
L75_Ts130_Tr50p0_dT10_F1p2_LP20,0.75,130.0,50.0,10.0,1.2,0.2,S2a,562,1640,0.14021994052559744,203.99836505041893,43.87428977969893,0.22046416529371884,0.6568617893091583,0.00751477717552973,0.11776714048811954,0.0,0.5806794619462126,0.4193205380537874,0.0,711,328,39
L75_Ts130_Tr50p0_dT10_F1p2_LP20,0.75,130.0,50.0,10.0,1.2,0.2,S2b,567,1640,0.15001089740330348,239.58738556172523,73.6292588114568,0.30236604743420475,0.6877935088805962,20.74698421493065,0.034085394194544705,0.03869598934829668,0.7287879916407626,0.2325160190109407,0.0,760,313,0
L75_Ts130_Tr50p0_dT10_F1p2_LP30,0.75,130.0,50.0,10.0,1.2,0.3,S1,22,40,0.5569620253164557,195.3181860060123,43.18408210003594,0.2325293913637148,1.0,0.9644999542414467,,0.0,0.0,1.0,0.0,13,0,5
L75_Ts130_Tr50p0_dT10_F1p2_LP30,0.75,130.0,50.0,10.0,1.2,0.3,S2a,688,1640,0.20736505651630535,209.2112210040592,44.26034170872225,0.2096030480612037,0.656307112228985,0.11805668763834376,0.18582052100457602,0.0,0.6443400940169756,0.3556599059830244,0.0,502,403,47
L75_Ts130_Tr50p0_dT10_F1p2_LP30,0.75,130.0,50.0,10.0,1.2,0.3,S2b,696,1640,0.2231906309713868,240.67110345378737,72.82925956558341,0.28678652244823905,0.6876909631604936,21.682091713429173,0.06069086784710365,0.05986744679454384,0.7923844227026239,0.14774813050283228,0.0,562,382,0
L75_Ts130_Tr50p0_dT10_F1p2_LP40,0.75,130.0,50.0,10.0,1.2,0.4,S1,28,40,0.7088607594936709,194.33816351512823,43.461573715351335,0.2326292849439009,1.0,1.3867207854041226,,0.0,0.0,1.0,0.0,6,0,6
L75_Ts130_Tr50p0_dT10_F1p2_LP40,0.75,130.0,50.0,10.0,1.2,0.4,S2a,885,1640,0.33905892662561676,206.05065531674643,44.302650221836984,0.21623794940893495,0.6558496796977158,0.06157133091136302,0.030434059697295623,0.0,0.748972625996699,0.251027374003301,0.0,183,516,56
L75_Ts130_Tr50p0_dT10_F1p2_LP40,0.75,130.0,50.0,10.0,1.2,0.4,S2b,892,1640,0.36193120363688047,239.9895542432507,73.6227375027691,0.30604240020499646,0.6872650394508107,21.551036491062447,0.06623635829039642,0.11772112060916996,0.8589746096067256,0.023304269784104544,0.0,258,490,0
L75_Ts130_Tr50p0_dT10_F1p2_LP45,0.75,130.0,50.0,10.0,1.2,0.45,S1,33,40,0.8354430379746836,197.07347099544955,44.28620858598879,0.23235047536589531,1.0,0.2076914159775214,,0.0,0.0,1.0,0.0,0,0,7
L75_Ts130_Tr50p0_dT10_F1p2_LP45,0.75,130.0,50.0,10.0,1.2,0.45,S2a,1032,1640,0.45766163189741194,206.50083414603696,45.00958720389997,0.21410511244326752,0.6559993154312391,0.10898390099208655,0.002190072115109132,0.0,0.8428385561165248,0.15716144388347528,0.0,0,540,68
L75_Ts130_Tr50p0_dT10_F1p2_LP45,0.75,130.0,50.0,10.0,1.2,0.45,S2b,1039,1640,0.4883074034779374,239.97366670057065,73.6278237487495,0.2868525521601318,0.6875030222664786,21.741562511077333,0.024362889405914245,0.08127209781285183,0.9187279021871482,0.0,0.0,59,542,0
L75_Ts130_Tr50p0_dT15_F0p8_LP20,0.75,130.0,50.0,15.0,0.8,0.2,S1,12,40,0.3037974683544304,129.7866003702052,28.32779117670458,0.23920901837771252,1.0,2.1775220167439073,,0.0,0.0,1.0,0.0,26,0,2
L75_Ts130_Tr50p0_dT15_F0p8_LP20,0.75,130.0,50.0,15.0,0.8,0.2,S2a,349,1640,0.05761244317613007,137.97288594560297,29.63895032099356,0.21386484519661952,0.673811759912987,0.3680576608849151,0.09950401617278004,0.0,0.43885890859493487,0.5611410914050651,0.0,1029,238,24
L75_Ts130_Tr50p0_dT15_F0p8_LP20,0.75,130.0,50.0,15.0,0.8,0.2,S2b,352,1640,0.06215387175618881,157.4681099852561,49.09278263447425,0.32012535929535724,0.7053466973046685,25.787881175641644,0.04058297402401578,0.02237645438990363,0.5825656883281541,0.3950578572819422,0.0,1060,228,0
L75_Ts130_Tr50p0_dT15_F0p8_LP30,0.75,130.0,50.0,15.0,0.8,0.3,S1,15,40,0.379746835443038,133.17149045864474,29.576737672392483,0.23886399691890292,1.0,0.2010366690359433,,0.0,0.0,1.0,0.0,22,0,3
L75_Ts130_Tr50p0_dT15_F0p8_LP30,0.75,130.0,50.0,15.0,0.8,0.3,S2a,433,1640,0.08693096639321757,133.83482626117555,30.652997281078797,0.23669936749841744,0.6757671610621072,0.08210222410566814,0.015900330087259107,0.0,0.4896732622532407,0.5103267377467593,0.0,887,288,32
L75_Ts130_Tr50p0_dT15_F0p8_LP30,0.75,130.0,50.0,15.0,0.8,0.3,S2b,435,1640,0.09299512636256205,159.18149585905073,49.788380674186214,0.319909044258959,0.7051432426466492,24.773055267343494,0.044701547425251675,0.03465153973572173,0.646199645893744,0.3191488143705344,0.0,927,278,0
L75_Ts130_Tr50p0_dT15_F0p8_LP40,0.75,130.0,50.0,15.0,0.8,0.4,S1,19,40,0.4810126582278481,131.87232524240844,29.769839419267953,0.23899642068051077,1.0,0.9598756527463195,,0.0,0.0,1.0,0.0,17,0,4
L75_Ts130_Tr50p0_dT15_F0p8_LP40,0.75,130.0,50.0,15.0,0.8,0.4,S2a,555,1640,0.140684901912002,137.04973932562663,30.610915925753602,0.21865438055665268,0.6769598816703893,0.3623479461969197,0.22340992519719904,0.0,0.5713237873839071,0.42867621261609284,0.0,675,371,39
L75_Ts130_Tr50p0_dT15_F0p8_LP40,0.75,130.0,50.0,15.0,0.8,0.4,S2b,558,1640,0.1503964908359365,159.9139882047314,48.97070590384658,0.3030479252168821,0.704815962485411,25.769610226893178,0.06358080206108596,0.06072976687050573,0.7365121284826329,0.2027581046468613,0.0,727,355,0
L75_Ts130_Tr50p0_dT15_F0p8_LP45,0.75,130.0,50.0,15.0,0.8,0.45,S1,22,40,0.5569620253164557,131.3823139969664,29.9025588290462,0.23904636747060393,1.0,1.2460127433517698,,0.0,0.0,1.0,0.0,14,0,4
L75_Ts130_Tr50p0_dT15_F0p8_LP45,0.75,130.0,50.0,15.0,0.8,0.45,S2a,650,1640,0.19061871074108377,136.33048672371336,30.62593744695738,0.22332010818010942,0.6750757289579544,0.24288610100808228,0.027290678391835854,0.0,0.6280016468505113,0.3719983531494886,0.0,517,430,43
L75_Ts130_Tr50p0_dT15_F0p8_LP45,0.75,130.0,50.0,15.0,0.8,0.45,S2b,654,1640,0.20454734314869638,160.41374538297603,50.48004203455645,0.28561915794549536,0.7055776101491663,24.6654299418486,0.04199944565618452,0.08588120587567155,0.7901368222664429,0.12398197185788558,0.0,573,413,0
L75_Ts130_Tr50p0_dT15_F1p0_LP20,0.75,130.0,50.0,15.0,1.0,0.2,S1,14,40,0.35443037974683544,151.41770043190607,33.16829123167031,0.2370041628273276,1.0,4.60453592528782,,0.0,0.0,1.0,0.0,22,0,4
L75_Ts130_Tr50p0_dT15_F1p0_LP20,0.75,130.0,50.0,15.0,1.0,0.2,S2a,424,1640,0.08369076071131272,162.183280115271,35.883277224935,0.2299278455249806,0.675135728965834,0.368808049395696,0.0374550607402675,0.0,0.5176877164818158,0.48231228351818417,0.0,871,312,33
L75_Ts130_Tr50p0_dT15_F1p0_LP20,0.75,130.0,50.0,15.0,1.0,0.2,S2b,431,1640,0.09207541554076155,200.33579803309377,59.836056025525295,0.2947440654165813,0.7099776564119159,22.604317088406276,0.029024351472603627,0.023583980405332484,0.6711957447274537,0.3052202748672138,0.0,910,299,0
L75_Ts130_Tr50p0_dT15_F1p0_LP30,0.75,130.0,50.0,15.0,1.0,0.3,S1,18,40,0.45569620253164556,159.8057885503737,35.50486686861137,0.23614916596667967,1.0,0.5050778619596628,,0.0,0.0,1.0,0.0,18,0,4
L75_Ts130_Tr50p0_dT15_F1p0_LP30,0.75,130.0,50.0,15.0,1.0,0.3,S2a,522,1640,0.12447189707595126,166.39085143376724,36.58112647729769,0.21673244417724807,0.6766461270594504,0.39099787993673374,0.041297817562345074,0.0,0.5742834680766759,0.4257165319233241,0.0,697,383,38
L75_Ts130_Tr50p0_dT15_F1p0_LP30,0.75,130.0,50.0,15.0,1.0,0.3,S2b,528,1640,0.13598235910787695,198.9768698238134,61.50387165268603,0.31488487667398846,0.7124578103757147,20.888380912147724,0.03865218074207277,0.03850758928672412,0.7411237572979432,0.22036865341533268,0.0,746,366,0
L75_Ts130_Tr50p0_dT15_F1p0_LP40,0.75,130.0,50.0,15.0,1.0,0.4,S1,23,40,0.5822784810126582,159.6349200302839,35.95325922275771,0.23616658257535067,1.0,0.5887246401602653,,0.0,0.0,1.0,0.0,12,0,5
L75_Ts130_Tr50p0_dT15_F1p0_LP40,0.75,130.0,50.0,15.0,1.0,0.4,S2a,672,1640,0.20271808886177706,165.2231292083474,36.79433572924336,0.22123809062116584,0.6760397074980328,0.2692837696883714,0.044447318868744645,0.0,0.6660286053826705,0.3339713946173295,0.0,429,490,49
L75_Ts130_Tr50p0_dT15_F1p0_LP40,0.75,130.0,50.0,15.0,1.0,0.4,S2b,683,1640,0.2234614561459367,200.17185419907233,62.61305453342857,0.3068893827007112,0.7112770792241349,20.23327812825812,0.09784682620071194,0.06787571834920425,0.8275398905112992,0.10458439113949648,0.0,491,466,0
L75_Ts130_Tr50p0_dT15_F1p0_LP45,0.75,130.0,50.0,15.0,1.0,0.45,S1,26,40,0.6582278481012658,155.27000745096026,35.2347629157515,0.2366114976143462,1.0,2.723542619082451,,0.0,0.0,1.0,0.0,7,0,7
L75_Ts130_Tr50p0_dT15_F1p0_LP45,0.75,130.0,50.0,15.0,1.0,0.45,S2a,782,1640,0.27242104578118026,165.5832202570829,36.78163692204771,0.21901692942885112,0.6750444882465003,0.15678130394194056,0.09139462792247599,0.0,0.7333180036663174,0.2666819963336826,0.0,230,569,59
L75_Ts130_Tr50p0_dT15_F1p0_LP45,0.75,130.0,50.0,15.0,1.0,0.45,S2b,796,1640,0.300979304172981,199.98027425428552,62.260808144572536,0.28645022645974544,0.7107405645796299,20.880257242758603,0.0029916032445029828,0.10267563397632196,0.8690077472676708,0.028316618756007248,0.0,303,541,0
L75_Ts130_Tr50p0_dT15_F1p2_LP20,0.75,130.0,50.0,15.0,1.2,0.2,S1,17,40,0.43037974683544306,183.8643505244574,40.250190872749045,0.2336968795017504,1.0,0.8849059373459838,,0.0,0.0,1.0,0.0,18,0,5
L75_Ts130_Tr50p0_dT15_F1p2_LP20,0.75,130.0,50.0,15.0,1.2,0.2,S2a,495,1640,0.11213790358226654,192.81303696141745,41.56135001703802,0.2192499487465666,0.6762663969294758,0.032277533968894545,0.031029593761378038,0.0,0.5859812108781731,0.4140187891218269,0.0,711,393,41
L75_Ts130_Tr50p0_dT15_F1p2_LP20,0.75,130.0,50.0,15.0,1.2,0.2,S2b,506,1640,0.12572011243383377,239.58738556172523,73.6292588114568,0.30236604743420475,0.7165805444714313,15.746984214930649,0.043993779458499915,0.02179806042505508,0.7464729895102037,0.23172895006474128,0.0,760,374,0
L75_Ts130_Tr50p0_dT15_F1p2_LP30,0.75,130.0,50.0,15.0,1.2,0.3,S1,20,40,0.5063291139240507,177.561987278193,39.3766112029237,0.23433927866519705,1.0,3.579439032113008,,0.0,0.0,1.0,0.0,13,0,7
L75_Ts130_Tr50p0_dT15_F1p2_LP30,0.75,130.0,50.0,15.0,1.2,0.3,S2a,601,1640,0.163075842679949,193.10923843571186,41.775520650016404,0.2171266624911646,0.6754868550565186,0.32178754871972615,0.14907818559808206,0.0,0.6498039762404627,0.3501960237595372,0.0,502,486,51
L75_Ts130_Tr50p0_dT15_F1p2_LP30,0.75,130.0,50.0,15.0,1.2,0.3,S2b,618,1640,0.18556100686672733,240.67110345378737,72.82925956558341,0.28678652244823905,0.7176305356350083,16.682091713429173,0.01341003644140315,0.03507125496379049,0.8152594181109671,0.14966932692524235,0.0,562,460,0
L75_Ts130_Tr50p0_dT15_F1p2_LP40,0.75,130.0,50.0,15.0,1.2,0.4,S1,26,40,0.6582278481012658,180.45686612119047,40.487709286549716,0.23404420399648093,1.0,2.3428578078089686,,0.0,0.0,1.0,0.0,6,0,8
L75_Ts130_Tr50p0_dT15_F1p2_LP40,0.75,130.0,50.0,15.0,1.2,0.4,S2a,779,1640,0.27012216116921955,192.7603174097386,41.81345169328489,0.21925374774253417,0.6747280104909461,0.05380976472335419,0.08265401109783,0.0,0.7492007369380501,0.25079926306194983,0.0,183,617,61
L75_Ts130_Tr50p0_dT15_F1p2_LP40,0.75,130.0,50.0,15.0,1.2,0.4,S2b,798,1640,0.30413041972490273,239.9895542432507,73.6227375027691,0.30604240020499646,0.7159057427264223,16.551036491062447,0.012569105434725003,0.06960726476239283,0.8959851863941694,0.034407548843437864,0.0,258,584,0
L75_Ts130_Tr50p0_dT15_F1p2_LP45,0.75,130.0,50.0,15.0,1.2,0.45,S1,31,40,0.7848101265822784,185.1296242684526,41.73643339208945,0.23356791029402424,1.0,0.3428652871616862,,0.0,0.0,1.0,0.0,0,0,9
L75_Ts130_Tr50p0_dT15_F1p2_LP45,0.75,130.0,50.0,15.0,1.2,0.45,S2a,907,1640,0.36299051513461783,194.70078648054917,42.45981201000063,0.21487805318264416,0.6756705895892995,0.08701372187226752,0.07996140531360751,0.0,0.8296324214993476,0.17036757850065246,0.0,0,661,72
L75_Ts130_Tr50p0_dT15_F1p2_LP45,0.75,130.0,50.0,15.0,1.2,0.45,S2b,927,1640,0.40758058562207844,239.97366670057065,73.6278237487495,0.2868525521601318,0.7162548572102097,16.741562511077333,0.09048892801648023,0.05642652530112477,0.9435734746988753,0.0,0.0,59,654,0
L75_Ts130_Tr60p0_dT5_F0p8_LP20,0.75,130.0,60.0,5.0,0.8,0.2,S1,12,40,0.3037974683544304,129.7866003702052,28.32779117670458,0.23920901837771252,1.0,2.1775220167439073,,0.0,0.0,1.0,0.0,28,0,0
L75_Ts130_Tr60p0_dT5_F0p8_LP20,0.75,130.0,60.0,5.0,0.8,0.2,S2a,349,1640,0.05761244317613007,137.97288594560297,29.63895032099356,0.21386484519661952,0.673811759912987,0.3680576608849151,0.09950401617278004,0.0,0.43885890859493487,0.5611410914050651,0.0,1107,177,7
L75_Ts130_Tr60p0_dT5_F0p8_LP20,0.75,130.0,60.0,5.0,0.8,0.2,S2b,333,1640,0.0539286068443094,139.8960501506455,41.740899753962765,0.29187321576889214,0.6778019676058791,38.268357957166586,0.04058297402401578,0.02820993567467793,0.5781308096483115,0.3936592546770105,0.0,1136,171,0
L75_Ts130_Tr60p0_dT5_F0p8_LP30,0.75,130.0,60.0,5.0,0.8,0.3,S1,15,40,0.379746835443038,133.17149045864474,29.576737672392483,0.23886399691890292,1.0,0.2010366690359433,,0.0,0.0,1.0,0.0,25,0,0
L75_Ts130_Tr60p0_dT5_F0p8_LP30,0.75,130.0,60.0,5.0,0.8,0.3,S2a,433,1640,0.08693096639321757,133.83482626117555,30.652997281078797,0.23669936749841744,0.6757671610621072,0.08210222410566814,0.015900330087259107,0.0,0.4896732622532407,0.5103267377467593,0.0,986,217,4
L75_Ts130_Tr60p0_dT5_F0p8_LP30,0.75,130.0,60.0,5.0,0.8,0.3,S2b,412,1640,0.08073896411069104,139.28380887666938,43.777511661222206,0.32242112805144435,0.6808402739519873,36.52842832813482,0.044701547425251675,0.042130606651425324,0.6391479541725686,0.3187214391760061,0.0,1019,209,0
L75_Ts130_Tr60p0_dT5_F0p8_LP40,0.75,130.0,60.0,5.0,0.8,0.4,S1,19,40,0.4810126582278481,131.87232524240844,29.769839419267953,0.23899642068051077,1.0,0.9598756527463195,,0.0,0.0,1.0,0.0,20,0,1
L75_Ts130_Tr60p0_dT5_F0p8_LP40,0.75,130.0,60.0,5.0,0.8,0.4,S2a,555,1640,0.140684901912002,137.04973932562663,30.610915925753602,0.21865438055665268,0.6769598816703893,0.3623479461969197,0.22340992519719904,0.0,0.5713237873839071,0.42867621261609284,0.0,799,277,9
L75_Ts130_Tr60p0_dT5_F0p8_LP40,0.75,130.0,60.0,5.0,0.8,0.4,S2b,531,1640,0.13189823908138307,140.12559801097103,44.25846360978716,0.3223148521389305,0.6827590844200253,36.032401036984595,0.06358080206108596,0.07424835636814231,0.7221283950551348,0.20362324857672287,0.0,842,267,0
L75_Ts130_Tr60p0_dT5_F0p8_LP45,0.75,130.0,60.0,5.0,0.8,0.45,S1,22,40,0.5569620253164557,131.3823139969664,29.9025588290462,0.23904636747060393,1.0,1.2460127433517698,,0.0,0.0,1.0,0.0,17,0,1
L75_Ts130_Tr60p0_dT5_F0p8_LP45,0.75,130.0,60.0,5.0,0.8,0.45,S2a,650,1640,0.19061871074108377,136.33048672371336,30.62593744695738,0.22332010818010942,0.6750757289579544,0.24288610100808228,0.027290678391835854,0.0,0.6280016468505113,0.3719983531494886,0.0,659,324,7
L75_Ts130_Tr60p0_dT5_F0p8_LP45,0.75,130.0,60.0,5.0,0.8,0.45,S2b,621,1640,0.1784096977078438,140.4147478873008,44.43450253985873,0.2828210478105508,0.6813231239110894,36.42568462437437,0.04199944565618452,0.104566650687574,0.7676034167740264,0.12782993253839967,0.0,709,310,0
L75_Ts130_Tr60p0_dT5_F1p0_LP20,0.75,130.0,60.0,5.0,1.0,0.2,S1,14,40,0.35443037974683544,151.41770043190607,33.16829123167031,0.2370041628273276,1.0,4.60453592528782,,0.0,0.0,1.0,0.0,24,0,2
L75_Ts130_Tr60p0_dT5_F1p0_LP20,0.75,130.0,60.0,5.0,1.0,0.2,S2a,424,1640,0.08369076071131272,162.183280115271,35.883277224935,0.2299278455249806,0.675135728965834,0.368808049395696,0.0374550607402675,0.0,0.5176877164818158,0.48231228351818417,0.0,967,235,14
L75_Ts130_Tr60p0_dT5_F1p0_LP20,0.75,130.0,60.0,5.0,1.0,0.2,S2b,410,1640,0.08063012663469181,174.87006268830686,52.711813888786764,0.28871658524034366,0.6854189745791588,35.50664802682397,0.029024351472603627,0.03481853703585483,0.6629245137067153,0.3022569492574299,0.0,1004,226,0
L75_Ts130_Tr60p0_dT5_F1p0_LP30,0.75,130.0,60.0,5.0,1.0,0.3,S1,18,40,0.45569620253164556,159.8057885503737,35.50486686861137,0.23614916596667967,1.0,0.5050778619596628,,0.0,0.0,1.0,0.0,21,0,1
L75_Ts130_Tr60p0_dT5_F1p0_LP30,0.75,130.0,60.0,5.0,1.0,0.3,S2a,522,1640,0.12447189707595126,166.39085143376724,36.58112647729769,0.21673244417724807,0.6766461270594504,0.39099787993673374,0.041297817562345074,0.0,0.5742834680766759,0.4257165319233241,0.0,817,290,11
L75_Ts130_Tr60p0_dT5_F1p0_LP30,0.75,130.0,60.0,5.0,1.0,0.3,S2b,503,1640,0.11953023958158492,175.17304927525845,52.75553429973962,0.30145739457496196,0.6873837686357976,34.347079125869826,0.04325484916848765,0.05262954745780391,0.7274056424888489,0.21996481005334725,0.0,860,277,0
L75_Ts130_Tr60p0_dT5_F1p0_LP40,0.75,130.0,60.0,5.0,1.0,0.4,S1,23,40,0.5822784810126582,159.6349200302839,35.95325922275771,0.23616658257535067,1.0,0.5887246401602653,,0.0,0.0,1.0,0.0,15,0,2
L75_Ts130_Tr60p0_dT5_F1p0_LP40,0.75,130.0,60.0,5.0,1.0,0.4,S2a,672,1640,0.20271808886177706,165.2231292083474,36.79433572924336,0.22123809062116584,0.6760397074980328,0.2692837696883714,0.044447318868744645,0.0,0.6660286053826705,0.3339713946173295,0.0,582,368,18
L75_Ts130_Tr60p0_dT5_F1p0_LP40,0.75,130.0,60.0,5.0,1.0,0.4,S2b,650,1640,0.19580869453407101,175.14389184327726,53.62173973663391,0.3014604338044918,0.686621525884468,34.36117855163758,0.10352539152075124,0.09578700643001355,0.7995184816923976,0.10469451187758894,0.0,638,352,0
L75_Ts130_Tr60p0_dT5_F1p0_LP45,0.75,130.0,60.0,5.0,1.0,0.45,S1,26,40,0.6582278481012658,155.27000745096026,35.2347629157515,0.2366114976143462,1.0,2.723542619082451,,0.0,0.0,1.0,0.0,11,0,3
L75_Ts130_Tr60p0_dT5_F1p0_LP45,0.75,130.0,60.0,5.0,1.0,0.45,S2a,782,1640,0.27242104578118026,165.5832202570829,36.78163692204771,0.21901692942885112,0.6750444882465003,0.15678130394194056,0.09139462792247599,0.0,0.7333180036663174,0.2666819963336826,0.0,410,427,21
L75_Ts130_Tr60p0_dT5_F1p0_LP45,0.75,130.0,60.0,5.0,1.0,0.45,S2b,760,1640,0.2656362937931503,175.11591894365966,54.63819763266474,0.29299294894686684,0.6871925316719196,33.185441422307775,0.0029916032445029828,0.13845813070705884,0.827982141230171,0.033559728062770196,0.0,473,407,0
L75_Ts130_Tr60p0_dT5_F1p2_LP20,0.75,130.0,60.0,5.0,1.2,0.2,S1,17,40,0.43037974683544306,183.8643505244574,40.250190872749045,0.2336968795017504,1.0,0.8849059373459838,,0.0,0.0,1.0,0.0,21,0,2
L75_Ts130_Tr60p0_dT5_F1p2_LP20,0.75,130.0,60.0,5.0,1.2,0.2,S2a,495,1640,0.11213790358226654,192.81303696141745,41.56135001703802,0.2192499487465666,0.6762663969294758,0.032277533968894545,0.031029593761378038,0.0,0.5859812108781731,0.4140187891218269,0.0,831,297,17
L75_Ts130_Tr60p0_dT5_F1p2_LP20,0.75,130.0,60.0,5.0,1.2,0.2,S2b,483,1640,0.11089067650290826,209.84407522596823,63.34126690795142,0.28555995471179507,0.6924073095338356,31.095225121765893,0.043993779458499915,0.03703538223568903,0.7341122755222576,0.22885234224205336,0.0,872,285,0
L75_Ts130_Tr60p0_dT5_F1p2_LP30,0.75,130.0,60.0,5.0,1.2,0.3,S1,20,40,0.5063291139240507,177.561987278193,39.3766112029237,0.23433927866519705,1.0,3.579439032113008,,0.0,0.0,1.0,0.0,17,0,3
L75_Ts130_Tr60p0_dT5_F1p2_LP30,0.75,130.0,60.0,5.0,1.2,0.3,S2a,601,1640,0.163075842679949,193.10923843571186,41.775520650016404,0.2171266624911646,0.6754868550565186,0.32178754871972615,0.14907818559808206,0.0,0.6498039762404627,0.3501960237595372,0.0,649,369,21
L75_Ts130_Tr60p0_dT5_F1p2_LP30,0.75,130.0,60.0,5.0,1.2,0.3,S2b,592,1640,0.16490369822963283,210.65424914757173,64.36894292909682,0.28548683128245966,0.6947883170637827,29.786393740057207,0.01341003644140315,0.0564532135608128,0.7962940748712781,0.14725271156790917,0.0,699,349,0
L75_Ts130_Tr60p0_dT5_F1p2_LP40,0.75,130.0,60.0,5.0,1.2,0.4,S1,26,40,0.6582278481012658,180.45686612119047,40.487709286549716,0.23404420399648093,1.0,2.3428578078089686,,0.0,0.0,1.0,0.0,10,0,4
L75_Ts130_Tr60p0_dT5_F1p2_LP40,0.75,130.0,60.0,5.0,1.2,0.4,S2a,779,1640,0.27012216116921955,192.7603174097386,41.81345169328489,0.21925374774253417,0.6747280104909461,0.05380976472335419,0.08265401109783,0.0,0.7492007369380501,0.25079926306194983,0.0,368,464,29
L75_Ts130_Tr60p0_dT5_F1p2_LP40,0.75,130.0,60.0,5.0,1.2,0.4,S2b,765,1640,0.27081014834943956,210.18839701645655,64.9815373005361,0.31346942090897467,0.6934216400885724,29.236021773996143,0.012569105434725003,0.10471731562465161,0.8568121445952364,0.03847053978011199,0.0,433,442,0
L75_Ts130_Tr60p0_dT5_F1p2_LP45,0.75,130.0,60.0,5.0,1.2,0.45,S1,31,40,0.7848101265822784,185.1296242684526,41.73643339208945,0.23356791029402424,1.0,0.3428652871616862,,0.0,0.0,1.0,0.0,5,0,4
L75_Ts130_Tr60p0_dT5_F1p2_LP45,0.75,130.0,60.0,5.0,1.2,0.45,S2a,907,1640,0.36299051513461783,194.70078648054917,42.45981201000063,0.21487805318264416,0.6756705895892995,0.08701372187226752,0.07996140531360751,0.0,0.8296324214993476,0.17036757850065246,0.0,157,543,33
L75_Ts130_Tr60p0_dT5_F1p2_LP45,0.75,130.0,60.0,5.0,1.2,0.45,S2b,888,1640,0.3620167536718332,209.80831019153726,64.41649215898025,0.29784718268029586,0.6928670641086891,30.283723549813075,0.09048892801648023,0.1278502366092718,0.8721497633907282,0.0,0.0,235,517,0
L75_Ts130_Tr60p0_dT10_F0p8_LP20,0.75,130.0,60.0,10.0,0.8,0.2,S1,11,40,0.27848101265822783,118.97105033935478,25.871771060947708,0.24031144615290478,1.0,3.4796496881644146,,0.0,0.0,1.0,0.0,28,0,1
L75_Ts130_Tr60p0_dT10_F0p8_LP20,0.75,130.0,60.0,10.0,0.8,0.2,S2a,299,1640,0.04424930959551754,128.24436162135072,27.182930205236687,0.2215810638238821,0.6960501901339511,0.07158125467684329,0.04041600007607116,0.0,0.4431002840266361,0.5568997159733639,0.0,1107,221,13
L75_Ts130_Tr60p0_dT10_F0p8_LP20,0.75,130.0,60.0,10.0,0.8,0.2,S2b,290,1640,0.043614834214253224,139.8960501506455,41.740899753962765,0.29187321576889214,0.7131198902709945,33.268357957166586,0.04645200989207865,0.02128438221286252,0.5869987124406469,0.3917169053464905,0.0,1136,214,0
L75_Ts130_Tr60p0_dT10_F0p8_LP30,0.75,130.0,60.0,10.0,0.8,0.3,S1,14,40,0.35443037974683544,124.2933910947351,27.56855788838618,0.23976894056964454,1.0,0.3808512393004051,,0.0,0.0,1.0,0.0,25,0,1
L75_Ts130_Tr60p0_dT10_F0p8_LP30,0.75,130.0,60.0,10.0,0.8,0.3,S2a,370,1640,0.0669251717321195,124.91250451043054,28.644817497072495,0.23756486736017166,0.7029212541394283,0.2663455559132686,0.0509617239034732,0.0,0.4955092754459628,0.5044907245540372,0.0,986,273,11
L75_Ts130_Tr60p0_dT10_F0p8_LP30,0.75,130.0,60.0,10.0,0.8,0.3,S2b,361,1640,0.06684726093642405,139.28380887666938,43.777511661222206,0.32242112805144435,0.7194879047058231,31.528428328134822,0.15740510580894806,0.031416689141599154,0.6529674702747831,0.3156158405836178,0.0,1019,260,0
L75_Ts130_Tr60p0_dT10_F0p8_LP40,0.75,130.0,60.0,10.0,0.8,0.4,S1,18,40,0.45569620253164556,124.93167654543956,28.199433328199007,0.2397038802068009,1.0,0.008904857841514513,,0.0,0.0,1.0,0.0,20,0,2
L75_Ts130_Tr60p0_dT10_F0p8_LP40,0.75,130.0,60.0,10.0,0.8,0.4,S2a,476,1640,0.10788322622891722,125.37233121162147,29.040509834684656,0.23535402269625372,0.701473622682811,0.008904857841514513,0.05793313624728569,0.0,0.5781676121512057,0.4218323878487942,0.0,799,345,20
L75_Ts130_Tr60p0_dT10_F0p8_LP40,0.75,130.0,60.0,10.0,0.8,0.4,S2b,468,1640,0.10956724943786907,140.12559801097103,44.25846360978716,0.3223148521389305,0.719227555013371,31.032401036984595,0.03368304614330597,0.051363997291874214,0.7440898027574161,0.2045461999507097,0.0,842,330,0
L75_Ts130_Tr60p0_dT10_F0p8_LP45,0.75,130.0,60.0,10.0,0.8,0.45,S1,20,40,0.5063291139240507,119.43846726996942,27.192834217148572,0.24026380239873296,1.0,3.2076977524811667,,0.0,0.0,1.0,0.0,17,0,3
L75_Ts130_Tr60p0_dT10_F0p8_LP45,0.75,130.0,60.0,10.0,0.8,0.45,S2a,554,1640,0.14440330895330436,125.64215433954256,28.511251168582533,0.23313655187193358,0.6996750280253273,0.3346399963258051,0.04802641586841716,0.0,0.6343148866702137,0.36568511332978637,0.0,659,405,22
L75_Ts130_Tr60p0_dT10_F0p8_LP45,0.75,130.0,60.0,10.0,0.8,0.45,S2b,542,1640,0.14526157992202524,139.97661526605853,44.43450253985873,0.3180824118217662,0.7191584300665088,31.42568462437437,0.21582781956336206,0.074354149730473,0.7961182359058094,0.12952761436371762,0.0,709,389,0
L75_Ts130_Tr60p0_dT10_F1p0_LP20,0.75,130.0,60.0,10.0,1.0,0.2,S1,13,40,0.3291139240506329,140.60215040105564,30.759964566945428,0.23810659060251999,1.0,4.870379595816367,,0.0,0.0,1.0,0.0,24,0,3
L75_Ts130_Tr60p0_dT10_F1p0_LP20,0.75,130.0,60.0,10.0,1.0,0.2,S2a,362,1640,0.06409722608335194,151.72652824872495,33.93321007364267,0.23292159541048055,0.7014790824060265,0.08364475250136394,0.12408374097802266,0.0,0.5232920592423733,0.4767079407576267,0.0,967,292,19
L75_Ts130_Tr60p0_dT10_F1p0_LP20,0.75,130.0,60.0,10.0,1.0,0.2,S2b,357,1640,0.06522672190036126,169.5810415225835,52.711813888786764,0.31859610119508924,0.7196112537330867,30.506648026823967,0.02268900321634071,0.02457128905121275,0.6753324782741685,0.30009623267461866,0.0,1004,279,0
L75_Ts130_Tr60p0_dT10_F1p0_LP30,0.75,130.0,60.0,10.0,1.0,0.3,S1,16,40,0.4050632911392405,142.0495898225544,31.56884909709885,0.23795905326816205,1.0,4.166921364546198,,0.0,0.0,1.0,0.0,21,0,3
L75_Ts130_Tr60p0_dT10_F1p0_LP30,0.75,130.0,60.0,10.0,1.0,0.3,S2a,445,1640,0.09471862406219961,151.32327871522966,34.09521438697493,0.23295881434630636,0.6999187767060011,0.27819559416889916,0.03793207788649866,0.0,0.5802829392130687,0.4197170607869313,0.0,817,359,19
L75_Ts130_Tr60p0_dT10_F1p0_LP30,0.75,130.0,60.0,10.0,1.0,0.3,S2b,438,1640,0.09692418581828359,175.17304927525845,52.75553429973962,0.30145739457496196,0.7221953222689427,29.347079125869826,0.21774897048848274,0.035409472335166794,0.7460846910354697,0.21850583662936351,0.0,860,342,0
L75_Ts130_Tr60p0_dT10_F1p0_LP40,0.75,130.0,60.0,10.0,1.0,0.4,S1,21,40,0.5316455696202531,145.75362263634617,32.88119023317006,0.23758150162793085,1.0,2.3649880289246,,0.0,0.0,1.0,0.0,15,0,4
L75_Ts130_Tr60p0_dT10_F1p0_LP40,0.75,130.0,60.0,10.0,1.0,0.4,S2a,575,1640,0.1545664453292124,152.51653577582445,33.97004161997819,0.2286712010377607,0.6985273892941803,0.3269641710544775,0.025739285715708604,0.0,0.6714129799713908,0.3285870200286093,0.0,582,454,29
L75_Ts130_Tr60p0_dT10_F1p0_LP40,0.75,130.0,60.0,10.0,1.0,0.4,S2b,566,1640,0.15870523195298789,175.14389184327726,53.62173973663391,0.3014604338044918,0.722805814994723,29.36117855163758,0.038206255345297535,0.06088958806541231,0.8299981493437111,0.10911226259087653,0.0,638,436,0
L75_Ts130_Tr60p0_dT10_F1p0_LP45,0.75,130.0,60.0,10.0,1.0,0.45,S1,25,40,0.6329113924050633,149.29808408746177,33.91261753621143,0.23722021507841068,1.0,0.6382708436121263,,0.0,0.0,1.0,0.0,11,0,4
L75_Ts130_Tr60p0_dT10_F1p0_LP45,0.75,130.0,60.0,10.0,1.0,0.45,S2a,673,1640,0.20972299895752677,154.47126138306405,34.63599615412261,0.22421181144571908,0.6995349448055146,0.01908238198162593,0.03297277180040581,0.0,0.7369324473457396,0.2630675526542605,0.0,410,526,31
L75_Ts130_Tr60p0_dT10_F1p0_LP45,0.75,130.0,60.0,10.0,1.0,0.45,S2b,663,1640,0.21563650720310096,175.11591894365966,54.63819763266474,0.29299294894686684,0.7231960037978454,28.185441422307775,0.014339483195790592,0.08998205689829034,0.869072953728356,0.040944989373353786,0.0,473,504,0
L75_Ts130_Tr60p0_dT10_F1p2_LP20,0.75,130.0,60.0,10.0,1.2,0.2,S1,16,40,0.4050632911392405,173.04880049360693,37.91340438457212,0.23479930727694281,1.0,0.5036253032656788,,0.0,0.0,1.0,0.0,21,0,3
L75_Ts130_Tr60p0_dT10_F1p2_LP20,0.75,130.0,60.0,10.0,1.2,0.2,S2a,417,1640,0.08337148863235358,173.8099068362726,39.2245635288611,0.23282162943002113,0.7021144934016036,0.5036253032656788,0.22348329011590629,0.0,0.5923619039113709,0.40763809608862905,0.0,831,370,22
L75_Ts130_Tr60p0_dT10_F1p2_LP20,0.75,130.0,60.0,10.0,1.2,0.2,S2b,417,1640,0.08888599298419542,205.91983613456568,63.34126690795142,0.314008326894285,0.7288836969499899,26.095225121765893,0.03248145009883352,0.02310680364530445,0.7502662568215144,0.22662693953318108,0.0,872,351,0
L75_Ts130_Tr60p0_dT10_F1p2_LP30,0.75,130.0,60.0,10.0,1.2,0.3,S1,19,40,0.4810126582278481,168.68388791428336,37.44877321541759,0.23524422231593853,1.0,2.3604230690388235,,0.0,0.0,1.0,0.0,17,0,4
L75_Ts130_Tr60p0_dT10_F1p2_LP30,0.75,130.0,60.0,10.0,1.2,0.3,S2a,515,1640,0.12502956131212453,177.19516688295505,38.9972230401475,0.22660945528041193,0.6997712216456139,0.2760533422342135,0.17365721673407286,0.0,0.6550555005781769,0.34494449942182304,0.0,649,450,26
L75_Ts130_Tr60p0_dT10_F1p2_LP30,0.75,130.0,60.0,10.0,1.2,0.3,S2b,513,1640,0.13194016118584406,208.92571331500406,64.36894292909682,0.31362883477774567,0.7284949246337877,24.786393740057207,0.09766313850838237,0.034352991917448776,0.8185454376698877,0.1471015704126635,0.0,699,428,0
L75_Ts130_Tr60p0_dT10_F1p2_LP40,0.75,130.0,60.0,10.0,1.2,0.4,S1,25,40,0.6329113924050633,173.51621742422162,38.98604638803096,0.23475166352277066,1.0,0.30454852625705797,,0.0,0.0,1.0,0.0,10,0,5
L75_Ts130_Tr60p0_dT10_F1p2_LP40,0.75,130.0,60.0,10.0,1.2,0.4,S2a,665,1640,0.20464647585870888,179.4081405939343,39.827122894516606,0.22232487293130068,0.7003478717647337,0.11930261566792666,0.013344411587276284,0.0,0.7535138778348482,0.2464861221651518,0.0,368,573,34
L75_Ts130_Tr60p0_dT10_F1p2_LP40,0.75,130.0,60.0,10.0,1.2,0.4,S2b,662,1640,0.21569095779443825,210.18839701645655,64.9815373005361,0.31346942090897467,0.7279718897015817,24.236021773996143,0.013472525461697415,0.06347312971167071,0.8930828186292056,0.04344405165912366,0.0,433,545,0
L75_Ts130_Tr60p0_dT10_F1p2_LP45,0.75,130.0,60.0,10.0,1.2,0.45,S1,29,40,0.7341772151898734,173.18577754145568,39.15757648582678,0.23478534522215308,1.0,0.4452905104686238,,0.0,0.0,1.0,0.0,5,0,6
L75_Ts130_Tr60p0_dT10_F1p2_LP45,0.75,130.0,60.0,10.0,1.2,0.45,S2a,776,1640,0.27642980484615337,178.651697053641,39.88095510373796,0.2244545618250528,0.7006279061040166,0.05211439302920695,0.00374922879356987,0.0,0.8241438817048267,0.17585611829517325,0.0,157,666,41
L75_Ts130_Tr60p0_dT10_F1p2_LP45,0.75,130.0,60.0,10.0,1.2,0.45,S2b,771,1640,0.2900336559834202,209.80831019153726,64.41649215898025,0.29784718268029586,0.7273135906286126,25.283723549813075,0.08311440285026706,0.08414253863980804,0.9158574613601921,0.0,0.0,235,634,0
L75_Ts130_Tr60p0_dT15_F0p8_LP20,0.75,130.0,60.0,15.0,0.8,0.2,S1,10,40,0.25316455696202533,108.15550030850433,23.39190421967487,0.24141387392809718,1.0,4.7623774905978,,0.0,0.0,1.0,0.0,28,0,2
L75_Ts130_Tr60p0_dT15_F0p8_LP20,0.75,130.0,60.0,15.0,0.8,0.2,S2a,243,1640,0.0315219043961336,118.10431660813727,25.398211461841242,0.226963646916679,0.7266781681025144,0.3438421882189715,0.057949419912576516,0.0,0.4474971839255611,0.5525028160744389,0.0,1107,275,15
L75_Ts130_Tr60p0_dT15_F0p8_LP20,0.75,130.0,60.0,15.0,0.8,0.2,S2b,242,1640,0.03354070998706266,133.24224691060132,41.740899753962765,0.3231838754958931,0.7537644990513918,30.085200056677806,0.009239944002214173,0.014121916447620068,0.5969806223629647,0.38889746118941526,0.0,1136,262,0
L75_Ts130_Tr60p0_dT15_F0p8_LP30,0.75,130.0,60.0,15.0,0.8,0.3,S1,13,40,0.3291139240506329,115.41529173082544,25.544309745079772,0.24067388422038566,1.0,0.5472763050437024,,0.0,0.0,1.0,0.0,25,0,2
L75_Ts130_Tr60p0_dT15_F0p8_LP30,0.75,130.0,60.0,15.0,0.8,0.3,S2a,301,1640,0.04753407600214883,115.99018275968548,26.620569353766086,0.23843036722192554,0.7343430857868465,0.43782677846260754,0.10467425466585922,0.0,0.5015938525177608,0.49840614748223927,0.0,986,339,14
L75_Ts130_Tr60p0_dT15_F0p8_LP30,0.75,130.0,60.0,15.0,0.8,0.3,S2b,301,1640,0.05170560150756713,139.28380887666938,43.777511661222206,0.32242112805144435,0.7626360917232015,26.528428328134822,0.012795882130287595,0.019784186406017895,0.6660886134666264,0.31412720012735584,0.0,1019,320,0
L75_Ts130_Tr60p0_dT15_F0p8_LP40,0.75,130.0,60.0,15.0,0.8,0.4,S1,16,40,0.4050632911392405,111.05037915150183,25.029159777825328,0.2411187992593814,1.0,3.082597797812795,,0.0,0.0,1.0,0.0,20,0,4
L75_Ts130_Tr60p0_dT15_F0p8_LP40,0.75,130.0,60.0,15.0,0.8,0.4,S2a,392,1640,0.07833250807749442,117.85368673586436,26.384934655009943,0.2315670659516426,0.7306879533247492,0.038776138565772555,0.06270126750219163,0.0,0.5846102542528608,0.41538974574713905,0.0,799,425,24
L75_Ts130_Tr60p0_dT15_F0p8_LP40,0.75,130.0,60.0,15.0,0.8,0.4,S2b,391,1640,0.08409607836035558,140.12559801097103,44.25846360978716,0.3223148521389305,0.7599355642539386,26.032401036984595,0.014350454805022395,0.03318534714296571,0.7638047423101864,0.2030099105468478,0.0,842,407,0
L75_Ts130_Tr60p0_dT15_F0p8_LP45,0.75,130.0,60.0,15.0,0.8,0.45,S1,19,40,0.4810126582278481,113.46654390647096,25.827066269063494,0.2408725198627973,1.0,1.6795701047846663,,0.0,0.0,1.0,0.0,17,0,4
L75_Ts130_Tr60p0_dT15_F0p8_LP45,0.75,130.0,60.0,15.0,0.8,0.45,S2a,454,1640,0.10338194999494012,118.54824932496814,26.550444886974674,0.2246015046643938,0.7312733007280491,0.31529088489843815,0.2023694612495568,0.0,0.6414819646566096,0.35851803534339044,0.0,659,500,27
L75_Ts130_Tr60p0_dT15_F0p8_LP45,0.75,130.0,60.0,15.0,0.8,0.45,S2b,454,1640,0.1118134720347689,139.97661526605853,44.43450253985873,0.3180824118217662,0.7597573088746591,26.42568462437437,0.12150521640343115,0.047613860464985,0.8221302773400156,0.13025586219499924,0.0,709,477,0
L75_Ts130_Tr60p0_dT15_F1p0_LP20,0.75,130.0,60.0,15.0,1.0,0.2,S1,12,40,0.3037974683544304,129.7866003702052,28.32779117670458,0.23920901837771252,1.0,5.114782819196584,,0.0,0.0,1.0,0.0,24,0,4
L75_Ts130_Tr60p0_dT15_F1p0_LP20,0.75,130.0,60.0,15.0,1.0,0.2,S2a,295,1640,0.045432674408712806,140.88891908810172,31.549825867138395,0.23392187996469166,0.7297417652454123,0.3029004616106832,0.009537853893476722,0.0,0.5289724008497723,0.4710275991502277,0.0,967,359,19
L75_Ts130_Tr60p0_dT15_F1p0_LP20,0.75,130.0,60.0,15.0,1.0,0.2,S2b,293,1640,0.048812137799430604,169.5810415225835,52.711813888786764,0.31859610119508924,0.7627012338705988,25.506648026823967,0.06980727570097223,0.01420389601282812,0.6885742059980681,0.2972218979891038,0.0,1004,343,0
L75_Ts130_Tr60p0_dT15_F1p0_LP30,0.75,130.0,60.0,15.0,1.0,0.3,S1,15,40,0.379746835443038,133.17149045864474,29.576737672392483,0.23886399691890292,1.0,3.4757067705755063,,0.0,0.0,1.0,0.0,21,0,4
L75_Ts130_Tr60p0_dT15_F1p0_LP30,0.75,130.0,60.0,15.0,1.0,0.3,S2a,361,1640,0.0666422094215796,142.08824154868168,31.76388954359112,0.23169240741031039,0.7316139387963564,0.012353728732904301,0.03245640837100794,0.0,0.587794899785084,0.412205100214916,0.0,817,442,20
L75_Ts130_Tr60p0_dT15_F1p0_LP30,0.75,130.0,60.0,15.0,1.0,0.3,S2b,360,1640,0.07166129690444639,169.1303393502414,52.75553429973962,0.3186530023627162,0.7611015228378517,25.729531453886523,0.11016420779848168,0.02217466505935219,0.7619175322648061,0.2159078026758417,0.0,860,420,0
L75_Ts130_Tr60p0_dT15_F1p0_LP40,0.75,130.0,60.0,15.0,1.0,0.4,S1,20,40,0.5063291139240507,138.8129739393773,31.330425054258342,0.23828896115422107,1.0,0.739392421330983,,0.0,0.0,1.0,0.0,15,0,5
L75_Ts130_Tr60p0_dT15_F1p0_LP40,0.75,130.0,60.0,15.0,1.0,0.4,S2a,470,1640,0.10952073245227326,139.6304864844607,32.17150156074399,0.23613716594795178,0.7295610870011491,0.6260079091394175,0.013748300888790865,0.0,0.6795822353397692,0.32041776466023075,0.0,582,559,29
L75_Ts130_Tr60p0_dT15_F1p0_LP40,0.75,130.0,60.0,15.0,1.0,0.4,S2b,468,1640,0.11785993190768615,171.26461979118682,53.62173973663391,0.31838354937006125,0.7600238319580717,24.673756955249857,0.07874559597288133,0.03701940162857194,0.8531477611701859,0.10983283720124211,0.0,638,534,0
L75_Ts130_Tr60p0_dT15_F1p0_LP45,0.75,130.0,60.0,15.0,1.0,0.45,S1,23,40,0.5822784810126582,137.35423736046485,31.246515492858805,0.23843765000653974,1.0,1.447478170779398,,0.0,0.0,1.0,0.0,11,0,6
L75_Ts130_Tr60p0_dT15_F1p0_LP45,0.75,130.0,60.0,15.0,1.0,0.45,S2a,546,1640,0.14700632363146765,142.92135764291282,31.969894110769985,0.22729499354075158,0.7315180960854129,0.18433741832887307,0.12263130369350961,0.0,0.7415894215517989,0.2584105784482012,0.0,410,650,34
L75_Ts130_Tr60p0_dT15_F1p0_LP45,0.75,130.0,60.0,15.0,1.0,0.45,S2b,549,1640,0.16115302335430617,174.27049697162522,54.63819763266474,0.3180040572535221,0.7625598129362731,23.185441422307775,0.04253494874791919,0.0517182697745931,0.9013327596425149,0.046948970582892,0.0,473,618,0
L75_Ts130_Tr60p0_dT15_F1p2_LP20,0.75,130.0,60.0,15.0,1.2,0.2,S1,15,40,0.379746835443038,162.2332504627565,35.552771170879225,0.23590173505213533,1.0,0.09715468342810141,,0.0,0.0,1.0,0.0,21,0,4
L75_Ts130_Tr60p0_dT15_F1p2_LP20,0.75,130.0,60.0,15.0,1.2,0.2,S2a,342,1640,0.060104215294197676,162.94678765900554,36.863930315168204,0.2338753941796903,0.7343858262923895,0.09715468342810141,0.07681091971486609,0.0,0.5987289324663851,0.4012710675336148,0.0,831,448,19
L75_Ts130_Tr60p0_dT15_F1p2_LP20,0.75,130.0,60.0,15.0,1.2,0.2,S2b,341,1640,0.0646624123428232,205.91983613456568,63.34126690795142,0.314008326894285,0.7643151548816434,21.095225121765893,0.0030285192946450934,0.01177786633941821,0.7652588401139493,0.22296329354663239,0.0,872,427,0
L75_Ts130_Tr60p0_dT15_F1p2_LP30,0.75,130.0,60.0,15.0,1.2,0.3,S1,18,40,0.45569620253164556,159.8057885503737,35.50486686861137,0.23614916596667967,1.0,1.1248139431912918,,0.0,0.0,1.0,0.0,17,0,5
L75_Ts130_Tr60p0_dT15_F1p2_LP30,0.75,130.0,60.0,15.0,1.2,0.3,S2a,419,1640,0.0879546631850448,160.60179151341066,36.58112647729769,0.23410286791315604,0.7310329025213036,1.1248139431912918,0.03652339801677584,0.0,0.6630151904336127,0.33698480956638743,0.0,649,548,24
L75_Ts130_Tr60p0_dT15_F1p2_LP30,0.75,130.0,60.0,15.0,1.2,0.3,S2b,422,1640,0.09719256643229114,208.92571331500406,64.36894292909682,0.31362883477774567,0.7653845216303263,19.786393740057207,0.02159187499121451,0.01848565204691632,0.8372715608924838,0.14424278706059987,0.0,699,519,0
L75_Ts130_Tr60p0_dT15_F1p2_LP40,0.75,130.0,60.0,15.0,1.2,0.4,S1,23,40,0.5822784810126582,159.6349200302839,35.95325922275771,0.23616658257535067,1.0,1.1971058223960398,,0.0,0.0,1.0,0.0,10,0,7
L75_Ts130_Tr60p0_dT15_F1p2_LP40,0.75,130.0,60.0,15.0,1.2,0.4,S2a,542,1640,0.1433295740352375,165.9936922654464,36.79433572924336,0.22546082705652878,0.7277378054039331,0.256138331563605,0.008131811708897985,0.0,0.7584993071205742,0.24150069287942574,0.0,368,698,32
L75_Ts130_Tr60p0_dT15_F1p2_LP40,0.75,130.0,60.0,15.0,1.2,0.4,S2b,545,1640,0.15840125542444786,210.18839701645655,64.9815373005361,0.31346942090897467,0.7642080748078453,19.236021773996143,0.0038049857223221295,0.03142165258919714,0.9203944411606265,0.04818390625017628,0.0,433,662,0
L75_Ts130_Tr60p0_dT15_F1p2_LP45,0.75,130.0,60.0,15.0,1.2,0.45,S1,27,40,0.6835443037974683,161.24193081445873,36.54963786720077,0.23600278015028192,1.0,0.5169712592292939,,0.0,0.0,1.0,0.0,5,0,8
L75_Ts130_Tr60p0_dT15_F1p2_LP45,0.75,130.0,60.0,15.0,1.2,0.45,S2a,632,1640,0.19274274563671093,162.30039149597496,37.27301648511195,0.23393809711793562,0.7285872401905432,0.4146592688700963,0.0014377597590264912,0.0,0.8243773096028875,0.17562269039711265,0.0,157,814,37
L75_Ts130_Tr60p0_dT15_F1p2_LP45,0.75,130.0,60.0,15.0,1.2,0.45,S2b,636,1640,0.21296109973804017,207.78405408155314,64.41649215898025,0.313772969302499,0.7630445049388326,20.283723549813075,0.011565387080747058,0.048073070815336544,0.9495486825767532,0.002378246607910325,0.0,235,769,0
L100_Ts120_Tr50p0_dT5_F0p8_LP20,1.0,120.0,50.0,5.0,0.8,0.2,S1,8,40,0.20253164556962025,124.91896322369621,26.856564598522255,0.2468185628075137,1.0,27.833164651894386,,0.09523809523809523,0.0,0.9047619047619048,0.0,32,0,0
L100_Ts120_Tr50p0_dT5_F0p8_LP20,1.0,120.0,50.0,5.0,0.8,0.2,S2a,324,1640,0.045913193205018375,140.08608118333913,31.109328812456056,0.2366000670939965,0.5764156149846806,20.141755737030223,0.13635362991193745,0.01680126308847066,0.33748881906413547,0.6457099178473938,0.0,1275,41,0
L100_Ts120_Tr50p0_dT5_F0p8_LP20,1.0,120.0,50.0,5.0,0.8,0.2,S2b,300,1640,0.039482247503479735,139.95239293013194,45.11812070377141,0.32338473738414786,0.5782550515868295,61.857478123315445,0.03566922591792121,0.046844629365742144,0.4421480561917698,0.5110073144424881,0.0,1296,44,0
L100_Ts120_Tr50p0_dT5_F0p8_LP30,1.0,120.0,50.0,5.0,0.8,0.3,S1,10,40,0.25316455696202533,136.63011602591772,30.128054665194327,0.24598340766375812,1.0,21.24199495958719,,0.06779661016949153,0.0,0.9322033898305084,0.0,30,0,0
L100_Ts120_Tr50p0_dT5_F0p8_LP30,1.0,120.0,50.0,5.0,0.8,0.3,S2a,369,1640,0.05845652279466284,137.2622231416385,31.8270256180366,0.24367913763816612,0.5795410113571005,21.094047605336513,0.4275657559443147,0.02407191606150929,0.35960456217599346,0.6163235217624973,0.0,1219,52,0
L100_Ts120_Tr50p0_dT5_F0p8_LP30,1.0,120.0,50.0,5.0,0.8,0.3,S2b,349,1640,0.052621410787579,140.07912386962678,44.663187551189935,0.25205697535644694,0.5767764230665062,62.340844438970535,0.03566922591792121,0.06129319460727184,0.47050804947749947,0.4681987559152287,0.0,1243,48,0
L100_Ts120_Tr50p0_dT5_F0p8_LP40,1.0,120.0,50.0,5.0,0.8,0.4,S1,11,40,0.27848101265822783,128.8226808244367,28.774890641273828,0.2465401777595949,1.0,25.637506374327117,,0.14035087719298245,0.0,0.8596491228070176,0.0,29,0,0
L100_Ts120_Tr50p0_dT5_F0p8_LP40,1.0,120.0,50.0,5.0,0.8,0.4,S2a,437,1640,0.08082814338953889,140.08608118333916,31.616291618733158,0.23660006709399645,0.5751364120153961,20.14175573703021,0.1413158798853189,0.033422795323786406,0.3877727572149087,0.5788044474613049,0.0,1147,56,0
L100_Ts120_Tr50p0_dT5_F0p8_LP40,1.0,120.0,50.0,5.0,0.8,0.4,S2b,405,1640,0.06970424341603887,139.99717058512968,42.786595707755055,0.30025018460083347,0.5736993310904414,63.63715465225488,0.1693504605871894,0.08724720007453673,0.50798187022077,0.4047709297046931,0.0,1176,59,0
L100_Ts120_Tr50p0_dT5_F0p8_LP45,1.0,120.0,50.0,5.0,0.8,0.45,S1,13,40,0.3291139240506329,139.55790422647308,31.562723934965447,0.24577461887781904,1.0,19.59221312714243,,0.11320754716981132,0.0,0.8867924528301887,0.0,27,0,0
L100_Ts120_Tr50p0_dT5_F0p8_LP45,1.0,120.0,50.0,5.0,0.8,0.45,S2a,479,1640,0.09629034621772432,140.2035564946736,32.898634236281396,0.2434810295137634,0.5810093781479508,19.441811465256478,0.026624218383766163,0.03890651733252486,0.40754727317951706,0.5535462094879581,0.0,1096,65,0
L100_Ts120_Tr50p0_dT5_F0p8_LP45,1.0,120.0,50.0,5.0,0.8,0.45,S2b,443,1640,0.08281682850375352,139.99717058512968,43.26912655196577,0.30025018460083347,0.5753199003687942,63.63715465225488,0.5753905497885015,0.10612509383828755,0.5259976575829585,0.367877248578754,0.0,1132,65,0
L100_Ts120_Tr50p0_dT5_F1p0_LP20,1.0,120.0,50.0,5.0,1.0,0.2,S1,11,40,0.27848101265822783,171.7635744325823,37.84488728158715,0.2434779422324899,1.0,18.510851149758693,,0.07017543859649122,0.0,0.9298245614035088,0.0,29,0,0
L100_Ts120_Tr50p0_dT5_F1p0_LP20,1.0,120.0,50.0,5.0,1.0,0.2,S2a,403,1640,0.06920780009264679,172.5582233780598,39.785594258885226,0.24130184014532394,0.5834168710475677,18.415232549596425,0.09761495943025977,0.023545615583480298,0.40071959704413185,0.5757347873723878,0.0,1177,60,0
L100_Ts120_Tr50p0_dT5_F1p0_LP20,1.0,120.0,50.0,5.0,1.0,0.2,S2b,376,1640,0.06071706599283651,175.10851488701593,56.32729164115119,0.2458520576437318,0.5822983004407709,59.33851423226584,0.6230767544810902,0.06525987744686877,0.5095837565644941,0.42515636598863726,0.0,1204,60,0
L100_Ts120_Tr50p0_dT5_F1p0_LP30,1.0,120.0,50.0,5.0,1.0,0.3,S1,12,40,0.3037974683544304,163.95613923110128,36.53030240736939,0.24403471232832716,1.0,22.155034729369135,,0.10909090909090909,0.0,0.8909090909090909,0.0,28,0,0
L100_Ts120_Tr50p0_dT5_F1p0_LP30,1.0,120.0,50.0,5.0,1.0,0.3,S2a,463,1640,0.09035714291624604,175.23627107587012,38.229273360211664,0.22551413296817363,0.5774722487070608,19.08830044868904,0.15629274618028433,0.032660100963012965,0.42205753939675467,0.5452823596402323,0.0,1112,65,0
L100_Ts120_Tr50p0_dT5_F1p0_LP30,1.0,120.0,50.0,5.0,1.0,0.3,S2b,433,1640,0.079471581476083,175.0284633544857,54.49654866896117,0.2842297226905327,0.5796185249106596,61.722695841763226,0.3262142301078441,0.08897207228825789,0.5355141882517034,0.3755137394600387,0.0,1141,66,0
L100_Ts120_Tr50p0_dT5_F1p0_LP40,1.0,120.0,50.0,5.0,1.0,0.4,S1,14,40,0.35443037974683544,163.95613923110128,37.0259132830746,0.24403471232832716,1.0,22.155034729369135,,0.1568627450980392,0.0,0.8431372549019608,0.0,26,0,0
L100_Ts120_Tr50p0_dT5_F1p0_LP40,1.0,120.0,50.0,5.0,1.0,0.4,S2a,542,1640,0.12253538925440789,175.10760147917392,39.555847129232006,0.2346210636795123,0.5814771613463925,18.060788345562685,0.21357715965410762,0.045517051023478645,0.45335163054040145,0.5011313184361199,0.0,1017,81,0
L100_Ts120_Tr50p0_dT5_F1p0_LP40,1.0,120.0,50.0,5.0,1.0,0.4,S2b,508,1640,0.10806292511564657,175.02846335448567,55.445776354037775,0.28422972269053276,0.5809125080757188,60.68215973904384,0.03420814143285611,0.12374100390019045,0.5684604935932469,0.30779850250656265,0.0,1053,79,0
L100_Ts120_Tr50p0_dT5_F1p0_LP45,1.0,120.0,50.0,5.0,1.0,0.45,S1,16,40,0.4050632911392405,171.76357443258226,39.0835748656591,0.24347794223248995,1.0,18.510851149758707,,0.1276595744680851,0.0,0.8723404255319149,0.0,24,0,0
L100_Ts120_Tr50p0_dT5_F1p0_LP45,1.0,120.0,50.0,5.0,1.0,0.45,S2a,594,1640,0.14596467287906517,175.54668019287578,40.41948516697505,0.20064297032203382,0.5799302236036816,18.415232549596425,0.045631820537579415,0.05642656946057299,0.47323575492457115,0.4703376756148559,0.0,961,85,0
L100_Ts120_Tr50p0_dT5_F1p0_LP45,1.0,120.0,50.0,5.0,1.0,0.45,S2b,556,1640,0.1285706778891384,175.10851488701593,54.87710809410726,0.2458520576437318,0.5791672401266611,61.66112796095567,0.08278848094489888,0.1503031195825177,0.5856396148658186,0.2640572655516636,0.0,1000,84,0
L100_Ts120_Tr50p0_dT5_F1p2_LP20,1.0,120.0,50.0,5.0,1.2,0.2,S1,13,40,0.3291139240506329,202.99331523850634,44.99655787914878,0.24125086184914032,1.0,17.357649147327052,,0.07547169811320754,0.0,0.9245283018867925,0.0,27,0,0
L100_Ts120_Tr50p0_dT5_F1p2_LP20,1.0,120.0,50.0,5.0,1.2,0.2,S2a,478,1640,0.09622179204808168,210.2805153112523,46.93726485644686,0.1997258258239945,0.5839713796128285,17.32020042015523,0.0010360312860200338,0.030803894762151875,0.45378294893774496,0.5154131563001032,0.0,1084,78,0
L100_Ts120_Tr50p0_dT5_F1p2_LP20,1.0,120.0,50.0,5.0,1.2,0.2,S2b,450,1640,0.08613147012205376,210.50003339255704,67.30481414365988,0.2590515460330543,0.5876942079027692,56.70180643714099,0.3242985694577243,0.08483892192519472,0.5657031395069987,0.3494579385678065,0.0,1114,76,0
L100_Ts120_Tr50p0_dT5_F1p2_LP30,1.0,120.0,50.0,5.0,1.2,0.3,S1,15,40,0.379746835443038,204.9451740388766,45.93398616829779,0.24111166932518135,1.0,16.568482104444783,,0.12244897959183673,0.0,0.8775510204081632,0.0,25,0,0
L100_Ts120_Tr50p0_dT5_F1p2_LP30,1.0,120.0,50.0,5.0,1.2,0.3,S2a,549,1640,0.12583248185915713,210.28051531125232,47.632957121140066,0.19972582582399448,0.5861567583107031,16.531553501764165,0.2551435150957957,0.04139065528681459,0.4776372171813903,0.48097212753179514,0.0,1002,89,0
L100_Ts120_Tr50p0_dT5_F1p2_LP30,1.0,120.0,50.0,5.0,1.2,0.3,S2b,516,1640,0.11195231969606437,210.39876387013882,64.15255395378426,0.3047355638234509,0.5850878996902471,58.73191913440908,0.1612071537439803,0.11433121030591722,0.5897618045884832,0.29590698510559965,0.0,1038,86,0
L100_Ts120_Tr50p0_dT5_F1p2_LP40,1.0,120.0,50.0,5.0,1.2,0.4,S1,17,40,0.43037974683544306,199.08959763776582,45.100884593837804,0.2415292468970594,1.0,18.93463601146955,,0.17777777777777778,0.0,0.8222222222222222,0.0,23,0,0
L100_Ts120_Tr50p0_dT5_F1p2_LP40,1.0,120.0,50.0,5.0,1.2,0.4,S2a,647,1640,0.17295203007940177,210.1291217750087,47.35678722323917,0.2326420602650285,0.5858725041582872,15.877970317904612,0.0010360312860271392,0.058046350228171756,0.5110738502195148,0.4308797995523134,0.0,890,103,0
L100_Ts120_Tr50p0_dT5_F1p2_LP40,1.0,120.0,50.0,5.0,1.2,0.4,S2b,607,1640,0.1528691395783421,210.05901066421322,67.81177694993698,0.27318132216925806,0.5858405895699339,56.701806437141,0.0002597562985613422,0.1630205802651235,0.6140954890876981,0.22288393064717854,0.0,932,101,0
L100_Ts120_Tr50p0_dT5_F1p2_LP45,1.0,120.0,50.0,5.0,1.2,0.45,S1,19,40,0.4810126582278481,203.96924463869144,46.45649377513371,0.24118126558716102,1.0,16.96312210057907,,0.1951219512195122,0.0,0.8048780487804879,0.0,21,0,0
L100_Ts120_Tr50p0_dT5_F1p2_LP45,1.0,120.0,50.0,5.0,1.2,0.45,S2a,706,1640,0.20471044388142218,210.20616759770715,47.79240407644966,0.21707022419621477,0.5848721039655148,16.925930552732822,0.043856847583725767,0.07218274660389537,0.5315247734509094,0.3962924799451952,0.0,820,114,0
L100_Ts120_Tr50p0_dT5_F1p2_LP45,1.0,120.0,50.0,5.0,1.2,0.45,S2b,664,1640,0.1821000004165144,210.3082744168959,66.23873695502357,0.2542786244375871,0.5853328888702007,58.25310148110913,0.10436084239643861,0.19971245131538895,0.6240144900362161,0.17627305864839485,0.0,866,110,0
L100_Ts120_Tr50p0_dT10_F0p8_LP20,1.0,120.0,50.0,10.0,0.8,0.2,S1,8,40,0.20253164556962025,124.91896322369621,26.856564598522255,0.2468185628075137,1.0,22.833164651894386,,0.06349206349206349,0.0,0.9365079365079365,0.0,32,0,0
L100_Ts120_Tr50p0_dT10_F0p8_LP20,1.0,120.0,50.0,10.0,0.8,0.2,S2a,308,1640,0.042410432259169156,140.08608118333913,31.109328812456056,0.2366000670939965,0.599669795662798,15.141755737030223,0.3078001311750356,0.01199350348071928,0.34129034257673274,0.6467161539425479,0.0,1275,57,0
L100_Ts120_Tr50p0_dT10_F0p8_LP20,1.0,120.0,50.0,10.0,0.8,0.2,S2b,286,1640,0.03685218687888718,139.95239293013194,45.11812070377141,0.32338473738414786,0.6016071976010906,56.857478123315445,0.33927789694031674,0.042608431027683615,0.44777965843178885,0.5096119105405276,0.0,1296,58,0
L100_Ts120_Tr50p0_dT10_F0p8_LP30,1.0,120.0,50.0,10.0,0.8,0.3,S1,10,40,0.25316455696202533,136.63011602591772,30.128054665194327,0.24598340766375812,1.0,16.24199495958719,,0.06779661016949153,0.0,0.9322033898305084,0.0,30,0,0
L100_Ts120_Tr50p0_dT10_F0p8_LP30,1.0,120.0,50.0,10.0,0.8,0.3,S2a,352,1640,0.05439141446251108,137.2622231416385,31.8270256180366,0.24367913763816612,0.6014362431714418,16.094047605336513,0.01371862998808382,0.017522804787403274,0.36511099155074256,0.6173662036618541,0.0,1219,69,0
L100_Ts120_Tr50p0_dT10_F0p8_LP30,1.0,120.0,50.0,10.0,0.8,0.3,S2b,329,1640,0.048044724719275816,140.07912386962678,44.663187551189935,0.25205697535644694,0.6018646563833626,57.340844438970535,0.01342317182896835,0.05711055497750185,0.47694163385124627,0.46594781117125184,0.0,1243,68,0
L100_Ts120_Tr50p0_dT10_F0p8_LP40,1.0,120.0,50.0,10.0,0.8,0.4,S1,11,40,0.27848101265822783,128.8226808244367,28.774890641273828,0.2465401777595949,1.0,20.637506374327117,,0.10526315789473684,0.0,0.8947368421052632,0.0,29,0,0
L100_Ts120_Tr50p0_dT10_F0p8_LP40,1.0,120.0,50.0,10.0,0.8,0.4,S2a,415,1640,0.07459142296474534,140.08608118333916,31.616291618733158,0.23660006709399645,0.5989440878507629,15.14175573703021,0.11077028709967607,0.02357972794840647,0.3951867234248173,0.5812335486267761,0.0,1147,78,0
L100_Ts120_Tr50p0_dT10_F0p8_LP40,1.0,120.0,50.0,10.0,0.8,0.4,S2b,386,1640,0.06497976110379555,139.99717058512968,42.786595707755055,0.30025018460083347,0.5959905507968023,58.63715465225488,0.013423171828975455,0.07978288071279108,0.5174914213522127,0.4027256979349962,0.0,1176,78,0
L100_Ts120_Tr50p0_dT10_F0p8_LP45,1.0,120.0,50.0,10.0,0.8,0.45,S1,13,40,0.3291139240506329,139.55790422647308,31.562723934965447,0.24577461887781904,1.0,14.59221312714243,,0.07547169811320754,0.0,0.9245283018867925,0.0,27,0,0
L100_Ts120_Tr50p0_dT10_F0p8_LP45,1.0,120.0,50.0,10.0,0.8,0.45,S2a,456,1640,0.08927192586989495,140.2035564946736,32.898634236281396,0.2434810295137634,0.604481505662202,14.441811465256478,0.09692513921314116,0.026369416092868962,0.41739293021641954,0.5562376536907114,0.0,1096,88,0
L100_Ts120_Tr50p0_dT10_F0p8_LP45,1.0,120.0,50.0,10.0,0.8,0.45,S2b,422,1640,0.0770500873557347,139.99717058512968,43.26912655196577,0.30025018460083347,0.5975997865530515,58.63715465225488,0.2053027069440816,0.09475675137368773,0.5379449401534011,0.3672983084729112,0.0,1132,86,0
L100_Ts120_Tr50p0_dT10_F1p0_LP20,1.0,120.0,50.0,10.0,1.0,0.2,S1,11,40,0.27848101265822783,171.7635744325823,37.84488728158715,0.2434779422324899,1.0,13.510851149758693,,0.07017543859649122,0.0,0.9298245614035088,0.0,29,0,0
L100_Ts120_Tr50p0_dT10_F1p0_LP20,1.0,120.0,50.0,10.0,1.0,0.2,S2a,381,1640,0.06346811473883923,172.5582233780598,39.785594258885226,0.24130184014532394,0.6089718403335702,13.415232549596425,0.1709888374534998,0.016904894863471086,0.4074219679635557,0.5756731371729733,0.0,1177,82,0
L100_Ts120_Tr50p0_dT10_F1p0_LP20,1.0,120.0,50.0,10.0,1.0,0.2,S2b,355,1640,0.055682334184371844,174.9404911626649,56.32729164115119,0.32055441245894106,0.6070126668791181,54.33851423226584,0.3073894222047713,0.05908693089116514,0.516625074303355,0.42428799480547996,0.0,1204,81,0
L100_Ts120_Tr50p0_dT10_F1p0_LP30,1.0,120.0,50.0,10.0,1.0,0.3,S1,12,40,0.3037974683544304,163.95613923110128,36.53030240736939,0.24403471232832716,1.0,17.155034729369135,,0.07272727272727272,0.0,0.9272727272727272,0.0,28,0,0
L100_Ts120_Tr50p0_dT10_F1p0_LP30,1.0,120.0,50.0,10.0,1.0,0.3,S2a,438,1640,0.0827569835576641,175.23627107587012,38.229273360211664,0.22551413296817363,0.6018060168810034,14.08830044868904,0.12844300237464523,0.022747663065661314,0.43101014626355727,0.5462421906707814,0.0,1112,90,0
L100_Ts120_Tr50p0_dT10_F1p0_LP30,1.0,120.0,50.0,10.0,1.0,0.3,S2b,410,1640,0.073233378720974,175.0284633544857,54.49654866896117,0.2842297226905327,0.6036697412059994,56.722695841763226,0.4503794111449366,0.07832203125471662,0.547461124321734,0.37421684442354936,0.0,1141,89,0
L100_Ts120_Tr50p0_dT10_F1p0_LP40,1.0,120.0,50.0,10.0,1.0,0.4,S1,14,40,0.35443037974683544,163.95613923110128,37.0259132830746,0.24403471232832716,1.0,17.155034729369135,,0.11764705882352941,0.0,0.8823529411764706,0.0,26,0,0
L100_Ts120_Tr50p0_dT10_F1p0_LP40,1.0,120.0,50.0,10.0,1.0,0.4,S2a,515,1640,0.11324858554089613,175.10760147917392,39.555847129232006,0.2346210636795123,0.6053756869923296,13.060788345562685,0.12844300237464523,0.030234769386503702,0.46519286697649226,0.504572363637004,0.0,1017,108,0
L100_Ts120_Tr50p0_dT10_F1p0_LP40,1.0,120.0,50.0,10.0,1.0,0.4,S2b,481,1640,0.09952871343967419,175.02846335448567,55.445776354037775,0.28422972269053276,0.6053406861305438,55.68215973904384,0.3323220381077192,0.11048956021812614,0.5826610072663491,0.3068494325155249,0.0,1053,106,0
L100_Ts120_Tr50p0_dT10_F1p0_LP45,1.0,120.0,50.0,10.0,1.0,0.45,S1,16,40,0.4050632911392405,171.76357443258226,39.0835748656591,0.24347794223248995,1.0,13.510851149758707,,0.1276595744680851,0.0,0.8723404255319149,0.0,24,0,0
L100_Ts120_Tr50p0_dT10_F1p0_LP45,1.0,120.0,50.0,10.0,1.0,0.45,S2a,559,1640,0.13224732007548495,175.54668019287578,40.41948516697505,0.20064297032203382,0.6069409429609396,13.415232549596425,0.5190865071487956,0.03973457401648577,0.4864808966247401,0.47378452935877413,0.0,961,120,0
L100_Ts120_Tr50p0_dT10_F1p0_LP45,1.0,120.0,50.0,10.0,1.0,0.45,S2b,526,1640,0.11795361848887724,174.99646323141206,54.87710809410726,0.2980918697444561,0.6033477022894208,56.66112796095567,0.12579196348315236,0.13609569992531098,0.6019275261307409,0.26197677394394814,0.0,1000,114,0
L100_Ts120_Tr50p0_dT10_F1p2_LP20,1.0,120.0,50.0,10.0,1.2,0.2,S1,13,40,0.3291139240506329,202.99331523850634,44.99655787914878,0.24125086184914032,1.0,12.357649147327052,,0.07547169811320754,0.0,0.9245283018867925,0.0,27,0,0
L100_Ts120_Tr50p0_dT10_F1p2_LP20,1.0,120.0,50.0,10.0,1.2,0.2,S2a,451,1640,0.08759727180877734,203.9324458104343,46.93726485644686,0.2391886868183531,0.6087582665942549,12.320200420155231,0.08015380726168786,0.021261615183112443,0.46225321976961475,0.5164851650472729,0.0,1084,105,0
L100_Ts120_Tr50p0_dT10_F1p2_LP20,1.0,120.0,50.0,10.0,1.2,0.2,S2b,425,1640,0.07888407285135321,210.50003339255704,67.30481414365988,0.2590515460330543,0.6111831400750587,51.70180643714099,0.1844431983032564,0.0748892857945614,0.5754774398876602,0.34963327431777846,0.0,1114,101,0
L100_Ts120_Tr50p0_dT10_F1p2_LP30,1.0,120.0,50.0,10.0,1.2,0.3,S1,15,40,0.379746835443038,204.9451740388766,45.93398616829779,0.24111166932518135,1.0,11.568482104444783,,0.08163265306122448,0.0,0.9183673469387755,0.0,25,0,0
L100_Ts120_Tr50p0_dT10_F1p2_LP30,1.0,120.0,50.0,10.0,1.2,0.3,S2a,518,1640,0.11439554171573815,205.89333471245772,47.632957121140066,0.23905661473541706,0.6105177618749645,11.531553501764165,0.014452254562122846,0.027572474433967476,0.48825331715954534,0.48417420840648717,0.0,1002,120,0
L100_Ts120_Tr50p0_dT10_F1p2_LP30,1.0,120.0,50.0,10.0,1.2,0.3,S2b,486,1640,0.10201291997372997,210.39876387013882,64.15255395378426,0.3047355638234509,0.6100956146972375,53.73191913440908,0.48808719720048543,0.10004042953070426,0.6039077235964095,0.2960518468728864,0.0,1038,116,0
L100_Ts120_Tr50p0_dT10_F1p2_LP40,1.0,120.0,50.0,10.0,1.2,0.4,S1,17,40,0.43037974683544306,199.08959763776582,45.100884593837804,0.2415292468970594,1.0,13.93463601146955,,0.13333333333333333,0.0,0.8666666666666667,0.0,23,0,0
L100_Ts120_Tr50p0_dT10_F1p2_LP40,1.0,120.0,50.0,10.0,1.2,0.4,S2a,612,1640,0.1585372760256267,210.1291217750087,47.35678722323917,0.2326420602650285,0.6103894018724617,10.877970317904612,0.21178077587939015,0.036872624036460924,0.5272084263966114,0.4359189495669278,0.0,890,138,0
L100_Ts120_Tr50p0_dT10_F1p2_LP40,1.0,120.0,50.0,10.0,1.2,0.4,S2b,576,1640,0.14138332799879147,210.05901066421322,67.81177694993698,0.27318132216925806,0.6086188036622356,51.701806437141,0.13134082731191654,0.1431807109280278,0.6333180690904235,0.22350121998154868,0.0,932,132,0
L100_Ts120_Tr50p0_dT10_F1p2_LP45,1.0,120.0,50.0,10.0,1.2,0.45,S1,19,40,0.4810126582278481,203.96924463869144,46.45649377513371,0.24118126558716102,1.0,11.96312210057907,,0.14634146341463414,0.0,0.8536585365853658,0.0,21,0,0
L100_Ts120_Tr50p0_dT10_F1p2_LP45,1.0,120.0,50.0,10.0,1.2,0.45,S2a,669,1640,0.18810186681376262,210.20616759770715,47.79240407644966,0.21707022419621477,0.6086057856947557,11.925930552732822,0.01424656736187302,0.04696188298818602,0.5507920190229215,0.4022460979888925,0.0,820,151,0
L100_Ts120_Tr50p0_dT10_F1p2_LP45,1.0,120.0,50.0,10.0,1.2,0.45,S2b,626,1640,0.16633123661761826,210.3082744168959,66.23873695502357,0.2542786244375871,0.6101598295498999,53.25310148110913,0.05784324027246157,0.17517336973951647,0.6478568708318841,0.1769697594285994,0.0,866,148,0
L100_Ts120_Tr50p0_dT15_F0p8_LP20,1.0,120.0,50.0,15.0,0.8,0.2,S1,8,40,0.20253164556962025,124.91896322369621,26.856564598522255,0.2468185628075137,1.0,17.833164651894386,,0.06349206349206349,0.0,0.9365079365079365,0.0,32,0,0
L100_Ts120_Tr50p0_dT15_F0p8_LP20,1.0,120.0,50.0,15.0,0.8,0.2,S2a,287,1640,0.038194908872155715,140.08608118333913,31.109328812456056,0.2366000670939965,0.6279956511317829,10.141755737030223,0.26273714138542204,0.007200727693020075,0.345894045211945,0.6469052270950348,0.0,1275,78,0
L100_Ts120_Tr50p0_dT15_F0p8_LP20,1.0,120.0,50.0,15.0,0.8,0.2,S2b,267,1640,0.03350987235144364,139.95239293013194,45.11812070377141,0.32338473738414786,0.6301228234249105,51.857478123315445,0.27349747083989584,0.039117740373254654,0.4524685657985279,0.5084136938282175,0.0,1296,77,0
L100_Ts120_Tr50p0_dT15_F0p8_LP30,1.0,120.0,50.0,15.0,0.8,0.3,S1,10,40,0.25316455696202533,136.63011602591772,30.128054665194327,0.24598340766375812,1.0,11.241994959587188,,0.03389830508474576,0.0,0.9661016949152542,0.0,30,0,0
L100_Ts120_Tr50p0_dT15_F0p8_LP30,1.0,120.0,50.0,15.0,0.8,0.3,S2a,330,1640,0.049262034416407086,137.2622231416385,31.8270256180366,0.24367913763816612,0.6291611238517347,11.094047605336513,0.26454743050244645,0.010869904908893108,0.37093989013851913,0.6181902049525877,0.0,1219,91,0
L100_Ts120_Tr50p0_dT15_F0p8_LP30,1.0,120.0,50.0,15.0,0.8,0.3,S2b,308,1640,0.043579601376715515,139.4908686661079,44.663187551189935,0.3324990125378038,0.6296997477682835,52.340844438970535,0.07603739531163711,0.05115396899476299,0.483775187793076,0.4650708432121609,0.0,1243,89,0
L100_Ts120_Tr50p0_dT15_F0p8_LP40,1.0,120.0,50.0,15.0,0.8,0.4,S1,11,40,0.27848101265822783,128.8226808244367,28.774890641273828,0.2465401777595949,1.0,15.637506374327117,,0.07017543859649122,0.0,0.9298245614035088,0.0,29,0,0
L100_Ts120_Tr50p0_dT15_F0p8_LP40,1.0,120.0,50.0,15.0,0.8,0.4,S2a,390,1640,0.06773694541788992,140.08608118333916,31.616291618733158,0.23660006709399645,0.6252459934037019,10.14175573703021,0.07248776635412213,0.01412554779059832,0.4029368080096552,0.5829376441997466,0.0,1147,103,0
L100_Ts120_Tr50p0_dT15_F0p8_LP40,1.0,120.0,50.0,15.0,0.8,0.4,S2b,362,1640,0.05898313511715738,139.99717058512968,42.786595707755055,0.30025018460083347,0.6224599226376792,53.63715465225488,0.07248776635412213,0.07035767552797385,0.5271658428714141,0.4024764816006121,0.0,1176,102,0
L100_Ts120_Tr50p0_dT15_F0p8_LP45,1.0,120.0,50.0,15.0,0.8,0.45,S1,13,40,0.3291139240506329,139.55790422647308,31.562723934965447,0.24577461887781904,1.0,9.59221312714243,,0.03773584905660377,0.0,0.9622641509433962,0.0,27,0,0
L100_Ts120_Tr50p0_dT15_F0p8_LP45,1.0,120.0,50.0,15.0,0.8,0.45,S2a,428,1640,0.0811776979283102,140.2035564946736,32.898634236281396,0.2434810295137634,0.6317925914724845,9.441811465256478,0.013075092924619724,0.016994691453493933,0.42563397452704044,0.5573713340194657,0.0,1096,116,0
L100_Ts120_Tr50p0_dT15_F0p8_LP45,1.0,120.0,50.0,15.0,0.8,0.45,S2b,395,1640,0.06993817884037375,139.99717058512968,43.26912655196577,0.30025018460083347,0.6248405204360059,53.63715465225488,0.13632447178982332,0.08530211995169859,0.5480710514847069,0.3666268285635946,0.0,1132,113,0
L100_Ts120_Tr50p0_dT15_F1p0_LP20,1.0,120.0,50.0,15.0,1.0,0.2,S1,11,40,0.27848101265822783,171.7635744325823,37.84488728158715,0.2434779422324899,1.0,8.510851149758693,,0.03508771929824561,0.0,0.9649122807017544,0.0,29,0,0
L100_Ts120_Tr50p0_dT15_F1p0_LP20,1.0,120.0,50.0,15.0,1.0,0.2,S2a,356,1640,0.05728941466639223,172.5582233780598,39.785594258885226,0.24130184014532394,0.6363999718716259,8.415232549596425,0.07825757154410695,0.009236965633360135,0.413467886684697,0.577295147681943,0.0,1177,107,0
L100_Ts120_Tr50p0_dT15_F1p0_LP20,1.0,120.0,50.0,15.0,1.0,0.2,S2b,332,1640,0.05060430402540965,174.9404911626649,56.32729164115119,0.32055441245894106,0.6342511983572202,49.33851423226584,0.037445036887120864,0.052694230489868085,0.5252871627404763,0.4220186067696557,0.0,1204,104,0
L100_Ts120_Tr50p0_dT15_F1p0_LP30,1.0,120.0,50.0,15.0,1.0,0.3,S1,12,40,0.3037974683544304,163.95613923110128,36.53030240736939,0.24403471232832716,1.0,12.155034729369135,,0.07272727272727272,0.0,0.9272727272727272,0.0,28,0,0
L100_Ts120_Tr50p0_dT15_F1p0_LP30,1.0,120.0,50.0,15.0,1.0,0.3,S2a,407,1640,0.07378366671128143,175.23627107587012,38.229273360211664,0.22551413296817363,0.6302502519333776,9.08830044868904,0.15431132372080114,0.013478008367770865,0.4395501593144631,0.5469718323177661,0.0,1112,121,0
L100_Ts120_Tr50p0_dT15_F1p0_LP30,1.0,120.0,50.0,15.0,1.0,0.3,S2b,382,1640,0.06597309965711948,175.0284633544857,54.49654866896117,0.2842297226905327,0.6315836180102398,51.722695841763226,0.31455003892870437,0.06988922606427016,0.5571879135417944,0.3729228603939354,0.0,1141,117,0
L100_Ts120_Tr50p0_dT15_F1p0_LP40,1.0,120.0,50.0,15.0,1.0,0.4,S1,14,40,0.35443037974683544,163.95613923110128,37.0259132830746,0.24403471232832716,1.0,12.155034729369135,,0.0784313725490196,0.0,0.9215686274509803,0.0,26,0,0
L100_Ts120_Tr50p0_dT15_F1p0_LP40,1.0,120.0,50.0,15.0,1.0,0.4,S2a,482,1640,0.10207929761943065,175.10760147917392,39.555847129232006,0.2346210636795123,0.6316498244912784,8.060788345562685,0.07825757154410695,0.016745986805716966,0.47614506805763934,0.5071089451366436,0.0,1017,141,0
L100_Ts120_Tr50p0_dT15_F1p0_LP40,1.0,120.0,50.0,15.0,1.0,0.4,S2b,451,1640,0.09051689768453991,175.02846335448567,55.445776354037775,0.28422972269053276,0.6313628611080404,50.68215973904384,0.05024732329348325,0.09594147175514947,0.5978436194873098,0.30621490875754076,0.0,1053,136,0
L100_Ts120_Tr50p0_dT15_F1p0_LP45,1.0,120.0,50.0,15.0,1.0,0.45,S1,16,40,0.4050632911392405,171.76357443258226,39.0835748656591,0.24347794223248995,1.0,8.510851149758707,,0.0425531914893617,0.0,0.9574468085106383,0.0,24,0,0
L100_Ts120_Tr50p0_dT15_F1p0_LP45,1.0,120.0,50.0,15.0,1.0,0.45,S2a,525,1640,0.11983060880245712,172.5582233780598,40.41948516697505,0.24130184014532394,0.6324977960116398,8.415232549596425,0.07319663247534436,0.022954696744766027,0.4990056291386685,0.4780396741165655,0.0,961,154,0
L100_Ts120_Tr50p0_dT15_F1p0_LP45,1.0,120.0,50.0,15.0,1.0,0.45,S2b,492,1640,0.10664581947750197,174.99646323141206,54.87710809410726,0.2980918697444561,0.6300952143327615,51.66112796095567,0.05024732329348325,0.11741392220359986,0.6201727600749487,0.26241331772145143,0.0,1000,148,0
L100_Ts120_Tr50p0_dT15_F1p2_LP20,1.0,120.0,50.0,15.0,1.2,0.2,S1,13,40,0.3291139240506329,202.99331523850634,44.99655787914878,0.24125086184914032,1.0,7.357649147327052,,0.03773584905660377,0.0,0.9622641509433962,0.0,27,0,0
L100_Ts120_Tr50p0_dT15_F1p2_LP20,1.0,120.0,50.0,15.0,1.2,0.2,S2a,419,1640,0.07813732073281705,203.9324458104343,46.93726485644686,0.2391886868183531,0.6378685140399739,7.320200420155231,0.2167310129178368,0.010515580155575794,0.47133894067219856,0.5181454791722256,0.0,1084,137,0
L100_Ts120_Tr50p0_dT15_F1p2_LP20,1.0,120.0,50.0,15.0,1.2,0.2,S2b,394,1640,0.07034042786822725,209.92858939519792,67.30481414365988,0.31772408753373466,0.6395868738707075,46.70180643714099,0.19304979929305333,0.06349570184484077,0.5884417491248797,0.34806254903027956,0.0,1114,132,0
L100_Ts120_Tr50p0_dT15_F1p2_LP30,1.0,120.0,50.0,15.0,1.2,0.3,S1,15,40,0.379746835443038,204.9451740388766,45.93398616829779,0.24111166932518135,1.0,6.568482104444783,,0.04081632653061224,0.0,0.9591836734693877,0.0,25,0,0
L100_Ts120_Tr50p0_dT15_F1p2_LP30,1.0,120.0,50.0,15.0,1.2,0.3,S2a,485,1640,0.1033951856963351,205.89333471245772,47.632957121140066,0.23905661473541706,0.6374412588775326,6.531553501764165,0.13401844669800766,0.0135910570749741,0.49934015300365053,0.4870687899213755,0.0,1002,153,0
L100_Ts120_Tr50p0_dT15_F1p2_LP30,1.0,120.0,50.0,15.0,1.2,0.3,S2b,455,1640,0.09267259100227083,210.39876387013882,64.15255395378426,0.3047355638234509,0.6366310057902815,48.73191913440908,0.023332215891677777,0.08541251334466471,0.6196659516115693,0.29492153504376584,0.0,1038,147,0
L100_Ts120_Tr50p0_dT15_F1p2_LP40,1.0,120.0,50.0,15.0,1.2,0.4,S1,17,40,0.43037974683544306,199.08959763776582,45.100884593837804,0.2415292468970594,1.0,8.93463601146955,,0.08888888888888889,0.0,0.9111111111111111,0.0,23,0,0
L100_Ts120_Tr50p0_dT15_F1p2_LP40,1.0,120.0,50.0,15.0,1.2,0.4,S2a,571,1640,0.1421654265211371,210.1291217750087,47.35678722323917,0.2326420602650285,0.6376153671837871,5.877970317904612,0.04765969648763857,0.017762830476902625,0.5414495863961997,0.44078758312689775,0.0,890,179,0
L100_Ts120_Tr50p0_dT15_F1p2_LP40,1.0,120.0,50.0,15.0,1.2,0.4,S2b,535,1640,0.12643376641391835,210.05901066421322,67.81177694993698,0.27318132216925806,0.6373844990001204,46.701806437141,0.19304979929305333,0.12114168853476893,0.6556875113989636,0.22317080006626727,0.0,932,173,0
L100_Ts120_Tr50p0_dT15_F1p2_LP45,1.0,120.0,50.0,15.0,1.2,0.45,S1,19,40,0.4810126582278481,203.96924463869144,46.45649377513371,0.24118126558716102,1.0,6.963122100579071,,0.04878048780487805,0.0,0.9512195121951219,0.0,21,0,0
L100_Ts120_Tr50p0_dT15_F1p2_LP45,1.0,120.0,50.0,15.0,1.2,0.45,S2a,623,1640,0.16786100022095093,210.20616759770715,47.79240407644966,0.21707022419621477,0.6361848634315296,6.925930552732822,0.006805301630802063,0.02279723407874691,0.5667944263925251,0.41040833952872807,0.0,820,197,0
L100_Ts120_Tr50p0_dT15_F1p2_LP45,1.0,120.0,50.0,15.0,1.2,0.45,S2b,583,1640,0.14917665351350243,209.9957558776945,66.23873695502357,0.29593355488807827,0.6377050611118201,48.25310148110913,0.15454754793869085,0.1491057484072128,0.6729430063087242,0.17795124528406306,0.0,866,191,0
L100_Ts120_Tr60p0_dT5_F0p8_LP20,1.0,120.0,60.0,5.0,0.8,0.2,S1,7,40,0.17721518987341772,109.3040928207342,23.124239227708017,0.2479321029991884,1.0,26.6022170063124,,0.09230769230769231,0.0,0.9076923076923077,0.0,33,0,0
L100_Ts120_Tr60p0_dT5_F0p8_LP20,1.0,120.0,60.0,5.0,0.8,0.2,S2a,255,1640,0.029451879209249104,120.16029446357273,25.064946205006095,0.20210544398106903,0.5878075097361064,23.608721200788857,0.263354349659906,0.015414019771799169,0.34277811326305113,0.6418078669651496,0.0,1330,55,0
L100_Ts120_Tr60p0_dT5_F0p8_LP20,1.0,120.0,60.0,5.0,0.8,0.2,S2b,244,1640,0.027488794646494955,120.22786506865074,35.3485998009329,0.31093995700617044,0.5938591248165361,64.19990649141019,0.27349747083989584,0.0373509631976852,0.45275024095976024,0.5098987958425546,0.0,1348,48,0
L100_Ts120_Tr60p0_dT5_F0p8_LP30,1.0,120.0,60.0,5.0,0.8,0.3,S1,8,40,0.20253164556962025,109.30409282073418,23.619306735107557,0.24793210299918841,1.0,26.602217006312408,,0.09523809523809523,0.0,0.9047619047619048,0.0,32,0,0
L100_Ts120_Tr60p0_dT5_F0p8_LP30,1.0,120.0,60.0,5.0,0.8,0.3,S2a,300,1640,0.040018837411592796,120.08507148378834,25.31827768794983,0.2178710138423567,0.5869103953368384,22.639026880345796,0.26454743050244645,0.01948323195165774,0.3674398718777854,0.6130768961705568,0.0,1283,57,0
L100_Ts120_Tr60p0_dT5_F0p8_LP30,1.0,120.0,60.0,5.0,0.8,0.3,S2b,282,1640,0.035807385658285555,120.22786506865076,35.60193128387664,0.31093995700617044,0.5924743073942536,64.19990649141019,0.31307016911004126,0.04948584598094399,0.4838427149618077,0.4666714390572484,0.0,1304,54,0
L100_Ts120_Tr60p0_dT5_F0p8_LP40,1.0,120.0,60.0,5.0,0.8,0.4,S1,10,40,0.25316455696202533,117.11152802221518,25.98542724266531,0.2473753329033515,1.0,22.22037334310268,,0.1016949152542373,0.0,0.8983050847457628,0.0,30,0,0
L100_Ts120_Tr60p0_dT5_F0p8_LP40,1.0,120.0,60.0,5.0,0.8,0.4,S2a,356,1640,0.05519596212969045,117.6533341214044,27.44241864313574,0.24499985846752362,0.5966157776880366,22.089696812120636,0.07248776635412213,0.026181143953216024,0.3976244181629495,0.5761944378838345,0.0,1219,65,0
L100_Ts120_Tr60p0_dT5_F0p8_LP40,1.0,120.0,60.0,5.0,0.8,0.4,S2b,334,1640,0.0491157128927801,120.06782045968008,38.50171770335339,0.25279715857825125,0.5964961095919498,63.62126633296057,0.07248776635412213,0.06944296975552709,0.5251906776824844,0.4053663525619885,0.0,1243,63,0
L100_Ts120_Tr60p0_dT5_F0p8_LP45,1.0,120.0,60.0,5.0,0.8,0.45,S1,11,40,0.27848101265822783,118.0874574224003,26.46663885827013,0.24730573664137132,1.0,21.67226837947843,,0.10526315789473684,0.0,0.8947368421052632,0.0,29,0,0
L100_Ts120_Tr60p0_dT5_F0p8_LP45,1.0,120.0,60.0,5.0,0.8,0.45,S2a,390,1640,0.06598431410925247,118.63377857241612,27.80254915958608,0.2449338224260553,0.5994282779864678,21.54069204397843,0.013075092924619724,0.030786617128254746,0.41871030028997114,0.5505030825817742,0.0,1178,72,0
L100_Ts120_Tr60p0_dT5_F0p8_LP45,1.0,120.0,60.0,5.0,0.8,0.45,S2b,363,1640,0.05765845457110552,120.27158767433212,39.34505433097979,0.32497679515457656,0.5975427030907068,63.03505011585273,0.13632447178982332,0.0821253398262829,0.5474382187717749,0.37043644140194215,0.0,1206,71,0
L100_Ts120_Tr60p0_dT5_F1p0_LP20,1.0,120.0,60.0,5.0,1.0,0.2,S1,9,40,0.22784810126582278,140.53383362665824,30.55411439777356,0.24570502261583932,1.0,23.050661969546177,,0.09836065573770492,0.0,0.9016393442622951,0.0,31,0,0
L100_Ts120_Tr60p0_dT5_F1p0_LP20,1.0,120.0,60.0,5.0,1.0,0.2,S2a,321,1640,0.04550840140065627,150.2003680794659,32.49482137507164,0.20131223792871109,0.5964285000726723,22.565676208208572,0.07825757154410695,0.021016775913600797,0.4083645723494674,0.5706186517369319,0.0,1248,71,0
L100_Ts120_Tr60p0_dT5_F1p0_LP20,1.0,120.0,60.0,5.0,1.0,0.2,S2b,305,1640,0.04174489539163832,150.02439716098772,45.11812070377141,0.28553831776205185,0.5977746757952258,63.75464539950508,0.037445036887120864,0.05265079333114037,0.5235226022138846,0.42382660445497494,0.0,1271,64,0
L100_Ts120_Tr60p0_dT5_F1p0_LP30,1.0,120.0,60.0,5.0,1.0,0.3,S1,11,40,0.27848101265822783,150.2931276285095,33.34249105977085,0.2450090599960429,1.0,18.517385457993946,,0.10526315789473684,0.0,0.8947368421052632,0.0,29,0,0
L100_Ts120_Tr60p0_dT5_F1p0_LP30,1.0,120.0,60.0,5.0,1.0,0.3,S2a,379,1640,0.06271436556652622,150.2931276285095,35.041462012613124,0.2450090599960429,0.6047224767676684,18.517385457993946,0.15431132372080114,0.02500850537236915,0.43395460516305157,0.5410368894645793,0.0,1188,73,0
L100_Ts120_Tr60p0_dT5_F1p0_LP30,1.0,120.0,60.0,5.0,1.0,0.3,S2b,351,1640,0.054376332658619825,150.28483133581344,44.663187551189935,0.3088718259452633,0.5996248644750597,62.43061563677966,0.31455003892870437,0.0692761509620839,0.555790961429766,0.3749328876081501,0.0,1216,73,0
L100_Ts120_Tr60p0_dT5_F1p0_LP40,1.0,120.0,60.0,5.0,1.0,0.4,S1,12,40,0.3037974683544304,140.53383362665824,31.54479278087831,0.24570502261583932,1.0,23.050661969546177,,0.14545454545454545,0.0,0.8545454545454545,0.0,28,0,0
L100_Ts120_Tr60p0_dT5_F1p0_LP40,1.0,120.0,60.0,5.0,1.0,0.4,S2a,443,1640,0.08429830893950968,150.20251806503148,33.00178418134874,0.226627153567427,0.5970793361860199,20.383468614776596,0.07825757154410695,0.03521731716443374,0.4668993386374741,0.4978833441980922,0.0,1112,85,0
L100_Ts120_Tr60p0_dT5_F1p0_LP40,1.0,120.0,60.0,5.0,1.0,0.4,S2b,415,1640,0.07468087573925922,150.02439716098772,47.03889815100308,0.28553831776205185,0.5988600108461478,63.14028056767401,0.05024732329348325,0.09371536330947454,0.5947143026130114,0.31157033407751406,0.0,1141,84,0
L100_Ts120_Tr60p0_dT5_F1p0_LP45,1.0,120.0,60.0,5.0,1.0,0.45,S1,14,40,0.35443037974683544,150.2931276285095,34.086111136443265,0.2450090599960429,1.0,18.517385457993946,,0.11764705882352941,0.0,0.8823529411764706,0.0,26,0,0
L100_Ts120_Tr60p0_dT5_F1p0_LP45,1.0,120.0,60.0,5.0,1.0,0.45,S2a,487,1640,0.10100036562679945,150.2931276285095,35.42202143775921,0.2450090599960429,0.6024947928823293,18.517385457993946,0.07319663247534436,0.04204401959095237,0.48923264921398435,0.46872333119506326,0.0,1057,96,0
L100_Ts120_Tr60p0_dT5_F1p0_LP45,1.0,120.0,60.0,5.0,1.0,0.45,S2b,454,1640,0.08844999514945726,149.8656467258341,47.165826252815805,0.29027248110166565,0.5982438110752661,63.14028056767401,0.05024732329348325,0.11481765287113684,0.6152381942717177,0.2699441528571455,0.0,1094,92,0
L100_Ts120_Tr60p0_dT5_F1p2_LP20,1.0,120.0,60.0,5.0,1.2,0.2,S1,11,40,0.27848101265822783,171.7635744325823,37.84488728158715,0.2434779422324899,1.0,19.925230099292335,,0.10526315789473684,0.0,0.8947368421052632,0.0,29,0,0
L100_Ts120_Tr60p0_dT5_F1p2_LP20,1.0,120.0,60.0,5.0,1.2,0.2,S2a,385,1640,0.06452280589110719,172.5582233780598,39.785594258885226,0.24130184014532394,0.6043858637035895,19.88241911113682,0.2167310129178368,0.02535812853486385,0.4640372488319893,0.5106046226331468,0.0,1166,89,0
L100_Ts120_Tr60p0_dT5_F1p2_LP20,1.0,120.0,60.0,5.0,1.2,0.2,S2b,365,1640,0.05889871169713166,180.1780462585949,56.32729164115119,0.26985028843248854,0.6076536863221316,60.37084531097459,0.19304979929305333,0.06408673247021086,0.5861809412836836,0.3497323262461056,0.0,1192,83,0
L100_Ts120_Tr60p0_dT5_F1p2_LP30,1.0,120.0,60.0,5.0,1.2,0.3,S1,13,40,0.3291139240506329,177.61915083369303,39.69148870799006,0.2430603646606117,1.0,17.577005603847503,,0.11320754716981132,0.0,0.8867924528301887,0.0,27,0,0
L100_Ts120_Tr60p0_dT5_F1p2_LP30,1.0,120.0,60.0,5.0,1.2,0.3,S2a,451,1640,0.08759727180877734,178.44089008413005,41.390459660832335,0.24090562389651712,0.608758266594255,17.534796154538874,0.13401844669800766,0.031193302175171876,0.49017132284484494,0.4786353749799832,0.0,1092,97,0
L100_Ts120_Tr60p0_dT5_F1p2_LP30,1.0,120.0,60.0,5.0,1.2,0.3,S2b,419,1640,0.07648168240926788,180.34179760297616,54.49654866896117,0.3068036948843577,0.6052234170362775,60.60506325574559,0.2069053122086757,0.088001663716543,0.6153632896318544,0.2966350466516026,0.0,1126,95,0
L100_Ts120_Tr60p0_dT5_F1p2_LP40,1.0,120.0,60.0,5.0,1.2,0.4,S1,15,40,0.379746835443038,175.66729203332278,39.73713164566652,0.2431995571845713,1.0,18.36015388561789,,0.16326530612244897,0.0,0.8367346938775511,0.0,25,0,0
L100_Ts120_Tr60p0_dT5_F1p2_LP40,1.0,120.0,60.0,5.0,1.2,0.4,S2a,524,1640,0.11654081794171275,176.4800011821066,41.19412304613695,0.2410376959794526,0.6055816466197484,18.31772420625869,0.04765969648763857,0.04625248060714537,0.5257449177497443,0.4280026016431103,0.0,1002,114,0
L100_Ts120_Tr60p0_dT5_F1p2_LP40,1.0,120.0,60.0,5.0,1.2,0.4,S2b,493,1640,0.10447601757895013,180.3417976029761,55.445776354037775,0.30680369488435716,0.6048026359369436,60.605063255745605,0.19304979929305333,0.12362884405155665,0.648156294061538,0.22821486188690546,0.0,1038,109,0
L100_Ts120_Tr60p0_dT5_F1p2_LP45,1.0,120.0,60.0,5.0,1.2,0.45,S1,16,40,0.4050632911392405,171.76357443258226,39.0835748656591,0.24347794223248995,1.0,19.925230099292342,,0.1702127659574468,0.0,0.8297872340425532,0.0,24,0,0
L100_Ts120_Tr60p0_dT5_F1p2_LP45,1.0,120.0,60.0,5.0,1.2,0.45,S2a,578,1640,0.14135818584117024,180.5135746814799,40.41948516697505,0.22758518051869153,0.6048734069556984,18.418997542772324,0.006805301630802063,0.055243814302095295,0.5478512494500524,0.3969049362478523,0.0,939,123,0
L100_Ts120_Tr60p0_dT5_F1p2_LP45,1.0,120.0,60.0,5.0,1.2,0.45,S2b,541,1640,0.12485909750557773,180.4073815114982,58.6916902345489,0.32011217418937743,0.6066758129892367,58.74263655567475,0.15454754793869085,0.1485805912997605,0.6654561485622352,0.1859632601380041,0.0,979,120,0
L100_Ts120_Tr60p0_dT10_F0p8_LP20,1.0,120.0,60.0,10.0,0.8,0.2,S1,7,40,0.17721518987341772,109.3040928207342,23.124239227708017,0.2479321029991884,1.0,21.6022170063124,,0.06153846153846154,0.0,0.9384615384615385,0.0,33,0,0
L100_Ts120_Tr60p0_dT10_F0p8_LP20,1.0,120.0,60.0,10.0,0.8,0.2,S2a,236,1640,0.02612456316701126,109.80977851331079,25.064946205006095,0.24552814679926746,0.6183757472346161,21.478870489488422,0.2297925176860467,0.011641144280862801,0.34682363762950963,0.6415352180896278,0.0,1330,74,0
L100_Ts120_Tr60p0_dT10_F0p8_LP20,1.0,120.0,60.0,10.0,0.8,0.2,S2b,227,1640,0.024783576910032922,120.22786506865074,35.3485998009329,0.31093995700617044,0.621332063852167,59.19990649141019,0.08417563689797092,0.03427254963501734,0.45724309672587604,0.5084843536391066,0.0,1348,65,0
L100_Ts120_Tr60p0_dT10_F0p8_LP30,1.0,120.0,60.0,10.0,0.8,0.3,S1,8,40,0.20253164556962025,109.30409282073418,23.619306735107557,0.24793210299918841,1.0,21.602217006312408,,0.09523809523809523,0.0,0.9047619047619048,0.0,32,0,0
L100_Ts120_Tr60p0_dT10_F0p8_LP30,1.0,120.0,60.0,10.0,0.8,0.3,S2a,275,1640,0.034978728160654504,120.08507148378834,25.31827768794983,0.2178710138423567,0.6207835561621385,17.639026880345796,0.3138897837275998,0.014416548479627936,0.37285405791103876,0.6127293936093332,0.0,1283,82,0
L100_Ts120_Tr60p0_dT10_F0p8_LP30,1.0,120.0,60.0,10.0,0.8,0.3,S2b,260,1640,0.031949380765811886,120.22786506865076,35.60193128387664,0.31093995700617044,0.62564477069253,59.19990649141019,0.21684371589328677,0.04454994362091566,0.49063845880046125,0.46481159757862306,0.0,1304,76,0
L100_Ts120_Tr60p0_dT10_F0p8_LP40,1.0,120.0,60.0,10.0,0.8,0.4,S1,10,40,0.25316455696202533,117.11152802221518,25.98542724266531,0.2473753329033515,1.0,17.22037334310268,,0.1016949152542373,0.0,0.8983050847457628,0.0,30,0,0
L100_Ts120_Tr60p0_dT10_F0p8_LP40,1.0,120.0,60.0,10.0,0.8,0.4,S2a,330,1640,0.0492620344164071,117.6533341214044,27.44241864313574,0.24499985846752362,0.6291611238517345,17.089696812120636,0.21406969426196198,0.018085675726506448,0.405466194121207,0.5764481301522866,0.0,1219,91,0
L100_Ts120_Tr60p0_dT10_F0p8_LP40,1.0,120.0,60.0,10.0,0.8,0.4,S2b,308,1640,0.04357960137671551,119.56360171380676,38.50171770335339,0.3342898785050358,0.6296997477682835,58.62126633296057,0.08084634787924827,0.06269276299950235,0.5342872933355526,0.40301994366494504,0.0,1243,89,0
L100_Ts120_Tr60p0_dT10_F0p8_LP45,1.0,120.0,60.0,10.0,0.8,0.45,S1,11,40,0.27848101265822783,118.0874574224003,26.46663885827013,0.24730573664137132,1.0,16.67226837947843,,0.10526315789473684,0.0,0.8947368421052632,0.0,29,0,0
L100_Ts120_Tr60p0_dT10_F0p8_LP45,1.0,120.0,60.0,10.0,0.8,0.45,S2a,361,1640,0.05867866060649587,118.63377857241612,27.80254915958608,0.2449338224260553,0.6320081445252588,16.54069204397843,0.11297863496383798,0.022340809089879878,0.4277139956900276,0.5499451952200926,0.0,1178,101,0
L100_Ts120_Tr60p0_dT10_F0p8_LP45,1.0,120.0,60.0,10.0,0.8,0.45,S2b,336,1640,0.051546854575537746,120.27158767433212,39.34505433097979,0.32497679515457656,0.6299032855951366,58.03505011585273,0.3581188293826152,0.07451555350242374,0.5574350068832837,0.36804943961429243,0.0,1206,98,0
L100_Ts120_Tr60p0_dT10_F1p0_LP20,1.0,120.0,60.0,10.0,1.0,0.2,S1,9,40,0.22784810126582278,140.53383362665824,30.55411439777356,0.24570502261583932,1.0,18.050661969546177,,0.06557377049180328,0.0,0.9344262295081968,0.0,31,0,0
L100_Ts120_Tr60p0_dT10_F1p0_LP20,1.0,120.0,60.0,10.0,1.0,0.2,S2a,296,1640,0.04020075834827419,141.18400094568528,32.49482137507164,0.24341499347229528,0.629358627950109,17.964259752928662,0.2377442659266613,0.015014277180895397,0.41470242897343457,0.5702832938456699,0.0,1248,96,0
L100_Ts120_Tr60p0_dT10_F1p0_LP20,1.0,120.0,60.0,10.0,1.0,0.2,S2b,281,1640,0.036939399016850664,150.02439716098772,45.11812070377141,0.28553831776205185,0.6282845926194546,58.75464539950508,0.023496929252150522,0.04627472463450047,0.5313640102915816,0.4223612650739178,0.0,1271,88,0
L100_Ts120_Tr60p0_dT10_F1p0_LP30,1.0,120.0,60.0,10.0,1.0,0.3,S1,11,40,0.27848101265822783,150.2931276285095,33.34249105977085,0.2450090599960429,1.0,13.517385457993946,,0.07017543859649122,0.0,0.9298245614035088,0.0,29,0,0
L100_Ts120_Tr60p0_dT10_F1p0_LP30,1.0,120.0,60.0,10.0,1.0,0.3,S2a,352,1640,0.056119313112638736,150.2931276285095,35.041462012613124,0.2450090599960429,0.6348067959339766,13.517385457993946,0.05753057377842197,0.016052279945571048,0.4418735941122342,0.5420741259421948,0.0,1188,100,0
L100_Ts120_Tr60p0_dT10_F1p0_LP30,1.0,120.0,60.0,10.0,1.0,0.3,S2b,325,1640,0.0486264329545977,150.28483133581344,44.663187551189935,0.3088718259452633,0.6302782685728787,57.43061563677966,0.03771110017046553,0.062058164124357086,0.5645218702208169,0.37341996565482594,0.0,1216,99,0
L100_Ts120_Tr60p0_dT10_F1p0_LP40,1.0,120.0,60.0,10.0,1.0,0.4,S1,12,40,0.3037974683544304,140.53383362665824,31.54479278087831,0.24570502261583932,1.0,18.050661969546177,,0.10909090909090909,0.0,0.8909090909090909,0.0,28,0,0
L100_Ts120_Tr60p0_dT10_F1p0_LP40,1.0,120.0,60.0,10.0,1.0,0.4,S2a,407,1640,0.07378366671128145,150.20251806503148,33.00178418134874,0.226627153567427,0.6302502519333775,15.383468614776596,0.12741348044461986,0.02384663609310112,0.4782366813399937,0.4979166825669052,0.0,1112,121,0
L100_Ts120_Tr60p0_dT10_F1p0_LP40,1.0,120.0,60.0,10.0,1.0,0.4,S2b,382,1640,0.06597309965711948,150.02439716098772,47.03889815100308,0.28553831776205185,0.6315836180102397,58.14028056767401,0.29809165481756494,0.08503272333589049,0.6063016605363553,0.3086656161277543,0.0,1141,117,0
L100_Ts120_Tr60p0_dT10_F1p0_LP45,1.0,120.0,60.0,10.0,1.0,0.45,S1,14,40,0.35443037974683544,150.2931276285095,34.086111136443265,0.2450090599960429,1.0,13.517385457993946,,0.11764705882352941,0.0,0.8823529411764706,0.0,26,0,0
L100_Ts120_Tr60p0_dT10_F1p0_LP45,1.0,120.0,60.0,10.0,1.0,0.45,S2a,451,1640,0.08984391724657435,150.2931276285095,35.42202143775921,0.2450090599960429,0.633538527817041,13.517385457993946,0.10291360816684048,0.028995962471773447,0.5006509251334267,0.47035311239479993,0.0,1057,132,0
L100_Ts120_Tr60p0_dT10_F1p0_LP45,1.0,120.0,60.0,10.0,1.0,0.45,S2b,419,1640,0.07858133201225737,149.8656467258341,47.165826252815805,0.29027248110166565,0.6299740717517833,58.14028056767401,0.031533474700150776,0.10140071031701733,0.6305601233321627,0.2680391663508201,0.0,1094,127,0
L100_Ts120_Tr60p0_dT10_F1p2_LP20,1.0,120.0,60.0,10.0,1.2,0.2,S1,11,40,0.27848101265822783,171.7635744325823,37.84488728158715,0.2434779422324899,1.0,14.925230099292335,,0.07017543859649122,0.0,0.9298245614035088,0.0,29,0,0
L100_Ts120_Tr60p0_dT10_F1p2_LP20,1.0,120.0,60.0,10.0,1.2,0.2,S2a,356,1640,0.05728941466639223,172.5582233780598,39.785594258885226,0.24130184014532394,0.6363999718716259,14.88241911113682,0.14600244323259304,0.016269352212586335,0.47215761005666357,0.5115730377307501,0.0,1166,118,0
L100_Ts120_Tr60p0_dT10_F1p2_LP20,1.0,120.0,60.0,10.0,1.2,0.2,S2b,335,1640,0.051859499353684585,180.1780462585949,56.32729164115119,0.26985028843248854,0.640229687335452,55.37084531097459,0.20597812245209113,0.056157063668639866,0.5959420088107156,0.3479009275206445,0.0,1192,113,0
L100_Ts120_Tr60p0_dT10_F1p2_LP30,1.0,120.0,60.0,10.0,1.2,0.3,S1,13,40,0.3291139240506329,177.61915083369303,39.69148870799006,0.2430603646606117,1.0,12.577005603847503,,0.07547169811320754,0.0,0.9245283018867925,0.0,27,0,0
L100_Ts120_Tr60p0_dT10_F1p2_LP30,1.0,120.0,60.0,10.0,1.2,0.3,S2a,415,1640,0.07708262958054908,178.44089008413005,41.390459660832335,0.24090562389651712,0.6421026345906288,12.534796154538874,0.28552869931671765,0.019211230248581367,0.5012957142035525,0.47949305554786625,0.0,1092,133,0
L100_Ts120_Tr60p0_dT10_F1p2_LP30,1.0,120.0,60.0,10.0,1.2,0.3,S2b,387,1640,0.068102419543453,180.34179760297616,54.49654866896117,0.3068036948843577,0.6368681537851342,55.60506325574559,0.12009549142355169,0.075215234587109,0.6290404185445729,0.2957443468683182,0.0,1126,127,0
L100_Ts120_Tr60p0_dT10_F1p2_LP40,1.0,120.0,60.0,10.0,1.2,0.4,S1,15,40,0.379746835443038,175.66729203332278,39.73713164566652,0.2431995571845713,1.0,13.36015388561789,,0.12244897959183673,0.0,0.8775510204081632,0.0,25,0,0
L100_Ts120_Tr60p0_dT10_F1p2_LP40,1.0,120.0,60.0,10.0,1.2,0.4,S2a,485,1640,0.10339518569633513,176.4800011821066,41.19412304613695,0.2410376959794526,0.6374412588775324,13.317724206258688,0.15806582379588718,0.02970286169046577,0.5402404407816762,0.430056697527858,0.0,1002,153,0
L100_Ts120_Tr60p0_dT10_F1p2_LP40,1.0,120.0,60.0,10.0,1.2,0.4,S2b,455,1640,0.09267259100227086,180.3417976029761,55.445776354037775,0.30680369488435716,0.6366310057902814,55.605063255745605,0.09902506566952596,0.10664591067808532,0.6659755401733561,0.22737854914855848,0.0,1038,147,0
L100_Ts120_Tr60p0_dT10_F1p2_LP45,1.0,120.0,60.0,10.0,1.2,0.45,S1,16,40,0.4050632911392405,171.76357443258226,39.0835748656591,0.24347794223248995,1.0,14.925230099292342,,0.1276595744680851,0.0,0.8723404255319149,0.0,24,0,0
L100_Ts120_Tr60p0_dT10_F1p2_LP45,1.0,120.0,60.0,10.0,1.2,0.45,S2a,532,1640,0.12380685608588035,180.5135746814799,40.41948516697505,0.22758518051869153,0.6366095327722073,13.418997542772324,0.05621770040803753,0.035439294565209355,0.5655038497412522,0.3990568556935384,0.0,939,169,0
L100_Ts120_Tr60p0_dT10_F1p2_LP45,1.0,120.0,60.0,10.0,1.2,0.45,S2b,499,1640,0.11038212113994865,180.4073815114982,58.6916902345489,0.32011217418937743,0.6379190605795816,53.74263655567475,0.20597812245208402,0.12901822178636152,0.6856730035957902,0.18530877461784814,0.0,979,162,0
L100_Ts120_Tr60p0_dT15_F0p8_LP20,1.0,120.0,60.0,15.0,0.8,0.2,S1,7,40,0.17721518987341772,109.3040928207342,23.124239227708017,0.2479321029991884,1.0,16.6022170063124,,0.06153846153846154,0.0,0.9384615384615385,0.0,33,0,0
L100_Ts120_Tr60p0_dT15_F0p8_LP20,1.0,120.0,60.0,15.0,0.8,0.2,S2a,213,1640,0.02247445160897771,109.80977851331079,25.064946205006095,0.24552814679926746,0.6576636160183266,16.478870489488422,0.4191534253004434,0.007528900819430584,0.3509710597158099,0.6415000394647594,0.0,1330,97,0
L100_Ts120_Tr60p0_dT15_F0p8_LP20,1.0,120.0,60.0,15.0,0.8,0.2,S2b,203,1640,0.02112917471572956,120.22786506865074,35.3485998009329,0.31093995700617044,0.6599587549844985,54.19990649141019,0.21951329178487455,0.031235250085591127,0.4621787124675006,0.5065860374469082,0.0,1348,89,0
L100_Ts120_Tr60p0_dT15_F0p8_LP30,1.0,120.0,60.0,15.0,0.8,0.3,S1,8,40,0.20253164556962025,109.30409282073418,23.619306735107557,0.24793210299918841,1.0,16.602217006312408,,0.06349206349206349,0.0,0.9365079365079365,0.0,32,0,0
L100_Ts120_Tr60p0_dT15_F0p8_LP30,1.0,120.0,60.0,15.0,0.8,0.3,S2a,248,1640,0.029888604364789774,120.08507148378834,25.31827768794983,0.2178710138423567,0.65539407082631,12.639026880345796,0.07231294420072842,0.008995637629602489,0.37823686024340897,0.6127675021269886,0.0,1283,109,0
L100_Ts120_Tr60p0_dT15_F0p8_LP30,1.0,120.0,60.0,15.0,0.8,0.3,S2b,234,1640,0.027553050443575446,120.22786506865076,35.60193128387664,0.31093995700617044,0.6615432230803571,54.19990649141019,0.04775621898545879,0.040617487462735385,0.4966722792762469,0.46271023326101773,0.0,1304,102,0
L100_Ts120_Tr60p0_dT15_F0p8_LP40,1.0,120.0,60.0,15.0,0.8,0.4,S1,10,40,0.25316455696202533,117.11152802221518,25.98542724266531,0.2473753329033515,1.0,12.220373343102679,,0.06779661016949153,0.0,0.9322033898305084,0.0,30,0,0
L100_Ts120_Tr60p0_dT15_F0p8_LP40,1.0,120.0,60.0,15.0,0.8,0.4,S2a,299,1640,0.042690680419693185,117.6533341214044,27.44241864313574,0.24499985846752362,0.6660864438046437,12.089696812120636,0.11094762593066676,0.010479167967513234,0.41270734120085406,0.5768134908316326,0.0,1219,122,0
L100_Ts120_Tr60p0_dT15_F0p8_LP40,1.0,120.0,60.0,15.0,0.8,0.4,S2b,277,1640,0.03751011740878752,119.56360171380676,38.50171770335339,0.3342898785050358,0.6681936093956402,53.62126633296057,0.29935093584368744,0.057346011966902005,0.5421754976665962,0.4004784903665019,0.0,1243,120,0
L100_Ts120_Tr60p0_dT15_F0p8_LP45,1.0,120.0,60.0,15.0,0.8,0.45,S1,11,40,0.27848101265822783,118.0874574224003,26.46663885827013,0.24730573664137132,1.0,11.672268379478432,,0.07017543859649122,0.0,0.9298245614035088,0.0,29,0,0
L100_Ts120_Tr60p0_dT15_F0p8_LP45,1.0,120.0,60.0,15.0,0.8,0.45,S2a,326,1640,0.05043211330056986,118.63377857241612,27.80254915958608,0.2449338224260553,0.6688195826690486,11.540692043978432,0.05026493740046334,0.012448157434942705,0.43712473812155656,0.5504271044435007,0.0,1178,136,0
L100_Ts120_Tr60p0_dT15_F0p8_LP45,1.0,120.0,60.0,15.0,0.8,0.45,S2b,304,1640,0.044700840434370795,120.27158767433212,39.34505433097979,0.32497679515457656,0.6657340032041169,53.03505011585273,0.27390387695363927,0.06736325632652733,0.5672248774758614,0.3654118661976114,0.0,1206,130,0
L100_Ts120_Tr60p0_dT15_F1p0_LP20,1.0,120.0,60.0,15.0,1.0,0.2,S1,9,40,0.22784810126582278,140.53383362665824,30.55411439777356,0.24570502261583932,1.0,13.050661969546177,,0.06557377049180328,0.0,0.9344262295081968,0.0,31,0,0
L100_Ts120_Tr60p0_dT15_F1p0_LP20,1.0,120.0,60.0,15.0,1.0,0.2,S2a,268,1640,0.03465588470449531,141.18400094568528,32.49482137507164,0.24341499347229528,0.6640333344596342,12.964259752928662,0.1308465255408926,0.008717307097472943,0.42097179820018077,0.5703108947023463,0.0,1248,124,0
L100_Ts120_Tr60p0_dT15_F1p0_LP20,1.0,120.0,60.0,15.0,1.0,0.2,S2b,252,1640,0.03136636082514993,150.02439716098772,45.11812070377141,0.28553831776205185,0.6624794631444267,53.75464539950508,0.07151706413564796,0.04187430012488253,0.5381944923232129,0.41993120755190444,0.0,1271,117,0
L100_Ts120_Tr60p0_dT15_F1p0_LP30,1.0,120.0,60.0,15.0,1.0,0.3,S1,11,40,0.27848101265822783,150.2931276285095,33.34249105977085,0.2450090599960429,1.0,8.517385457993946,,0.03508771929824561,0.0,0.9649122807017544,0.0,29,0,0
L100_Ts120_Tr60p0_dT15_F1p0_LP30,1.0,120.0,60.0,15.0,1.0,0.3,S2a,316,1640,0.04764862275575483,150.2931276285095,35.041462012613124,0.2450090599960429,0.6709801469432606,8.517385457993946,0.04263297519955245,0.008811709857887895,0.44941967447261044,0.5417686156695016,0.0,1188,136,0
L100_Ts120_Tr60p0_dT15_F1p0_LP30,1.0,120.0,60.0,15.0,1.0,0.3,S2b,291,1640,0.041500557163463556,150.28483133581344,44.663187551189935,0.3088718259452633,0.6680355261599823,52.43061563677966,0.24360653418133182,0.054923079076920324,0.5744331115958059,0.3706438093272738,0.0,1216,133,0
L100_Ts120_Tr60p0_dT15_F1p0_LP40,1.0,120.0,60.0,15.0,1.0,0.4,S1,12,40,0.3037974683544304,140.53383362665824,31.54479278087831,0.24570502261583932,1.0,13.050661969546177,,0.07272727272727272,0.0,0.9272727272727272,0.0,28,0,0
L100_Ts120_Tr60p0_dT15_F1p0_LP40,1.0,120.0,60.0,15.0,1.0,0.4,S2a,366,1640,0.06265888620000268,150.20251806503148,33.00178418134874,0.226627153567427,0.6660018598645882,10.383468614776596,0.042632975199556,0.01407024316008366,0.48801775436898653,0.4979120024709299,0.0,1112,162,0
L100_Ts120_Tr60p0_dT15_F1p0_LP40,1.0,120.0,60.0,15.0,1.0,0.4,S2b,343,1640,0.05611602699485726,150.02439716098772,47.03889815100308,0.28553831776205185,0.6671777342095591,53.14028056767401,0.15786002189156179,0.07629276023383924,0.6182650488617698,0.3054421909043909,0.0,1141,156,0
L100_Ts120_Tr60p0_dT15_F1p0_LP45,1.0,120.0,60.0,15.0,1.0,0.45,S1,14,40,0.35443037974683544,150.2931276285095,34.086111136443265,0.2450090599960429,1.0,8.517385457993946,,0.0784313725490196,0.0,0.9215686274509803,0.0,26,0,0
L100_Ts120_Tr60p0_dT15_F1p0_LP45,1.0,120.0,60.0,15.0,1.0,0.45,S2a,405,1640,0.0763838829513125,150.2931276285095,35.42202143775921,0.2450090599960429,0.6716616334445927,8.517385457993946,0.08788270723292868,0.015780314361330035,0.5135234095714877,0.47069627606718234,0.0,1057,178,0
L100_Ts120_Tr60p0_dT15_F1p0_LP45,1.0,120.0,60.0,15.0,1.0,0.45,S2b,376,1640,0.06689510132579204,149.8656467258341,47.165826252815805,0.29027248110166565,0.6668379050956543,53.14028056767401,0.22512063195323861,0.09091875175043822,0.6443990115809607,0.264682236668601,0.0,1094,170,0
L100_Ts120_Tr60p0_dT15_F1p2_LP20,1.0,120.0,60.0,15.0,1.2,0.2,S1,11,40,0.27848101265822783,171.7635744325823,37.84488728158715,0.2434779422324899,1.0,9.925230099292335,,0.03508771929824561,0.0,0.9649122807017544,0.0,29,0,0
L100_Ts120_Tr60p0_dT15_F1p2_LP20,1.0,120.0,60.0,15.0,1.2,0.2,S2a,319,1640,0.048546553044935846,172.5582233780598,39.785594258885226,0.24130184014532394,0.6738110971631557,9.88241911113682,0.18865932926999207,0.008508618844044422,0.48051797840689675,0.5109734027490588,0.0,1166,155,0
L100_Ts120_Tr60p0_dT15_F1p2_LP20,1.0,120.0,60.0,15.0,1.2,0.2,S2b,300,1640,0.04408927467007357,177.13126179823226,56.32729164115119,0.3291162657108103,0.6764743450568593,50.37084531097459,0.3261132945792653,0.05033353677382572,0.6045934863737672,0.34507297685240707,0.0,1192,148,0
L100_Ts120_Tr60p0_dT15_F1p2_LP30,1.0,120.0,60.0,15.0,1.2,0.3,S1,13,40,0.3291139240506329,177.61915083369303,39.69148870799006,0.2430603646606117,1.0,7.577005603847503,,0.03773584905660377,0.0,0.9622641509433962,0.0,27,0,0
L100_Ts120_Tr60p0_dT15_F1p2_LP30,1.0,120.0,60.0,15.0,1.2,0.3,S2a,374,1640,0.06571057606750691,178.44089008413005,41.390459660832335,0.24090562389651712,0.6765204945874462,7.534796154538874,0.06379060897140221,0.009515657757374537,0.5114955778319618,0.47898876441066374,0.0,1092,174,0
L100_Ts120_Tr60p0_dT15_F1p2_LP30,1.0,120.0,60.0,15.0,1.2,0.3,S2b,348,1640,0.058164472164359375,180.34179760297616,54.49654866896117,0.3068036948843577,0.6715716188036529,50.60506325574559,0.013238941589058584,0.06573118778685771,0.6416450651416866,0.2926237470714557,0.0,1126,166,0
L100_Ts120_Tr60p0_dT15_F1p2_LP40,1.0,120.0,60.0,15.0,1.2,0.4,S1,15,40,0.379746835443038,175.66729203332278,39.73713164566652,0.2431995571845713,1.0,8.36015388561789,,0.08163265306122448,0.0,0.9183673469387755,0.0,25,0,0
L100_Ts120_Tr60p0_dT15_F1p2_LP40,1.0,120.0,60.0,15.0,1.2,0.4,S2a,436,1640,0.087900424798239,176.4800011821066,41.19412304613695,0.2410376959794526,0.6747612308011862,8.317724206258688,0.049054179092518524,0.01528233612425618,0.5542054120713396,0.4305122518044044,0.0,1002,202,0
L100_Ts120_Tr60p0_dT15_F1p2_LP40,1.0,120.0,60.0,15.0,1.2,0.4,S2b,408,1640,0.07863380784909556,180.3417976029761,55.445776354037775,0.30680369488435716,0.6724286561720163,50.605063255745605,0.279632815582854,0.09194662629631035,0.6836278840401327,0.22442548966355677,0.0,1038,194,0
L100_Ts120_Tr60p0_dT15_F1p2_LP45,1.0,120.0,60.0,15.0,1.2,0.45,S1,16,40,0.4050632911392405,171.76357443258226,39.0835748656591,0.24347794223248995,1.0,9.925230099292342,,0.0851063829787234,0.0,0.9148936170212766,0.0,24,0,0
L100_Ts120_Tr60p0_dT15_F1p2_LP45,1.0,120.0,60.0,15.0,1.2,0.45,S2a,478,1640,0.10487087931877387,180.5135746814799,40.41948516697505,0.22758518051869153,0.6716216482406498,8.418997542772324,0.008340274511596135,0.016958914821840535,0.5815821630023326,0.4014589221758269,0.0,939,223,0
L100_Ts120_Tr60p0_dT15_F1p2_LP45,1.0,120.0,60.0,15.0,1.2,0.45,S2b,447,1640,0.09378602733802849,180.4073815114982,58.6916902345489,0.32011217418937743,0.6747620007376787,48.74263655567475,0.08062329169745652,0.11152324313501477,0.7065616639808702,0.18191509288411503,0.0,979,214,0
L100_Ts130_Tr50p0_dT5_F0p8_LP20,1.0,130.0,50.0,5.0,0.8,0.2,S1,10,40,0.25316455696202533,156.14870402962026,34.21688862546182,0.24459148242416445,1.0,10.227893185462634,,0.03389830508474576,0.0,0.9661016949152542,0.0,30,0,0
L100_Ts130_Tr50p0_dT5_F0p8_LP20,1.0,130.0,50.0,5.0,0.8,0.2,S2a,349,1640,0.05370484012124391,156.87111216187253,36.1575956027599,0.24235841680881018,0.6055354563439145,10.064299635676761,0.13635362991193745,0.008296234773880548,0.34026764942046805,0.6514361158056513,0.0,1219,72,0
L100_Ts130_Tr50p0_dT5_F0p8_LP20,1.0,130.0,50.0,5.0,0.8,0.2,S2b,327,1640,0.04766214419862979,160.09042727957345,50.75166222682026,0.2513167921346412,0.6049184520229152,51.02789811708931,0.03566922591792121,0.03865771080661908,0.44594578973935267,0.5153964994540282,0.0,1243,70,0
L100_Ts130_Tr50p0_dT5_F0p8_LP30,1.0,130.0,50.0,5.0,0.8,0.3,S1,11,40,0.27848101265822783,150.2931276285095,33.34249105977085,0.2450090599960429,1.0,13.536013086731032,,0.03508771929824561,0.0,0.9649122807017544,0.0,29,0,0
L100_Ts130_Tr50p0_dT5_F0p8_LP30,1.0,130.0,50.0,5.0,0.8,0.3,S2a,399,1640,0.06924685227363449,160.11342864505113,35.041462012613124,0.21646319393181926,0.5985140307197677,10.909543694918426,0.4275657559443147,0.011364758588430569,0.36421334571785846,0.624421895693711,0.0,1160,81,0
L100_Ts130_Tr50p0_dT5_F0p8_LP30,1.0,130.0,50.0,5.0,0.8,0.3,S2b,377,1640,0.062362270575599024,160.4427580749452,49.60203758919408,0.2849930698155856,0.5999197019184863,53.07812784849912,0.03566922591792121,0.05088396203920673,0.47539602784619056,0.47372001011460274,0.0,1186,77,0
L100_Ts130_Tr50p0_dT5_F0p8_LP40,1.0,130.0,50.0,5.0,0.8,0.4,S1,13,40,0.3291139240506329,152.24498642887974,34.29513366147853,0.24486986747208317,1.0,12.433683356254605,,0.03773584905660377,0.0,0.9622641509433962,0.0,27,0,0
L100_Ts130_Tr50p0_dT5_F0p8_LP40,1.0,130.0,50.0,5.0,0.8,0.4,S2a,471,1640,0.09496837914994097,160.1134286450511,35.75212506194896,0.2164631939318193,0.5978295553239696,10.90954369491844,0.1413158798853189,0.01637672741806302,0.3943532665956765,0.5892700059862606,0.0,1077,92,0
L100_Ts130_Tr50p0_dT5_F0p8_LP40,1.0,130.0,50.0,5.0,0.8,0.4,S2b,442,1640,0.08453667231748715,159.70326827466363,51.25862503309736,0.27076461160561344,0.6035149471305464,51.02789811708931,0.1693504605871894,0.07001739106035275,0.5178681553392671,0.4121144536003801,0.0,1106,92,0
L100_Ts130_Tr50p0_dT5_F0p8_LP45,1.0,130.0,50.0,5.0,0.8,0.45,S1,14,40,0.35443037974683544,150.2931276285095,34.086111136443265,0.2450090599960429,1.0,13.536013086731032,,0.0784313725490196,0.0,0.9215686274509803,0.0,26,0,0
L100_Ts130_Tr50p0_dT5_F0p8_LP45,1.0,130.0,50.0,5.0,0.8,0.45,S2a,516,1640,0.11343262330462121,160.1002938117214,35.932628003221,0.23318998110954675,0.6022847835537395,9.23466791642251,0.026624218383766163,0.01916048700271613,0.4159549455435989,0.564884567453685,0.0,1019,105,0
L100_Ts130_Tr50p0_dT5_F0p8_LP45,1.0,130.0,50.0,5.0,0.8,0.45,S2b,483,1640,0.10035352849337094,160.4427580749452,51.03515343352956,0.2849930698155856,0.6042792967483711,51.65727938544815,0.5590050367181405,0.08558865801465583,0.5375989468322313,0.37681239515311293,0.0,1055,102,0
L100_Ts130_Tr50p0_dT5_F1p0_LP20,1.0,130.0,50.0,5.0,1.0,0.2,S1,12,40,0.3037974683544304,187.37844483554434,41.43811036614943,0.24236440204081494,1.0,11.202998886351395,,0.03636363636363636,0.0,0.9636363636363636,0.0,28,0,0
L100_Ts130_Tr50p0_dT5_F1p0_LP20,1.0,130.0,50.0,5.0,1.0,0.2,S2a,435,1640,0.08188575292246549,200.27002408670867,43.37881734344751,0.2244011123689198,0.6048799836385279,7.753543067497333,0.09761495943025977,0.008556044545499323,0.4067356212696951,0.5847083341848055,0.0,1112,93,0
L100_Ts130_Tr50p0_dT5_F1p0_LP20,1.0,130.0,50.0,5.0,1.0,0.2,S2b,406,1640,0.07214474206175223,200.03252954798364,61.84500894676444,0.28292112761901406,0.6077865853332527,50.25206970032926,0.604894625429516,0.0511356523348473,0.5170484523943736,0.4318158952707791,0.0,1141,93,0
L100_Ts130_Tr50p0_dT5_F1p0_LP30,1.0,130.0,50.0,5.0,1.0,0.3,S1,14,40,0.35443037974683544,191.2821624362848,42.82604996163286,0.24208601699289645,1.0,9.371843254679604,,0.0392156862745098,0.0,0.9607843137254902,0.0,26,0,0
L100_Ts130_Tr50p0_dT5_F1p0_LP30,1.0,130.0,50.0,5.0,1.0,0.3,S2a,499,1640,0.1064153166402632,200.1417858063139,44.525020914475135,0.21505537402128072,0.6043007172460825,9.057785064362292,0.09507562784352075,0.012294748886267033,0.43081397460725096,0.5568912765064821,0.0,1034,107,0
L100_Ts130_Tr50p0_dT5_F1p0_LP30,1.0,130.0,50.0,5.0,1.0,0.3,S2b,468,1640,0.0946174885786315,200.23305624184178,64.15255395378426,0.3227926376537945,0.6089452626889698,47.94912167004169,0.3262142301078441,0.06786506474237826,0.5482465816050396,0.38388835365258206,0.0,1066,106,0
L100_Ts130_Tr50p0_dT5_F1p0_LP40,1.0,130.0,50.0,5.0,1.0,0.4,S1,17,40,0.43037974683544306,199.08959763776582,45.100884593837804,0.2415292468970594,1.0,5.704333138146467,,0.044444444444444446,0.0,0.9555555555555556,0.0,23,0,0
L100_Ts130_Tr50p0_dT5_F1p0_LP40,1.0,130.0,50.0,5.0,1.0,0.4,S2a,587,1640,0.1459606264584266,200.0106680063875,46.55787599430823,0.23945283098422443,0.6117157329414804,5.604703907266199,0.032147108804039704,0.017936043637494993,0.4664502239585788,0.5156137324039262,0.0,925,128,0
L100_Ts130_Tr50p0_dT5_F1p0_LP40,1.0,130.0,50.0,5.0,1.0,0.4,S2b,550,1640,0.12926915444434212,200.03252954798361,63.7223523124577,0.2829211276190141,0.6085955555035777,48.160500807136174,0.03420814143285611,0.097122960912711,0.5855469425507025,0.31733009653658645,0.0,967,123,0
L100_Ts130_Tr50p0_dT5_F1p0_LP45,1.0,130.0,50.0,5.0,1.0,0.45,S1,18,40,0.45569620253164556,193.23402123665505,44.01529102988877,0.24194682446893748,1.0,8.455620212468872,,0.046511627906976744,0.0,0.9534883720930233,0.0,22,0,0
L100_Ts130_Tr50p0_dT5_F1p0_LP45,1.0,130.0,50.0,5.0,1.0,0.45,S2a,641,1640,0.17280593051692564,200.20557762168917,45.35120133120472,0.2197975544453086,0.6058516538051706,8.35650148504574,0.045631820537579415,0.023328375018549414,0.4885915744232719,0.4880800505581787,0.0,860,139,0
L100_Ts130_Tr50p0_dT5_F1p0_LP45,1.0,130.0,50.0,5.0,1.0,0.45,S2b,600,1640,0.15278512965034102,200.37983947945332,62.47889985485426,0.2594609570474519,0.6061537711482479,50.11528944198115,0.08278848094489888,0.12288880001052915,0.6043637853910369,0.272747414598434,0.0,905,135,0
L100_Ts130_Tr50p0_dT5_F1p2_LP20,1.0,130.0,50.0,5.0,1.2,0.2,S1,15,40,0.379746835443038,234.2230560444304,52.00912619045869,0.2390237814657916,1.0,4.674626179787666,,0.0,0.0,1.0,0.0,25,0,0
L100_Ts130_Tr50p0_dT5_F1p2_LP20,1.0,130.0,50.0,5.0,1.2,0.2,S2a,515,1640,0.11344395264324483,235.3066682428088,53.949833167756765,0.23707553349138158,0.6134538327097091,4.648432264371351,0.0010360312860200338,0.010166099917368101,0.46316928757619896,0.5266646125064329,0.0,1002,123,0
L100_Ts130_Tr50p0_dT5_F1p2_LP20,1.0,130.0,50.0,5.0,1.2,0.2,S2b,482,1640,0.10083585921565912,240.4557301373015,72.70670723183775,0.30266743276254476,0.6139539573239728,46.79337836352305,0.06442829436401354,0.06592144052992256,0.5763287918060683,0.3577497676640092,0.0,1038,120,0
L100_Ts130_Tr50p0_dT5_F1p2_LP30,1.0,130.0,50.0,5.0,1.2,0.3,S1,17,40,0.43037974683544306,232.27119724406015,52.06998344069393,0.23916297398975106,1.0,5.470962696121077,,0.0,0.0,1.0,0.0,23,0,0
L100_Ts130_Tr50p0_dT5_F1p2_LP30,1.0,130.0,50.0,5.0,1.2,0.3,S2a,592,1640,0.14888954739101637,240.17014296757668,53.768954393536205,0.213647554110743,0.612634004918372,5.443872192052567,0.2551435150957957,0.012134129302026266,0.4912867745783766,0.4965790961195971,0.0,906,142,0
L100_Ts130_Tr50p0_dT5_F1p2_LP30,1.0,130.0,50.0,5.0,1.2,0.3,S2b,555,1640,0.1321932164699106,240.45573013730152,73.63120340565945,0.3026674327625447,0.6130440704305288,46.79337836352305,0.06442829436401354,0.08872229328303767,0.605941769722432,0.3053359369945303,0.0,948,137,0
L100_Ts130_Tr50p0_dT5_F1p2_LP40,1.0,130.0,50.0,5.0,1.2,0.4,S1,20,40,0.5063291139240507,234.22305604443036,52.999804573563324,0.23902378146579115,1.0,4.67462617978768,,0.0,0.0,1.0,0.0,20,0,0
L100_Ts130_Tr50p0_dT5_F1p2_LP40,1.0,130.0,50.0,5.0,1.2,0.4,S2a,696,1640,0.20349129379153702,240.17014296757665,54.45679597403375,0.21364755411074302,0.6124353357152276,4.648432264371351,0.0010360312860271392,0.018723943542198192,0.5306691402227168,0.450606916235085,0.0,780,164,0
L100_Ts130_Tr50p0_dT5_F1p2_LP40,1.0,130.0,50.0,5.0,1.2,0.4,S2b,653,1640,0.18090295027181771,240.37141342906042,75.89289954143453,0.2896877167296018,0.6141948071057379,45.13824121303084,0.0002597562985613422,0.1284111128299173,0.6373042273090199,0.23428465986106287,0.0,828,159,0
L100_Ts130_Tr50p0_dT5_F1p2_LP45,1.0,130.0,50.0,5.0,1.2,0.45,S1,22,40,0.5569620253164557,236.1749148448006,53.681480663389266,0.23888458894183218,1.0,3.8777819932485613,,0.0,0.0,1.0,0.0,18,0,0
L100_Ts130_Tr50p0_dT5_F1p2_LP45,1.0,130.0,50.0,5.0,1.2,0.45,S2a,761,1640,0.24228798562638795,240.512415523002,55.017390964705214,0.21128780430124477,0.6139058692515214,3.8525121201352874,0.043856847583725767,0.02248961615492278,0.5578849129022374,0.4196254709428398,0.0,699,180,0
L100_Ts130_Tr50p0_dT5_F1p2_LP45,1.0,130.0,50.0,5.0,1.2,0.45,S2b,715,1640,0.21581075210090603,240.6641371124178,77.35401313471482,0.280794660627795,0.6139630213274597,44.11626503031687,0.10436084239643861,0.1600465006986332,0.6532425090947886,0.18671099020657805,0.0,753,172,0
L100_Ts130_Tr50p0_dT10_F0p8_LP20,1.0,130.0,50.0,10.0,0.8,0.2,S1,10,40,0.25316455696202533,156.14870402962026,34.21688862546182,0.24459148242416445,1.0,5.227893185462634,,0.0,0.0,1.0,0.0,30,0,0
L100_Ts130_Tr50p0_dT10_F0p8_LP20,1.0,130.0,50.0,10.0,0.8,0.2,S2a,330,1640,0.0492620344164071,156.87111216187253,36.1575956027599,0.24235841680881018,0.6291611238517345,5.064299635676761,0.3078001311750356,0.0030122875243947327,0.34444914882441496,0.6525385636511903,0.0,1219,91,0
L100_Ts130_Tr50p0_dT10_F0p8_LP20,1.0,130.0,50.0,10.0,0.8,0.2,S2b,308,1640,0.0435796013767155,159.41813561840902,50.75166222682026,0.33070814657057207,0.6296997477682839,46.02789811708931,0.052869754671576175,0.033042291258064856,0.45262794898698355,0.5143297597549515,0.0,1243,89,0
L100_Ts130_Tr50p0_dT10_F0p8_LP30,1.0,130.0,50.0,10.0,0.8,0.3,S1,11,40,0.27848101265822783,150.2931276285095,33.34249105977085,0.2450090599960429,1.0,8.536013086731032,,0.03508771929824561,0.0,0.9649122807017544,0.0,29,0,0
L100_Ts130_Tr50p0_dT10_F0p8_LP30,1.0,130.0,50.0,10.0,0.8,0.3,S2a,376,1640,0.06301913148877615,160.11342864505113,35.041462012613124,0.21646319393181926,0.6211138752323511,5.909543694918426,0.01371862998808382,0.0058235096612226445,0.36931959813797655,0.6248568922008008,0.0,1160,104,0
L100_Ts130_Tr50p0_dT10_F0p8_LP30,1.0,130.0,50.0,10.0,0.8,0.3,S2b,354,1640,0.056755113273297034,160.4427580749452,49.60203758919408,0.2849930698155856,0.6243806889978246,48.07812784849912,0.01342317182896835,0.04336412934633333,0.484413691649878,0.4722221790037887,0.0,1186,100,0
L100_Ts130_Tr50p0_dT10_F0p8_LP40,1.0,130.0,50.0,10.0,0.8,0.4,S1,13,40,0.3291139240506329,152.24498642887974,34.29513366147853,0.24486986747208317,1.0,7.433683356254605,,0.03773584905660377,0.0,0.9622641509433962,0.0,27,0,0
L100_Ts130_Tr50p0_dT10_F0p8_LP40,1.0,130.0,50.0,10.0,0.8,0.4,S2a,443,1640,0.08619302134553808,160.1134286450511,35.75212506194896,0.2164631939318193,0.6221863887054898,5.90954369491844,0.11077028709967607,0.00801760237877543,0.40121099780178743,0.5907713998194372,0.0,1077,120,0
L100_Ts130_Tr50p0_dT10_F0p8_LP40,1.0,130.0,50.0,10.0,0.8,0.4,S2b,418,1640,0.0778964814923377,159.70326827466363,51.25862503309736,0.27076461160561344,0.6264203402147315,46.02789811708931,0.013423171828975455,0.059628110580687274,0.5276861755497336,0.4126857138695791,0.0,1106,116,0
L100_Ts130_Tr50p0_dT10_F0p8_LP45,1.0,130.0,50.0,10.0,0.8,0.45,S1,14,40,0.35443037974683544,150.2931276285095,34.086111136443265,0.2450090599960429,1.0,8.536013086731032,,0.0392156862745098,0.0,0.9607843137254902,0.0,26,0,0
L100_Ts130_Tr50p0_dT10_F0p8_LP45,1.0,130.0,50.0,10.0,0.8,0.45,S2a,488,1640,0.10416229604545656,160.1002938117214,35.932628003221,0.23318998110954675,0.6257057340221881,4.234667916422509,0.09692513921314116,0.007217787410870292,0.42489884003051265,0.567883372558617,0.0,1019,133,0
L100_Ts130_Tr50p0_dT10_F0p8_LP45,1.0,130.0,50.0,10.0,0.8,0.45,S2b,457,1640,0.09247695844365535,160.4427580749452,51.03515343352956,0.2849930698155856,0.6267775451589201,46.65727938544815,0.2053027069440816,0.07330681345993238,0.5492282925963563,0.37746489394371135,0.0,1055,128,0
L100_Ts130_Tr50p0_dT10_F1p0_LP20,1.0,130.0,50.0,10.0,1.0,0.2,S1,12,40,0.3037974683544304,187.37844483554434,41.43811036614943,0.24236440204081494,1.0,6.202998886351395,,0.0,0.0,1.0,0.0,28,0,0
L100_Ts130_Tr50p0_dT10_F1p0_LP20,1.0,130.0,50.0,10.0,1.0,0.2,S2a,407,1640,0.07378366671128145,200.27002408670867,43.37881734344751,0.2244011123689198,0.6302502519333776,2.7535430674973327,0.1709888374534998,0.002361155137951265,0.41288923201853295,0.5847496128435158,0.0,1112,121,0
L100_Ts130_Tr50p0_dT10_F1p0_LP20,1.0,130.0,50.0,10.0,1.0,0.2,S2b,382,1640,0.0659730996571195,200.03252954798364,61.84500894676444,0.28292112761901406,0.6315836180102395,45.25206970032926,0.3073894222047713,0.04414271826555078,0.5254905312278946,0.4303667505065547,0.0,1141,117,0
L100_Ts130_Tr50p0_dT10_F1p0_LP30,1.0,130.0,50.0,10.0,1.0,0.3,S1,14,40,0.35443037974683544,191.2821624362848,42.82604996163286,0.24208601699289645,1.0,4.371843254679604,,0.0,0.0,1.0,0.0,26,0,0
L100_Ts130_Tr50p0_dT10_F1p0_LP30,1.0,130.0,50.0,10.0,1.0,0.3,S2a,468,1640,0.09607484791149319,200.1417858063139,44.525020914475135,0.21505537402128072,0.6289019275821341,4.057785064362292,0.12844300237464523,0.003848452901421057,0.4384541010519032,0.5576974460466758,0.0,1034,138,0
L100_Ts130_Tr50p0_dT10_F1p0_LP30,1.0,130.0,50.0,10.0,1.0,0.3,S2b,439,1640,0.08581991871439254,200.23305624184178,64.15255395378426,0.3227926376537945,0.6333170511147296,42.94912167004169,0.4503794111449366,0.05788217866274857,0.5594688977158744,0.38264892362137704,0.0,1066,135,0
L100_Ts130_Tr50p0_dT10_F1p0_LP40,1.0,130.0,50.0,10.0,1.0,0.4,S1,17,40,0.43037974683544306,199.08959763776582,45.100884593837804,0.2415292468970594,1.0,0.7043331381464668,,0.0,0.0,1.0,0.0,23,0,0
L100_Ts130_Tr50p0_dT10_F1p0_LP40,1.0,130.0,50.0,10.0,1.0,0.4,S2a,554,1640,0.13356367009993078,200.0106680063875,46.55787599430823,0.23945283098422443,0.6357984946066635,0.6047039072661988,0.12844300237464523,0.004720568096014122,0.47680116485961976,0.518478267044366,0.0,925,161,0
L100_Ts130_Tr50p0_dT10_F1p0_LP40,1.0,130.0,50.0,10.0,1.0,0.4,S2b,517,1640,0.11782955709312468,200.03252954798361,63.7223523124577,0.2829211276190141,0.6332645010156078,43.160500807136174,0.029520723812737515,0.08247112633187,0.5998626495402798,0.3176662241278502,0.0,967,156,0
L100_Ts130_Tr50p0_dT10_F1p0_LP45,1.0,130.0,50.0,10.0,1.0,0.45,S1,18,40,0.45569620253164556,193.23402123665505,44.01529102988877,0.24194682446893748,1.0,3.4556202124688724,,0.0,0.0,1.0,0.0,22,0,0
L100_Ts130_Tr50p0_dT10_F1p0_LP45,1.0,130.0,50.0,10.0,1.0,0.45,S2a,600,1640,0.15558397549836664,200.20557762168917,45.35120133120472,0.2197975544453086,0.6320626612817587,3.35650148504574,0.5190865071487956,0.006802003615319564,0.502073074570236,0.4911249218144445,0.0,860,180,0
L100_Ts130_Tr50p0_dT10_F1p0_LP45,1.0,130.0,50.0,10.0,1.0,0.45,S2b,564,1640,0.1388506899088868,199.52619390518961,62.47889985485426,0.30104975110706406,0.6300718438964658,45.11528944198115,0.12579196348315236,0.10182673047547426,0.6226412918371033,0.27553197768742244,0.0,905,171,0
L100_Ts130_Tr50p0_dT10_F1p2_LP20,1.0,130.0,50.0,10.0,1.2,0.2,S1,14,40,0.35443037974683544,218.6081856414684,48.5202298205852,0.24013732165746585,1.0,6.031427070848395,,0.0,0.0,1.0,0.0,25,0,1
L100_Ts130_Tr50p0_dT10_F1p2_LP20,1.0,130.0,50.0,10.0,1.2,0.2,S2a,483,1640,0.10262466194397862,234.6935341207286,53.1655727186685,0.23520298639642026,0.6348446256905637,0.30787118984693507,0.08015380726168786,0.0023090901573429427,0.4705257809526278,0.5271651288900292,0.0,1002,153,2
L100_Ts130_Tr50p0_dT10_F1p2_LP20,1.0,130.0,50.0,10.0,1.2,0.2,S2b,454,1640,0.09226206624942916,240.4557301373015,72.70670723183775,0.30266743276254476,0.6370164748534209,41.79337836352305,0.10686872403758585,0.05309602634335605,0.5887741972661948,0.3581297763904492,0.0,1038,148,0
L100_Ts130_Tr50p0_dT10_F1p2_LP30,1.0,130.0,50.0,10.0,1.2,0.3,S1,17,40,0.43037974683544306,232.27119724406015,52.06998344069393,0.23916297398975106,1.0,0.47096269612107733,,0.0,0.0,1.0,0.0,23,0,0
L100_Ts130_Tr50p0_dT10_F1p2_LP30,1.0,130.0,50.0,10.0,1.2,0.3,S2a,555,1640,0.1341207607786226,240.17014296757668,53.768954393536205,0.213647554110743,0.636282679594719,0.44387219205256656,0.014452254562122846,0.002044992304169439,0.5006650981259112,0.49728990956991936,0.0,906,179,0
L100_Ts130_Tr50p0_dT10_F1p2_LP30,1.0,130.0,50.0,10.0,1.2,0.3,S2b,521,1640,0.12019496786777767,240.45573013730152,73.63120340565945,0.3026674327625447,0.6375452263362739,41.79337836352305,0.1068687240375894,0.07196654515931059,0.6229064832410383,0.30512697159965124,0.0,948,171,0
L100_Ts130_Tr50p0_dT10_F1p2_LP40,1.0,130.0,50.0,10.0,1.2,0.4,S1,19,40,0.4810126582278481,222.51190324220886,50.386392505992376,0.23985893660954744,1.0,4.445165822468155,,0.0,0.0,1.0,0.0,20,0,1
L100_Ts130_Tr50p0_dT10_F1p2_LP40,1.0,130.0,50.0,10.0,1.2,0.4,S2a,650,1640,0.1823511638173114,240.17014296757665,53.6725355249456,0.21364755411074302,0.6348994131765492,0.30787118984693507,0.21178077587939015,0.002526556249930503,0.544162424613653,0.45331101913641636,0.0,780,208,2
L100_Ts130_Tr50p0_dT10_F1p2_LP40,1.0,130.0,50.0,10.0,1.2,0.4,S2b,615,1640,0.1653353476590383,240.37141342906042,75.89289954143453,0.2896877167296018,0.6371164967045995,40.13824121303084,0.13134082731191654,0.10305258591864895,0.660965647981092,0.23598176610025898,0.0,828,197,0
L100_Ts130_Tr50p0_dT10_F1p2_LP45,1.0,130.0,50.0,10.0,1.2,0.45,S1,21,40,0.5316455696202531,225.43969144276423,51.2895885918839,0.2396501478236081,1.0,3.2541987832735373,,0.0,0.0,1.0,0.0,18,0,1
L100_Ts130_Tr50p0_dT10_F1p2_LP45,1.0,130.0,50.0,10.0,1.2,0.45,S2a,712,1640,0.21752980770606667,240.512415523002,53.63456095659501,0.21128780430124477,0.6346594047389204,0.17711502078819308,0.01424656736187302,0.0028768835235213294,0.5724464811722837,0.42467663530419497,0.0,699,226,3
L100_Ts130_Tr50p0_dT10_F1p2_LP45,1.0,130.0,50.0,10.0,1.2,0.45,S2b,671,1640,0.19613483110497212,240.6641371124178,77.35401313471482,0.280794660627795,0.6383331153370274,39.11626503031687,0.05784324027246157,0.12815480182649647,0.6821305656477955,0.1897146325257079,0.0,753,216,0
L100_Ts130_Tr50p0_dT15_F0p8_LP20,1.0,130.0,50.0,15.0,0.8,0.2,S1,10,40,0.25316455696202533,156.14870402962026,34.21688862546182,0.24459148242416445,1.0,0.2278931854626336,,0.0,0.0,1.0,0.0,30,0,0
L100_Ts130_Tr50p0_dT15_F0p8_LP20,1.0,130.0,50.0,15.0,0.8,0.2,S2a,306,1640,0.04409223314030732,156.87111216187253,36.1575956027599,0.24235841680881018,0.6571472931217813,0.06429963567676111,0.26273714138542204,0.0,0.3483624249250652,0.6516375750749347,0.0,1219,115,0
L100_Ts130_Tr50p0_dT15_F0p8_LP20,1.0,130.0,50.0,15.0,0.8,0.2,S2b,285,1640,0.039093850094106215,159.41813561840902,50.75166222682026,0.33070814657057207,0.6584992188039777,41.02789811708931,0.27349747083989584,0.027209960985297463,0.4583659856912765,0.514424053323426,0.0,1243,112,0
L100_Ts130_Tr50p0_dT15_F0p8_LP30,1.0,130.0,50.0,15.0,0.8,0.3,S1,11,40,0.27848101265822783,150.2931276285095,33.34249105977085,0.2450090599960429,1.0,3.5360130867310318,,0.0,0.0,1.0,0.0,29,0,0
L100_Ts130_Tr50p0_dT15_F0p8_LP30,1.0,130.0,50.0,15.0,0.8,0.3,S2a,349,1640,0.05607996473557166,160.11342864505113,35.041462012613124,0.21646319393181926,0.6482423294497708,0.9095436949184261,0.10203721591703996,0.0008316104187683085,0.37439629795094004,0.6247720916302916,0.0,1160,131,0
L100_Ts130_Tr50p0_dT15_F0p8_LP30,1.0,130.0,50.0,15.0,0.8,0.3,S2b,329,1640,0.05090442978309575,160.4427580749452,49.60203758919408,0.2849930698155856,0.6510019746301563,43.07812784849912,0.07603739531163711,0.036821446559607396,0.4909754722950306,0.47220308114536197,0.0,1186,125,0
L100_Ts130_Tr50p0_dT15_F0p8_LP40,1.0,130.0,50.0,15.0,0.8,0.4,S1,13,40,0.3291139240506329,152.24498642887974,34.29513366147853,0.24486986747208317,1.0,2.4336833562546047,,0.0,0.0,1.0,0.0,27,0,0
L100_Ts130_Tr50p0_dT15_F0p8_LP40,1.0,130.0,50.0,15.0,0.8,0.4,S2a,413,1640,0.07721130101031425,160.1134286450511,35.75212506194896,0.2164631939318193,0.6481888856254577,0.9095436949184403,0.07248776635412213,0.0009924294616753045,0.4075588175707168,0.5914487529676079,0.0,1077,150,0
L100_Ts130_Tr50p0_dT15_F0p8_LP40,1.0,130.0,50.0,15.0,0.8,0.4,S2b,387,1640,0.06911525743504728,159.70326827466363,51.25862503309736,0.27076461160561344,0.6535298868040648,41.02789811708931,0.07248776635412213,0.05006762071977916,0.5380941578255648,0.41183822145465604,0.0,1106,147,0
L100_Ts130_Tr50p0_dT15_F0p8_LP45,1.0,130.0,50.0,15.0,0.8,0.45,S1,14,40,0.35443037974683544,150.2931276285095,34.086111136443265,0.2450090599960429,1.0,3.5360130867310318,,0.0,0.0,1.0,0.0,26,0,0
L100_Ts130_Tr50p0_dT15_F0p8_LP45,1.0,130.0,50.0,15.0,0.8,0.45,S2a,452,1640,0.09230063716617427,159.27668354248223,35.42202143775921,0.22858786258239808,0.6501302132885347,0.17670608943849686,0.013075092924619724,0.0,0.43186860033924035,0.5681313996607598,0.0,1019,167,2
L100_Ts130_Tr50p0_dT15_F0p8_LP45,1.0,130.0,50.0,15.0,0.8,0.45,S2b,424,1640,0.08277645676505818,160.4427580749452,51.03515343352956,0.2849930698155856,0.6538756422519603,41.65727938544815,0.13632447178982332,0.06081757133199393,0.562342537218155,0.376839891449851,0.0,1055,161,0
L100_Ts130_Tr50p0_dT15_F1p0_LP20,1.0,130.0,50.0,15.0,1.0,0.2,S1,12,40,0.3037974683544304,187.37844483554434,41.43811036614943,0.24236440204081494,1.0,1.202998886351395,,0.0,0.0,1.0,0.0,28,0,0
L100_Ts130_Tr50p0_dT15_F1p0_LP20,1.0,130.0,50.0,15.0,1.0,0.2,S2a,372,1640,0.06349505254086284,197.73352738649967,43.37881734344751,0.21271143503996745,0.653488347931151,0.43334590755188174,0.07825757154410695,0.0,0.417063350654378,0.582936649345622,0.0,1112,151,5
L100_Ts130_Tr50p0_dT15_F1p0_LP20,1.0,130.0,50.0,15.0,1.0,0.2,S2b,353,1640,0.05866448203223713,200.03252954798364,61.84500894676444,0.28292112761901406,0.6583480547464587,40.25206970032926,0.037445036887120864,0.03582776868095545,0.5340708101596818,0.43010142115936273,0.0,1141,146,0
L100_Ts130_Tr50p0_dT15_F1p0_LP30,1.0,130.0,50.0,15.0,1.0,0.3,S1,13,40,0.3291139240506329,177.61915083369303,39.69148870799006,0.2430603646606117,1.0,5.773500099216122,,0.0,0.0,1.0,0.0,26,0,1
L100_Ts130_Tr50p0_dT15_F1p0_LP30,1.0,130.0,50.0,15.0,1.0,0.3,S2a,427,1640,0.08263518332320823,191.1682626826538,43.30686300235766,0.2358580774922855,0.6519749925797421,0.36157452512857446,0.15431132372080114,0.0,0.4443166958081244,0.5556833041918755,0.0,1034,174,5
L100_Ts130_Tr50p0_dT15_F1p0_LP30,1.0,130.0,50.0,15.0,1.0,0.3,S2b,407,1640,0.0768421177916855,200.23305624184178,64.15255395378426,0.3227926376537945,0.6606764925857963,37.94912167004169,0.31455003892870437,0.04873766242229017,0.5699443974353657,0.3813179401423441,0.0,1066,167,0
L100_Ts130_Tr50p0_dT15_F1p0_LP40,1.0,130.0,50.0,15.0,1.0,0.4,S1,16,40,0.4050632911392405,187.37844483554431,42.42878874925418,0.24236440204081497,1.0,1.2029988863514092,,0.0,0.0,1.0,0.0,23,0,1
L100_Ts130_Tr50p0_dT15_F1p0_LP40,1.0,130.0,50.0,15.0,1.0,0.4,S2a,506,1640,0.11435987334029225,195.91604101934712,43.88578014972461,0.222297660904274,0.651805712716487,0.034478042455731384,0.07825757154410695,0.0,0.4839417739587352,0.5160582260412648,0.0,925,200,9
L100_Ts130_Tr50p0_dT15_F1p0_LP40,1.0,130.0,50.0,15.0,1.0,0.4,S2b,480,1640,0.10532149821086095,200.03252954798361,63.7223523124577,0.2829211276190141,0.6589694135818104,38.160500807136174,0.05024732329348325,0.0678189712499168,0.6151139041452254,0.3170671246048578,0.0,967,193,0
L100_Ts130_Tr50p0_dT15_F1p0_LP45,1.0,130.0,50.0,15.0,1.0,0.45,S1,17,40,0.43037974683544306,182.49879783461867,41.55765139339724,0.2427123833507138,1.0,3.489554924250669,,0.0,0.0,1.0,0.0,22,0,1
L100_Ts130_Tr50p0_dT15_F1p0_LP45,1.0,130.0,50.0,15.0,1.0,0.45,S2a,553,1640,0.1357113429865397,198.6841693450886,43.600572205109756,0.21267979880132873,0.6509681046231903,0.0008539858640830289,0.07319663247534436,0.0,0.5088808804764339,0.4911191195235662,0.0,860,220,7
L100_Ts130_Tr50p0_dT15_F1p0_LP45,1.0,130.0,50.0,15.0,1.0,0.45,S2b,524,1640,0.12436199234045582,199.52619390518961,62.47889985485426,0.30104975110706406,0.6565114448585475,40.11528944198115,0.05024732329348325,0.08435749661212442,0.6403950221887212,0.2752474811991545,0.0,905,211,0
L100_Ts130_Tr50p0_dT15_F1p2_LP20,1.0,130.0,50.0,15.0,1.2,0.2,S1,14,40,0.35443037974683544,218.6081856414684,48.5202298205852,0.24013732165746585,1.0,1.0314270708483946,,0.0,0.0,1.0,0.0,25,0,1
L100_Ts130_Tr50p0_dT15_F1p2_LP20,1.0,130.0,50.0,15.0,1.2,0.2,S2a,437,1640,0.08635552986144342,229.901141766533,50.46093679788328,0.21862543985862143,0.6536762800472642,0.3071663542257568,0.2167310129178368,0.0,0.4761088202918301,0.5238911797081699,0.0,1002,191,10
L100_Ts130_Tr50p0_dT15_F1p2_LP20,1.0,130.0,50.0,15.0,1.2,0.2,S2b,419,1640,0.08192098478335175,240.4557301373015,72.70670723183775,0.30266743276254476,0.6643596164151016,36.79337836352305,0.19304979929305333,0.04370180246024679,0.6005793339543058,0.35571886358544724,0.0,1038,183,0
L100_Ts130_Tr50p0_dT15_F1p2_LP30,1.0,130.0,50.0,15.0,1.2,0.3,S1,16,40,0.4050632911392405,218.60818564146837,49.01529732798474,0.24013732165746587,1.0,1.0314270708484088,,0.0,0.0,1.0,0.0,23,0,1
L100_Ts130_Tr50p0_dT15_F1p2_LP30,1.0,130.0,50.0,15.0,1.2,0.3,S2a,505,1640,0.11388274042682768,228.56871452257167,50.714268280827014,0.22093017501070147,0.6520227623813432,0.45093334799715024,0.09698956271914838,0.0,0.5052500448686175,0.49474995513138254,0.0,906,220,9
L100_Ts130_Tr50p0_dT15_F1p2_LP30,1.0,130.0,50.0,15.0,1.2,0.3,S2b,484,1640,0.10783207817631414,240.45573013730152,73.63120340565945,0.3026674327625447,0.6634111726925681,36.79337836352305,0.023332215891677777,0.05832012730782644,0.6364997218431857,0.30518015084898775,0.0,948,208,0
L100_Ts130_Tr50p0_dT15_F1p2_LP40,1.0,130.0,50.0,15.0,1.2,0.4,S1,18,40,0.45569620253164556,210.80075043998733,47.753419179417165,0.24069409175330336,1.0,4.198246919790819,,0.0,0.0,1.0,0.0,20,0,2
L100_Ts130_Tr50p0_dT15_F1p2_LP40,1.0,130.0,50.0,15.0,1.2,0.4,S2a,590,1640,0.153848892220219,229.901141766533,51.07881506208673,0.21862543985862143,0.6518830405849362,0.032160926715093296,0.04765969648763857,0.0,0.5504106129017423,0.4495893870982576,0.0,780,258,12
L100_Ts130_Tr50p0_dT15_F1p2_LP40,1.0,130.0,50.0,15.0,1.2,0.4,S2b,568,1640,0.14673653957745117,240.37141342906042,75.89289954143453,0.2896877167296018,0.6647809446887472,35.13824121303084,0.19304979929305333,0.08249385057085397,0.681423770202469,0.23608237922667705,0.0,828,244,0
L100_Ts130_Tr50p0_dT15_F1p2_LP45,1.0,130.0,50.0,15.0,1.2,0.45,S1,20,40,0.5063291139240507,214.70446804072782,48.881259629132046,0.24041570670538437,1.0,2.6157779800765013,,0.0,0.0,1.0,0.0,18,0,2
L100_Ts130_Tr50p0_dT15_F1p2_LP45,1.0,130.0,50.0,15.0,1.2,0.45,S2a,646,1640,0.1832858729029202,231.2267843574779,50.693196230881995,0.2162875291687148,0.6515538914956793,0.08702510741525771,0.006805301630802063,0.0,0.579195286082592,0.420804713917408,0.0,699,280,15
L100_Ts130_Tr50p0_dT15_F1p2_LP45,1.0,130.0,50.0,15.0,1.2,0.45,S2b,620,1640,0.1737018351537697,240.6641371124178,77.35401313471482,0.280794660627795,0.6649608161587872,34.11626503031687,0.15454754793869085,0.10062327538719815,0.7062943843793081,0.19308234023349372,0.0,753,267,0
L100_Ts130_Tr60p0_dT5_F0p8_LP20,1.0,130.0,60.0,5.0,0.8,0.2,S1,8,40,0.20253164556962025,124.91896322369621,26.856564598522255,0.2468185628075137,1.0,17.833164651894386,,0.06349206349206349,0.0,0.9365079365079365,0.0,32,0,0
L100_Ts130_Tr60p0_dT5_F0p8_LP20,1.0,130.0,60.0,5.0,0.8,0.2,S2a,287,1640,0.038194908872155715,140.08608118333913,31.109328812456056,0.2366000670939965,0.6279956511317829,10.141755737030223,0.26273714138542204,0.006463906583353891,0.34589404521194506,0.6476420482047011,0.0,1275,78,0
L100_Ts130_Tr60p0_dT5_F0p8_LP20,1.0,130.0,60.0,5.0,0.8,0.2,S2b,267,1640,0.03350987235144364,139.95239293013194,45.11812070377141,0.32338473738414786,0.6301228234249105,51.857478123315445,0.27349747083989584,0.029057705678157256,0.45733394494187346,0.5136083493799691,0.0,1296,77,0
L100_Ts130_Tr60p0_dT5_F0p8_LP30,1.0,130.0,60.0,5.0,0.8,0.3,S1,10,40,0.25316455696202533,136.63011602591772,30.128054665194327,0.24598340766375812,1.0,11.241994959587188,,0.03389830508474576,0.0,0.9661016949152542,0.0,30,0,0
L100_Ts130_Tr60p0_dT5_F0p8_LP30,1.0,130.0,60.0,5.0,0.8,0.3,S2a,330,1640,0.049262034416407086,137.2622231416385,31.8270256180366,0.24367913763816612,0.6291611238517347,11.094047605336513,0.26454743050244645,0.008412841598564735,0.3717114279198838,0.6198757304815513,0.0,1219,91,0
L100_Ts130_Tr60p0_dT5_F0p8_LP30,1.0,130.0,60.0,5.0,0.8,0.3,S2b,308,1640,0.043579601376715515,139.4908686661079,44.663187551189935,0.3324990125378038,0.6296997477682835,52.340844438970535,0.07603739531163711,0.038904997219627195,0.4900157067203583,0.4710792960600144,0.0,1243,89,0
L100_Ts130_Tr60p0_dT5_F0p8_LP40,1.0,130.0,60.0,5.0,0.8,0.4,S1,11,40,0.27848101265822783,128.8226808244367,28.774890641273828,0.2465401777595949,1.0,15.637506374327117,,0.07017543859649122,0.0,0.9298245614035088,0.0,29,0,0
L100_Ts130_Tr60p0_dT5_F0p8_LP40,1.0,130.0,60.0,5.0,0.8,0.4,S2a,390,1640,0.06773694541788992,140.08608118333916,31.616291618733158,0.23660006709399645,0.6252459934037019,10.14175573703021,0.07248776635412213,0.011640040212497482,0.4034168995321179,0.5849430602553845,0.0,1147,103,0
L100_Ts130_Tr60p0_dT5_F0p8_LP40,1.0,130.0,60.0,5.0,0.8,0.4,S2b,362,1640,0.05898313511715738,139.99717058512968,42.786595707755055,0.30025018460083347,0.6224599226376792,53.63715465225488,0.07248776635412213,0.05448176345750951,0.5344366928490142,0.4110815436934762,0.0,1176,102,0
L100_Ts130_Tr60p0_dT5_F0p8_LP45,1.0,130.0,60.0,5.0,0.8,0.45,S1,13,40,0.3291139240506329,139.55790422647308,31.562723934965447,0.24577461887781904,1.0,9.59221312714243,,0.03773584905660377,0.0,0.9622641509433962,0.0,27,0,0
L100_Ts130_Tr60p0_dT5_F0p8_LP45,1.0,130.0,60.0,5.0,0.8,0.45,S2a,428,1640,0.0811776979283102,140.2035564946736,32.898634236281396,0.2434810295137634,0.6317925914724845,9.441811465256478,0.013075092924619724,0.012652063477172433,0.42664055114029953,0.5607073853825281,0.0,1096,116,0
L100_Ts130_Tr60p0_dT5_F0p8_LP45,1.0,130.0,60.0,5.0,0.8,0.45,S2b,395,1640,0.06993817884037375,139.99717058512968,43.26912655196577,0.30025018460083347,0.6248405204360059,53.63715465225488,0.13632447178982332,0.06432369810414446,0.5587369163771476,0.37693938551870804,0.0,1132,113,0
L100_Ts130_Tr60p0_dT5_F1p0_LP20,1.0,130.0,60.0,5.0,1.0,0.2,S1,11,40,0.27848101265822783,171.7635744325823,37.84488728158715,0.2434779422324899,1.0,8.510851149758693,,0.03508771929824561,0.0,0.9649122807017544,0.0,29,0,0
L100_Ts130_Tr60p0_dT5_F1p0_LP20,1.0,130.0,60.0,5.0,1.0,0.2,S2a,356,1640,0.05728941466639223,172.5582233780598,39.785594258885226,0.24130184014532394,0.6363999718716259,8.415232549596425,0.07825757154410695,0.007480245842246017,0.4143179225610269,0.5782018315967272,0.0,1177,107,0
L100_Ts130_Tr60p0_dT5_F1p0_LP20,1.0,130.0,60.0,5.0,1.0,0.2,S2b,332,1640,0.05060430402540965,174.9404911626649,56.32729164115119,0.32055441245894106,0.6342511983572202,49.33851423226584,0.037445036887120864,0.04027776646270604,0.5312818103304702,0.42844042320682385,0.0,1204,104,0
L100_Ts130_Tr60p0_dT5_F1p0_LP30,1.0,130.0,60.0,5.0,1.0,0.3,S1,12,40,0.3037974683544304,163.95613923110128,36.53030240736939,0.24403471232832716,1.0,12.155034729369135,,0.03636363636363636,0.0,0.9636363636363636,0.0,28,0,0
L100_Ts130_Tr60p0_dT5_F1p0_LP30,1.0,130.0,60.0,5.0,1.0,0.3,S2a,407,1640,0.07378366671128143,175.23627107587012,38.229273360211664,0.22551413296817363,0.6302502519333776,9.08830044868904,0.15431132372080114,0.01059615935352408,0.4400705208352241,0.5493333198112519,0.0,1112,121,0
L100_Ts130_Tr60p0_dT5_F1p0_LP30,1.0,130.0,60.0,5.0,1.0,0.3,S2b,382,1640,0.06597309965711948,175.0284633544857,54.49654866896117,0.2842297226905327,0.6315836180102398,51.722695841763226,0.31455003892870437,0.05275261860479406,0.5661325498412136,0.3811148315539924,0.0,1141,117,0
L100_Ts130_Tr60p0_dT5_F1p0_LP40,1.0,130.0,60.0,5.0,1.0,0.4,S1,14,40,0.35443037974683544,163.95613923110128,37.0259132830746,0.24403471232832716,1.0,12.155034729369135,,0.0784313725490196,0.0,0.9215686274509803,0.0,26,0,0
L100_Ts130_Tr60p0_dT5_F1p0_LP40,1.0,130.0,60.0,5.0,1.0,0.4,S2a,482,1640,0.10207929761943065,175.10760147917392,39.555847129232006,0.2346210636795123,0.6316498244912784,8.060788345562685,0.07825757154410695,0.014303881691416328,0.47732305631047073,0.5083730619981129,0.0,1017,141,0
L100_Ts130_Tr60p0_dT5_F1p0_LP40,1.0,130.0,60.0,5.0,1.0,0.4,S2b,451,1640,0.09051689768453991,175.02846335448567,55.445776354037775,0.28422972269053276,0.6313628611080404,50.68215973904384,0.05024732329348325,0.07326847935447935,0.6079157779514808,0.31881574269403995,0.0,1053,136,0
L100_Ts130_Tr60p0_dT5_F1p0_LP45,1.0,130.0,60.0,5.0,1.0,0.45,S1,16,40,0.4050632911392405,171.76357443258226,39.0835748656591,0.24347794223248995,1.0,8.510851149758707,,0.0425531914893617,0.0,0.9574468085106383,0.0,24,0,0
L100_Ts130_Tr60p0_dT5_F1p0_LP45,1.0,130.0,60.0,5.0,1.0,0.45,S2a,525,1640,0.11983060880245712,172.5582233780598,40.41948516697505,0.24130184014532394,0.6324977960116398,8.415232549596425,0.07319663247534436,0.01874348672183176,0.49969923649400366,0.48155727678416455,0.0,961,154,0
L100_Ts130_Tr60p0_dT5_F1p0_LP45,1.0,130.0,60.0,5.0,1.0,0.45,S2b,492,1640,0.10664581947750197,174.99646323141206,54.87710809410726,0.2980918697444561,0.6300952143327615,51.66112796095567,0.05024732329348325,0.08845316410674717,0.6330692977127301,0.2784775381805228,0.0,1000,148,0
L100_Ts130_Tr60p0_dT5_F1p2_LP20,1.0,130.0,60.0,5.0,1.2,0.2,S1,13,40,0.3291139240506329,202.99331523850634,44.99655787914878,0.24125086184914032,1.0,7.357649147327052,,0.03773584905660377,0.0,0.9622641509433962,0.0,27,0,0
L100_Ts130_Tr60p0_dT5_F1p2_LP20,1.0,130.0,60.0,5.0,1.2,0.2,S2a,419,1640,0.07813732073281705,203.9324458104343,46.93726485644686,0.2391886868183531,0.6378685140399739,7.320200420155231,0.2167310129178368,0.009976541303047606,0.4713389406721986,0.5186845180247538,0.0,1084,137,0
L100_Ts130_Tr60p0_dT5_F1p2_LP20,1.0,130.0,60.0,5.0,1.2,0.2,S2b,394,1640,0.07034042786822725,209.92858939519792,67.30481414365988,0.31772408753373466,0.6395868738707075,46.70180643714099,0.19304979929305333,0.0491709096472513,0.5952396034328287,0.35558948691992015,0.0,1114,132,0
L100_Ts130_Tr60p0_dT5_F1p2_LP30,1.0,130.0,60.0,5.0,1.2,0.3,S1,15,40,0.379746835443038,204.9451740388766,45.93398616829779,0.24111166932518135,1.0,6.568482104444783,,0.04081632653061224,0.0,0.9591836734693877,0.0,25,0,0
L100_Ts130_Tr60p0_dT5_F1p2_LP30,1.0,130.0,60.0,5.0,1.2,0.3,S2a,485,1640,0.1033951856963351,205.89333471245772,47.632957121140066,0.23905661473541706,0.6374412588775326,6.531553501764165,0.13401844669800766,0.012325084952101713,0.49934015300365053,0.4883347620442478,0.0,1002,153,0
L100_Ts130_Tr60p0_dT5_F1p2_LP30,1.0,130.0,60.0,5.0,1.2,0.3,S2b,455,1640,0.09267259100227083,210.39876387013882,64.15255395378426,0.3047355638234509,0.6366310057902815,48.73191913440908,0.023332215891677777,0.06636052445373913,0.6298864548095343,0.30375302073672655,0.0,1038,147,0
L100_Ts130_Tr60p0_dT5_F1p2_LP40,1.0,130.0,60.0,5.0,1.2,0.4,S1,17,40,0.43037974683544306,199.08959763776582,45.100884593837804,0.2415292468970594,1.0,8.93463601146955,,0.044444444444444446,0.0,0.9555555555555556,0.0,23,0,0
L100_Ts130_Tr60p0_dT5_F1p2_LP40,1.0,130.0,60.0,5.0,1.2,0.4,S2a,571,1640,0.1421654265211371,210.1291217750087,47.35678722323917,0.2326420602650285,0.6376153671837871,5.877970317904612,0.04765969648763857,0.015852722703130387,0.5414495863961997,0.44269769090067,0.0,890,179,0
L100_Ts130_Tr60p0_dT5_F1p2_LP40,1.0,130.0,60.0,5.0,1.2,0.4,S2b,535,1640,0.12643376641391835,210.05901066421322,67.81177694993698,0.27318132216925806,0.6373844990001204,46.701806437141,0.19304979929305333,0.0946180338411909,0.6681191588604126,0.23726280729839652,0.0,932,173,0
L100_Ts130_Tr60p0_dT5_F1p2_LP45,1.0,130.0,60.0,5.0,1.2,0.45,S1,19,40,0.4810126582278481,203.96924463869144,46.45649377513371,0.24118126558716102,1.0,6.963122100579071,,0.04878048780487805,0.0,0.9512195121951219,0.0,21,0,0
L100_Ts130_Tr60p0_dT5_F1p2_LP45,1.0,130.0,60.0,5.0,1.2,0.45,S2a,623,1640,0.16786100022095093,210.20616759770715,47.79240407644966,0.21707022419621477,0.6361848634315296,6.925930552732822,0.006805301630802063,0.019403328357490663,0.5684590826980698,0.4121375889444396,0.0,820,197,0
L100_Ts130_Tr60p0_dT5_F1p2_LP45,1.0,130.0,60.0,5.0,1.2,0.45,S2b,583,1640,0.14917665351350243,209.9957558776945,66.23873695502357,0.29593355488807827,0.6377050611118201,48.25310148110913,0.15454754793869085,0.11557206562372549,0.6906697356967776,0.19375819867949703,0.0,866,191,0
L100_Ts130_Tr60p0_dT10_F0p8_LP20,1.0,130.0,60.0,10.0,0.8,0.2,S1,8,40,0.20253164556962025,124.91896322369621,26.856564598522255,0.2468185628075137,1.0,12.833164651894386,,0.031746031746031744,0.0,0.9682539682539683,0.0,32,0,0
L100_Ts130_Tr60p0_dT10_F0p8_LP20,1.0,130.0,60.0,10.0,0.8,0.2,S2a,264,1640,0.03375554649948659,140.08608118333913,31.109328812456056,0.2366000670939965,0.6567225122133268,5.141755737030223,0.14761372772116488,0.002126316078911829,0.3498969249560208,0.6479767589650673,0.0,1275,101,0
L100_Ts130_Tr60p0_dT10_F0p8_LP20,1.0,130.0,60.0,10.0,0.8,0.2,S2b,247,1640,0.030038061775581874,139.95239293013194,45.11812070377141,0.32338473738414786,0.6574578171323244,46.857478123315445,0.08417563689797092,0.02556207761903501,0.46214331541864445,0.5122946069623204,0.0,1296,97,0
L100_Ts130_Tr60p0_dT10_F0p8_LP30,1.0,130.0,60.0,10.0,0.8,0.3,S1,10,40,0.25316455696202533,136.63011602591772,30.128054665194327,0.24598340766375812,1.0,6.241994959587188,,0.0,0.0,1.0,0.0,30,0,0
L100_Ts130_Tr60p0_dT10_F0p8_LP30,1.0,130.0,60.0,10.0,0.8,0.3,S2a,302,1640,0.04326764727638248,137.2622231416385,31.8270256180366,0.24367913763816612,0.6621080555647506,6.094047605336513,0.3138897837275998,0.0037997440512574114,0.3767879625452724,0.6194122934034703,0.0,1219,119,0
L100_Ts130_Tr60p0_dT10_F0p8_LP30,1.0,130.0,60.0,10.0,0.8,0.3,S2b,282,1640,0.03857815972907608,139.4908686661079,44.663187551189935,0.3324990125378038,0.6628746007346997,47.340844438970535,0.21684371589328677,0.03351767859981657,0.49724873859147195,0.46923358280871147,0.0,1243,115,0
L100_Ts130_Tr60p0_dT10_F0p8_LP40,1.0,130.0,60.0,10.0,0.8,0.4,S1,11,40,0.27848101265822783,128.8226808244367,28.774890641273828,0.2465401777595949,1.0,10.637506374327117,,0.03508771929824561,0.0,0.9649122807017544,0.0,29,0,0
L100_Ts130_Tr60p0_dT10_F0p8_LP40,1.0,130.0,60.0,10.0,0.8,0.4,S2a,357,1640,0.05926875786567351,140.08608118333916,31.616291618733158,0.23660006709399645,0.6571160443664743,5.141755737030209,0.14761372772116133,0.004713237784114519,0.41059742522316783,0.5846893369927176,0.0,1147,136,0
L100_Ts130_Tr60p0_dT10_F0p8_LP40,1.0,130.0,60.0,10.0,0.8,0.4,S2b,332,1640,0.05206146345345184,139.99717058512968,42.786595707755055,0.30025018460083347,0.6537621709903216,48.63715465225488,0.08084634787924827,0.04549270443650532,0.5439172587588491,0.41059003680464545,0.0,1176,132,0
L100_Ts130_Tr60p0_dT10_F0p8_LP45,1.0,130.0,60.0,10.0,0.8,0.45,S1,13,40,0.3291139240506329,139.55790422647308,31.562723934965447,0.24577461887781904,1.0,4.592213127142429,,0.0,0.0,1.0,0.0,27,0,0
L100_Ts130_Tr60p0_dT10_F0p8_LP45,1.0,130.0,60.0,10.0,0.8,0.45,S2a,392,1640,0.07111607258207285,140.2035564946736,32.898634236281396,0.2434810295137634,0.6640256932450342,4.441811465256478,0.11297863496383798,0.004981024825055283,0.43485763295576063,0.560161342219184,0.0,1096,152,0
L100_Ts130_Tr60p0_dT10_F0p8_LP45,1.0,130.0,60.0,10.0,0.8,0.45,S2b,362,1640,0.061621319354843614,139.99717058512968,43.26912655196577,0.30025018460083347,0.6563456763292519,48.63715465225488,0.3581188293826152,0.05540955880824838,0.5686292363134238,0.3759612048783279,0.0,1132,146,0
L100_Ts130_Tr60p0_dT10_F1p0_LP20,1.0,130.0,60.0,10.0,1.0,0.2,S1,11,40,0.27848101265822783,171.7635744325823,37.84488728158715,0.2434779422324899,1.0,3.510851149758693,,0.0,0.0,1.0,0.0,29,0,0
L100_Ts130_Tr60p0_dT10_F1p0_LP20,1.0,130.0,60.0,10.0,1.0,0.2,S2a,326,1640,0.05029218414000837,172.5582233780598,39.785594258885226,0.24130184014532394,0.6677949101291356,3.415232549596425,0.2377442659266613,0.0020717044622782883,0.4198891939377976,0.5780391015999241,0.0,1177,137,0
L100_Ts130_Tr60p0_dT10_F1p0_LP20,1.0,130.0,60.0,10.0,1.0,0.2,S2b,305,1640,0.044829564781059504,174.9404911626649,56.32729164115119,0.32055441245894106,0.6640377599101964,44.33851423226584,0.023496929252150522,0.032929484409975264,0.5392867154310539,0.42778380015897083,0.0,1204,131,0
L100_Ts130_Tr60p0_dT10_F1p0_LP30,1.0,130.0,60.0,10.0,1.0,0.3,S1,12,40,0.3037974683544304,163.95613923110128,36.53030240736939,0.24403471232832716,1.0,7.1550347293691345,,0.03636363636363636,0.0,0.9636363636363636,0.0,28,0,0
L100_Ts130_Tr60p0_dT10_F1p0_LP30,1.0,130.0,60.0,10.0,1.0,0.3,S2a,374,1640,0.06479034970697714,175.23627107587012,38.229273360211664,0.22551413296817363,0.6590563689155065,4.08830044868904,0.05753057377842197,0.00401588769377105,0.44690534630801526,0.5490787659982137,0.0,1112,154,0
L100_Ts130_Tr60p0_dT10_F1p0_LP30,1.0,130.0,60.0,10.0,1.0,0.3,S2b,350,1640,0.05799261248717721,175.0284633544857,54.49654866896117,0.2842297226905327,0.6616096525518588,46.722695841763226,0.03771110017046553,0.045234762303551126,0.5753857599297652,0.3793794777666836,0.0,1141,149,0
L100_Ts130_Tr60p0_dT10_F1p0_LP40,1.0,130.0,60.0,10.0,1.0,0.4,S1,14,40,0.35443037974683544,163.95613923110128,37.0259132830746,0.24403471232832716,1.0,7.1550347293691345,,0.0392156862745098,0.0,0.9607843137254902,0.0,26,0,0
L100_Ts130_Tr60p0_dT10_F1p0_LP40,1.0,130.0,60.0,10.0,1.0,0.4,S2a,440,1640,0.0887900251048337,175.10760147917392,39.555847129232006,0.2346210636795123,0.66388977284193,3.0607883455626848,0.12741348044461986,0.0048467126187691015,0.4866796281309671,0.5084736592502638,0.0,1017,183,0
L100_Ts130_Tr60p0_dT10_F1p0_LP40,1.0,130.0,60.0,10.0,1.0,0.4,S2b,411,1640,0.07876597175542419,175.02846335448567,55.445776354037775,0.28422972269053276,0.663395150819039,45.68215973904384,0.29809165481756494,0.06202071822443606,0.6214549041416432,0.31652437763392083,0.0,1053,176,0
L100_Ts130_Tr60p0_dT10_F1p0_LP45,1.0,130.0,60.0,10.0,1.0,0.45,S1,16,40,0.4050632911392405,171.76357443258226,39.0835748656591,0.24347794223248995,1.0,3.5108511497587074,,0.0,0.0,1.0,0.0,24,0,0
L100_Ts130_Tr60p0_dT10_F1p0_LP45,1.0,130.0,60.0,10.0,1.0,0.45,S2a,482,1640,0.10523582206842952,172.5582233780598,40.41948516697505,0.24130184014532394,0.6631010827112418,3.415232549596425,0.10291360816684048,0.0056654584787982345,0.5116402587406246,0.48269428278057724,0.0,961,197,0
L100_Ts130_Tr60p0_dT10_F1p0_LP45,1.0,130.0,60.0,10.0,1.0,0.45,S2b,451,1640,0.09396496598167062,174.99646323141206,54.87710809410726,0.2980918697444561,0.6608365205345937,46.66112796095567,0.031533474700150776,0.07472882803666689,0.6487255460282274,0.2765456259351057,0.0,1000,189,0
L100_Ts130_Tr60p0_dT10_F1p2_LP20,1.0,130.0,60.0,10.0,1.2,0.2,S1,13,40,0.3291139240506329,202.99331523850634,44.99655787914878,0.24125086184914032,1.0,2.357649147327052,,0.0,0.0,1.0,0.0,27,0,0
L100_Ts130_Tr60p0_dT10_F1p2_LP20,1.0,130.0,60.0,10.0,1.2,0.2,S2a,384,1640,0.0685056649576853,203.9324458104343,46.93726485644686,0.2391886868183531,0.6685845619176387,2.3202004201552313,0.14600244323259304,0.0019764110165553616,0.4787814603646877,0.519242128618757,0.0,1084,172,0
L100_Ts130_Tr60p0_dT10_F1p2_LP20,1.0,130.0,60.0,10.0,1.2,0.2,S2b,361,1640,0.06212469321303466,209.92858939519792,67.30481414365988,0.31772408753373466,0.6706710612736112,41.70180643714099,0.20597812245209113,0.03863977395338572,0.6073671812372577,0.35399304480935656,0.0,1114,165,0
L100_Ts130_Tr60p0_dT10_F1p2_LP30,1.0,130.0,60.0,10.0,1.2,0.3,S1,15,40,0.379746835443038,204.9451740388766,45.93398616829779,0.24111166932518135,1.0,1.568482104444783,,0.0,0.0,1.0,0.0,25,0,0
L100_Ts130_Tr60p0_dT10_F1p2_LP30,1.0,130.0,60.0,10.0,1.2,0.3,S2a,442,1640,0.08964879775864834,205.89333471245772,47.632957121140066,0.23905661473541706,0.6697656413783332,1.531553501764165,0.28552869931671765,0.0023112156038289098,0.5098121511114483,0.48787663328472275,0.0,1002,196,0
L100_Ts130_Tr60p0_dT10_F1p2_LP30,1.0,130.0,60.0,10.0,1.2,0.3,S2b,415,1640,0.08078195224613845,210.39876387013882,64.15255395378426,0.3047355638234509,0.6675472066298114,43.73191913440908,0.12009549142355169,0.052817792059309164,0.6447031853202726,0.30247902262041837,0.0,1038,187,0
L100_Ts130_Tr60p0_dT10_F1p2_LP40,1.0,130.0,60.0,10.0,1.2,0.4,S1,17,40,0.43037974683544306,199.08959763776582,45.100884593837804,0.2415292468970594,1.0,3.93463601146955,,0.0,0.0,1.0,0.0,23,0,0
L100_Ts130_Tr60p0_dT10_F1p2_LP40,1.0,130.0,60.0,10.0,1.2,0.4,S2a,523,1640,0.12412738500218165,210.1291217750087,47.35678722323917,0.2326420602650285,0.6679981551361744,0.8779703179046123,0.10334528426667333,0.0021176331973863298,0.5537322218943723,0.4441501449082413,0.0,890,227,0
L100_Ts130_Tr60p0_dT10_F1p2_LP40,1.0,130.0,60.0,10.0,1.2,0.4,S2b,488,1640,0.10992168061751738,209.9285893951979,67.81177694993698,0.31772408753373466,0.6681864281603338,41.701806437141,0.09902506566952596,0.07614930907923377,0.687251046419584,0.2365996445011822,0.0,932,220,0
L100_Ts130_Tr60p0_dT10_F1p2_LP45,1.0,130.0,60.0,10.0,1.2,0.45,S1,19,40,0.4810126582278481,203.96924463869144,46.45649377513371,0.24118126558716102,1.0,1.9631221005790707,,0.0,0.0,1.0,0.0,21,0,0
L100_Ts130_Tr60p0_dT10_F1p2_LP45,1.0,130.0,60.0,10.0,1.2,0.45,S2a,567,1640,0.14424443670451056,210.20616759770715,47.79240407644966,0.21707022419621477,0.6669097710716333,1.9259305527328223,0.05621770040803753,0.00465764693381407,0.5819574657110149,0.4133848873551709,0.0,820,253,0
L100_Ts130_Tr60p0_dT10_F1p2_LP45,1.0,130.0,60.0,10.0,1.2,0.45,S2b,534,1640,0.1307046883569196,209.9957558776945,66.23873695502357,0.29593355488807827,0.6677767764943853,43.25310148110913,0.20597812245208402,0.09020520524114907,0.7135989081436213,0.19619588661522971,0.0,866,240,0
L100_Ts130_Tr60p0_dT15_F0p8_LP20,1.0,130.0,60.0,15.0,0.8,0.2,S1,8,40,0.20253164556962025,124.91896322369621,26.856564598522255,0.2468185628075137,1.0,7.833164651894386,,0.0,0.0,1.0,0.0,32,0,0
L100_Ts130_Tr60p0_dT15_F0p8_LP20,1.0,130.0,60.0,15.0,0.8,0.2,S2a,234,1640,0.02820785339967829,140.08608118333913,31.109328812456056,0.2366000670939965,0.6931125884504528,0.14175573703022337,0.10711086689111582,0.0,0.3536081839492147,0.6463918160507853,0.0,1275,131,0
L100_Ts130_Tr60p0_dT15_F0p8_LP20,1.0,130.0,60.0,15.0,0.8,0.2,S2b,219,1640,0.025319499838178907,139.95239293013194,45.11812070377141,0.32338473738414786,0.6946787823784463,41.857478123315445,0.21951329178487455,0.02060191687721835,0.4685581193199501,0.5108399638028316,0.0,1296,125,0
L100_Ts130_Tr60p0_dT15_F0p8_LP30,1.0,130.0,60.0,15.0,0.8,0.3,S1,10,40,0.25316455696202533,136.63011602591772,30.128054665194327,0.24598340766375812,1.0,1.2419949595871884,,0.0,0.0,1.0,0.0,30,0,0
L100_Ts130_Tr60p0_dT15_F0p8_LP30,1.0,130.0,60.0,15.0,0.8,0.3,S2a,272,1640,0.03720868674191847,137.2622231416385,31.8270256180366,0.24367913763816612,0.695224913785869,1.0940476053365131,0.07231294420072842,0.0,0.38144971507085323,0.6185502849291467,0.0,1219,149,0
L100_Ts130_Tr60p0_dT15_F0p8_LP30,1.0,130.0,60.0,15.0,0.8,0.3,S2b,253,1640,0.0332891890246364,139.4908686661079,44.663187551189935,0.3324990125378038,0.6978441100101064,42.340844438970535,0.04775621898545879,0.026781134404212176,0.5047710465236117,0.46844781907217614,0.0,1243,144,0
L100_Ts130_Tr60p0_dT15_F0p8_LP40,1.0,130.0,60.0,15.0,0.8,0.4,S1,11,40,0.27848101265822783,128.8226808244367,28.774890641273828,0.2465401777595949,1.0,5.637506374327117,,0.0,0.0,1.0,0.0,29,0,0
L100_Ts130_Tr60p0_dT15_F0p8_LP40,1.0,130.0,60.0,15.0,0.8,0.4,S2a,320,1640,0.0504744580965908,140.08608118333916,31.616291618733158,0.23660006709399645,0.6917203727022979,0.14175573703020916,0.10711086689111582,0.0,0.4165007332928665,0.5834992667071335,0.0,1147,173,0
L100_Ts130_Tr60p0_dT15_F0p8_LP40,1.0,130.0,60.0,15.0,0.8,0.4,S2b,294,1640,0.04357334650606105,139.99717058512968,42.786595707755055,0.30025018460083347,0.6901883059439605,43.63715465225488,0.29935093584368744,0.038701444247494284,0.553651442517538,0.40764711323496766,0.0,1176,170,0
L100_Ts130_Tr60p0_dT15_F0p8_LP45,1.0,130.0,60.0,15.0,0.8,0.45,S1,12,40,0.3037974683544304,128.8226808244367,29.02289984224103,0.2465401777595949,1.0,5.637506374327117,,0.0,0.0,1.0,0.0,27,0,1
L100_Ts130_Tr60p0_dT15_F0p8_LP45,1.0,130.0,60.0,15.0,0.8,0.45,S2a,348,1640,0.05934127871611772,139.47480389601782,31.927344515253026,0.23895714545307775,0.6940633992789833,0.2726601279008207,0.05026493740046334,0.0,0.44171341132272396,0.5582865886772761,0.0,1096,193,3
L100_Ts130_Tr60p0_dT15_F0p8_LP45,1.0,130.0,60.0,15.0,0.8,0.45,S2b,323,1640,0.05212484303213904,139.99717058512968,43.26912655196577,0.30025018460083347,0.6906235508311221,43.63715465225488,0.27390387695363927,0.04594024637858652,0.58032333418984,0.37373641943157354,0.0,1132,185,0
L100_Ts130_Tr60p0_dT15_F1p0_LP20,1.0,130.0,60.0,15.0,1.0,0.2,S1,10,40,0.25316455696202533,156.14870402962026,34.21688862546182,0.24459148242416445,1.0,5.792955389372153,,0.0,0.0,1.0,0.0,29,0,1
L100_Ts130_Tr60p0_dT15_F1p0_LP20,1.0,130.0,60.0,15.0,1.0,0.2,S2a,287,1640,0.041025337384913235,170.77364673250284,37.69061793535286,0.23262175452653736,0.6904732632307703,0.3172375961472511,0.012307586450937436,0.0,0.4241420826090025,0.5758579173909976,0.0,1177,171,5
L100_Ts130_Tr60p0_dT15_F1p0_LP20,1.0,130.0,60.0,15.0,1.0,0.2,S2b,272,1640,0.0379107404373358,174.9404911626649,56.32729164115119,0.32055441245894106,0.6967397316818267,39.33851423226584,0.07151706413564796,0.026427511852406077,0.5466625665402423,0.42690992160735175,0.0,1204,164,0
L100_Ts130_Tr60p0_dT15_F1p0_LP30,1.0,130.0,60.0,15.0,1.0,0.3,S1,12,40,0.3037974683544304,163.95613923110128,36.53030240736939,0.24403471232832716,1.0,2.1550347293691345,,0.0,0.0,1.0,0.0,28,0,0
L100_Ts130_Tr60p0_dT15_F1p0_LP30,1.0,130.0,60.0,15.0,1.0,0.3,S2a,330,1640,0.053025581850464895,164.7146677699662,38.229273360211664,0.24183012847706667,0.6914180825726004,2.0612849060082823,0.04263297519955245,0.0,0.4528695030605623,0.5471304969394377,0.0,1112,196,2
L100_Ts130_Tr60p0_dT15_F1p0_LP30,1.0,130.0,60.0,15.0,1.0,0.3,S2b,309,1640,0.04818527612447074,170.48883948079856,54.49654866896117,0.3297132210332208,0.6977487080593586,41.722695841763226,0.24360653418133182,0.03627170442960674,0.5864447173265698,0.3772835782438236,0.0,1141,190,0
L100_Ts130_Tr60p0_dT15_F1p0_LP40,1.0,130.0,60.0,15.0,1.0,0.4,S1,14,40,0.35443037974683544,163.95613923110128,37.0259132830746,0.24403471232832716,1.0,2.1550347293691345,,0.0,0.0,1.0,0.0,26,0,0
L100_Ts130_Tr60p0_dT15_F1p0_LP40,1.0,130.0,60.0,15.0,1.0,0.4,S2a,388,1640,0.07233783304490912,172.867095017071,38.48290468354503,0.22326294506444258,0.6926227146105287,0.422172217380961,0.042632975199556,0.0,0.49363710159172897,0.5063628984082711,0.0,1017,230,5
L100_Ts130_Tr60p0_dT15_F1p0_LP40,1.0,130.0,60.0,15.0,1.0,0.4,S2b,366,1640,0.06618318555092799,172.70298025327642,55.445776354037775,0.3295142359257509,0.6972900846809424,40.68215973904384,0.15786002189156179,0.04965219419892885,0.6350719994442353,0.31527580635683583,0.0,1053,221,0
L100_Ts130_Tr60p0_dT15_F1p0_LP45,1.0,130.0,60.0,15.0,1.0,0.45,S1,15,40,0.379746835443038,161.02835103054588,36.59306144667448,0.24424350111426651,1.0,3.519979891574451,,0.0,0.0,1.0,0.0,24,0,1
L100_Ts130_Tr60p0_dT15_F1p0_LP45,1.0,130.0,60.0,15.0,1.0,0.45,S2a,425,1640,0.08631085830308928,170.77364673250284,38.324508843442686,0.23262175452653736,0.6925784387886562,0.3172375961472511,0.08788270723292868,0.0,0.5202809831994953,0.4797190168005047,0.0,961,249,5
L100_Ts130_Tr60p0_dT15_F1p0_LP45,1.0,130.0,60.0,15.0,1.0,0.45,S2b,401,1640,0.07889365458876806,174.99646323141206,54.87710809410726,0.2980918697444561,0.695857920845325,41.66112796095567,0.22512063195323861,0.059144631506055895,0.6645395146051695,0.2763158538887747,0.0,1000,239,0
L100_Ts130_Tr60p0_dT15_F1p2_LP20,1.0,130.0,60.0,15.0,1.2,0.2,S1,12,40,0.3037974683544304,187.37844483554434,41.43811036614943,0.24236440204081494,1.0,3.6550486494789993,,0.0,0.0,1.0,0.0,27,0,1
L100_Ts130_Tr60p0_dT15_F1p2_LP20,1.0,130.0,60.0,15.0,1.2,0.2,S2a,335,1640,0.054896889129721266,201.30293791678514,44.02656319128096,0.22881737873482497,0.693679225736373,0.021374708621934246,0.013239483597214274,0.0,0.4841977130688551,0.515802286931145,0.0,1084,215,6
L100_Ts130_Tr60p0_dT15_F1p2_LP20,1.0,130.0,60.0,15.0,1.2,0.2,S2b,321,1640,0.052396120978236205,209.92858939519792,67.30481414365988,0.31772408753373466,0.704758701954787,36.70180643714099,0.06257032980078137,0.031191288078574266,0.6169778612110344,0.3518308507103913,0.0,1114,205,0
L100_Ts130_Tr60p0_dT15_F1p2_LP30,1.0,130.0,60.0,15.0,1.2,0.3,S1,14,40,0.35443037974683544,191.2821624362848,42.82604996163286,0.24208601699289645,1.0,2.083310721205706,,0.0,0.0,1.0,0.0,25,0,1
L100_Ts130_Tr60p0_dT15_F1p2_LP30,1.0,130.0,60.0,15.0,1.2,0.3,S2a,387,1640,0.07163888653537816,202.19569739523473,44.525020914475135,0.22431549539974607,0.6914005726743659,0.3166357643723785,0.06379060897140221,0.0,0.5157836698676814,0.4842163301323187,0.0,1002,243,8
L100_Ts130_Tr60p0_dT15_F1p2_LP30,1.0,130.0,60.0,15.0,1.2,0.3,S2b,369,1640,0.06765640143270482,210.39876387013882,64.15255395378426,0.3047355638234509,0.7001375410304923,38.73191913440908,0.013238941589058584,0.0426819675731018,0.6569550830367351,0.3003629493901631,0.0,1038,233,0
L100_Ts130_Tr60p0_dT15_F1p2_LP40,1.0,130.0,60.0,15.0,1.2,0.4,S1,16,40,0.4050632911392405,187.37844483554431,42.42878874925418,0.24236440204081497,1.0,3.6550486494790135,,0.0,0.0,1.0,0.0,23,0,1
L100_Ts130_Tr60p0_dT15_F1p2_LP40,1.0,130.0,60.0,15.0,1.2,0.4,S2a,454,1640,0.09747011550334844,198.45528167639714,44.77187557151365,0.23330172806985644,0.6920396729875242,0.4964621673506855,0.013239483597214274,0.0,0.5613533703603487,0.43864662963965134,0.0,890,286,10
L100_Ts130_Tr60p0_dT15_F1p2_LP40,1.0,130.0,60.0,15.0,1.2,0.4,S2b,435,1640,0.09275346185054407,209.9285893951979,67.81177694993698,0.31772408753373466,0.7026365198553983,36.701806437141,0.06257032980078137,0.05826977227587425,0.7054905648611447,0.23623966286298118,0.0,932,273,0
L100_Ts130_Tr60p0_dT15_F1p2_LP45,1.0,130.0,60.0,15.0,1.2,0.45,S1,18,40,0.45569620253164556,193.23402123665505,44.01529102988877,0.24194682446893748,1.0,1.296796530694209,,0.0,0.0,1.0,0.0,21,0,1
L100_Ts130_Tr60p0_dT15_F1p2_LP45,1.0,130.0,60.0,15.0,1.2,0.45,S2a,499,1640,0.11685473650256259,201.75046582047753,45.35120133120472,0.22658249845498496,0.6924353021848528,0.16883286339439962,0.008340274511596135,0.0,0.5901794115131588,0.4098205884868411,0.0,820,314,7
L100_Ts130_Tr60p0_dT15_F1p2_LP45,1.0,130.0,60.0,15.0,1.2,0.45,S2b,474,1640,0.10945727266837689,209.9957558776945,66.23873695502357,0.29593355488807827,0.7021961206283219,38.25310148110913,0.08062329169745652,0.07268306036965097,0.7335159620797247,0.1938009775506243,0.0,866,300,0
