scenario_id,stratum,none_count,residual_after_all,multiple_minimal_sets,recover_flow,minimal_flow,recover_grade,minimal_grade,recover_flow+grade,minimal_flow+grade,recover_power,minimal_power,recover_flow+power,minimal_flow+power,recover_grade+power,minimal_grade+power,recover_flow+grade+power,minimal_flow+grade+power,recover_supply,minimal_supply,recover_flow+supply,minimal_flow+supply,recover_grade+supply,minimal_grade+supply,recover_flow+grade+supply,minimal_flow+grade+supply,recover_power+supply,minimal_power+supply,recover_flow+power+supply,minimal_flow+power+supply,recover_grade+power+supply,minimal_grade+power+supply,recover_flow+grade+power+supply,minimal_flow+grade+power+supply
L50_Ts120_Tr35p0_dT5_F0p8_LP20,historical_extension,0,0,0,0,0,0,0,0,0,0,0,0,0,0,0,0,0,0,0,0,0,0,0,0,0,0,0,0,0,0,0,0,0
L50_Ts120_Tr35p0_dT5_F0p8_LP30,historical_extension,0,0,0,0,0,0,0,0,0,0,0,0,0,0,0,0,0,0,0,0,0,0,0,0,0,0,0,0,0,0,0,0,0
L50_Ts120_Tr35p0_dT5_F0p8_LP40,historical_extension,329,0,0,329,329,0,0,329,0,0,0,329,0,0,0,329,0,0,0,329,0,0,0,329,0,0,0,329,0,0,0,329,0
L50_Ts120_Tr35p0_dT5_F0p8_LP45,historical_extension,529,0,0,529,529,0,0,529,0,0,0,529,0,0,0,529,0,0,0,529,0,0,0,529,0,0,0,529,0,0,0,529,0
L50_Ts120_Tr35p0_dT5_F1p0_LP20,historical_extension,0,0,0,0,0,0,0,0,0,0,0,0,0,0,0,0,0,0,0,0,0,0,0,0,0,0,0,0,0,0,0,0,0
L50_Ts120_Tr35p0_dT5_F1p0_LP30,historical_extension,104,0,0,104,104,0,0,104,0,0,0,104,0,0,0,104,0,0,0,104,0,0,0,104,0,0,0,104,0,0,0,104,0
L50_Ts120_Tr35p0_dT5_F1p0_LP40,historical_extension,423,0,0,423,423,0,0,423,0,0,0,423,0,0,0,423,0,0,0,423,0,0,0,423,0,0,0,423,0,0,0,423,0
L50_Ts120_Tr35p0_dT5_F1p0_LP45,historical_extension,583,0,0,583,583,0,0,583,0,0,0,583,0,0,0,583,0,0,0,583,0,0,0,583,0,0,0,583,0,0,0,583,0
L50_Ts120_Tr35p0_dT5_F1p2_LP20,historical_extension,0,0,0,0,0,0,0,0,0,0,0,0,0,0,0,0,0,0,0,0,0,0,0,0,0,0,0,0,0,0,0,0,0
L50_Ts120_Tr35p0_dT5_F1p2_LP30,historical_extension,220,0,0,220,220,0,0,220,0,0,0,220,0,0,0,220,0,0,0,220,0,0,0,220,0,0,0,220,0,0,0,220,0
L50_Ts120_Tr35p0_dT5_F1p2_LP40,historical_extension,486,0,0,486,486,0,0,486,0,0,0,486,0,0,0,486,0,0,0,486,0,0,0,486,0,0,0,486,0,0,0,486,0
L50_Ts120_Tr35p0_dT5_F1p2_LP45,historical_extension,619,0,0,619,619,0,0,619,0,0,0,619,0,0,0,619,0,0,0,619,0,0,0,619,0,0,0,619,0,0,0,619,0
L50_Ts120_Tr35p0_dT10_F0p8_LP20,historical_extension,0,0,0,0,0,0,0,0,0,0,0,0,0,0,0,0,0,0,0,0,0,0,0,0,0,0,0,0,0,0,0,0,0
L50_Ts120_Tr35p0_dT10_F0p8_LP30,historical_extension,0,0,0,0,0,0,0,0,0,0,0,0,0,0,0,0,0,0,0,0,0,0,0,0,0,0,0,0,0,0,0,0,0
L50_Ts120_Tr35p0_dT10_F0p8_LP40,historical_extension,329,0,0,329,329,0,0,329,0,0,0,329,0,0,0,329,0,0,0,329,0,0,0,329,0,0,0,329,0,0,0,329,0
L50_Ts120_Tr35p0_dT10_F0p8_LP45,historical_extension,529,0,0,529,529,0,0,529,0,0,0,529,0,0,0,529,0,0,0,529,0,0,0,529,0,0,0,529,0,0,0,529,0
L50_Ts120_Tr35p0_dT10_F1p0_LP20,historical_extension,0,0,0,0,0,0,0,0,0,0,0,0,0,0,0,0,0,0,0,0,0,0,0,0,0,0,0,0,0,0,0,0,0
L50_Ts120_Tr35p0_dT10_F1p0_LP30,historical_extension,104,0,0,104,104,0,0,104,0,0,0,104,0,0,0,104,0,0,0,104,0,0,0,104,0,0,0,104,0,0,0,104,0
L50_Ts120_Tr35p0_dT10_F1p0_LP40,historical_extension,423,0,0,423,423,0,0,423,0,0,0,423,0,0,0,423,0,0,0,423,0,0,0,423,0,0,0,423,0,0,0,423,0
L50_Ts120_Tr35p0_dT10_F1p0_LP45,historical_extension,583,0,0,583,583,0,0,583,0,0,0,583,0,0,0,583,0,0,0,583,0,0,0,583,0,0,0,583,0,0,0,583,0
L50_Ts120_Tr35p0_dT10_F1p2_LP20,historical_extension,0,0,0,0,0,0,0,0,0,0,0,0,0,0,0,0,0,0,0,0,0,0,0,0,0,0,0,0,0,0,0,0,0
L50_Ts120_Tr35p0_dT10_F1p2_LP30,historical_extension,220,0,0,220,220,0,0,220,0,0,0,220,0,0,0,220,0,0,0,220,0,0,0,220,0,0,0,220,0,0,0,220,0
L50_Ts120_Tr35p0_dT10_F1p2_LP40,historical_extension,486,0,0,486,486,0,0,486,0,0,0,486,0,0,0,486,0,0,0,486,0,0,0,486,0,0,0,486,0,0,0,486,0
L50_Ts120_Tr35p0_dT10_F1p2_LP45,historical_extension,619,0,0,619,619,0,0,619,0,0,0,619,0,0,0,619,0,0,0,619,0,0,0,619,0,0,0,619,0,0,0,619,0
L50_Ts120_Tr35p0_dT15_F0p8_LP20,historical_extension,0,0,0,0,0,0,0,0,0,0,0,0,0,0,0,0,0,0,0,0,0,0,0,0,0,0,0,0,0,0,0,0,0
L50_Ts120_Tr35p0_dT15_F0p8_LP30,historical_extension,0,0,0,0,0,0,0,0,0,0,0,0,0,0,0,0,0,0,0,0,0,0,0,0,0,0,0,0,0,0,0,0,0
L50_Ts120_Tr35p0_dT15_F0p8_LP40,historical_extension,329,0,0,329,329,0,0,329,0,0,0,329,0,0,0,329,0,0,0,329,0,0,0,329,0,0,0,329,0,0,0,329,0
L50_Ts120_Tr35p0_dT15_F0p8_LP45,historical_extension,529,0,0,529,529,0,0,529,0,0,0,529,0,0,0,529,0,0,0,529,0,0,0,529,0,0,0,529,0,0,0,529,0
L50_Ts120_Tr35p0_dT15_F1p0_LP20,historical_extension,0,0,0,0,0,0,0,0,0,0,0,0,0,0,0,0,0,0,0,0,0,0,0,0,0,0,0,0,0,0,0,0,0
L50_Ts120_Tr35p0_dT15_F1p0_LP30,historical_extension,104,0,0,104,104,0,0,104,0,0,0,104,0,0,0,104,0,0,0,104,0,0,0,104,0,0,0,104,0,0,0,104,0
L50_Ts120_Tr35p0_dT15_F1p0_LP40,historical_extension,423,0,0,423,423,0,0,423,0,0,0,423,0,0,0,423,0,0,0,423,0,0,0,423,0,0,0,423,0,0,0,423,0
L50_Ts120_Tr35p0_dT15_F1p0_LP45,historical_extension,583,0,0,583,583,0,0,583,0,0,0,583,0,0,0,583,0,0,0,583,0,0,0,583,0,0,0,583,0,0,0,583,0
L50_Ts120_Tr35p0_dT15_F1p2_LP20,historical_extension,19,0,0,0,0,19,19,19,0,0,0,0,0,19,0,19,0,0,0,0,0,19,0,19,0,0,0,0,0,19,0,19,0
L50_Ts120_Tr35p0_dT15_F1p2_LP30,historical_extension,220,0,0,201,201,0,0,220,19,0,0,201,0,0,0,220,0,0,0,201,0,0,0,220,0,0,0,201,0,0,0,220,0
L50_Ts120_Tr35p0_dT15_F1p2_LP40,historical_extension,486,0,0,467,467,0,0,486,19,0,0,467,0,0,0,486,0,0,0,467,0,0,0,486,0,0,0,467,0,0,0,486,0
L50_Ts120_Tr35p0_dT15_F1p2_LP45,historical_extension,619,0,0,600,600,0,0,619,19,0,0,600,0,0,0,619,0,0,0,600,0,0,0,619,0,0,0,600,0,0,0,619,0
L50_Ts120_Tr41p44_dT5_F0p8_LP20,historical_extension,0,0,0,0,0,0,0,0,0,0,0,0,0,0,0,0,0,0,0,0,0,0,0,0,0,0,0,0,0,0,0,0,0
L50_Ts120_Tr41p44_dT5_F0p8_LP30,historical_extension,0,0,0,0,0,0,0,0,0,0,0,0,0,0,0,0,0,0,0,0,0,0,0,0,0,0,0,0,0,0,0,0,0
L50_Ts120_Tr41p44_dT5_F0p8_LP40,historical_extension,290,0,0,290,290,0,0,290,0,0,0,290,0,0,0,290,0,0,0,290,0,0,0,290,0,0,0,290,0,0,0,290,0
L50_Ts120_Tr41p44_dT5_F0p8_LP45,historical_extension,506,0,0,506,506,0,0,506,0,0,0,506,0,0,0,506,0,0,0,506,0,0,0,506,0,0,0,506,0,0,0,506,0
L50_Ts120_Tr41p44_dT5_F1p0_LP20,historical_extension,0,0,0,0,0,0,0,0,0,0,0,0,0,0,0,0,0,0,0,0,0,0,0,0,0,0,0,0,0,0,0,0,0
L50_Ts120_Tr41p44_dT5_F1p0_LP30,historical_extension,47,0,0,47,47,0,0,47,0,0,0,47,0,0,0,47,0,0,0,47,0,0,0,47,0,0,0,47,0,0,0,47,0
L50_Ts120_Tr41p44_dT5_F1p0_LP40,historical_extension,392,0,0,392,392,0,0,392,0,0,0,392,0,0,0,392,0,0,0,392,0,0,0,392,0,0,0,392,0,0,0,392,0
L50_Ts120_Tr41p44_dT5_F1p0_LP45,historical_extension,565,0,0,565,565,0,0,565,0,0,0,565,0,0,0,565,0,0,0,565,0,0,0,565,0,0,0,565,0,0,0,565,0
L50_Ts120_Tr41p44_dT5_F1p2_LP20,historical_extension,0,0,0,0,0,0,0,0,0,0,0,0,0,0,0,0,0,0,0,0,0,0,0,0,0,0,0,0,0,0,0,0,0
L50_Ts120_Tr41p44_dT5_F1p2_LP30,historical_extension,173,0,0,173,173,0,0,173,0,0,0,173,0,0,0,173,0,0,0,173,0,0,0,173,0,0,0,173,0,0,0,173,0
L50_Ts120_Tr41p44_dT5_F1p2_LP40,historical_extension,460,0,0,460,460,0,0,460,0,0,0,460,0,0,0,460,0,0,0,460,0,0,0,460,0,0,0,460,0,0,0,460,0
L50_Ts120_Tr41p44_dT5_F1p2_LP45,historical_extension,604,0,0,604,604,0,0,604,0,0,0,604,0,0,0,604,0,0,0,604,0,0,0,604,0,0,0,604,0,0,0,604,0
L50_Ts120_Tr41p44_dT10_F0p8_LP20,historical_extension,0,0,0,0,0,0,0,0,0,0,0,0,0,0,0,0,0,0,0,0,0,0,0,0,0,0,0,0,0,0,0,0,0
L50_Ts120_Tr41p44_dT10_F0p8_LP30,historical_extension,0,0,0,0,0,0,0,0,0,0,0,0,0,0,0,0,0,0,0,0,0,0,0,0,0,0,0,0,0,0,0,0,0
L50_Ts120_Tr41p44_dT10_F0p8_LP40,historical_extension,290,0,0,290,290,0,0,290,0,0,0,290,0,0,0,290,0,0,0,290,0,0,0,290,0,0,0,290,0,0,0,290,0
L50_Ts120_Tr41p44_dT10_F0p8_LP45,historical_extension,506,0,0,506,506,0,0,506,0,0,0,506,0,0,0,506,0,0,0,506,0,0,0,506,0,0,0,506,0,0,0,506,0
L50_Ts120_Tr41p44_dT10_F1p0_LP20,historical_extension,0,0,0,0,0,0,0,0,0,0,0,0,0,0,0,0,0,0,0,0,0,0,0,0,0,0,0,0,0,0,0,0,0
L50_Ts120_Tr41p44_dT10_F1p0_LP30,historical_extension,47,0,0,47,47,0,0,47,0,0,0,47,0,0,0,47,0,0,0,47,0,0,0,47,0,0,0,47,0,0,0,47,0
L50_Ts120_Tr41p44_dT10_F1p0_LP40,historical_extension,392,0,0,392,392,0,0,392,0,0,0,392,0,0,0,392,0,0,0,392,0,0,0,392,0,0,0,392,0,0,0,392,0
L50_Ts120_Tr41p44_dT10_F1p0_LP45,historical_extension,565,0,0,565,565,0,0,565,0,0,0,565,0,0,0,565,0,0,0,565,0,0,0,565,0,0,0,565,0,0,0,565,0
L50_Ts120_Tr41p44_dT10_F1p2_LP20,historical_extension,0,0,0,0,0,0,0,0,0,0,0,0,0,0,0,0,0,0,0,0,0,0,0,0,0,0,0,0,0,0,0,0,0
L50_Ts120_Tr41p44_dT10_F1p2_LP30,historical_extension,173,0,0,173,173,0,0,173,0,0,0,173,0,0,0,173,0,0,0,173,0,0,0,173,0,0,0,173,0,0,0,173,0
L50_Ts120_Tr41p44_dT10_F1p2_LP40,historical_extension,460,0,0,460,460,0,0,460,0,0,0,460,0,0,0,460,0,0,0,460,0,0,0,460,0,0,0,460,0,0,0,460,0
L50_Ts120_Tr41p44_dT10_F1p2_LP45,historical_extension,604,0,0,604,604,0,0,604,0,0,0,604,0,0,0,604,0,0,0,604,0,0,0,604,0,0,0,604,0,0,0,604,0
L50_Ts120_Tr41p44_dT15_F0p8_LP20,historical_extension,0,0,0,0,0,0,0,0,0,0,0,0,0,0,0,0,0,0,0,0,0,0,0,0,0,0,0,0,0,0,0,0,0
L50_Ts120_Tr41p44_dT15_F0p8_LP30,historical_extension,0,0,0,0,0,0,0,0,0,0,0,0,0,0,0,0,0,0,0,0,0,0,0,0,0,0,0,0,0,0,0,0,0
L50_Ts120_Tr41p44_dT15_F0p8_LP40,historical_extension,290,0,0,290,290,0,0,290,0,0,0,290,0,0,0,290,0,0,0,290,0,0,0,290,0,0,0,290,0,0,0,290,0
L50_Ts120_Tr41p44_dT15_F0p8_LP45,historical_extension,506,0,0,506,506,0,0,506,0,0,0,506,0,0,0,506,0,0,0,506,0,0,0,506,0,0,0,506,0,0,0,506,0
L50_Ts120_Tr41p44_dT15_F1p0_LP20,historical_extension,0,0,0,0,0,0,0,0,0,0,0,0,0,0,0,0,0,0,0,0,0,0,0,0,0,0,0,0,0,0,0,0,0
L50_Ts120_Tr41p44_dT15_F1p0_LP30,historical_extension,47,0,0,47,47,0,0,47,0,0,0,47,0,0,0,47,0,0,0,47,0,0,0,47,0,0,0,47,0,0,0,47,0
L50_Ts120_Tr41p44_dT15_F1p0_LP40,historical_extension,392,0,0,392,392,0,0,392,0,0,0,392,0,0,0,392,0,0,0,392,0,0,0,392,0,0,0,392,0,0,0,392,0
L50_Ts120_Tr41p44_dT15_F1p0_LP45,historical_extension,565,0,0,565,565,0,0,565,0,0,0,565,0,0,0,565,0,0,0,565,0,0,0,565,0,0,0,565,0,0,0,565,0
L50_Ts120_Tr41p44_dT15_F1p2_LP20,historical_extension,11,0,0,0,0,11,11,11,0,0,0,0,0,11,0,11,0,0,0,0,0,11,0,11,0,0,0,0,0,11,0,11,0
L50_Ts120_Tr41p44_dT15_F1p2_LP30,historical_extension,173,0,0,162,162,0,0,173,11,0,0,162,0,0,0,173,0,0,0,162,0,0,0,173,0,0,0,162,0,0,0,173,0
L50_Ts120_Tr41p44_dT15_F1p2_LP40,historical_extension,460,0,0,449,449,0,0,460,11,0,0,449,0,0,0,460,0,0,0,449,0,0,0,460,0,0,0,449,0,0,0,460,0
L50_Ts120_Tr41p44_dT15_F1p2_LP45,historical_extension,604,0,0,593,593,0,0,604,11,0,0,593,0,0,0,604,0,0,0,593,0,0,0,604,0,0,0,593,0,0,0,604,0
L50_Ts120_Tr50p0_dT5_F0p8_LP20,narrow_sensitivity,0,0,0,0,0,0,0,0,0,0,0,0,0,0,0,0,0,0,0,0,0,0,0,0,0,0,0,0,0,0,0,0,0
L50_Ts120_Tr50p0_dT5_F0p8_LP30,narrow_sensitivity,0,0,0,0,0,0,0,0,0,0,0,0,0,0,0,0,0,0,0,0,0,0,0,0,0,0,0,0,0,0,0,0,0
L50_Ts120_Tr50p0_dT5_F0p8_LP40,narrow_sensitivity,228,0,0,228,228,0,0,228,0,0,0,228,0,0,0,228,0,0,0,228,0,0,0,228,0,0,0,228,0,0,0,228,0
L50_Ts120_Tr50p0_dT5_F0p8_LP45,narrow_sensitivity,470,0,0,470,470,0,0,470,0,0,0,470,0,0,0,470,0,0,0,470,0,0,0,470,0,0,0,470,0,0,0,470,0
L50_Ts120_Tr50p0_dT5_F1p0_LP20,narrow_sensitivity,0,0,0,0,0,0,0,0,0,0,0,0,0,0,0,0,0,0,0,0,0,0,0,0,0,0,0,0,0,0,0,0,0
L50_Ts120_Tr50p0_dT5_F1p0_LP30,main_reference,0,0,0,0,0,0,0,0,0,0,0,0,0,0,0,0,0,0,0,0,0,0,0,0,0,0,0,0,0,0,0,0,0
L50_Ts120_Tr50p0_dT5_F1p0_LP40,narrow_sensitivity,343,0,0,343,343,0,0,343,0,0,0,343,0,0,0,343,0,0,0,343,0,0,0,343,0,0,0,343,0,0,0,343,0
L50_Ts120_Tr50p0_dT5_F1p0_LP45,narrow_sensitivity,536,0,0,536,536,0,0,536,0,0,0,536,0,0,0,536,0,0,0,536,0,0,0,536,0,0,0,536,0,0,0,536,0
L50_Ts120_Tr50p0_dT5_F1p2_LP20,narrow_sensitivity,0,0,0,0,0,0,0,0,0,0,0,0,0,0,0,0,0,0,0,0,0,0,0,0,0,0,0,0,0,0,0,0,0
L50_Ts120_Tr50p0_dT5_F1p2_LP30,narrow_sensitivity,96,0,0,96,96,0,0,96,0,0,0,96,0,0,0,96,0,0,0,96,0,0,0,96,0,0,0,96,0,0,0,96,0
L50_Ts120_Tr50p0_dT5_F1p2_LP40,narrow_sensitivity,419,0,0,419,419,0,0,419,0,0,0,419,0,0,0,419,0,0,0,419,0,0,0,419,0,0,0,419,0,0,0,419,0
L50_Ts120_Tr50p0_dT5_F1p2_LP45,narrow_sensitivity,580,0,0,580,580,0,0,580,0,0,0,580,0,0,0,580,0,0,0,580,0,0,0,580,0,0,0,580,0,0,0,580,0
L50_Ts120_Tr50p0_dT10_F0p8_LP20,narrow_sensitivity,0,0,0,0,0,0,0,0,0,0,0,0,0,0,0,0,0,0,0,0,0,0,0,0,0,0,0,0,0,0,0,0,0
L50_Ts120_Tr50p0_dT10_F0p8_LP30,narrow_sensitivity,0,0,0,0,0,0,0,0,0,0,0,0,0,0,0,0,0,0,0,0,0,0,0,0,0,0,0,0,0,0,0,0,0
L50_Ts120_Tr50p0_dT10_F0p8_LP40,narrow_sensitivity,228,0,0,228,228,0,0,228,0,0,0,228,0,0,0,228,0,0,0,228,0,0,0,228,0,0,0,228,0,0,0,228,0
L50_Ts120_Tr50p0_dT10_F0p8_LP45,narrow_sensitivity,470,0,0,470,470,0,0,470,0,0,0,470,0,0,0,470,0,0,0,470,0,0,0,470,0,0,0,470,0,0,0,470,0
L50_Ts120_Tr50p0_dT10_F1p0_LP20,narrow_sensitivity,0,0,0,0,0,0,0,0,0,0,0,0,0,0,0,0,0,0,0,0,0,0,0,0,0,0,0,0,0,0,0,0,0
L50_Ts120_Tr50p0_dT10_F1p0_LP30,narrow_sensitivity,0,0,0,0,0,0,0,0,0,0,0,0,0,0,0,0,0,0,0,0,0,0,0,0,0,0,0,0,0,0,0,0,0
L50_Ts120_Tr50p0_dT10_F1p0_LP40,narrow_sensitivity,343,0,0,343,343,0,0,343,0,0,0,343,0,0,0,343,0,0,0,343,0,0,0,343,0,0,0,343,0,0,0,343,0
L50_Ts120_Tr50p0_dT10_F1p0_LP45,narrow_sensitivity,536,0,0,536,536,0,0,536,0,0,0,536,0,0,0,536,0,0,0,536,0,0,0,536,0,0,0,536,0,0,0,536,0
L50_Ts120_Tr50p0_dT10_F1p2_LP20,narrow_sensitivity,0,0,0,0,0,0,0,0,0,0,0,0,0,0,0,0,0,0,0,0,0,0,0,0,0,0,0,0,0,0,0,0,0
L50_Ts120_Tr50p0_dT10_F1p2_LP30,narrow_sensitivity,96,0,0,96,96,0,0,96,0,0,0,96,0,0,0,96,0,0,0,96,0,0,0,96,0,0,0,96,0,0,0,96,0
L50_Ts120_Tr50p0_dT10_F1p2_LP40,narrow_sensitivity,419,0,0,419,419,0,0,419,0,0,0,419,0,0,0,419,0,0,0,419,0,0,0,419,0,0,0,419,0,0,0,419,0
L50_Ts120_Tr50p0_dT10_F1p2_LP45,narrow_sensitivity,580,0,0,580,580,0,0,580,0,0,0,580,0,0,0,580,0,0,0,580,0,0,0,580,0,0,0,580,0,0,0,580,0
L50_Ts120_Tr50p0_dT15_F0p8_LP20,narrow_sensitivity,0,0,0,0,0,0,0,0,0,0,0,0,0,0,0,0,0,0,0,0,0,0,0,0,0,0,0,0,0,0,0,0,0
L50_Ts120_Tr50p0_dT15_F0p8_LP30,narrow_sensitivity,0,0,0,0,0,0,0,0,0,0,0,0,0,0,0,0,0,0,0,0,0,0,0,0,0,0,0,0,0,0,0,0,0
L50_Ts120_Tr50p0_dT15_F0p8_LP40,narrow_sensitivity,228,0,0,228,228,0,0,228,0,0,0,228,0,0,0,228,0,0,0,228,0,0,0,228,0,0,0,228,0,0,0,228,0
L50_Ts120_Tr50p0_dT15_F0p8_LP45,narrow_sensitivity,470,0,0,470,470,0,0,470,0,0,0,470,0,0,0,470,0,0,0,470,0,0,0,470,0,0,0,470,0,0,0,470,0
L50_Ts120_Tr50p0_dT15_F1p0_LP20,narrow_sensitivity,0,0,0,0,0,0,0,0,0,0,0,0,0,0,0,0,0,0,0,0,0,0,0,0,0,0,0,0,0,0,0,0,0
L50_Ts120_Tr50p0_dT15_F1p0_LP30,narrow_sensitivity,0,0,0,0,0,0,0,0,0,0,0,0,0,0,0,0,0,0,0,0,0,0,0,0,0,0,0,0,0,0,0,0,0
L50_Ts120_Tr50p0_dT15_F1p0_LP40,narrow_sensitivity,343,0,0,343,343,0,0,343,0,0,0,343,0,0,0,343,0,0,0,343,0,0,0,343,0,0,0,343,0,0,0,343,0
L50_Ts120_Tr50p0_dT15_F1p0_LP45,narrow_sensitivity,536,0,0,536,536,0,0,536,0,0,0,536,0,0,0,536,0,0,0,536,0,0,0,536,0,0,0,536,0,0,0,536,0
L50_Ts120_Tr50p0_dT15_F1p2_LP20,narrow_sensitivity,0,0,0,0,0,0,0,0,0,0,0,0,0,0,0,0,0,0,0,0,0,0,0,0,0,0,0,0,0,0,0,0,0
L50_Ts120_Tr50p0_dT15_F1p2_LP30,narrow_sensitivity,96,0,0,96,96,0,0,96,0,0,0,96,0,0,0,96,0,0,0,96,0,0,0,96,0,0,0,96,0,0,0,96,0
L50_Ts120_Tr50p0_dT15_F1p2_LP40,narrow_sensitivity,419,0,0,419,419,0,0,419,0,0,0,419,0,0,0,419,0,0,0,419,0,0,0,419,0,0,0,419,0,0,0,419,0
L50_Ts120_Tr50p0_dT15_F1p2_LP45,narrow_sensitivity,580,0,0,580,580,0,0,580,0,0,0,580,0,0,0,580,0,0,0,580,0,0,0,580,0,0,0,580,0,0,0,580,0
L50_Ts120_Tr60p0_dT5_F0p8_LP20,narrow_sensitivity,0,0,0,0,0,0,0,0,0,0,0,0,0,0,0,0,0,0,0,0,0,0,0,0,0,0,0,0,0,0,0,0,0
L50_Ts120_Tr60p0_dT5_F0p8_LP30,narrow_sensitivity,0,0,0,0,0,0,0,0,0,0,0,0,0,0,0,0,0,0,0,0,0,0,0,0,0,0,0,0,0,0,0,0,0
L50_Ts120_Tr60p0_dT5_F0p8_LP40,narrow_sensitivity,133,0,0,133,133,0,0,133,0,0,0,133,0,0,0,133,0,0,0,133,0,0,0,133,0,0,0,133,0,0,0,133,0
L50_Ts120_Tr60p0_dT5_F0p8_LP45,narrow_sensitivity,415,0,0,415,415,0,0,415,0,0,0,415,0,0,0,415,0,0,0,415,0,0,0,415,0,0,0,415,0,0,0,415,0
L50_Ts120_Tr60p0_dT5_F1p0_LP20,narrow_sensitivity,0,0,0,0,0,0,0,0,0,0,0,0,0,0,0,0,0,0,0,0,0,0,0,0,0,0,0,0,0,0,0,0,0
L50_Ts120_Tr60p0_dT5_F1p0_LP30,main_reference,0,0,0,0,0,0,0,0,0,0,0,0,0,0,0,0,0,0,0,0,0,0,0,0,0,0,0,0,0,0,0,0,0
L50_Ts120_Tr60p0_dT5_F1p0_LP40,narrow_sensitivity,266,0,0,266,266,0,0,266,0,0,0,266,0,0,0,266,0,0,0,266,0,0,0,266,0,0,0,266,0,0,0,266,0
L50_Ts120_Tr60p0_dT5_F1p0_LP45,narrow_sensitivity,492,0,0,492,492,0,0,492,0,0,0,492,0,0,0,492,0,0,0,492,0,0,0,492,0,0,0,492,0,0,0,492,0
L50_Ts120_Tr60p0_dT5_F1p2_LP20,narrow_sensitivity,0,0,0,0,0,0,0,0,0,0,0,0,0,0,0,0,0,0,0,0,0,0,0,0,0,0,0,0,0,0,0,0,0
L50_Ts120_Tr60p0_dT5_F1p2_LP30,narrow_sensitivity,0,0,0,0,0,0,0,0,0,0,0,0,0,0,0,0,0,0,0,0,0,0,0,0,0,0,0,0,0,0,0,0,0
L50_Ts120_Tr60p0_dT5_F1p2_LP40,narrow_sensitivity,355,0,0,355,355,0,0,355,0,0,0,355,0,0,0,355,0,0,0,355,0,0,0,355,0,0,0,355,0,0,0,355,0
L50_Ts120_Tr60p0_dT5_F1p2_LP45,narrow_sensitivity,544,0,0,544,544,0,0,544,0,0,0,544,0,0,0,544,0,0,0,544,0,0,0,544,0,0,0,544,0,0,0,544,0
L50_Ts120_Tr60p0_dT10_F0p8_LP20,narrow_sensitivity,0,0,0,0,0,0,0,0,0,0,0,0,0,0,0,0,0,0,0,0,0,0,0,0,0,0,0,0,0,0,0,0,0
L50_Ts120_Tr60p0_dT10_F0p8_LP30,narrow_sensitivity,0,0,0,0,0,0,0,0,0,0,0,0,0,0,0,0,0,0,0,0,0,0,0,0,0,0,0,0,0,0,0,0,0
L50_Ts120_Tr60p0_dT10_F0p8_LP40,narrow_sensitivity,133,0,0,133,133,0,0,133,0,0,0,133,0,0,0,133,0,0,0,133,0,0,0,133,0,0,0,133,0,0,0,133,0
L50_Ts120_Tr60p0_dT10_F0p8_LP45,narrow_sensitivity,415,0,0,415,415,0,0,415,0,0,0,415,0,0,0,415,0,0,0,415,0,0,0,415,0,0,0,415,0,0,0,415,0
L50_Ts120_Tr60p0_dT10_F1p0_LP20,narrow_sensitivity,0,0,0,0,0,0,0,0,0,0,0,0,0,0,0,0,0,0,0,0,0,0,0,0,0,0,0,0,0,0,0,0,0
L50_Ts120_Tr60p0_dT10_F1p0_LP30,narrow_sensitivity,0,0,0,0,0,0,0,0,0,0,0,0,0,0,0,0,0,0,0,0,0,0,0,0,0,0,0,0,0,0,0,0,0
L50_Ts120_Tr60p0_dT10_F1p0_LP40,narrow_sensitivity,266,0,0,266,266,0,0,266,0,0,0,266,0,0,0,266,0,0,0,266,0,0,0,266,0,0,0,266,0,0,0,266,0
L50_Ts120_Tr60p0_dT10_F1p0_LP45,narrow_sensitivity,492,0,0,492,492,0,0,492,0,0,0,492,0,0,0,492,0,0,0,492,0,0,0,492,0,0,0,492,0,0,0,492,0
L50_Ts120_Tr60p0_dT10_F1p2_LP20,narrow_sensitivity,0,0,0,0,0,0,0,0,0,0,0,0,0,0,0,0,0,0,0,0,0,0,0,0,0,0,0,0,0,0,0,0,0
L50_Ts120_Tr60p0_dT10_F1p2_LP30,narrow_sensitivity,4,0,4,4,4,4,4,4,0,0,0,4,0,4,0,4,0,0,0,4,0,4,0,4,0,0,0,4,0,4,0,4,0
L50_Ts120_Tr60p0_dT10_F1p2_LP40,narrow_sensitivity,355,0,0,355,355,0,0,355,0,0,0,355,0,0,0,355,0,0,0,355,0,0,0,355,0,0,0,355,0,0,0,355,0
L50_Ts120_Tr60p0_dT10_F1p2_LP45,narrow_sensitivity,544,0,0,544,544,0,0,544,0,0,0,544,0,0,0,544,0,0,0,544,0,0,0,544,0,0,0,544,0,0,0,544,0
L50_Ts120_Tr60p0_dT15_F0p8_LP20,narrow_sensitivity,0,0,0,0,0,0,0,0,0,0,0,0,0,0,0,0,0,0,0,0,0,0,0,0,0,0,0,0,0,0,0,0,0
L50_Ts120_Tr60p0_dT15_F0p8_LP30,narrow_sensitivity,0,0,0,0,0,0,0,0,0,0,0,0,0,0,0,0,0,0,0,0,0,0,0,0,0,0,0,0,0,0,0,0,0
L50_Ts120_Tr60p0_dT15_F0p8_LP40,narrow_sensitivity,164,0,31,164,164,31,31,164,0,0,0,164,0,31,0,164,0,0,0,164,0,31,0,164,0,0,0,164,0,31,0,164,0
L50_Ts120_Tr60p0_dT15_F0p8_LP45,narrow_sensitivity,415,0,0,415,415,0,0,415,0,0,0,415,0,0,0,415,0,0,0,415,0,0,0,415,0,0,0,415,0,0,0,415,0
L50_Ts120_Tr60p0_dT15_F1p0_LP20,narrow_sensitivity,0,0,0,0,0,0,0,0,0,0,0,0,0,0,0,0,0,0,0,0,0,0,0,0,0,0,0,0,0,0,0,0,0
L50_Ts120_Tr60p0_dT15_F1p0_LP30,narrow_sensitivity,0,0,0,0,0,0,0,0,0,0,0,0,0,0,0,0,0,0,0,0,0,0,0,0,0,0,0,0,0,0,0,0,0
L50_Ts120_Tr60p0_dT15_F1p0_LP40,narrow_sensitivity,291,0,25,291,291,25,25,291,0,0,0,291,0,25,0,291,0,0,0,291,0,25,0,291,0,0,0,291,0,25,0,291,0
L50_Ts120_Tr60p0_dT15_F1p0_LP45,narrow_sensitivity,492,0,0,492,492,0,0,492,0,0,0,492,0,0,0,492,0,0,0,492,0,0,0,492,0,0,0,492,0,0,0,492,0
L50_Ts120_Tr60p0_dT15_F1p2_LP20,narrow_sensitivity,0,0,0,0,0,0,0,0,0,0,0,0,0,0,0,0,0,0,0,0,0,0,0,0,0,0,0,0,0,0,0,0,0
L50_Ts120_Tr60p0_dT15_F1p2_LP30,narrow_sensitivity,4,0,4,4,4,4,4,4,0,0,0,4,0,4,0,4,0,0,0,4,0,4,0,4,0,0,0,4,0,4,0,4,0
L50_Ts120_Tr60p0_dT15_F1p2_LP40,narrow_sensitivity,375,0,20,375,375,20,20,375,0,0,0,375,0,20,0,375,0,0,0,375,0,20,0,375,0,0,0,375,0,20,0,375,0
L50_Ts120_Tr60p0_dT15_F1p2_LP45,narrow_sensitivity,544,0,0,544,544,0,0,544,0,0,0,544,0,0,0,544,0,0,0,544,0,0,0,544,0,0,0,544,0,0,0,544,0
L50_Ts130_Tr35p0_dT5_F0p8_LP20,historical_extension,0,0,0,0,0,0,0,0,0,0,0,0,0,0,0,0,0,0,0,0,0,0,0,0,0,0,0,0,0,0,0,0,0
L50_Ts130_Tr35p0_dT5_F0p8_LP30,historical_extension,22,0,0,22,22,0,0,22,0,0,0,22,0,0,0,22,0,0,0,22,0,0,0,22,0,0,0,22,0,0,0,22,0
L50_Ts130_Tr35p0_dT5_F0p8_LP40,historical_extension,379,0,0,379,379,0,0,379,0,0,0,379,0,0,0,379,0,0,0,379,0,0,0,379,0,0,0,379,0,0,0,379,0
L50_Ts130_Tr35p0_dT5_F0p8_LP45,historical_extension,557,0,0,557,557,0,0,557,0,0,0,557,0,0,0,557,0,0,0,557,0,0,0,557,0,0,0,557,0,0,0,557,0
L50_Ts130_Tr35p0_dT5_F1p0_LP20,historical_extension,0,0,0,0,0,0,0,0,0,0,0,0,0,0,0,0,0,0,0,0,0,0,0,0,0,0,0,0,0,0,0,0,0
L50_Ts130_Tr35p0_dT5_F1p0_LP30,historical_extension,178,0,0,178,178,0,0,178,0,0,0,178,0,0,0,178,0,0,0,178,0,0,0,178,0,0,0,178,0,0,0,178,0
L50_Ts130_Tr35p0_dT5_F1p0_LP40,historical_extension,463,0,0,463,463,0,0,463,0,0,0,463,0,0,0,463,0,0,0,463,0,0,0,463,0,0,0,463,0,0,0,463,0
L50_Ts130_Tr35p0_dT5_F1p0_LP45,historical_extension,606,0,0,606,606,0,0,606,0,0,0,606,0,0,0,606,0,0,0,606,0,0,0,606,0,0,0,606,0,0,0,606,0
L50_Ts130_Tr35p0_dT5_F1p2_LP20,historical_extension,55,0,11,23,23,11,11,55,32,0,0,23,0,11,0,55,0,0,0,23,0,11,0,55,0,0,0,23,0,11,0,55,0
L50_Ts130_Tr35p0_dT5_F1p2_LP30,historical_extension,281,0,0,249,249,0,0,281,32,0,0,249,0,0,0,281,0,0,0,249,0,0,0,281,0,0,0,249,0,0,0,281,0
L50_Ts130_Tr35p0_dT5_F1p2_LP40,historical_extension,519,0,0,487,487,0,0,519,32,0,0,487,0,0,0,519,0,0,0,487,0,0,0,519,0,0,0,487,0,0,0,519,0
L50_Ts130_Tr35p0_dT5_F1p2_LP45,historical_extension,638,0,0,606,606,0,0,638,32,0,0,606,0,0,0,638,0,0,0,606,0,0,0,638,0,0,0,606,0,0,0,638,0
L50_Ts130_Tr35p0_dT10_F0p8_LP20,historical_extension,0,0,0,0,0,0,0,0,0,0,0,0,0,0,0,0,0,0,0,0,0,0,0,0,0,0,0,0,0,0,0,0,0
L50_Ts130_Tr35p0_dT10_F0p8_LP30,historical_extension,22,0,0,22,22,0,0,22,0,0,0,22,0,0,0,22,0,0,0,22,0,0,0,22,0,0,0,22,0,0,0,22,0
L50_Ts130_Tr35p0_dT10_F0p8_LP40,historical_extension,379,0,0,379,379,0,0,379,0,0,0,379,0,0,0,379,0,0,0,379,0,0,0,379,0,0,0,379,0,0,0,379,0
L50_Ts130_Tr35p0_dT10_F0p8_LP45,historical_extension,557,0,0,557,557,0,0,557,0,0,0,557,0,0,0,557,0,0,0,557,0,0,0,557,0,0,0,557,0,0,0,557,0
L50_Ts130_Tr35p0_dT10_F1p0_LP20,historical_extension,15,0,0,0,0,15,15,15,0,0,0,0,0,15,0,15,0,0,0,0,0,15,0,15,0,0,0,0,0,15,0,15,0
L50_Ts130_Tr35p0_dT10_F1p0_LP30,historical_extension,178,0,0,163,163,0,0,178,15,0,0,163,0,0,0,178,0,0,0,163,0,0,0,178,0,0,0,163,0,0,0,178,0
L50_Ts130_Tr35p0_dT10_F1p0_LP40,historical_extension,463,0,0,448,448,0,0,463,15,0,0,448,0,0,0,463,0,0,0,448,0,0,0,463,0,0,0,448,0,0,0,463,0
L50_Ts130_Tr35p0_dT10_F1p0_LP45,historical_extension,606,0,0,591,591,0,0,606,15,0,0,591,0,0,0,606,0,0,0,591,0,0,0,606,0,0,0,591,0,0,0,606,0
L50_Ts130_Tr35p0_dT10_F1p2_LP20,historical_extension,66,0,0,0,0,22,22,66,44,0,0,0,0,22,0,66,0,0,0,0,0,22,0,66,0,0,0,0,0,22,0,66,0
L50_Ts130_Tr35p0_dT10_F1p2_LP30,historical_extension,281,0,0,215,215,0,0,281,66,0,0,215,0,0,0,281,0,0,0,215,0,0,0,281,0,0,0,215,0,0,0,281,0
L50_Ts130_Tr35p0_dT10_F1p2_LP40,historical_extension,519,0,0,453,453,0,0,519,66,0,0,453,0,0,0,519,0,0,0,453,0,0,0,519,0,0,0,453,0,0,0,519,0
L50_Ts130_Tr35p0_dT10_F1p2_LP45,historical_extension,638,0,0,572,572,0,0,638,66,0,0,572,0,0,0,638,0,0,0,572,0,0,0,638,0,0,0,572,0,0,0,638,0
L50_Ts130_Tr35p0_dT15_F0p8_LP20,historical_extension,5,0,0,0,0,5,5,5,0,0,0,0,0,5,0,5,0,0,0,0,0,5,0,5,0,0,0,0,0,5,0,5,0
L50_Ts130_Tr35p0_dT15_F0p8_LP30,historical_extension,26,0,4,21,21,4,4,26,5,0,0,21,0,4,0,26,0,0,0,21,0,4,0,26,0,0,0,21,0,4,0,26,0
L50_Ts130_Tr35p0_dT15_F0p8_LP40,historical_extension,379,0,0,374,374,0,0,379,5,0,0,374,0,0,0,379,0,0,0,374,0,0,0,379,0,0,0,374,0,0,0,379,0
L50_Ts130_Tr35p0_dT15_F0p8_LP45,historical_extension,557,0,0,552,552,0,0,557,5,0,0,552,0,0,0,557,0,0,0,552,0,0,0,557,0,0,0,552,0,0,0,557,0
L50_Ts130_Tr35p0_dT15_F1p0_LP20,historical_extension,53,0,0,0,0,53,53,53,0,0,0,0,0,53,0,53,0,0,0,0,0,53,0,53,0,0,0,0,0,53,0,53,0
L50_Ts130_Tr35p0_dT15_F1p0_LP30,historical_extension,178,0,0,125,125,0,0,178,53,0,0,125,0,0,0,178,0,0,0,125,0,0,0,178,0,0,0,125,0,0,0,178,0
L50_Ts130_Tr35p0_dT15_F1p0_LP40,historical_extension,463,0,0,410,410,0,0,463,53,0,0,410,0,0,0,463,0,0,0,410,0,0,0,463,0,0,0,410,0,0,0,463,0
L50_Ts130_Tr35p0_dT15_F1p0_LP45,historical_extension,606,0,0,553,553,0,0,606,53,0,0,553,0,0,0,606,0,0,0,553,0,0,0,606,0,0,0,553,0,0,0,606,0
L50_Ts130_Tr35p0_dT15_F1p2_LP20,historical_extension,102,0,0,0,0,58,58,102,44,0,0,0,0,58,0,102,0,0,0,0,0,58,0,102,0,0,0,0,0,58,0,102,0
L50_Ts130_Tr35p0_dT15_F1p2_LP30,historical_extension,281,0,0,179,179,0,0,281,102,0,0,179,0,0,0,281,0,0,0,179,0,0,0,281,0,0,0,179,0,0,0,281,0
L50_Ts130_Tr35p0_dT15_F1p2_LP40,historical_extension,519,0,0,417,417,0,0,519,102,0,0,417,0,0,0,519,0,0,0,417,0,0,0,519,0,0,0,417,0,0,0,519,0
L50_Ts130_Tr35p0_dT15_F1p2_LP45,historical_extension,638,0,0,536,536,0,0,638,102,0,0,536,0,0,0,638,0,0,0,536,0,0,0,638,0,0,0,536,0,0,0,638,0
L50_Ts130_Tr41p44_dT5_F0p8_LP20,historical_extension,0,0,0,0,0,0,0,0,0,0,0,0,0,0,0,0,0,0,0,0,0,0,0,0,0,0,0,0,0,0,0,0,0
L50_Ts130_Tr41p44_dT5_F0p8_LP30,historical_extension,0,0,0,0,0,0,0,0,0,0,0,0,0,0,0,0,0,0,0,0,0,0,0,0,0,0,0,0,0,0,0,0,0
L50_Ts130_Tr41p44_dT5_F0p8_LP40,historical_extension,348,0,0,348,348,0,0,348,0,0,0,348,0,0,0,348,0,0,0,348,0,0,0,348,0,0,0,348,0,0,0,348,0
L50_Ts130_Tr41p44_dT5_F0p8_LP45,historical_extension,539,0,0,539,539,0,0,539,0,0,0,539,0,0,0,539,0,0,0,539,0,0,0,539,0,0,0,539,0,0,0,539,0
L50_Ts130_Tr41p44_dT5_F1p0_LP20,historical_extension,0,0,0,0,0,0,0,0,0,0,0,0,0,0,0,0,0,0,0,0,0,0,0,0,0,0,0,0,0,0,0,0,0
L50_Ts130_Tr41p44_dT5_F1p0_LP30,historical_extension,132,0,0,132,132,0,0,132,0,0,0,132,0,0,0,132,0,0,0,132,0,0,0,132,0,0,0,132,0,0,0,132,0
L50_Ts130_Tr41p44_dT5_F1p0_LP40,historical_extension,439,0,0,439,439,0,0,439,0,0,0,439,0,0,0,439,0,0,0,439,0,0,0,439,0,0,0,439,0,0,0,439,0
L50_Ts130_Tr41p44_dT5_F1p0_LP45,historical_extension,592,0,0,592,592,0,0,592,0,0,0,592,0,0,0,592,0,0,0,592,0,0,0,592,0,0,0,592,0,0,0,592,0
L50_Ts130_Tr41p44_dT5_F1p2_LP20,historical_extension,24,0,0,0,0,24,24,24,0,0,0,0,0,24,0,24,0,0,0,0,0,24,0,24,0,0,0,0,0,24,0,24,0
L50_Ts130_Tr41p44_dT5_F1p2_LP30,historical_extension,244,0,0,220,220,0,0,244,24,0,0,220,0,0,0,244,0,0,0,220,0,0,0,244,0,0,0,220,0,0,0,244,0
L50_Ts130_Tr41p44_dT5_F1p2_LP40,historical_extension,499,0,0,475,475,0,0,499,24,0,0,475,0,0,0,499,0,0,0,475,0,0,0,499,0,0,0,475,0,0,0,499,0
L50_Ts130_Tr41p44_dT5_F1p2_LP45,historical_extension,626,0,0,602,602,0,0,626,24,0,0,602,0,0,0,626,0,0,0,602,0,0,0,626,0,0,0,602,0,0,0,626,0
L50_Ts130_Tr41p44_dT10_F0p8_LP20,historical_extension,0,0,0,0,0,0,0,0,0,0,0,0,0,0,0,0,0,0,0,0,0,0,0,0,0,0,0,0,0,0,0,0,0
L50_Ts130_Tr41p44_dT10_F0p8_LP30,historical_extension,0,0,0,0,0,0,0,0,0,0,0,0,0,0,0,0,0,0,0,0,0,0,0,0,0,0,0,0,0,0,0,0,0
L50_Ts130_Tr41p44_dT10_F0p8_LP40,historical_extension,348,0,0,348,348,0,0,348,0,0,0,348,0,0,0,348,0,0,0,348,0,0,0,348,0,0,0,348,0,0,0,348,0
L50_Ts130_Tr41p44_dT10_F0p8_LP45,historical_extension,539,0,0,539,539,0,0,539,0,0,0,539,0,0,0,539,0,0,0,539,0,0,0,539,0,0,0,539,0,0,0,539,0
L50_Ts130_Tr41p44_dT10_F1p0_LP20,historical_extension,10,0,0,0,0,10,10,10,0,0,0,0,0,10,0,10,0,0,0,0,0,10,0,10,0,0,0,0,0,10,0,10,0
L50_Ts130_Tr41p44_dT10_F1p0_LP30,historical_extension,132,0,0,122,122,0,0,132,10,0,0,122,0,0,0,132,0,0,0,122,0,0,0,132,0,0,0,122,0,0,0,132,0
L50_Ts130_Tr41p44_dT10_F1p0_LP40,historical_extension,439,0,0,429,429,0,0,439,10,0,0,429,0,0,0,439,0,0,0,429,0,0,0,439,0,0,0,429,0,0,0,439,0
L50_Ts130_Tr41p44_dT10_F1p0_LP45,historical_extension,592,0,0,582,582,0,0,592,10,0,0,582,0,0,0,592,0,0,0,582,0,0,0,592,0,0,0,582,0,0,0,592,0
L50_Ts130_Tr41p44_dT10_F1p2_LP20,historical_extension,62,0,0,0,0,62,62,62,0,0,0,0,0,62,0,62,0,0,0,0,0,62,0,62,0,0,0,0,0,62,0,62,0
L50_Ts130_Tr41p44_dT10_F1p2_LP30,historical_extension,244,0,0,182,182,0,0,244,62,0,0,182,0,0,0,244,0,0,0,182,0,0,0,244,0,0,0,182,0,0,0,244,0
L50_Ts130_Tr41p44_dT10_F1p2_LP40,historical_extension,499,0,0,437,437,0,0,499,62,0,0,437,0,0,0,499,0,0,0,437,0,0,0,499,0,0,0,437,0,0,0,499,0
L50_Ts130_Tr41p44_dT10_F1p2_LP45,historical_extension,626,0,0,564,564,0,0,626,62,0,0,564,0,0,0,626,0,0,0,564,0,0,0,626,0,0,0,564,0,0,0,626,0
L50_Ts130_Tr41p44_dT15_F0p8_LP20,historical_extension,1,0,0,0,0,1,1,1,0,0,0,0,0,1,0,1,0,0,0,0,0,1,0,1,0,0,0,0,0,1,0,1,0
L50_Ts130_Tr41p44_dT15_F0p8_LP30,historical_extension,1,0,0,0,0,1,1,1,0,0,0,0,0,1,0,1,0,0,0,0,0,1,0,1,0,0,0,0,0,1,0,1,0
L50_Ts130_Tr41p44_dT15_F0p8_LP40,historical_extension,348,0,0,347,347,0,0,348,1,0,0,347,0,0,0,348,0,0,0,347,0,0,0,348,0,0,0,347,0,0,0,348,0
L50_Ts130_Tr41p44_dT15_F0p8_LP45,historical_extension,539,0,0,538,538,0,0,539,1,0,0,538,0,0,0,539,0,0,0,538,0,0,0,539,0,0,0,538,0,0,0,539,0
L50_Ts130_Tr41p44_dT15_F1p0_LP20,historical_extension,50,0,0,0,0,50,50,50,0,0,0,0,0,50,0,50,0,0,0,0,0,50,0,50,0,0,0,0,0,50,0,50,0
L50_Ts130_Tr41p44_dT15_F1p0_LP30,historical_extension,132,0,0,82,82,0,0,132,50,0,0,82,0,0,0,132,0,0,0,82,0,0,0,132,0,0,0,82,0,0,0,132,0
L50_Ts130_Tr41p44_dT15_F1p0_LP40,historical_extension,439,0,0,389,389,0,0,439,50,0,0,389,0,0,0,439,0,0,0,389,0,0,0,439,0,0,0,389,0,0,0,439,0
L50_Ts130_Tr41p44_dT15_F1p0_LP45,historical_extension,592,0,0,542,542,0,0,592,50,0,0,542,0,0,0,592,0,0,0,542,0,0,0,592,0,0,0,542,0,0,0,592,0
L50_Ts130_Tr41p44_dT15_F1p2_LP20,historical_extension,100,0,0,0,0,100,100,100,0,0,0,0,0,100,0,100,0,0,0,0,0,100,0,100,0,0,0,0,0,100,0,100,0
L50_Ts130_Tr41p44_dT15_F1p2_LP30,historical_extension,244,0,0,144,144,0,0,244,100,0,0,144,0,0,0,244,0,0,0,144,0,0,0,244,0,0,0,144,0,0,0,244,0
L50_Ts130_Tr41p44_dT15_F1p2_LP40,historical_extension,499,0,0,399,399,0,0,499,100,0,0,399,0,0,0,499,0,0,0,399,0,0,0,499,0,0,0,399,0,0,0,499,0
L50_Ts130_Tr41p44_dT15_F1p2_LP45,historical_extension,626,0,0,526,526,0,0,626,100,0,0,526,0,0,0,626,0,0,0,526,0,0,0,626,0,0,0,526,0,0,0,626,0
L50_Ts130_Tr50p0_dT5_F0p8_LP20,narrow_sensitivity,0,0,0,0,0,0,0,0,0,0,0,0,0,0,0,0,0,0,0,0,0,0,0,0,0,0,0,0,0,0,0,0,0
L50_Ts130_Tr50p0_dT5_F0p8_LP30,narrow_sensitivity,0,0,0,0,0,0,0,0,0,0,0,0,0,0,0,0,0,0,0,0,0,0,0,0,0,0,0,0,0,0,0,0,0
L50_Ts130_Tr50p0_dT5_F0p8_LP40,narrow_sensitivity,300,0,0,300,300,0,0,300,0,0,0,300,0,0,0,300,0,0,0,300,0,0,0,300,0,0,0,300,0,0,0,300,0
L50_Ts130_Tr50p0_dT5_F0p8_LP45,narrow_sensitivity,512,0,0,512,512,0,0,512,0,0,0,512,0,0,0,512,0,0,0,512,0,0,0,512,0,0,0,512,0,0,0,512,0
L50_Ts130_Tr50p0_dT5_F1p0_LP20,narrow_sensitivity,0,0,0,0,0,0,0,0,0,0,0,0,0,0,0,0,0,0,0,0,0,0,0,0,0,0,0,0,0,0,0,0,0
L50_Ts130_Tr50p0_dT5_F1p0_LP30,main_reference,61,0,0,61,61,0,0,61,0,0,0,61,0,0,0,61,0,0,0,61,0,0,0,61,0,0,0,61,0,0,0,61,0
L50_Ts130_Tr50p0_dT5_F1p0_LP40,narrow_sensitivity,400,0,0,400,400,0,0,400,0,0,0,400,0,0,0,400,0,0,0,400,0,0,0,400,0,0,0,400,0,0,0,400,0
L50_Ts130_Tr50p0_dT5_F1p0_LP45,narrow_sensitivity,569,0,0,569,569,0,0,569,0,0,0,569,0,0,0,569,0,0,0,569,0,0,0,569,0,0,0,569,0,0,0,569,0
L50_Ts130_Tr50p0_dT5_F1p2_LP20,narrow_sensitivity,13,0,0,0,0,13,13,13,0,0,0,0,0,13,0,13,0,0,0,0,0,13,0,13,0,0,0,0,0,13,0,13,0
L50_Ts130_Tr50p0_dT5_F1p2_LP30,narrow_sensitivity,184,0,0,171,171,0,0,184,13,0,0,171,0,0,0,184,0,0,0,171,0,0,0,184,0,0,0,171,0,0,0,184,0
L50_Ts130_Tr50p0_dT5_F1p2_LP40,narrow_sensitivity,467,0,0,454,454,0,0,467,13,0,0,454,0,0,0,467,0,0,0,454,0,0,0,467,0,0,0,454,0,0,0,467,0
L50_Ts130_Tr50p0_dT5_F1p2_LP45,narrow_sensitivity,608,0,0,595,595,0,0,608,13,0,0,595,0,0,0,608,0,0,0,595,0,0,0,608,0,0,0,595,0,0,0,608,0
L50_Ts130_Tr50p0_dT10_F0p8_LP20,narrow_sensitivity,0,0,0,0,0,0,0,0,0,0,0,0,0,0,0,0,0,0,0,0,0,0,0,0,0,0,0,0,0,0,0,0,0
L50_Ts130_Tr50p0_dT10_F0p8_LP30,narrow_sensitivity,0,0,0,0,0,0,0,0,0,0,0,0,0,0,0,0,0,0,0,0,0,0,0,0,0,0,0,0,0,0,0,0,0
L50_Ts130_Tr50p0_dT10_F0p8_LP40,narrow_sensitivity,300,0,0,300,300,0,0,300,0,0,0,300,0,0,0,300,0,0,0,300,0,0,0,300,0,0,0,300,0,0,0,300,0
L50_Ts130_Tr50p0_dT10_F0p8_LP45,narrow_sensitivity,512,0,0,512,512,0,0,512,0,0,0,512,0,0,0,512,0,0,0,512,0,0,0,512,0,0,0,512,0,0,0,512,0
L50_Ts130_Tr50p0_dT10_F1p0_LP20,narrow_sensitivity,2,0,0,0,0,2,2,2,0,0,0,0,0,2,0,2,0,0,0,0,0,2,0,2,0,0,0,0,0,2,0,2,0
L50_Ts130_Tr50p0_dT10_F1p0_LP30,narrow_sensitivity,61,0,0,59,59,0,0,61,2,0,0,59,0,0,0,61,0,0,0,59,0,0,0,61,0,0,0,59,0,0,0,61,0
L50_Ts130_Tr50p0_dT10_F1p0_LP40,narrow_sensitivity,400,0,0,398,398,0,0,400,2,0,0,398,0,0,0,400,0,0,0,398,0,0,0,400,0,0,0,398,0,0,0,400,0
L50_Ts130_Tr50p0_dT10_F1p0_LP45,narrow_sensitivity,569,0,0,567,567,0,0,569,2,0,0,567,0,0,0,569,0,0,0,567,0,0,0,569,0,0,0,567,0,0,0,569,0
L50_Ts130_Tr50p0_dT10_F1p2_LP20,narrow_sensitivity,56,0,0,0,0,56,56,56,0,0,0,0,0,56,0,56,0,0,0,0,0,56,0,56,0,0,0,0,0,56,0,56,0
L50_Ts130_Tr50p0_dT10_F1p2_LP30,narrow_sensitivity,184,0,0,128,128,0,0,184,56,0,0,128,0,0,0,184,0,0,0,128,0,0,0,184,0,0,0,128,0,0,0,184,0
L50_Ts130_Tr50p0_dT10_F1p2_LP40,narrow_sensitivity,467,0,0,411,411,0,0,467,56,0,0,411,0,0,0,467,0,0,0,411,0,0,0,467,0,0,0,411,0,0,0,467,0
L50_Ts130_Tr50p0_dT10_F1p2_LP45,narrow_sensitivity,608,0,0,552,552,0,0,608,56,0,0,552,0,0,0,608,0,0,0,552,0,0,0,608,0,0,0,552,0,0,0,608,0
L50_Ts130_Tr50p0_dT15_F0p8_LP20,narrow_sensitivity,0,0,0,0,0,0,0,0,0,0,0,0,0,0,0,0,0,0,0,0,0,0,0,0,0,0,0,0,0,0,0,0,0
L50_Ts130_Tr50p0_dT15_F0p8_LP30,narrow_sensitivity,0,0,0,0,0,0,0,0,0,0,0,0,0,0,0,0,0,0,0,0,0,0,0,0,0,0,0,0,0,0,0,0,0
L50_Ts130_Tr50p0_dT15_F0p8_LP40,narrow_sensitivity,300,0,0,300,300,0,0,300,0,0,0,300,0,0,0,300,0,0,0,300,0,0,0,300,0,0,0,300,0,0,0,300,0
L50_Ts130_Tr50p0_dT15_F0p8_LP45,narrow_sensitivity,512,0,0,512,512,0,0,512,0,0,0,512,0,0,0,512,0,0,0,512,0,0,0,512,0,0,0,512,0,0,0,512,0
L50_Ts130_Tr50p0_dT15_F1p0_LP20,narrow_sensitivity,48,0,0,0,0,48,48,48,0,0,0,0,0,48,0,48,0,0,0,0,0,48,0,48,0,0,0,0,0,48,0,48,0
L50_Ts130_Tr50p0_dT15_F1p0_LP30,narrow_sensitivity,61,0,0,13,13,0,0,61,48,0,0,13,0,0,0,61,0,0,0,13,0,0,0,61,0,0,0,13,0,0,0,61,0
L50_Ts130_Tr50p0_dT15_F1p0_LP40,narrow_sensitivity,400,0,0,352,352,0,0,400,48,0,0,352,0,0,0,400,0,0,0,352,0,0,0,400,0,0,0,352,0,0,0,400,0
L50_Ts130_Tr50p0_dT15_F1p0_LP45,narrow_sensitivity,569,0,0,521,521,0,0,569,48,0,0,521,0,0,0,569,0,0,0,521,0,0,0,569,0,0,0,521,0,0,0,569,0
L50_Ts130_Tr50p0_dT15_F1p2_LP20,narrow_sensitivity,99,0,0,0,0,99,99,99,0,0,0,0,0,99,0,99,0,0,0,0,0,99,0,99,0,0,0,0,0,99,0,99,0
L50_Ts130_Tr50p0_dT15_F1p2_LP30,narrow_sensitivity,184,0,0,85,85,0,0,184,99,0,0,85,0,0,0,184,0,0,0,85,0,0,0,184,0,0,0,85,0,0,0,184,0
L50_Ts130_Tr50p0_dT15_F1p2_LP40,narrow_sensitivity,467,0,0,368,368,0,0,467,99,0,0,368,0,0,0,467,0,0,0,368,0,0,0,467,0,0,0,368,0,0,0,467,0
L50_Ts130_Tr50p0_dT15_F1p2_LP45,narrow_sensitivity,608,0,0,509,509,0,0,608,99,0,0,509,0,0,0,608,0,0,0,509,0,0,0,608,0,0,0,509,0,0,0,608,0
L50_Ts130_Tr60p0_dT5_F0p8_LP20,narrow_sensitivity,0,0,0,0,0,0,0,0,0,0,0,0,0,0,0,0,0,0,0,0,0,0,0,0,0,0,0,0,0,0,0,0,0
L50_Ts130_Tr60p0_dT5_F0p8_LP30,narrow_sensitivity,0,0,0,0,0,0,0,0,0,0,0,0,0,0,0,0,0,0,0,0,0,0,0,0,0,0,0,0,0,0,0,0,0
L50_Ts130_Tr60p0_dT5_F0p8_LP40,narrow_sensitivity,228,0,0,228,228,0,0,228,0,0,0,228,0,0,0,228,0,0,0,228,0,0,0,228,0,0,0,228,0,0,0,228,0
L50_Ts130_Tr60p0_dT5_F0p8_LP45,narrow_sensitivity,470,0,0,470,470,0,0,470,0,0,0,470,0,0,0,470,0,0,0,470,0,0,0,470,0,0,0,470,0,0,0,470,0
L50_Ts130_Tr60p0_dT5_F1p0_LP20,narrow_sensitivity,0,0,0,0,0,0,0,0,0,0,0,0,0,0,0,0,0,0,0,0,0,0,0,0,0,0,0,0,0,0,0,0,0
L50_Ts130_Tr60p0_dT5_F1p0_LP30,main_reference,0,0,0,0,0,0,0,0,0,0,0,0,0,0,0,0,0,0,0,0,0,0,0,0,0,0,0,0,0,0,0,0,0
L50_Ts130_Tr60p0_dT5_F1p0_LP40,narrow_sensitivity,343,0,0,343,343,0,0,343,0,0,0,343,0,0,0,343,0,0,0,343,0,0,0,343,0,0,0,343,0,0,0,343,0
L50_Ts130_Tr60p0_dT5_F1p0_LP45,narrow_sensitivity,536,0,0,536,536,0,0,536,0,0,0,536,0,0,0,536,0,0,0,536,0,0,0,536,0,0,0,536,0,0,0,536,0
L50_Ts130_Tr60p0_dT5_F1p2_LP20,narrow_sensitivity,0,0,0,0,0,0,0,0,0,0,0,0,0,0,0,0,0,0,0,0,0,0,0,0,0,0,0,0,0,0,0,0,0
L50_Ts130_Tr60p0_dT5_F1p2_LP30,narrow_sensitivity,96,0,0,96,96,0,0,96,0,0,0,96,0,0,0,96,0,0,0,96,0,0,0,96,0,0,0,96,0,0,0,96,0
L50_Ts130_Tr60p0_dT5_F1p2_LP40,narrow_sensitivity,419,0,0,419,419,0,0,419,0,0,0,419,0,0,0,419,0,0,0,419,0,0,0,419,0,0,0,419,0,0,0,419,0
L50_Ts130_Tr60p0_dT5_F1p2_LP45,narrow_sensitivity,580,0,0,580,580,0,0,580,0,0,0,580,0,0,0,580,0,0,0,580,0,0,0,580,0,0,0,580,0,0,0,580,0
L50_Ts130_Tr60p0_dT10_F0p8_LP20,narrow_sensitivity,0,0,0,0,0,0,0,0,0,0,0,0,0,0,0,0,0,0,0,0,0,0,0,0,0,0,0,0,0,0,0,0,0
L50_Ts130_Tr60p0_dT10_F0p8_LP30,narrow_sensitivity,0,0,0,0,0,0,0,0,0,0,0,0,0,0,0,0,0,0,0,0,0,0,0,0,0,0,0,0,0,0,0,0,0
L50_Ts130_Tr60p0_dT10_F0p8_LP40,narrow_sensitivity,228,0,0,228,228,0,0,228,0,0,0,228,0,0,0,228,0,0,0,228,0,0,0,228,0,0,0,228,0,0,0,228,0
L50_Ts130_Tr60p0_dT10_F0p8_LP45,narrow_sensitivity,470,0,0,470,470,0,0,470,0,0,0,470,0,0,0,470,0,0,0,470,0,0,0,470,0,0,0,470,0,0,0,470,0
L50_Ts130_Tr60p0_dT10_F1p0_LP20,narrow_sensitivity,0,0,0,0,0,0,0,0,0,0,0,0,0,0,0,0,0,0,0,0,0,0,0,0,0,0,0,0,0,0,0,0,0
L50_Ts130_Tr60p0_dT10_F1p0_LP30,narrow_sensitivity,0,0,0,0,0,0,0,0,0,0,0,0,0,0,0,0,0,0,0,0,0,0,0,0,0,0,0,0,0,0,0,0,0
L50_Ts130_Tr60p0_dT10_F1p0_LP40,narrow_sensitivity,343,0,0,343,343,0,0,343,0,0,0,343,0,0,0,343,0,0,0,343,0,0,0,343,0,0,0,343,0,0,0,343,0
L50_Ts130_Tr60p0_dT10_F1p0_LP45,narrow_sensitivity,536,0,0,536,536,0,0,536,0,0,0,536,0,0,0,536,0,0,0,536,0,0,0,536,0,0,0,536,0,0,0,536,0
L50_Ts130_Tr60p0_dT10_F1p2_LP20,narrow_sensitivity,35,0,0,0,0,35,35,35,0,0,0,0,0,35,0,35,0,0,0,0,0,35,0,35,0,0,0,0,0,35,0,35,0
L50_Ts130_Tr60p0_dT10_F1p2_LP30,narrow_sensitivity,117,0,21,82,82,21,21,117,35,0,0,82,0,21,0,117,0,0,0,82,0,21,0,117,0,0,0,82,0,21,0,117,0
L50_Ts130_Tr60p0_dT10_F1p2_LP40,narrow_sensitivity,419,0,0,384,384,0,0,419,35,0,0,384,0,0,0,419,0,0,0,384,0,0,0,419,0,0,0,384,0,0,0,419,0
L50_Ts130_Tr60p0_dT10_F1p2_LP45,narrow_sensitivity,580,0,0,545,545,0,0,580,35,0,0,545,0,0,0,580,0,0,0,545,0,0,0,580,0,0,0,545,0,0,0,580,0
L50_Ts130_Tr60p0_dT15_F0p8_LP20,narrow_sensitivity,0,0,0,0,0,0,0,0,0,0,0,0,0,0,0,0,0,0,0,0,0,0,0,0,0,0,0,0,0,0,0,0,0
L50_Ts130_Tr60p0_dT15_F0p8_LP30,narrow_sensitivity,0,0,0,0,0,0,0,0,0,0,0,0,0,0,0,0,0,0,0,0,0,0,0,0,0,0,0,0,0,0,0,0,0
L50_Ts130_Tr60p0_dT15_F0p8_LP40,narrow_sensitivity,255,0,27,255,255,27,27,255,0,0,0,255,0,27,0,255,0,0,0,255,0,27,0,255,0,0,0,255,0,27,0,255,0
L50_Ts130_Tr60p0_dT15_F0p8_LP45,narrow_sensitivity,470,0,0,470,470,0,0,470,0,0,0,470,0,0,0,470,0,0,0,470,0,0,0,470,0,0,0,470,0,0,0,470,0
L50_Ts130_Tr60p0_dT15_F1p0_LP20,narrow_sensitivity,28,0,0,0,0,28,28,28,0,0,0,0,0,28,0,28,0,0,0,0,0,28,0,28,0,0,0,0,0,28,0,28,0
L50_Ts130_Tr60p0_dT15_F1p0_LP30,narrow_sensitivity,28,0,0,0,0,28,28,28,0,0,0,0,0,28,0,28,0,0,0,0,0,28,0,28,0,0,0,0,0,28,0,28,0
L50_Ts130_Tr60p0_dT15_F1p0_LP40,narrow_sensitivity,363,0,20,335,335,20,20,363,28,0,0,335,0,20,0,363,0,0,0,335,0,20,0,363,0,0,0,335,0,20,0,363,0
L50_Ts130_Tr60p0_dT15_F1p0_LP45,narrow_sensitivity,536,0,0,508,508,0,0,536,28,0,0,508,0,0,0,536,0,0,0,508,0,0,0,536,0,0,0,508,0,0,0,536,0
L50_Ts130_Tr60p0_dT15_F1p2_LP20,narrow_sensitivity,72,0,0,0,0,72,72,72,0,0,0,0,0,72,0,72,0,0,0,0,0,72,0,72,0,0,0,0,0,72,0,72,0
L50_Ts130_Tr60p0_dT15_F1p2_LP30,narrow_sensitivity,117,0,21,45,45,21,21,117,72,0,0,45,0,21,0,117,0,0,0,45,0,21,0,117,0,0,0,45,0,21,0,117,0
L50_Ts130_Tr60p0_dT15_F1p2_LP40,narrow_sensitivity,436,0,17,364,364,17,17,436,72,0,0,364,0,17,0,436,0,0,0,364,0,17,0,436,0,0,0,364,0,17,0,436,0
L50_Ts130_Tr60p0_dT15_F1p2_LP45,narrow_sensitivity,580,0,0,508,508,0,0,580,72,0,0,508,0,0,0,580,0,0,0,508,0,0,0,580,0,0,0,508,0,0,0,580,0
L50_Ts150_Tr35p0_dT5_F0p8_LP20,historical_extension,78,0,0,0,0,78,78,78,0,0,0,0,0,78,0,78,0,0,0,0,0,78,0,78,0,0,0,0,0,78,0,78,0
L50_Ts150_Tr35p0_dT5_F0p8_LP30,historical_extension,157,0,0,79,79,0,0,157,78,0,0,79,0,0,0,157,0,0,0,79,0,0,0,157,0,0,0,79,0,0,0,157,0
L50_Ts150_Tr35p0_dT5_F0p8_LP40,historical_extension,452,0,0,374,374,0,0,452,78,0,0,374,0,0,0,452,0,0,0,374,0,0,0,452,0,0,0,374,0,0,0,452,0
L50_Ts150_Tr35p0_dT5_F0p8_LP45,historical_extension,600,0,0,522,522,0,0,600,78,0,0,522,0,0,0,600,0,0,0,522,0,0,0,600,0,0,0,522,0,0,0,600,0
L50_Ts150_Tr35p0_dT5_F1p0_LP20,historical_extension,121,0,0,0,0,71,71,121,50,0,0,0,0,71,0,121,0,0,0,0,0,71,0,121,0,0,0,0,0,71,0,121,0
L50_Ts150_Tr35p0_dT5_F1p0_LP30,historical_extension,286,0,0,165,165,0,0,286,121,0,0,165,0,0,0,286,0,0,0,165,0,0,0,286,0,0,0,165,0,0,0,286,0
L50_Ts150_Tr35p0_dT5_F1p0_LP40,historical_extension,522,0,0,401,401,0,0,522,121,0,0,401,0,0,0,522,0,0,0,401,0,0,0,522,0,0,0,401,0,0,0,522,0
L50_Ts150_Tr35p0_dT5_F1p0_LP45,historical_extension,640,0,0,519,519,0,0,640,121,0,0,519,0,0,0,640,0,0,0,519,0,0,0,640,0,0,0,519,0,0,0,640,0
L50_Ts150_Tr35p0_dT5_F1p2_LP20,historical_extension,184,0,9,19,19,9,9,184,165,0,0,19,0,9,0,184,0,0,0,19,0,9,0,184,0,0,0,19,0,9,0,184,0
L50_Ts150_Tr35p0_dT5_F1p2_LP30,historical_extension,372,0,0,207,207,0,0,372,165,0,0,207,0,0,0,372,0,0,0,207,0,0,0,372,0,0,0,207,0,0,0,372,0
L50_Ts150_Tr35p0_dT5_F1p2_LP40,historical_extension,568,0,0,403,403,0,0,568,165,0,0,403,0,0,0,568,0,0,0,403,0,0,0,568,0,0,0,403,0,0,0,568,0
L50_Ts150_Tr35p0_dT5_F1p2_LP45,historical_extension,667,0,0,502,502,0,0,667,165,0,0,502,0,0,0,667,0,0,0,502,0,0,0,667,0,0,0,502,0,0,0,667,0
L50_Ts150_Tr35p0_dT10_F0p8_LP20,historical_extension,111,0,0,0,0,111,111,111,0,0,0,0,0,111,0,111,0,0,0,0,0,111,0,111,0,0,0,0,0,111,0,111,0
L50_Ts150_Tr35p0_dT10_F0p8_LP30,historical_extension,157,0,0,46,46,0,0,157,111,0,0,46,0,0,0,157,0,0,0,46,0,0,0,157,0,0,0,46,0,0,0,157,0
L50_Ts150_Tr35p0_dT10_F0p8_LP40,historical_extension,452,0,0,341,341,0,0,452,111,0,0,341,0,0,0,452,0,0,0,341,0,0,0,452,0,0,0,341,0,0,0,452,0
L50_Ts150_Tr35p0_dT10_F0p8_LP45,historical_extension,600,0,0,489,489,0,0,600,111,0,0,489,0,0,0,600,0,0,0,489,0,0,0,600,0,0,0,489,0,0,0,600,0
L50_Ts150_Tr35p0_dT10_F1p0_LP20,historical_extension,152,0,0,0,0,102,102,152,50,0,0,0,0,102,0,152,0,0,0,0,0,102,0,152,0,0,0,0,0,102,0,152,0
L50_Ts150_Tr35p0_dT10_F1p0_LP30,historical_extension,286,0,0,134,134,0,0,286,152,0,0,134,0,0,0,286,0,0,0,134,0,0,0,286,0,0,0,134,0,0,0,286,0
L50_Ts150_Tr35p0_dT10_F1p0_LP40,historical_extension,522,0,0,370,370,0,0,522,152,0,0,370,0,0,0,522,0,0,0,370,0,0,0,522,0,0,0,370,0,0,0,522,0
L50_Ts150_Tr35p0_dT10_F1p0_LP45,historical_extension,640,0,0,488,488,0,0,640,152,0,0,488,0,0,0,640,0,0,0,488,0,0,0,640,0,0,0,488,0,0,0,640,0
L50_Ts150_Tr35p0_dT10_F1p2_LP20,historical_extension,194,0,0,0,0,19,19,194,175,0,0,0,0,19,0,194,0,0,0,0,0,19,0,194,0,0,0,0,0,19,0,194,0
L50_Ts150_Tr35p0_dT10_F1p2_LP30,historical_extension,372,0,0,178,178,0,0,372,194,0,0,178,0,0,0,372,0,0,0,178,0,0,0,372,0,0,0,178,0,0,0,372,0
L50_Ts150_Tr35p0_dT10_F1p2_LP40,historical_extension,568,0,0,374,374,0,0,568,194,0,0,374,0,0,0,568,0,0,0,374,0,0,0,568,0,0,0,374,0,0,0,568,0
L50_Ts150_Tr35p0_dT10_F1p2_LP45,historical_extension,667,0,0,473,473,0,0,667,194,0,0,473,0,0,0,667,0,0,0,473,0,0,0,667,0,0,0,473,0,0,0,667,0
L50_Ts150_Tr35p0_dT15_F0p8_LP20,historical_extension,143,0,0,0,0,143,143,143,0,0,0,0,0,143,0,143,0,0,0,0,0,143,0,143,0,0,0,0,0,143,0,143,0
L50_Ts150_Tr35p0_dT15_F0p8_LP30,historical_extension,161,0,4,18,18,4,4,161,143,0,0,18,0,4,0,161,0,0,0,18,0,4,0,161,0,0,0,18,0,4,0,161,0
L50_Ts150_Tr35p0_dT15_F0p8_LP40,historical_extension,452,0,0,309,309,0,0,452,143,0,0,309,0,0,0,452,0,0,0,309,0,0,0,452,0,0,0,309,0,0,0,452,0
L50_Ts150_Tr35p0_dT15_F0p8_LP45,historical_extension,600,0,0,457,457,0,0,600,143,0,0,457,0,0,0,600,0,0,0,457,0,0,0,600,0,0,0,457,0,0,0,600,0
L50_Ts150_Tr35p0_dT15_F1p0_LP20,historical_extension,183,0,0,0,0,133,133,183,50,0,0,0,0,133,0,183,0,0,0,0,0,133,0,183,0,0,0,0,0,133,0,183,0
L50_Ts150_Tr35p0_dT15_F1p0_LP30,historical_extension,286,0,0,103,103,0,0,286,183,0,0,103,0,0,0,286,0,0,0,103,0,0,0,286,0,0,0,103,0,0,0,286,0
L50_Ts150_Tr35p0_dT15_F1p0_LP40,historical_extension,522,0,0,339,339,0,0,522,183,0,0,339,0,0,0,522,0,0,0,339,0,0,0,522,0,0,0,339,0,0,0,522,0
L50_Ts150_Tr35p0_dT15_F1p0_LP45,historical_extension,640,0,0,457,457,0,0,640,183,0,0,457,0,0,0,640,0,0,0,457,0,0,0,640,0,0,0,457,0,0,0,640,0
L50_Ts150_Tr35p0_dT15_F1p2_LP20,historical_extension,223,0,0,0,0,48,48,223,175,0,0,0,0,48,0,223,0,0,0,0,0,48,0,223,0,0,0,0,0,48,0,223,0
L50_Ts150_Tr35p0_dT15_F1p2_LP30,historical_extension,372,0,0,149,149,0,0,372,223,0,0,149,0,0,0,372,0,0,0,149,0,0,0,372,0,0,0,149,0,0,0,372,0
L50_Ts150_Tr35p0_dT15_F1p2_LP40,historical_extension,568,0,0,345,345,0,0,568,223,0,0,345,0,0,0,568,0,0,0,345,0,0,0,568,0,0,0,345,0,0,0,568,0
L50_Ts150_Tr35p0_dT15_F1p2_LP45,historical_extension,667,0,0,444,444,0,0,667,223,0,0,444,0,0,0,667,0,0,0,444,0,0,0,667,0,0,0,444,0,0,0,667,0
L50_Ts150_Tr41p44_dT5_F0p8_LP20,historical_extension,79,0,0,0,0,79,79,79,0,0,0,0,0,79,0,79,0,0,0,0,0,79,0,79,0,0,0,0,0,79,0,79,0
L50_Ts150_Tr41p44_dT5_F0p8_LP30,historical_extension,119,0,0,40,40,0,0,119,79,0,0,40,0,0,0,119,0,0,0,40,0,0,0,119,0,0,0,40,0,0,0,119,0
L50_Ts150_Tr41p44_dT5_F0p8_LP40,historical_extension,431,0,0,352,352,0,0,431,79,0,0,352,0,0,0,431,0,0,0,352,0,0,0,431,0,0,0,352,0,0,0,431,0
L50_Ts150_Tr41p44_dT5_F0p8_LP45,historical_extension,588,0,0,509,509,0,0,588,79,0,0,509,0,0,0,588,0,0,0,509,0,0,0,588,0,0,0,509,0,0,0,588,0
L50_Ts150_Tr41p44_dT5_F1p0_LP20,historical_extension,123,0,0,0,0,117,117,123,6,0,0,0,0,117,0,123,0,0,0,0,0,117,0,123,0,0,0,0,0,117,0,123,0
L50_Ts150_Tr41p44_dT5_F1p0_LP30,historical_extension,255,0,0,132,132,0,0,255,123,0,0,132,0,0,0,255,0,0,0,132,0,0,0,255,0,0,0,132,0,0,0,255,0
L50_Ts150_Tr41p44_dT5_F1p0_LP40,historical_extension,505,0,0,382,382,0,0,505,123,0,0,382,0,0,0,505,0,0,0,382,0,0,0,505,0,0,0,382,0,0,0,505,0
L50_Ts150_Tr41p44_dT5_F1p0_LP45,historical_extension,630,0,0,507,507,0,0,630,123,0,0,507,0,0,0,630,0,0,0,507,0,0,0,630,0,0,0,507,0,0,0,630,0
L50_Ts150_Tr41p44_dT5_F1p2_LP20,historical_extension,167,0,0,0,0,29,29,167,138,0,0,0,0,29,0,167,0,0,0,0,0,29,0,167,0,0,0,0,0,29,0,167,0
L50_Ts150_Tr41p44_dT5_F1p2_LP30,historical_extension,346,0,0,179,179,0,0,346,167,0,0,179,0,0,0,346,0,0,0,179,0,0,0,346,0,0,0,179,0,0,0,346,0
L50_Ts150_Tr41p44_dT5_F1p2_LP40,historical_extension,554,0,0,387,387,0,0,554,167,0,0,387,0,0,0,554,0,0,0,387,0,0,0,554,0,0,0,387,0,0,0,554,0
L50_Ts150_Tr41p44_dT5_F1p2_LP45,historical_extension,659,0,0,492,492,0,0,659,167,0,0,492,0,0,0,659,0,0,0,492,0,0,0,659,0,0,0,492,0,0,0,659,0
L50_Ts150_Tr41p44_dT10_F0p8_LP20,historical_extension,114,0,0,0,0,114,114,114,0,0,0,0,0,114,0,114,0,0,0,0,0,114,0,114,0,0,0,0,0,114,0,114,0
L50_Ts150_Tr41p44_dT10_F0p8_LP30,historical_extension,127,0,8,13,13,8,8,127,114,0,0,13,0,8,0,127,0,0,0,13,0,8,0,127,0,0,0,13,0,8,0,127,0
L50_Ts150_Tr41p44_dT10_F0p8_LP40,historical_extension,431,0,0,317,317,0,0,431,114,0,0,317,0,0,0,431,0,0,0,317,0,0,0,431,0,0,0,317,0,0,0,431,0
L50_Ts150_Tr41p44_dT10_F0p8_LP45,historical_extension,588,0,0,474,474,0,0,588,114,0,0,474,0,0,0,588,0,0,0,474,0,0,0,588,0,0,0,474,0,0,0,588,0
L50_Ts150_Tr41p44_dT10_F1p0_LP20,historical_extension,156,0,0,0,0,150,150,156,6,0,0,0,0,150,0,156,0,0,0,0,0,150,0,156,0,0,0,0,0,150,0,156,0
L50_Ts150_Tr41p44_dT10_F1p0_LP30,historical_extension,255,0,0,99,99,0,0,255,156,0,0,99,0,0,0,255,0,0,0,99,0,0,0,255,0,0,0,99,0,0,0,255,0
L50_Ts150_Tr41p44_dT10_F1p0_LP40,historical_extension,505,0,0,349,349,0,0,505,156,0,0,349,0,0,0,505,0,0,0,349,0,0,0,505,0,0,0,349,0,0,0,505,0
L50_Ts150_Tr41p44_dT10_F1p0_LP45,historical_extension,630,0,0,474,474,0,0,630,156,0,0,474,0,0,0,630,0,0,0,474,0,0,0,630,0,0,0,474,0,0,0,630,0
L50_Ts150_Tr41p44_dT10_F1p2_LP20,historical_extension,198,0,0,0,0,60,60,198,138,0,0,0,0,60,0,198,0,0,0,0,0,60,0,198,0,0,0,0,0,60,0,198,0
L50_Ts150_Tr41p44_dT10_F1p2_LP30,historical_extension,346,0,0,148,148,0,0,346,198,0,0,148,0,0,0,346,0,0,0,148,0,0,0,346,0,0,0,148,0,0,0,346,0
L50_Ts150_Tr41p44_dT10_F1p2_LP40,historical_extension,554,0,0,356,356,0,0,554,198,0,0,356,0,0,0,554,0,0,0,356,0,0,0,554,0,0,0,356,0,0,0,554,0
L50_Ts150_Tr41p44_dT10_F1p2_LP45,historical_extension,659,0,0,461,461,0,0,659,198,0,0,461,0,0,0,659,0,0,0,461,0,0,0,659,0,0,0,461,0,0,0,659,0
L50_Ts150_Tr41p44_dT15_F0p8_LP20,historical_extension,149,0,0,0,0,149,149,149,0,0,0,0,0,149,0,149,0,0,0,0,0,149,0,149,0,0,0,0,0,149,0,149,0
L50_Ts150_Tr41p44_dT15_F0p8_LP30,historical_extension,149,0,0,0,0,30,30,149,119,0,0,0,0,30,0,149,0,0,0,0,0,30,0,149,0,0,0,0,0,30,0,149,0
L50_Ts150_Tr41p44_dT15_F0p8_LP40,historical_extension,431,0,0,282,282,0,0,431,149,0,0,282,0,0,0,431,0,0,0,282,0,0,0,431,0,0,0,282,0,0,0,431,0
L50_Ts150_Tr41p44_dT15_F0p8_LP45,historical_extension,588,0,0,439,439,0,0,588,149,0,0,439,0,0,0,588,0,0,0,439,0,0,0,588,0,0,0,439,0,0,0,588,0
L50_Ts150_Tr41p44_dT15_F1p0_LP20,historical_extension,189,0,0,0,0,183,183,189,6,0,0,0,0,183,0,189,0,0,0,0,0,183,0,189,0,0,0,0,0,183,0,189,0
L50_Ts150_Tr41p44_dT15_F1p0_LP30,historical_extension,255,0,0,66,66,0,0,255,189,0,0,66,0,0,0,255,0,0,0,66,0,0,0,255,0,0,0,66,0,0,0,255,0
L50_Ts150_Tr41p44_dT15_F1p0_LP40,historical_extension,505,0,0,316,316,0,0,505,189,0,0,316,0,0,0,505,0,0,0,316,0,0,0,505,0,0,0,316,0,0,0,505,0
L50_Ts150_Tr41p44_dT15_F1p0_LP45,historical_extension,630,0,0,441,441,0,0,630,189,0,0,441,0,0,0,630,0,0,0,441,0,0,0,630,0,0,0,441,0,0,0,630,0
L50_Ts150_Tr41p44_dT15_F1p2_LP20,historical_extension,229,0,0,0,0,91,91,229,138,0,0,0,0,91,0,229,0,0,0,0,0,91,0,229,0,0,0,0,0,91,0,229,0
L50_Ts150_Tr41p44_dT15_F1p2_LP30,historical_extension,346,0,0,117,117,0,0,346,229,0,0,117,0,0,0,346,0,0,0,117,0,0,0,346,0,0,0,117,0,0,0,346,0
L50_Ts150_Tr41p44_dT15_F1p2_LP40,historical_extension,554,0,0,325,325,0,0,554,229,0,0,325,0,0,0,554,0,0,0,325,0,0,0,554,0,0,0,325,0,0,0,554,0
L50_Ts150_Tr41p44_dT15_F1p2_LP45,historical_extension,659,0,0,430,430,0,0,659,229,0,0,430,0,0,0,659,0,0,0,430,0,0,0,659,0,0,0,430,0,0,0,659,0
L50_Ts150_Tr50p0_dT5_F0p8_LP20,historical_extension,82,0,0,0,0,82,82,82,0,0,0,0,0,82,0,82,0,0,0,0,0,82,0,82,0,0,0,0,0,82,0,82,0
L50_Ts150_Tr50p0_dT5_F0p8_LP30,historical_extension,82,0,0,0,0,21,21,82,61,0,0,0,0,21,0,82,0,0,0,0,0,21,0,82,0,0,0,0,0,21,0,82,0
L50_Ts150_Tr50p0_dT5_F0p8_LP40,historical_extension,400,0,0,318,318,0,0,400,82,0,0,318,0,0,0,400,0,0,0,318,0,0,0,400,0,0,0,318,0,0,0,400,0
L50_Ts150_Tr50p0_dT5_F0p8_LP45,historical_extension,569,0,0,487,487,0,0,569,82,0,0,487,0,0,0,569,0,0,0,487,0,0,0,569,0,0,0,487,0,0,0,569,0
L50_Ts150_Tr50p0_dT5_F1p0_LP20,historical_extension,126,0,0,0,0,126,126,126,0,0,0,0,0,126,0,126,0,0,0,0,0,126,0,126,0,0,0,0,0,126,0,126,0
L50_Ts150_Tr50p0_dT5_F1p0_LP30,historical_extension,209,0,0,83,83,0,0,209,126,0,0,83,0,0,0,209,0,0,0,83,0,0,0,209,0,0,0,83,0,0,0,209,0
L50_Ts150_Tr50p0_dT5_F1p0_LP40,historical_extension,480,0,0,354,354,0,0,480,126,0,0,354,0,0,0,480,0,0,0,354,0,0,0,480,0,0,0,354,0,0,0,480,0
L50_Ts150_Tr50p0_dT5_F1p0_LP45,historical_extension,616,0,0,490,490,0,0,616,126,0,0,490,0,0,0,616,0,0,0,490,0,0,0,616,0,0,0,490,0,0,0,616,0
L50_Ts150_Tr50p0_dT5_F1p2_LP20,historical_extension,170,0,0,0,0,89,89,170,81,0,0,0,0,89,0,170,0,0,0,0,0,89,0,170,0,0,0,0,0,89,0,170,0
L50_Ts150_Tr50p0_dT5_F1p2_LP30,historical_extension,307,0,0,137,137,0,0,307,170,0,0,137,0,0,0,307,0,0,0,137,0,0,0,307,0,0,0,137,0,0,0,307,0
L50_Ts150_Tr50p0_dT5_F1p2_LP40,historical_extension,533,0,0,363,363,0,0,533,170,0,0,363,0,0,0,533,0,0,0,363,0,0,0,533,0,0,0,363,0,0,0,533,0
L50_Ts150_Tr50p0_dT5_F1p2_LP45,historical_extension,646,0,0,476,476,0,0,646,170,0,0,476,0,0,0,646,0,0,0,476,0,0,0,646,0,0,0,476,0,0,0,646,0
L50_Ts150_Tr50p0_dT10_F0p8_LP20,historical_extension,120,0,0,0,0,120,120,120,0,0,0,0,0,120,0,120,0,0,0,0,0,120,0,120,0,0,0,0,0,120,0,120,0
L50_Ts150_Tr50p0_dT10_F0p8_LP30,historical_extension,120,0,0,0,0,59,59,120,61,0,0,0,0,59,0,120,0,0,0,0,0,59,0,120,0,0,0,0,0,59,0,120,0
L50_Ts150_Tr50p0_dT10_F0p8_LP40,historical_extension,400,0,0,280,280,0,0,400,120,0,0,280,0,0,0,400,0,0,0,280,0,0,0,400,0,0,0,280,0,0,0,400,0
L50_Ts150_Tr50p0_dT10_F0p8_LP45,historical_extension,569,0,0,449,449,0,0,569,120,0,0,449,0,0,0,569,0,0,0,449,0,0,0,569,0,0,0,449,0,0,0,569,0
L50_Ts150_Tr50p0_dT10_F1p0_LP20,historical_extension,162,0,0,0,0,162,162,162,0,0,0,0,0,162,0,162,0,0,0,0,0,162,0,162,0,0,0,0,0,162,0,162,0
L50_Ts150_Tr50p0_dT10_F1p0_LP30,historical_extension,209,0,0,47,47,0,0,209,162,0,0,47,0,0,0,209,0,0,0,47,0,0,0,209,0,0,0,47,0,0,0,209,0
L50_Ts150_Tr50p0_dT10_F1p0_LP40,historical_extension,480,0,0,318,318,0,0,480,162,0,0,318,0,0,0,480,0,0,0,318,0,0,0,480,0,0,0,318,0,0,0,480,0
L50_Ts150_Tr50p0_dT10_F1p0_LP45,historical_extension,616,0,0,454,454,0,0,616,162,0,0,454,0,0,0,616,0,0,0,454,0,0,0,616,0,0,0,454,0,0,0,616,0
L50_Ts150_Tr50p0_dT10_F1p2_LP20,historical_extension,205,0,0,0,0,124,124,205,81,0,0,0,0,124,0,205,0,0,0,0,0,124,0,205,0,0,0,0,0,124,0,205,0
L50_Ts150_Tr50p0_dT10_F1p2_LP30,historical_extension,307,0,0,102,102,0,0,307,205,0,0,102,0,0,0,307,0,0,0,102,0,0,0,307,0,0,0,102,0,0,0,307,0
L50_Ts150_Tr50p0_dT10_F1p2_LP40,historical_extension,533,0,0,328,328,0,0,533,205,0,0,328,0,0,0,533,0,0,0,328,0,0,0,533,0,0,0,328,0,0,0,533,0
L50_Ts150_Tr50p0_dT10_F1p2_LP45,historical_extension,646,0,0,441,441,0,0,646,205,0,0,441,0,0,0,646,0,0,0,441,0,0,0,646,0,0,0,441,0,0,0,646,0
L50_Ts150_Tr50p0_dT15_F0p8_LP20,historical_extension,157,0,0,0,0,157,157,157,0,0,0,0,0,157,0,157,0,0,0,0,0,157,0,157,0,0,0,0,0,157,0,157,0
L50_Ts150_Tr50p0_dT15_F0p8_LP30,historical_extension,157,0,0,0,0,96,96,157,61,0,0,0,0,96,0,157,0,0,0,0,0,96,0,157,0,0,0,0,0,96,0,157,0
L50_Ts150_Tr50p0_dT15_F0p8_LP40,historical_extension,400,0,0,243,243,0,0,400,157,0,0,243,0,0,0,400,0,0,0,243,0,0,0,400,0,0,0,243,0,0,0,400,0
L50_Ts150_Tr50p0_dT15_F0p8_LP45,historical_extension,569,0,0,412,412,0,0,569,157,0,0,412,0,0,0,569,0,0,0,412,0,0,0,569,0,0,0,412,0,0,0,569,0
L50_Ts150_Tr50p0_dT15_F1p0_LP20,historical_extension,198,0,0,0,0,198,198,198,0,0,0,0,0,198,0,198,0,0,0,0,0,198,0,198,0,0,0,0,0,198,0,198,0
L50_Ts150_Tr50p0_dT15_F1p0_LP30,historical_extension,209,0,0,11,11,0,0,209,198,0,0,11,0,0,0,209,0,0,0,11,0,0,0,209,0,0,0,11,0,0,0,209,0
L50_Ts150_Tr50p0_dT15_F1p0_LP40,historical_extension,480,0,0,282,282,0,0,480,198,0,0,282,0,0,0,480,0,0,0,282,0,0,0,480,0,0,0,282,0,0,0,480,0
L50_Ts150_Tr50p0_dT15_F1p0_LP45,historical_extension,616,0,0,418,418,0,0,616,198,0,0,418,0,0,0,616,0,0,0,418,0,0,0,616,0,0,0,418,0,0,0,616,0
L50_Ts150_Tr50p0_dT15_F1p2_LP20,historical_extension,239,0,0,0,0,158,158,239,81,0,0,0,0,158,0,239,0,0,0,0,0,158,0,239,0,0,0,0,0,158,0,239,0
L50_Ts150_Tr50p0_dT15_F1p2_LP30,historical_extension,307,0,0,68,68,0,0,307,239,0,0,68,0,0,0,307,0,0,0,68,0,0,0,307,0,0,0,68,0,0,0,307,0
L50_Ts150_Tr50p0_dT15_F1p2_LP40,historical_extension,533,0,0,294,294,0,0,533,239,0,0,294,0,0,0,533,0,0,0,294,0,0,0,533,0,0,0,294,0,0,0,533,0
L50_Ts150_Tr50p0_dT15_F1p2_LP45,historical_extension,646,0,0,407,407,0,0,646,239,0,0,407,0,0,0,646,0,0,0,407,0,0,0,646,0,0,0,407,0,0,0,646,0
L50_Ts150_Tr60p0_dT5_F0p8_LP20,historical_extension,86,0,0,0,0,86,86,86,0,0,0,0,0,86,0,86,0,0,0,0,0,86,0,86,0,0,0,0,0,86,0,86,0
L50_Ts150_Tr60p0_dT5_F0p8_LP30,historical_extension,86,0,0,0,0,86,86,86,0,0,0,0,0,86,0,86,0,0,0,0,0,86,0,86,0,0,0,0,0,86,0,86,0
L50_Ts150_Tr60p0_dT5_F0p8_LP40,historical_extension,355,0,0,269,269,0,0,355,86,0,0,269,0,0,0,355,0,0,0,269,0,0,0,355,0,0,0,269,0,0,0,355,0
L50_Ts150_Tr60p0_dT5_F0p8_LP45,historical_extension,544,0,0,458,458,0,0,544,86,0,0,458,0,0,0,544,0,0,0,458,0,0,0,544,0,0,0,458,0,0,0,544,0
L50_Ts150_Tr60p0_dT5_F1p0_LP20,historical_extension,131,0,0,0,0,131,131,131,0,0,0,0,0,131,0,131,0,0,0,0,0,131,0,131,0,0,0,0,0,131,0,131,0
L50_Ts150_Tr60p0_dT5_F1p0_LP30,historical_extension,143,0,0,12,12,0,0,143,131,0,0,12,0,0,0,143,0,0,0,12,0,0,0,143,0,0,0,12,0,0,0,143,0
L50_Ts150_Tr60p0_dT5_F1p0_LP40,historical_extension,444,0,0,313,313,0,0,444,131,0,0,313,0,0,0,444,0,0,0,313,0,0,0,444,0,0,0,313,0,0,0,444,0
L50_Ts150_Tr60p0_dT5_F1p0_LP45,historical_extension,595,0,0,464,464,0,0,595,131,0,0,464,0,0,0,595,0,0,0,464,0,0,0,595,0,0,0,464,0,0,0,595,0
L50_Ts150_Tr60p0_dT5_F1p2_LP20,historical_extension,177,0,0,0,0,175,175,177,2,0,0,0,0,175,0,177,0,0,0,0,0,175,0,177,0,0,0,0,0,175,0,177,0
L50_Ts150_Tr60p0_dT5_F1p2_LP30,historical_extension,253,0,0,76,76,0,0,253,177,0,0,76,0,0,0,253,0,0,0,76,0,0,0,253,0,0,0,76,0,0,0,253,0
L50_Ts150_Tr60p0_dT5_F1p2_LP40,historical_extension,504,0,0,327,327,0,0,504,177,0,0,327,0,0,0,504,0,0,0,327,0,0,0,504,0,0,0,327,0,0,0,504,0
L50_Ts150_Tr60p0_dT5_F1p2_LP45,historical_extension,629,0,0,452,452,0,0,629,177,0,0,452,0,0,0,629,0,0,0,452,0,0,0,629,0,0,0,452,0,0,0,629,0
L50_Ts150_Tr60p0_dT10_F0p8_LP20,historical_extension,128,0,0,0,0,128,128,128,0,0,0,0,0,128,0,128,0,0,0,0,0,128,0,128,0,0,0,0,0,128,0,128,0
L50_Ts150_Tr60p0_dT10_F0p8_LP30,historical_extension,128,0,0,0,0,128,128,128,0,0,0,0,0,128,0,128,0,0,0,0,0,128,0,128,0,0,0,0,0,128,0,128,0
L50_Ts150_Tr60p0_dT10_F0p8_LP40,historical_extension,355,0,0,227,227,0,0,355,128,0,0,227,0,0,0,355,0,0,0,227,0,0,0,355,0,0,0,227,0,0,0,355,0
L50_Ts150_Tr60p0_dT10_F0p8_LP45,historical_extension,544,0,0,416,416,0,0,544,128,0,0,416,0,0,0,544,0,0,0,416,0,0,0,544,0,0,0,416,0,0,0,544,0
L50_Ts150_Tr60p0_dT10_F1p0_LP20,historical_extension,168,0,0,0,0,168,168,168,0,0,0,0,0,168,0,168,0,0,0,0,0,168,0,168,0,0,0,0,0,168,0,168,0
L50_Ts150_Tr60p0_dT10_F1p0_LP30,historical_extension,168,0,0,0,0,25,25,168,143,0,0,0,0,25,0,168,0,0,0,0,0,25,0,168,0,0,0,0,0,25,0,168,0
L50_Ts150_Tr60p0_dT10_F1p0_LP40,historical_extension,444,0,0,276,276,0,0,444,168,0,0,276,0,0,0,444,0,0,0,276,0,0,0,444,0,0,0,276,0,0,0,444,0
L50_Ts150_Tr60p0_dT10_F1p0_LP45,historical_extension,595,0,0,427,427,0,0,595,168,0,0,427,0,0,0,595,0,0,0,427,0,0,0,595,0,0,0,427,0,0,0,595,0
L50_Ts150_Tr60p0_dT10_F1p2_LP20,historical_extension,205,0,0,0,0,203,203,205,2,0,0,0,0,203,0,205,0,0,0,0,0,203,0,205,0,0,0,0,0,203,0,205,0
L50_Ts150_Tr60p0_dT10_F1p2_LP30,historical_extension,269,0,16,64,64,16,16,269,205,0,0,64,0,16,0,269,0,0,0,64,0,16,0,269,0,0,0,64,0,16,0,269,0
L50_Ts150_Tr60p0_dT10_F1p2_LP40,historical_extension,504,0,0,299,299,0,0,504,205,0,0,299,0,0,0,504,0,0,0,299,0,0,0,504,0,0,0,299,0,0,0,504,0
L50_Ts150_Tr60p0_dT10_F1p2_LP45,historical_extension,629,0,0,424,424,0,0,629,205,0,0,424,0,0,0,629,0,0,0,424,0,0,0,629,0,0,0,424,0,0,0,629,0
L50_Ts150_Tr60p0_dT15_F0p8_LP20,historical_extension,163,0,0,0,0,163,163,163,0,0,0,0,0,163,0,163,0,0,0,0,0,163,0,163,0,0,0,0,0,163,0,163,0
L50_Ts150_Tr60p0_dT15_F0p8_LP30,historical_extension,163,0,0,0,0,163,163,163,0,0,0,0,0,163,0,163,0,0,0,0,0,163,0,163,0,0,0,0,0,163,0,163,0
L50_Ts150_Tr60p0_dT15_F0p8_LP40,historical_extension,376,0,21,213,213,21,21,376,163,0,0,213,0,21,0,376,0,0,0,213,0,21,0,376,0,0,0,213,0,21,0,376,0
L50_Ts150_Tr60p0_dT15_F0p8_LP45,historical_extension,544,0,0,381,381,0,0,544,163,0,0,381,0,0,0,544,0,0,0,381,0,0,0,544,0,0,0,381,0,0,0,544,0
L50_Ts150_Tr60p0_dT15_F1p0_LP20,historical_extension,200,0,0,0,0,200,200,200,0,0,0,0,0,200,0,200,0,0,0,0,0,200,0,200,0,0,0,0,0,200,0,200,0
L50_Ts150_Tr60p0_dT15_F1p0_LP30,historical_extension,200,0,0,0,0,57,57,200,143,0,0,0,0,57,0,200,0,0,0,0,0,57,0,200,0,0,0,0,0,57,0,200,0
L50_Ts150_Tr60p0_dT15_F1p0_LP40,historical_extension,461,0,17,261,261,17,17,461,200,0,0,261,0,17,0,461,0,0,0,261,0,17,0,461,0,0,0,261,0,17,0,461,0
L50_Ts150_Tr60p0_dT15_F1p0_LP45,historical_extension,595,0,0,395,395,0,0,595,200,0,0,395,0,0,0,595,0,0,0,395,0,0,0,595,0,0,0,395,0,0,0,595,0
L50_Ts150_Tr60p0_dT15_F1p2_LP20,historical_extension,234,0,0,0,0,232,232,234,2,0,0,0,0,232,0,234,0,0,0,0,0,232,0,234,0,0,0,0,0,232,0,234,0
L50_Ts150_Tr60p0_dT15_F1p2_LP30,historical_extension,269,0,16,35,35,16,16,269,234,0,0,35,0,16,0,269,0,0,0,35,0,16,0,269,0,0,0,35,0,16,0,269,0
L50_Ts150_Tr60p0_dT15_F1p2_LP40,historical_extension,517,0,13,283,283,13,13,517,234,0,0,283,0,13,0,517,0,0,0,283,0,13,0,517,0,0,0,283,0,13,0,517,0
L50_Ts150_Tr60p0_dT15_F1p2_LP45,historical_extension,629,0,0,395,395,0,0,629,234,0,0,395,0,0,0,629,0,0,0,395,0,0,0,629,0,0,0,395,0,0,0,629,0
L50_Ts180_Tr35p0_dT5_F0p8_LP20,historical_extension,228,0,0,0,0,171,171,228,57,0,0,0,0,171,0,228,0,0,0,0,0,171,0,228,0,0,0,0,0,171,0,228,0
L50_Ts180_Tr35p0_dT5_F0p8_LP30,historical_extension,290,0,0,62,62,0,0,290,228,0,0,62,0,0,0,290,0,0,0,62,0,0,0,290,0,0,0,62,0,0,0,290,0
L50_Ts180_Tr35p0_dT5_F0p8_LP40,historical_extension,524,0,0,296,296,0,0,524,228,0,0,296,0,0,0,524,0,0,0,296,0,0,0,524,0,0,0,296,0,0,0,524,0
L50_Ts180_Tr35p0_dT5_F0p8_LP45,historical_extension,641,0,0,413,413,0,0,641,228,0,0,413,0,0,0,641,0,0,0,413,0,0,0,641,0,0,0,413,0,0,0,641,0
L50_Ts180_Tr35p0_dT5_F1p0_LP20,historical_extension,262,0,0,0,0,57,57,262,205,0,0,0,0,57,0,262,0,0,0,0,0,57,0,262,0,0,0,0,0,57,0,262,0
L50_Ts180_Tr35p0_dT5_F1p0_LP30,historical_extension,392,0,0,130,130,0,0,392,262,0,0,130,0,0,0,392,0,0,0,130,0,0,0,392,0,0,0,130,0,0,0,392,0
L50_Ts180_Tr35p0_dT5_F1p0_LP40,historical_extension,579,0,0,317,317,0,0,579,262,0,0,317,0,0,0,579,0,0,0,317,0,0,0,579,0,0,0,317,0,0,0,579,0
L50_Ts180_Tr35p0_dT5_F1p0_LP45,historical_extension,673,0,0,411,411,0,0,673,262,0,0,411,0,0,0,673,0,0,0,411,0,0,0,673,0,0,0,411,0,0,0,673,0
L50_Ts180_Tr35p0_dT5_F1p2_LP20,historical_extension,312,0,7,15,15,7,7,312,297,0,0,15,0,7,0,312,0,0,0,15,0,7,0,312,0,0,0,15,0,7,0,312,0
L50_Ts180_Tr35p0_dT5_F1p2_LP30,historical_extension,460,0,0,163,163,0,0,460,297,0,0,163,0,0,0,460,0,0,0,163,0,0,0,460,0,0,0,163,0,0,0,460,0
L50_Ts180_Tr35p0_dT5_F1p2_LP40,historical_extension,616,0,0,319,319,0,0,616,297,0,0,319,0,0,0,616,0,0,0,319,0,0,0,616,0,0,0,319,0,0,0,616,0
L50_Ts180_Tr35p0_dT5_F1p2_LP45,historical_extension,694,0,0,397,397,0,0,694,297,0,0,397,0,0,0,694,0,0,0,397,0,0,0,694,0,0,0,397,0,0,0,694,0
L50_Ts180_Tr35p0_dT10_F0p8_LP20,historical_extension,253,0,0,0,0,196,196,253,57,0,0,0,0,196,0,253,0,0,0,0,0,196,0,253,0,0,0,0,0,196,0,253,0
L50_Ts180_Tr35p0_dT10_F0p8_LP30,historical_extension,290,0,0,37,37,0,0,290,253,0,0,37,0,0,0,290,0,0,0,37,0,0,0,290,0,0,0,37,0,0,0,290,0
L50_Ts180_Tr35p0_dT10_F0p8_LP40,historical_extension,524,0,0,271,271,0,0,524,253,0,0,271,0,0,0,524,0,0,0,271,0,0,0,524,0,0,0,271,0,0,0,524,0
L50_Ts180_Tr35p0_dT10_F0p8_LP45,historical_extension,641,0,0,388,388,0,0,641,253,0,0,388,0,0,0,641,0,0,0,388,0,0,0,641,0,0,0,388,0,0,0,641,0
L50_Ts180_Tr35p0_dT10_F1p0_LP20,historical_extension,286,0,0,0,0,81,81,286,205,0,0,0,0,81,0,286,0,0,0,0,0,81,0,286,0,0,0,0,0,81,0,286,0
L50_Ts180_Tr35p0_dT10_F1p0_LP30,historical_extension,392,0,0,106,106,0,0,392,286,0,0,106,0,0,0,392,0,0,0,106,0,0,0,392,0,0,0,106,0,0,0,392,0
L50_Ts180_Tr35p0_dT10_F1p0_LP40,historical_extension,579,0,0,293,293,0,0,579,286,0,0,293,0,0,0,579,0,0,0,293,0,0,0,579,0,0,0,293,0,0,0,579,0
L50_Ts180_Tr35p0_dT10_F1p0_LP45,historical_extension,673,0,0,387,387,0,0,673,286,0,0,387,0,0,0,673,0,0,0,387,0,0,0,673,0,0,0,387,0,0,0,673,0
L50_Ts180_Tr35p0_dT10_F1p2_LP20,historical_extension,319,0,0,0,0,14,14,319,305,0,0,0,0,14,0,319,0,0,0,0,0,14,0,319,0,0,0,0,0,14,0,319,0
L50_Ts180_Tr35p0_dT10_F1p2_LP30,historical_extension,460,0,0,141,141,0,0,460,319,0,0,141,0,0,0,460,0,0,0,141,0,0,0,460,0,0,0,141,0,0,0,460,0
L50_Ts180_Tr35p0_dT10_F1p2_LP40,historical_extension,616,0,0,297,297,0,0,616,319,0,0,297,0,0,0,616,0,0,0,297,0,0,0,616,0,0,0,297,0,0,0,616,0
L50_Ts180_Tr35p0_dT10_F1p2_LP45,historical_extension,694,0,0,375,375,0,0,694,319,0,0,375,0,0,0,694,0,0,0,375,0,0,0,694,0,0,0,375,0,0,0,694,0
L50_Ts180_Tr35p0_dT15_F0p8_LP20,historical_extension,279,0,0,0,0,222,222,279,57,0,0,0,0,222,0,279,0,0,0,0,0,222,0,279,0,0,0,0,0,222,0,279,0
L50_Ts180_Tr35p0_dT15_F0p8_LP30,historical_extension,293,0,3,14,14,3,3,293,279,0,0,14,0,3,0,293,0,0,0,14,0,3,0,293,0,0,0,14,0,3,0,293,0
L50_Ts180_Tr35p0_dT15_F0p8_LP40,historical_extension,524,0,0,245,245,0,0,524,279,0,0,245,0,0,0,524,0,0,0,245,0,0,0,524,0,0,0,245,0,0,0,524,0
L50_Ts180_Tr35p0_dT15_F0p8_LP45,historical_extension,641,0,0,362,362,0,0,641,279,0,0,362,0,0,0,641,0,0,0,362,0,0,0,641,0,0,0,362,0,0,0,641,0
L50_Ts180_Tr35p0_dT15_F1p0_LP20,historical_extension,311,0,0,0,0,106,106,311,205,0,0,0,0,106,0,311,0,0,0,0,0,106,0,311,0,0,0,0,0,106,0,311,0
L50_Ts180_Tr35p0_dT15_F1p0_LP30,historical_extension,392,0,0,81,81,0,0,392,311,0,0,81,0,0,0,392,0,0,0,81,0,0,0,392,0,0,0,81,0,0,0,392,0
L50_Ts180_Tr35p0_dT15_F1p0_LP40,historical_extension,579,0,0,268,268,0,0,579,311,0,0,268,0,0,0,579,0,0,0,268,0,0,0,579,0,0,0,268,0,0,0,579,0
L50_Ts180_Tr35p0_dT15_F1p0_LP45,historical_extension,673,0,0,362,362,0,0,673,311,0,0,362,0,0,0,673,0,0,0,362,0,0,0,673,0,0,0,362,0,0,0,673,0
L50_Ts180_Tr35p0_dT15_F1p2_LP20,historical_extension,343,0,0,0,0,38,38,343,305,0,0,0,0,38,0,343,0,0,0,0,0,38,0,343,0,0,0,0,0,38,0,343,0
L50_Ts180_Tr35p0_dT15_F1p2_LP30,historical_extension,460,0,0,117,117,0,0,460,343,0,0,117,0,0,0,460,0,0,0,117,0,0,0,460,0,0,0,117,0,0,0,460,0
L50_Ts180_Tr35p0_dT15_F1p2_LP40,historical_extension,616,0,0,273,273,0,0,616,343,0,0,273,0,0,0,616,0,0,0,273,0,0,0,616,0,0,0,273,0,0,0,616,0
L50_Ts180_Tr35p0_dT15_F1p2_LP45,historical_extension,694,0,0,351,351,0,0,694,343,0,0,351,0,0,0,694,0,0,0,351,0,0,0,694,0,0,0,351,0,0,0,694,0
L50_Ts180_Tr41p44_dT5_F0p8_LP20,historical_extension,236,0,0,0,0,214,214,236,22,0,0,0,0,214,0,236,0,0,0,0,0,214,0,236,0,0,0,0,0,214,0,236,0
L50_Ts180_Tr41p44_dT5_F0p8_LP30,historical_extension,267,0,0,31,31,0,0,267,236,0,0,31,0,0,0,267,0,0,0,31,0,0,0,267,0,0,0,31,0,0,0,267,0
L50_Ts180_Tr41p44_dT5_F0p8_LP40,historical_extension,511,0,0,275,275,0,0,511,236,0,0,275,0,0,0,511,0,0,0,275,0,0,0,511,0,0,0,275,0,0,0,511,0
L50_Ts180_Tr41p44_dT5_F0p8_LP45,historical_extension,634,0,0,398,398,0,0,634,236,0,0,398,0,0,0,634,0,0,0,398,0,0,0,634,0,0,0,398,0,0,0,634,0
L50_Ts180_Tr41p44_dT5_F1p0_LP20,historical_extension,269,0,0,0,0,91,91,269,178,0,0,0,0,91,0,269,0,0,0,0,0,91,0,269,0,0,0,0,0,91,0,269,0
L50_Ts180_Tr41p44_dT5_F1p0_LP30,historical_extension,373,0,0,104,104,0,0,373,269,0,0,104,0,0,0,373,0,0,0,104,0,0,0,373,0,0,0,104,0,0,0,373,0
L50_Ts180_Tr41p44_dT5_F1p0_LP40,historical_extension,569,0,0,300,300,0,0,569,269,0,0,300,0,0,0,569,0,0,0,300,0,0,0,569,0,0,0,300,0,0,0,569,0
L50_Ts180_Tr41p44_dT5_F1p0_LP45,historical_extension,667,0,0,398,398,0,0,667,269,0,0,398,0,0,0,667,0,0,0,398,0,0,0,667,0,0,0,398,0,0,0,667,0
L50_Ts180_Tr41p44_dT5_F1p2_LP20,historical_extension,304,0,0,0,0,22,22,304,282,0,0,0,0,22,0,304,0,0,0,0,0,22,0,304,0,0,0,0,0,22,0,304,0
L50_Ts180_Tr41p44_dT5_F1p2_LP30,historical_extension,445,0,0,141,141,0,0,445,304,0,0,141,0,0,0,445,0,0,0,141,0,0,0,445,0,0,0,141,0,0,0,445,0
L50_Ts180_Tr41p44_dT5_F1p2_LP40,historical_extension,608,0,0,304,304,0,0,608,304,0,0,304,0,0,0,608,0,0,0,304,0,0,0,608,0,0,0,304,0,0,0,608,0
L50_Ts180_Tr41p44_dT5_F1p2_LP45,historical_extension,689,0,0,385,385,0,0,689,304,0,0,385,0,0,0,689,0,0,0,385,0,0,0,689,0,0,0,385,0,0,0,689,0
L50_Ts180_Tr41p44_dT10_F0p8_LP20,historical_extension,263,0,0,0,0,241,241,263,22,0,0,0,0,241,0,263,0,0,0,0,0,241,0,263,0,0,0,0,0,241,0,263,0
L50_Ts180_Tr41p44_dT10_F0p8_LP30,historical_extension,273,0,6,10,10,6,6,273,263,0,0,10,0,6,0,273,0,0,0,10,0,6,0,273,0,0,0,10,0,6,0,273,0
L50_Ts180_Tr41p44_dT10_F0p8_LP40,historical_extension,511,0,0,248,248,0,0,511,263,0,0,248,0,0,0,511,0,0,0,248,0,0,0,511,0,0,0,248,0,0,0,511,0
L50_Ts180_Tr41p44_dT10_F0p8_LP45,historical_extension,634,0,0,371,371,0,0,634,263,0,0,371,0,0,0,634,0,0,0,371,0,0,0,634,0,0,0,371,0,0,0,634,0
L50_Ts180_Tr41p44_dT10_F1p0_LP20,historical_extension,295,0,0,0,0,117,117,295,178,0,0,0,0,117,0,295,0,0,0,0,0,117,0,295,0,0,0,0,0,117,0,295,0
L50_Ts180_Tr41p44_dT10_F1p0_LP30,historical_extension,373,0,0,78,78,0,0,373,295,0,0,78,0,0,0,373,0,0,0,78,0,0,0,373,0,0,0,78,0,0,0,373,0
L50_Ts180_Tr41p44_dT10_F1p0_LP40,historical_extension,569,0,0,274,274,0,0,569,295,0,0,274,0,0,0,569,0,0,0,274,0,0,0,569,0,0,0,274,0,0,0,569,0
L50_Ts180_Tr41p44_dT10_F1p0_LP45,historical_extension,667,0,0,372,372,0,0,667,295,0,0,372,0,0,0,667,0,0,0,372,0,0,0,667,0,0,0,372,0,0,0,667,0
L50_Ts180_Tr41p44_dT10_F1p2_LP20,historical_extension,328,0,0,0,0,46,46,328,282,0,0,0,0,46,0,328,0,0,0,0,0,46,0,328,0,0,0,0,0,46,0,328,0
L50_Ts180_Tr41p44_dT10_F1p2_LP30,historical_extension,445,0,0,117,117,0,0,445,328,0,0,117,0,0,0,445,0,0,0,117,0,0,0,445,0,0,0,117,0,0,0,445,0
L50_Ts180_Tr41p44_dT10_F1p2_LP40,historical_extension,608,0,0,280,280,0,0,608,328,0,0,280,0,0,0,608,0,0,0,280,0,0,0,608,0,0,0,280,0,0,0,608,0
L50_Ts180_Tr41p44_dT10_F1p2_LP45,historical_extension,689,0,0,361,361,0,0,689,328,0,0,361,0,0,0,689,0,0,0,361,0,0,0,689,0,0,0,361,0,0,0,689,0
L50_Ts180_Tr41p44_dT15_F0p8_LP20,historical_extension,290,0,0,0,0,268,268,290,22,0,0,0,0,268,0,290,0,0,0,0,0,268,0,290,0,0,0,0,0,268,0,290,0
L50_Ts180_Tr41p44_dT15_F0p8_LP30,historical_extension,290,0,0,0,0,23,23,290,267,0,0,0,0,23,0,290,0,0,0,0,0,23,0,290,0,0,0,0,0,23,0,290,0
L50_Ts180_Tr41p44_dT15_F0p8_LP40,historical_extension,511,0,0,221,221,0,0,511,290,0,0,221,0,0,0,511,0,0,0,221,0,0,0,511,0,0,0,221,0,0,0,511,0
L50_Ts180_Tr41p44_dT15_F0p8_LP45,historical_extension,634,0,0,344,344,0,0,634,290,0,0,344,0,0,0,634,0,0,0,344,0,0,0,634,0,0,0,344,0,0,0,634,0
L50_Ts180_Tr41p44_dT15_F1p0_LP20,historical_extension,321,0,0,0,0,143,143,321,178,0,0,0,0,143,0,321,0,0,0,0,0,143,0,321,0,0,0,0,0,143,0,321,0
L50_Ts180_Tr41p44_dT15_F1p0_LP30,historical_extension,373,0,0,52,52,0,0,373,321,0,0,52,0,0,0,373,0,0,0,52,0,0,0,373,0,0,0,52,0,0,0,373,0
L50_Ts180_Tr41p44_dT15_F1p0_LP40,historical_extension,569,0,0,248,248,0,0,569,321,0,0,248,0,0,0,569,0,0,0,248,0,0,0,569,0,0,0,248,0,0,0,569,0
L50_Ts180_Tr41p44_dT15_F1p0_LP45,historical_extension,667,0,0,346,346,0,0,667,321,0,0,346,0,0,0,667,0,0,0,346,0,0,0,667,0,0,0,346,0,0,0,667,0
L50_Ts180_Tr41p44_dT15_F1p2_LP20,historical_extension,353,0,0,0,0,71,71,353,282,0,0,0,0,71,0,353,0,0,0,0,0,71,0,353,0,0,0,0,0,71,0,353,0
L50_Ts180_Tr41p44_dT15_F1p2_LP30,historical_extension,445,0,0,92,92,0,0,445,353,0,0,92,0,0,0,445,0,0,0,92,0,0,0,445,0,0,0,92,0,0,0,445,0
L50_Ts180_Tr41p44_dT15_F1p2_LP40,historical_extension,608,0,0,255,255,0,0,608,353,0,0,255,0,0,0,608,0,0,0,255,0,0,0,608,0,0,0,255,0,0,0,608,0
L50_Ts180_Tr41p44_dT15_F1p2_LP45,historical_extension,689,0,0,336,336,0,0,689,353,0,0,336,0,0,0,689,0,0,0,336,0,0,0,689,0,0,0,336,0,0,0,689,0
L50_Ts180_Tr50p0_dT5_F0p8_LP20,historical_extension,248,0,0,0,0,248,248,248,0,0,0,0,0,248,0,248,0,0,0,0,0,248,0,248,0,0,0,0,0,248,0,248,0
L50_Ts180_Tr50p0_dT5_F0p8_LP30,historical_extension,248,0,0,0,0,16,16,248,232,0,0,0,0,16,0,248,0,0,0,0,0,16,0,248,0,0,0,0,0,16,0,248,0
L50_Ts180_Tr50p0_dT5_F0p8_LP40,historical_extension,492,0,0,244,244,0,0,492,248,0,0,244,0,0,0,492,0,0,0,244,0,0,0,492,0,0,0,244,0,0,0,492,0
L50_Ts180_Tr50p0_dT5_F0p8_LP45,historical_extension,623,0,0,375,375,0,0,623,248,0,0,375,0,0,0,623,0,0,0,375,0,0,0,623,0,0,0,375,0,0,0,623,0
L50_Ts180_Tr50p0_dT5_F1p0_LP20,historical_extension,282,0,0,0,0,145,145,282,137,0,0,0,0,145,0,282,0,0,0,0,0,145,0,282,0,0,0,0,0,145,0,282,0
L50_Ts180_Tr50p0_dT5_F1p0_LP30,historical_extension,345,0,0,63,63,0,0,345,282,0,0,63,0,0,0,345,0,0,0,63,0,0,0,345,0,0,0,63,0,0,0,345,0
L50_Ts180_Tr50p0_dT5_F1p0_LP40,historical_extension,554,0,0,272,272,0,0,554,282,0,0,272,0,0,0,554,0,0,0,272,0,0,0,554,0,0,0,272,0,0,0,554,0
L50_Ts180_Tr50p0_dT5_F1p0_LP45,historical_extension,658,0,0,376,376,0,0,658,282,0,0,376,0,0,0,658,0,0,0,376,0,0,0,658,0,0,0,376,0,0,0,658,0
L50_Ts180_Tr50p0_dT5_F1p2_LP20,historical_extension,316,0,0,0,0,69,69,316,247,0,0,0,0,69,0,316,0,0,0,0,0,69,0,316,0,0,0,0,0,69,0,316,0
L50_Ts180_Tr50p0_dT5_F1p2_LP30,historical_extension,421,0,0,105,105,0,0,421,316,0,0,105,0,0,0,421,0,0,0,105,0,0,0,421,0,0,0,105,0,0,0,421,0
L50_Ts180_Tr50p0_dT5_F1p2_LP40,historical_extension,595,0,0,279,279,0,0,595,316,0,0,279,0,0,0,595,0,0,0,279,0,0,0,595,0,0,0,279,0,0,0,595,0
L50_Ts180_Tr50p0_dT5_F1p2_LP45,historical_extension,682,0,0,366,366,0,0,682,316,0,0,366,0,0,0,682,0,0,0,366,0,0,0,682,0,0,0,366,0,0,0,682,0
L50_Ts180_Tr50p0_dT10_F0p8_LP20,historical_extension,277,0,0,0,0,277,277,277,0,0,0,0,0,277,0,277,0,0,0,0,0,277,0,277,0,0,0,0,0,277,0,277,0
L50_Ts180_Tr50p0_dT10_F0p8_LP30,historical_extension,277,0,0,0,0,45,45,277,232,0,0,0,0,45,0,277,0,0,0,0,0,45,0,277,0,0,0,0,0,45,0,277,0
L50_Ts180_Tr50p0_dT10_F0p8_LP40,historical_extension,492,0,0,215,215,0,0,492,277,0,0,215,0,0,0,492,0,0,0,215,0,0,0,492,0,0,0,215,0,0,0,492,0
L50_Ts180_Tr50p0_dT10_F0p8_LP45,historical_extension,623,0,0,346,346,0,0,623,277,0,0,346,0,0,0,623,0,0,0,346,0,0,0,623,0,0,0,346,0,0,0,623,0
L50_Ts180_Tr50p0_dT10_F1p0_LP20,historical_extension,309,0,0,0,0,172,172,309,137,0,0,0,0,172,0,309,0,0,0,0,0,172,0,309,0,0,0,0,0,172,0,309,0
L50_Ts180_Tr50p0_dT10_F1p0_LP30,historical_extension,345,0,0,36,36,0,0,345,309,0,0,36,0,0,0,345,0,0,0,36,0,0,0,345,0,0,0,36,0,0,0,345,0
L50_Ts180_Tr50p0_dT10_F1p0_LP40,historical_extension,554,0,0,245,245,0,0,554,309,0,0,245,0,0,0,554,0,0,0,245,0,0,0,554,0,0,0,245,0,0,0,554,0
L50_Ts180_Tr50p0_dT10_F1p0_LP45,historical_extension,658,0,0,349,349,0,0,658,309,0,0,349,0,0,0,658,0,0,0,349,0,0,0,658,0,0,0,349,0,0,0,658,0
L50_Ts180_Tr50p0_dT10_F1p2_LP20,historical_extension,342,0,0,0,0,95,95,342,247,0,0,0,0,95,0,342,0,0,0,0,0,95,0,342,0,0,0,0,0,95,0,342,0
L50_Ts180_Tr50p0_dT10_F1p2_LP30,historical_extension,421,0,0,79,79,0,0,421,342,0,0,79,0,0,0,421,0,0,0,79,0,0,0,421,0,0,0,79,0,0,0,421,0
L50_Ts180_Tr50p0_dT10_F1p2_LP40,historical_extension,595,0,0,253,253,0,0,595,342,0,0,253,0,0,0,595,0,0,0,253,0,0,0,595,0,0,0,253,0,0,0,595,0
L50_Ts180_Tr50p0_dT10_F1p2_LP45,historical_extension,682,0,0,340,340,0,0,682,342,0,0,340,0,0,0,682,0,0,0,340,0,0,0,682,0,0,0,340,0,0,0,682,0
L50_Ts180_Tr50p0_dT15_F0p8_LP20,historical_extension,306,0,0,0,0,306,306,306,0,0,0,0,0,306,0,306,0,0,0,0,0,306,0,306,0,0,0,0,0,306,0,306,0
L50_Ts180_Tr50p0_dT15_F0p8_LP30,historical_extension,306,0,0,0,0,74,74,306,232,0,0,0,0,74,0,306,0,0,0,0,0,74,0,306,0,0,0,0,0,74,0,306,0
L50_Ts180_Tr50p0_dT15_F0p8_LP40,historical_extension,492,0,0,186,186,0,0,492,306,0,0,186,0,0,0,492,0,0,0,186,0,0,0,492,0,0,0,186,0,0,0,492,0
L50_Ts180_Tr50p0_dT15_F0p8_LP45,historical_extension,623,0,0,317,317,0,0,623,306,0,0,317,0,0,0,623,0,0,0,317,0,0,0,623,0,0,0,317,0,0,0,623,0
L50_Ts180_Tr50p0_dT15_F1p0_LP20,historical_extension,337,0,0,0,0,200,200,337,137,0,0,0,0,200,0,337,0,0,0,0,0,200,0,337,0,0,0,0,0,200,0,337,0
L50_Ts180_Tr50p0_dT15_F1p0_LP30,historical_extension,345,0,0,8,8,0,0,345,337,0,0,8,0,0,0,345,0,0,0,8,0,0,0,345,0,0,0,8,0,0,0,345,0
L50_Ts180_Tr50p0_dT15_F1p0_LP40,historical_extension,554,0,0,217,217,0,0,554,337,0,0,217,0,0,0,554,0,0,0,217,0,0,0,554,0,0,0,217,0,0,0,554,0
L50_Ts180_Tr50p0_dT15_F1p0_LP45,historical_extension,658,0,0,321,321,0,0,658,337,0,0,321,0,0,0,658,0,0,0,321,0,0,0,658,0,0,0,321,0,0,0,658,0
L50_Ts180_Tr50p0_dT15_F1p2_LP20,historical_extension,369,0,0,0,0,122,122,369,247,0,0,0,0,122,0,369,0,0,0,0,0,122,0,369,0,0,0,0,0,122,0,369,0
L50_Ts180_Tr50p0_dT15_F1p2_LP30,historical_extension,421,0,0,52,52,0,0,421,369,0,0,52,0,0,0,421,0,0,0,52,0,0,0,421,0,0,0,52,0,0,0,421,0
L50_Ts180_Tr50p0_dT15_F1p2_LP40,historical_extension,595,0,0,226,226,0,0,595,369,0,0,226,0,0,0,595,0,0,0,226,0,0,0,595,0,0,0,226,0,0,0,595,0
L50_Ts180_Tr50p0_dT15_F1p2_LP45,historical_extension,682,0,0,313,313,0,0,682,369,0,0,313,0,0,0,682,0,0,0,313,0,0,0,682,0,0,0,313,0,0,0,682,0
L50_Ts180_Tr60p0_dT5_F0p8_LP20,historical_extension,264,0,0,0,0,264,264,264,0,0,0,0,0,264,0,264,0,0,0,0,0,264,0,264,0,0,0,0,0,264,0,264,0
L50_Ts180_Tr60p0_dT5_F0p8_LP30,historical_extension,264,0,0,0,0,80,80,264,184,0,0,0,0,80,0,264,0,0,0,0,0,80,0,264,0,0,0,0,0,80,0,264,0
L50_Ts180_Tr60p0_dT5_F0p8_LP40,historical_extension,467,0,0,203,203,0,0,467,264,0,0,203,0,0,0,467,0,0,0,203,0,0,0,467,0,0,0,203,0,0,0,467,0
L50_Ts180_Tr60p0_dT5_F0p8_LP45,historical_extension,608,0,0,344,344,0,0,608,264,0,0,344,0,0,0,608,0,0,0,344,0,0,0,608,0,0,0,344,0,0,0,608,0
L50_Ts180_Tr60p0_dT5_F1p0_LP20,historical_extension,299,0,0,0,0,218,218,299,81,0,0,0,0,218,0,299,0,0,0,0,0,218,0,299,0,0,0,0,0,218,0,299,0
L50_Ts180_Tr60p0_dT5_F1p0_LP30,historical_extension,307,0,0,8,8,0,0,307,299,0,0,8,0,0,0,307,0,0,0,8,0,0,0,307,0,0,0,8,0,0,0,307,0
L50_Ts180_Tr60p0_dT5_F1p0_LP40,historical_extension,533,0,0,234,234,0,0,533,299,0,0,234,0,0,0,533,0,0,0,234,0,0,0,533,0,0,0,234,0,0,0,533,0
L50_Ts180_Tr60p0_dT5_F1p0_LP45,historical_extension,646,0,0,347,347,0,0,646,299,0,0,347,0,0,0,646,0,0,0,347,0,0,0,646,0,0,0,347,0,0,0,646,0
L50_Ts180_Tr60p0_dT5_F1p2_LP20,historical_extension,333,0,0,0,0,132,132,333,201,0,0,0,0,132,0,333,0,0,0,0,0,132,0,333,0,0,0,0,0,132,0,333,0
L50_Ts180_Tr60p0_dT5_F1p2_LP30,historical_extension,390,0,0,57,57,0,0,390,333,0,0,57,0,0,0,390,0,0,0,57,0,0,0,390,0,0,0,57,0,0,0,390,0
L50_Ts180_Tr60p0_dT5_F1p2_LP40,historical_extension,578,0,0,245,245,0,0,578,333,0,0,245,0,0,0,578,0,0,0,245,0,0,0,578,0,0,0,245,0,0,0,578,0
L50_Ts180_Tr60p0_dT5_F1p2_LP45,historical_extension,672,0,0,339,339,0,0,672,333,0,0,339,0,0,0,672,0,0,0,339,0,0,0,672,0,0,0,339,0,0,0,672,0
L50_Ts180_Tr60p0_dT10_F0p8_LP20,historical_extension,296,0,0,0,0,296,296,296,0,0,0,0,0,296,0,296,0,0,0,0,0,296,0,296,0,0,0,0,0,296,0,296,0
L50_Ts180_Tr60p0_dT10_F0p8_LP30,historical_extension,296,0,0,0,0,112,112,296,184,0,0,0,0,112,0,296,0,0,0,0,0,112,0,296,0,0,0,0,0,112,0,296,0
L50_Ts180_Tr60p0_dT10_F0p8_LP40,historical_extension,467,0,0,171,171,0,0,467,296,0,0,171,0,0,0,467,0,0,0,171,0,0,0,467,0,0,0,171,0,0,0,467,0
L50_Ts180_Tr60p0_dT10_F0p8_LP45,historical_extension,608,0,0,312,312,0,0,608,296,0,0,312,0,0,0,608,0,0,0,312,0,0,0,608,0,0,0,312,0,0,0,608,0
L50_Ts180_Tr60p0_dT10_F1p0_LP20,historical_extension,326,0,0,0,0,245,245,326,81,0,0,0,0,245,0,326,0,0,0,0,0,245,0,326,0,0,0,0,0,245,0,326,0
L50_Ts180_Tr60p0_dT10_F1p0_LP30,historical_extension,326,0,0,0,0,19,19,326,307,0,0,0,0,19,0,326,0,0,0,0,0,19,0,326,0,0,0,0,0,19,0,326,0
L50_Ts180_Tr60p0_dT10_F1p0_LP40,historical_extension,533,0,0,207,207,0,0,533,326,0,0,207,0,0,0,533,0,0,0,207,0,0,0,533,0,0,0,207,0,0,0,533,0
L50_Ts180_Tr60p0_dT10_F1p0_LP45,historical_extension,646,0,0,320,320,0,0,646,326,0,0,320,0,0,0,646,0,0,0,320,0,0,0,646,0,0,0,320,0,0,0,646,0
L50_Ts180_Tr60p0_dT10_F1p2_LP20,historical_extension,354,0,0,0,0,153,153,354,201,0,0,0,0,153,0,354,0,0,0,0,0,153,0,354,0,0,0,0,0,153,0,354,0
L50_Ts180_Tr60p0_dT10_F1p2_LP30,historical_extension,402,0,12,48,48,12,12,402,354,0,0,48,0,12,0,402,0,0,0,48,0,12,0,402,0,0,0,48,0,12,0,402,0
L50_Ts180_Tr60p0_dT10_F1p2_LP40,historical_extension,578,0,0,224,224,0,0,578,354,0,0,224,0,0,0,578,0,0,0,224,0,0,0,578,0,0,0,224,0,0,0,578,0
L50_Ts180_Tr60p0_dT10_F1p2_LP45,historical_extension,672,0,0,318,318,0,0,672,354,0,0,318,0,0,0,672,0,0,0,318,0,0,0,672,0,0,0,318,0,0,0,672,0
L50_Ts180_Tr60p0_dT15_F0p8_LP20,historical_extension,323,0,0,0,0,323,323,323,0,0,0,0,0,323,0,323,0,0,0,0,0,323,0,323,0,0,0,0,0,323,0,323,0
L50_Ts180_Tr60p0_dT15_F0p8_LP30,historical_extension,323,0,0,0,0,139,139,323,184,0,0,0,0,139,0,323,0,0,0,0,0,139,0,323,0,0,0,0,0,139,0,323,0
L50_Ts180_Tr60p0_dT15_F0p8_LP40,historical_extension,482,0,15,159,159,15,15,482,323,0,0,159,0,15,0,482,0,0,0,159,0,15,0,482,0,0,0,159,0,15,0,482,0
L50_Ts180_Tr60p0_dT15_F0p8_LP45,historical_extension,608,0,0,285,285,0,0,608,323,0,0,285,0,0,0,608,0,0,0,285,0,0,0,608,0,0,0,285,0,0,0,608,0
L50_Ts180_Tr60p0_dT15_F1p0_LP20,historical_extension,350,0,0,0,0,269,269,350,81,0,0,0,0,269,0,350,0,0,0,0,0,269,0,350,0,0,0,0,0,269,0,350,0
L50_Ts180_Tr60p0_dT15_F1p0_LP30,historical_extension,350,0,0,0,0,43,43,350,307,0,0,0,0,43,0,350,0,0,0,0,0,43,0,350,0,0,0,0,0,43,0,350,0
L50_Ts180_Tr60p0_dT15_F1p0_LP40,historical_extension,546,0,13,196,196,13,13,546,350,0,0,196,0,13,0,546,0,0,0,196,0,13,0,546,0,0,0,196,0,13,0,546,0
L50_Ts180_Tr60p0_dT15_F1p0_LP45,historical_extension,646,0,0,296,296,0,0,646,350,0,0,296,0,0,0,646,0,0,0,296,0,0,0,646,0,0,0,296,0,0,0,646,0
L50_Ts180_Tr60p0_dT15_F1p2_LP20,historical_extension,376,0,0,0,0,175,175,376,201,0,0,0,0,175,0,376,0,0,0,0,0,175,0,376,0,0,0,0,0,175,0,376,0
L50_Ts180_Tr60p0_dT15_F1p2_LP30,historical_extension,402,0,12,26,26,12,12,402,376,0,0,26,0,12,0,402,0,0,0,26,0,12,0,402,0,0,0,26,0,12,0,402,0
L50_Ts180_Tr60p0_dT15_F1p2_LP40,historical_extension,588,0,10,212,212,10,10,588,376,0,0,212,0,10,0,588,0,0,0,212,0,10,0,588,0,0,0,212,0,10,0,588,0
L50_Ts180_Tr60p0_dT15_F1p2_LP45,historical_extension,672,0,0,296,296,0,0,672,376,0,0,296,0,0,0,672,0,0,0,296,0,0,0,672,0,0,0,296,0,0,0,672,0
L75_Ts120_Tr35p0_dT5_F0p8_LP20,historical_extension,0,0,0,0,0,0,0,0,0,0,0,0,0,0,0,0,0,0,0,0,0,0,0,0,0,0,0,0,0,0,0,0,0
L75_Ts120_Tr35p0_dT5_F0p8_LP30,historical_extension,0,0,0,0,0,0,0,0,0,0,0,0,0,0,0,0,0,0,0,0,0,0,0,0,0,0,0,0,0,0,0,0,0
L75_Ts120_Tr35p0_dT5_F0p8_LP40,historical_extension,0,0,0,0,0,0,0,0,0,0,0,0,0,0,0,0,0,0,0,0,0,0,0,0,0,0,0,0,0,0,0,0,0
L75_Ts120_Tr35p0_dT5_F0p8_LP45,historical_extension,0,0,0,0,0,0,0,0,0,0,0,0,0,0,0,0,0,0,0,0,0,0,0,0,0,0,0,0,0,0,0,0,0
L75_Ts120_Tr35p0_dT5_F1p0_LP20,historical_extension,0,0,0,0,0,0,0,0,0,0,0,0,0,0,0,0,0,0,0,0,0,0,0,0,0,0,0,0,0,0,0,0,0
L75_Ts120_Tr35p0_dT5_F1p0_LP30,historical_extension,0,0,0,0,0,0,0,0,0,0,0,0,0,0,0,0,0,0,0,0,0,0,0,0,0,0,0,0,0,0,0,0,0
L75_Ts120_Tr35p0_dT5_F1p0_LP40,historical_extension,0,0,0,0,0,0,0,0,0,0,0,0,0,0,0,0,0,0,0,0,0,0,0,0,0,0,0,0,0,0,0,0,0
L75_Ts120_Tr35p0_dT5_F1p0_LP45,historical_extension,0,0,0,0,0,0,0,0,0,0,0,0,0,0,0,0,0,0,0,0,0,0,0,0,0,0,0,0,0,0,0,0,0
L75_Ts120_Tr35p0_dT5_F1p2_LP20,historical_extension,0,0,0,0,0,0,0,0,0,0,0,0,0,0,0,0,0,0,0,0,0,0,0,0,0,0,0,0,0,0,0,0,0
L75_Ts120_Tr35p0_dT5_F1p2_LP30,historical_extension,0,0,0,0,0,0,0,0,0,0,0,0,0,0,0,0,0,0,0,0,0,0,0,0,0,0,0,0,0,0,0,0,0
L75_Ts120_Tr35p0_dT5_F1p2_LP40,historical_extension,0,0,0,0,0,0,0,0,0,0,0,0,0,0,0,0,0,0,0,0,0,0,0,0,0,0,0,0,0,0,0,0,0
L75_Ts120_Tr35p0_dT5_F1p2_LP45,historical_extension,0,0,0,0,0,0,0,0,0,0,0,0,0,0,0,0,0,0,0,0,0,0,0,0,0,0,0,0,0,0,0,0,0
L75_Ts120_Tr35p0_dT10_F0p8_LP20,historical_extension,0,0,0,0,0,0,0,0,0,0,0,0,0,0,0,0,0,0,0,0,0,0,0,0,0,0,0,0,0,0,0,0,0
L75_Ts120_Tr35p0_dT10_F0p8_LP30,historical_extension,0,0,0,0,0,0,0,0,0,0,0,0,0,0,0,0,0,0,0,0,0,0,0,0,0,0,0,0,0,0,0,0,0
L75_Ts120_Tr35p0_dT10_F0p8_LP40,historical_extension,0,0,0,0,0,0,0,0,0,0,0,0,0,0,0,0,0,0,0,0,0,0,0,0,0,0,0,0,0,0,0,0,0
L75_Ts120_Tr35p0_dT10_F0p8_LP45,historical_extension,0,0,0,0,0,0,0,0,0,0,0,0,0,0,0,0,0,0,0,0,0,0,0,0,0,0,0,0,0,0,0,0,0
L75_Ts120_Tr35p0_dT10_F1p0_LP20,historical_extension,0,0,0,0,0,0,0,0,0,0,0,0,0,0,0,0,0,0,0,0,0,0,0,0,0,0,0,0,0,0,0,0,0
L75_Ts120_Tr35p0_dT10_F1p0_LP30,historical_extension,0,0,0,0,0,0,0,0,0,0,0,0,0,0,0,0,0,0,0,0,0,0,0,0,0,0,0,0,0,0,0,0,0
L75_Ts120_Tr35p0_dT10_F1p0_LP40,historical_extension,0,0,0,0,0,0,0,0,0,0,0,0,0,0,0,0,0,0,0,0,0,0,0,0,0,0,0,0,0,0,0,0,0
L75_Ts120_Tr35p0_dT10_F1p0_LP45,historical_extension,0,0,0,0,0,0,0,0,0,0,0,0,0,0,0,0,0,0,0,0,0,0,0,0,0,0,0,0,0,0,0,0,0
L75_Ts120_Tr35p0_dT10_F1p2_LP20,historical_extension,0,0,0,0,0,0,0,0,0,0,0,0,0,0,0,0,0,0,0,0,0,0,0,0,0,0,0,0,0,0,0,0,0
L75_Ts120_Tr35p0_dT10_F1p2_LP30,historical_extension,0,0,0,0,0,0,0,0,0,0,0,0,0,0,0,0,0,0,0,0,0,0,0,0,0,0,0,0,0,0,0,0,0
L75_Ts120_Tr35p0_dT10_F1p2_LP40,historical_extension,0,0,0,0,0,0,0,0,0,0,0,0,0,0,0,0,0,0,0,0,0,0,0,0,0,0,0,0,0,0,0,0,0
L75_Ts120_Tr35p0_dT10_F1p2_LP45,historical_extension,0,0,0,0,0,0,0,0,0,0,0,0,0,0,0,0,0,0,0,0,0,0,0,0,0,0,0,0,0,0,0,0,0
L75_Ts120_Tr35p0_dT15_F0p8_LP20,historical_extension,0,0,0,0,0,0,0,0,0,0,0,0,0,0,0,0,0,0,0,0,0,0,0,0,0,0,0,0,0,0,0,0,0
L75_Ts120_Tr35p0_dT15_F0p8_LP30,historical_extension,0,0,0,0,0,0,0,0,0,0,0,0,0,0,0,0,0,0,0,0,0,0,0,0,0,0,0,0,0,0,0,0,0
L75_Ts120_Tr35p0_dT15_F0p8_LP40,historical_extension,0,0,0,0,0,0,0,0,0,0,0,0,0,0,0,0,0,0,0,0,0,0,0,0,0,0,0,0,0,0,0,0,0
L75_Ts120_Tr35p0_dT15_F0p8_LP45,historical_extension,0,0,0,0,0,0,0,0,0,0,0,0,0,0,0,0,0,0,0,0,0,0,0,0,0,0,0,0,0,0,0,0,0
L75_Ts120_Tr35p0_dT15_F1p0_LP20,historical_extension,0,0,0,0,0,0,0,0,0,0,0,0,0,0,0,0,0,0,0,0,0,0,0,0,0,0,0,0,0,0,0,0,0
L75_Ts120_Tr35p0_dT15_F1p0_LP30,historical_extension,0,0,0,0,0,0,0,0,0,0,0,0,0,0,0,0,0,0,0,0,0,0,0,0,0,0,0,0,0,0,0,0,0
L75_Ts120_Tr35p0_dT15_F1p0_LP40,historical_extension,0,0,0,0,0,0,0,0,0,0,0,0,0,0,0,0,0,0,0,0,0,0,0,0,0,0,0,0,0,0,0,0,0
L75_Ts120_Tr35p0_dT15_F1p0_LP45,historical_extension,0,0,0,0,0,0,0,0,0,0,0,0,0,0,0,0,0,0,0,0,0,0,0,0,0,0,0,0,0,0,0,0,0
L75_Ts120_Tr35p0_dT15_F1p2_LP20,historical_extension,0,0,0,0,0,0,0,0,0,0,0,0,0,0,0,0,0,0,0,0,0,0,0,0,0,0,0,0,0,0,0,0,0
L75_Ts120_Tr35p0_dT15_F1p2_LP30,historical_extension,0,0,0,0,0,0,0,0,0,0,0,0,0,0,0,0,0,0,0,0,0,0,0,0,0,0,0,0,0,0,0,0,0
L75_Ts120_Tr35p0_dT15_F1p2_LP40,historical_extension,0,0,0,0,0,0,0,0,0,0,0,0,0,0,0,0,0,0,0,0,0,0,0,0,0,0,0,0,0,0,0,0,0
L75_Ts120_Tr35p0_dT15_F1p2_LP45,historical_extension,0,0,0,0,0,0,0,0,0,0,0,0,0,0,0,0,0,0,0,0,0,0,0,0,0,0,0,0,0,0,0,0,0
L75_Ts120_Tr41p44_dT5_F0p8_LP20,historical_extension,0,0,0,0,0,0,0,0,0,0,0,0,0,0,0,0,0,0,0,0,0,0,0,0,0,0,0,0,0,0,0,0,0
L75_Ts120_Tr41p44_dT5_F0p8_LP30,historical_extension,0,0,0,0,0,0,0,0,0,0,0,0,0,0,0,0,0,0,0,0,0,0,0,0,0,0,0,0,0,0,0,0,0
L75_Ts120_Tr41p44_dT5_F0p8_LP40,historical_extension,0,0,0,0,0,0,0,0,0,0,0,0,0,0,0,0,0,0,0,0,0,0,0,0,0,0,0,0,0,0,0,0,0
L75_Ts120_Tr41p44_dT5_F0p8_LP45,historical_extension,0,0,0,0,0,0,0,0,0,0,0,0,0,0,0,0,0,0,0,0,0,0,0,0,0,0,0,0,0,0,0,0,0
L75_Ts120_Tr41p44_dT5_F1p0_LP20,historical_extension,0,0,0,0,0,0,0,0,0,0,0,0,0,0,0,0,0,0,0,0,0,0,0,0,0,0,0,0,0,0,0,0,0
L75_Ts120_Tr41p44_dT5_F1p0_LP30,historical_extension,0,0,0,0,0,0,0,0,0,0,0,0,0,0,0,0,0,0,0,0,0,0,0,0,0,0,0,0,0,0,0,0,0
L75_Ts120_Tr41p44_dT5_F1p0_LP40,historical_extension,0,0,0,0,0,0,0,0,0,0,0,0,0,0,0,0,0,0,0,0,0,0,0,0,0,0,0,0,0,0,0,0,0
L75_Ts120_Tr41p44_dT5_F1p0_LP45,historical_extension,0,0,0,0,0,0,0,0,0,0,0,0,0,0,0,0,0,0,0,0,0,0,0,0,0,0,0,0,0,0,0,0,0
L75_Ts120_Tr41p44_dT5_F1p2_LP20,historical_extension,0,0,0,0,0,0,0,0,0,0,0,0,0,0,0,0,0,0,0,0,0,0,0,0,0,0,0,0,0,0,0,0,0
L75_Ts120_Tr41p44_dT5_F1p2_LP30,historical_extension,0,0,0,0,0,0,0,0,0,0,0,0,0,0,0,0,0,0,0,0,0,0,0,0,0,0,0,0,0,0,0,0,0
L75_Ts120_Tr41p44_dT5_F1p2_LP40,historical_extension,0,0,0,0,0,0,0,0,0,0,0,0,0,0,0,0,0,0,0,0,0,0,0,0,0,0,0,0,0,0,0,0,0
L75_Ts120_Tr41p44_dT5_F1p2_LP45,historical_extension,0,0,0,0,0,0,0,0,0,0,0,0,0,0,0,0,0,0,0,0,0,0,0,0,0,0,0,0,0,0,0,0,0
L75_Ts120_Tr41p44_dT10_F0p8_LP20,historical_extension,0,0,0,0,0,0,0,0,0,0,0,0,0,0,0,0,0,0,0,0,0,0,0,0,0,0,0,0,0,0,0,0,0
L75_Ts120_Tr41p44_dT10_F0p8_LP30,historical_extension,0,0,0,0,0,0,0,0,0,0,0,0,0,0,0,0,0,0,0,0,0,0,0,0,0,0,0,0,0,0,0,0,0
L75_Ts120_Tr41p44_dT10_F0p8_LP40,historical_extension,0,0,0,0,0,0,0,0,0,0,0,0,0,0,0,0,0,0,0,0,0,0,0,0,0,0,0,0,0,0,0,0,0
L75_Ts120_Tr41p44_dT10_F0p8_LP45,historical_extension,0,0,0,0,0,0,0,0,0,0,0,0,0,0,0,0,0,0,0,0,0,0,0,0,0,0,0,0,0,0,0,0,0
L75_Ts120_Tr41p44_dT10_F1p0_LP20,historical_extension,0,0,0,0,0,0,0,0,0,0,0,0,0,0,0,0,0,0,0,0,0,0,0,0,0,0,0,0,0,0,0,0,0
L75_Ts120_Tr41p44_dT10_F1p0_LP30,historical_extension,0,0,0,0,0,0,0,0,0,0,0,0,0,0,0,0,0,0,0,0,0,0,0,0,0,0,0,0,0,0,0,0,0
L75_Ts120_Tr41p44_dT10_F1p0_LP40,historical_extension,0,0,0,0,0,0,0,0,0,0,0,0,0,0,0,0,0,0,0,0,0,0,0,0,0,0,0,0,0,0,0,0,0
L75_Ts120_Tr41p44_dT10_F1p0_LP45,historical_extension,0,0,0,0,0,0,0,0,0,0,0,0,0,0,0,0,0,0,0,0,0,0,0,0,0,0,0,0,0,0,0,0,0
L75_Ts120_Tr41p44_dT10_F1p2_LP20,historical_extension,0,0,0,0,0,0,0,0,0,0,0,0,0,0,0,0,0,0,0,0,0,0,0,0,0,0,0,0,0,0,0,0,0
L75_Ts120_Tr41p44_dT10_F1p2_LP30,historical_extension,0,0,0,0,0,0,0,0,0,0,0,0,0,0,0,0,0,0,0,0,0,0,0,0,0,0,0,0,0,0,0,0,0
L75_Ts120_Tr41p44_dT10_F1p2_LP40,historical_extension,0,0,0,0,0,0,0,0,0,0,0,0,0,0,0,0,0,0,0,0,0,0,0,0,0,0,0,0,0,0,0,0,0
L75_Ts120_Tr41p44_dT10_F1p2_LP45,historical_extension,0,0,0,0,0,0,0,0,0,0,0,0,0,0,0,0,0,0,0,0,0,0,0,0,0,0,0,0,0,0,0,0,0
L75_Ts120_Tr41p44_dT15_F0p8_LP20,historical_extension,0,0,0,0,0,0,0,0,0,0,0,0,0,0,0,0,0,0,0,0,0,0,0,0,0,0,0,0,0,0,0,0,0
L75_Ts120_Tr41p44_dT15_F0p8_LP30,historical_extension,0,0,0,0,0,0,0,0,0,0,0,0,0,0,0,0,0,0,0,0,0,0,0,0,0,0,0,0,0,0,0,0,0
L75_Ts120_Tr41p44_dT15_F0p8_LP40,historical_extension,0,0,0,0,0,0,0,0,0,0,0,0,0,0,0,0,0,0,0,0,0,0,0,0,0,0,0,0,0,0,0,0,0
L75_Ts120_Tr41p44_dT15_F0p8_LP45,historical_extension,0,0,0,0,0,0,0,0,0,0,0,0,0,0,0,0,0,0,0,0,0,0,0,0,0,0,0,0,0,0,0,0,0
L75_Ts120_Tr41p44_dT15_F1p0_LP20,historical_extension,0,0,0,0,0,0,0,0,0,0,0,0,0,0,0,0,0,0,0,0,0,0,0,0,0,0,0,0,0,0,0,0,0
L75_Ts120_Tr41p44_dT15_F1p0_LP30,historical_extension,0,0,0,0,0,0,0,0,0,0,0,0,0,0,0,0,0,0,0,0,0,0,0,0,0,0,0,0,0,0,0,0,0
L75_Ts120_Tr41p44_dT15_F1p0_LP40,historical_extension,0,0,0,0,0,0,0,0,0,0,0,0,0,0,0,0,0,0,0,0,0,0,0,0,0,0,0,0,0,0,0,0,0
L75_Ts120_Tr41p44_dT15_F1p0_LP45,historical_extension,0,0,0,0,0,0,0,0,0,0,0,0,0,0,0,0,0,0,0,0,0,0,0,0,0,0,0,0,0,0,0,0,0
L75_Ts120_Tr41p44_dT15_F1p2_LP20,historical_extension,0,0,0,0,0,0,0,0,0,0,0,0,0,0,0,0,0,0,0,0,0,0,0,0,0,0,0,0,0,0,0,0,0
L75_Ts120_Tr41p44_dT15_F1p2_LP30,historical_extension,0,0,0,0,0,0,0,0,0,0,0,0,0,0,0,0,0,0,0,0,0,0,0,0,0,0,0,0,0,0,0,0,0
L75_Ts120_Tr41p44_dT15_F1p2_LP40,historical_extension,0,0,0,0,0,0,0,0,0,0,0,0,0,0,0,0,0,0,0,0,0,0,0,0,0,0,0,0,0,0,0,0,0
L75_Ts120_Tr41p44_dT15_F1p2_LP45,historical_extension,0,0,0,0,0,0,0,0,0,0,0,0,0,0,0,0,0,0,0,0,0,0,0,0,0,0,0,0,0,0,0,0,0
L75_Ts120_Tr50p0_dT5_F0p8_LP20,narrow_sensitivity,0,0,0,0,0,0,0,0,0,0,0,0,0,0,0,0,0,0,0,0,0,0,0,0,0,0,0,0,0,0,0,0,0
L75_Ts120_Tr50p0_dT5_F0p8_LP30,narrow_sensitivity,0,0,0,0,0,0,0,0,0,0,0,0,0,0,0,0,0,0,0,0,0,0,0,0,0,0,0,0,0,0,0,0,0
L75_Ts120_Tr50p0_dT5_F0p8_LP40,narrow_sensitivity,0,0,0,0,0,0,0,0,0,0,0,0,0,0,0,0,0,0,0,0,0,0,0,0,0,0,0,0,0,0,0,0,0
L75_Ts120_Tr50p0_dT5_F0p8_LP45,narrow_sensitivity,0,0,0,0,0,0,0,0,0,0,0,0,0,0,0,0,0,0,0,0,0,0,0,0,0,0,0,0,0,0,0,0,0
L75_Ts120_Tr50p0_dT5_F1p0_LP20,narrow_sensitivity,0,0,0,0,0,0,0,0,0,0,0,0,0,0,0,0,0,0,0,0,0,0,0,0,0,0,0,0,0,0,0,0,0
L75_Ts120_Tr50p0_dT5_F1p0_LP30,main_reference,0,0,0,0,0,0,0,0,0,0,0,0,0,0,0,0,0,0,0,0,0,0,0,0,0,0,0,0,0,0,0,0,0
L75_Ts120_Tr50p0_dT5_F1p0_LP40,narrow_sensitivity,0,0,0,0,0,0,0,0,0,0,0,0,0,0,0,0,0,0,0,0,0,0,0,0,0,0,0,0,0,0,0,0,0
L75_Ts120_Tr50p0_dT5_F1p0_LP45,narrow_sensitivity,0,0,0,0,0,0,0,0,0,0,0,0,0,0,0,0,0,0,0,0,0,0,0,0,0,0,0,0,0,0,0,0,0
L75_Ts120_Tr50p0_dT5_F1p2_LP20,narrow_sensitivity,0,0,0,0,0,0,0,0,0,0,0,0,0,0,0,0,0,0,0,0,0,0,0,0,0,0,0,0,0,0,0,0,0
L75_Ts120_Tr50p0_dT5_F1p2_LP30,narrow_sensitivity,0,0,0,0,0,0,0,0,0,0,0,0,0,0,0,0,0,0,0,0,0,0,0,0,0,0,0,0,0,0,0,0,0
L75_Ts120_Tr50p0_dT5_F1p2_LP40,narrow_sensitivity,0,0,0,0,0,0,0,0,0,0,0,0,0,0,0,0,0,0,0,0,0,0,0,0,0,0,0,0,0,0,0,0,0
L75_Ts120_Tr50p0_dT5_F1p2_LP45,narrow_sensitivity,0,0,0,0,0,0,0,0,0,0,0,0,0,0,0,0,0,0,0,0,0,0,0,0,0,0,0,0,0,0,0,0,0
L75_Ts120_Tr50p0_dT10_F0p8_LP20,narrow_sensitivity,0,0,0,0,0,0,0,0,0,0,0,0,0,0,0,0,0,0,0,0,0,0,0,0,0,0,0,0,0,0,0,0,0
L75_Ts120_Tr50p0_dT10_F0p8_LP30,narrow_sensitivity,0,0,0,0,0,0,0,0,0,0,0,0,0,0,0,0,0,0,0,0,0,0,0,0,0,0,0,0,0,0,0,0,0
L75_Ts120_Tr50p0_dT10_F0p8_LP40,narrow_sensitivity,0,0,0,0,0,0,0,0,0,0,0,0,0,0,0,0,0,0,0,0,0,0,0,0,0,0,0,0,0,0,0,0,0
L75_Ts120_Tr50p0_dT10_F0p8_LP45,narrow_sensitivity,0,0,0,0,0,0,0,0,0,0,0,0,0,0,0,0,0,0,0,0,0,0,0,0,0,0,0,0,0,0,0,0,0
L75_Ts120_Tr50p0_dT10_F1p0_LP20,narrow_sensitivity,0,0,0,0,0,0,0,0,0,0,0,0,0,0,0,0,0,0,0,0,0,0,0,0,0,0,0,0,0,0,0,0,0
L75_Ts120_Tr50p0_dT10_F1p0_LP30,narrow_sensitivity,0,0,0,0,0,0,0,0,0,0,0,0,0,0,0,0,0,0,0,0,0,0,0,0,0,0,0,0,0,0,0,0,0
L75_Ts120_Tr50p0_dT10_F1p0_LP40,narrow_sensitivity,0,0,0,0,0,0,0,0,0,0,0,0,0,0,0,0,0,0,0,0,0,0,0,0,0,0,0,0,0,0,0,0,0
L75_Ts120_Tr50p0_dT10_F1p0_LP45,narrow_sensitivity,0,0,0,0,0,0,0,0,0,0,0,0,0,0,0,0,0,0,0,0,0,0,0,0,0,0,0,0,0,0,0,0,0
L75_Ts120_Tr50p0_dT10_F1p2_LP20,narrow_sensitivity,0,0,0,0,0,0,0,0,0,0,0,0,0,0,0,0,0,0,0,0,0,0,0,0,0,0,0,0,0,0,0,0,0
L75_Ts120_Tr50p0_dT10_F1p2_LP30,narrow_sensitivity,0,0,0,0,0,0,0,0,0,0,0,0,0,0,0,0,0,0,0,0,0,0,0,0,0,0,0,0,0,0,0,0,0
L75_Ts120_Tr50p0_dT10_F1p2_LP40,narrow_sensitivity,0,0,0,0,0,0,0,0,0,0,0,0,0,0,0,0,0,0,0,0,0,0,0,0,0,0,0,0,0,0,0,0,0
L75_Ts120_Tr50p0_dT10_F1p2_LP45,narrow_sensitivity,0,0,0,0,0,0,0,0,0,0,0,0,0,0,0,0,0,0,0,0,0,0,0,0,0,0,0,0,0,0,0,0,0
L75_Ts120_Tr50p0_dT15_F0p8_LP20,narrow_sensitivity,0,0,0,0,0,0,0,0,0,0,0,0,0,0,0,0,0,0,0,0,0,0,0,0,0,0,0,0,0,0,0,0,0
L75_Ts120_Tr50p0_dT15_F0p8_LP30,narrow_sensitivity,0,0,0,0,0,0,0,0,0,0,0,0,0,0,0,0,0,0,0,0,0,0,0,0,0,0,0,0,0,0,0,0,0
L75_Ts120_Tr50p0_dT15_F0p8_LP40,narrow_sensitivity,0,0,0,0,0,0,0,0,0,0,0,0,0,0,0,0,0,0,0,0,0,0,0,0,0,0,0,0,0,0,0,0,0
L75_Ts120_Tr50p0_dT15_F0p8_LP45,narrow_sensitivity,0,0,0,0,0,0,0,0,0,0,0,0,0,0,0,0,0,0,0,0,0,0,0,0,0,0,0,0,0,0,0,0,0
L75_Ts120_Tr50p0_dT15_F1p0_LP20,narrow_sensitivity,0,0,0,0,0,0,0,0,0,0,0,0,0,0,0,0,0,0,0,0,0,0,0,0,0,0,0,0,0,0,0,0,0
L75_Ts120_Tr50p0_dT15_F1p0_LP30,narrow_sensitivity,0,0,0,0,0,0,0,0,0,0,0,0,0,0,0,0,0,0,0,0,0,0,0,0,0,0,0,0,0,0,0,0,0
L75_Ts120_Tr50p0_dT15_F1p0_LP40,narrow_sensitivity,0,0,0,0,0,0,0,0,0,0,0,0,0,0,0,0,0,0,0,0,0,0,0,0,0,0,0,0,0,0,0,0,0
L75_Ts120_Tr50p0_dT15_F1p0_LP45,narrow_sensitivity,0,0,0,0,0,0,0,0,0,0,0,0,0,0,0,0,0,0,0,0,0,0,0,0,0,0,0,0,0,0,0,0,0
L75_Ts120_Tr50p0_dT15_F1p2_LP20,narrow_sensitivity,0,0,0,0,0,0,0,0,0,0,0,0,0,0,0,0,0,0,0,0,0,0,0,0,0,0,0,0,0,0,0,0,0
L75_Ts120_Tr50p0_dT15_F1p2_LP30,narrow_sensitivity,0,0,0,0,0,0,0,0,0,0,0,0,0,0,0,0,0,0,0,0,0,0,0,0,0,0,0,0,0,0,0,0,0
L75_Ts120_Tr50p0_dT15_F1p2_LP40,narrow_sensitivity,0,0,0,0,0,0,0,0,0,0,0,0,0,0,0,0,0,0,0,0,0,0,0,0,0,0,0,0,0,0,0,0,0
L75_Ts120_Tr50p0_dT15_F1p2_LP45,narrow_sensitivity,0,0,0,0,0,0,0,0,0,0,0,0,0,0,0,0,0,0,0,0,0,0,0,0,0,0,0,0,0,0,0,0,0
L75_Ts120_Tr60p0_dT5_F0p8_LP20,narrow_sensitivity,0,0,0,0,0,0,0,0,0,0,0,0,0,0,0,0,0,0,0,0,0,0,0,0,0,0,0,0,0,0,0,0,0
L75_Ts120_Tr60p0_dT5_F0p8_LP30,narrow_sensitivity,0,0,0,0,0,0,0,0,0,0,0,0,0,0,0,0,0,0,0,0,0,0,0,0,0,0,0,0,0,0,0,0,0
L75_Ts120_Tr60p0_dT5_F0p8_LP40,narrow_sensitivity,0,0,0,0,0,0,0,0,0,0,0,0,0,0,0,0,0,0,0,0,0,0,0,0,0,0,0,0,0,0,0,0,0
L75_Ts120_Tr60p0_dT5_F0p8_LP45,narrow_sensitivity,0,0,0,0,0,0,0,0,0,0,0,0,0,0,0,0,0,0,0,0,0,0,0,0,0,0,0,0,0,0,0,0,0
L75_Ts120_Tr60p0_dT5_F1p0_LP20,narrow_sensitivity,0,0,0,0,0,0,0,0,0,0,0,0,0,0,0,0,0,0,0,0,0,0,0,0,0,0,0,0,0,0,0,0,0
L75_Ts120_Tr60p0_dT5_F1p0_LP30,main_reference,0,0,0,0,0,0,0,0,0,0,0,0,0,0,0,0,0,0,0,0,0,0,0,0,0,0,0,0,0,0,0,0,0
L75_Ts120_Tr60p0_dT5_F1p0_LP40,narrow_sensitivity,0,0,0,0,0,0,0,0,0,0,0,0,0,0,0,0,0,0,0,0,0,0,0,0,0,0,0,0,0,0,0,0,0
L75_Ts120_Tr60p0_dT5_F1p0_LP45,narrow_sensitivity,0,0,0,0,0,0,0,0,0,0,0,0,0,0,0,0,0,0,0,0,0,0,0,0,0,0,0,0,0,0,0,0,0
L75_Ts120_Tr60p0_dT5_F1p2_LP20,narrow_sensitivity,0,0,0,0,0,0,0,0,0,0,0,0,0,0,0,0,0,0,0,0,0,0,0,0,0,0,0,0,0,0,0,0,0
L75_Ts120_Tr60p0_dT5_F1p2_LP30,narrow_sensitivity,0,0,0,0,0,0,0,0,0,0,0,0,0,0,0,0,0,0,0,0,0,0,0,0,0,0,0,0,0,0,0,0,0
L75_Ts120_Tr60p0_dT5_F1p2_LP40,narrow_sensitivity,0,0,0,0,0,0,0,0,0,0,0,0,0,0,0,0,0,0,0,0,0,0,0,0,0,0,0,0,0,0,0,0,0
L75_Ts120_Tr60p0_dT5_F1p2_LP45,narrow_sensitivity,0,0,0,0,0,0,0,0,0,0,0,0,0,0,0,0,0,0,0,0,0,0,0,0,0,0,0,0,0,0,0,0,0
L75_Ts120_Tr60p0_dT10_F0p8_LP20,narrow_sensitivity,0,0,0,0,0,0,0,0,0,0,0,0,0,0,0,0,0,0,0,0,0,0,0,0,0,0,0,0,0,0,0,0,0
L75_Ts120_Tr60p0_dT10_F0p8_LP30,narrow_sensitivity,0,0,0,0,0,0,0,0,0,0,0,0,0,0,0,0,0,0,0,0,0,0,0,0,0,0,0,0,0,0,0,0,0
L75_Ts120_Tr60p0_dT10_F0p8_LP40,narrow_sensitivity,0,0,0,0,0,0,0,0,0,0,0,0,0,0,0,0,0,0,0,0,0,0,0,0,0,0,0,0,0,0,0,0,0
L75_Ts120_Tr60p0_dT10_F0p8_LP45,narrow_sensitivity,0,0,0,0,0,0,0,0,0,0,0,0,0,0,0,0,0,0,0,0,0,0,0,0,0,0,0,0,0,0,0,0,0
L75_Ts120_Tr60p0_dT10_F1p0_LP20,narrow_sensitivity,0,0,0,0,0,0,0,0,0,0,0,0,0,0,0,0,0,0,0,0,0,0,0,0,0,0,0,0,0,0,0,0,0
L75_Ts120_Tr60p0_dT10_F1p0_LP30,narrow_sensitivity,0,0,0,0,0,0,0,0,0,0,0,0,0,0,0,0,0,0,0,0,0,0,0,0,0,0,0,0,0,0,0,0,0
L75_Ts120_Tr60p0_dT10_F1p0_LP40,narrow_sensitivity,0,0,0,0,0,0,0,0,0,0,0,0,0,0,0,0,0,0,0,0,0,0,0,0,0,0,0,0,0,0,0,0,0
L75_Ts120_Tr60p0_dT10_F1p0_LP45,narrow_sensitivity,0,0,0,0,0,0,0,0,0,0,0,0,0,0,0,0,0,0,0,0,0,0,0,0,0,0,0,0,0,0,0,0,0
L75_Ts120_Tr60p0_dT10_F1p2_LP20,narrow_sensitivity,0,0,0,0,0,0,0,0,0,0,0,0,0,0,0,0,0,0,0,0,0,0,0,0,0,0,0,0,0,0,0,0,0
L75_Ts120_Tr60p0_dT10_F1p2_LP30,narrow_sensitivity,0,0,0,0,0,0,0,0,0,0,0,0,0,0,0,0,0,0,0,0,0,0,0,0,0,0,0,0,0,0,0,0,0
L75_Ts120_Tr60p0_dT10_F1p2_LP40,narrow_sensitivity,0,0,0,0,0,0,0,0,0,0,0,0,0,0,0,0,0,0,0,0,0,0,0,0,0,0,0,0,0,0,0,0,0
L75_Ts120_Tr60p0_dT10_F1p2_LP45,narrow_sensitivity,0,0,0,0,0,0,0,0,0,0,0,0,0,0,0,0,0,0,0,0,0,0,0,0,0,0,0,0,0,0,0,0,0
L75_Ts120_Tr60p0_dT15_F0p8_LP20,narrow_sensitivity,0,0,0,0,0,0,0,0,0,0,0,0,0,0,0,0,0,0,0,0,0,0,0,0,0,0,0,0,0,0,0,0,0
L75_Ts120_Tr60p0_dT15_F0p8_LP30,narrow_sensitivity,0,0,0,0,0,0,0,0,0,0,0,0,0,0,0,0,0,0,0,0,0,0,0,0,0,0,0,0,0,0,0,0,0
L75_Ts120_Tr60p0_dT15_F0p8_LP40,narrow_sensitivity,0,0,0,0,0,0,0,0,0,0,0,0,0,0,0,0,0,0,0,0,0,0,0,0,0,0,0,0,0,0,0,0,0
L75_Ts120_Tr60p0_dT15_F0p8_LP45,narrow_sensitivity,0,0,0,0,0,0,0,0,0,0,0,0,0,0,0,0,0,0,0,0,0,0,0,0,0,0,0,0,0,0,0,0,0
L75_Ts120_Tr60p0_dT15_F1p0_LP20,narrow_sensitivity,0,0,0,0,0,0,0,0,0,0,0,0,0,0,0,0,0,0,0,0,0,0,0,0,0,0,0,0,0,0,0,0,0
L75_Ts120_Tr60p0_dT15_F1p0_LP30,narrow_sensitivity,0,0,0,0,0,0,0,0,0,0,0,0,0,0,0,0,0,0,0,0,0,0,0,0,0,0,0,0,0,0,0,0,0
L75_Ts120_Tr60p0_dT15_F1p0_LP40,narrow_sensitivity,0,0,0,0,0,0,0,0,0,0,0,0,0,0,0,0,0,0,0,0,0,0,0,0,0,0,0,0,0,0,0,0,0
L75_Ts120_Tr60p0_dT15_F1p0_LP45,narrow_sensitivity,0,0,0,0,0,0,0,0,0,0,0,0,0,0,0,0,0,0,0,0,0,0,0,0,0,0,0,0,0,0,0,0,0
L75_Ts120_Tr60p0_dT15_F1p2_LP20,narrow_sensitivity,0,0,0,0,0,0,0,0,0,0,0,0,0,0,0,0,0,0,0,0,0,0,0,0,0,0,0,0,0,0,0,0,0
L75_Ts120_Tr60p0_dT15_F1p2_LP30,narrow_sensitivity,0,0,0,0,0,0,0,0,0,0,0,0,0,0,0,0,0,0,0,0,0,0,0,0,0,0,0,0,0,0,0,0,0
L75_Ts120_Tr60p0_dT15_F1p2_LP40,narrow_sensitivity,0,0,0,0,0,0,0,0,0,0,0,0,0,0,0,0,0,0,0,0,0,0,0,0,0,0,0,0,0,0,0,0,0
L75_Ts120_Tr60p0_dT15_F1p2_LP45,narrow_sensitivity,0,0,0,0,0,0,0,0,0,0,0,0,0,0,0,0,0,0,0,0,0,0,0,0,0,0,0,0,0,0,0,0,0
L75_Ts130_Tr35p0_dT5_F0p8_LP20,historical_extension,0,0,0,0,0,0,0,0,0,0,0,0,0,0,0,0,0,0,0,0,0,0,0,0,0,0,0,0,0,0,0,0,0
L75_Ts130_Tr35p0_dT5_F0p8_LP30,historical_extension,0,0,0,0,0,0,0,0,0,0,0,0,0,0,0,0,0,0,0,0,0,0,0,0,0,0,0,0,0,0,0,0,0
L75_Ts130_Tr35p0_dT5_F0p8_LP40,historical_extension,0,0,0,0,0,0,0,0,0,0,0,0,0,0,0,0,0,0,0,0,0,0,0,0,0,0,0,0,0,0,0,0,0
L75_Ts130_Tr35p0_dT5_F0p8_LP45,historical_extension,0,0,0,0,0,0,0,0,0,0,0,0,0,0,0,0,0,0,0,0,0,0,0,0,0,0,0,0,0,0,0,0,0
L75_Ts130_Tr35p0_dT5_F1p0_LP20,historical_extension,0,0,0,0,0,0,0,0,0,0,0,0,0,0,0,0,0,0,0,0,0,0,0,0,0,0,0,0,0,0,0,0,0
L75_Ts130_Tr35p0_dT5_F1p0_LP30,historical_extension,0,0,0,0,0,0,0,0,0,0,0,0,0,0,0,0,0,0,0,0,0,0,0,0,0,0,0,0,0,0,0,0,0
L75_Ts130_Tr35p0_dT5_F1p0_LP40,historical_extension,0,0,0,0,0,0,0,0,0,0,0,0,0,0,0,0,0,0,0,0,0,0,0,0,0,0,0,0,0,0,0,0,0
L75_Ts130_Tr35p0_dT5_F1p0_LP45,historical_extension,0,0,0,0,0,0,0,0,0,0,0,0,0,0,0,0,0,0,0,0,0,0,0,0,0,0,0,0,0,0,0,0,0
L75_Ts130_Tr35p0_dT5_F1p2_LP20,historical_extension,0,0,0,0,0,0,0,0,0,0,0,0,0,0,0,0,0,0,0,0,0,0,0,0,0,0,0,0,0,0,0,0,0
L75_Ts130_Tr35p0_dT5_F1p2_LP30,historical_extension,0,0,0,0,0,0,0,0,0,0,0,0,0,0,0,0,0,0,0,0,0,0,0,0,0,0,0,0,0,0,0,0,0
L75_Ts130_Tr35p0_dT5_F1p2_LP40,historical_extension,0,0,0,0,0,0,0,0,0,0,0,0,0,0,0,0,0,0,0,0,0,0,0,0,0,0,0,0,0,0,0,0,0
L75_Ts130_Tr35p0_dT5_F1p2_LP45,historical_extension,49,0,0,49,49,0,0,49,0,0,0,49,0,0,0,49,0,0,0,49,0,0,0,49,0,0,0,49,0,0,0,49,0
L75_Ts130_Tr35p0_dT10_F0p8_LP20,historical_extension,0,0,0,0,0,0,0,0,0,0,0,0,0,0,0,0,0,0,0,0,0,0,0,0,0,0,0,0,0,0,0,0,0
L75_Ts130_Tr35p0_dT10_F0p8_LP30,historical_extension,0,0,0,0,0,0,0,0,0,0,0,0,0,0,0,0,0,0,0,0,0,0,0,0,0,0,0,0,0,0,0,0,0
L75_Ts130_Tr35p0_dT10_F0p8_LP40,historical_extension,0,0,0,0,0,0,0,0,0,0,0,0,0,0,0,0,0,0,0,0,0,0,0,0,0,0,0,0,0,0,0,0,0
L75_Ts130_Tr35p0_dT10_F0p8_LP45,historical_extension,0,0,0,0,0,0,0,0,0,0,0,0,0,0,0,0,0,0,0,0,0,0,0,0,0,0,0,0,0,0,0,0,0
L75_Ts130_Tr35p0_dT10_F1p0_LP20,historical_extension,0,0,0,0,0,0,0,0,0,0,0,0,0,0,0,0,0,0,0,0,0,0,0,0,0,0,0,0,0,0,0,0,0
L75_Ts130_Tr35p0_dT10_F1p0_LP30,historical_extension,0,0,0,0,0,0,0,0,0,0,0,0,0,0,0,0,0,0,0,0,0,0,0,0,0,0,0,0,0,0,0,0,0
L75_Ts130_Tr35p0_dT10_F1p0_LP40,historical_extension,0,0,0,0,0,0,0,0,0,0,0,0,0,0,0,0,0,0,0,0,0,0,0,0,0,0,0,0,0,0,0,0,0
L75_Ts130_Tr35p0_dT10_F1p0_LP45,historical_extension,0,0,0,0,0,0,0,0,0,0,0,0,0,0,0,0,0,0,0,0,0,0,0,0,0,0,0,0,0,0,0,0,0
L75_Ts130_Tr35p0_dT10_F1p2_LP20,historical_extension,0,0,0,0,0,0,0,0,0,0,0,0,0,0,0,0,0,0,0,0,0,0,0,0,0,0,0,0,0,0,0,0,0
L75_Ts130_Tr35p0_dT10_F1p2_LP30,historical_extension,0,0,0,0,0,0,0,0,0,0,0,0,0,0,0,0,0,0,0,0,0,0,0,0,0,0,0,0,0,0,0,0,0
L75_Ts130_Tr35p0_dT10_F1p2_LP40,historical_extension,0,0,0,0,0,0,0,0,0,0,0,0,0,0,0,0,0,0,0,0,0,0,0,0,0,0,0,0,0,0,0,0,0
L75_Ts130_Tr35p0_dT10_F1p2_LP45,historical_extension,49,0,0,49,49,0,0,49,0,0,0,49,0,0,0,49,0,0,0,49,0,0,0,49,0,0,0,49,0,0,0,49,0
L75_Ts130_Tr35p0_dT15_F0p8_LP20,historical_extension,0,0,0,0,0,0,0,0,0,0,0,0,0,0,0,0,0,0,0,0,0,0,0,0,0,0,0,0,0,0,0,0,0
L75_Ts130_Tr35p0_dT15_F0p8_LP30,historical_extension,0,0,0,0,0,0,0,0,0,0,0,0,0,0,0,0,0,0,0,0,0,0,0,0,0,0,0,0,0,0,0,0,0
L75_Ts130_Tr35p0_dT15_F0p8_LP40,historical_extension,0,0,0,0,0,0,0,0,0,0,0,0,0,0,0,0,0,0,0,0,0,0,0,0,0,0,0,0,0,0,0,0,0
L75_Ts130_Tr35p0_dT15_F0p8_LP45,historical_extension,0,0,0,0,0,0,0,0,0,0,0,0,0,0,0,0,0,0,0,0,0,0,0,0,0,0,0,0,0,0,0,0,0
L75_Ts130_Tr35p0_dT15_F1p0_LP20,historical_extension,0,0,0,0,0,0,0,0,0,0,0,0,0,0,0,0,0,0,0,0,0,0,0,0,0,0,0,0,0,0,0,0,0
L75_Ts130_Tr35p0_dT15_F1p0_LP30,historical_extension,0,0,0,0,0,0,0,0,0,0,0,0,0,0,0,0,0,0,0,0,0,0,0,0,0,0,0,0,0,0,0,0,0
L75_Ts130_Tr35p0_dT15_F1p0_LP40,historical_extension,0,0,0,0,0,0,0,0,0,0,0,0,0,0,0,0,0,0,0,0,0,0,0,0,0,0,0,0,0,0,0,0,0
L75_Ts130_Tr35p0_dT15_F1p0_LP45,historical_extension,0,0,0,0,0,0,0,0,0,0,0,0,0,0,0,0,0,0,0,0,0,0,0,0,0,0,0,0,0,0,0,0,0
L75_Ts130_Tr35p0_dT15_F1p2_LP20,historical_extension,0,0,0,0,0,0,0,0,0,0,0,0,0,0,0,0,0,0,0,0,0,0,0,0,0,0,0,0,0,0,0,0,0
L75_Ts130_Tr35p0_dT15_F1p2_LP30,historical_extension,0,0,0,0,0,0,0,0,0,0,0,0,0,0,0,0,0,0,0,0,0,0,0,0,0,0,0,0,0,0,0,0,0
L75_Ts130_Tr35p0_dT15_F1p2_LP40,historical_extension,0,0,0,0,0,0,0,0,0,0,0,0,0,0,0,0,0,0,0,0,0,0,0,0,0,0,0,0,0,0,0,0,0
L75_Ts130_Tr35p0_dT15_F1p2_LP45,historical_extension,49,0,0,49,49,0,0,49,0,0,0,49,0,0,0,49,0,0,0,49,0,0,0,49,0,0,0,49,0,0,0,49,0
L75_Ts130_Tr41p44_dT5_F0p8_LP20,historical_extension,0,0,0,0,0,0,0,0,0,0,0,0,0,0,0,0,0,0,0,0,0,0,0,0,0,0,0,0,0,0,0,0,0
L75_Ts130_Tr41p44_dT5_F0p8_LP30,historical_extension,0,0,0,0,0,0,0,0,0,0,0,0,0,0,0,0,0,0,0,0,0,0,0,0,0,0,0,0,0,0,0,0,0
L75_Ts130_Tr41p44_dT5_F0p8_LP40,historical_extension,0,0,0,0,0,0,0,0,0,0,0,0,0,0,0,0,0,0,0,0,0,0,0,0,0,0,0,0,0,0,0,0,0
L75_Ts130_Tr41p44_dT5_F0p8_LP45,historical_extension,0,0,0,0,0,0,0,0,0,0,0,0,0,0,0,0,0,0,0,0,0,0,0,0,0,0,0,0,0,0,0,0,0
L75_Ts130_Tr41p44_dT5_F1p0_LP20,historical_extension,0,0,0,0,0,0,0,0,0,0,0,0,0,0,0,0,0,0,0,0,0,0,0,0,0,0,0,0,0,0,0,0,0
L75_Ts130_Tr41p44_dT5_F1p0_LP30,historical_extension,0,0,0,0,0,0,0,0,0,0,0,0,0,0,0,0,0,0,0,0,0,0,0,0,0,0,0,0,0,0,0,0,0
L75_Ts130_Tr41p44_dT5_F1p0_LP40,historical_extension,0,0,0,0,0,0,0,0,0,0,0,0,0,0,0,0,0,0,0,0,0,0,0,0,0,0,0,0,0,0,0,0,0
L75_Ts130_Tr41p44_dT5_F1p0_LP45,historical_extension,0,0,0,0,0,0,0,0,0,0,0,0,0,0,0,0,0,0,0,0,0,0,0,0,0,0,0,0,0,0,0,0,0
L75_Ts130_Tr41p44_dT5_F1p2_LP20,historical_extension,0,0,0,0,0,0,0,0,0,0,0,0,0,0,0,0,0,0,0,0,0,0,0,0,0,0,0,0,0,0,0,0,0
L75_Ts130_Tr41p44_dT5_F1p2_LP30,historical_extension,0,0,0,0,0,0,0,0,0,0,0,0,0,0,0,0,0,0,0,0,0,0,0,0,0,0,0,0,0,0,0,0,0
L75_Ts130_Tr41p44_dT5_F1p2_LP40,historical_extension,0,0,0,0,0,0,0,0,0,0,0,0,0,0,0,0,0,0,0,0,0,0,0,0,0,0,0,0,0,0,0,0,0
L75_Ts130_Tr41p44_dT5_F1p2_LP45,historical_extension,0,0,0,0,0,0,0,0,0,0,0,0,0,0,0,0,0,0,0,0,0,0,0,0,0,0,0,0,0,0,0,0,0
L75_Ts130_Tr41p44_dT10_F0p8_LP20,historical_extension,0,0,0,0,0,0,0,0,0,0,0,0,0,0,0,0,0,0,0,0,0,0,0,0,0,0,0,0,0,0,0,0,0
L75_Ts130_Tr41p44_dT10_F0p8_LP30,historical_extension,0,0,0,0,0,0,0,0,0,0,0,0,0,0,0,0,0,0,0,0,0,0,0,0,0,0,0,0,0,0,0,0,0
L75_Ts130_Tr41p44_dT10_F0p8_LP40,historical_extension,0,0,0,0,0,0,0,0,0,0,0,0,0,0,0,0,0,0,0,0,0,0,0,0,0,0,0,0,0,0,0,0,0
L75_Ts130_Tr41p44_dT10_F0p8_LP45,historical_extension,0,0,0,0,0,0,0,0,0,0,0,0,0,0,0,0,0,0,0,0,0,0,0,0,0,0,0,0,0,0,0,0,0
L75_Ts130_Tr41p44_dT10_F1p0_LP20,historical_extension,0,0,0,0,0,0,0,0,0,0,0,0,0,0,0,0,0,0,0,0,0,0,0,0,0,0,0,0,0,0,0,0,0
L75_Ts130_Tr41p44_dT10_F1p0_LP30,historical_extension,0,0,0,0,0,0,0,0,0,0,0,0,0,0,0,0,0,0,0,0,0,0,0,0,0,0,0,0,0,0,0,0,0
L75_Ts130_Tr41p44_dT10_F1p0_LP40,historical_extension,0,0,0,0,0,0,0,0,0,0,0,0,0,0,0,0,0,0,0,0,0,0,0,0,0,0,0,0,0,0,0,0,0
L75_Ts130_Tr41p44_dT10_F1p0_LP45,historical_extension,0,0,0,0,0,0,0,0,0,0,0,0,0,0,0,0,0,0,0,0,0,0,0,0,0,0,0,0,0,0,0,0,0
L75_Ts130_Tr41p44_dT10_F1p2_LP20,historical_extension,0,0,0,0,0,0,0,0,0,0,0,0,0,0,0,0,0,0,0,0,0,0,0,0,0,0,0,0,0,0,0,0,0
L75_Ts130_Tr41p44_dT10_F1p2_LP30,historical_extension,0,0,0,0,0,0,0,0,0,0,0,0,0,0,0,0,0,0,0,0,0,0,0,0,0,0,0,0,0,0,0,0,0
L75_Ts130_Tr41p44_dT10_F1p2_LP40,historical_extension,0,0,0,0,0,0,0,0,0,0,0,0,0,0,0,0,0,0,0,0,0,0,0,0,0,0,0,0,0,0,0,0,0
L75_Ts130_Tr41p44_dT10_F1p2_LP45,historical_extension,0,0,0,0,0,0,0,0,0,0,0,0,0,0,0,0,0,0,0,0,0,0,0,0,0,0,0,0,0,0,0,0,0
L75_Ts130_Tr41p44_dT15_F0p8_LP20,historical_extension,0,0,0,0,0,0,0,0,0,0,0,0,0,0,0,0,0,0,0,0,0,0,0,0,0,0,0,0,0,0,0,0,0
L75_Ts130_Tr41p44_dT15_F0p8_LP30,historical_extension,0,0,0,0,0,0,0,0,0,0,0,0,0,0,0,0,0,0,0,0,0,0,0,0,0,0,0,0,0,0,0,0,0
L75_Ts130_Tr41p44_dT15_F0p8_LP40,historical_extension,0,0,0,0,0,0,0,0,0,0,0,0,0,0,0,0,0,0,0,0,0,0,0,0,0,0,0,0,0,0,0,0,0
L75_Ts130_Tr41p44_dT15_F0p8_LP45,historical_extension,0,0,0,0,0,0,0,0,0,0,0,0,0,0,0,0,0,0,0,0,0,0,0,0,0,0,0,0,0,0,0,0,0
L75_Ts130_Tr41p44_dT15_F1p0_LP20,historical_extension,0,0,0,0,0,0,0,0,0,0,0,0,0,0,0,0,0,0,0,0,0,0,0,0,0,0,0,0,0,0,0,0,0
L75_Ts130_Tr41p44_dT15_F1p0_LP30,historical_extension,0,0,0,0,0,0,0,0,0,0,0,0,0,0,0,0,0,0,0,0,0,0,0,0,0,0,0,0,0,0,0,0,0
L75_Ts130_Tr41p44_dT15_F1p0_LP40,historical_extension,0,0,0,0,0,0,0,0,0,0,0,0,0,0,0,0,0,0,0,0,0,0,0,0,0,0,0,0,0,0,0,0,0
L75_Ts130_Tr41p44_dT15_F1p0_LP45,historical_extension,0,0,0,0,0,0,0,0,0,0,0,0,0,0,0,0,0,0,0,0,0,0,0,0,0,0,0,0,0,0,0,0,0
L75_Ts130_Tr41p44_dT15_F1p2_LP20,historical_extension,0,0,0,0,0,0,0,0,0,0,0,0,0,0,0,0,0,0,0,0,0,0,0,0,0,0,0,0,0,0,0,0,0
L75_Ts130_Tr41p44_dT15_F1p2_LP30,historical_extension,0,0,0,0,0,0,0,0,0,0,0,0,0,0,0,0,0,0,0,0,0,0,0,0,0,0,0,0,0,0,0,0,0
L75_Ts130_Tr41p44_dT15_F1p2_LP40,historical_extension,0,0,0,0,0,0,0,0,0,0,0,0,0,0,0,0,0,0,0,0,0,0,0,0,0,0,0,0,0,0,0,0,0
L75_Ts130_Tr41p44_dT15_F1p2_LP45,historical_extension,0,0,0,0,0,0,0,0,0,0,0,0,0,0,0,0,0,0,0,0,0,0,0,0,0,0,0,0,0,0,0,0,0
L75_Ts130_Tr50p0_dT5_F0p8_LP20,narrow_sensitivity,0,0,0,0,0,0,0,0,0,0,0,0,0,0,0,0,0,0,0,0,0,0,0,0,0,0,0,0,0,0,0,0,0
L75_Ts130_Tr50p0_dT5_F0p8_LP30,narrow_sensitivity,0,0,0,0,0,0,0,0,0,0,0,0,0,0,0,0,0,0,0,0,0,0,0,0,0,0,0,0,0,0,0,0,0
L75_Ts130_Tr50p0_dT5_F0p8_LP40,narrow_sensitivity,0,0,0,0,0,0,0,0,0,0,0,0,0,0,0,0,0,0,0,0,0,0,0,0,0,0,0,0,0,0,0,0,0
L75_Ts130_Tr50p0_dT5_F0p8_LP45,narrow_sensitivity,0,0,0,0,0,0,0,0,0,0,0,0,0,0,0,0,0,0,0,0,0,0,0,0,0,0,0,0,0,0,0,0,0
L75_Ts130_Tr50p0_dT5_F1p0_LP20,narrow_sensitivity,0,0,0,0,0,0,0,0,0,0,0,0,0,0,0,0,0,0,0,0,0,0,0,0,0,0,0,0,0,0,0,0,0
L75_Ts130_Tr50p0_dT5_F1p0_LP30,main_reference,0,0,0,0,0,0,0,0,0,0,0,0,0,0,0,0,0,0,0,0,0,0,0,0,0,0,0,0,0,0,0,0,0
L75_Ts130_Tr50p0_dT5_F1p0_LP40,narrow_sensitivity,0,0,0,0,0,0,0,0,0,0,0,0,0,0,0,0,0,0,0,0,0,0,0,0,0,0,0,0,0,0,0,0,0
L75_Ts130_Tr50p0_dT5_F1p0_LP45,narrow_sensitivity,0,0,0,0,0,0,0,0,0,0,0,0,0,0,0,0,0,0,0,0,0,0,0,0,0,0,0,0,0,0,0,0,0
L75_Ts130_Tr50p0_dT5_F1p2_LP20,narrow_sensitivity,0,0,0,0,0,0,0,0,0,0,0,0,0,0,0,0,0,0,0,0,0,0,0,0,0,0,0,0,0,0,0,0,0
L75_Ts130_Tr50p0_dT5_F1p2_LP30,narrow_sensitivity,0,0,0,0,0,0,0,0,0,0,0,0,0,0,0,0,0,0,0,0,0,0,0,0,0,0,0,0,0,0,0,0,0
L75_Ts130_Tr50p0_dT5_F1p2_LP40,narrow_sensitivity,0,0,0,0,0,0,0,0,0,0,0,0,0,0,0,0,0,0,0,0,0,0,0,0,0,0,0,0,0,0,0,0,0
L75_Ts130_Tr50p0_dT5_F1p2_LP45,narrow_sensitivity,0,0,0,0,0,0,0,0,0,0,0,0,0,0,0,0,0,0,0,0,0,0,0,0,0,0,0,0,0,0,0,0,0
L75_Ts130_Tr50p0_dT10_F0p8_LP20,narrow_sensitivity,0,0,0,0,0,0,0,0,0,0,0,0,0,0,0,0,0,0,0,0,0,0,0,0,0,0,0,0,0,0,0,0,0
L75_Ts130_Tr50p0_dT10_F0p8_LP30,narrow_sensitivity,0,0,0,0,0,0,0,0,0,0,0,0,0,0,0,0,0,0,0,0,0,0,0,0,0,0,0,0,0,0,0,0,0
L75_Ts130_Tr50p0_dT10_F0p8_LP40,narrow_sensitivity,0,0,0,0,0,0,0,0,0,0,0,0,0,0,0,0,0,0,0,0,0,0,0,0,0,0,0,0,0,0,0,0,0
L75_Ts130_Tr50p0_dT10_F0p8_LP45,narrow_sensitivity,0,0,0,0,0,0,0,0,0,0,0,0,0,0,0,0,0,0,0,0,0,0,0,0,0,0,0,0,0,0,0,0,0
L75_Ts130_Tr50p0_dT10_F1p0_LP20,narrow_sensitivity,0,0,0,0,0,0,0,0,0,0,0,0,0,0,0,0,0,0,0,0,0,0,0,0,0,0,0,0,0,0,0,0,0
L75_Ts130_Tr50p0_dT10_F1p0_LP30,narrow_sensitivity,0,0,0,0,0,0,0,0,0,0,0,0,0,0,0,0,0,0,0,0,0,0,0,0,0,0,0,0,0,0,0,0,0
L75_Ts130_Tr50p0_dT10_F1p0_LP40,narrow_sensitivity,0,0,0,0,0,0,0,0,0,0,0,0,0,0,0,0,0,0,0,0,0,0,0,0,0,0,0,0,0,0,0,0,0
L75_Ts130_Tr50p0_dT10_F1p0_LP45,narrow_sensitivity,0,0,0,0,0,0,0,0,0,0,0,0,0,0,0,0,0,0,0,0,0,0,0,0,0,0,0,0,0,0,0,0,0
L75_Ts130_Tr50p0_dT10_F1p2_LP20,narrow_sensitivity,0,0,0,0,0,0,0,0,0,0,0,0,0,0,0,0,0,0,0,0,0,0,0,0,0,0,0,0,0,0,0,0,0
L75_Ts130_Tr50p0_dT10_F1p2_LP30,narrow_sensitivity,0,0,0,0,0,0,0,0,0,0,0,0,0,0,0,0,0,0,0,0,0,0,0,0,0,0,0,0,0,0,0,0,0
L75_Ts130_Tr50p0_dT10_F1p2_LP40,narrow_sensitivity,0,0,0,0,0,0,0,0,0,0,0,0,0,0,0,0,0,0,0,0,0,0,0,0,0,0,0,0,0,0,0,0,0
L75_Ts130_Tr50p0_dT10_F1p2_LP45,narrow_sensitivity,0,0,0,0,0,0,0,0,0,0,0,0,0,0,0,0,0,0,0,0,0,0,0,0,0,0,0,0,0,0,0,0,0
L75_Ts130_Tr50p0_dT15_F0p8_LP20,narrow_sensitivity,0,0,0,0,0,0,0,0,0,0,0,0,0,0,0,0,0,0,0,0,0,0,0,0,0,0,0,0,0,0,0,0,0
L75_Ts130_Tr50p0_dT15_F0p8_LP30,narrow_sensitivity,0,0,0,0,0,0,0,0,0,0,0,0,0,0,0,0,0,0,0,0,0,0,0,0,0,0,0,0,0,0,0,0,0
L75_Ts130_Tr50p0_dT15_F0p8_LP40,narrow_sensitivity,0,0,0,0,0,0,0,0,0,0,0,0,0,0,0,0,0,0,0,0,0,0,0,0,0,0,0,0,0,0,0,0,0
L75_Ts130_Tr50p0_dT15_F0p8_LP45,narrow_sensitivity,0,0,0,0,0,0,0,0,0,0,0,0,0,0,0,0,0,0,0,0,0,0,0,0,0,0,0,0,0,0,0,0,0
L75_Ts130_Tr50p0_dT15_F1p0_LP20,narrow_sensitivity,0,0,0,0,0,0,0,0,0,0,0,0,0,0,0,0,0,0,0,0,0,0,0,0,0,0,0,0,0,0,0,0,0
L75_Ts130_Tr50p0_dT15_F1p0_LP30,narrow_sensitivity,0,0,0,0,0,0,0,0,0,0,0,0,0,0,0,0,0,0,0,0,0,0,0,0,0,0,0,0,0,0,0,0,0
L75_Ts130_Tr50p0_dT15_F1p0_LP40,narrow_sensitivity,0,0,0,0,0,0,0,0,0,0,0,0,0,0,0,0,0,0,0,0,0,0,0,0,0,0,0,0,0,0,0,0,0
L75_Ts130_Tr50p0_dT15_F1p0_LP45,narrow_sensitivity,0,0,0,0,0,0,0,0,0,0,0,0,0,0,0,0,0,0,0,0,0,0,0,0,0,0,0,0,0,0,0,0,0
L75_Ts130_Tr50p0_dT15_F1p2_LP20,narrow_sensitivity,0,0,0,0,0,0,0,0,0,0,0,0,0,0,0,0,0,0,0,0,0,0,0,0,0,0,0,0,0,0,0,0,0
L75_Ts130_Tr50p0_dT15_F1p2_LP30,narrow_sensitivity,0,0,0,0,0,0,0,0,0,0,0,0,0,0,0,0,0,0,0,0,0,0,0,0,0,0,0,0,0,0,0,0,0
L75_Ts130_Tr50p0_dT15_F1p2_LP40,narrow_sensitivity,0,0,0,0,0,0,0,0,0,0,0,0,0,0,0,0,0,0,0,0,0,0,0,0,0,0,0,0,0,0,0,0,0
L75_Ts130_Tr50p0_dT15_F1p2_LP45,narrow_sensitivity,0,0,0,0,0,0,0,0,0,0,0,0,0,0,0,0,0,0,0,0,0,0,0,0,0,0,0,0,0,0,0,0,0
L75_Ts130_Tr60p0_dT5_F0p8_LP20,narrow_sensitivity,0,0,0,0,0,0,0,0,0,0,0,0,0,0,0,0,0,0,0,0,0,0,0,0,0,0,0,0,0,0,0,0,0
L75_Ts130_Tr60p0_dT5_F0p8_LP30,narrow_sensitivity,0,0,0,0,0,0,0,0,0,0,0,0,0,0,0,0,0,0,0,0,0,0,0,0,0,0,0,0,0,0,0,0,0
L75_Ts130_Tr60p0_dT5_F0p8_LP40,narrow_sensitivity,0,0,0,0,0,0,0,0,0,0,0,0,0,0,0,0,0,0,0,0,0,0,0,0,0,0,0,0,0,0,0,0,0
L75_Ts130_Tr60p0_dT5_F0p8_LP45,narrow_sensitivity,0,0,0,0,0,0,0,0,0,0,0,0,0,0,0,0,0,0,0,0,0,0,0,0,0,0,0,0,0,0,0,0,0
L75_Ts130_Tr60p0_dT5_F1p0_LP20,narrow_sensitivity,0,0,0,0,0,0,0,0,0,0,0,0,0,0,0,0,0,0,0,0,0,0,0,0,0,0,0,0,0,0,0,0,0
L75_Ts130_Tr60p0_dT5_F1p0_LP30,main_reference,0,0,0,0,0,0,0,0,0,0,0,0,0,0,0,0,0,0,0,0,0,0,0,0,0,0,0,0,0,0,0,0,0
L75_Ts130_Tr60p0_dT5_F1p0_LP40,narrow_sensitivity,0,0,0,0,0,0,0,0,0,0,0,0,0,0,0,0,0,0,0,0,0,0,0,0,0,0,0,0,0,0,0,0,0
L75_Ts130_Tr60p0_dT5_F1p0_LP45,narrow_sensitivity,0,0,0,0,0,0,0,0,0,0,0,0,0,0,0,0,0,0,0,0,0,0,0,0,0,0,0,0,0,0,0,0,0
L75_Ts130_Tr60p0_dT5_F1p2_LP20,narrow_sensitivity,0,0,0,0,0,0,0,0,0,0,0,0,0,0,0,0,0,0,0,0,0,0,0,0,0,0,0,0,0,0,0,0,0
L75_Ts130_Tr60p0_dT5_F1p2_LP30,narrow_sensitivity,0,0,0,0,0,0,0,0,0,0,0,0,0,0,0,0,0,0,0,0,0,0,0,0,0,0,0,0,0,0,0,0,0
L75_Ts130_Tr60p0_dT5_F1p2_LP40,narrow_sensitivity,0,0,0,0,0,0,0,0,0,0,0,0,0,0,0,0,0,0,0,0,0,0,0,0,0,0,0,0,0,0,0,0,0
L75_Ts130_Tr60p0_dT5_F1p2_LP45,narrow_sensitivity,0,0,0,0,0,0,0,0,0,0,0,0,0,0,0,0,0,0,0,0,0,0,0,0,0,0,0,0,0,0,0,0,0
L75_Ts130_Tr60p0_dT10_F0p8_LP20,narrow_sensitivity,0,0,0,0,0,0,0,0,0,0,0,0,0,0,0,0,0,0,0,0,0,0,0,0,0,0,0,0,0,0,0,0,0
L75_Ts130_Tr60p0_dT10_F0p8_LP30,narrow_sensitivity,0,0,0,0,0,0,0,0,0,0,0,0,0,0,0,0,0,0,0,0,0,0,0,0,0,0,0,0,0,0,0,0,0
L75_Ts130_Tr60p0_dT10_F0p8_LP40,narrow_sensitivity,0,0,0,0,0,0,0,0,0,0,0,0,0,0,0,0,0,0,0,0,0,0,0,0,0,0,0,0,0,0,0,0,0
L75_Ts130_Tr60p0_dT10_F0p8_LP45,narrow_sensitivity,0,0,0,0,0,0,0,0,0,0,0,0,0,0,0,0,0,0,0,0,0,0,0,0,0,0,0,0,0,0,0,0,0
L75_Ts130_Tr60p0_dT10_F1p0_LP20,narrow_sensitivity,0,0,0,0,0,0,0,0,0,0,0,0,0,0,0,0,0,0,0,0,0,0,0,0,0,0,0,0,0,0,0,0,0
L75_Ts130_Tr60p0_dT10_F1p0_LP30,narrow_sensitivity,0,0,0,0,0,0,0,0,0,0,0,0,0,0,0,0,0,0,0,0,0,0,0,0,0,0,0,0,0,0,0,0,0
L75_Ts130_Tr60p0_dT10_F1p0_LP40,narrow_sensitivity,0,0,0,0,0,0,0,0,0,0,0,0,0,0,0,0,0,0,0,0,0,0,0,0,0,0,0,0,0,0,0,0,0
L75_Ts130_Tr60p0_dT10_F1p0_LP45,narrow_sensitivity,0,0,0,0,0,0,0,0,0,0,0,0,0,0,0,0,0,0,0,0,0,0,0,0,0,0,0,0,0,0,0,0,0
L75_Ts130_Tr60p0_dT10_F1p2_LP20,narrow_sensitivity,0,0,0,0,0,0,0,0,0,0,0,0,0,0,0,0,0,0,0,0,0,0,0,0,0,0,0,0,0,0,0,0,0
L75_Ts130_Tr60p0_dT10_F1p2_LP30,narrow_sensitivity,0,0,0,0,0,0,0,0,0,0,0,0,0,0,0,0,0,0,0,0,0,0,0,0,0,0,0,0,0,0,0,0,0
L75_Ts130_Tr60p0_dT10_F1p2_LP40,narrow_sensitivity,0,0,0,0,0,0,0,0,0,0,0,0,0,0,0,0,0,0,0,0,0,0,0,0,0,0,0,0,0,0,0,0,0
L75_Ts130_Tr60p0_dT10_F1p2_LP45,narrow_sensitivity,0,0,0,0,0,0,0,0,0,0,0,0,0,0,0,0,0,0,0,0,0,0,0,0,0,0,0,0,0,0,0,0,0
L75_Ts130_Tr60p0_dT15_F0p8_LP20,narrow_sensitivity,0,0,0,0,0,0,0,0,0,0,0,0,0,0,0,0,0,0,0,0,0,0,0,0,0,0,0,0,0,0,0,0,0
L75_Ts130_Tr60p0_dT15_F0p8_LP30,narrow_sensitivity,0,0,0,0,0,0,0,0,0,0,0,0,0,0,0,0,0,0,0,0,0,0,0,0,0,0,0,0,0,0,0,0,0
L75_Ts130_Tr60p0_dT15_F0p8_LP40,narrow_sensitivity,0,0,0,0,0,0,0,0,0,0,0,0,0,0,0,0,0,0,0,0,0,0,0,0,0,0,0,0,0,0,0,0,0
L75_Ts130_Tr60p0_dT15_F0p8_LP45,narrow_sensitivity,0,0,0,0,0,0,0,0,0,0,0,0,0,0,0,0,0,0,0,0,0,0,0,0,0,0,0,0,0,0,0,0,0
L75_Ts130_Tr60p0_dT15_F1p0_LP20,narrow_sensitivity,0,0,0,0,0,0,0,0,0,0,0,0,0,0,0,0,0,0,0,0,0,0,0,0,0,0,0,0,0,0,0,0,0
L75_Ts130_Tr60p0_dT15_F1p0_LP30,narrow_sensitivity,0,0,0,0,0,0,0,0,0,0,0,0,0,0,0,0,0,0,0,0,0,0,0,0,0,0,0,0,0,0,0,0,0
L75_Ts130_Tr60p0_dT15_F1p0_LP40,narrow_sensitivity,0,0,0,0,0,0,0,0,0,0,0,0,0,0,0,0,0,0,0,0,0,0,0,0,0,0,0,0,0,0,0,0,0
L75_Ts130_Tr60p0_dT15_F1p0_LP45,narrow_sensitivity,0,0,0,0,0,0,0,0,0,0,0,0,0,0,0,0,0,0,0,0,0,0,0,0,0,0,0,0,0,0,0,0,0
L75_Ts130_Tr60p0_dT15_F1p2_LP20,narrow_sensitivity,0,0,0,0,0,0,0,0,0,0,0,0,0,0,0,0,0,0,0,0,0,0,0,0,0,0,0,0,0,0,0,0,0
L75_Ts130_Tr60p0_dT15_F1p2_LP30,narrow_sensitivity,0,0,0,0,0,0,0,0,0,0,0,0,0,0,0,0,0,0,0,0,0,0,0,0,0,0,0,0,0,0,0,0,0
L75_Ts130_Tr60p0_dT15_F1p2_LP40,narrow_sensitivity,0,0,0,0,0,0,0,0,0,0,0,0,0,0,0,0,0,0,0,0,0,0,0,0,0,0,0,0,0,0,0,0,0
L75_Ts130_Tr60p0_dT15_F1p2_LP45,narrow_sensitivity,0,0,0,0,0,0,0,0,0,0,0,0,0,0,0,0,0,0,0,0,0,0,0,0,0,0,0,0,0,0,0,0,0
L75_Ts150_Tr35p0_dT5_F0p8_LP20,historical_extension,0,0,0,0,0,0,0,0,0,0,0,0,0,0,0,0,0,0,0,0,0,0,0,0,0,0,0,0,0,0,0,0,0
L75_Ts150_Tr35p0_dT5_F0p8_LP30,historical_extension,0,0,0,0,0,0,0,0,0,0,0,0,0,0,0,0,0,0,0,0,0,0,0,0,0,0,0,0,0,0,0,0,0
L75_Ts150_Tr35p0_dT5_F0p8_LP40,historical_extension,0,0,0,0,0,0,0,0,0,0,0,0,0,0,0,0,0,0,0,0,0,0,0,0,0,0,0,0,0,0,0,0,0
L75_Ts150_Tr35p0_dT5_F0p8_LP45,historical_extension,0,0,0,0,0,0,0,0,0,0,0,0,0,0,0,0,0,0,0,0,0,0,0,0,0,0,0,0,0,0,0,0,0
L75_Ts150_Tr35p0_dT5_F1p0_LP20,historical_extension,0,0,0,0,0,0,0,0,0,0,0,0,0,0,0,0,0,0,0,0,0,0,0,0,0,0,0,0,0,0,0,0,0
L75_Ts150_Tr35p0_dT5_F1p0_LP30,historical_extension,0,0,0,0,0,0,0,0,0,0,0,0,0,0,0,0,0,0,0,0,0,0,0,0,0,0,0,0,0,0,0,0,0
L75_Ts150_Tr35p0_dT5_F1p0_LP40,historical_extension,0,0,0,0,0,0,0,0,0,0,0,0,0,0,0,0,0,0,0,0,0,0,0,0,0,0,0,0,0,0,0,0,0
L75_Ts150_Tr35p0_dT5_F1p0_LP45,historical_extension,56,0,0,56,56,0,0,56,0,0,0,56,0,0,0,56,0,0,0,56,0,0,0,56,0,0,0,56,0,0,0,56,0
L75_Ts150_Tr35p0_dT5_F1p2_LP20,historical_extension,0,0,0,0,0,0,0,0,0,0,0,0,0,0,0,0,0,0,0,0,0,0,0,0,0,0,0,0,0,0,0,0,0
L75_Ts150_Tr35p0_dT5_F1p2_LP30,historical_extension,0,0,0,0,0,0,0,0,0,0,0,0,0,0,0,0,0,0,0,0,0,0,0,0,0,0,0,0,0,0,0,0,0
L75_Ts150_Tr35p0_dT5_F1p2_LP40,historical_extension,80,0,0,80,80,0,0,80,0,0,0,80,0,0,0,80,0,0,0,80,0,0,0,80,0,0,0,80,0,0,0,80,0
L75_Ts150_Tr35p0_dT5_F1p2_LP45,historical_extension,180,0,0,180,180,0,0,180,0,0,0,180,0,0,0,180,0,0,0,180,0,0,0,180,0,0,0,180,0,0,0,180,0
L75_Ts150_Tr35p0_dT10_F0p8_LP20,historical_extension,0,0,0,0,0,0,0,0,0,0,0,0,0,0,0,0,0,0,0,0,0,0,0,0,0,0,0,0,0,0,0,0,0
L75_Ts150_Tr35p0_dT10_F0p8_LP30,historical_extension,0,0,0,0,0,0,0,0,0,0,0,0,0,0,0,0,0,0,0,0,0,0,0,0,0,0,0,0,0,0,0,0,0
L75_Ts150_Tr35p0_dT10_F0p8_LP40,historical_extension,0,0,0,0,0,0,0,0,0,0,0,0,0,0,0,0,0,0,0,0,0,0,0,0,0,0,0,0,0,0,0,0,0
L75_Ts150_Tr35p0_dT10_F0p8_LP45,historical_extension,0,0,0,0,0,0,0,0,0,0,0,0,0,0,0,0,0,0,0,0,0,0,0,0,0,0,0,0,0,0,0,0,0
L75_Ts150_Tr35p0_dT10_F1p0_LP20,historical_extension,0,0,0,0,0,0,0,0,0,0,0,0,0,0,0,0,0,0,0,0,0,0,0,0,0,0,0,0,0,0,0,0,0
L75_Ts150_Tr35p0_dT10_F1p0_LP30,historical_extension,0,0,0,0,0,0,0,0,0,0,0,0,0,0,0,0,0,0,0,0,0,0,0,0,0,0,0,0,0,0,0,0,0
L75_Ts150_Tr35p0_dT10_F1p0_LP40,historical_extension,0,0,0,0,0,0,0,0,0,0,0,0,0,0,0,0,0,0,0,0,0,0,0,0,0,0,0,0,0,0,0,0,0
L75_Ts150_Tr35p0_dT10_F1p0_LP45,historical_extension,56,0,0,56,56,0,0,56,0,0,0,56,0,0,0,56,0,0,0,56,0,0,0,56,0,0,0,56,0,0,0,56,0
L75_Ts150_Tr35p0_dT10_F1p2_LP20,historical_extension,19,0,0,0,0,19,19,19,0,0,0,0,0,19,0,19,0,0,0,0,0,19,0,19,0,0,0,0,0,19,0,19,0
L75_Ts150_Tr35p0_dT10_F1p2_LP30,historical_extension,19,0,0,0,0,19,19,19,0,0,0,0,0,19,0,19,0,0,0,0,0,19,0,19,0,0,0,0,0,19,0,19,0
L75_Ts150_Tr35p0_dT10_F1p2_LP40,historical_extension,80,0,0,61,61,0,0,80,19,0,0,61,0,0,0,80,0,0,0,61,0,0,0,80,0,0,0,61,0,0,0,80,0
L75_Ts150_Tr35p0_dT10_F1p2_LP45,historical_extension,180,0,0,161,161,0,0,180,19,0,0,161,0,0,0,180,0,0,0,161,0,0,0,180,0,0,0,161,0,0,0,180,0
L75_Ts150_Tr35p0_dT15_F0p8_LP20,historical_extension,0,0,0,0,0,0,0,0,0,0,0,0,0,0,0,0,0,0,0,0,0,0,0,0,0,0,0,0,0,0,0,0,0
L75_Ts150_Tr35p0_dT15_F0p8_LP30,historical_extension,0,0,0,0,0,0,0,0,0,0,0,0,0,0,0,0,0,0,0,0,0,0,0,0,0,0,0,0,0,0,0,0,0
L75_Ts150_Tr35p0_dT15_F0p8_LP40,historical_extension,0,0,0,0,0,0,0,0,0,0,0,0,0,0,0,0,0,0,0,0,0,0,0,0,0,0,0,0,0,0,0,0,0
L75_Ts150_Tr35p0_dT15_F0p8_LP45,historical_extension,0,0,0,0,0,0,0,0,0,0,0,0,0,0,0,0,0,0,0,0,0,0,0,0,0,0,0,0,0,0,0,0,0
L75_Ts150_Tr35p0_dT15_F1p0_LP20,historical_extension,19,0,0,0,0,19,19,19,0,0,0,0,0,19,0,19,0,0,0,0,0,19,0,19,0,0,0,0,0,19,0,19,0
L75_Ts150_Tr35p0_dT15_F1p0_LP30,historical_extension,19,0,0,0,0,19,19,19,0,0,0,0,0,19,0,19,0,0,0,0,0,19,0,19,0,0,0,0,0,19,0,19,0
L75_Ts150_Tr35p0_dT15_F1p0_LP40,historical_extension,19,0,0,0,0,19,19,19,0,0,0,0,0,19,0,19,0,0,0,0,0,19,0,19,0,0,0,0,0,19,0,19,0
L75_Ts150_Tr35p0_dT15_F1p0_LP45,historical_extension,56,0,0,37,37,0,0,56,19,0,0,37,0,0,0,56,0,0,0,37,0,0,0,56,0,0,0,37,0,0,0,56,0
L75_Ts150_Tr35p0_dT15_F1p2_LP20,historical_extension,50,0,0,0,0,50,50,50,0,0,0,0,0,50,0,50,0,0,0,0,0,50,0,50,0,0,0,0,0,50,0,50,0
L75_Ts150_Tr35p0_dT15_F1p2_LP30,historical_extension,50,0,0,0,0,50,50,50,0,0,0,0,0,50,0,50,0,0,0,0,0,50,0,50,0,0,0,0,0,50,0,50,0
L75_Ts150_Tr35p0_dT15_F1p2_LP40,historical_extension,83,0,3,33,33,3,3,83,50,0,0,33,0,3,0,83,0,0,0,33,0,3,0,83,0,0,0,33,0,3,0,83,0
L75_Ts150_Tr35p0_dT15_F1p2_LP45,historical_extension,180,0,0,130,130,0,0,180,50,0,0,130,0,0,0,180,0,0,0,130,0,0,0,180,0,0,0,130,0,0,0,180,0
L75_Ts150_Tr41p44_dT5_F0p8_LP20,historical_extension,0,0,0,0,0,0,0,0,0,0,0,0,0,0,0,0,0,0,0,0,0,0,0,0,0,0,0,0,0,0,0,0,0
L75_Ts150_Tr41p44_dT5_F0p8_LP30,historical_extension,0,0,0,0,0,0,0,0,0,0,0,0,0,0,0,0,0,0,0,0,0,0,0,0,0,0,0,0,0,0,0,0,0
L75_Ts150_Tr41p44_dT5_F0p8_LP40,historical_extension,0,0,0,0,0,0,0,0,0,0,0,0,0,0,0,0,0,0,0,0,0,0,0,0,0,0,0,0,0,0,0,0,0
L75_Ts150_Tr41p44_dT5_F0p8_LP45,historical_extension,0,0,0,0,0,0,0,0,0,0,0,0,0,0,0,0,0,0,0,0,0,0,0,0,0,0,0,0,0,0,0,0,0
L75_Ts150_Tr41p44_dT5_F1p0_LP20,historical_extension,0,0,0,0,0,0,0,0,0,0,0,0,0,0,0,0,0,0,0,0,0,0,0,0,0,0,0,0,0,0,0,0,0
L75_Ts150_Tr41p44_dT5_F1p0_LP30,historical_extension,0,0,0,0,0,0,0,0,0,0,0,0,0,0,0,0,0,0,0,0,0,0,0,0,0,0,0,0,0,0,0,0,0
L75_Ts150_Tr41p44_dT5_F1p0_LP40,historical_extension,0,0,0,0,0,0,0,0,0,0,0,0,0,0,0,0,0,0,0,0,0,0,0,0,0,0,0,0,0,0,0,0,0
L75_Ts150_Tr41p44_dT5_F1p0_LP45,historical_extension,12,0,0,12,12,0,0,12,0,0,0,12,0,0,0,12,0,0,0,12,0,0,0,12,0,0,0,12,0,0,0,12,0
L75_Ts150_Tr41p44_dT5_F1p2_LP20,historical_extension,0,0,0,0,0,0,0,0,0,0,0,0,0,0,0,0,0,0,0,0,0,0,0,0,0,0,0,0,0,0,0,0,0
L75_Ts150_Tr41p44_dT5_F1p2_LP30,historical_extension,0,0,0,0,0,0,0,0,0,0,0,0,0,0,0,0,0,0,0,0,0,0,0,0,0,0,0,0,0,0,0,0,0
L75_Ts150_Tr41p44_dT5_F1p2_LP40,historical_extension,37,0,0,37,37,0,0,37,0,0,0,37,0,0,0,37,0,0,0,37,0,0,0,37,0,0,0,37,0,0,0,37,0
L75_Ts150_Tr41p44_dT5_F1p2_LP45,historical_extension,143,0,0,143,143,0,0,143,0,0,0,143,0,0,0,143,0,0,0,143,0,0,0,143,0,0,0,143,0,0,0,143,0
L75_Ts150_Tr41p44_dT10_F0p8_LP20,historical_extension,0,0,0,0,0,0,0,0,0,0,0,0,0,0,0,0,0,0,0,0,0,0,0,0,0,0,0,0,0,0,0,0,0
L75_Ts150_Tr41p44_dT10_F0p8_LP30,historical_extension,0,0,0,0,0,0,0,0,0,0,0,0,0,0,0,0,0,0,0,0,0,0,0,0,0,0,0,0,0,0,0,0,0
L75_Ts150_Tr41p44_dT10_F0p8_LP40,historical_extension,0,0,0,0,0,0,0,0,0,0,0,0,0,0,0,0,0,0,0,0,0,0,0,0,0,0,0,0,0,0,0,0,0
L75_Ts150_Tr41p44_dT10_F0p8_LP45,historical_extension,0,0,0,0,0,0,0,0,0,0,0,0,0,0,0,0,0,0,0,0,0,0,0,0,0,0,0,0,0,0,0,0,0
L75_Ts150_Tr41p44_dT10_F1p0_LP20,historical_extension,0,0,0,0,0,0,0,0,0,0,0,0,0,0,0,0,0,0,0,0,0,0,0,0,0,0,0,0,0,0,0,0,0
L75_Ts150_Tr41p44_dT10_F1p0_LP30,historical_extension,0,0,0,0,0,0,0,0,0,0,0,0,0,0,0,0,0,0,0,0,0,0,0,0,0,0,0,0,0,0,0,0,0
L75_Ts150_Tr41p44_dT10_F1p0_LP40,historical_extension,0,0,0,0,0,0,0,0,0,0,0,0,0,0,0,0,0,0,0,0,0,0,0,0,0,0,0,0,0,0,0,0,0
L75_Ts150_Tr41p44_dT10_F1p0_LP45,historical_extension,15,0,3,15,15,3,3,15,0,0,0,15,0,3,0,15,0,0,0,15,0,3,0,15,0,0,0,15,0,3,0,15,0
L75_Ts150_Tr41p44_dT10_F1p2_LP20,historical_extension,16,0,0,0,0,16,16,16,0,0,0,0,0,16,0,16,0,0,0,0,0,16,0,16,0,0,0,0,0,16,0,16,0
L75_Ts150_Tr41p44_dT10_F1p2_LP30,historical_extension,16,0,0,0,0,16,16,16,0,0,0,0,0,16,0,16,0,0,0,0,0,16,0,16,0,0,0,0,0,16,0,16,0
L75_Ts150_Tr41p44_dT10_F1p2_LP40,historical_extension,44,0,7,28,28,7,7,44,16,0,0,28,0,7,0,44,0,0,0,28,0,7,0,44,0,0,0,28,0,7,0,44,0
L75_Ts150_Tr41p44_dT10_F1p2_LP45,historical_extension,143,0,0,127,127,0,0,143,16,0,0,127,0,0,0,143,0,0,0,127,0,0,0,143,0,0,0,127,0,0,0,143,0
L75_Ts150_Tr41p44_dT15_F0p8_LP20,historical_extension,0,0,0,0,0,0,0,0,0,0,0,0,0,0,0,0,0,0,0,0,0,0,0,0,0,0,0,0,0,0,0,0,0
L75_Ts150_Tr41p44_dT15_F0p8_LP30,historical_extension,0,0,0,0,0,0,0,0,0,0,0,0,0,0,0,0,0,0,0,0,0,0,0,0,0,0,0,0,0,0,0,0,0
L75_Ts150_Tr41p44_dT15_F0p8_LP40,historical_extension,0,0,0,0,0,0,0,0,0,0,0,0,0,0,0,0,0,0,0,0,0,0,0,0,0,0,0,0,0,0,0,0,0
L75_Ts150_Tr41p44_dT15_F0p8_LP45,historical_extension,0,0,0,0,0,0,0,0,0,0,0,0,0,0,0,0,0,0,0,0,0,0,0,0,0,0,0,0,0,0,0,0,0
L75_Ts150_Tr41p44_dT15_F1p0_LP20,historical_extension,17,0,0,0,0,17,17,17,0,0,0,0,0,17,0,17,0,0,0,0,0,17,0,17,0,0,0,0,0,17,0,17,0
L75_Ts150_Tr41p44_dT15_F1p0_LP30,historical_extension,17,0,0,0,0,17,17,17,0,0,0,0,0,17,0,17,0,0,0,0,0,17,0,17,0,0,0,0,0,17,0,17,0
L75_Ts150_Tr41p44_dT15_F1p0_LP40,historical_extension,17,0,0,0,0,17,17,17,0,0,0,0,0,17,0,17,0,0,0,0,0,17,0,17,0,0,0,0,0,17,0,17,0
L75_Ts150_Tr41p44_dT15_F1p0_LP45,historical_extension,29,0,12,12,12,17,17,29,12,0,0,12,0,17,0,29,0,0,0,12,0,17,0,29,0,0,0,12,0,17,0,29,0
L75_Ts150_Tr41p44_dT15_F1p2_LP20,historical_extension,50,0,0,0,0,50,50,50,0,0,0,0,0,50,0,50,0,0,0,0,0,50,0,50,0,0,0,0,0,50,0,50,0
L75_Ts150_Tr41p44_dT15_F1p2_LP30,historical_extension,50,0,0,0,0,50,50,50,0,0,0,0,0,50,0,50,0,0,0,0,0,50,0,50,0,0,0,0,0,50,0,50,0
L75_Ts150_Tr41p44_dT15_F1p2_LP40,historical_extension,57,0,7,7,7,20,20,57,37,0,0,7,0,20,0,57,0,0,0,7,0,20,0,57,0,0,0,7,0,20,0,57,0
L75_Ts150_Tr41p44_dT15_F1p2_LP45,historical_extension,143,0,0,93,93,0,0,143,50,0,0,93,0,0,0,143,0,0,0,93,0,0,0,143,0,0,0,93,0,0,0,143,0
L75_Ts150_Tr50p0_dT5_F0p8_LP20,historical_extension,0,0,0,0,0,0,0,0,0,0,0,0,0,0,0,0,0,0,0,0,0,0,0,0,0,0,0,0,0,0,0,0,0
L75_Ts150_Tr50p0_dT5_F0p8_LP30,historical_extension,0,0,0,0,0,0,0,0,0,0,0,0,0,0,0,0,0,0,0,0,0,0,0,0,0,0,0,0,0,0,0,0,0
L75_Ts150_Tr50p0_dT5_F0p8_LP40,historical_extension,0,0,0,0,0,0,0,0,0,0,0,0,0,0,0,0,0,0,0,0,0,0,0,0,0,0,0,0,0,0,0,0,0
L75_Ts150_Tr50p0_dT5_F0p8_LP45,historical_extension,0,0,0,0,0,0,0,0,0,0,0,0,0,0,0,0,0,0,0,0,0,0,0,0,0,0,0,0,0,0,0,0,0
L75_Ts150_Tr50p0_dT5_F1p0_LP20,historical_extension,0,0,0,0,0,0,0,0,0,0,0,0,0,0,0,0,0,0,0,0,0,0,0,0,0,0,0,0,0,0,0,0,0
L75_Ts150_Tr50p0_dT5_F1p0_LP30,historical_extension,0,0,0,0,0,0,0,0,0,0,0,0,0,0,0,0,0,0,0,0,0,0,0,0,0,0,0,0,0,0,0,0,0
L75_Ts150_Tr50p0_dT5_F1p0_LP40,historical_extension,0,0,0,0,0,0,0,0,0,0,0,0,0,0,0,0,0,0,0,0,0,0,0,0,0,0,0,0,0,0,0,0,0
L75_Ts150_Tr50p0_dT5_F1p0_LP45,historical_extension,0,0,0,0,0,0,0,0,0,0,0,0,0,0,0,0,0,0,0,0,0,0,0,0,0,0,0,0,0,0,0,0,0
L75_Ts150_Tr50p0_dT5_F1p2_LP20,historical_extension,0,0,0,0,0,0,0,0,0,0,0,0,0,0,0,0,0,0,0,0,0,0,0,0,0,0,0,0,0,0,0,0,0
L75_Ts150_Tr50p0_dT5_F1p2_LP30,historical_extension,0,0,0,0,0,0,0,0,0,0,0,0,0,0,0,0,0,0,0,0,0,0,0,0,0,0,0,0,0,0,0,0,0
L75_Ts150_Tr50p0_dT5_F1p2_LP40,historical_extension,0,0,0,0,0,0,0,0,0,0,0,0,0,0,0,0,0,0,0,0,0,0,0,0,0,0,0,0,0,0,0,0,0
L75_Ts150_Tr50p0_dT5_F1p2_LP45,historical_extension,87,0,0,87,87,0,0,87,0,0,0,87,0,0,0,87,0,0,0,87,0,0,0,87,0,0,0,87,0,0,0,87,0
L75_Ts150_Tr50p0_dT10_F0p8_LP20,historical_extension,0,0,0,0,0,0,0,0,0,0,0,0,0,0,0,0,0,0,0,0,0,0,0,0,0,0,0,0,0,0,0,0,0
L75_Ts150_Tr50p0_dT10_F0p8_LP30,historical_extension,0,0,0,0,0,0,0,0,0,0,0,0,0,0,0,0,0,0,0,0,0,0,0,0,0,0,0,0,0,0,0,0,0
L75_Ts150_Tr50p0_dT10_F0p8_LP40,historical_extension,0,0,0,0,0,0,0,0,0,0,0,0,0,0,0,0,0,0,0,0,0,0,0,0,0,0,0,0,0,0,0,0,0
L75_Ts150_Tr50p0_dT10_F0p8_LP45,historical_extension,0,0,0,0,0,0,0,0,0,0,0,0,0,0,0,0,0,0,0,0,0,0,0,0,0,0,0,0,0,0,0,0,0
L75_Ts150_Tr50p0_dT10_F1p0_LP20,historical_extension,0,0,0,0,0,0,0,0,0,0,0,0,0,0,0,0,0,0,0,0,0,0,0,0,0,0,0,0,0,0,0,0,0
L75_Ts150_Tr50p0_dT10_F1p0_LP30,historical_extension,0,0,0,0,0,0,0,0,0,0,0,0,0,0,0,0,0,0,0,0,0,0,0,0,0,0,0,0,0,0,0,0,0
L75_Ts150_Tr50p0_dT10_F1p0_LP40,historical_extension,0,0,0,0,0,0,0,0,0,0,0,0,0,0,0,0,0,0,0,0,0,0,0,0,0,0,0,0,0,0,0,0,0
L75_Ts150_Tr50p0_dT10_F1p0_LP45,historical_extension,0,0,0,0,0,0,0,0,0,0,0,0,0,0,0,0,0,0,0,0,0,0,0,0,0,0,0,0,0,0,0,0,0
L75_Ts150_Tr50p0_dT10_F1p2_LP20,historical_extension,12,0,0,0,0,12,12,12,0,0,0,0,0,12,0,12,0,0,0,0,0,12,0,12,0,0,0,0,0,12,0,12,0
L75_Ts150_Tr50p0_dT10_F1p2_LP30,historical_extension,12,0,0,0,0,12,12,12,0,0,0,0,0,12,0,12,0,0,0,0,0,12,0,12,0,0,0,0,0,12,0,12,0
L75_Ts150_Tr50p0_dT10_F1p2_LP40,historical_extension,12,0,0,0,0,12,12,12,0,0,0,0,0,12,0,12,0,0,0,0,0,12,0,12,0,0,0,0,0,12,0,12,0
L75_Ts150_Tr50p0_dT10_F1p2_LP45,historical_extension,87,0,0,75,75,0,0,87,12,0,0,75,0,0,0,87,0,0,0,75,0,0,0,87,0,0,0,75,0,0,0,87,0
L75_Ts150_Tr50p0_dT15_F0p8_LP20,historical_extension,0,0,0,0,0,0,0,0,0,0,0,0,0,0,0,0,0,0,0,0,0,0,0,0,0,0,0,0,0,0,0,0,0
L75_Ts150_Tr50p0_dT15_F0p8_LP30,historical_extension,0,0,0,0,0,0,0,0,0,0,0,0,0,0,0,0,0,0,0,0,0,0,0,0,0,0,0,0,0,0,0,0,0
L75_Ts150_Tr50p0_dT15_F0p8_LP40,historical_extension,0,0,0,0,0,0,0,0,0,0,0,0,0,0,0,0,0,0,0,0,0,0,0,0,0,0,0,0,0,0,0,0,0
L75_Ts150_Tr50p0_dT15_F0p8_LP45,historical_extension,0,0,0,0,0,0,0,0,0,0,0,0,0,0,0,0,0,0,0,0,0,0,0,0,0,0,0,0,0,0,0,0,0
L75_Ts150_Tr50p0_dT15_F1p0_LP20,historical_extension,15,0,0,0,0,15,15,15,0,0,0,0,0,15,0,15,0,0,0,0,0,15,0,15,0,0,0,0,0,15,0,15,0
L75_Ts150_Tr50p0_dT15_F1p0_LP30,historical_extension,15,0,0,0,0,15,15,15,0,0,0,0,0,15,0,15,0,0,0,0,0,15,0,15,0,0,0,0,0,15,0,15,0
L75_Ts150_Tr50p0_dT15_F1p0_LP40,historical_extension,15,0,0,0,0,15,15,15,0,0,0,0,0,15,0,15,0,0,0,0,0,15,0,15,0,0,0,0,0,15,0,15,0
L75_Ts150_Tr50p0_dT15_F1p0_LP45,historical_extension,15,0,0,0,0,15,15,15,0,0,0,0,0,15,0,15,0,0,0,0,0,15,0,15,0,0,0,0,0,15,0,15,0
L75_Ts150_Tr50p0_dT15_F1p2_LP20,historical_extension,49,0,0,0,0,49,49,49,0,0,0,0,0,49,0,49,0,0,0,0,0,49,0,49,0,0,0,0,0,49,0,49,0
L75_Ts150_Tr50p0_dT15_F1p2_LP30,historical_extension,49,0,0,0,0,49,49,49,0,0,0,0,0,49,0,49,0,0,0,0,0,49,0,49,0,0,0,0,0,49,0,49,0
L75_Ts150_Tr50p0_dT15_F1p2_LP40,historical_extension,49,0,0,0,0,49,49,49,0,0,0,0,0,49,0,49,0,0,0,0,0,49,0,49,0,0,0,0,0,49,0,49,0
L75_Ts150_Tr50p0_dT15_F1p2_LP45,historical_extension,87,0,0,38,38,0,0,87,49,0,0,38,0,0,0,87,0,0,0,38,0,0,0,87,0,0,0,38,0,0,0,87,0
L75_Ts150_Tr60p0_dT5_F0p8_LP20,historical_extension,0,0,0,0,0,0,0,0,0,0,0,0,0,0,0,0,0,0,0,0,0,0,0,0,0,0,0,0,0,0,0,0,0
L75_Ts150_Tr60p0_dT5_F0p8_LP30,historical_extension,0,0,0,0,0,0,0,0,0,0,0,0,0,0,0,0,0,0,0,0,0,0,0,0,0,0,0,0,0,0,0,0,0
L75_Ts150_Tr60p0_dT5_F0p8_LP40,historical_extension,0,0,0,0,0,0,0,0,0,0,0,0,0,0,0,0,0,0,0,0,0,0,0,0,0,0,0,0,0,0,0,0,0
L75_Ts150_Tr60p0_dT5_F0p8_LP45,historical_extension,0,0,0,0,0,0,0,0,0,0,0,0,0,0,0,0,0,0,0,0,0,0,0,0,0,0,0,0,0,0,0,0,0
L75_Ts150_Tr60p0_dT5_F1p0_LP20,historical_extension,0,0,0,0,0,0,0,0,0,0,0,0,0,0,0,0,0,0,0,0,0,0,0,0,0,0,0,0,0,0,0,0,0
L75_Ts150_Tr60p0_dT5_F1p0_LP30,historical_extension,0,0,0,0,0,0,0,0,0,0,0,0,0,0,0,0,0,0,0,0,0,0,0,0,0,0,0,0,0,0,0,0,0
L75_Ts150_Tr60p0_dT5_F1p0_LP40,historical_extension,0,0,0,0,0,0,0,0,0,0,0,0,0,0,0,0,0,0,0,0,0,0,0,0,0,0,0,0,0,0,0,0,0
L75_Ts150_Tr60p0_dT5_F1p0_LP45,historical_extension,0,0,0,0,0,0,0,0,0,0,0,0,0,0,0,0,0,0,0,0,0,0,0,0,0,0,0,0,0,0,0,0,0
L75_Ts150_Tr60p0_dT5_F1p2_LP20,historical_extension,0,0,0,0,0,0,0,0,0,0,0,0,0,0,0,0,0,0,0,0,0,0,0,0,0,0,0,0,0,0,0,0,0
L75_Ts150_Tr60p0_dT5_F1p2_LP30,historical_extension,0,0,0,0,0,0,0,0,0,0,0,0,0,0,0,0,0,0,0,0,0,0,0,0,0,0,0,0,0,0,0,0,0
L75_Ts150_Tr60p0_dT5_F1p2_LP40,historical_extension,0,0,0,0,0,0,0,0,0,0,0,0,0,0,0,0,0,0,0,0,0,0,0,0,0,0,0,0,0,0,0,0,0
L75_Ts150_Tr60p0_dT5_F1p2_LP45,historical_extension,8,0,0,8,8,0,0,8,0,0,0,8,0,0,0,8,0,0,0,8,0,0,0,8,0,0,0,8,0,0,0,8,0
L75_Ts150_Tr60p0_dT10_F0p8_LP20,historical_extension,0,0,0,0,0,0,0,0,0,0,0,0,0,0,0,0,0,0,0,0,0,0,0,0,0,0,0,0,0,0,0,0,0
L75_Ts150_Tr60p0_dT10_F0p8_LP30,historical_extension,0,0,0,0,0,0,0,0,0,0,0,0,0,0,0,0,0,0,0,0,0,0,0,0,0,0,0,0,0,0,0,0,0
L75_Ts150_Tr60p0_dT10_F0p8_LP40,historical_extension,0,0,0,0,0,0,0,0,0,0,0,0,0,0,0,0,0,0,0,0,0,0,0,0,0,0,0,0,0,0,0,0,0
L75_Ts150_Tr60p0_dT10_F0p8_LP45,historical_extension,0,0,0,0,0,0,0,0,0,0,0,0,0,0,0,0,0,0,0,0,0,0,0,0,0,0,0,0,0,0,0,0,0
L75_Ts150_Tr60p0_dT10_F1p0_LP20,historical_extension,0,0,0,0,0,0,0,0,0,0,0,0,0,0,0,0,0,0,0,0,0,0,0,0,0,0,0,0,0,0,0,0,0
L75_Ts150_Tr60p0_dT10_F1p0_LP30,historical_extension,0,0,0,0,0,0,0,0,0,0,0,0,0,0,0,0,0,0,0,0,0,0,0,0,0,0,0,0,0,0,0,0,0
L75_Ts150_Tr60p0_dT10_F1p0_LP40,historical_extension,0,0,0,0,0,0,0,0,0,0,0,0,0,0,0,0,0,0,0,0,0,0,0,0,0,0,0,0,0,0,0,0,0
L75_Ts150_Tr60p0_dT10_F1p0_LP45,historical_extension,0,0,0,0,0,0,0,0,0,0,0,0,0,0,0,0,0,0,0,0,0,0,0,0,0,0,0,0,0,0,0,0,0
L75_Ts150_Tr60p0_dT10_F1p2_LP20,historical_extension,6,0,0,0,0,6,6,6,0,0,0,0,0,6,0,6,0,0,0,0,0,6,0,6,0,0,0,0,0,6,0,6,0
L75_Ts150_Tr60p0_dT10_F1p2_LP30,historical_extension,6,0,0,0,0,6,6,6,0,0,0,0,0,6,0,6,0,0,0,0,0,6,0,6,0,0,0,0,0,6,0,6,0
L75_Ts150_Tr60p0_dT10_F1p2_LP40,historical_extension,6,0,0,0,0,6,6,6,0,0,0,0,0,6,0,6,0,0,0,0,0,6,0,6,0,0,0,0,0,6,0,6,0
L75_Ts150_Tr60p0_dT10_F1p2_LP45,historical_extension,13,0,5,7,7,5,5,13,6,0,0,7,0,5,0,13,0,0,0,7,0,5,0,13,0,0,0,7,0,5,0,13,0
L75_Ts150_Tr60p0_dT15_F0p8_LP20,historical_extension,0,0,0,0,0,0,0,0,0,0,0,0,0,0,0,0,0,0,0,0,0,0,0,0,0,0,0,0,0,0,0,0,0
L75_Ts150_Tr60p0_dT15_F0p8_LP30,historical_extension,0,0,0,0,0,0,0,0,0,0,0,0,0,0,0,0,0,0,0,0,0,0,0,0,0,0,0,0,0,0,0,0,0
L75_Ts150_Tr60p0_dT15_F0p8_LP40,historical_extension,0,0,0,0,0,0,0,0,0,0,0,0,0,0,0,0,0,0,0,0,0,0,0,0,0,0,0,0,0,0,0,0,0
L75_Ts150_Tr60p0_dT15_F0p8_LP45,historical_extension,0,0,0,0,0,0,0,0,0,0,0,0,0,0,0,0,0,0,0,0,0,0,0,0,0,0,0,0,0,0,0,0,0
L75_Ts150_Tr60p0_dT15_F1p0_LP20,historical_extension,13,0,0,0,0,13,13,13,0,0,0,0,0,13,0,13,0,0,0,0,0,13,0,13,0,0,0,0,0,13,0,13,0
L75_Ts150_Tr60p0_dT15_F1p0_LP30,historical_extension,13,0,0,0,0,13,13,13,0,0,0,0,0,13,0,13,0,0,0,0,0,13,0,13,0,0,0,0,0,13,0,13,0
L75_Ts150_Tr60p0_dT15_F1p0_LP40,historical_extension,13,0,0,0,0,13,13,13,0,0,0,0,0,13,0,13,0,0,0,0,0,13,0,13,0,0,0,0,0,13,0,13,0
L75_Ts150_Tr60p0_dT15_F1p0_LP45,historical_extension,13,0,0,0,0,13,13,13,0,0,0,0,0,13,0,13,0,0,0,0,0,13,0,13,0,0,0,0,0,13,0,13,0
L75_Ts150_Tr60p0_dT15_F1p2_LP20,historical_extension,48,0,0,0,0,48,48,48,0,0,0,0,0,48,0,48,0,0,0,0,0,48,0,48,0,0,0,0,0,48,0,48,0
L75_Ts150_Tr60p0_dT15_F1p2_LP30,historical_extension,48,0,0,0,0,48,48,48,0,0,0,0,0,48,0,48,0,0,0,0,0,48,0,48,0,0,0,0,0,48,0,48,0
L75_Ts150_Tr60p0_dT15_F1p2_LP40,historical_extension,48,0,0,0,0,48,48,48,0,0,0,0,0,48,0,48,0,0,0,0,0,48,0,48,0,0,0,0,0,48,0,48,0
L75_Ts150_Tr60p0_dT15_F1p2_LP45,historical_extension,48,0,0,0,0,40,40,48,8,0,0,0,0,40,0,48,0,0,0,0,0,40,0,48,0,0,0,0,0,40,0,48,0
L75_Ts180_Tr35p0_dT5_F0p8_LP20,historical_extension,103,0,0,0,0,103,103,103,0,0,0,0,0,103,0,103,0,0,0,0,0,103,0,103,0,0,0,0,0,103,0,103,0
L75_Ts180_Tr35p0_dT5_F0p8_LP30,historical_extension,103,0,0,0,0,103,103,103,0,0,0,0,0,103,0,103,0,0,0,0,0,103,0,103,0,0,0,0,0,103,0,103,0
L75_Ts180_Tr35p0_dT5_F0p8_LP40,historical_extension,103,0,0,0,0,103,103,103,0,0,0,0,0,103,0,103,0,0,0,0,0,103,0,103,0,0,0,0,0,103,0,103,0
L75_Ts180_Tr35p0_dT5_F0p8_LP45,historical_extension,104,0,1,1,1,42,42,104,62,0,0,1,0,42,0,104,0,0,0,1,0,42,0,104,0,0,0,1,0,42,0,104,0
L75_Ts180_Tr35p0_dT5_F1p0_LP20,historical_extension,128,0,0,0,0,128,128,128,0,0,0,0,0,128,0,128,0,0,0,0,0,128,0,128,0,0,0,0,0,128,0,128,0
L75_Ts180_Tr35p0_dT5_F1p0_LP30,historical_extension,128,0,0,0,0,128,128,128,0,0,0,0,0,128,0,128,0,0,0,0,0,128,0,128,0,0,0,0,0,128,0,128,0
L75_Ts180_Tr35p0_dT5_F1p0_LP40,historical_extension,140,0,12,12,12,26,26,140,114,0,0,12,0,26,0,140,0,0,0,12,0,26,0,140,0,0,0,12,0,26,0,140,0
L75_Ts180_Tr35p0_dT5_F1p0_LP45,historical_extension,210,0,0,82,82,0,0,210,128,0,0,82,0,0,0,210,0,0,0,82,0,0,0,210,0,0,0,82,0,0,0,210,0
L75_Ts180_Tr35p0_dT5_F1p2_LP20,historical_extension,155,0,0,0,0,155,155,155,0,0,0,0,0,155,0,155,0,0,0,0,0,155,0,155,0,0,0,0,0,155,0,155,0
L75_Ts180_Tr35p0_dT5_F1p2_LP30,historical_extension,155,0,0,0,0,85,85,155,70,0,0,0,0,85,0,155,0,0,0,0,0,85,0,155,0,0,0,0,0,85,0,155,0
L75_Ts180_Tr35p0_dT5_F1p2_LP40,historical_extension,229,0,0,74,74,0,0,229,155,0,0,74,0,0,0,229,0,0,0,74,0,0,0,229,0,0,0,74,0,0,0,229,0
L75_Ts180_Tr35p0_dT5_F1p2_LP45,historical_extension,308,0,0,153,153,0,0,308,155,0,0,153,0,0,0,308,0,0,0,153,0,0,0,308,0,0,0,153,0,0,0,308,0
L75_Ts180_Tr35p0_dT10_F0p8_LP20,historical_extension,130,0,0,0,0,130,130,130,0,0,0,0,0,130,0,130,0,0,0,0,0,130,0,130,0,0,0,0,0,130,0,130,0
L75_Ts180_Tr35p0_dT10_F0p8_LP30,historical_extension,130,0,0,0,0,130,130,130,0,0,0,0,0,130,0,130,0,0,0,0,0,130,0,130,0,0,0,0,0,130,0,130,0
L75_Ts180_Tr35p0_dT10_F0p8_LP40,historical_extension,130,0,0,0,0,130,130,130,0,0,0,0,0,130,0,130,0,0,0,0,0,130,0,130,0,0,0,0,0,130,0,130,0
L75_Ts180_Tr35p0_dT10_F0p8_LP45,historical_extension,130,0,0,0,0,68,68,130,62,0,0,0,0,68,0,130,0,0,0,0,0,68,0,130,0,0,0,0,0,68,0,130,0
L75_Ts180_Tr35p0_dT10_F1p0_LP20,historical_extension,154,0,0,0,0,154,154,154,0,0,0,0,0,154,0,154,0,0,0,0,0,154,0,154,0,0,0,0,0,154,0,154,0
L75_Ts180_Tr35p0_dT10_F1p0_LP30,historical_extension,154,0,0,0,0,154,154,154,0,0,0,0,0,154,0,154,0,0,0,0,0,154,0,154,0,0,0,0,0,154,0,154,0
L75_Ts180_Tr35p0_dT10_F1p0_LP40,historical_extension,154,0,0,0,0,40,40,154,114,0,0,0,0,40,0,154,0,0,0,0,0,40,0,154,0,0,0,0,0,40,0,154,0
L75_Ts180_Tr35p0_dT10_F1p0_LP45,historical_extension,210,0,0,56,56,0,0,210,154,0,0,56,0,0,0,210,0,0,0,56,0,0,0,210,0,0,0,56,0,0,0,210,0
L75_Ts180_Tr35p0_dT10_F1p2_LP20,historical_extension,180,0,0,0,0,180,180,180,0,0,0,0,0,180,0,180,0,0,0,0,0,180,0,180,0,0,0,0,0,180,0,180,0
L75_Ts180_Tr35p0_dT10_F1p2_LP30,historical_extension,180,0,0,0,0,110,110,180,70,0,0,0,0,110,0,180,0,0,0,0,0,110,0,180,0,0,0,0,0,110,0,180,0
L75_Ts180_Tr35p0_dT10_F1p2_LP40,historical_extension,229,0,0,49,49,0,0,229,180,0,0,49,0,0,0,229,0,0,0,49,0,0,0,229,0,0,0,49,0,0,0,229,0
L75_Ts180_Tr35p0_dT10_F1p2_LP45,historical_extension,308,0,0,128,128,0,0,308,180,0,0,128,0,0,0,308,0,0,0,128,0,0,0,308,0,0,0,128,0,0,0,308,0
L75_Ts180_Tr35p0_dT15_F0p8_LP20,historical_extension,156,0,0,0,0,156,156,156,0,0,0,0,0,156,0,156,0,0,0,0,0,156,0,156,0,0,0,0,0,156,0,156,0
L75_Ts180_Tr35p0_dT15_F0p8_LP30,historical_extension,156,0,0,0,0,156,156,156,0,0,0,0,0,156,0,156,0,0,0,0,0,156,0,156,0,0,0,0,0,156,0,156,0
L75_Ts180_Tr35p0_dT15_F0p8_LP40,historical_extension,156,0,0,0,0,156,156,156,0,0,0,0,0,156,0,156,0,0,0,0,0,156,0,156,0,0,0,0,0,156,0,156,0
L75_Ts180_Tr35p0_dT15_F0p8_LP45,historical_extension,156,0,0,0,0,94,94,156,62,0,0,0,0,94,0,156,0,0,0,0,0,94,0,156,0,0,0,0,0,94,0,156,0
L75_Ts180_Tr35p0_dT15_F1p0_LP20,historical_extension,180,0,0,0,0,180,180,180,0,0,0,0,0,180,0,180,0,0,0,0,0,180,0,180,0,0,0,0,0,180,0,180,0
L75_Ts180_Tr35p0_dT15_F1p0_LP30,historical_extension,180,0,0,0,0,180,180,180,0,0,0,0,0,180,0,180,0,0,0,0,0,180,0,180,0,0,0,0,0,180,0,180,0
L75_Ts180_Tr35p0_dT15_F1p0_LP40,historical_extension,180,0,0,0,0,66,66,180,114,0,0,0,0,66,0,180,0,0,0,0,0,66,0,180,0,0,0,0,0,66,0,180,0
L75_Ts180_Tr35p0_dT15_F1p0_LP45,historical_extension,210,0,0,30,30,0,0,210,180,0,0,30,0,0,0,210,0,0,0,30,0,0,0,210,0,0,0,30,0,0,0,210,0
L75_Ts180_Tr35p0_dT15_F1p2_LP20,historical_extension,206,0,0,0,0,206,206,206,0,0,0,0,0,206,0,206,0,0,0,0,0,206,0,206,0,0,0,0,0,206,0,206,0
L75_Ts180_Tr35p0_dT15_F1p2_LP30,historical_extension,206,0,0,0,0,136,136,206,70,0,0,0,0,136,0,206,0,0,0,0,0,136,0,206,0,0,0,0,0,136,0,206,0
L75_Ts180_Tr35p0_dT15_F1p2_LP40,historical_extension,232,0,3,26,26,3,3,232,206,0,0,26,0,3,0,232,0,0,0,26,0,3,0,232,0,0,0,26,0,3,0,232,0
L75_Ts180_Tr35p0_dT15_F1p2_LP45,historical_extension,308,0,0,102,102,0,0,308,206,0,0,102,0,0,0,308,0,0,0,102,0,0,0,308,0,0,0,102,0,0,0,308,0
L75_Ts180_Tr41p44_dT5_F0p8_LP20,historical_extension,106,0,0,0,0,106,106,106,0,0,0,0,0,106,0,106,0,0,0,0,0,106,0,106,0,0,0,0,0,106,0,106,0
L75_Ts180_Tr41p44_dT5_F0p8_LP30,historical_extension,106,0,0,0,0,106,106,106,0,0,0,0,0,106,0,106,0,0,0,0,0,106,0,106,0,0,0,0,0,106,0,106,0
L75_Ts180_Tr41p44_dT5_F0p8_LP40,historical_extension,106,0,0,0,0,106,106,106,0,0,0,0,0,106,0,106,0,0,0,0,0,106,0,106,0,0,0,0,0,106,0,106,0
L75_Ts180_Tr41p44_dT5_F0p8_LP45,historical_extension,106,0,0,0,0,78,78,106,28,0,0,0,0,78,0,106,0,0,0,0,0,78,0,106,0,0,0,0,0,78,0,106,0
L75_Ts180_Tr41p44_dT5_F1p0_LP20,historical_extension,132,0,0,0,0,132,132,132,0,0,0,0,0,132,0,132,0,0,0,0,0,132,0,132,0,0,0,0,0,132,0,132,0
L75_Ts180_Tr41p44_dT5_F1p0_LP30,historical_extension,132,0,0,0,0,132,132,132,0,0,0,0,0,132,0,132,0,0,0,0,0,132,0,132,0,0,0,0,0,132,0,132,0
L75_Ts180_Tr41p44_dT5_F1p0_LP40,historical_extension,132,0,0,0,0,49,49,132,83,0,0,0,0,49,0,132,0,0,0,0,0,49,0,132,0,0,0,0,0,49,0,132,0
L75_Ts180_Tr41p44_dT5_F1p0_LP45,historical_extension,183,0,0,51,51,0,0,183,132,0,0,51,0,0,0,183,0,0,0,51,0,0,0,183,0,0,0,51,0,0,0,183,0
L75_Ts180_Tr41p44_dT5_F1p2_LP20,historical_extension,159,0,0,0,0,159,159,159,0,0,0,0,0,159,0,159,0,0,0,0,0,159,0,159,0,0,0,0,0,159,0,159,0
L75_Ts180_Tr41p44_dT5_F1p2_LP30,historical_extension,159,0,0,0,0,123,123,159,36,0,0,0,0,123,0,159,0,0,0,0,0,123,0,159,0,0,0,0,0,123,0,159,0
L75_Ts180_Tr41p44_dT5_F1p2_LP40,historical_extension,202,0,0,43,43,0,0,202,159,0,0,43,0,0,0,202,0,0,0,43,0,0,0,202,0,0,0,43,0,0,0,202,0
L75_Ts180_Tr41p44_dT5_F1p2_LP45,historical_extension,286,0,0,127,127,0,0,286,159,0,0,127,0,0,0,286,0,0,0,127,0,0,0,286,0,0,0,127,0,0,0,286,0
L75_Ts180_Tr41p44_dT10_F0p8_LP20,historical_extension,134,0,0,0,0,134,134,134,0,0,0,0,0,134,0,134,0,0,0,0,0,134,0,134,0,0,0,0,0,134,0,134,0
L75_Ts180_Tr41p44_dT10_F0p8_LP30,historical_extension,134,0,0,0,0,134,134,134,0,0,0,0,0,134,0,134,0,0,0,0,0,134,0,134,0,0,0,0,0,134,0,134,0
L75_Ts180_Tr41p44_dT10_F0p8_LP40,historical_extension,134,0,0,0,0,134,134,134,0,0,0,0,0,134,0,134,0,0,0,0,0,134,0,134,0,0,0,0,0,134,0,134,0
L75_Ts180_Tr41p44_dT10_F0p8_LP45,historical_extension,134,0,0,0,0,106,106,134,28,0,0,0,0,106,0,134,0,0,0,0,0,106,0,134,0,0,0,0,0,106,0,134,0
L75_Ts180_Tr41p44_dT10_F1p0_LP20,historical_extension,159,0,0,0,0,159,159,159,0,0,0,0,0,159,0,159,0,0,0,0,0,159,0,159,0,0,0,0,0,159,0,159,0
L75_Ts180_Tr41p44_dT10_F1p0_LP30,historical_extension,159,0,0,0,0,159,159,159,0,0,0,0,0,159,0,159,0,0,0,0,0,159,0,159,0,0,0,0,0,159,0,159,0
L75_Ts180_Tr41p44_dT10_F1p0_LP40,historical_extension,159,0,0,0,0,76,76,159,83,0,0,0,0,76,0,159,0,0,0,0,0,76,0,159,0,0,0,0,0,76,0,159,0
L75_Ts180_Tr41p44_dT10_F1p0_LP45,historical_extension,185,0,2,26,26,2,2,185,159,0,0,26,0,2,0,185,0,0,0,26,0,2,0,185,0,0,0,26,0,2,0,185,0
L75_Ts180_Tr41p44_dT10_F1p2_LP20,historical_extension,186,0,0,0,0,186,186,186,0,0,0,0,0,186,0,186,0,0,0,0,0,186,0,186,0,0,0,0,0,186,0,186,0
L75_Ts180_Tr41p44_dT10_F1p2_LP30,historical_extension,186,0,0,0,0,150,150,186,36,0,0,0,0,150,0,186,0,0,0,0,0,150,0,186,0,0,0,0,0,150,0,186,0
L75_Ts180_Tr41p44_dT10_F1p2_LP40,historical_extension,208,0,6,22,22,6,6,208,186,0,0,22,0,6,0,208,0,0,0,22,0,6,0,208,0,0,0,22,0,6,0,208,0
L75_Ts180_Tr41p44_dT10_F1p2_LP45,historical_extension,286,0,0,100,100,0,0,286,186,0,0,100,0,0,0,286,0,0,0,100,0,0,0,286,0,0,0,100,0,0,0,286,0
L75_Ts180_Tr41p44_dT15_F0p8_LP20,historical_extension,162,0,0,0,0,162,162,162,0,0,0,0,0,162,0,162,0,0,0,0,0,162,0,162,0,0,0,0,0,162,0,162,0
L75_Ts180_Tr41p44_dT15_F0p8_LP30,historical_extension,162,0,0,0,0,162,162,162,0,0,0,0,0,162,0,162,0,0,0,0,0,162,0,162,0,0,0,0,0,162,0,162,0
L75_Ts180_Tr41p44_dT15_F0p8_LP40,historical_extension,162,0,0,0,0,162,162,162,0,0,0,0,0,162,0,162,0,0,0,0,0,162,0,162,0,0,0,0,0,162,0,162,0
L75_Ts180_Tr41p44_dT15_F0p8_LP45,historical_extension,162,0,0,0,0,134,134,162,28,0,0,0,0,134,0,162,0,0,0,0,0,134,0,162,0,0,0,0,0,134,0,162,0
L75_Ts180_Tr41p44_dT15_F1p0_LP20,historical_extension,187,0,0,0,0,187,187,187,0,0,0,0,0,187,0,187,0,0,0,0,0,187,0,187,0,0,0,0,0,187,0,187,0
L75_Ts180_Tr41p44_dT15_F1p0_LP30,historical_extension,187,0,0,0,0,187,187,187,0,0,0,0,0,187,0,187,0,0,0,0,0,187,0,187,0,0,0,0,0,187,0,187,0
L75_Ts180_Tr41p44_dT15_F1p0_LP40,historical_extension,187,0,0,0,0,104,104,187,83,0,0,0,0,104,0,187,0,0,0,0,0,104,0,187,0,0,0,0,0,104,0,187,0
L75_Ts180_Tr41p44_dT15_F1p0_LP45,historical_extension,196,0,9,9,9,13,13,196,183,0,0,9,0,13,0,196,0,0,0,9,0,13,0,196,0,0,0,9,0,13,0,196,0
L75_Ts180_Tr41p44_dT15_F1p2_LP20,historical_extension,212,0,0,0,0,212,212,212,0,0,0,0,0,212,0,212,0,0,0,0,0,212,0,212,0,0,0,0,0,212,0,212,0
L75_Ts180_Tr41p44_dT15_F1p2_LP30,historical_extension,212,0,0,0,0,176,176,212,36,0,0,0,0,176,0,212,0,0,0,0,0,176,0,212,0,0,0,0,0,176,0,212,0
L75_Ts180_Tr41p44_dT15_F1p2_LP40,historical_extension,218,0,6,6,6,16,16,218,202,0,0,6,0,16,0,218,0,0,0,6,0,16,0,218,0,0,0,6,0,16,0,218,0
L75_Ts180_Tr41p44_dT15_F1p2_LP45,historical_extension,286,0,0,74,74,0,0,286,212,0,0,74,0,0,0,286,0,0,0,74,0,0,0,286,0,0,0,74,0,0,0,286,0
L75_Ts180_Tr50p0_dT5_F0p8_LP20,historical_extension,112,0,0,0,0,112,112,112,0,0,0,0,0,112,0,112,0,0,0,0,0,112,0,112,0,0,0,0,0,112,0,112,0
L75_Ts180_Tr50p0_dT5_F0p8_LP30,historical_extension,112,0,0,0,0,112,112,112,0,0,0,0,0,112,0,112,0,0,0,0,0,112,0,112,0,0,0,0,0,112,0,112,0
L75_Ts180_Tr50p0_dT5_F0p8_LP40,historical_extension,112,0,0,0,0,112,112,112,0,0,0,0,0,112,0,112,0,0,0,0,0,112,0,112,0,0,0,0,0,112,0,112,0
L75_Ts180_Tr50p0_dT5_F0p8_LP45,historical_extension,112,0,0,0,0,112,112,112,0,0,0,0,0,112,0,112,0,0,0,0,0,112,0,112,0,0,0,0,0,112,0,112,0
L75_Ts180_Tr50p0_dT5_F1p0_LP20,historical_extension,138,0,0,0,0,138,138,138,0,0,0,0,0,138,0,138,0,0,0,0,0,138,0,138,0,0,0,0,0,138,0,138,0
L75_Ts180_Tr50p0_dT5_F1p0_LP30,historical_extension,138,0,0,0,0,138,138,138,0,0,0,0,0,138,0,138,0,0,0,0,0,138,0,138,0,0,0,0,0,138,0,138,0
L75_Ts180_Tr50p0_dT5_F1p0_LP40,historical_extension,138,0,0,0,0,103,103,138,35,0,0,0,0,103,0,138,0,0,0,0,0,103,0,138,0,0,0,0,0,103,0,138,0
L75_Ts180_Tr50p0_dT5_F1p0_LP45,historical_extension,153,0,11,15,15,11,11,153,138,0,0,15,0,11,0,153,0,0,0,15,0,11,0,153,0,0,0,15,0,11,0,153,0
L75_Ts180_Tr50p0_dT5_F1p2_LP20,historical_extension,165,0,0,0,0,165,165,165,0,0,0,0,0,165,0,165,0,0,0,0,0,165,0,165,0,0,0,0,0,165,0,165,0
L75_Ts180_Tr50p0_dT5_F1p2_LP30,historical_extension,165,0,0,0,0,165,165,165,0,0,0,0,0,165,0,165,0,0,0,0,0,165,0,165,0,0,0,0,0,165,0,165,0
L75_Ts180_Tr50p0_dT5_F1p2_LP40,historical_extension,176,0,11,11,11,13,13,176,163,0,0,11,0,13,0,176,0,0,0,11,0,13,0,176,0,0,0,11,0,13,0,176,0
L75_Ts180_Tr50p0_dT5_F1p2_LP45,historical_extension,252,0,0,87,87,0,0,252,165,0,0,87,0,0,0,252,0,0,0,87,0,0,0,252,0,0,0,87,0,0,0,252,0
L75_Ts180_Tr50p0_dT10_F0p8_LP20,historical_extension,141,0,0,0,0,141,141,141,0,0,0,0,0,141,0,141,0,0,0,0,0,141,0,141,0,0,0,0,0,141,0,141,0
L75_Ts180_Tr50p0_dT10_F0p8_LP30,historical_extension,141,0,0,0,0,141,141,141,0,0,0,0,0,141,0,141,0,0,0,0,0,141,0,141,0,0,0,0,0,141,0,141,0
L75_Ts180_Tr50p0_dT10_F0p8_LP40,historical_extension,141,0,0,0,0,141,141,141,0,0,0,0,0,141,0,141,0,0,0,0,0,141,0,141,0,0,0,0,0,141,0,141,0
L75_Ts180_Tr50p0_dT10_F0p8_LP45,historical_extension,141,0,0,0,0,141,141,141,0,0,0,0,0,141,0,141,0,0,0,0,0,141,0,141,0,0,0,0,0,141,0,141,0
L75_Ts180_Tr50p0_dT10_F1p0_LP20,historical_extension,167,0,0,0,0,167,167,167,0,0,0,0,0,167,0,167,0,0,0,0,0,167,0,167,0,0,0,0,0,167,0,167,0
L75_Ts180_Tr50p0_dT10_F1p0_LP30,historical_extension,167,0,0,0,0,167,167,167,0,0,0,0,0,167,0,167,0,0,0,0,0,167,0,167,0,0,0,0,0,167,0,167,0
L75_Ts180_Tr50p0_dT10_F1p0_LP40,historical_extension,167,0,0,0,0,132,132,167,35,0,0,0,0,132,0,167,0,0,0,0,0,132,0,167,0,0,0,0,0,132,0,167,0
L75_Ts180_Tr50p0_dT10_F1p0_LP45,historical_extension,167,0,0,0,0,25,25,167,142,0,0,0,0,25,0,167,0,0,0,0,0,25,0,167,0,0,0,0,0,25,0,167,0
L75_Ts180_Tr50p0_dT10_F1p2_LP20,historical_extension,194,0,0,0,0,194,194,194,0,0,0,0,0,194,0,194,0,0,0,0,0,194,0,194,0,0,0,0,0,194,0,194,0
L75_Ts180_Tr50p0_dT10_F1p2_LP30,historical_extension,194,0,0,0,0,194,194,194,0,0,0,0,0,194,0,194,0,0,0,0,0,194,0,194,0,0,0,0,0,194,0,194,0
L75_Ts180_Tr50p0_dT10_F1p2_LP40,historical_extension,194,0,0,0,0,31,31,194,163,0,0,0,0,31,0,194,0,0,0,0,0,31,0,194,0,0,0,0,0,31,0,194,0
L75_Ts180_Tr50p0_dT10_F1p2_LP45,historical_extension,252,0,0,58,58,0,0,252,194,0,0,58,0,0,0,252,0,0,0,58,0,0,0,252,0,0,0,58,0,0,0,252,0
L75_Ts180_Tr50p0_dT15_F0p8_LP20,historical_extension,171,0,0,0,0,171,171,171,0,0,0,0,0,171,0,171,0,0,0,0,0,171,0,171,0,0,0,0,0,171,0,171,0
L75_Ts180_Tr50p0_dT15_F0p8_LP30,historical_extension,171,0,0,0,0,171,171,171,0,0,0,0,0,171,0,171,0,0,0,0,0,171,0,171,0,0,0,0,0,171,0,171,0
L75_Ts180_Tr50p0_dT15_F0p8_LP40,historical_extension,171,0,0,0,0,171,171,171,0,0,0,0,0,171,0,171,0,0,0,0,0,171,0,171,0,0,0,0,0,171,0,171,0
L75_Ts180_Tr50p0_dT15_F0p8_LP45,historical_extension,171,0,0,0,0,171,171,171,0,0,0,0,0,171,0,171,0,0,0,0,0,171,0,171,0,0,0,0,0,171,0,171,0
L75_Ts180_Tr50p0_dT15_F1p0_LP20,historical_extension,196,0,0,0,0,196,196,196,0,0,0,0,0,196,0,196,0,0,0,0,0,196,0,196,0,0,0,0,0,196,0,196,0
L75_Ts180_Tr50p0_dT15_F1p0_LP30,historical_extension,196,0,0,0,0,196,196,196,0,0,0,0,0,196,0,196,0,0,0,0,0,196,0,196,0,0,0,0,0,196,0,196,0
L75_Ts180_Tr50p0_dT15_F1p0_LP40,historical_extension,196,0,0,0,0,161,161,196,35,0,0,0,0,161,0,196,0,0,0,0,0,161,0,196,0,0,0,0,0,161,0,196,0
L75_Ts180_Tr50p0_dT15_F1p0_LP45,historical_extension,196,0,0,0,0,54,54,196,142,0,0,0,0,54,0,196,0,0,0,0,0,54,0,196,0,0,0,0,0,54,0,196,0
L75_Ts180_Tr50p0_dT15_F1p2_LP20,historical_extension,222,0,0,0,0,222,222,222,0,0,0,0,0,222,0,222,0,0,0,0,0,222,0,222,0,0,0,0,0,222,0,222,0
L75_Ts180_Tr50p0_dT15_F1p2_LP30,historical_extension,222,0,0,0,0,222,222,222,0,0,0,0,0,222,0,222,0,0,0,0,0,222,0,222,0,0,0,0,0,222,0,222,0
L75_Ts180_Tr50p0_dT15_F1p2_LP40,historical_extension,222,0,0,0,0,59,59,222,163,0,0,0,0,59,0,222,0,0,0,0,0,59,0,222,0,0,0,0,0,59,0,222,0
L75_Ts180_Tr50p0_dT15_F1p2_LP45,historical_extension,252,0,0,30,30,0,0,252,222,0,0,30,0,0,0,252,0,0,0,30,0,0,0,252,0,0,0,30,0,0,0,252,0
L75_Ts180_Tr60p0_dT5_F0p8_LP20,historical_extension,119,0,0,0,0,119,119,119,0,0,0,0,0,119,0,119,0,0,0,0,0,119,0,119,0,0,0,0,0,119,0,119,0
L75_Ts180_Tr60p0_dT5_F0p8_LP30,historical_extension,119,0,0,0,0,119,119,119,0,0,0,0,0,119,0,119,0,0,0,0,0,119,0,119,0,0,0,0,0,119,0,119,0
L75_Ts180_Tr60p0_dT5_F0p8_LP40,historical_extension,119,0,0,0,0,119,119,119,0,0,0,0,0,119,0,119,0,0,0,0,0,119,0,119,0,0,0,0,0,119,0,119,0
L75_Ts180_Tr60p0_dT5_F0p8_LP45,historical_extension,119,0,0,0,0,119,119,119,0,0,0,0,0,119,0,119,0,0,0,0,0,119,0,119,0,0,0,0,0,119,0,119,0
L75_Ts180_Tr60p0_dT5_F1p0_LP20,historical_extension,146,0,0,0,0,146,146,146,0,0,0,0,0,146,0,146,0,0,0,0,0,146,0,146,0,0,0,0,0,146,0,146,0
L75_Ts180_Tr60p0_dT5_F1p0_LP30,historical_extension,146,0,0,0,0,146,146,146,0,0,0,0,0,146,0,146,0,0,0,0,0,146,0,146,0,0,0,0,0,146,0,146,0
L75_Ts180_Tr60p0_dT5_F1p0_LP40,historical_extension,146,0,0,0,0,146,146,146,0,0,0,0,0,146,0,146,0,0,0,0,0,146,0,146,0,0,0,0,0,146,0,146,0
L75_Ts180_Tr60p0_dT5_F1p0_LP45,historical_extension,146,0,0,0,0,59,59,146,87,0,0,0,0,59,0,146,0,0,0,0,0,59,0,146,0,0,0,0,0,59,0,146,0
L75_Ts180_Tr60p0_dT5_F1p2_LP20,historical_extension,174,0,0,0,0,174,174,174,0,0,0,0,0,174,0,174,0,0,0,0,0,174,0,174,0,0,0,0,0,174,0,174,0
L75_Ts180_Tr60p0_dT5_F1p2_LP30,historical_extension,174,0,0,0,0,174,174,174,0,0,0,0,0,174,0,174,0,0,0,0,0,174,0,174,0,0,0,0,0,174,0,174,0
L75_Ts180_Tr60p0_dT5_F1p2_LP40,historical_extension,174,0,0,0,0,64,64,174,110,0,0,0,0,64,0,174,0,0,0,0,0,64,0,174,0,0,0,0,0,64,0,174,0
L75_Ts180_Tr60p0_dT5_F1p2_LP45,historical_extension,206,0,0,32,32,0,0,206,174,0,0,32,0,0,0,206,0,0,0,32,0,0,0,206,0,0,0,32,0,0,0,206,0
L75_Ts180_Tr60p0_dT10_F0p8_LP20,historical_extension,151,0,0,0,0,151,151,151,0,0,0,0,0,151,0,151,0,0,0,0,0,151,0,151,0,0,0,0,0,151,0,151,0
L75_Ts180_Tr60p0_dT10_F0p8_LP30,historical_extension,151,0,0,0,0,151,151,151,0,0,0,0,0,151,0,151,0,0,0,0,0,151,0,151,0,0,0,0,0,151,0,151,0
L75_Ts180_Tr60p0_dT10_F0p8_LP40,historical_extension,151,0,0,0,0,151,151,151,0,0,0,0,0,151,0,151,0,0,0,0,0,151,0,151,0,0,0,0,0,151,0,151,0
L75_Ts180_Tr60p0_dT10_F0p8_LP45,historical_extension,151,0,0,0,0,151,151,151,0,0,0,0,0,151,0,151,0,0,0,0,0,151,0,151,0,0,0,0,0,151,0,151,0
L75_Ts180_Tr60p0_dT10_F1p0_LP20,historical_extension,178,0,0,0,0,178,178,178,0,0,0,0,0,178,0,178,0,0,0,0,0,178,0,178,0,0,0,0,0,178,0,178,0
L75_Ts180_Tr60p0_dT10_F1p0_LP30,historical_extension,178,0,0,0,0,178,178,178,0,0,0,0,0,178,0,178,0,0,0,0,0,178,0,178,0,0,0,0,0,178,0,178,0
L75_Ts180_Tr60p0_dT10_F1p0_LP40,historical_extension,178,0,0,0,0,178,178,178,0,0,0,0,0,178,0,178,0,0,0,0,0,178,0,178,0,0,0,0,0,178,0,178,0
L75_Ts180_Tr60p0_dT10_F1p0_LP45,historical_extension,178,0,0,0,0,91,91,178,87,0,0,0,0,91,0,178,0,0,0,0,0,91,0,178,0,0,0,0,0,91,0,178,0
L75_Ts180_Tr60p0_dT10_F1p2_LP20,historical_extension,205,0,0,0,0,205,205,205,0,0,0,0,0,205,0,205,0,0,0,0,0,205,0,205,0,0,0,0,0,205,0,205,0
L75_Ts180_Tr60p0_dT10_F1p2_LP30,historical_extension,205,0,0,0,0,205,205,205,0,0,0,0,0,205,0,205,0,0,0,0,0,205,0,205,0,0,0,0,0,205,0,205,0
L75_Ts180_Tr60p0_dT10_F1p2_LP40,historical_extension,205,0,0,0,0,95,95,205,110,0,0,0,0,95,0,205,0,0,0,0,0,95,0,205,0,0,0,0,0,95,0,205,0
L75_Ts180_Tr60p0_dT10_F1p2_LP45,historical_extension,210,0,4,5,5,4,4,210,205,0,0,5,0,4,0,210,0,0,0,5,0,4,0,210,0,0,0,5,0,4,0,210,0
L75_Ts180_Tr60p0_dT15_F0p8_LP20,historical_extension,183,0,0,0,0,183,183,183,0,0,0,0,0,183,0,183,0,0,0,0,0,183,0,183,0,0,0,0,0,183,0,183,0
L75_Ts180_Tr60p0_dT15_F0p8_LP30,historical_extension,183,0,0,0,0,183,183,183,0,0,0,0,0,183,0,183,0,0,0,0,0,183,0,183,0,0,0,0,0,183,0,183,0
L75_Ts180_Tr60p0_dT15_F0p8_LP40,historical_extension,183,0,0,0,0,183,183,183,0,0,0,0,0,183,0,183,0,0,0,0,0,183,0,183,0,0,0,0,0,183,0,183,0
L75_Ts180_Tr60p0_dT15_F0p8_LP45,historical_extension,183,0,0,0,0,183,183,183,0,0,0,0,0,183,0,183,0,0,0,0,0,183,0,183,0,0,0,0,0,183,0,183,0
L75_Ts180_Tr60p0_dT15_F1p0_LP20,historical_extension,210,0,0,0,0,210,210,210,0,0,0,0,0,210,0,210,0,0,0,0,0,210,0,210,0,0,0,0,0,210,0,210,0
L75_Ts180_Tr60p0_dT15_F1p0_LP30,historical_extension,210,0,0,0,0,210,210,210,0,0,0,0,0,210,0,210,0,0,0,0,0,210,0,210,0,0,0,0,0,210,0,210,0
L75_Ts180_Tr60p0_dT15_F1p0_LP40,historical_extension,210,0,0,0,0,210,210,210,0,0,0,0,0,210,0,210,0,0,0,0,0,210,0,210,0,0,0,0,0,210,0,210,0
L75_Ts180_Tr60p0_dT15_F1p0_LP45,historical_extension,210,0,0,0,0,123,123,210,87,0,0,0,0,123,0,210,0,0,0,0,0,123,0,210,0,0,0,0,0,123,0,210,0
L75_Ts180_Tr60p0_dT15_F1p2_LP20,historical_extension,236,0,0,0,0,236,236,236,0,0,0,0,0,236,0,236,0,0,0,0,0,236,0,236,0,0,0,0,0,236,0,236,0
L75_Ts180_Tr60p0_dT15_F1p2_LP30,historical_extension,236,0,0,0,0,236,236,236,0,0,0,0,0,236,0,236,0,0,0,0,0,236,0,236,0,0,0,0,0,236,0,236,0
L75_Ts180_Tr60p0_dT15_F1p2_LP40,historical_extension,236,0,0,0,0,126,126,236,110,0,0,0,0,126,0,236,0,0,0,0,0,126,0,236,0,0,0,0,0,126,0,236,0
L75_Ts180_Tr60p0_dT15_F1p2_LP45,historical_extension,236,0,0,0,0,30,30,236,206,0,0,0,0,30,0,236,0,0,0,0,0,30,0,236,0,0,0,0,0,30,0,236,0
L100_Ts120_Tr35p0_dT5_F0p8_LP20,historical_extension,0,0,0,0,0,0,0,0,0,0,0,0,0,0,0,0,0,0,0,0,0,0,0,0,0,0,0,0,0,0,0,0,0
L100_Ts120_Tr35p0_dT5_F0p8_LP30,historical_extension,0,0,0,0,0,0,0,0,0,0,0,0,0,0,0,0,0,0,0,0,0,0,0,0,0,0,0,0,0,0,0,0,0
L100_Ts120_Tr35p0_dT5_F0p8_LP40,historical_extension,0,0,0,0,0,0,0,0,0,0,0,0,0,0,0,0,0,0,0,0,0,0,0,0,0,0,0,0,0,0,0,0,0
L100_Ts120_Tr35p0_dT5_F0p8_LP45,historical_extension,0,0,0,0,0,0,0,0,0,0,0,0,0,0,0,0,0,0,0,0,0,0,0,0,0,0,0,0,0,0,0,0,0
L100_Ts120_Tr35p0_dT5_F1p0_LP20,historical_extension,0,0,0,0,0,0,0,0,0,0,0,0,0,0,0,0,0,0,0,0,0,0,0,0,0,0,0,0,0,0,0,0,0
L100_Ts120_Tr35p0_dT5_F1p0_LP30,historical_extension,0,0,0,0,0,0,0,0,0,0,0,0,0,0,0,0,0,0,0,0,0,0,0,0,0,0,0,0,0,0,0,0,0
L100_Ts120_Tr35p0_dT5_F1p0_LP40,historical_extension,0,0,0,0,0,0,0,0,0,0,0,0,0,0,0,0,0,0,0,0,0,0,0,0,0,0,0,0,0,0,0,0,0
L100_Ts120_Tr35p0_dT5_F1p0_LP45,historical_extension,0,0,0,0,0,0,0,0,0,0,0,0,0,0,0,0,0,0,0,0,0,0,0,0,0,0,0,0,0,0,0,0,0
L100_Ts120_Tr35p0_dT5_F1p2_LP20,historical_extension,0,0,0,0,0,0,0,0,0,0,0,0,0,0,0,0,0,0,0,0,0,0,0,0,0,0,0,0,0,0,0,0,0
L100_Ts120_Tr35p0_dT5_F1p2_LP30,historical_extension,0,0,0,0,0,0,0,0,0,0,0,0,0,0,0,0,0,0,0,0,0,0,0,0,0,0,0,0,0,0,0,0,0
L100_Ts120_Tr35p0_dT5_F1p2_LP40,historical_extension,0,0,0,0,0,0,0,0,0,0,0,0,0,0,0,0,0,0,0,0,0,0,0,0,0,0,0,0,0,0,0,0,0
L100_Ts120_Tr35p0_dT5_F1p2_LP45,historical_extension,0,0,0,0,0,0,0,0,0,0,0,0,0,0,0,0,0,0,0,0,0,0,0,0,0,0,0,0,0,0,0,0,0
L100_Ts120_Tr35p0_dT10_F0p8_LP20,historical_extension,0,0,0,0,0,0,0,0,0,0,0,0,0,0,0,0,0,0,0,0,0,0,0,0,0,0,0,0,0,0,0,0,0
L100_Ts120_Tr35p0_dT10_F0p8_LP30,historical_extension,0,0,0,0,0,0,0,0,0,0,0,0,0,0,0,0,0,0,0,0,0,0,0,0,0,0,0,0,0,0,0,0,0
L100_Ts120_Tr35p0_dT10_F0p8_LP40,historical_extension,0,0,0,0,0,0,0,0,0,0,0,0,0,0,0,0,0,0,0,0,0,0,0,0,0,0,0,0,0,0,0,0,0
L100_Ts120_Tr35p0_dT10_F0p8_LP45,historical_extension,0,0,0,0,0,0,0,0,0,0,0,0,0,0,0,0,0,0,0,0,0,0,0,0,0,0,0,0,0,0,0,0,0
L100_Ts120_Tr35p0_dT10_F1p0_LP20,historical_extension,0,0,0,0,0,0,0,0,0,0,0,0,0,0,0,0,0,0,0,0,0,0,0,0,0,0,0,0,0,0,0,0,0
L100_Ts120_Tr35p0_dT10_F1p0_LP30,historical_extension,0,0,0,0,0,0,0,0,0,0,0,0,0,0,0,0,0,0,0,0,0,0,0,0,0,0,0,0,0,0,0,0,0
L100_Ts120_Tr35p0_dT10_F1p0_LP40,historical_extension,0,0,0,0,0,0,0,0,0,0,0,0,0,0,0,0,0,0,0,0,0,0,0,0,0,0,0,0,0,0,0,0,0
L100_Ts120_Tr35p0_dT10_F1p0_LP45,historical_extension,0,0,0,0,0,0,0,0,0,0,0,0,0,0,0,0,0,0,0,0,0,0,0,0,0,0,0,0,0,0,0,0,0
L100_Ts120_Tr35p0_dT10_F1p2_LP20,historical_extension,0,0,0,0,0,0,0,0,0,0,0,0,0,0,0,0,0,0,0,0,0,0,0,0,0,0,0,0,0,0,0,0,0
L100_Ts120_Tr35p0_dT10_F1p2_LP30,historical_extension,0,0,0,0,0,0,0,0,0,0,0,0,0,0,0,0,0,0,0,0,0,0,0,0,0,0,0,0,0,0,0,0,0
L100_Ts120_Tr35p0_dT10_F1p2_LP40,historical_extension,0,0,0,0,0,0,0,0,0,0,0,0,0,0,0,0,0,0,0,0,0,0,0,0,0,0,0,0,0,0,0,0,0
L100_Ts120_Tr35p0_dT10_F1p2_LP45,historical_extension,0,0,0,0,0,0,0,0,0,0,0,0,0,0,0,0,0,0,0,0,0,0,0,0,0,0,0,0,0,0,0,0,0
L100_Ts120_Tr35p0_dT15_F0p8_LP20,historical_extension,0,0,0,0,0,0,0,0,0,0,0,0,0,0,0,0,0,0,0,0,0,0,0,0,0,0,0,0,0,0,0,0,0
L100_Ts120_Tr35p0_dT15_F0p8_LP30,historical_extension,0,0,0,0,0,0,0,0,0,0,0,0,0,0,0,0,0,0,0,0,0,0,0,0,0,0,0,0,0,0,0,0,0
L100_Ts120_Tr35p0_dT15_F0p8_LP40,historical_extension,0,0,0,0,0,0,0,0,0,0,0,0,0,0,0,0,0,0,0,0,0,0,0,0,0,0,0,0,0,0,0,0,0
L100_Ts120_Tr35p0_dT15_F0p8_LP45,historical_extension,0,0,0,0,0,0,0,0,0,0,0,0,0,0,0,0,0,0,0,0,0,0,0,0,0,0,0,0,0,0,0,0,0
L100_Ts120_Tr35p0_dT15_F1p0_LP20,historical_extension,0,0,0,0,0,0,0,0,0,0,0,0,0,0,0,0,0,0,0,0,0,0,0,0,0,0,0,0,0,0,0,0,0
L100_Ts120_Tr35p0_dT15_F1p0_LP30,historical_extension,0,0,0,0,0,0,0,0,0,0,0,0,0,0,0,0,0,0,0,0,0,0,0,0,0,0,0,0,0,0,0,0,0
L100_Ts120_Tr35p0_dT15_F1p0_LP40,historical_extension,0,0,0,0,0,0,0,0,0,0,0,0,0,0,0,0,0,0,0,0,0,0,0,0,0,0,0,0,0,0,0,0,0
L100_Ts120_Tr35p0_dT15_F1p0_LP45,historical_extension,0,0,0,0,0,0,0,0,0,0,0,0,0,0,0,0,0,0,0,0,0,0,0,0,0,0,0,0,0,0,0,0,0
L100_Ts120_Tr35p0_dT15_F1p2_LP20,historical_extension,0,0,0,0,0,0,0,0,0,0,0,0,0,0,0,0,0,0,0,0,0,0,0,0,0,0,0,0,0,0,0,0,0
L100_Ts120_Tr35p0_dT15_F1p2_LP30,historical_extension,0,0,0,0,0,0,0,0,0,0,0,0,0,0,0,0,0,0,0,0,0,0,0,0,0,0,0,0,0,0,0,0,0
L100_Ts120_Tr35p0_dT15_F1p2_LP40,historical_extension,0,0,0,0,0,0,0,0,0,0,0,0,0,0,0,0,0,0,0,0,0,0,0,0,0,0,0,0,0,0,0,0,0
L100_Ts120_Tr35p0_dT15_F1p2_LP45,historical_extension,0,0,0,0,0,0,0,0,0,0,0,0,0,0,0,0,0,0,0,0,0,0,0,0,0,0,0,0,0,0,0,0,0
L100_Ts120_Tr41p44_dT5_F0p8_LP20,historical_extension,0,0,0,0,0,0,0,0,0,0,0,0,0,0,0,0,0,0,0,0,0,0,0,0,0,0,0,0,0,0,0,0,0
L100_Ts120_Tr41p44_dT5_F0p8_LP30,historical_extension,0,0,0,0,0,0,0,0,0,0,0,0,0,0,0,0,0,0,0,0,0,0,0,0,0,0,0,0,0,0,0,0,0
L100_Ts120_Tr41p44_dT5_F0p8_LP40,historical_extension,0,0,0,0,0,0,0,0,0,0,0,0,0,0,0,0,0,0,0,0,0,0,0,0,0,0,0,0,0,0,0,0,0
L100_Ts120_Tr41p44_dT5_F0p8_LP45,historical_extension,0,0,0,0,0,0,0,0,0,0,0,0,0,0,0,0,0,0,0,0,0,0,0,0,0,0,0,0,0,0,0,0,0
L100_Ts120_Tr41p44_dT5_F1p0_LP20,historical_extension,0,0,0,0,0,0,0,0,0,0,0,0,0,0,0,0,0,0,0,0,0,0,0,0,0,0,0,0,0,0,0,0,0
L100_Ts120_Tr41p44_dT5_F1p0_LP30,historical_extension,0,0,0,0,0,0,0,0,0,0,0,0,0,0,0,0,0,0,0,0,0,0,0,0,0,0,0,0,0,0,0,0,0
L100_Ts120_Tr41p44_dT5_F1p0_LP40,historical_extension,0,0,0,0,0,0,0,0,0,0,0,0,0,0,0,0,0,0,0,0,0,0,0,0,0,0,0,0,0,0,0,0,0
L100_Ts120_Tr41p44_dT5_F1p0_LP45,historical_extension,0,0,0,0,0,0,0,0,0,0,0,0,0,0,0,0,0,0,0,0,0,0,0,0,0,0,0,0,0,0,0,0,0
L100_Ts120_Tr41p44_dT5_F1p2_LP20,historical_extension,0,0,0,0,0,0,0,0,0,0,0,0,0,0,0,0,0,0,0,0,0,0,0,0,0,0,0,0,0,0,0,0,0
L100_Ts120_Tr41p44_dT5_F1p2_LP30,historical_extension,0,0,0,0,0,0,0,0,0,0,0,0,0,0,0,0,0,0,0,0,0,0,0,0,0,0,0,0,0,0,0,0,0
L100_Ts120_Tr41p44_dT5_F1p2_LP40,historical_extension,0,0,0,0,0,0,0,0,0,0,0,0,0,0,0,0,0,0,0,0,0,0,0,0,0,0,0,0,0,0,0,0,0
L100_Ts120_Tr41p44_dT5_F1p2_LP45,historical_extension,0,0,0,0,0,0,0,0,0,0,0,0,0,0,0,0,0,0,0,0,0,0,0,0,0,0,0,0,0,0,0,0,0
L100_Ts120_Tr41p44_dT10_F0p8_LP20,historical_extension,0,0,0,0,0,0,0,0,0,0,0,0,0,0,0,0,0,0,0,0,0,0,0,0,0,0,0,0,0,0,0,0,0
L100_Ts120_Tr41p44_dT10_F0p8_LP30,historical_extension,0,0,0,0,0,0,0,0,0,0,0,0,0,0,0,0,0,0,0,0,0,0,0,0,0,0,0,0,0,0,0,0,0
L100_Ts120_Tr41p44_dT10_F0p8_LP40,historical_extension,0,0,0,0,0,0,0,0,0,0,0,0,0,0,0,0,0,0,0,0,0,0,0,0,0,0,0,0,0,0,0,0,0
L100_Ts120_Tr41p44_dT10_F0p8_LP45,historical_extension,0,0,0,0,0,0,0,0,0,0,0,0,0,0,0,0,0,0,0,0,0,0,0,0,0,0,0,0,0,0,0,0,0
L100_Ts120_Tr41p44_dT10_F1p0_LP20,historical_extension,0,0,0,0,0,0,0,0,0,0,0,0,0,0,0,0,0,0,0,0,0,0,0,0,0,0,0,0,0,0,0,0,0
L100_Ts120_Tr41p44_dT10_F1p0_LP30,historical_extension,0,0,0,0,0,0,0,0,0,0,0,0,0,0,0,0,0,0,0,0,0,0,0,0,0,0,0,0,0,0,0,0,0
L100_Ts120_Tr41p44_dT10_F1p0_LP40,historical_extension,0,0,0,0,0,0,0,0,0,0,0,0,0,0,0,0,0,0,0,0,0,0,0,0,0,0,0,0,0,0,0,0,0
L100_Ts120_Tr41p44_dT10_F1p0_LP45,historical_extension,0,0,0,0,0,0,0,0,0,0,0,0,0,0,0,0,0,0,0,0,0,0,0,0,0,0,0,0,0,0,0,0,0
L100_Ts120_Tr41p44_dT10_F1p2_LP20,historical_extension,0,0,0,0,0,0,0,0,0,0,0,0,0,0,0,0,0,0,0,0,0,0,0,0,0,0,0,0,0,0,0,0,0
L100_Ts120_Tr41p44_dT10_F1p2_LP30,historical_extension,0,0,0,0,0,0,0,0,0,0,0,0,0,0,0,0,0,0,0,0,0,0,0,0,0,0,0,0,0,0,0,0,0
L100_Ts120_Tr41p44_dT10_F1p2_LP40,historical_extension,0,0,0,0,0,0,0,0,0,0,0,0,0,0,0,0,0,0,0,0,0,0,0,0,0,0,0,0,0,0,0,0,0
L100_Ts120_Tr41p44_dT10_F1p2_LP45,historical_extension,0,0,0,0,0,0,0,0,0,0,0,0,0,0,0,0,0,0,0,0,0,0,0,0,0,0,0,0,0,0,0,0,0
L100_Ts120_Tr41p44_dT15_F0p8_LP20,historical_extension,0,0,0,0,0,0,0,0,0,0,0,0,0,0,0,0,0,0,0,0,0,0,0,0,0,0,0,0,0,0,0,0,0
L100_Ts120_Tr41p44_dT15_F0p8_LP30,historical_extension,0,0,0,0,0,0,0,0,0,0,0,0,0,0,0,0,0,0,0,0,0,0,0,0,0,0,0,0,0,0,0,0,0
L100_Ts120_Tr41p44_dT15_F0p8_LP40,historical_extension,0,0,0,0,0,0,0,0,0,0,0,0,0,0,0,0,0,0,0,0,0,0,0,0,0,0,0,0,0,0,0,0,0
L100_Ts120_Tr41p44_dT15_F0p8_LP45,historical_extension,0,0,0,0,0,0,0,0,0,0,0,0,0,0,0,0,0,0,0,0,0,0,0,0,0,0,0,0,0,0,0,0,0
L100_Ts120_Tr41p44_dT15_F1p0_LP20,historical_extension,0,0,0,0,0,0,0,0,0,0,0,0,0,0,0,0,0,0,0,0,0,0,0,0,0,0,0,0,0,0,0,0,0
L100_Ts120_Tr41p44_dT15_F1p0_LP30,historical_extension,0,0,0,0,0,0,0,0,0,0,0,0,0,0,0,0,0,0,0,0,0,0,0,0,0,0,0,0,0,0,0,0,0
L100_Ts120_Tr41p44_dT15_F1p0_LP40,historical_extension,0,0,0,0,0,0,0,0,0,0,0,0,0,0,0,0,0,0,0,0,0,0,0,0,0,0,0,0,0,0,0,0,0
L100_Ts120_Tr41p44_dT15_F1p0_LP45,historical_extension,0,0,0,0,0,0,0,0,0,0,0,0,0,0,0,0,0,0,0,0,0,0,0,0,0,0,0,0,0,0,0,0,0
L100_Ts120_Tr41p44_dT15_F1p2_LP20,historical_extension,0,0,0,0,0,0,0,0,0,0,0,0,0,0,0,0,0,0,0,0,0,0,0,0,0,0,0,0,0,0,0,0,0
L100_Ts120_Tr41p44_dT15_F1p2_LP30,historical_extension,0,0,0,0,0,0,0,0,0,0,0,0,0,0,0,0,0,0,0,0,0,0,0,0,0,0,0,0,0,0,0,0,0
L100_Ts120_Tr41p44_dT15_F1p2_LP40,historical_extension,0,0,0,0,0,0,0,0,0,0,0,0,0,0,0,0,0,0,0,0,0,0,0,0,0,0,0,0,0,0,0,0,0
L100_Ts120_Tr41p44_dT15_F1p2_LP45,historical_extension,0,0,0,0,0,0,0,0,0,0,0,0,0,0,0,0,0,0,0,0,0,0,0,0,0,0,0,0,0,0,0,0,0
L100_Ts120_Tr50p0_dT5_F0p8_LP20,narrow_sensitivity,0,0,0,0,0,0,0,0,0,0,0,0,0,0,0,0,0,0,0,0,0,0,0,0,0,0,0,0,0,0,0,0,0
L100_Ts120_Tr50p0_dT5_F0p8_LP30,narrow_sensitivity,0,0,0,0,0,0,0,0,0,0,0,0,0,0,0,0,0,0,0,0,0,0,0,0,0,0,0,0,0,0,0,0,0
L100_Ts120_Tr50p0_dT5_F0p8_LP40,narrow_sensitivity,0,0,0,0,0,0,0,0,0,0,0,0,0,0,0,0,0,0,0,0,0,0,0,0,0,0,0,0,0,0,0,0,0
L100_Ts120_Tr50p0_dT5_F0p8_LP45,narrow_sensitivity,0,0,0,0,0,0,0,0,0,0,0,0,0,0,0,0,0,0,0,0,0,0,0,0,0,0,0,0,0,0,0,0,0
L100_Ts120_Tr50p0_dT5_F1p0_LP20,narrow_sensitivity,0,0,0,0,0,0,0,0,0,0,0,0,0,0,0,0,0,0,0,0,0,0,0,0,0,0,0,0,0,0,0,0,0
L100_Ts120_Tr50p0_dT5_F1p0_LP30,main_reference,0,0,0,0,0,0,0,0,0,0,0,0,0,0,0,0,0,0,0,0,0,0,0,0,0,0,0,0,0,0,0,0,0
L100_Ts120_Tr50p0_dT5_F1p0_LP40,narrow_sensitivity,0,0,0,0,0,0,0,0,0,0,0,0,0,0,0,0,0,0,0,0,0,0,0,0,0,0,0,0,0,0,0,0,0
L100_Ts120_Tr50p0_dT5_F1p0_LP45,narrow_sensitivity,0,0,0,0,0,0,0,0,0,0,0,0,0,0,0,0,0,0,0,0,0,0,0,0,0,0,0,0,0,0,0,0,0
L100_Ts120_Tr50p0_dT5_F1p2_LP20,narrow_sensitivity,0,0,0,0,0,0,0,0,0,0,0,0,0,0,0,0,0,0,0,0,0,0,0,0,0,0,0,0,0,0,0,0,0
L100_Ts120_Tr50p0_dT5_F1p2_LP30,narrow_sensitivity,0,0,0,0,0,0,0,0,0,0,0,0,0,0,0,0,0,0,0,0,0,0,0,0,0,0,0,0,0,0,0,0,0
L100_Ts120_Tr50p0_dT5_F1p2_LP40,narrow_sensitivity,0,0,0,0,0,0,0,0,0,0,0,0,0,0,0,0,0,0,0,0,0,0,0,0,0,0,0,0,0,0,0,0,0
L100_Ts120_Tr50p0_dT5_F1p2_LP45,narrow_sensitivity,0,0,0,0,0,0,0,0,0,0,0,0,0,0,0,0,0,0,0,0,0,0,0,0,0,0,0,0,0,0,0,0,0
L100_Ts120_Tr50p0_dT10_F0p8_LP20,narrow_sensitivity,0,0,0,0,0,0,0,0,0,0,0,0,0,0,0,0,0,0,0,0,0,0,0,0,0,0,0,0,0,0,0,0,0
L100_Ts120_Tr50p0_dT10_F0p8_LP30,narrow_sensitivity,0,0,0,0,0,0,0,0,0,0,0,0,0,0,0,0,0,0,0,0,0,0,0,0,0,0,0,0,0,0,0,0,0
L100_Ts120_Tr50p0_dT10_F0p8_LP40,narrow_sensitivity,0,0,0,0,0,0,0,0,0,0,0,0,0,0,0,0,0,0,0,0,0,0,0,0,0,0,0,0,0,0,0,0,0
L100_Ts120_Tr50p0_dT10_F0p8_LP45,narrow_sensitivity,0,0,0,0,0,0,0,0,0,0,0,0,0,0,0,0,0,0,0,0,0,0,0,0,0,0,0,0,0,0,0,0,0
L100_Ts120_Tr50p0_dT10_F1p0_LP20,narrow_sensitivity,0,0,0,0,0,0,0,0,0,0,0,0,0,0,0,0,0,0,0,0,0,0,0,0,0,0,0,0,0,0,0,0,0
L100_Ts120_Tr50p0_dT10_F1p0_LP30,narrow_sensitivity,0,0,0,0,0,0,0,0,0,0,0,0,0,0,0,0,0,0,0,0,0,0,0,0,0,0,0,0,0,0,0,0,0
L100_Ts120_Tr50p0_dT10_F1p0_LP40,narrow_sensitivity,0,0,0,0,0,0,0,0,0,0,0,0,0,0,0,0,0,0,0,0,0,0,0,0,0,0,0,0,0,0,0,0,0
L100_Ts120_Tr50p0_dT10_F1p0_LP45,narrow_sensitivity,0,0,0,0,0,0,0,0,0,0,0,0,0,0,0,0,0,0,0,0,0,0,0,0,0,0,0,0,0,0,0,0,0
L100_Ts120_Tr50p0_dT10_F1p2_LP20,narrow_sensitivity,0,0,0,0,0,0,0,0,0,0,0,0,0,0,0,0,0,0,0,0,0,0,0,0,0,0,0,0,0,0,0,0,0
L100_Ts120_Tr50p0_dT10_F1p2_LP30,narrow_sensitivity,0,0,0,0,0,0,0,0,0,0,0,0,0,0,0,0,0,0,0,0,0,0,0,0,0,0,0,0,0,0,0,0,0
L100_Ts120_Tr50p0_dT10_F1p2_LP40,narrow_sensitivity,0,0,0,0,0,0,0,0,0,0,0,0,0,0,0,0,0,0,0,0,0,0,0,0,0,0,0,0,0,0,0,0,0
L100_Ts120_Tr50p0_dT10_F1p2_LP45,narrow_sensitivity,0,0,0,0,0,0,0,0,0,0,0,0,0,0,0,0,0,0,0,0,0,0,0,0,0,0,0,0,0,0,0,0,0
L100_Ts120_Tr50p0_dT15_F0p8_LP20,narrow_sensitivity,0,0,0,0,0,0,0,0,0,0,0,0,0,0,0,0,0,0,0,0,0,0,0,0,0,0,0,0,0,0,0,0,0
L100_Ts120_Tr50p0_dT15_F0p8_LP30,narrow_sensitivity,0,0,0,0,0,0,0,0,0,0,0,0,0,0,0,0,0,0,0,0,0,0,0,0,0,0,0,0,0,0,0,0,0
L100_Ts120_Tr50p0_dT15_F0p8_LP40,narrow_sensitivity,0,0,0,0,0,0,0,0,0,0,0,0,0,0,0,0,0,0,0,0,0,0,0,0,0,0,0,0,0,0,0,0,0
L100_Ts120_Tr50p0_dT15_F0p8_LP45,narrow_sensitivity,0,0,0,0,0,0,0,0,0,0,0,0,0,0,0,0,0,0,0,0,0,0,0,0,0,0,0,0,0,0,0,0,0
L100_Ts120_Tr50p0_dT15_F1p0_LP20,narrow_sensitivity,0,0,0,0,0,0,0,0,0,0,0,0,0,0,0,0,0,0,0,0,0,0,0,0,0,0,0,0,0,0,0,0,0
L100_Ts120_Tr50p0_dT15_F1p0_LP30,narrow_sensitivity,0,0,0,0,0,0,0,0,0,0,0,0,0,0,0,0,0,0,0,0,0,0,0,0,0,0,0,0,0,0,0,0,0
L100_Ts120_Tr50p0_dT15_F1p0_LP40,narrow_sensitivity,0,0,0,0,0,0,0,0,0,0,0,0,0,0,0,0,0,0,0,0,0,0,0,0,0,0,0,0,0,0,0,0,0
L100_Ts120_Tr50p0_dT15_F1p0_LP45,narrow_sensitivity,0,0,0,0,0,0,0,0,0,0,0,0,0,0,0,0,0,0,0,0,0,0,0,0,0,0,0,0,0,0,0,0,0
L100_Ts120_Tr50p0_dT15_F1p2_LP20,narrow_sensitivity,0,0,0,0,0,0,0,0,0,0,0,0,0,0,0,0,0,0,0,0,0,0,0,0,0,0,0,0,0,0,0,0,0
L100_Ts120_Tr50p0_dT15_F1p2_LP30,narrow_sensitivity,0,0,0,0,0,0,0,0,0,0,0,0,0,0,0,0,0,0,0,0,0,0,0,0,0,0,0,0,0,0,0,0,0
L100_Ts120_Tr50p0_dT15_F1p2_LP40,narrow_sensitivity,0,0,0,0,0,0,0,0,0,0,0,0,0,0,0,0,0,0,0,0,0,0,0,0,0,0,0,0,0,0,0,0,0
L100_Ts120_Tr50p0_dT15_F1p2_LP45,narrow_sensitivity,0,0,0,0,0,0,0,0,0,0,0,0,0,0,0,0,0,0,0,0,0,0,0,0,0,0,0,0,0,0,0,0,0
L100_Ts120_Tr60p0_dT5_F0p8_LP20,narrow_sensitivity,0,0,0,0,0,0,0,0,0,0,0,0,0,0,0,0,0,0,0,0,0,0,0,0,0,0,0,0,0,0,0,0,0
L100_Ts120_Tr60p0_dT5_F0p8_LP30,narrow_sensitivity,0,0,0,0,0,0,0,0,0,0,0,0,0,0,0,0,0,0,0,0,0,0,0,0,0,0,0,0,0,0,0,0,0
L100_Ts120_Tr60p0_dT5_F0p8_LP40,narrow_sensitivity,0,0,0,0,0,0,0,0,0,0,0,0,0,0,0,0,0,0,0,0,0,0,0,0,0,0,0,0,0,0,0,0,0
L100_Ts120_Tr60p0_dT5_F0p8_LP45,narrow_sensitivity,0,0,0,0,0,0,0,0,0,0,0,0,0,0,0,0,0,0,0,0,0,0,0,0,0,0,0,0,0,0,0,0,0
L100_Ts120_Tr60p0_dT5_F1p0_LP20,narrow_sensitivity,0,0,0,0,0,0,0,0,0,0,0,0,0,0,0,0,0,0,0,0,0,0,0,0,0,0,0,0,0,0,0,0,0
L100_Ts120_Tr60p0_dT5_F1p0_LP30,main_reference,0,0,0,0,0,0,0,0,0,0,0,0,0,0,0,0,0,0,0,0,0,0,0,0,0,0,0,0,0,0,0,0,0
L100_Ts120_Tr60p0_dT5_F1p0_LP40,narrow_sensitivity,0,0,0,0,0,0,0,0,0,0,0,0,0,0,0,0,0,0,0,0,0,0,0,0,0,0,0,0,0,0,0,0,0
L100_Ts120_Tr60p0_dT5_F1p0_LP45,narrow_sensitivity,0,0,0,0,0,0,0,0,0,0,0,0,0,0,0,0,0,0,0,0,0,0,0,0,0,0,0,0,0,0,0,0,0
L100_Ts120_Tr60p0_dT5_F1p2_LP20,narrow_sensitivity,0,0,0,0,0,0,0,0,0,0,0,0,0,0,0,0,0,0,0,0,0,0,0,0,0,0,0,0,0,0,0,0,0
L100_Ts120_Tr60p0_dT5_F1p2_LP30,narrow_sensitivity,0,0,0,0,0,0,0,0,0,0,0,0,0,0,0,0,0,0,0,0,0,0,0,0,0,0,0,0,0,0,0,0,0
L100_Ts120_Tr60p0_dT5_F1p2_LP40,narrow_sensitivity,0,0,0,0,0,0,0,0,0,0,0,0,0,0,0,0,0,0,0,0,0,0,0,0,0,0,0,0,0,0,0,0,0
L100_Ts120_Tr60p0_dT5_F1p2_LP45,narrow_sensitivity,0,0,0,0,0,0,0,0,0,0,0,0,0,0,0,0,0,0,0,0,0,0,0,0,0,0,0,0,0,0,0,0,0
L100_Ts120_Tr60p0_dT10_F0p8_LP20,narrow_sensitivity,0,0,0,0,0,0,0,0,0,0,0,0,0,0,0,0,0,0,0,0,0,0,0,0,0,0,0,0,0,0,0,0,0
L100_Ts120_Tr60p0_dT10_F0p8_LP30,narrow_sensitivity,0,0,0,0,0,0,0,0,0,0,0,0,0,0,0,0,0,0,0,0,0,0,0,0,0,0,0,0,0,0,0,0,0
L100_Ts120_Tr60p0_dT10_F0p8_LP40,narrow_sensitivity,0,0,0,0,0,0,0,0,0,0,0,0,0,0,0,0,0,0,0,0,0,0,0,0,0,0,0,0,0,0,0,0,0
L100_Ts120_Tr60p0_dT10_F0p8_LP45,narrow_sensitivity,0,0,0,0,0,0,0,0,0,0,0,0,0,0,0,0,0,0,0,0,0,0,0,0,0,0,0,0,0,0,0,0,0
L100_Ts120_Tr60p0_dT10_F1p0_LP20,narrow_sensitivity,0,0,0,0,0,0,0,0,0,0,0,0,0,0,0,0,0,0,0,0,0,0,0,0,0,0,0,0,0,0,0,0,0
L100_Ts120_Tr60p0_dT10_F1p0_LP30,narrow_sensitivity,0,0,0,0,0,0,0,0,0,0,0,0,0,0,0,0,0,0,0,0,0,0,0,0,0,0,0,0,0,0,0,0,0
L100_Ts120_Tr60p0_dT10_F1p0_LP40,narrow_sensitivity,0,0,0,0,0,0,0,0,0,0,0,0,0,0,0,0,0,0,0,0,0,0,0,0,0,0,0,0,0,0,0,0,0
L100_Ts120_Tr60p0_dT10_F1p0_LP45,narrow_sensitivity,0,0,0,0,0,0,0,0,0,0,0,0,0,0,0,0,0,0,0,0,0,0,0,0,0,0,0,0,0,0,0,0,0
L100_Ts120_Tr60p0_dT10_F1p2_LP20,narrow_sensitivity,0,0,0,0,0,0,0,0,0,0,0,0,0,0,0,0,0,0,0,0,0,0,0,0,0,0,0,0,0,0,0,0,0
L100_Ts120_Tr60p0_dT10_F1p2_LP30,narrow_sensitivity,0,0,0,0,0,0,0,0,0,0,0,0,0,0,0,0,0,0,0,0,0,0,0,0,0,0,0,0,0,0,0,0,0
L100_Ts120_Tr60p0_dT10_F1p2_LP40,narrow_sensitivity,0,0,0,0,0,0,0,0,0,0,0,0,0,0,0,0,0,0,0,0,0,0,0,0,0,0,0,0,0,0,0,0,0
L100_Ts120_Tr60p0_dT10_F1p2_LP45,narrow_sensitivity,0,0,0,0,0,0,0,0,0,0,0,0,0,0,0,0,0,0,0,0,0,0,0,0,0,0,0,0,0,0,0,0,0
L100_Ts120_Tr60p0_dT15_F0p8_LP20,narrow_sensitivity,0,0,0,0,0,0,0,0,0,0,0,0,0,0,0,0,0,0,0,0,0,0,0,0,0,0,0,0,0,0,0,0,0
L100_Ts120_Tr60p0_dT15_F0p8_LP30,narrow_sensitivity,0,0,0,0,0,0,0,0,0,0,0,0,0,0,0,0,0,0,0,0,0,0,0,0,0,0,0,0,0,0,0,0,0
L100_Ts120_Tr60p0_dT15_F0p8_LP40,narrow_sensitivity,0,0,0,0,0,0,0,0,0,0,0,0,0,0,0,0,0,0,0,0,0,0,0,0,0,0,0,0,0,0,0,0,0
L100_Ts120_Tr60p0_dT15_F0p8_LP45,narrow_sensitivity,0,0,0,0,0,0,0,0,0,0,0,0,0,0,0,0,0,0,0,0,0,0,0,0,0,0,0,0,0,0,0,0,0
L100_Ts120_Tr60p0_dT15_F1p0_LP20,narrow_sensitivity,0,0,0,0,0,0,0,0,0,0,0,0,0,0,0,0,0,0,0,0,0,0,0,0,0,0,0,0,0,0,0,0,0
L100_Ts120_Tr60p0_dT15_F1p0_LP30,narrow_sensitivity,0,0,0,0,0,0,0,0,0,0,0,0,0,0,0,0,0,0,0,0,0,0,0,0,0,0,0,0,0,0,0,0,0
L100_Ts120_Tr60p0_dT15_F1p0_LP40,narrow_sensitivity,0,0,0,0,0,0,0,0,0,0,0,0,0,0,0,0,0,0,0,0,0,0,0,0,0,0,0,0,0,0,0,0,0
L100_Ts120_Tr60p0_dT15_F1p0_LP45,narrow_sensitivity,0,0,0,0,0,0,0,0,0,0,0,0,0,0,0,0,0,0,0,0,0,0,0,0,0,0,0,0,0,0,0,0,0
L100_Ts120_Tr60p0_dT15_F1p2_LP20,narrow_sensitivity,0,0,0,0,0,0,0,0,0,0,0,0,0,0,0,0,0,0,0,0,0,0,0,0,0,0,0,0,0,0,0,0,0
L100_Ts120_Tr60p0_dT15_F1p2_LP30,narrow_sensitivity,0,0,0,0,0,0,0,0,0,0,0,0,0,0,0,0,0,0,0,0,0,0,0,0,0,0,0,0,0,0,0,0,0
L100_Ts120_Tr60p0_dT15_F1p2_LP40,narrow_sensitivity,0,0,0,0,0,0,0,0,0,0,0,0,0,0,0,0,0,0,0,0,0,0,0,0,0,0,0,0,0,0,0,0,0
L100_Ts120_Tr60p0_dT15_F1p2_LP45,narrow_sensitivity,0,0,0,0,0,0,0,0,0,0,0,0,0,0,0,0,0,0,0,0,0,0,0,0,0,0,0,0,0,0,0,0,0
L100_Ts130_Tr35p0_dT5_F0p8_LP20,historical_extension,0,0,0,0,0,0,0,0,0,0,0,0,0,0,0,0,0,0,0,0,0,0,0,0,0,0,0,0,0,0,0,0,0
L100_Ts130_Tr35p0_dT5_F0p8_LP30,historical_extension,0,0,0,0,0,0,0,0,0,0,0,0,0,0,0,0,0,0,0,0,0,0,0,0,0,0,0,0,0,0,0,0,0
L100_Ts130_Tr35p0_dT5_F0p8_LP40,historical_extension,0,0,0,0,0,0,0,0,0,0,0,0,0,0,0,0,0,0,0,0,0,0,0,0,0,0,0,0,0,0,0,0,0
L100_Ts130_Tr35p0_dT5_F0p8_LP45,historical_extension,0,0,0,0,0,0,0,0,0,0,0,0,0,0,0,0,0,0,0,0,0,0,0,0,0,0,0,0,0,0,0,0,0
L100_Ts130_Tr35p0_dT5_F1p0_LP20,historical_extension,0,0,0,0,0,0,0,0,0,0,0,0,0,0,0,0,0,0,0,0,0,0,0,0,0,0,0,0,0,0,0,0,0
L100_Ts130_Tr35p0_dT5_F1p0_LP30,historical_extension,0,0,0,0,0,0,0,0,0,0,0,0,0,0,0,0,0,0,0,0,0,0,0,0,0,0,0,0,0,0,0,0,0
L100_Ts130_Tr35p0_dT5_F1p0_LP40,historical_extension,0,0,0,0,0,0,0,0,0,0,0,0,0,0,0,0,0,0,0,0,0,0,0,0,0,0,0,0,0,0,0,0,0
L100_Ts130_Tr35p0_dT5_F1p0_LP45,historical_extension,0,0,0,0,0,0,0,0,0,0,0,0,0,0,0,0,0,0,0,0,0,0,0,0,0,0,0,0,0,0,0,0,0
L100_Ts130_Tr35p0_dT5_F1p2_LP20,historical_extension,0,0,0,0,0,0,0,0,0,0,0,0,0,0,0,0,0,0,0,0,0,0,0,0,0,0,0,0,0,0,0,0,0
L100_Ts130_Tr35p0_dT5_F1p2_LP30,historical_extension,0,0,0,0,0,0,0,0,0,0,0,0,0,0,0,0,0,0,0,0,0,0,0,0,0,0,0,0,0,0,0,0,0
L100_Ts130_Tr35p0_dT5_F1p2_LP40,historical_extension,0,0,0,0,0,0,0,0,0,0,0,0,0,0,0,0,0,0,0,0,0,0,0,0,0,0,0,0,0,0,0,0,0
L100_Ts130_Tr35p0_dT5_F1p2_LP45,historical_extension,0,0,0,0,0,0,0,0,0,0,0,0,0,0,0,0,0,0,0,0,0,0,0,0,0,0,0,0,0,0,0,0,0
L100_Ts130_Tr35p0_dT10_F0p8_LP20,historical_extension,0,0,0,0,0,0,0,0,0,0,0,0,0,0,0,0,0,0,0,0,0,0,0,0,0,0,0,0,0,0,0,0,0
L100_Ts130_Tr35p0_dT10_F0p8_LP30,historical_extension,0,0,0,0,0,0,0,0,0,0,0,0,0,0,0,0,0,0,0,0,0,0,0,0,0,0,0,0,0,0,0,0,0
L100_Ts130_Tr35p0_dT10_F0p8_LP40,historical_extension,0,0,0,0,0,0,0,0,0,0,0,0,0,0,0,0,0,0,0,0,0,0,0,0,0,0,0,0,0,0,0,0,0
L100_Ts130_Tr35p0_dT10_F0p8_LP45,historical_extension,0,0,0,0,0,0,0,0,0,0,0,0,0,0,0,0,0,0,0,0,0,0,0,0,0,0,0,0,0,0,0,0,0
L100_Ts130_Tr35p0_dT10_F1p0_LP20,historical_extension,0,0,0,0,0,0,0,0,0,0,0,0,0,0,0,0,0,0,0,0,0,0,0,0,0,0,0,0,0,0,0,0,0
L100_Ts130_Tr35p0_dT10_F1p0_LP30,historical_extension,0,0,0,0,0,0,0,0,0,0,0,0,0,0,0,0,0,0,0,0,0,0,0,0,0,0,0,0,0,0,0,0,0
L100_Ts130_Tr35p0_dT10_F1p0_LP40,historical_extension,0,0,0,0,0,0,0,0,0,0,0,0,0,0,0,0,0,0,0,0,0,0,0,0,0,0,0,0,0,0,0,0,0
L100_Ts130_Tr35p0_dT10_F1p0_LP45,historical_extension,0,0,0,0,0,0,0,0,0,0,0,0,0,0,0,0,0,0,0,0,0,0,0,0,0,0,0,0,0,0,0,0,0
L100_Ts130_Tr35p0_dT10_F1p2_LP20,historical_extension,0,0,0,0,0,0,0,0,0,0,0,0,0,0,0,0,0,0,0,0,0,0,0,0,0,0,0,0,0,0,0,0,0
L100_Ts130_Tr35p0_dT10_F1p2_LP30,historical_extension,0,0,0,0,0,0,0,0,0,0,0,0,0,0,0,0,0,0,0,0,0,0,0,0,0,0,0,0,0,0,0,0,0
L100_Ts130_Tr35p0_dT10_F1p2_LP40,historical_extension,0,0,0,0,0,0,0,0,0,0,0,0,0,0,0,0,0,0,0,0,0,0,0,0,0,0,0,0,0,0,0,0,0
L100_Ts130_Tr35p0_dT10_F1p2_LP45,historical_extension,0,0,0,0,0,0,0,0,0,0,0,0,0,0,0,0,0,0,0,0,0,0,0,0,0,0,0,0,0,0,0,0,0
L100_Ts130_Tr35p0_dT15_F0p8_LP20,historical_extension,0,0,0,0,0,0,0,0,0,0,0,0,0,0,0,0,0,0,0,0,0,0,0,0,0,0,0,0,0,0,0,0,0
L100_Ts130_Tr35p0_dT15_F0p8_LP30,historical_extension,0,0,0,0,0,0,0,0,0,0,0,0,0,0,0,0,0,0,0,0,0,0,0,0,0,0,0,0,0,0,0,0,0
L100_Ts130_Tr35p0_dT15_F0p8_LP40,historical_extension,0,0,0,0,0,0,0,0,0,0,0,0,0,0,0,0,0,0,0,0,0,0,0,0,0,0,0,0,0,0,0,0,0
L100_Ts130_Tr35p0_dT15_F0p8_LP45,historical_extension,0,0,0,0,0,0,0,0,0,0,0,0,0,0,0,0,0,0,0,0,0,0,0,0,0,0,0,0,0,0,0,0,0
L100_Ts130_Tr35p0_dT15_F1p0_LP20,historical_extension,0,0,0,0,0,0,0,0,0,0,0,0,0,0,0,0,0,0,0,0,0,0,0,0,0,0,0,0,0,0,0,0,0
L100_Ts130_Tr35p0_dT15_F1p0_LP30,historical_extension,0,0,0,0,0,0,0,0,0,0,0,0,0,0,0,0,0,0,0,0,0,0,0,0,0,0,0,0,0,0,0,0,0
L100_Ts130_Tr35p0_dT15_F1p0_LP40,historical_extension,0,0,0,0,0,0,0,0,0,0,0,0,0,0,0,0,0,0,0,0,0,0,0,0,0,0,0,0,0,0,0,0,0
L100_Ts130_Tr35p0_dT15_F1p0_LP45,historical_extension,0,0,0,0,0,0,0,0,0,0,0,0,0,0,0,0,0,0,0,0,0,0,0,0,0,0,0,0,0,0,0,0,0
L100_Ts130_Tr35p0_dT15_F1p2_LP20,historical_extension,0,0,0,0,0,0,0,0,0,0,0,0,0,0,0,0,0,0,0,0,0,0,0,0,0,0,0,0,0,0,0,0,0
L100_Ts130_Tr35p0_dT15_F1p2_LP30,historical_extension,0,0,0,0,0,0,0,0,0,0,0,0,0,0,0,0,0,0,0,0,0,0,0,0,0,0,0,0,0,0,0,0,0
L100_Ts130_Tr35p0_dT15_F1p2_LP40,historical_extension,0,0,0,0,0,0,0,0,0,0,0,0,0,0,0,0,0,0,0,0,0,0,0,0,0,0,0,0,0,0,0,0,0
L100_Ts130_Tr35p0_dT15_F1p2_LP45,historical_extension,0,0,0,0,0,0,0,0,0,0,0,0,0,0,0,0,0,0,0,0,0,0,0,0,0,0,0,0,0,0,0,0,0
L100_Ts130_Tr41p44_dT5_F0p8_LP20,historical_extension,0,0,0,0,0,0,0,0,0,0,0,0,0,0,0,0,0,0,0,0,0,0,0,0,0,0,0,0,0,0,0,0,0
L100_Ts130_Tr41p44_dT5_F0p8_LP30,historical_extension,0,0,0,0,0,0,0,0,0,0,0,0,0,0,0,0,0,0,0,0,0,0,0,0,0,0,0,0,0,0,0,0,0
L100_Ts130_Tr41p44_dT5_F0p8_LP40,historical_extension,0,0,0,0,0,0,0,0,0,0,0,0,0,0,0,0,0,0,0,0,0,0,0,0,0,0,0,0,0,0,0,0,0
L100_Ts130_Tr41p44_dT5_F0p8_LP45,historical_extension,0,0,0,0,0,0,0,0,0,0,0,0,0,0,0,0,0,0,0,0,0,0,0,0,0,0,0,0,0,0,0,0,0
L100_Ts130_Tr41p44_dT5_F1p0_LP20,historical_extension,0,0,0,0,0,0,0,0,0,0,0,0,0,0,0,0,0,0,0,0,0,0,0,0,0,0,0,0,0,0,0,0,0
L100_Ts130_Tr41p44_dT5_F1p0_LP30,historical_extension,0,0,0,0,0,0,0,0,0,0,0,0,0,0,0,0,0,0,0,0,0,0,0,0,0,0,0,0,0,0,0,0,0
L100_Ts130_Tr41p44_dT5_F1p0_LP40,historical_extension,0,0,0,0,0,0,0,0,0,0,0,0,0,0,0,0,0,0,0,0,0,0,0,0,0,0,0,0,0,0,0,0,0
L100_Ts130_Tr41p44_dT5_F1p0_LP45,historical_extension,0,0,0,0,0,0,0,0,0,0,0,0,0,0,0,0,0,0,0,0,0,0,0,0,0,0,0,0,0,0,0,0,0
L100_Ts130_Tr41p44_dT5_F1p2_LP20,historical_extension,0,0,0,0,0,0,0,0,0,0,0,0,0,0,0,0,0,0,0,0,0,0,0,0,0,0,0,0,0,0,0,0,0
L100_Ts130_Tr41p44_dT5_F1p2_LP30,historical_extension,0,0,0,0,0,0,0,0,0,0,0,0,0,0,0,0,0,0,0,0,0,0,0,0,0,0,0,0,0,0,0,0,0
L100_Ts130_Tr41p44_dT5_F1p2_LP40,historical_extension,0,0,0,0,0,0,0,0,0,0,0,0,0,0,0,0,0,0,0,0,0,0,0,0,0,0,0,0,0,0,0,0,0
L100_Ts130_Tr41p44_dT5_F1p2_LP45,historical_extension,0,0,0,0,0,0,0,0,0,0,0,0,0,0,0,0,0,0,0,0,0,0,0,0,0,0,0,0,0,0,0,0,0
L100_Ts130_Tr41p44_dT10_F0p8_LP20,historical_extension,0,0,0,0,0,0,0,0,0,0,0,0,0,0,0,0,0,0,0,0,0,0,0,0,0,0,0,0,0,0,0,0,0
L100_Ts130_Tr41p44_dT10_F0p8_LP30,historical_extension,0,0,0,0,0,0,0,0,0,0,0,0,0,0,0,0,0,0,0,0,0,0,0,0,0,0,0,0,0,0,0,0,0
L100_Ts130_Tr41p44_dT10_F0p8_LP40,historical_extension,0,0,0,0,0,0,0,0,0,0,0,0,0,0,0,0,0,0,0,0,0,0,0,0,0,0,0,0,0,0,0,0,0
L100_Ts130_Tr41p44_dT10_F0p8_LP45,historical_extension,0,0,0,0,0,0,0,0,0,0,0,0,0,0,0,0,0,0,0,0,0,0,0,0,0,0,0,0,0,0,0,0,0
L100_Ts130_Tr41p44_dT10_F1p0_LP20,historical_extension,0,0,0,0,0,0,0,0,0,0,0,0,0,0,0,0,0,0,0,0,0,0,0,0,0,0,0,0,0,0,0,0,0
L100_Ts130_Tr41p44_dT10_F1p0_LP30,historical_extension,0,0,0,0,0,0,0,0,0,0,0,0,0,0,0,0,0,0,0,0,0,0,0,0,0,0,0,0,0,0,0,0,0
L100_Ts130_Tr41p44_dT10_F1p0_LP40,historical_extension,0,0,0,0,0,0,0,0,0,0,0,0,0,0,0,0,0,0,0,0,0,0,0,0,0,0,0,0,0,0,0,0,0
L100_Ts130_Tr41p44_dT10_F1p0_LP45,historical_extension,0,0,0,0,0,0,0,0,0,0,0,0,0,0,0,0,0,0,0,0,0,0,0,0,0,0,0,0,0,0,0,0,0
L100_Ts130_Tr41p44_dT10_F1p2_LP20,historical_extension,0,0,0,0,0,0,0,0,0,0,0,0,0,0,0,0,0,0,0,0,0,0,0,0,0,0,0,0,0,0,0,0,0
L100_Ts130_Tr41p44_dT10_F1p2_LP30,historical_extension,0,0,0,0,0,0,0,0,0,0,0,0,0,0,0,0,0,0,0,0,0,0,0,0,0,0,0,0,0,0,0,0,0
L100_Ts130_Tr41p44_dT10_F1p2_LP40,historical_extension,0,0,0,0,0,0,0,0,0,0,0,0,0,0,0,0,0,0,0,0,0,0,0,0,0,0,0,0,0,0,0,0,0
L100_Ts130_Tr41p44_dT10_F1p2_LP45,historical_extension,0,0,0,0,0,0,0,0,0,0,0,0,0,0,0,0,0,0,0,0,0,0,0,0,0,0,0,0,0,0,0,0,0
L100_Ts130_Tr41p44_dT15_F0p8_LP20,historical_extension,0,0,0,0,0,0,0,0,0,0,0,0,0,0,0,0,0,0,0,0,0,0,0,0,0,0,0,0,0,0,0,0,0
L100_Ts130_Tr41p44_dT15_F0p8_LP30,historical_extension,0,0,0,0,0,0,0,0,0,0,0,0,0,0,0,0,0,0,0,0,0,0,0,0,0,0,0,0,0,0,0,0,0
L100_Ts130_Tr41p44_dT15_F0p8_LP40,historical_extension,0,0,0,0,0,0,0,0,0,0,0,0,0,0,0,0,0,0,0,0,0,0,0,0,0,0,0,0,0,0,0,0,0
L100_Ts130_Tr41p44_dT15_F0p8_LP45,historical_extension,0,0,0,0,0,0,0,0,0,0,0,0,0,0,0,0,0,0,0,0,0,0,0,0,0,0,0,0,0,0,0,0,0
L100_Ts130_Tr41p44_dT15_F1p0_LP20,historical_extension,0,0,0,0,0,0,0,0,0,0,0,0,0,0,0,0,0,0,0,0,0,0,0,0,0,0,0,0,0,0,0,0,0
L100_Ts130_Tr41p44_dT15_F1p0_LP30,historical_extension,0,0,0,0,0,0,0,0,0,0,0,0,0,0,0,0,0,0,0,0,0,0,0,0,0,0,0,0,0,0,0,0,0
L100_Ts130_Tr41p44_dT15_F1p0_LP40,historical_extension,0,0,0,0,0,0,0,0,0,0,0,0,0,0,0,0,0,0,0,0,0,0,0,0,0,0,0,0,0,0,0,0,0
L100_Ts130_Tr41p44_dT15_F1p0_LP45,historical_extension,0,0,0,0,0,0,0,0,0,0,0,0,0,0,0,0,0,0,0,0,0,0,0,0,0,0,0,0,0,0,0,0,0
L100_Ts130_Tr41p44_dT15_F1p2_LP20,historical_extension,0,0,0,0,0,0,0,0,0,0,0,0,0,0,0,0,0,0,0,0,0,0,0,0,0,0,0,0,0,0,0,0,0
L100_Ts130_Tr41p44_dT15_F1p2_LP30,historical_extension,0,0,0,0,0,0,0,0,0,0,0,0,0,0,0,0,0,0,0,0,0,0,0,0,0,0,0,0,0,0,0,0,0
L100_Ts130_Tr41p44_dT15_F1p2_LP40,historical_extension,0,0,0,0,0,0,0,0,0,0,0,0,0,0,0,0,0,0,0,0,0,0,0,0,0,0,0,0,0,0,0,0,0
L100_Ts130_Tr41p44_dT15_F1p2_LP45,historical_extension,0,0,0,0,0,0,0,0,0,0,0,0,0,0,0,0,0,0,0,0,0,0,0,0,0,0,0,0,0,0,0,0,0
L100_Ts130_Tr50p0_dT5_F0p8_LP20,narrow_sensitivity,0,0,0,0,0,0,0,0,0,0,0,0,0,0,0,0,0,0,0,0,0,0,0,0,0,0,0,0,0,0,0,0,0
L100_Ts130_Tr50p0_dT5_F0p8_LP30,narrow_sensitivity,0,0,0,0,0,0,0,0,0,0,0,0,0,0,0,0,0,0,0,0,0,0,0,0,0,0,0,0,0,0,0,0,0
L100_Ts130_Tr50p0_dT5_F0p8_LP40,narrow_sensitivity,0,0,0,0,0,0,0,0,0,0,0,0,0,0,0,0,0,0,0,0,0,0,0,0,0,0,0,0,0,0,0,0,0
L100_Ts130_Tr50p0_dT5_F0p8_LP45,narrow_sensitivity,0,0,0,0,0,0,0,0,0,0,0,0,0,0,0,0,0,0,0,0,0,0,0,0,0,0,0,0,0,0,0,0,0
L100_Ts130_Tr50p0_dT5_F1p0_LP20,narrow_sensitivity,0,0,0,0,0,0,0,0,0,0,0,0,0,0,0,0,0,0,0,0,0,0,0,0,0,0,0,0,0,0,0,0,0
L100_Ts130_Tr50p0_dT5_F1p0_LP30,main_reference,0,0,0,0,0,0,0,0,0,0,0,0,0,0,0,0,0,0,0,0,0,0,0,0,0,0,0,0,0,0,0,0,0
L100_Ts130_Tr50p0_dT5_F1p0_LP40,narrow_sensitivity,0,0,0,0,0,0,0,0,0,0,0,0,0,0,0,0,0,0,0,0,0,0,0,0,0,0,0,0,0,0,0,0,0
L100_Ts130_Tr50p0_dT5_F1p0_LP45,narrow_sensitivity,0,0,0,0,0,0,0,0,0,0,0,0,0,0,0,0,0,0,0,0,0,0,0,0,0,0,0,0,0,0,0,0,0
L100_Ts130_Tr50p0_dT5_F1p2_LP20,narrow_sensitivity,0,0,0,0,0,0,0,0,0,0,0,0,0,0,0,0,0,0,0,0,0,0,0,0,0,0,0,0,0,0,0,0,0
L100_Ts130_Tr50p0_dT5_F1p2_LP30,narrow_sensitivity,0,0,0,0,0,0,0,0,0,0,0,0,0,0,0,0,0,0,0,0,0,0,0,0,0,0,0,0,0,0,0,0,0
L100_Ts130_Tr50p0_dT5_F1p2_LP40,narrow_sensitivity,0,0,0,0,0,0,0,0,0,0,0,0,0,0,0,0,0,0,0,0,0,0,0,0,0,0,0,0,0,0,0,0,0
L100_Ts130_Tr50p0_dT5_F1p2_LP45,narrow_sensitivity,0,0,0,0,0,0,0,0,0,0,0,0,0,0,0,0,0,0,0,0,0,0,0,0,0,0,0,0,0,0,0,0,0
L100_Ts130_Tr50p0_dT10_F0p8_LP20,narrow_sensitivity,0,0,0,0,0,0,0,0,0,0,0,0,0,0,0,0,0,0,0,0,0,0,0,0,0,0,0,0,0,0,0,0,0
L100_Ts130_Tr50p0_dT10_F0p8_LP30,narrow_sensitivity,0,0,0,0,0,0,0,0,0,0,0,0,0,0,0,0,0,0,0,0,0,0,0,0,0,0,0,0,0,0,0,0,0
L100_Ts130_Tr50p0_dT10_F0p8_LP40,narrow_sensitivity,0,0,0,0,0,0,0,0,0,0,0,0,0,0,0,0,0,0,0,0,0,0,0,0,0,0,0,0,0,0,0,0,0
L100_Ts130_Tr50p0_dT10_F0p8_LP45,narrow_sensitivity,0,0,0,0,0,0,0,0,0,0,0,0,0,0,0,0,0,0,0,0,0,0,0,0,0,0,0,0,0,0,0,0,0
L100_Ts130_Tr50p0_dT10_F1p0_LP20,narrow_sensitivity,0,0,0,0,0,0,0,0,0,0,0,0,0,0,0,0,0,0,0,0,0,0,0,0,0,0,0,0,0,0,0,0,0
L100_Ts130_Tr50p0_dT10_F1p0_LP30,narrow_sensitivity,0,0,0,0,0,0,0,0,0,0,0,0,0,0,0,0,0,0,0,0,0,0,0,0,0,0,0,0,0,0,0,0,0
L100_Ts130_Tr50p0_dT10_F1p0_LP40,narrow_sensitivity,0,0,0,0,0,0,0,0,0,0,0,0,0,0,0,0,0,0,0,0,0,0,0,0,0,0,0,0,0,0,0,0,0
L100_Ts130_Tr50p0_dT10_F1p0_LP45,narrow_sensitivity,0,0,0,0,0,0,0,0,0,0,0,0,0,0,0,0,0,0,0,0,0,0,0,0,0,0,0,0,0,0,0,0,0
L100_Ts130_Tr50p0_dT10_F1p2_LP20,narrow_sensitivity,0,0,0,0,0,0,0,0,0,0,0,0,0,0,0,0,0,0,0,0,0,0,0,0,0,0,0,0,0,0,0,0,0
L100_Ts130_Tr50p0_dT10_F1p2_LP30,narrow_sensitivity,0,0,0,0,0,0,0,0,0,0,0,0,0,0,0,0,0,0,0,0,0,0,0,0,0,0,0,0,0,0,0,0,0
L100_Ts130_Tr50p0_dT10_F1p2_LP40,narrow_sensitivity,0,0,0,0,0,0,0,0,0,0,0,0,0,0,0,0,0,0,0,0,0,0,0,0,0,0,0,0,0,0,0,0,0
L100_Ts130_Tr50p0_dT10_F1p2_LP45,narrow_sensitivity,0,0,0,0,0,0,0,0,0,0,0,0,0,0,0,0,0,0,0,0,0,0,0,0,0,0,0,0,0,0,0,0,0
L100_Ts130_Tr50p0_dT15_F0p8_LP20,narrow_sensitivity,0,0,0,0,0,0,0,0,0,0,0,0,0,0,0,0,0,0,0,0,0,0,0,0,0,0,0,0,0,0,0,0,0
L100_Ts130_Tr50p0_dT15_F0p8_LP30,narrow_sensitivity,0,0,0,0,0,0,0,0,0,0,0,0,0,0,0,0,0,0,0,0,0,0,0,0,0,0,0,0,0,0,0,0,0
L100_Ts130_Tr50p0_dT15_F0p8_LP40,narrow_sensitivity,0,0,0,0,0,0,0,0,0,0,0,0,0,0,0,0,0,0,0,0,0,0,0,0,0,0,0,0,0,0,0,0,0
L100_Ts130_Tr50p0_dT15_F0p8_LP45,narrow_sensitivity,0,0,0,0,0,0,0,0,0,0,0,0,0,0,0,0,0,0,0,0,0,0,0,0,0,0,0,0,0,0,0,0,0
L100_Ts130_Tr50p0_dT15_F1p0_LP20,narrow_sensitivity,0,0,0,0,0,0,0,0,0,0,0,0,0,0,0,0,0,0,0,0,0,0,0,0,0,0,0,0,0,0,0,0,0
L100_Ts130_Tr50p0_dT15_F1p0_LP30,narrow_sensitivity,0,0,0,0,0,0,0,0,0,0,0,0,0,0,0,0,0,0,0,0,0,0,0,0,0,0,0,0,0,0,0,0,0
L100_Ts130_Tr50p0_dT15_F1p0_LP40,narrow_sensitivity,0,0,0,0,0,0,0,0,0,0,0,0,0,0,0,0,0,0,0,0,0,0,0,0,0,0,0,0,0,0,0,0,0
L100_Ts130_Tr50p0_dT15_F1p0_LP45,narrow_sensitivity,0,0,0,0,0,0,0,0,0,0,0,0,0,0,0,0,0,0,0,0,0,0,0,0,0,0,0,0,0,0,0,0,0
L100_Ts130_Tr50p0_dT15_F1p2_LP20,narrow_sensitivity,0,0,0,0,0,0,0,0,0,0,0,0,0,0,0,0,0,0,0,0,0,0,0,0,0,0,0,0,0,0,0,0,0
L100_Ts130_Tr50p0_dT15_F1p2_LP30,narrow_sensitivity,0,0,0,0,0,0,0,0,0,0,0,0,0,0,0,0,0,0,0,0,0,0,0,0,0,0,0,0,0,0,0,0,0
L100_Ts130_Tr50p0_dT15_F1p2_LP40,narrow_sensitivity,0,0,0,0,0,0,0,0,0,0,0,0,0,0,0,0,0,0,0,0,0,0,0,0,0,0,0,0,0,0,0,0,0
L100_Ts130_Tr50p0_dT15_F1p2_LP45,narrow_sensitivity,0,0,0,0,0,0,0,0,0,0,0,0,0,0,0,0,0,0,0,0,0,0,0,0,0,0,0,0,0,0,0,0,0
L100_Ts130_Tr60p0_dT5_F0p8_LP20,narrow_sensitivity,0,0,0,0,0,0,0,0,0,0,0,0,0,0,0,0,0,0,0,0,0,0,0,0,0,0,0,0,0,0,0,0,0
L100_Ts130_Tr60p0_dT5_F0p8_LP30,narrow_sensitivity,0,0,0,0,0,0,0,0,0,0,0,0,0,0,0,0,0,0,0,0,0,0,0,0,0,0,0,0,0,0,0,0,0
L100_Ts130_Tr60p0_dT5_F0p8_LP40,narrow_sensitivity,0,0,0,0,0,0,0,0,0,0,0,0,0,0,0,0,0,0,0,0,0,0,0,0,0,0,0,0,0,0,0,0,0
L100_Ts130_Tr60p0_dT5_F0p8_LP45,narrow_sensitivity,0,0,0,0,0,0,0,0,0,0,0,0,0,0,0,0,0,0,0,0,0,0,0,0,0,0,0,0,0,0,0,0,0
L100_Ts130_Tr60p0_dT5_F1p0_LP20,narrow_sensitivity,0,0,0,0,0,0,0,0,0,0,0,0,0,0,0,0,0,0,0,0,0,0,0,0,0,0,0,0,0,0,0,0,0
L100_Ts130_Tr60p0_dT5_F1p0_LP30,main_reference,0,0,0,0,0,0,0,0,0,0,0,0,0,0,0,0,0,0,0,0,0,0,0,0,0,0,0,0,0,0,0,0,0
L100_Ts130_Tr60p0_dT5_F1p0_LP40,narrow_sensitivity,0,0,0,0,0,0,0,0,0,0,0,0,0,0,0,0,0,0,0,0,0,0,0,0,0,0,0,0,0,0,0,0,0
L100_Ts130_Tr60p0_dT5_F1p0_LP45,narrow_sensitivity,0,0,0,0,0,0,0,0,0,0,0,0,0,0,0,0,0,0,0,0,0,0,0,0,0,0,0,0,0,0,0,0,0
L100_Ts130_Tr60p0_dT5_F1p2_LP20,narrow_sensitivity,0,0,0,0,0,0,0,0,0,0,0,0,0,0,0,0,0,0,0,0,0,0,0,0,0,0,0,0,0,0,0,0,0
L100_Ts130_Tr60p0_dT5_F1p2_LP30,narrow_sensitivity,0,0,0,0,0,0,0,0,0,0,0,0,0,0,0,0,0,0,0,0,0,0,0,0,0,0,0,0,0,0,0,0,0
L100_Ts130_Tr60p0_dT5_F1p2_LP40,narrow_sensitivity,0,0,0,0,0,0,0,0,0,0,0,0,0,0,0,0,0,0,0,0,0,0,0,0,0,0,0,0,0,0,0,0,0
L100_Ts130_Tr60p0_dT5_F1p2_LP45,narrow_sensitivity,0,0,0,0,0,0,0,0,0,0,0,0,0,0,0,0,0,0,0,0,0,0,0,0,0,0,0,0,0,0,0,0,0
L100_Ts130_Tr60p0_dT10_F0p8_LP20,narrow_sensitivity,0,0,0,0,0,0,0,0,0,0,0,0,0,0,0,0,0,0,0,0,0,0,0,0,0,0,0,0,0,0,0,0,0
L100_Ts130_Tr60p0_dT10_F0p8_LP30,narrow_sensitivity,0,0,0,0,0,0,0,0,0,0,0,0,0,0,0,0,0,0,0,0,0,0,0,0,0,0,0,0,0,0,0,0,0
L100_Ts130_Tr60p0_dT10_F0p8_LP40,narrow_sensitivity,0,0,0,0,0,0,0,0,0,0,0,0,0,0,0,0,0,0,0,0,0,0,0,0,0,0,0,0,0,0,0,0,0
L100_Ts130_Tr60p0_dT10_F0p8_LP45,narrow_sensitivity,0,0,0,0,0,0,0,0,0,0,0,0,0,0,0,0,0,0,0,0,0,0,0,0,0,0,0,0,0,0,0,0,0
L100_Ts130_Tr60p0_dT10_F1p0_LP20,narrow_sensitivity,0,0,0,0,0,0,0,0,0,0,0,0,0,0,0,0,0,0,0,0,0,0,0,0,0,0,0,0,0,0,0,0,0
L100_Ts130_Tr60p0_dT10_F1p0_LP30,narrow_sensitivity,0,0,0,0,0,0,0,0,0,0,0,0,0,0,0,0,0,0,0,0,0,0,0,0,0,0,0,0,0,0,0,0,0
L100_Ts130_Tr60p0_dT10_F1p0_LP40,narrow_sensitivity,0,0,0,0,0,0,0,0,0,0,0,0,0,0,0,0,0,0,0,0,0,0,0,0,0,0,0,0,0,0,0,0,0
L100_Ts130_Tr60p0_dT10_F1p0_LP45,narrow_sensitivity,0,0,0,0,0,0,0,0,0,0,0,0,0,0,0,0,0,0,0,0,0,0,0,0,0,0,0,0,0,0,0,0,0
L100_Ts130_Tr60p0_dT10_F1p2_LP20,narrow_sensitivity,0,0,0,0,0,0,0,0,0,0,0,0,0,0,0,0,0,0,0,0,0,0,0,0,0,0,0,0,0,0,0,0,0
L100_Ts130_Tr60p0_dT10_F1p2_LP30,narrow_sensitivity,0,0,0,0,0,0,0,0,0,0,0,0,0,0,0,0,0,0,0,0,0,0,0,0,0,0,0,0,0,0,0,0,0
L100_Ts130_Tr60p0_dT10_F1p2_LP40,narrow_sensitivity,0,0,0,0,0,0,0,0,0,0,0,0,0,0,0,0,0,0,0,0,0,0,0,0,0,0,0,0,0,0,0,0,0
L100_Ts130_Tr60p0_dT10_F1p2_LP45,narrow_sensitivity,0,0,0,0,0,0,0,0,0,0,0,0,0,0,0,0,0,0,0,0,0,0,0,0,0,0,0,0,0,0,0,0,0
L100_Ts130_Tr60p0_dT15_F0p8_LP20,narrow_sensitivity,0,0,0,0,0,0,0,0,0,0,0,0,0,0,0,0,0,0,0,0,0,0,0,0,0,0,0,0,0,0,0,0,0
L100_Ts130_Tr60p0_dT15_F0p8_LP30,narrow_sensitivity,0,0,0,0,0,0,0,0,0,0,0,0,0,0,0,0,0,0,0,0,0,0,0,0,0,0,0,0,0,0,0,0,0
L100_Ts130_Tr60p0_dT15_F0p8_LP40,narrow_sensitivity,0,0,0,0,0,0,0,0,0,0,0,0,0,0,0,0,0,0,0,0,0,0,0,0,0,0,0,0,0,0,0,0,0
L100_Ts130_Tr60p0_dT15_F0p8_LP45,narrow_sensitivity,0,0,0,0,0,0,0,0,0,0,0,0,0,0,0,0,0,0,0,0,0,0,0,0,0,0,0,0,0,0,0,0,0
L100_Ts130_Tr60p0_dT15_F1p0_LP20,narrow_sensitivity,0,0,0,0,0,0,0,0,0,0,0,0,0,0,0,0,0,0,0,0,0,0,0,0,0,0,0,0,0,0,0,0,0
L100_Ts130_Tr60p0_dT15_F1p0_LP30,narrow_sensitivity,0,0,0,0,0,0,0,0,0,0,0,0,0,0,0,0,0,0,0,0,0,0,0,0,0,0,0,0,0,0,0,0,0
L100_Ts130_Tr60p0_dT15_F1p0_LP40,narrow_sensitivity,0,0,0,0,0,0,0,0,0,0,0,0,0,0,0,0,0,0,0,0,0,0,0,0,0,0,0,0,0,0,0,0,0
L100_Ts130_Tr60p0_dT15_F1p0_LP45,narrow_sensitivity,0,0,0,0,0,0,0,0,0,0,0,0,0,0,0,0,0,0,0,0,0,0,0,0,0,0,0,0,0,0,0,0,0
L100_Ts130_Tr60p0_dT15_F1p2_LP20,narrow_sensitivity,0,0,0,0,0,0,0,0,0,0,0,0,0,0,0,0,0,0,0,0,0,0,0,0,0,0,0,0,0,0,0,0,0
L100_Ts130_Tr60p0_dT15_F1p2_LP30,narrow_sensitivity,0,0,0,0,0,0,0,0,0,0,0,0,0,0,0,0,0,0,0,0,0,0,0,0,0,0,0,0,0,0,0,0,0
L100_Ts130_Tr60p0_dT15_F1p2_LP40,narrow_sensitivity,0,0,0,0,0,0,0,0,0,0,0,0,0,0,0,0,0,0,0,0,0,0,0,0,0,0,0,0,0,0,0,0,0
L100_Ts130_Tr60p0_dT15_F1p2_LP45,narrow_sensitivity,0,0,0,0,0,0,0,0,0,0,0,0,0,0,0,0,0,0,0,0,0,0,0,0,0,0,0,0,0,0,0,0,0
L100_Ts150_Tr35p0_dT5_F0p8_LP20,historical_extension,0,0,0,0,0,0,0,0,0,0,0,0,0,0,0,0,0,0,0,0,0,0,0,0,0,0,0,0,0,0,0,0,0
L100_Ts150_Tr35p0_dT5_F0p8_LP30,historical_extension,0,0,0,0,0,0,0,0,0,0,0,0,0,0,0,0,0,0,0,0,0,0,0,0,0,0,0,0,0,0,0,0,0
L100_Ts150_Tr35p0_dT5_F0p8_LP40,historical_extension,0,0,0,0,0,0,0,0,0,0,0,0,0,0,0,0,0,0,0,0,0,0,0,0,0,0,0,0,0,0,0,0,0
L100_Ts150_Tr35p0_dT5_F0p8_LP45,historical_extension,0,0,0,0,0,0,0,0,0,0,0,0,0,0,0,0,0,0,0,0,0,0,0,0,0,0,0,0,0,0,0,0,0
L100_Ts150_Tr35p0_dT5_F1p0_LP20,historical_extension,0,0,0,0,0,0,0,0,0,0,0,0,0,0,0,0,0,0,0,0,0,0,0,0,0,0,0,0,0,0,0,0,0
L100_Ts150_Tr35p0_dT5_F1p0_LP30,historical_extension,0,0,0,0,0,0,0,0,0,0,0,0,0,0,0,0,0,0,0,0,0,0,0,0,0,0,0,0,0,0,0,0,0
L100_Ts150_Tr35p0_dT5_F1p0_LP40,historical_extension,0,0,0,0,0,0,0,0,0,0,0,0,0,0,0,0,0,0,0,0,0,0,0,0,0,0,0,0,0,0,0,0,0
L100_Ts150_Tr35p0_dT5_F1p0_LP45,historical_extension,0,0,0,0,0,0,0,0,0,0,0,0,0,0,0,0,0,0,0,0,0,0,0,0,0,0,0,0,0,0,0,0,0
L100_Ts150_Tr35p0_dT5_F1p2_LP20,historical_extension,0,0,0,0,0,0,0,0,0,0,0,0,0,0,0,0,0,0,0,0,0,0,0,0,0,0,0,0,0,0,0,0,0
L100_Ts150_Tr35p0_dT5_F1p2_LP30,historical_extension,0,0,0,0,0,0,0,0,0,0,0,0,0,0,0,0,0,0,0,0,0,0,0,0,0,0,0,0,0,0,0,0,0
L100_Ts150_Tr35p0_dT5_F1p2_LP40,historical_extension,0,0,0,0,0,0,0,0,0,0,0,0,0,0,0,0,0,0,0,0,0,0,0,0,0,0,0,0,0,0,0,0,0
L100_Ts150_Tr35p0_dT5_F1p2_LP45,historical_extension,0,0,0,0,0,0,0,0,0,0,0,0,0,0,0,0,0,0,0,0,0,0,0,0,0,0,0,0,0,0,0,0,0
L100_Ts150_Tr35p0_dT10_F0p8_LP20,historical_extension,0,0,0,0,0,0,0,0,0,0,0,0,0,0,0,0,0,0,0,0,0,0,0,0,0,0,0,0,0,0,0,0,0
L100_Ts150_Tr35p0_dT10_F0p8_LP30,historical_extension,0,0,0,0,0,0,0,0,0,0,0,0,0,0,0,0,0,0,0,0,0,0,0,0,0,0,0,0,0,0,0,0,0
L100_Ts150_Tr35p0_dT10_F0p8_LP40,historical_extension,0,0,0,0,0,0,0,0,0,0,0,0,0,0,0,0,0,0,0,0,0,0,0,0,0,0,0,0,0,0,0,0,0
L100_Ts150_Tr35p0_dT10_F0p8_LP45,historical_extension,0,0,0,0,0,0,0,0,0,0,0,0,0,0,0,0,0,0,0,0,0,0,0,0,0,0,0,0,0,0,0,0,0
L100_Ts150_Tr35p0_dT10_F1p0_LP20,historical_extension,0,0,0,0,0,0,0,0,0,0,0,0,0,0,0,0,0,0,0,0,0,0,0,0,0,0,0,0,0,0,0,0,0
L100_Ts150_Tr35p0_dT10_F1p0_LP30,historical_extension,0,0,0,0,0,0,0,0,0,0,0,0,0,0,0,0,0,0,0,0,0,0,0,0,0,0,0,0,0,0,0,0,0
L100_Ts150_Tr35p0_dT10_F1p0_LP40,historical_extension,0,0,0,0,0,0,0,0,0,0,0,0,0,0,0,0,0,0,0,0,0,0,0,0,0,0,0,0,0,0,0,0,0
L100_Ts150_Tr35p0_dT10_F1p0_LP45,historical_extension,0,0,0,0,0,0,0,0,0,0,0,0,0,0,0,0,0,0,0,0,0,0,0,0,0,0,0,0,0,0,0,0,0
L100_Ts150_Tr35p0_dT10_F1p2_LP20,historical_extension,0,0,0,0,0,0,0,0,0,0,0,0,0,0,0,0,0,0,0,0,0,0,0,0,0,0,0,0,0,0,0,0,0
L100_Ts150_Tr35p0_dT10_F1p2_LP30,historical_extension,0,0,0,0,0,0,0,0,0,0,0,0,0,0,0,0,0,0,0,0,0,0,0,0,0,0,0,0,0,0,0,0,0
L100_Ts150_Tr35p0_dT10_F1p2_LP40,historical_extension,0,0,0,0,0,0,0,0,0,0,0,0,0,0,0,0,0,0,0,0,0,0,0,0,0,0,0,0,0,0,0,0,0
L100_Ts150_Tr35p0_dT10_F1p2_LP45,historical_extension,0,0,0,0,0,0,0,0,0,0,0,0,0,0,0,0,0,0,0,0,0,0,0,0,0,0,0,0,0,0,0,0,0
L100_Ts150_Tr35p0_dT15_F0p8_LP20,historical_extension,0,0,0,0,0,0,0,0,0,0,0,0,0,0,0,0,0,0,0,0,0,0,0,0,0,0,0,0,0,0,0,0,0
L100_Ts150_Tr35p0_dT15_F0p8_LP30,historical_extension,0,0,0,0,0,0,0,0,0,0,0,0,0,0,0,0,0,0,0,0,0,0,0,0,0,0,0,0,0,0,0,0,0
L100_Ts150_Tr35p0_dT15_F0p8_LP40,historical_extension,0,0,0,0,0,0,0,0,0,0,0,0,0,0,0,0,0,0,0,0,0,0,0,0,0,0,0,0,0,0,0,0,0
L100_Ts150_Tr35p0_dT15_F0p8_LP45,historical_extension,0,0,0,0,0,0,0,0,0,0,0,0,0,0,0,0,0,0,0,0,0,0,0,0,0,0,0,0,0,0,0,0,0
L100_Ts150_Tr35p0_dT15_F1p0_LP20,historical_extension,0,0,0,0,0,0,0,0,0,0,0,0,0,0,0,0,0,0,0,0,0,0,0,0,0,0,0,0,0,0,0,0,0
L100_Ts150_Tr35p0_dT15_F1p0_LP30,historical_extension,0,0,0,0,0,0,0,0,0,0,0,0,0,0,0,0,0,0,0,0,0,0,0,0,0,0,0,0,0,0,0,0,0
L100_Ts150_Tr35p0_dT15_F1p0_LP40,historical_extension,0,0,0,0,0,0,0,0,0,0,0,0,0,0,0,0,0,0,0,0,0,0,0,0,0,0,0,0,0,0,0,0,0
L100_Ts150_Tr35p0_dT15_F1p0_LP45,historical_extension,0,0,0,0,0,0,0,0,0,0,0,0,0,0,0,0,0,0,0,0,0,0,0,0,0,0,0,0,0,0,0,0,0
L100_Ts150_Tr35p0_dT15_F1p2_LP20,historical_extension,0,0,0,0,0,0,0,0,0,0,0,0,0,0,0,0,0,0,0,0,0,0,0,0,0,0,0,0,0,0,0,0,0
L100_Ts150_Tr35p0_dT15_F1p2_LP30,historical_extension,0,0,0,0,0,0,0,0,0,0,0,0,0,0,0,0,0,0,0,0,0,0,0,0,0,0,0,0,0,0,0,0,0
L100_Ts150_Tr35p0_dT15_F1p2_LP40,historical_extension,0,0,0,0,0,0,0,0,0,0,0,0,0,0,0,0,0,0,0,0,0,0,0,0,0,0,0,0,0,0,0,0,0
L100_Ts150_Tr35p0_dT15_F1p2_LP45,historical_extension,0,0,0,0,0,0,0,0,0,0,0,0,0,0,0,0,0,0,0,0,0,0,0,0,0,0,0,0,0,0,0,0,0
L100_Ts150_Tr41p44_dT5_F0p8_LP20,historical_extension,0,0,0,0,0,0,0,0,0,0,0,0,0,0,0,0,0,0,0,0,0,0,0,0,0,0,0,0,0,0,0,0,0
L100_Ts150_Tr41p44_dT5_F0p8_LP30,historical_extension,0,0,0,0,0,0,0,0,0,0,0,0,0,0,0,0,0,0,0,0,0,0,0,0,0,0,0,0,0,0,0,0,0
L100_Ts150_Tr41p44_dT5_F0p8_LP40,historical_extension,0,0,0,0,0,0,0,0,0,0,0,0,0,0,0,0,0,0,0,0,0,0,0,0,0,0,0,0,0,0,0,0,0
L100_Ts150_Tr41p44_dT5_F0p8_LP45,historical_extension,0,0,0,0,0,0,0,0,0,0,0,0,0,0,0,0,0,0,0,0,0,0,0,0,0,0,0,0,0,0,0,0,0
L100_Ts150_Tr41p44_dT5_F1p0_LP20,historical_extension,0,0,0,0,0,0,0,0,0,0,0,0,0,0,0,0,0,0,0,0,0,0,0,0,0,0,0,0,0,0,0,0,0
L100_Ts150_Tr41p44_dT5_F1p0_LP30,historical_extension,0,0,0,0,0,0,0,0,0,0,0,0,0,0,0,0,0,0,0,0,0,0,0,0,0,0,0,0,0,0,0,0,0
L100_Ts150_Tr41p44_dT5_F1p0_LP40,historical_extension,0,0,0,0,0,0,0,0,0,0,0,0,0,0,0,0,0,0,0,0,0,0,0,0,0,0,0,0,0,0,0,0,0
L100_Ts150_Tr41p44_dT5_F1p0_LP45,historical_extension,0,0,0,0,0,0,0,0,0,0,0,0,0,0,0,0,0,0,0,0,0,0,0,0,0,0,0,0,0,0,0,0,0
L100_Ts150_Tr41p44_dT5_F1p2_LP20,historical_extension,0,0,0,0,0,0,0,0,0,0,0,0,0,0,0,0,0,0,0,0,0,0,0,0,0,0,0,0,0,0,0,0,0
L100_Ts150_Tr41p44_dT5_F1p2_LP30,historical_extension,0,0,0,0,0,0,0,0,0,0,0,0,0,0,0,0,0,0,0,0,0,0,0,0,0,0,0,0,0,0,0,0,0
L100_Ts150_Tr41p44_dT5_F1p2_LP40,historical_extension,0,0,0,0,0,0,0,0,0,0,0,0,0,0,0,0,0,0,0,0,0,0,0,0,0,0,0,0,0,0,0,0,0
L100_Ts150_Tr41p44_dT5_F1p2_LP45,historical_extension,0,0,0,0,0,0,0,0,0,0,0,0,0,0,0,0,0,0,0,0,0,0,0,0,0,0,0,0,0,0,0,0,0
L100_Ts150_Tr41p44_dT10_F0p8_LP20,historical_extension,0,0,0,0,0,0,0,0,0,0,0,0,0,0,0,0,0,0,0,0,0,0,0,0,0,0,0,0,0,0,0,0,0
L100_Ts150_Tr41p44_dT10_F0p8_LP30,historical_extension,0,0,0,0,0,0,0,0,0,0,0,0,0,0,0,0,0,0,0,0,0,0,0,0,0,0,0,0,0,0,0,0,0
L100_Ts150_Tr41p44_dT10_F0p8_LP40,historical_extension,0,0,0,0,0,0,0,0,0,0,0,0,0,0,0,0,0,0,0,0,0,0,0,0,0,0,0,0,0,0,0,0,0
L100_Ts150_Tr41p44_dT10_F0p8_LP45,historical_extension,0,0,0,0,0,0,0,0,0,0,0,0,0,0,0,0,0,0,0,0,0,0,0,0,0,0,0,0,0,0,0,0,0
L100_Ts150_Tr41p44_dT10_F1p0_LP20,historical_extension,0,0,0,0,0,0,0,0,0,0,0,0,0,0,0,0,0,0,0,0,0,0,0,0,0,0,0,0,0,0,0,0,0
L100_Ts150_Tr41p44_dT10_F1p0_LP30,historical_extension,0,0,0,0,0,0,0,0,0,0,0,0,0,0,0,0,0,0,0,0,0,0,0,0,0,0,0,0,0,0,0,0,0
L100_Ts150_Tr41p44_dT10_F1p0_LP40,historical_extension,0,0,0,0,0,0,0,0,0,0,0,0,0,0,0,0,0,0,0,0,0,0,0,0,0,0,0,0,0,0,0,0,0
L100_Ts150_Tr41p44_dT10_F1p0_LP45,historical_extension,0,0,0,0,0,0,0,0,0,0,0,0,0,0,0,0,0,0,0,0,0,0,0,0,0,0,0,0,0,0,0,0,0
L100_Ts150_Tr41p44_dT10_F1p2_LP20,historical_extension,0,0,0,0,0,0,0,0,0,0,0,0,0,0,0,0,0,0,0,0,0,0,0,0,0,0,0,0,0,0,0,0,0
L100_Ts150_Tr41p44_dT10_F1p2_LP30,historical_extension,0,0,0,0,0,0,0,0,0,0,0,0,0,0,0,0,0,0,0,0,0,0,0,0,0,0,0,0,0,0,0,0,0
L100_Ts150_Tr41p44_dT10_F1p2_LP40,historical_extension,0,0,0,0,0,0,0,0,0,0,0,0,0,0,0,0,0,0,0,0,0,0,0,0,0,0,0,0,0,0,0,0,0
L100_Ts150_Tr41p44_dT10_F1p2_LP45,historical_extension,0,0,0,0,0,0,0,0,0,0,0,0,0,0,0,0,0,0,0,0,0,0,0,0,0,0,0,0,0,0,0,0,0
L100_Ts150_Tr41p44_dT15_F0p8_LP20,historical_extension,0,0,0,0,0,0,0,0,0,0,0,0,0,0,0,0,0,0,0,0,0,0,0,0,0,0,0,0,0,0,0,0,0
L100_Ts150_Tr41p44_dT15_F0p8_LP30,historical_extension,0,0,0,0,0,0,0,0,0,0,0,0,0,0,0,0,0,0,0,0,0,0,0,0,0,0,0,0,0,0,0,0,0
L100_Ts150_Tr41p44_dT15_F0p8_LP40,historical_extension,0,0,0,0,0,0,0,0,0,0,0,0,0,0,0,0,0,0,0,0,0,0,0,0,0,0,0,0,0,0,0,0,0
L100_Ts150_Tr41p44_dT15_F0p8_LP45,historical_extension,0,0,0,0,0,0,0,0,0,0,0,0,0,0,0,0,0,0,0,0,0,0,0,0,0,0,0,0,0,0,0,0,0
L100_Ts150_Tr41p44_dT15_F1p0_LP20,historical_extension,0,0,0,0,0,0,0,0,0,0,0,0,0,0,0,0,0,0,0,0,0,0,0,0,0,0,0,0,0,0,0,0,0
L100_Ts150_Tr41p44_dT15_F1p0_LP30,historical_extension,0,0,0,0,0,0,0,0,0,0,0,0,0,0,0,0,0,0,0,0,0,0,0,0,0,0,0,0,0,0,0,0,0
L100_Ts150_Tr41p44_dT15_F1p0_LP40,historical_extension,0,0,0,0,0,0,0,0,0,0,0,0,0,0,0,0,0,0,0,0,0,0,0,0,0,0,0,0,0,0,0,0,0
L100_Ts150_Tr41p44_dT15_F1p0_LP45,historical_extension,0,0,0,0,0,0,0,0,0,0,0,0,0,0,0,0,0,0,0,0,0,0,0,0,0,0,0,0,0,0,0,0,0
L100_Ts150_Tr41p44_dT15_F1p2_LP20,historical_extension,0,0,0,0,0,0,0,0,0,0,0,0,0,0,0,0,0,0,0,0,0,0,0,0,0,0,0,0,0,0,0,0,0
L100_Ts150_Tr41p44_dT15_F1p2_LP30,historical_extension,0,0,0,0,0,0,0,0,0,0,0,0,0,0,0,0,0,0,0,0,0,0,0,0,0,0,0,0,0,0,0,0,0
L100_Ts150_Tr41p44_dT15_F1p2_LP40,historical_extension,0,0,0,0,0,0,0,0,0,0,0,0,0,0,0,0,0,0,0,0,0,0,0,0,0,0,0,0,0,0,0,0,0
L100_Ts150_Tr41p44_dT15_F1p2_LP45,historical_extension,0,0,0,0,0,0,0,0,0,0,0,0,0,0,0,0,0,0,0,0,0,0,0,0,0,0,0,0,0,0,0,0,0
L100_Ts150_Tr50p0_dT5_F0p8_LP20,historical_extension,0,0,0,0,0,0,0,0,0,0,0,0,0,0,0,0,0,0,0,0,0,0,0,0,0,0,0,0,0,0,0,0,0
L100_Ts150_Tr50p0_dT5_F0p8_LP30,historical_extension,0,0,0,0,0,0,0,0,0,0,0,0,0,0,0,0,0,0,0,0,0,0,0,0,0,0,0,0,0,0,0,0,0
L100_Ts150_Tr50p0_dT5_F0p8_LP40,historical_extension,0,0,0,0,0,0,0,0,0,0,0,0,0,0,0,0,0,0,0,0,0,0,0,0,0,0,0,0,0,0,0,0,0
L100_Ts150_Tr50p0_dT5_F0p8_LP45,historical_extension,0,0,0,0,0,0,0,0,0,0,0,0,0,0,0,0,0,0,0,0,0,0,0,0,0,0,0,0,0,0,0,0,0
L100_Ts150_Tr50p0_dT5_F1p0_LP20,historical_extension,0,0,0,0,0,0,0,0,0,0,0,0,0,0,0,0,0,0,0,0,0,0,0,0,0,0,0,0,0,0,0,0,0
L100_Ts150_Tr50p0_dT5_F1p0_LP30,historical_extension,0,0,0,0,0,0,0,0,0,0,0,0,0,0,0,0,0,0,0,0,0,0,0,0,0,0,0,0,0,0,0,0,0
L100_Ts150_Tr50p0_dT5_F1p0_LP40,historical_extension,0,0,0,0,0,0,0,0,0,0,0,0,0,0,0,0,0,0,0,0,0,0,0,0,0,0,0,0,0,0,0,0,0
L100_Ts150_Tr50p0_dT5_F1p0_LP45,historical_extension,0,0,0,0,0,0,0,0,0,0,0,0,0,0,0,0,0,0,0,0,0,0,0,0,0,0,0,0,0,0,0,0,0
L100_Ts150_Tr50p0_dT5_F1p2_LP20,historical_extension,0,0,0,0,0,0,0,0,0,0,0,0,0,0,0,0,0,0,0,0,0,0,0,0,0,0,0,0,0,0,0,0,0
L100_Ts150_Tr50p0_dT5_F1p2_LP30,historical_extension,0,0,0,0,0,0,0,0,0,0,0,0,0,0,0,0,0,0,0,0,0,0,0,0,0,0,0,0,0,0,0,0,0
L100_Ts150_Tr50p0_dT5_F1p2_LP40,historical_extension,0,0,0,0,0,0,0,0,0,0,0,0,0,0,0,0,0,0,0,0,0,0,0,0,0,0,0,0,0,0,0,0,0
L100_Ts150_Tr50p0_dT5_F1p2_LP45,historical_extension,0,0,0,0,0,0,0,0,0,0,0,0,0,0,0,0,0,0,0,0,0,0,0,0,0,0,0,0,0,0,0,0,0
L100_Ts150_Tr50p0_dT10_F0p8_LP20,historical_extension,0,0,0,0,0,0,0,0,0,0,0,0,0,0,0,0,0,0,0,0,0,0,0,0,0,0,0,0,0,0,0,0,0
L100_Ts150_Tr50p0_dT10_F0p8_LP30,historical_extension,0,0,0,0,0,0,0,0,0,0,0,0,0,0,0,0,0,0,0,0,0,0,0,0,0,0,0,0,0,0,0,0,0
L100_Ts150_Tr50p0_dT10_F0p8_LP40,historical_extension,0,0,0,0,0,0,0,0,0,0,0,0,0,0,0,0,0,0,0,0,0,0,0,0,0,0,0,0,0,0,0,0,0
L100_Ts150_Tr50p0_dT10_F0p8_LP45,historical_extension,0,0,0,0,0,0,0,0,0,0,0,0,0,0,0,0,0,0,0,0,0,0,0,0,0,0,0,0,0,0,0,0,0
L100_Ts150_Tr50p0_dT10_F1p0_LP20,historical_extension,0,0,0,0,0,0,0,0,0,0,0,0,0,0,0,0,0,0,0,0,0,0,0,0,0,0,0,0,0,0,0,0,0
L100_Ts150_Tr50p0_dT10_F1p0_LP30,historical_extension,0,0,0,0,0,0,0,0,0,0,0,0,0,0,0,0,0,0,0,0,0,0,0,0,0,0,0,0,0,0,0,0,0
L100_Ts150_Tr50p0_dT10_F1p0_LP40,historical_extension,0,0,0,0,0,0,0,0,0,0,0,0,0,0,0,0,0,0,0,0,0,0,0,0,0,0,0,0,0,0,0,0,0
L100_Ts150_Tr50p0_dT10_F1p0_LP45,historical_extension,0,0,0,0,0,0,0,0,0,0,0,0,0,0,0,0,0,0,0,0,0,0,0,0,0,0,0,0,0,0,0,0,0
L100_Ts150_Tr50p0_dT10_F1p2_LP20,historical_extension,0,0,0,0,0,0,0,0,0,0,0,0,0,0,0,0,0,0,0,0,0,0,0,0,0,0,0,0,0,0,0,0,0
L100_Ts150_Tr50p0_dT10_F1p2_LP30,historical_extension,0,0,0,0,0,0,0,0,0,0,0,0,0,0,0,0,0,0,0,0,0,0,0,0,0,0,0,0,0,0,0,0,0
L100_Ts150_Tr50p0_dT10_F1p2_LP40,historical_extension,0,0,0,0,0,0,0,0,0,0,0,0,0,0,0,0,0,0,0,0,0,0,0,0,0,0,0,0,0,0,0,0,0
L100_Ts150_Tr50p0_dT10_F1p2_LP45,historical_extension,0,0,0,0,0,0,0,0,0,0,0,0,0,0,0,0,0,0,0,0,0,0,0,0,0,0,0,0,0,0,0,0,0
L100_Ts150_Tr50p0_dT15_F0p8_LP20,historical_extension,0,0,0,0,0,0,0,0,0,0,0,0,0,0,0,0,0,0,0,0,0,0,0,0,0,0,0,0,0,0,0,0,0
L100_Ts150_Tr50p0_dT15_F0p8_LP30,historical_extension,0,0,0,0,0,0,0,0,0,0,0,0,0,0,0,0,0,0,0,0,0,0,0,0,0,0,0,0,0,0,0,0,0
L100_Ts150_Tr50p0_dT15_F0p8_LP40,historical_extension,0,0,0,0,0,0,0,0,0,0,0,0,0,0,0,0,0,0,0,0,0,0,0,0,0,0,0,0,0,0,0,0,0
L100_Ts150_Tr50p0_dT15_F0p8_LP45,historical_extension,0,0,0,0,0,0,0,0,0,0,0,0,0,0,0,0,0,0,0,0,0,0,0,0,0,0,0,0,0,0,0,0,0
L100_Ts150_Tr50p0_dT15_F1p0_LP20,historical_extension,0,0,0,0,0,0,0,0,0,0,0,0,0,0,0,0,0,0,0,0,0,0,0,0,0,0,0,0,0,0,0,0,0
L100_Ts150_Tr50p0_dT15_F1p0_LP30,historical_extension,0,0,0,0,0,0,0,0,0,0,0,0,0,0,0,0,0,0,0,0,0,0,0,0,0,0,0,0,0,0,0,0,0
L100_Ts150_Tr50p0_dT15_F1p0_LP40,historical_extension,0,0,0,0,0,0,0,0,0,0,0,0,0,0,0,0,0,0,0,0,0,0,0,0,0,0,0,0,0,0,0,0,0
L100_Ts150_Tr50p0_dT15_F1p0_LP45,historical_extension,0,0,0,0,0,0,0,0,0,0,0,0,0,0,0,0,0,0,0,0,0,0,0,0,0,0,0,0,0,0,0,0,0
L100_Ts150_Tr50p0_dT15_F1p2_LP20,historical_extension,0,0,0,0,0,0,0,0,0,0,0,0,0,0,0,0,0,0,0,0,0,0,0,0,0,0,0,0,0,0,0,0,0
L100_Ts150_Tr50p0_dT15_F1p2_LP30,historical_extension,0,0,0,0,0,0,0,0,0,0,0,0,0,0,0,0,0,0,0,0,0,0,0,0,0,0,0,0,0,0,0,0,0
L100_Ts150_Tr50p0_dT15_F1p2_LP40,historical_extension,0,0,0,0,0,0,0,0,0,0,0,0,0,0,0,0,0,0,0,0,0,0,0,0,0,0,0,0,0,0,0,0,0
L100_Ts150_Tr50p0_dT15_F1p2_LP45,historical_extension,0,0,0,0,0,0,0,0,0,0,0,0,0,0,0,0,0,0,0,0,0,0,0,0,0,0,0,0,0,0,0,0,0
L100_Ts150_Tr60p0_dT5_F0p8_LP20,historical_extension,0,0,0,0,0,0,0,0,0,0,0,0,0,0,0,0,0,0,0,0,0,0,0,0,0,0,0,0,0,0,0,0,0
L100_Ts150_Tr60p0_dT5_F0p8_LP30,historical_extension,0,0,0,0,0,0,0,0,0,0,0,0,0,0,0,0,0,0,0,0,0,0,0,0,0,0,0,0,0,0,0,0,0
L100_Ts150_Tr60p0_dT5_F0p8_LP40,historical_extension,0,0,0,0,0,0,0,0,0,0,0,0,0,0,0,0,0,0,0,0,0,0,0,0,0,0,0,0,0,0,0,0,0
L100_Ts150_Tr60p0_dT5_F0p8_LP45,historical_extension,0,0,0,0,0,0,0,0,0,0,0,0,0,0,0,0,0,0,0,0,0,0,0,0,0,0,0,0,0,0,0,0,0
L100_Ts150_Tr60p0_dT5_F1p0_LP20,historical_extension,0,0,0,0,0,0,0,0,0,0,0,0,0,0,0,0,0,0,0,0,0,0,0,0,0,0,0,0,0,0,0,0,0
L100_Ts150_Tr60p0_dT5_F1p0_LP30,historical_extension,0,0,0,0,0,0,0,0,0,0,0,0,0,0,0,0,0,0,0,0,0,0,0,0,0,0,0,0,0,0,0,0,0
L100_Ts150_Tr60p0_dT5_F1p0_LP40,historical_extension,0,0,0,0,0,0,0,0,0,0,0,0,0,0,0,0,0,0,0,0,0,0,0,0,0,0,0,0,0,0,0,0,0
L100_Ts150_Tr60p0_dT5_F1p0_LP45,historical_extension,0,0,0,0,0,0,0,0,0,0,0,0,0,0,0,0,0,0,0,0,0,0,0,0,0,0,0,0,0,0,0,0,0
L100_Ts150_Tr60p0_dT5_F1p2_LP20,historical_extension,0,0,0,0,0,0,0,0,0,0,0,0,0,0,0,0,0,0,0,0,0,0,0,0,0,0,0,0,0,0,0,0,0
L100_Ts150_Tr60p0_dT5_F1p2_LP30,historical_extension,0,0,0,0,0,0,0,0,0,0,0,0,0,0,0,0,0,0,0,0,0,0,0,0,0,0,0,0,0,0,0,0,0
L100_Ts150_Tr60p0_dT5_F1p2_LP40,historical_extension,0,0,0,0,0,0,0,0,0,0,0,0,0,0,0,0,0,0,0,0,0,0,0,0,0,0,0,0,0,0,0,0,0
L100_Ts150_Tr60p0_dT5_F1p2_LP45,historical_extension,0,0,0,0,0,0,0,0,0,0,0,0,0,0,0,0,0,0,0,0,0,0,0,0,0,0,0,0,0,0,0,0,0
L100_Ts150_Tr60p0_dT10_F0p8_LP20,historical_extension,0,0,0,0,0,0,0,0,0,0,0,0,0,0,0,0,0,0,0,0,0,0,0,0,0,0,0,0,0,0,0,0,0
L100_Ts150_Tr60p0_dT10_F0p8_LP30,historical_extension,0,0,0,0,0,0,0,0,0,0,0,0,0,0,0,0,0,0,0,0,0,0,0,0,0,0,0,0,0,0,0,0,0
L100_Ts150_Tr60p0_dT10_F0p8_LP40,historical_extension,0,0,0,0,0,0,0,0,0,0,0,0,0,0,0,0,0,0,0,0,0,0,0,0,0,0,0,0,0,0,0,0,0
L100_Ts150_Tr60p0_dT10_F0p8_LP45,historical_extension,0,0,0,0,0,0,0,0,0,0,0,0,0,0,0,0,0,0,0,0,0,0,0,0,0,0,0,0,0,0,0,0,0
L100_Ts150_Tr60p0_dT10_F1p0_LP20,historical_extension,0,0,0,0,0,0,0,0,0,0,0,0,0,0,0,0,0,0,0,0,0,0,0,0,0,0,0,0,0,0,0,0,0
L100_Ts150_Tr60p0_dT10_F1p0_LP30,historical_extension,0,0,0,0,0,0,0,0,0,0,0,0,0,0,0,0,0,0,0,0,0,0,0,0,0,0,0,0,0,0,0,0,0
L100_Ts150_Tr60p0_dT10_F1p0_LP40,historical_extension,0,0,0,0,0,0,0,0,0,0,0,0,0,0,0,0,0,0,0,0,0,0,0,0,0,0,0,0,0,0,0,0,0
L100_Ts150_Tr60p0_dT10_F1p0_LP45,historical_extension,0,0,0,0,0,0,0,0,0,0,0,0,0,0,0,0,0,0,0,0,0,0,0,0,0,0,0,0,0,0,0,0,0
L100_Ts150_Tr60p0_dT10_F1p2_LP20,historical_extension,0,0,0,0,0,0,0,0,0,0,0,0,0,0,0,0,0,0,0,0,0,0,0,0,0,0,0,0,0,0,0,0,0
L100_Ts150_Tr60p0_dT10_F1p2_LP30,historical_extension,0,0,0,0,0,0,0,0,0,0,0,0,0,0,0,0,0,0,0,0,0,0,0,0,0,0,0,0,0,0,0,0,0
L100_Ts150_Tr60p0_dT10_F1p2_LP40,historical_extension,0,0,0,0,0,0,0,0,0,0,0,0,0,0,0,0,0,0,0,0,0,0,0,0,0,0,0,0,0,0,0,0,0
L100_Ts150_Tr60p0_dT10_F1p2_LP45,historical_extension,0,0,0,0,0,0,0,0,0,0,0,0,0,0,0,0,0,0,0,0,0,0,0,0,0,0,0,0,0,0,0,0,0
L100_Ts150_Tr60p0_dT15_F0p8_LP20,historical_extension,0,0,0,0,0,0,0,0,0,0,0,0,0,0,0,0,0,0,0,0,0,0,0,0,0,0,0,0,0,0,0,0,0
L100_Ts150_Tr60p0_dT15_F0p8_LP30,historical_extension,0,0,0,0,0,0,0,0,0,0,0,0,0,0,0,0,0,0,0,0,0,0,0,0,0,0,0,0,0,0,0,0,0
L100_Ts150_Tr60p0_dT15_F0p8_LP40,historical_extension,0,0,0,0,0,0,0,0,0,0,0,0,0,0,0,0,0,0,0,0,0,0,0,0,0,0,0,0,0,0,0,0,0
L100_Ts150_Tr60p0_dT15_F0p8_LP45,historical_extension,0,0,0,0,0,0,0,0,0,0,0,0,0,0,0,0,0,0,0,0,0,0,0,0,0,0,0,0,0,0,0,0,0
L100_Ts150_Tr60p0_dT15_F1p0_LP20,historical_extension,0,0,0,0,0,0,0,0,0,0,0,0,0,0,0,0,0,0,0,0,0,0,0,0,0,0,0,0,0,0,0,0,0
L100_Ts150_Tr60p0_dT15_F1p0_LP30,historical_extension,0,0,0,0,0,0,0,0,0,0,0,0,0,0,0,0,0,0,0,0,0,0,0,0,0,0,0,0,0,0,0,0,0
L100_Ts150_Tr60p0_dT15_F1p0_LP40,historical_extension,0,0,0,0,0,0,0,0,0,0,0,0,0,0,0,0,0,0,0,0,0,0,0,0,0,0,0,0,0,0,0,0,0
L100_Ts150_Tr60p0_dT15_F1p0_LP45,historical_extension,0,0,0,0,0,0,0,0,0,0,0,0,0,0,0,0,0,0,0,0,0,0,0,0,0,0,0,0,0,0,0,0,0
L100_Ts150_Tr60p0_dT15_F1p2_LP20,historical_extension,0,0,0,0,0,0,0,0,0,0,0,0,0,0,0,0,0,0,0,0,0,0,0,0,0,0,0,0,0,0,0,0,0
L100_Ts150_Tr60p0_dT15_F1p2_LP30,historical_extension,0,0,0,0,0,0,0,0,0,0,0,0,0,0,0,0,0,0,0,0,0,0,0,0,0,0,0,0,0,0,0,0,0
L100_Ts150_Tr60p0_dT15_F1p2_LP40,historical_extension,0,0,0,0,0,0,0,0,0,0,0,0,0,0,0,0,0,0,0,0,0,0,0,0,0,0,0,0,0,0,0,0,0
L100_Ts150_Tr60p0_dT15_F1p2_LP45,historical_extension,0,0,0,0,0,0,0,0,0,0,0,0,0,0,0,0,0,0,0,0,0,0,0,0,0,0,0,0,0,0,0,0,0
L100_Ts180_Tr35p0_dT5_F0p8_LP20,historical_extension,15,0,0,0,0,15,15,15,0,0,0,0,0,15,0,15,0,0,0,0,0,15,0,15,0,0,0,0,0,15,0,15,0
L100_Ts180_Tr35p0_dT5_F0p8_LP30,historical_extension,15,0,0,0,0,15,15,15,0,0,0,0,0,15,0,15,0,0,0,0,0,15,0,15,0,0,0,0,0,15,0,15,0
L100_Ts180_Tr35p0_dT5_F0p8_LP40,historical_extension,15,0,0,0,0,15,15,15,0,0,0,0,0,15,0,15,0,0,0,0,0,15,0,15,0,0,0,0,0,15,0,15,0
L100_Ts180_Tr35p0_dT5_F0p8_LP45,historical_extension,15,0,0,0,0,15,15,15,0,0,0,0,0,15,0,15,0,0,0,0,0,15,0,15,0,0,0,0,0,15,0,15,0
L100_Ts180_Tr35p0_dT5_F1p0_LP20,historical_extension,35,0,0,0,0,35,35,35,0,0,0,0,0,35,0,35,0,0,0,0,0,35,0,35,0,0,0,0,0,35,0,35,0
L100_Ts180_Tr35p0_dT5_F1p0_LP30,historical_extension,35,0,0,0,0,35,35,35,0,0,0,0,0,35,0,35,0,0,0,0,0,35,0,35,0,0,0,0,0,35,0,35,0
L100_Ts180_Tr35p0_dT5_F1p0_LP40,historical_extension,35,0,0,0,0,35,35,35,0,0,0,0,0,35,0,35,0,0,0,0,0,35,0,35,0,0,0,0,0,35,0,35,0
L100_Ts180_Tr35p0_dT5_F1p0_LP45,historical_extension,35,0,0,0,0,35,35,35,0,0,0,0,0,35,0,35,0,0,0,0,0,35,0,35,0,0,0,0,0,35,0,35,0
L100_Ts180_Tr35p0_dT5_F1p2_LP20,historical_extension,57,0,0,0,0,57,57,57,0,0,0,0,0,57,0,57,0,0,0,0,0,57,0,57,0,0,0,0,0,57,0,57,0
L100_Ts180_Tr35p0_dT5_F1p2_LP30,historical_extension,57,0,0,0,0,57,57,57,0,0,0,0,0,57,0,57,0,0,0,0,0,57,0,57,0,0,0,0,0,57,0,57,0
L100_Ts180_Tr35p0_dT5_F1p2_LP40,historical_extension,57,0,0,0,0,57,57,57,0,0,0,0,0,57,0,57,0,0,0,0,0,57,0,57,0,0,0,0,0,57,0,57,0
L100_Ts180_Tr35p0_dT5_F1p2_LP45,historical_extension,57,0,0,0,0,57,57,57,0,0,0,0,0,57,0,57,0,0,0,0,0,57,0,57,0,0,0,0,0,57,0,57,0
L100_Ts180_Tr35p0_dT10_F0p8_LP20,historical_extension,42,0,0,0,0,42,42,42,0,0,0,0,0,42,0,42,0,0,0,0,0,42,0,42,0,0,0,0,0,42,0,42,0
L100_Ts180_Tr35p0_dT10_F0p8_LP30,historical_extension,42,0,0,0,0,42,42,42,0,0,0,0,0,42,0,42,0,0,0,0,0,42,0,42,0,0,0,0,0,42,0,42,0
L100_Ts180_Tr35p0_dT10_F0p8_LP40,historical_extension,42,0,0,0,0,42,42,42,0,0,0,0,0,42,0,42,0,0,0,0,0,42,0,42,0,0,0,0,0,42,0,42,0
L100_Ts180_Tr35p0_dT10_F0p8_LP45,historical_extension,42,0,0,0,0,42,42,42,0,0,0,0,0,42,0,42,0,0,0,0,0,42,0,42,0,0,0,0,0,42,0,42,0
L100_Ts180_Tr35p0_dT10_F1p0_LP20,historical_extension,62,0,0,0,0,62,62,62,0,0,0,0,0,62,0,62,0,0,0,0,0,62,0,62,0,0,0,0,0,62,0,62,0
L100_Ts180_Tr35p0_dT10_F1p0_LP30,historical_extension,62,0,0,0,0,62,62,62,0,0,0,0,0,62,0,62,0,0,0,0,0,62,0,62,0,0,0,0,0,62,0,62,0
L100_Ts180_Tr35p0_dT10_F1p0_LP40,historical_extension,62,0,0,0,0,62,62,62,0,0,0,0,0,62,0,62,0,0,0,0,0,62,0,62,0,0,0,0,0,62,0,62,0
L100_Ts180_Tr35p0_dT10_F1p0_LP45,historical_extension,62,0,0,0,0,62,62,62,0,0,0,0,0,62,0,62,0,0,0,0,0,62,0,62,0,0,0,0,0,62,0,62,0
L100_Ts180_Tr35p0_dT10_F1p2_LP20,historical_extension,83,0,0,0,0,83,83,83,0,0,0,0,0,83,0,83,0,0,0,0,0,83,0,83,0,0,0,0,0,83,0,83,0
L100_Ts180_Tr35p0_dT10_F1p2_LP30,historical_extension,83,0,0,0,0,83,83,83,0,0,0,0,0,83,0,83,0,0,0,0,0,83,0,83,0,0,0,0,0,83,0,83,0
L100_Ts180_Tr35p0_dT10_F1p2_LP40,historical_extension,83,0,0,0,0,83,83,83,0,0,0,0,0,83,0,83,0,0,0,0,0,83,0,83,0,0,0,0,0,83,0,83,0
L100_Ts180_Tr35p0_dT10_F1p2_LP45,historical_extension,83,0,0,0,0,83,83,83,0,0,0,0,0,83,0,83,0,0,0,0,0,83,0,83,0,0,0,0,0,83,0,83,0
L100_Ts180_Tr35p0_dT15_F0p8_LP20,historical_extension,69,0,0,0,0,69,69,69,0,0,0,0,0,69,0,69,0,0,0,0,0,69,0,69,0,0,0,0,0,69,0,69,0
L100_Ts180_Tr35p0_dT15_F0p8_LP30,historical_extension,69,0,0,0,0,69,69,69,0,0,0,0,0,69,0,69,0,0,0,0,0,69,0,69,0,0,0,0,0,69,0,69,0
L100_Ts180_Tr35p0_dT15_F0p8_LP40,historical_extension,69,0,0,0,0,69,69,69,0,0,0,0,0,69,0,69,0,0,0,0,0,69,0,69,0,0,0,0,0,69,0,69,0
L100_Ts180_Tr35p0_dT15_F0p8_LP45,historical_extension,69,0,0,0,0,69,69,69,0,0,0,0,0,69,0,69,0,0,0,0,0,69,0,69,0,0,0,0,0,69,0,69,0
L100_Ts180_Tr35p0_dT15_F1p0_LP20,historical_extension,88,0,0,0,0,88,88,88,0,0,0,0,0,88,0,88,0,0,0,0,0,88,0,88,0,0,0,0,0,88,0,88,0
L100_Ts180_Tr35p0_dT15_F1p0_LP30,historical_extension,88,0,0,0,0,88,88,88,0,0,0,0,0,88,0,88,0,0,0,0,0,88,0,88,0,0,0,0,0,88,0,88,0
L100_Ts180_Tr35p0_dT15_F1p0_LP40,historical_extension,88,0,0,0,0,88,88,88,0,0,0,0,0,88,0,88,0,0,0,0,0,88,0,88,0,0,0,0,0,88,0,88,0
L100_Ts180_Tr35p0_dT15_F1p0_LP45,historical_extension,88,0,0,0,0,88,88,88,0,0,0,0,0,88,0,88,0,0,0,0,0,88,0,88,0,0,0,0,0,88,0,88,0
L100_Ts180_Tr35p0_dT15_F1p2_LP20,historical_extension,109,0,0,0,0,109,109,109,0,0,0,0,0,109,0,109,0,0,0,0,0,109,0,109,0,0,0,0,0,109,0,109,0
L100_Ts180_Tr35p0_dT15_F1p2_LP30,historical_extension,109,0,0,0,0,109,109,109,0,0,0,0,0,109,0,109,0,0,0,0,0,109,0,109,0,0,0,0,0,109,0,109,0
L100_Ts180_Tr35p0_dT15_F1p2_LP40,historical_extension,109,0,0,0,0,109,109,109,0,0,0,0,0,109,0,109,0,0,0,0,0,109,0,109,0,0,0,0,0,109,0,109,0
L100_Ts180_Tr35p0_dT15_F1p2_LP45,historical_extension,109,0,0,0,0,109,109,109,0,0,0,0,0,109,0,109,0,0,0,0,0,109,0,109,0,0,0,0,0,109,0,109,0
L100_Ts180_Tr41p44_dT5_F0p8_LP20,historical_extension,14,0,0,0,0,14,14,14,0,0,0,0,0,14,0,14,0,0,0,0,0,14,0,14,0,0,0,0,0,14,0,14,0
L100_Ts180_Tr41p44_dT5_F0p8_LP30,historical_extension,14,0,0,0,0,14,14,14,0,0,0,0,0,14,0,14,0,0,0,0,0,14,0,14,0,0,0,0,0,14,0,14,0
L100_Ts180_Tr41p44_dT5_F0p8_LP40,historical_extension,14,0,0,0,0,14,14,14,0,0,0,0,0,14,0,14,0,0,0,0,0,14,0,14,0,0,0,0,0,14,0,14,0
L100_Ts180_Tr41p44_dT5_F0p8_LP45,historical_extension,14,0,0,0,0,14,14,14,0,0,0,0,0,14,0,14,0,0,0,0,0,14,0,14,0,0,0,0,0,14,0,14,0
L100_Ts180_Tr41p44_dT5_F1p0_LP20,historical_extension,36,0,0,0,0,36,36,36,0,0,0,0,0,36,0,36,0,0,0,0,0,36,0,36,0,0,0,0,0,36,0,36,0
L100_Ts180_Tr41p44_dT5_F1p0_LP30,historical_extension,36,0,0,0,0,36,36,36,0,0,0,0,0,36,0,36,0,0,0,0,0,36,0,36,0,0,0,0,0,36,0,36,0
L100_Ts180_Tr41p44_dT5_F1p0_LP40,historical_extension,36,0,0,0,0,36,36,36,0,0,0,0,0,36,0,36,0,0,0,0,0,36,0,36,0,0,0,0,0,36,0,36,0
L100_Ts180_Tr41p44_dT5_F1p0_LP45,historical_extension,36,0,0,0,0,36,36,36,0,0,0,0,0,36,0,36,0,0,0,0,0,36,0,36,0,0,0,0,0,36,0,36,0
L100_Ts180_Tr41p44_dT5_F1p2_LP20,historical_extension,58,0,0,0,0,58,58,58,0,0,0,0,0,58,0,58,0,0,0,0,0,58,0,58,0,0,0,0,0,58,0,58,0
L100_Ts180_Tr41p44_dT5_F1p2_LP30,historical_extension,58,0,0,0,0,58,58,58,0,0,0,0,0,58,0,58,0,0,0,0,0,58,0,58,0,0,0,0,0,58,0,58,0
L100_Ts180_Tr41p44_dT5_F1p2_LP40,historical_extension,58,0,0,0,0,58,58,58,0,0,0,0,0,58,0,58,0,0,0,0,0,58,0,58,0,0,0,0,0,58,0,58,0
L100_Ts180_Tr41p44_dT5_F1p2_LP45,historical_extension,58,0,0,0,0,58,58,58,0,0,0,0,0,58,0,58,0,0,0,0,0,58,0,58,0,0,0,0,0,58,0,58,0
L100_Ts180_Tr41p44_dT10_F0p8_LP20,historical_extension,43,0,0,0,0,43,43,43,0,0,0,0,0,43,0,43,0,0,0,0,0,43,0,43,0,0,0,0,0,43,0,43,0
L100_Ts180_Tr41p44_dT10_F0p8_LP30,historical_extension,43,0,0,0,0,43,43,43,0,0,0,0,0,43,0,43,0,0,0,0,0,43,0,43,0,0,0,0,0,43,0,43,0
L100_Ts180_Tr41p44_dT10_F0p8_LP40,historical_extension,43,0,0,0,0,43,43,43,0,0,0,0,0,43,0,43,0,0,0,0,0,43,0,43,0,0,0,0,0,43,0,43,0
L100_Ts180_Tr41p44_dT10_F0p8_LP45,historical_extension,43,0,0,0,0,43,43,43,0,0,0,0,0,43,0,43,0,0,0,0,0,43,0,43,0,0,0,0,0,43,0,43,0
L100_Ts180_Tr41p44_dT10_F1p0_LP20,historical_extension,63,0,0,0,0,63,63,63,0,0,0,0,0,63,0,63,0,0,0,0,0,63,0,63,0,0,0,0,0,63,0,63,0
L100_Ts180_Tr41p44_dT10_F1p0_LP30,historical_extension,63,0,0,0,0,63,63,63,0,0,0,0,0,63,0,63,0,0,0,0,0,63,0,63,0,0,0,0,0,63,0,63,0
L100_Ts180_Tr41p44_dT10_F1p0_LP40,historical_extension,63,0,0,0,0,63,63,63,0,0,0,0,0,63,0,63,0,0,0,0,0,63,0,63,0,0,0,0,0,63,0,63,0
L100_Ts180_Tr41p44_dT10_F1p0_LP45,historical_extension,63,0,0,0,0,63,63,63,0,0,0,0,0,63,0,63,0,0,0,0,0,63,0,63,0,0,0,0,0,63,0,63,0
L100_Ts180_Tr41p44_dT10_F1p2_LP20,historical_extension,85,0,0,0,0,85,85,85,0,0,0,0,0,85,0,85,0,0,0,0,0,85,0,85,0,0,0,0,0,85,0,85,0
L100_Ts180_Tr41p44_dT10_F1p2_LP30,historical_extension,85,0,0,0,0,85,85,85,0,0,0,0,0,85,0,85,0,0,0,0,0,85,0,85,0,0,0,0,0,85,0,85,0
L100_Ts180_Tr41p44_dT10_F1p2_LP40,historical_extension,85,0,0,0,0,85,85,85,0,0,0,0,0,85,0,85,0,0,0,0,0,85,0,85,0,0,0,0,0,85,0,85,0
L100_Ts180_Tr41p44_dT10_F1p2_LP45,historical_extension,85,0,0,0,0,85,85,85,0,0,0,0,0,85,0,85,0,0,0,0,0,85,0,85,0,0,0,0,0,85,0,85,0
L100_Ts180_Tr41p44_dT15_F0p8_LP20,historical_extension,71,0,0,0,0,71,71,71,0,0,0,0,0,71,0,71,0,0,0,0,0,71,0,71,0,0,0,0,0,71,0,71,0
L100_Ts180_Tr41p44_dT15_F0p8_LP30,historical_extension,71,0,0,0,0,71,71,71,0,0,0,0,0,71,0,71,0,0,0,0,0,71,0,71,0,0,0,0,0,71,0,71,0
L100_Ts180_Tr41p44_dT15_F0p8_LP40,historical_extension,71,0,0,0,0,71,71,71,0,0,0,0,0,71,0,71,0,0,0,0,0,71,0,71,0,0,0,0,0,71,0,71,0
L100_Ts180_Tr41p44_dT15_F0p8_LP45,historical_extension,71,0,0,0,0,71,71,71,0,0,0,0,0,71,0,71,0,0,0,0,0,71,0,71,0,0,0,0,0,71,0,71,0
L100_Ts180_Tr41p44_dT15_F1p0_LP20,historical_extension,91,0,0,0,0,91,91,91,0,0,0,0,0,91,0,91,0,0,0,0,0,91,0,91,0,0,0,0,0,91,0,91,0
L100_Ts180_Tr41p44_dT15_F1p0_LP30,historical_extension,91,0,0,0,0,91,91,91,0,0,0,0,0,91,0,91,0,0,0,0,0,91,0,91,0,0,0,0,0,91,0,91,0
L100_Ts180_Tr41p44_dT15_F1p0_LP40,historical_extension,91,0,0,0,0,91,91,91,0,0,0,0,0,91,0,91,0,0,0,0,0,91,0,91,0,0,0,0,0,91,0,91,0
L100_Ts180_Tr41p44_dT15_F1p0_LP45,historical_extension,91,0,0,0,0,91,91,91,0,0,0,0,0,91,0,91,0,0,0,0,0,91,0,91,0,0,0,0,0,91,0,91,0
L100_Ts180_Tr41p44_dT15_F1p2_LP20,historical_extension,113,0,0,0,0,113,113,113,0,0,0,0,0,113,0,113,0,0,0,0,0,113,0,113,0,0,0,0,0,113,0,113,0
L100_Ts180_Tr41p44_dT15_F1p2_LP30,historical_extension,113,0,0,0,0,113,113,113,0,0,0,0,0,113,0,113,0,0,0,0,0,113,0,113,0,0,0,0,0,113,0,113,0
L100_Ts180_Tr41p44_dT15_F1p2_LP40,historical_extension,113,0,0,0,0,113,113,113,0,0,0,0,0,113,0,113,0,0,0,0,0,113,0,113,0,0,0,0,0,113,0,113,0
L100_Ts180_Tr41p44_dT15_F1p2_LP45,historical_extension,113,0,0,0,0,113,113,113,0,0,0,0,0,113,0,113,0,0,0,0,0,113,0,113,0,0,0,0,0,113,0,113,0
L100_Ts180_Tr50p0_dT5_F0p8_LP20,historical_extension,14,0,0,0,0,14,14,14,0,0,0,0,0,14,0,14,0,0,0,0,0,14,0,14,0,0,0,0,0,14,0,14,0
L100_Ts180_Tr50p0_dT5_F0p8_LP30,historical_extension,14,0,0,0,0,14,14,14,0,0,0,0,0,14,0,14,0,0,0,0,0,14,0,14,0,0,0,0,0,14,0,14,0
L100_Ts180_Tr50p0_dT5_F0p8_LP40,historical_extension,14,0,0,0,0,14,14,14,0,0,0,0,0,14,0,14,0,0,0,0,0,14,0,14,0,0,0,0,0,14,0,14,0
L100_Ts180_Tr50p0_dT5_F0p8_LP45,historical_extension,14,0,0,0,0,14,14,14,0,0,0,0,0,14,0,14,0,0,0,0,0,14,0,14,0,0,0,0,0,14,0,14,0
L100_Ts180_Tr50p0_dT5_F1p0_LP20,historical_extension,36,0,0,0,0,36,36,36,0,0,0,0,0,36,0,36,0,0,0,0,0,36,0,36,0,0,0,0,0,36,0,36,0
L100_Ts180_Tr50p0_dT5_F1p0_LP30,historical_extension,36,0,0,0,0,36,36,36,0,0,0,0,0,36,0,36,0,0,0,0,0,36,0,36,0,0,0,0,0,36,0,36,0
L100_Ts180_Tr50p0_dT5_F1p0_LP40,historical_extension,36,0,0,0,0,36,36,36,0,0,0,0,0,36,0,36,0,0,0,0,0,36,0,36,0,0,0,0,0,36,0,36,0
L100_Ts180_Tr50p0_dT5_F1p0_LP45,historical_extension,36,0,0,0,0,36,36,36,0,0,0,0,0,36,0,36,0,0,0,0,0,36,0,36,0,0,0,0,0,36,0,36,0
L100_Ts180_Tr50p0_dT5_F1p2_LP20,historical_extension,59,0,0,0,0,59,59,59,0,0,0,0,0,59,0,59,0,0,0,0,0,59,0,59,0,0,0,0,0,59,0,59,0
L100_Ts180_Tr50p0_dT5_F1p2_LP30,historical_extension,59,0,0,0,0,59,59,59,0,0,0,0,0,59,0,59,0,0,0,0,0,59,0,59,0,0,0,0,0,59,0,59,0
L100_Ts180_Tr50p0_dT5_F1p2_LP40,historical_extension,59,0,0,0,0,59,59,59,0,0,0,0,0,59,0,59,0,0,0,0,0,59,0,59,0,0,0,0,0,59,0,59,0
L100_Ts180_Tr50p0_dT5_F1p2_LP45,historical_extension,59,0,0,0,0,59,59,59,0,0,0,0,0,59,0,59,0,0,0,0,0,59,0,59,0,0,0,0,0,59,0,59,0
L100_Ts180_Tr50p0_dT10_F0p8_LP20,historical_extension,44,0,0,0,0,44,44,44,0,0,0,0,0,44,0,44,0,0,0,0,0,44,0,44,0,0,0,0,0,44,0,44,0
L100_Ts180_Tr50p0_dT10_F0p8_LP30,historical_extension,44,0,0,0,0,44,44,44,0,0,0,0,0,44,0,44,0,0,0,0,0,44,0,44,0,0,0,0,0,44,0,44,0
L100_Ts180_Tr50p0_dT10_F0p8_LP40,historical_extension,44,0,0,0,0,44,44,44,0,0,0,0,0,44,0,44,0,0,0,0,0,44,0,44,0,0,0,0,0,44,0,44,0
L100_Ts180_Tr50p0_dT10_F0p8_LP45,historical_extension,44,0,0,0,0,44,44,44,0,0,0,0,0,44,0,44,0,0,0,0,0,44,0,44,0,0,0,0,0,44,0,44,0
L100_Ts180_Tr50p0_dT10_F1p0_LP20,historical_extension,66,0,0,0,0,66,66,66,0,0,0,0,0,66,0,66,0,0,0,0,0,66,0,66,0,0,0,0,0,66,0,66,0
L100_Ts180_Tr50p0_dT10_F1p0_LP30,historical_extension,66,0,0,0,0,66,66,66,0,0,0,0,0,66,0,66,0,0,0,0,0,66,0,66,0,0,0,0,0,66,0,66,0
L100_Ts180_Tr50p0_dT10_F1p0_LP40,historical_extension,66,0,0,0,0,66,66,66,0,0,0,0,0,66,0,66,0,0,0,0,0,66,0,66,0,0,0,0,0,66,0,66,0
L100_Ts180_Tr50p0_dT10_F1p0_LP45,historical_extension,66,0,0,0,0,66,66,66,0,0,0,0,0,66,0,66,0,0,0,0,0,66,0,66,0,0,0,0,0,66,0,66,0
L100_Ts180_Tr50p0_dT10_F1p2_LP20,historical_extension,88,0,0,0,0,88,88,88,0,0,0,0,0,88,0,88,0,0,0,0,0,88,0,88,0,0,0,0,0,88,0,88,0
L100_Ts180_Tr50p0_dT10_F1p2_LP30,historical_extension,88,0,0,0,0,88,88,88,0,0,0,0,0,88,0,88,0,0,0,0,0,88,0,88,0,0,0,0,0,88,0,88,0
L100_Ts180_Tr50p0_dT10_F1p2_LP40,historical_extension,88,0,0,0,0,88,88,88,0,0,0,0,0,88,0,88,0,0,0,0,0,88,0,88,0,0,0,0,0,88,0,88,0
L100_Ts180_Tr50p0_dT10_F1p2_LP45,historical_extension,88,0,0,0,0,88,88,88,0,0,0,0,0,88,0,88,0,0,0,0,0,88,0,88,0,0,0,0,0,88,0,88,0
L100_Ts180_Tr50p0_dT15_F0p8_LP20,historical_extension,74,0,0,0,0,74,74,74,0,0,0,0,0,74,0,74,0,0,0,0,0,74,0,74,0,0,0,0,0,74,0,74,0
L100_Ts180_Tr50p0_dT15_F0p8_LP30,historical_extension,74,0,0,0,0,74,74,74,0,0,0,0,0,74,0,74,0,0,0,0,0,74,0,74,0,0,0,0,0,74,0,74,0
L100_Ts180_Tr50p0_dT15_F0p8_LP40,historical_extension,74,0,0,0,0,74,74,74,0,0,0,0,0,74,0,74,0,0,0,0,0,74,0,74,0,0,0,0,0,74,0,74,0
L100_Ts180_Tr50p0_dT15_F0p8_LP45,historical_extension,74,0,0,0,0,74,74,74,0,0,0,0,0,74,0,74,0,0,0,0,0,74,0,74,0,0,0,0,0,74,0,74,0
L100_Ts180_Tr50p0_dT15_F1p0_LP20,historical_extension,96,0,0,0,0,96,96,96,0,0,0,0,0,96,0,96,0,0,0,0,0,96,0,96,0,0,0,0,0,96,0,96,0
L100_Ts180_Tr50p0_dT15_F1p0_LP30,historical_extension,96,0,0,0,0,96,96,96,0,0,0,0,0,96,0,96,0,0,0,0,0,96,0,96,0,0,0,0,0,96,0,96,0
L100_Ts180_Tr50p0_dT15_F1p0_LP40,historical_extension,96,0,0,0,0,96,96,96,0,0,0,0,0,96,0,96,0,0,0,0,0,96,0,96,0,0,0,0,0,96,0,96,0
L100_Ts180_Tr50p0_dT15_F1p0_LP45,historical_extension,96,0,0,0,0,96,96,96,0,0,0,0,0,96,0,96,0,0,0,0,0,96,0,96,0,0,0,0,0,96,0,96,0
L100_Ts180_Tr50p0_dT15_F1p2_LP20,historical_extension,117,0,0,0,0,117,117,117,0,0,0,0,0,117,0,117,0,0,0,0,0,117,0,117,0,0,0,0,0,117,0,117,0
L100_Ts180_Tr50p0_dT15_F1p2_LP30,historical_extension,117,0,0,0,0,117,117,117,0,0,0,0,0,117,0,117,0,0,0,0,0,117,0,117,0,0,0,0,0,117,0,117,0
L100_Ts180_Tr50p0_dT15_F1p2_LP40,historical_extension,117,0,0,0,0,117,117,117,0,0,0,0,0,117,0,117,0,0,0,0,0,117,0,117,0,0,0,0,0,117,0,117,0
L100_Ts180_Tr50p0_dT15_F1p2_LP45,historical_extension,117,0,0,0,0,117,117,117,0,0,0,0,0,117,0,117,0,0,0,0,0,117,0,117,0,0,0,0,0,117,0,117,0
L100_Ts180_Tr60p0_dT5_F0p8_LP20,historical_extension,14,0,0,0,0,14,14,14,0,0,0,0,0,14,0,14,0,0,0,0,0,14,0,14,0,0,0,0,0,14,0,14,0
L100_Ts180_Tr60p0_dT5_F0p8_LP30,historical_extension,14,0,0,0,0,14,14,14,0,0,0,0,0,14,0,14,0,0,0,0,0,14,0,14,0,0,0,0,0,14,0,14,0
L100_Ts180_Tr60p0_dT5_F0p8_LP40,historical_extension,14,0,0,0,0,14,14,14,0,0,0,0,0,14,0,14,0,0,0,0,0,14,0,14,0,0,0,0,0,14,0,14,0
L100_Ts180_Tr60p0_dT5_F0p8_LP45,historical_extension,14,0,0,0,0,14,14,14,0,0,0,0,0,14,0,14,0,0,0,0,0,14,0,14,0,0,0,0,0,14,0,14,0
L100_Ts180_Tr60p0_dT5_F1p0_LP20,historical_extension,37,0,0,0,0,37,37,37,0,0,0,0,0,37,0,37,0,0,0,0,0,37,0,37,0,0,0,0,0,37,0,37,0
L100_Ts180_Tr60p0_dT5_F1p0_LP30,historical_extension,37,0,0,0,0,37,37,37,0,0,0,0,0,37,0,37,0,0,0,0,0,37,0,37,0,0,0,0,0,37,0,37,0
L100_Ts180_Tr60p0_dT5_F1p0_LP40,historical_extension,37,0,0,0,0,37,37,37,0,0,0,0,0,37,0,37,0,0,0,0,0,37,0,37,0,0,0,0,0,37,0,37,0
L100_Ts180_Tr60p0_dT5_F1p0_LP45,historical_extension,37,0,0,0,0,37,37,37,0,0,0,0,0,37,0,37,0,0,0,0,0,37,0,37,0,0,0,0,0,37,0,37,0
L100_Ts180_Tr60p0_dT5_F1p2_LP20,historical_extension,60,0,0,0,0,60,60,60,0,0,0,0,0,60,0,60,0,0,0,0,0,60,0,60,0,0,0,0,0,60,0,60,0
L100_Ts180_Tr60p0_dT5_F1p2_LP30,historical_extension,60,0,0,0,0,60,60,60,0,0,0,0,0,60,0,60,0,0,0,0,0,60,0,60,0,0,0,0,0,60,0,60,0
L100_Ts180_Tr60p0_dT5_F1p2_LP40,historical_extension,60,0,0,0,0,60,60,60,0,0,0,0,0,60,0,60,0,0,0,0,0,60,0,60,0,0,0,0,0,60,0,60,0
L100_Ts180_Tr60p0_dT5_F1p2_LP45,historical_extension,60,0,0,0,0,60,60,60,0,0,0,0,0,60,0,60,0,0,0,0,0,60,0,60,0,0,0,0,0,60,0,60,0
L100_Ts180_Tr60p0_dT10_F0p8_LP20,historical_extension,46,0,0,0,0,46,46,46,0,0,0,0,0,46,0,46,0,0,0,0,0,46,0,46,0,0,0,0,0,46,0,46,0
L100_Ts180_Tr60p0_dT10_F0p8_LP30,historical_extension,46,0,0,0,0,46,46,46,0,0,0,0,0,46,0,46,0,0,0,0,0,46,0,46,0,0,0,0,0,46,0,46,0
L100_Ts180_Tr60p0_dT10_F0p8_LP40,historical_extension,46,0,0,0,0,46,46,46,0,0,0,0,0,46,0,46,0,0,0,0,0,46,0,46,0,0,0,0,0,46,0,46,0
L100_Ts180_Tr60p0_dT10_F0p8_LP45,historical_extension,46,0,0,0,0,46,46,46,0,0,0,0,0,46,0,46,0,0,0,0,0,46,0,46,0,0,0,0,0,46,0,46,0
L100_Ts180_Tr60p0_dT10_F1p0_LP20,historical_extension,69,0,0,0,0,69,69,69,0,0,0,0,0,69,0,69,0,0,0,0,0,69,0,69,0,0,0,0,0,69,0,69,0
L100_Ts180_Tr60p0_dT10_F1p0_LP30,historical_extension,69,0,0,0,0,69,69,69,0,0,0,0,0,69,0,69,0,0,0,0,0,69,0,69,0,0,0,0,0,69,0,69,0
L100_Ts180_Tr60p0_dT10_F1p0_LP40,historical_extension,69,0,0,0,0,69,69,69,0,0,0,0,0,69,0,69,0,0,0,0,0,69,0,69,0,0,0,0,0,69,0,69,0
L100_Ts180_Tr60p0_dT10_F1p0_LP45,historical_extension,69,0,0,0,0,69,69,69,0,0,0,0,0,69,0,69,0,0,0,0,0,69,0,69,0,0,0,0,0,69,0,69,0
L100_Ts180_Tr60p0_dT10_F1p2_LP20,historical_extension,92,0,0,0,0,92,92,92,0,0,0,0,0,92,0,92,0,0,0,0,0,92,0,92,0,0,0,0,0,92,0,92,0
L100_Ts180_Tr60p0_dT10_F1p2_LP30,historical_extension,92,0,0,0,0,92,92,92,0,0,0,0,0,92,0,92,0,0,0,0,0,92,0,92,0,0,0,0,0,92,0,92,0
L100_Ts180_Tr60p0_dT10_F1p2_LP40,historical_extension,92,0,0,0,0,92,92,92,0,0,0,0,0,92,0,92,0,0,0,0,0,92,0,92,0,0,0,0,0,92,0,92,0
L100_Ts180_Tr60p0_dT10_F1p2_LP45,historical_extension,92,0,0,0,0,92,92,92,0,0,0,0,0,92,0,92,0,0,0,0,0,92,0,92,0,0,0,0,0,92,0,92,0
L100_Ts180_Tr60p0_dT15_F0p8_LP20,historical_extension,79,0,0,0,0,79,79,79,0,0,0,0,0,79,0,79,0,0,0,0,0,79,0,79,0,0,0,0,0,79,0,79,0
L100_Ts180_Tr60p0_dT15_F0p8_LP30,historical_extension,79,0,0,0,0,79,79,79,0,0,0,0,0,79,0,79,0,0,0,0,0,79,0,79,0,0,0,0,0,79,0,79,0
L100_Ts180_Tr60p0_dT15_F0p8_LP40,historical_extension,79,0,0,0,0,79,79,79,0,0,0,0,0,79,0,79,0,0,0,0,0,79,0,79,0,0,0,0,0,79,0,79,0
L100_Ts180_Tr60p0_dT15_F0p8_LP45,historical_extension,79,0,0,0,0,79,79,79,0,0,0,0,0,79,0,79,0,0,0,0,0,79,0,79,0,0,0,0,0,79,0,79,0
L100_Ts180_Tr60p0_dT15_F1p0_LP20,historical_extension,101,0,0,0,0,101,101,101,0,0,0,0,0,101,0,101,0,0,0,0,0,101,0,101,0,0,0,0,0,101,0,101,0
L100_Ts180_Tr60p0_dT15_F1p0_LP30,historical_extension,101,0,0,0,0,101,101,101,0,0,0,0,0,101,0,101,0,0,0,0,0,101,0,101,0,0,0,0,0,101,0,101,0
L100_Ts180_Tr60p0_dT15_F1p0_LP40,historical_extension,101,0,0,0,0,101,101,101,0,0,0,0,0,101,0,101,0,0,0,0,0,101,0,101,0,0,0,0,0,101,0,101,0
L100_Ts180_Tr60p0_dT15_F1p0_LP45,historical_extension,101,0,0,0,0,101,101,101,0,0,0,0,0,101,0,101,0,0,0,0,0,101,0,101,0,0,0,0,0,101,0,101,0
L100_Ts180_Tr60p0_dT15_F1p2_LP20,historical_extension,124,0,0,0,0,124,124,124,0,0,0,0,0,124,0,124,0,0,0,0,0,124,0,124,0,0,0,0,0,124,0,124,0
L100_Ts180_Tr60p0_dT15_F1p2_LP30,historical_extension,124,0,0,0,0,124,124,124,0,0,0,0,0,124,0,124,0,0,0,0,0,124,0,124,0,0,0,0,0,124,0,124,0
L100_Ts180_Tr60p0_dT15_F1p2_LP40,historical_extension,124,0,0,0,0,124,124,124,0,0,0,0,0,124,0,124,0,0,0,0,0,124,0,124,0,0,0,0,0,124,0,124,0
L100_Ts180_Tr60p0_dT15_F1p2_LP45,historical_extension,124,0,0,0,0,124,124,124,0,0,0,0,0,124,0,124,0,0,0,0,0,124,0,124,0,0,0,0,0,124,0,124,0
