scenario_id,scheme,n,measure,scale,nonzero_rows,unique_nonzero,retention,dominant,supply,high_grade,low_grade,stratum
L50_Ts120_Tr50p0_dT5_F1p0_LP30,S1,5,raw_equal,baseline,4,4,0.75,high_grade,0.0,1.0,0.0,main_reference
L50_Ts120_Tr50p0_dT5_F1p0_LP30,S1,5,raw_equal,common_5K,4,4,0.75,high_grade,0.0,1.0,0.0,main_reference
L50_Ts120_Tr50p0_dT5_F1p0_LP30,S1,5,raw_equal,common_span,4,4,0.75,high_grade,0.0,1.0,0.0,main_reference
L50_Ts120_Tr50p0_dT5_F1p0_LP30,S1,5,raw_equal,grade_half,4,4,0.75,high_grade,0.0,1.0,0.0,main_reference
L50_Ts120_Tr50p0_dT5_F1p0_LP30,S1,5,raw_equal,grade_double,4,4,0.75,high_grade,0.0,1.0,0.0,main_reference
L50_Ts120_Tr50p0_dT5_F1p0_LP30,S1,5,unique_equal,baseline,4,4,0.75,high_grade,0.0,1.0,0.0,main_reference
L50_Ts120_Tr50p0_dT5_F1p0_LP30,S1,5,unique_equal,common_5K,4,4,0.75,high_grade,0.0,1.0,0.0,main_reference
L50_Ts120_Tr50p0_dT5_F1p0_LP30,S1,5,unique_equal,common_span,4,4,0.75,high_grade,0.0,1.0,0.0,main_reference
L50_Ts120_Tr50p0_dT5_F1p0_LP30,S1,5,unique_equal,grade_half,4,4,0.75,high_grade,0.0,1.0,0.0,main_reference
L50_Ts120_Tr50p0_dT5_F1p0_LP30,S1,5,unique_equal,grade_double,4,4,0.75,high_grade,0.0,1.0,0.0,main_reference
L50_Ts120_Tr50p0_dT5_F1p0_LP30,S1,5,physical_measure,baseline,4,4,0.8571428571428572,high_grade,0.0,1.0,0.0,main_reference
L50_Ts120_Tr50p0_dT5_F1p0_LP30,S1,5,physical_measure,common_5K,4,4,0.8571428571428572,high_grade,0.0,1.0,0.0,main_reference
L50_Ts120_Tr50p0_dT5_F1p0_LP30,S1,5,physical_measure,common_span,4,4,0.8571428571428572,high_grade,0.0,1.0,0.0,main_reference
L50_Ts120_Tr50p0_dT5_F1p0_LP30,S1,5,physical_measure,grade_half,4,4,0.8571428571428572,high_grade,0.0,1.0,0.0,main_reference
L50_Ts120_Tr50p0_dT5_F1p0_LP30,S1,5,physical_measure,grade_double,4,4,0.8571428571428572,high_grade,0.0,1.0,0.0,main_reference
L50_Ts120_Tr50p0_dT5_F1p0_LP30,S2a,5,raw_equal,baseline,20,20,0.5,low_grade,0.0,0.2,0.8,main_reference
L50_Ts120_Tr50p0_dT5_F1p0_LP30,S2a,5,raw_equal,common_5K,20,20,0.5,low_grade,0.0,0.2,0.8,main_reference
L50_Ts120_Tr50p0_dT5_F1p0_LP30,S2a,5,raw_equal,common_span,20,20,0.5,low_grade,0.0,0.2,0.8,main_reference
L50_Ts120_Tr50p0_dT5_F1p0_LP30,S2a,5,raw_equal,grade_half,20,20,0.5,low_grade,0.0,0.2,0.8,main_reference
L50_Ts120_Tr50p0_dT5_F1p0_LP30,S2a,5,raw_equal,grade_double,20,20,0.5,low_grade,0.0,0.2,0.8,main_reference
L50_Ts120_Tr50p0_dT5_F1p0_LP30,S2a,5,unique_equal,baseline,20,20,0.5,low_grade,0.0,0.2,0.8,main_reference
L50_Ts120_Tr50p0_dT5_F1p0_LP30,S2a,5,unique_equal,common_5K,20,20,0.5,low_grade,0.0,0.2,0.8,main_reference
L50_Ts120_Tr50p0_dT5_F1p0_LP30,S2a,5,unique_equal,common_span,20,20,0.5,low_grade,0.0,0.2,0.8,main_reference
L50_Ts120_Tr50p0_dT5_F1p0_LP30,S2a,5,unique_equal,grade_half,20,20,0.5,low_grade,0.0,0.2,0.8,main_reference
L50_Ts120_Tr50p0_dT5_F1p0_LP30,S2a,5,unique_equal,grade_double,20,20,0.5,low_grade,0.0,0.2,0.8,main_reference
L50_Ts120_Tr50p0_dT5_F1p0_LP30,S2a,5,physical_measure,baseline,20,20,0.4332913927180332,low_grade,0.0,0.1733950546718937,0.8266049453281064,main_reference
L50_Ts120_Tr50p0_dT5_F1p0_LP30,S2a,5,physical_measure,common_5K,20,20,0.4332913927180332,low_grade,0.0,0.1733950546718937,0.8266049453281064,main_reference
L50_Ts120_Tr50p0_dT5_F1p0_LP30,S2a,5,physical_measure,common_span,20,20,0.4332913927180332,low_grade,0.0,0.1733950546718937,0.8266049453281064,main_reference
L50_Ts120_Tr50p0_dT5_F1p0_LP30,S2a,5,physical_measure,grade_half,20,20,0.4332913927180332,low_grade,0.0,0.1733950546718937,0.8266049453281064,main_reference
L50_Ts120_Tr50p0_dT5_F1p0_LP30,S2a,5,physical_measure,grade_double,20,20,0.4332913927180332,low_grade,0.0,0.1733950546718937,0.8266049453281064,main_reference
L50_Ts120_Tr50p0_dT5_F1p0_LP30,S2b,5,raw_equal,baseline,20,20,0.5,low_grade,0.1,0.0,0.9,main_reference
L50_Ts120_Tr50p0_dT5_F1p0_LP30,S2b,5,raw_equal,common_5K,20,20,0.5,low_grade,0.1,0.0,0.9,main_reference
L50_Ts120_Tr50p0_dT5_F1p0_LP30,S2b,5,raw_equal,common_span,20,20,0.5,low_grade,0.1,0.0,0.9,main_reference
L50_Ts120_Tr50p0_dT5_F1p0_LP30,S2b,5,raw_equal,grade_half,20,20,0.5,low_grade,0.1,0.0,0.9,main_reference
L50_Ts120_Tr50p0_dT5_F1p0_LP30,S2b,5,raw_equal,grade_double,20,20,0.5,low_grade,0.1,0.0,0.9,main_reference
L50_Ts120_Tr50p0_dT5_F1p0_LP30,S2b,5,unique_equal,baseline,20,20,0.5,low_grade,0.1,0.0,0.9,main_reference
L50_Ts120_Tr50p0_dT5_F1p0_LP30,S2b,5,unique_equal,common_5K,20,20,0.5,low_grade,0.1,0.0,0.9,main_reference
L50_Ts120_Tr50p0_dT5_F1p0_LP30,S2b,5,unique_equal,common_span,20,20,0.5,low_grade,0.1,0.0,0.9,main_reference
L50_Ts120_Tr50p0_dT5_F1p0_LP30,S2b,5,unique_equal,grade_half,20,20,0.5,low_grade,0.1,0.0,0.9,main_reference
L50_Ts120_Tr50p0_dT5_F1p0_LP30,S2b,5,unique_equal,grade_double,20,20,0.5,low_grade,0.1,0.0,0.9,main_reference
L50_Ts120_Tr50p0_dT5_F1p0_LP30,S2b,5,physical_measure,baseline,20,20,0.4469187128923962,low_grade,0.0634496060240742,0.0,0.936550393975926,main_reference
L50_Ts120_Tr50p0_dT5_F1p0_LP30,S2b,5,physical_measure,common_5K,20,20,0.4469187128923962,low_grade,0.0634496060240742,0.0,0.936550393975926,main_reference
L50_Ts120_Tr50p0_dT5_F1p0_LP30,S2b,5,physical_measure,common_span,20,20,0.4469187128923962,low_grade,0.0634496060240742,0.0,0.936550393975926,main_reference
L50_Ts120_Tr50p0_dT5_F1p0_LP30,S2b,5,physical_measure,grade_half,20,20,0.4469187128923962,low_grade,0.0634496060240742,0.0,0.936550393975926,main_reference
L50_Ts120_Tr50p0_dT5_F1p0_LP30,S2b,5,physical_measure,grade_double,20,20,0.4469187128923962,low_grade,0.0634496060240742,0.0,0.936550393975926,main_reference
L50_Ts120_Tr60p0_dT5_F1p0_LP30,S1,5,raw_equal,baseline,4,4,0.5,high_grade,0.0,1.0,0.0,main_reference
L50_Ts120_Tr60p0_dT5_F1p0_LP30,S1,5,raw_equal,common_5K,4,4,0.5,high_grade,0.0,1.0,0.0,main_reference
L50_Ts120_Tr60p0_dT5_F1p0_LP30,S1,5,raw_equal,common_span,4,4,0.5,high_grade,0.0,1.0,0.0,main_reference
L50_Ts120_Tr60p0_dT5_F1p0_LP30,S1,5,raw_equal,grade_half,4,4,0.5,high_grade,0.0,1.0,0.0,main_reference
L50_Ts120_Tr60p0_dT5_F1p0_LP30,S1,5,raw_equal,grade_double,4,4,0.5,high_grade,0.0,1.0,0.0,main_reference
L50_Ts120_Tr60p0_dT5_F1p0_LP30,S1,5,unique_equal,baseline,4,4,0.5,high_grade,0.0,1.0,0.0,main_reference
L50_Ts120_Tr60p0_dT5_F1p0_LP30,S1,5,unique_equal,common_5K,4,4,0.5,high_grade,0.0,1.0,0.0,main_reference
L50_Ts120_Tr60p0_dT5_F1p0_LP30,S1,5,unique_equal,common_span,4,4,0.5,high_grade,0.0,1.0,0.0,main_reference
L50_Ts120_Tr60p0_dT5_F1p0_LP30,S1,5,unique_equal,grade_half,4,4,0.5,high_grade,0.0,1.0,0.0,main_reference
L50_Ts120_Tr60p0_dT5_F1p0_LP30,S1,5,unique_equal,grade_double,4,4,0.5,high_grade,0.0,1.0,0.0,main_reference
L50_Ts120_Tr60p0_dT5_F1p0_LP30,S1,5,physical_measure,baseline,4,4,0.5714285714285714,high_grade,0.0,1.0,0.0,main_reference
L50_Ts120_Tr60p0_dT5_F1p0_LP30,S1,5,physical_measure,common_5K,4,4,0.5714285714285714,high_grade,0.0,1.0,0.0,main_reference
L50_Ts120_Tr60p0_dT5_F1p0_LP30,S1,5,physical_measure,common_span,4,4,0.5714285714285714,high_grade,0.0,1.0,0.0,main_reference
L50_Ts120_Tr60p0_dT5_F1p0_LP30,S1,5,physical_measure,grade_half,4,4,0.5714285714285714,high_grade,0.0,1.0,0.0,main_reference
L50_Ts120_Tr60p0_dT5_F1p0_LP30,S1,5,physical_measure,grade_double,4,4,0.5714285714285714,high_grade,0.0,1.0,0.0,main_reference
L50_Ts120_Tr60p0_dT5_F1p0_LP30,S2a,5,raw_equal,baseline,20,20,0.3,low_grade,0.0,0.2142857142857142,0.7857142857142857,main_reference
L50_Ts120_Tr60p0_dT5_F1p0_LP30,S2a,5,raw_equal,common_5K,20,20,0.3,low_grade,0.0,0.2142857142857142,0.7857142857142857,main_reference
L50_Ts120_Tr60p0_dT5_F1p0_LP30,S2a,5,raw_equal,common_span,20,20,0.3,low_grade,0.0,0.2142857142857142,0.7857142857142857,main_reference
L50_Ts120_Tr60p0_dT5_F1p0_LP30,S2a,5,raw_equal,grade_half,20,20,0.3,low_grade,0.0,0.2142857142857142,0.7857142857142857,main_reference
L50_Ts120_Tr60p0_dT5_F1p0_LP30,S2a,5,raw_equal,grade_double,20,20,0.3,low_grade,0.0,0.2142857142857142,0.7857142857142857,main_reference
L50_Ts120_Tr60p0_dT5_F1p0_LP30,S2a,5,unique_equal,baseline,20,20,0.3,low_grade,0.0,0.2142857142857142,0.7857142857142857,main_reference
L50_Ts120_Tr60p0_dT5_F1p0_LP30,S2a,5,unique_equal,common_5K,20,20,0.3,low_grade,0.0,0.2142857142857142,0.7857142857142857,main_reference
L50_Ts120_Tr60p0_dT5_F1p0_LP30,S2a,5,unique_equal,common_span,20,20,0.3,low_grade,0.0,0.2142857142857142,0.7857142857142857,main_reference
L50_Ts120_Tr60p0_dT5_F1p0_LP30,S2a,5,unique_equal,grade_half,20,20,0.3,low_grade,0.0,0.2142857142857142,0.7857142857142857,main_reference
L50_Ts120_Tr60p0_dT5_F1p0_LP30,S2a,5,unique_equal,grade_double,20,20,0.3,low_grade,0.0,0.2142857142857142,0.7857142857142857,main_reference
L50_Ts120_Tr60p0_dT5_F1p0_LP30,S2a,5,physical_measure,baseline,20,20,0.2087992171568378,low_grade,0.0,0.1868079698787592,0.8131920301212407,main_reference
L50_Ts120_Tr60p0_dT5_F1p0_LP30,S2a,5,physical_measure,common_5K,20,20,0.2087992171568378,low_grade,0.0,0.1868079698787592,0.8131920301212407,main_reference
L50_Ts120_Tr60p0_dT5_F1p0_LP30,S2a,5,physical_measure,common_span,20,20,0.2087992171568378,low_grade,0.0,0.1868079698787592,0.8131920301212407,main_reference
L50_Ts120_Tr60p0_dT5_F1p0_LP30,S2a,5,physical_measure,grade_half,20,20,0.2087992171568378,low_grade,0.0,0.1868079698787592,0.8131920301212407,main_reference
L50_Ts120_Tr60p0_dT5_F1p0_LP30,S2a,5,physical_measure,grade_double,20,20,0.2087992171568378,low_grade,0.0,0.1868079698787592,0.8131920301212407,main_reference
L50_Ts120_Tr60p0_dT5_F1p0_LP30,S2b,5,raw_equal,baseline,20,20,0.35,low_grade,0.0769230769230769,0.0,0.9230769230769232,main_reference
L50_Ts120_Tr60p0_dT5_F1p0_LP30,S2b,5,raw_equal,common_5K,20,20,0.35,low_grade,0.0769230769230769,0.0,0.9230769230769232,main_reference
L50_Ts120_Tr60p0_dT5_F1p0_LP30,S2b,5,raw_equal,common_span,20,20,0.35,low_grade,0.0769230769230769,0.0,0.9230769230769232,main_reference
L50_Ts120_Tr60p0_dT5_F1p0_LP30,S2b,5,raw_equal,grade_half,20,20,0.35,low_grade,0.0769230769230769,0.0,0.9230769230769232,main_reference
L50_Ts120_Tr60p0_dT5_F1p0_LP30,S2b,5,raw_equal,grade_double,20,20,0.35,low_grade,0.0769230769230769,0.0,0.9230769230769232,main_reference
L50_Ts120_Tr60p0_dT5_F1p0_LP30,S2b,5,unique_equal,baseline,20,20,0.35,low_grade,0.0769230769230769,0.0,0.9230769230769232,main_reference
L50_Ts120_Tr60p0_dT5_F1p0_LP30,S2b,5,unique_equal,common_5K,20,20,0.35,low_grade,0.0769230769230769,0.0,0.9230769230769232,main_reference
L50_Ts120_Tr60p0_dT5_F1p0_LP30,S2b,5,unique_equal,common_span,20,20,0.35,low_grade,0.0769230769230769,0.0,0.9230769230769232,main_reference
L50_Ts120_Tr60p0_dT5_F1p0_LP30,S2b,5,unique_equal,grade_half,20,20,0.35,low_grade,0.0769230769230769,0.0,0.9230769230769232,main_reference
L50_Ts120_Tr60p0_dT5_F1p0_LP30,S2b,5,unique_equal,grade_double,20,20,0.35,low_grade,0.0769230769230769,0.0,0.9230769230769232,main_reference
L50_Ts120_Tr60p0_dT5_F1p0_LP30,S2b,5,physical_measure,baseline,20,20,0.2681937037788546,low_grade,0.0479536592503716,0.0,0.9520463407496282,main_reference
L50_Ts120_Tr60p0_dT5_F1p0_LP30,S2b,5,physical_measure,common_5K,20,20,0.2681937037788546,low_grade,0.0479536592503716,0.0,0.9520463407496282,main_reference
L50_Ts120_Tr60p0_dT5_F1p0_LP30,S2b,5,physical_measure,common_span,20,20,0.2681937037788546,low_grade,0.0479536592503716,0.0,0.9520463407496282,main_reference
L50_Ts120_Tr60p0_dT5_F1p0_LP30,S2b,5,physical_measure,grade_half,20,20,0.2681937037788546,low_grade,0.0479536592503716,0.0,0.9520463407496282,main_reference
L50_Ts120_Tr60p0_dT5_F1p0_LP30,S2b,5,physical_measure,grade_double,20,20,0.2681937037788546,low_grade,0.0479536592503716,0.0,0.9520463407496282,main_reference
L50_Ts130_Tr50p0_dT5_F1p0_LP30,S1,5,raw_equal,baseline,4,4,0.75,high_grade,0.0,1.0,0.0,main_reference
L50_Ts130_Tr50p0_dT5_F1p0_LP30,S1,5,raw_equal,common_5K,4,4,0.75,high_grade,0.0,1.0,0.0,main_reference
L50_Ts130_Tr50p0_dT5_F1p0_LP30,S1,5,raw_equal,common_span,4,4,0.75,high_grade,0.0,1.0,0.0,main_reference
L50_Ts130_Tr50p0_dT5_F1p0_LP30,S1,5,raw_equal,grade_half,4,4,0.75,high_grade,0.0,1.0,0.0,main_reference
L50_Ts130_Tr50p0_dT5_F1p0_LP30,S1,5,raw_equal,grade_double,4,4,0.75,high_grade,0.0,1.0,0.0,main_reference
L50_Ts130_Tr50p0_dT5_F1p0_LP30,S1,5,unique_equal,baseline,4,4,0.75,high_grade,0.0,1.0,0.0,main_reference
L50_Ts130_Tr50p0_dT5_F1p0_LP30,S1,5,unique_equal,common_5K,4,4,0.75,high_grade,0.0,1.0,0.0,main_reference
L50_Ts130_Tr50p0_dT5_F1p0_LP30,S1,5,unique_equal,common_span,4,4,0.75,high_grade,0.0,1.0,0.0,main_reference
L50_Ts130_Tr50p0_dT5_F1p0_LP30,S1,5,unique_equal,grade_half,4,4,0.75,high_grade,0.0,1.0,0.0,main_reference
L50_Ts130_Tr50p0_dT5_F1p0_LP30,S1,5,unique_equal,grade_double,4,4,0.75,high_grade,0.0,1.0,0.0,main_reference
L50_Ts130_Tr50p0_dT5_F1p0_LP30,S1,5,physical_measure,baseline,4,4,0.8571428571428572,high_grade,0.0,1.0,0.0,main_reference
L50_Ts130_Tr50p0_dT5_F1p0_LP30,S1,5,physical_measure,common_5K,4,4,0.8571428571428572,high_grade,0.0,1.0,0.0,main_reference
L50_Ts130_Tr50p0_dT5_F1p0_LP30,S1,5,physical_measure,common_span,4,4,0.8571428571428572,high_grade,0.0,1.0,0.0,main_reference
L50_Ts130_Tr50p0_dT5_F1p0_LP30,S1,5,physical_measure,grade_half,4,4,0.8571428571428572,high_grade,0.0,1.0,0.0,main_reference
L50_Ts130_Tr50p0_dT5_F1p0_LP30,S1,5,physical_measure,grade_double,4,4,0.8571428571428572,high_grade,0.0,1.0,0.0,main_reference
L50_Ts130_Tr50p0_dT5_F1p0_LP30,S2a,5,raw_equal,baseline,20,20,0.5,low_grade,0.0,0.2,0.8,main_reference
L50_Ts130_Tr50p0_dT5_F1p0_LP30,S2a,5,raw_equal,common_5K,20,20,0.5,low_grade,0.0,0.2,0.8,main_reference
L50_Ts130_Tr50p0_dT5_F1p0_LP30,S2a,5,raw_equal,common_span,20,20,0.5,low_grade,0.0,0.2,0.8,main_reference
L50_Ts130_Tr50p0_dT5_F1p0_LP30,S2a,5,raw_equal,grade_half,20,20,0.5,low_grade,0.0,0.2,0.8,main_reference
L50_Ts130_Tr50p0_dT5_F1p0_LP30,S2a,5,raw_equal,grade_double,20,20,0.5,low_grade,0.0,0.2,0.8,main_reference
L50_Ts130_Tr50p0_dT5_F1p0_LP30,S2a,5,unique_equal,baseline,20,20,0.5,low_grade,0.0,0.2,0.8,main_reference
L50_Ts130_Tr50p0_dT5_F1p0_LP30,S2a,5,unique_equal,common_5K,20,20,0.5,low_grade,0.0,0.2,0.8,main_reference
L50_Ts130_Tr50p0_dT5_F1p0_LP30,S2a,5,unique_equal,common_span,20,20,0.5,low_grade,0.0,0.2,0.8,main_reference
L50_Ts130_Tr50p0_dT5_F1p0_LP30,S2a,5,unique_equal,grade_half,20,20,0.5,low_grade,0.0,0.2,0.8,main_reference
L50_Ts130_Tr50p0_dT5_F1p0_LP30,S2a,5,unique_equal,grade_double,20,20,0.5,low_grade,0.0,0.2,0.8,main_reference
L50_Ts130_Tr50p0_dT5_F1p0_LP30,S2a,5,physical_measure,baseline,20,20,0.4332913927180332,low_grade,0.0,0.1733950546718937,0.8266049453281064,main_reference
L50_Ts130_Tr50p0_dT5_F1p0_LP30,S2a,5,physical_measure,common_5K,20,20,0.4332913927180332,low_grade,0.0,0.1733950546718937,0.8266049453281064,main_reference
L50_Ts130_Tr50p0_dT5_F1p0_LP30,S2a,5,physical_measure,common_span,20,20,0.4332913927180332,low_grade,0.0,0.1733950546718937,0.8266049453281064,main_reference
L50_Ts130_Tr50p0_dT5_F1p0_LP30,S2a,5,physical_measure,grade_half,20,20,0.4332913927180332,low_grade,0.0,0.1733950546718937,0.8266049453281064,main_reference
L50_Ts130_Tr50p0_dT5_F1p0_LP30,S2a,5,physical_measure,grade_double,20,20,0.4332913927180332,low_grade,0.0,0.1733950546718937,0.8266049453281064,main_reference
L50_Ts130_Tr50p0_dT5_F1p0_LP30,S2b,5,raw_equal,baseline,20,20,0.55,low_grade,0.0,0.0,1.0,main_reference
L50_Ts130_Tr50p0_dT5_F1p0_LP30,S2b,5,raw_equal,common_5K,20,20,0.55,low_grade,0.0,0.0,1.0,main_reference
L50_Ts130_Tr50p0_dT5_F1p0_LP30,S2b,5,raw_equal,common_span,20,20,0.55,low_grade,0.0,0.0,1.0,main_reference
L50_Ts130_Tr50p0_dT5_F1p0_LP30,S2b,5,raw_equal,grade_half,20,20,0.55,low_grade,0.0,0.0,1.0,main_reference
L50_Ts130_Tr50p0_dT5_F1p0_LP30,S2b,5,raw_equal,grade_double,20,20,0.55,low_grade,0.0,0.0,1.0,main_reference
L50_Ts130_Tr50p0_dT5_F1p0_LP30,S2b,5,unique_equal,baseline,20,20,0.55,low_grade,0.0,0.0,1.0,main_reference
L50_Ts130_Tr50p0_dT5_F1p0_LP30,S2b,5,unique_equal,common_5K,20,20,0.55,low_grade,0.0,0.0,1.0,main_reference
L50_Ts130_Tr50p0_dT5_F1p0_LP30,S2b,5,unique_equal,common_span,20,20,0.55,low_grade,0.0,0.0,1.0,main_reference
L50_Ts130_Tr50p0_dT5_F1p0_LP30,S2b,5,unique_equal,grade_half,20,20,0.55,low_grade,0.0,0.0,1.0,main_reference
L50_Ts130_Tr50p0_dT5_F1p0_LP30,S2b,5,unique_equal,grade_double,20,20,0.55,low_grade,0.0,0.0,1.0,main_reference
L50_Ts130_Tr50p0_dT5_F1p0_LP30,S2b,5,physical_measure,baseline,20,20,0.4820115026586615,low_grade,0.0,0.0,1.0,main_reference
L50_Ts130_Tr50p0_dT5_F1p0_LP30,S2b,5,physical_measure,common_5K,20,20,0.4820115026586615,low_grade,0.0,0.0,1.0,main_reference
L50_Ts130_Tr50p0_dT5_F1p0_LP30,S2b,5,physical_measure,common_span,20,20,0.4820115026586615,low_grade,0.0,0.0,1.0,main_reference
L50_Ts130_Tr50p0_dT5_F1p0_LP30,S2b,5,physical_measure,grade_half,20,20,0.4820115026586615,low_grade,0.0,0.0,1.0,main_reference
L50_Ts130_Tr50p0_dT5_F1p0_LP30,S2b,5,physical_measure,grade_double,20,20,0.4820115026586615,low_grade,0.0,0.0,1.0,main_reference
L50_Ts130_Tr60p0_dT5_F1p0_LP30,S1,5,raw_equal,baseline,4,4,0.5,high_grade,0.0,1.0,0.0,main_reference
L50_Ts130_Tr60p0_dT5_F1p0_LP30,S1,5,raw_equal,common_5K,4,4,0.5,high_grade,0.0,1.0,0.0,main_reference
L50_Ts130_Tr60p0_dT5_F1p0_LP30,S1,5,raw_equal,common_span,4,4,0.5,high_grade,0.0,1.0,0.0,main_reference
L50_Ts130_Tr60p0_dT5_F1p0_LP30,S1,5,raw_equal,grade_half,4,4,0.5,high_grade,0.0,1.0,0.0,main_reference
L50_Ts130_Tr60p0_dT5_F1p0_LP30,S1,5,raw_equal,grade_double,4,4,0.5,high_grade,0.0,1.0,0.0,main_reference
L50_Ts130_Tr60p0_dT5_F1p0_LP30,S1,5,unique_equal,baseline,4,4,0.5,high_grade,0.0,1.0,0.0,main_reference
L50_Ts130_Tr60p0_dT5_F1p0_LP30,S1,5,unique_equal,common_5K,4,4,0.5,high_grade,0.0,1.0,0.0,main_reference
L50_Ts130_Tr60p0_dT5_F1p0_LP30,S1,5,unique_equal,common_span,4,4,0.5,high_grade,0.0,1.0,0.0,main_reference
L50_Ts130_Tr60p0_dT5_F1p0_LP30,S1,5,unique_equal,grade_half,4,4,0.5,high_grade,0.0,1.0,0.0,main_reference
L50_Ts130_Tr60p0_dT5_F1p0_LP30,S1,5,unique_equal,grade_double,4,4,0.5,high_grade,0.0,1.0,0.0,main_reference
L50_Ts130_Tr60p0_dT5_F1p0_LP30,S1,5,physical_measure,baseline,4,4,0.5714285714285714,high_grade,0.0,1.0,0.0,main_reference
L50_Ts130_Tr60p0_dT5_F1p0_LP30,S1,5,physical_measure,common_5K,4,4,0.5714285714285714,high_grade,0.0,1.0,0.0,main_reference
L50_Ts130_Tr60p0_dT5_F1p0_LP30,S1,5,physical_measure,common_span,4,4,0.5714285714285714,high_grade,0.0,1.0,0.0,main_reference
L50_Ts130_Tr60p0_dT5_F1p0_LP30,S1,5,physical_measure,grade_half,4,4,0.5714285714285714,high_grade,0.0,1.0,0.0,main_reference
L50_Ts130_Tr60p0_dT5_F1p0_LP30,S1,5,physical_measure,grade_double,4,4,0.5714285714285714,high_grade,0.0,1.0,0.0,main_reference
L50_Ts130_Tr60p0_dT5_F1p0_LP30,S2a,5,raw_equal,baseline,20,20,0.3,low_grade,0.0,0.2142857142857142,0.7857142857142857,main_reference
L50_Ts130_Tr60p0_dT5_F1p0_LP30,S2a,5,raw_equal,common_5K,20,20,0.3,low_grade,0.0,0.2142857142857142,0.7857142857142857,main_reference
L50_Ts130_Tr60p0_dT5_F1p0_LP30,S2a,5,raw_equal,common_span,20,20,0.3,low_grade,0.0,0.2142857142857142,0.7857142857142857,main_reference
L50_Ts130_Tr60p0_dT5_F1p0_LP30,S2a,5,raw_equal,grade_half,20,20,0.3,low_grade,0.0,0.2142857142857142,0.7857142857142857,main_reference
L50_Ts130_Tr60p0_dT5_F1p0_LP30,S2a,5,raw_equal,grade_double,20,20,0.3,low_grade,0.0,0.2142857142857142,0.7857142857142857,main_reference
L50_Ts130_Tr60p0_dT5_F1p0_LP30,S2a,5,unique_equal,baseline,20,20,0.3,low_grade,0.0,0.2142857142857142,0.7857142857142857,main_reference
L50_Ts130_Tr60p0_dT5_F1p0_LP30,S2a,5,unique_equal,common_5K,20,20,0.3,low_grade,0.0,0.2142857142857142,0.7857142857142857,main_reference
L50_Ts130_Tr60p0_dT5_F1p0_LP30,S2a,5,unique_equal,common_span,20,20,0.3,low_grade,0.0,0.2142857142857142,0.7857142857142857,main_reference
L50_Ts130_Tr60p0_dT5_F1p0_LP30,S2a,5,unique_equal,grade_half,20,20,0.3,low_grade,0.0,0.2142857142857142,0.7857142857142857,main_reference
L50_Ts130_Tr60p0_dT5_F1p0_LP30,S2a,5,unique_equal,grade_double,20,20,0.3,low_grade,0.0,0.2142857142857142,0.7857142857142857,main_reference
L50_Ts130_Tr60p0_dT5_F1p0_LP30,S2a,5,physical_measure,baseline,20,20,0.2087992171568378,low_grade,0.0,0.1868079698787592,0.8131920301212407,main_reference
L50_Ts130_Tr60p0_dT5_F1p0_LP30,S2a,5,physical_measure,common_5K,20,20,0.2087992171568378,low_grade,0.0,0.1868079698787592,0.8131920301212407,main_reference
L50_Ts130_Tr60p0_dT5_F1p0_LP30,S2a,5,physical_measure,common_span,20,20,0.2087992171568378,low_grade,0.0,0.1868079698787592,0.8131920301212407,main_reference
L50_Ts130_Tr60p0_dT5_F1p0_LP30,S2a,5,physical_measure,grade_half,20,20,0.2087992171568378,low_grade,0.0,0.1868079698787592,0.8131920301212407,main_reference
L50_Ts130_Tr60p0_dT5_F1p0_LP30,S2a,5,physical_measure,grade_double,20,20,0.2087992171568378,low_grade,0.0,0.1868079698787592,0.8131920301212407,main_reference
L50_Ts130_Tr60p0_dT5_F1p0_LP30,S2b,5,raw_equal,baseline,20,20,0.35,low_grade,0.0769230769230769,0.0,0.9230769230769232,main_reference
L50_Ts130_Tr60p0_dT5_F1p0_LP30,S2b,5,raw_equal,common_5K,20,20,0.35,low_grade,0.0769230769230769,0.0,0.9230769230769232,main_reference
L50_Ts130_Tr60p0_dT5_F1p0_LP30,S2b,5,raw_equal,common_span,20,20,0.35,low_grade,0.0769230769230769,0.0,0.9230769230769232,main_reference
L50_Ts130_Tr60p0_dT5_F1p0_LP30,S2b,5,raw_equal,grade_half,20,20,0.35,low_grade,0.0769230769230769,0.0,0.9230769230769232,main_reference
L50_Ts130_Tr60p0_dT5_F1p0_LP30,S2b,5,raw_equal,grade_double,20,20,0.35,low_grade,0.0769230769230769,0.0,0.9230769230769232,main_reference
L50_Ts130_Tr60p0_dT5_F1p0_LP30,S2b,5,unique_equal,baseline,20,20,0.35,low_grade,0.0769230769230769,0.0,0.9230769230769232,main_reference
L50_Ts130_Tr60p0_dT5_F1p0_LP30,S2b,5,unique_equal,common_5K,20,20,0.35,low_grade,0.0769230769230769,0.0,0.9230769230769232,main_reference
L50_Ts130_Tr60p0_dT5_F1p0_LP30,S2b,5,unique_equal,common_span,20,20,0.35,low_grade,0.0769230769230769,0.0,0.9230769230769232,main_reference
L50_Ts130_Tr60p0_dT5_F1p0_LP30,S2b,5,unique_equal,grade_half,20,20,0.35,low_grade,0.0769230769230769,0.0,0.9230769230769232,main_reference
L50_Ts130_Tr60p0_dT5_F1p0_LP30,S2b,5,unique_equal,grade_double,20,20,0.35,low_grade,0.0769230769230769,0.0,0.9230769230769232,main_reference
L50_Ts130_Tr60p0_dT5_F1p0_LP30,S2b,5,physical_measure,baseline,20,20,0.2681937037788546,low_grade,0.0479536592503716,0.0,0.9520463407496282,main_reference
L50_Ts130_Tr60p0_dT5_F1p0_LP30,S2b,5,physical_measure,common_5K,20,20,0.2681937037788546,low_grade,0.0479536592503716,0.0,0.9520463407496282,main_reference
L50_Ts130_Tr60p0_dT5_F1p0_LP30,S2b,5,physical_measure,common_span,20,20,0.2681937037788546,low_grade,0.0479536592503716,0.0,0.9520463407496282,main_reference
L50_Ts130_Tr60p0_dT5_F1p0_LP30,S2b,5,physical_measure,grade_half,20,20,0.2681937037788546,low_grade,0.0479536592503716,0.0,0.9520463407496282,main_reference
L50_Ts130_Tr60p0_dT5_F1p0_LP30,S2b,5,physical_measure,grade_double,20,20,0.2681937037788546,low_grade,0.0479536592503716,0.0,0.9520463407496282,main_reference
L75_Ts120_Tr50p0_dT5_F1p0_LP30,S1,5,raw_equal,baseline,4,4,0.25,high_grade,0.3333333333333333,0.6666666666666666,0.0,main_reference
L75_Ts120_Tr50p0_dT5_F1p0_LP30,S1,5,raw_equal,common_5K,4,4,0.25,high_grade,0.3333333333333333,0.6666666666666666,0.0,main_reference
L75_Ts120_Tr50p0_dT5_F1p0_LP30,S1,5,raw_equal,common_span,4,4,0.25,high_grade,0.3333333333333333,0.6666666666666666,0.0,main_reference
L75_Ts120_Tr50p0_dT5_F1p0_LP30,S1,5,raw_equal,grade_half,4,4,0.25,high_grade,0.3333333333333333,0.6666666666666666,0.0,main_reference
L75_Ts120_Tr50p0_dT5_F1p0_LP30,S1,5,raw_equal,grade_double,4,4,0.25,high_grade,0.3333333333333333,0.6666666666666666,0.0,main_reference
L75_Ts120_Tr50p0_dT5_F1p0_LP30,S1,5,unique_equal,baseline,4,4,0.25,high_grade,0.3333333333333333,0.6666666666666666,0.0,main_reference
L75_Ts120_Tr50p0_dT5_F1p0_LP30,S1,5,unique_equal,common_5K,4,4,0.25,high_grade,0.3333333333333333,0.6666666666666666,0.0,main_reference
L75_Ts120_Tr50p0_dT5_F1p0_LP30,S1,5,unique_equal,common_span,4,4,0.25,high_grade,0.3333333333333333,0.6666666666666666,0.0,main_reference
L75_Ts120_Tr50p0_dT5_F1p0_LP30,S1,5,unique_equal,grade_half,4,4,0.25,high_grade,0.3333333333333333,0.6666666666666666,0.0,main_reference
L75_Ts120_Tr50p0_dT5_F1p0_LP30,S1,5,unique_equal,grade_double,4,4,0.25,high_grade,0.3333333333333333,0.6666666666666666,0.0,main_reference
L75_Ts120_Tr50p0_dT5_F1p0_LP30,S1,5,physical_measure,baseline,4,4,0.2857142857142857,high_grade,0.4,0.6,0.0,main_reference
L75_Ts120_Tr50p0_dT5_F1p0_LP30,S1,5,physical_measure,common_5K,4,4,0.2857142857142857,high_grade,0.4,0.6,0.0,main_reference
L75_Ts120_Tr50p0_dT5_F1p0_LP30,S1,5,physical_measure,common_span,4,4,0.2857142857142857,high_grade,0.4,0.6,0.0,main_reference
L75_Ts120_Tr50p0_dT5_F1p0_LP30,S1,5,physical_measure,grade_half,4,4,0.2857142857142857,high_grade,0.4,0.6,0.0,main_reference
L75_Ts120_Tr50p0_dT5_F1p0_LP30,S1,5,physical_measure,grade_double,4,4,0.2857142857142857,high_grade,0.4,0.6,0.0,main_reference
L75_Ts120_Tr50p0_dT5_F1p0_LP30,S2a,5,raw_equal,baseline,20,20,0.25,low_grade,0.0666666666666666,0.3333333333333333,0.6,main_reference
L75_Ts120_Tr50p0_dT5_F1p0_LP30,S2a,5,raw_equal,common_5K,20,20,0.25,low_grade,0.2666666666666666,0.2,0.5333333333333333,main_reference
L75_Ts120_Tr50p0_dT5_F1p0_LP30,S2a,5,raw_equal,common_span,20,20,0.25,low_grade,0.2666666666666666,0.2,0.5333333333333333,main_reference
L75_Ts120_Tr50p0_dT5_F1p0_LP30,S2a,5,raw_equal,grade_half,20,20,0.25,low_grade,0.0666666666666666,0.3333333333333333,0.6,main_reference
L75_Ts120_Tr50p0_dT5_F1p0_LP30,S2a,5,raw_equal,grade_double,20,20,0.25,low_grade,0.0666666666666666,0.3333333333333333,0.6,main_reference
L75_Ts120_Tr50p0_dT5_F1p0_LP30,S2a,5,unique_equal,baseline,20,20,0.25,low_grade,0.0666666666666666,0.3333333333333333,0.6,main_reference
L75_Ts120_Tr50p0_dT5_F1p0_LP30,S2a,5,unique_equal,common_5K,20,20,0.25,low_grade,0.2666666666666666,0.2,0.5333333333333333,main_reference
L75_Ts120_Tr50p0_dT5_F1p0_LP30,S2a,5,unique_equal,common_span,20,20,0.25,low_grade,0.2666666666666666,0.2,0.5333333333333333,main_reference
L75_Ts120_Tr50p0_dT5_F1p0_LP30,S2a,5,unique_equal,grade_half,20,20,0.25,low_grade,0.0666666666666666,0.3333333333333333,0.6,main_reference
L75_Ts120_Tr50p0_dT5_F1p0_LP30,S2a,5,unique_equal,grade_double,20,20,0.25,low_grade,0.0666666666666666,0.3333333333333333,0.6,main_reference
L75_Ts120_Tr50p0_dT5_F1p0_LP30,S2a,5,physical_measure,baseline,20,20,0.1760927225739836,low_grade,0.0409759894633612,0.3767052533324747,0.582318757204164,main_reference
L75_Ts120_Tr50p0_dT5_F1p0_LP30,S2a,5,physical_measure,common_5K,20,20,0.1760927225739836,low_grade,0.3496227209963871,0.1818118615851722,0.4685654174184406,main_reference
L75_Ts120_Tr50p0_dT5_F1p0_LP30,S2a,5,physical_measure,common_span,20,20,0.1760927225739836,low_grade,0.3496227209963871,0.1818118615851722,0.4685654174184406,main_reference
L75_Ts120_Tr50p0_dT5_F1p0_LP30,S2a,5,physical_measure,grade_half,20,20,0.1760927225739836,low_grade,0.0409759894633612,0.3767052533324747,0.582318757204164,main_reference
L75_Ts120_Tr50p0_dT5_F1p0_LP30,S2a,5,physical_measure,grade_double,20,20,0.1760927225739836,low_grade,0.0409759894633612,0.3767052533324747,0.582318757204164,main_reference
L75_Ts120_Tr50p0_dT5_F1p0_LP30,S2b,5,raw_equal,baseline,20,20,0.1999999999999999,low_grade,0.125,0.1875,0.6875,main_reference
L75_Ts120_Tr50p0_dT5_F1p0_LP30,S2b,5,raw_equal,common_5K,20,20,0.1999999999999999,supply+low_grade,0.5,0.0,0.5,main_reference
L75_Ts120_Tr50p0_dT5_F1p0_LP30,S2b,5,raw_equal,common_span,20,20,0.1999999999999999,supply+low_grade,0.5,0.0,0.5,main_reference
L75_Ts120_Tr50p0_dT5_F1p0_LP30,S2b,5,raw_equal,grade_half,20,20,0.1999999999999999,low_grade,0.125,0.1875,0.6875,main_reference
L75_Ts120_Tr50p0_dT5_F1p0_LP30,S2b,5,raw_equal,grade_double,20,20,0.1999999999999999,low_grade,0.125,0.1875,0.6875,main_reference
L75_Ts120_Tr50p0_dT5_F1p0_LP30,S2b,5,unique_equal,baseline,20,20,0.1999999999999999,low_grade,0.125,0.1875,0.6875,main_reference
L75_Ts120_Tr50p0_dT5_F1p0_LP30,S2b,5,unique_equal,common_5K,20,20,0.1999999999999999,supply+low_grade,0.5,0.0,0.5,main_reference
L75_Ts120_Tr50p0_dT5_F1p0_LP30,S2b,5,unique_equal,common_span,20,20,0.1999999999999999,supply+low_grade,0.5,0.0,0.5,main_reference
L75_Ts120_Tr50p0_dT5_F1p0_LP30,S2b,5,unique_equal,grade_half,20,20,0.1999999999999999,low_grade,0.125,0.1875,0.6875,main_reference
L75_Ts120_Tr50p0_dT5_F1p0_LP30,S2b,5,unique_equal,grade_double,20,20,0.1999999999999999,low_grade,0.125,0.1875,0.6875,main_reference
L75_Ts120_Tr50p0_dT5_F1p0_LP30,S2b,5,physical_measure,baseline,20,20,0.1121814143115086,low_grade,0.1192983265321114,0.1818274093405767,0.698874264127312,main_reference
L75_Ts120_Tr50p0_dT5_F1p0_LP30,S2b,5,physical_measure,common_5K,20,20,0.1121814143115086,supply,0.5925065752288525,0.0,0.4074934247711475,main_reference
L75_Ts120_Tr50p0_dT5_F1p0_LP30,S2b,5,physical_measure,common_span,20,20,0.1121814143115086,supply,0.5925065752288525,0.0,0.4074934247711475,main_reference
L75_Ts120_Tr50p0_dT5_F1p0_LP30,S2b,5,physical_measure,grade_half,20,20,0.1121814143115086,low_grade,0.1192983265321114,0.1818274093405767,0.698874264127312,main_reference
L75_Ts120_Tr50p0_dT5_F1p0_LP30,S2b,5,physical_measure,grade_double,20,20,0.1121814143115086,low_grade,0.1192983265321114,0.1818274093405767,0.698874264127312,main_reference
L75_Ts120_Tr60p0_dT5_F1p0_LP30,S1,5,raw_equal,baseline,4,4,0.25,high_grade,0.0,1.0,0.0,main_reference
L75_Ts120_Tr60p0_dT5_F1p0_LP30,S1,5,raw_equal,common_5K,4,4,0.25,high_grade,0.3333333333333333,0.6666666666666666,0.0,main_reference
L75_Ts120_Tr60p0_dT5_F1p0_LP30,S1,5,raw_equal,common_span,4,4,0.25,high_grade,0.3333333333333333,0.6666666666666666,0.0,main_reference
L75_Ts120_Tr60p0_dT5_F1p0_LP30,S1,5,raw_equal,grade_half,4,4,0.25,high_grade,0.0,1.0,0.0,main_reference
L75_Ts120_Tr60p0_dT5_F1p0_LP30,S1,5,raw_equal,grade_double,4,4,0.25,high_grade,0.0,1.0,0.0,main_reference
L75_Ts120_Tr60p0_dT5_F1p0_LP30,S1,5,unique_equal,baseline,4,4,0.25,high_grade,0.0,1.0,0.0,main_reference
L75_Ts120_Tr60p0_dT5_F1p0_LP30,S1,5,unique_equal,common_5K,4,4,0.25,high_grade,0.3333333333333333,0.6666666666666666,0.0,main_reference
L75_Ts120_Tr60p0_dT5_F1p0_LP30,S1,5,unique_equal,common_span,4,4,0.25,high_grade,0.3333333333333333,0.6666666666666666,0.0,main_reference
L75_Ts120_Tr60p0_dT5_F1p0_LP30,S1,5,unique_equal,grade_half,4,4,0.25,high_grade,0.0,1.0,0.0,main_reference
L75_Ts120_Tr60p0_dT5_F1p0_LP30,S1,5,unique_equal,grade_double,4,4,0.25,high_grade,0.0,1.0,0.0,main_reference
L75_Ts120_Tr60p0_dT5_F1p0_LP30,S1,5,physical_measure,baseline,4,4,0.2857142857142857,high_grade,0.0,1.0,0.0,main_reference
L75_Ts120_Tr60p0_dT5_F1p0_LP30,S1,5,physical_measure,common_5K,4,4,0.2857142857142857,high_grade,0.4,0.6,0.0,main_reference
L75_Ts120_Tr60p0_dT5_F1p0_LP30,S1,5,physical_measure,common_span,4,4,0.2857142857142857,high_grade,0.4,0.6,0.0,main_reference
L75_Ts120_Tr60p0_dT5_F1p0_LP30,S1,5,physical_measure,grade_half,4,4,0.2857142857142857,high_grade,0.0,1.0,0.0,main_reference
L75_Ts120_Tr60p0_dT5_F1p0_LP30,S1,5,physical_measure,grade_double,4,4,0.2857142857142857,high_grade,0.0,1.0,0.0,main_reference
L75_Ts120_Tr60p0_dT5_F1p0_LP30,S2a,5,raw_equal,baseline,20,20,0.15,low_grade,0.0,0.4117647058823529,0.5882352941176471,main_reference
L75_Ts120_Tr60p0_dT5_F1p0_LP30,S2a,5,raw_equal,common_5K,20,20,0.15,low_grade,0.2941176470588235,0.1764705882352941,0.5294117647058824,main_reference
L75_Ts120_Tr60p0_dT5_F1p0_LP30,S2a,5,raw_equal,common_span,20,20,0.15,low_grade,0.2941176470588235,0.1764705882352941,0.5294117647058824,main_reference
L75_Ts120_Tr60p0_dT5_F1p0_LP30,S2a,5,raw_equal,grade_half,20,20,0.15,low_grade,0.0,0.4117647058823529,0.5882352941176471,main_reference
L75_Ts120_Tr60p0_dT5_F1p0_LP30,S2a,5,raw_equal,grade_double,20,20,0.15,low_grade,0.0,0.4117647058823529,0.5882352941176471,main_reference
L75_Ts120_Tr60p0_dT5_F1p0_LP30,S2a,5,unique_equal,baseline,20,20,0.15,low_grade,0.0,0.4117647058823529,0.5882352941176471,main_reference
L75_Ts120_Tr60p0_dT5_F1p0_LP30,S2a,5,unique_equal,common_5K,20,20,0.15,low_grade,0.2941176470588235,0.1764705882352941,0.5294117647058824,main_reference
L75_Ts120_Tr60p0_dT5_F1p0_LP30,S2a,5,unique_equal,common_span,20,20,0.15,low_grade,0.2941176470588235,0.1764705882352941,0.5294117647058824,main_reference
L75_Ts120_Tr60p0_dT5_F1p0_LP30,S2a,5,unique_equal,grade_half,20,20,0.15,low_grade,0.0,0.4117647058823529,0.5882352941176471,main_reference
L75_Ts120_Tr60p0_dT5_F1p0_LP30,S2a,5,unique_equal,grade_double,20,20,0.15,low_grade,0.0,0.4117647058823529,0.5882352941176471,main_reference
L75_Ts120_Tr60p0_dT5_F1p0_LP30,S2a,5,physical_measure,baseline,20,20,0.0808184808292418,low_grade,0.0,0.4455329911758821,0.5544670088241179,main_reference
L75_Ts120_Tr60p0_dT5_F1p0_LP30,S2a,5,physical_measure,common_5K,20,20,0.0808184808292418,low_grade,0.3845288149256783,0.1629668490479811,0.4525043360263405,main_reference
L75_Ts120_Tr60p0_dT5_F1p0_LP30,S2a,5,physical_measure,common_span,20,20,0.0808184808292418,low_grade,0.3845288149256783,0.1629668490479811,0.4525043360263405,main_reference
L75_Ts120_Tr60p0_dT5_F1p0_LP30,S2a,5,physical_measure,grade_half,20,20,0.0808184808292418,low_grade,0.0,0.4455329911758821,0.5544670088241179,main_reference
L75_Ts120_Tr60p0_dT5_F1p0_LP30,S2a,5,physical_measure,grade_double,20,20,0.0808184808292418,low_grade,0.0,0.4455329911758821,0.5544670088241179,main_reference
L75_Ts120_Tr60p0_dT5_F1p0_LP30,S2b,5,raw_equal,baseline,20,20,0.15,low_grade,0.0588235294117647,0.1764705882352941,0.7647058823529411,main_reference
L75_Ts120_Tr60p0_dT5_F1p0_LP30,S2b,5,raw_equal,common_5K,20,20,0.15,low_grade,0.4705882352941176,0.0,0.5294117647058824,main_reference
L75_Ts120_Tr60p0_dT5_F1p0_LP30,S2b,5,raw_equal,common_span,20,20,0.15,low_grade,0.4705882352941176,0.0,0.5294117647058824,main_reference
L75_Ts120_Tr60p0_dT5_F1p0_LP30,S2b,5,raw_equal,grade_half,20,20,0.15,low_grade,0.0588235294117647,0.1764705882352941,0.7647058823529411,main_reference
L75_Ts120_Tr60p0_dT5_F1p0_LP30,S2b,5,raw_equal,grade_double,20,20,0.15,low_grade,0.1176470588235294,0.1764705882352941,0.7058823529411765,main_reference
L75_Ts120_Tr60p0_dT5_F1p0_LP30,S2b,5,unique_equal,baseline,20,20,0.15,low_grade,0.0588235294117647,0.1764705882352941,0.7647058823529411,main_reference
L75_Ts120_Tr60p0_dT5_F1p0_LP30,S2b,5,unique_equal,common_5K,20,20,0.15,low_grade,0.4705882352941176,0.0,0.5294117647058824,main_reference
L75_Ts120_Tr60p0_dT5_F1p0_LP30,S2b,5,unique_equal,common_span,20,20,0.15,low_grade,0.4705882352941176,0.0,0.5294117647058824,main_reference
L75_Ts120_Tr60p0_dT5_F1p0_LP30,S2b,5,unique_equal,grade_half,20,20,0.15,low_grade,0.0588235294117647,0.1764705882352941,0.7647058823529411,main_reference
L75_Ts120_Tr60p0_dT5_F1p0_LP30,S2b,5,unique_equal,grade_double,20,20,0.15,low_grade,0.1176470588235294,0.1764705882352941,0.7058823529411765,main_reference
L75_Ts120_Tr60p0_dT5_F1p0_LP30,S2b,5,physical_measure,baseline,20,20,0.0840246156188138,low_grade,0.0404046388218279,0.1762380912771054,0.7833572699010667,main_reference
L75_Ts120_Tr60p0_dT5_F1p0_LP30,S2b,5,physical_measure,common_5K,20,20,0.0840246156188138,supply,0.5742931072172776,0.0,0.4257068927827225,main_reference
L75_Ts120_Tr60p0_dT5_F1p0_LP30,S2b,5,physical_measure,common_span,20,20,0.0840246156188138,supply,0.5742931072172776,0.0,0.4257068927827225,main_reference
L75_Ts120_Tr60p0_dT5_F1p0_LP30,S2b,5,physical_measure,grade_half,20,20,0.0840246156188138,low_grade,0.0404046388218279,0.1762380912771054,0.7833572699010667,main_reference
L75_Ts120_Tr60p0_dT5_F1p0_LP30,S2b,5,physical_measure,grade_double,20,20,0.0840246156188138,low_grade,0.1156311330443635,0.1762380912771054,0.708130775678531,main_reference
L75_Ts130_Tr50p0_dT5_F1p0_LP30,S1,5,raw_equal,baseline,4,4,0.5,high_grade,0.0,1.0,0.0,main_reference
L75_Ts130_Tr50p0_dT5_F1p0_LP30,S1,5,raw_equal,common_5K,4,4,0.5,high_grade,0.0,1.0,0.0,main_reference
L75_Ts130_Tr50p0_dT5_F1p0_LP30,S1,5,raw_equal,common_span,4,4,0.5,high_grade,0.0,1.0,0.0,main_reference
L75_Ts130_Tr50p0_dT5_F1p0_LP30,S1,5,raw_equal,grade_half,4,4,0.5,high_grade,0.0,1.0,0.0,main_reference
L75_Ts130_Tr50p0_dT5_F1p0_LP30,S1,5,raw_equal,grade_double,4,4,0.5,high_grade,0.0,1.0,0.0,main_reference
L75_Ts130_Tr50p0_dT5_F1p0_LP30,S1,5,unique_equal,baseline,4,4,0.5,high_grade,0.0,1.0,0.0,main_reference
L75_Ts130_Tr50p0_dT5_F1p0_LP30,S1,5,unique_equal,common_5K,4,4,0.5,high_grade,0.0,1.0,0.0,main_reference
L75_Ts130_Tr50p0_dT5_F1p0_LP30,S1,5,unique_equal,common_span,4,4,0.5,high_grade,0.0,1.0,0.0,main_reference
L75_Ts130_Tr50p0_dT5_F1p0_LP30,S1,5,unique_equal,grade_half,4,4,0.5,high_grade,0.0,1.0,0.0,main_reference
L75_Ts130_Tr50p0_dT5_F1p0_LP30,S1,5,unique_equal,grade_double,4,4,0.5,high_grade,0.0,1.0,0.0,main_reference
L75_Ts130_Tr50p0_dT5_F1p0_LP30,S1,5,physical_measure,baseline,4,4,0.5714285714285714,high_grade,0.0,1.0,0.0,main_reference
L75_Ts130_Tr50p0_dT5_F1p0_LP30,S1,5,physical_measure,common_5K,4,4,0.5714285714285714,high_grade,0.0,1.0,0.0,main_reference
L75_Ts130_Tr50p0_dT5_F1p0_LP30,S1,5,physical_measure,common_span,4,4,0.5714285714285714,high_grade,0.0,1.0,0.0,main_reference
L75_Ts130_Tr50p0_dT5_F1p0_LP30,S1,5,physical_measure,grade_half,4,4,0.5714285714285714,high_grade,0.0,1.0,0.0,main_reference
L75_Ts130_Tr50p0_dT5_F1p0_LP30,S1,5,physical_measure,grade_double,4,4,0.5714285714285714,high_grade,0.0,1.0,0.0,main_reference
L75_Ts130_Tr50p0_dT5_F1p0_LP30,S2a,5,raw_equal,baseline,20,20,0.3,low_grade,0.0,0.3571428571428571,0.6428571428571429,main_reference
L75_Ts130_Tr50p0_dT5_F1p0_LP30,S2a,5,raw_equal,common_5K,20,20,0.3,low_grade,0.0,0.3571428571428571,0.6428571428571429,main_reference
L75_Ts130_Tr50p0_dT5_F1p0_LP30,S2a,5,raw_equal,common_span,20,20,0.3,low_grade,0.0,0.3571428571428571,0.6428571428571429,main_reference
L75_Ts130_Tr50p0_dT5_F1p0_LP30,S2a,5,raw_equal,grade_half,20,20,0.3,low_grade,0.0,0.3571428571428571,0.6428571428571429,main_reference
L75_Ts130_Tr50p0_dT5_F1p0_LP30,S2a,5,raw_equal,grade_double,20,20,0.3,low_grade,0.0,0.3571428571428571,0.6428571428571429,main_reference
L75_Ts130_Tr50p0_dT5_F1p0_LP30,S2a,5,unique_equal,baseline,20,20,0.3,low_grade,0.0,0.3571428571428571,0.6428571428571429,main_reference
L75_Ts130_Tr50p0_dT5_F1p0_LP30,S2a,5,unique_equal,common_5K,20,20,0.3,low_grade,0.0,0.3571428571428571,0.6428571428571429,main_reference
L75_Ts130_Tr50p0_dT5_F1p0_LP30,S2a,5,unique_equal,common_span,20,20,0.3,low_grade,0.0,0.3571428571428571,0.6428571428571429,main_reference
L75_Ts130_Tr50p0_dT5_F1p0_LP30,S2a,5,unique_equal,grade_half,20,20,0.3,low_grade,0.0,0.3571428571428571,0.6428571428571429,main_reference
L75_Ts130_Tr50p0_dT5_F1p0_LP30,S2a,5,unique_equal,grade_double,20,20,0.3,low_grade,0.0,0.3571428571428571,0.6428571428571429,main_reference
L75_Ts130_Tr50p0_dT5_F1p0_LP30,S2a,5,physical_measure,baseline,20,20,0.2098531384925785,low_grade,0.0,0.3928006485694583,0.6071993514305416,main_reference
L75_Ts130_Tr50p0_dT5_F1p0_LP30,S2a,5,physical_measure,common_5K,20,20,0.2098531384925785,low_grade,0.0,0.3928006485694583,0.6071993514305416,main_reference
L75_Ts130_Tr50p0_dT5_F1p0_LP30,S2a,5,physical_measure,common_span,20,20,0.2098531384925785,low_grade,0.0,0.3928006485694583,0.6071993514305416,main_reference
L75_Ts130_Tr50p0_dT5_F1p0_LP30,S2a,5,physical_measure,grade_half,20,20,0.2098531384925785,low_grade,0.0,0.3928006485694583,0.6071993514305416,main_reference
L75_Ts130_Tr50p0_dT5_F1p0_LP30,S2a,5,physical_measure,grade_double,20,20,0.2098531384925785,low_grade,0.0,0.3928006485694583,0.6071993514305416,main_reference
L75_Ts130_Tr50p0_dT5_F1p0_LP30,S2b,5,raw_equal,baseline,20,20,0.3,low_grade,0.0,0.2142857142857142,0.7857142857142857,main_reference
L75_Ts130_Tr50p0_dT5_F1p0_LP30,S2b,5,raw_equal,common_5K,20,20,0.3,low_grade,0.3571428571428571,0.0,0.6428571428571429,main_reference
L75_Ts130_Tr50p0_dT5_F1p0_LP30,S2b,5,raw_equal,common_span,20,20,0.3,low_grade,0.3571428571428571,0.0,0.6428571428571429,main_reference
L75_Ts130_Tr50p0_dT5_F1p0_LP30,S2b,5,raw_equal,grade_half,20,20,0.3,low_grade,0.0,0.2142857142857142,0.7857142857142857,main_reference
L75_Ts130_Tr50p0_dT5_F1p0_LP30,S2b,5,raw_equal,grade_double,20,20,0.3,low_grade,0.0,0.2142857142857142,0.7857142857142857,main_reference
L75_Ts130_Tr50p0_dT5_F1p0_LP30,S2b,5,unique_equal,baseline,20,20,0.3,low_grade,0.0,0.2142857142857142,0.7857142857142857,main_reference
L75_Ts130_Tr50p0_dT5_F1p0_LP30,S2b,5,unique_equal,common_5K,20,20,0.3,low_grade,0.3571428571428571,0.0,0.6428571428571429,main_reference
L75_Ts130_Tr50p0_dT5_F1p0_LP30,S2b,5,unique_equal,common_span,20,20,0.3,low_grade,0.3571428571428571,0.0,0.6428571428571429,main_reference
L75_Ts130_Tr50p0_dT5_F1p0_LP30,S2b,5,unique_equal,grade_half,20,20,0.3,low_grade,0.0,0.2142857142857142,0.7857142857142857,main_reference
L75_Ts130_Tr50p0_dT5_F1p0_LP30,S2b,5,unique_equal,grade_double,20,20,0.3,low_grade,0.0,0.2142857142857142,0.7857142857142857,main_reference
L75_Ts130_Tr50p0_dT5_F1p0_LP30,S2b,5,physical_measure,baseline,20,20,0.2180966858482516,low_grade,0.0,0.2064574359494576,0.7935425640505425,main_reference
L75_Ts130_Tr50p0_dT5_F1p0_LP30,S2b,5,physical_measure,common_5K,20,20,0.2180966858482516,low_grade,0.4181106955626668,0.0,0.5818893044373332,main_reference
L75_Ts130_Tr50p0_dT5_F1p0_LP30,S2b,5,physical_measure,common_span,20,20,0.2180966858482516,low_grade,0.4181106955626668,0.0,0.5818893044373332,main_reference
L75_Ts130_Tr50p0_dT5_F1p0_LP30,S2b,5,physical_measure,grade_half,20,20,0.2180966858482516,low_grade,0.0,0.2064574359494576,0.7935425640505425,main_reference
L75_Ts130_Tr50p0_dT5_F1p0_LP30,S2b,5,physical_measure,grade_double,20,20,0.2180966858482516,low_grade,0.0,0.2064574359494576,0.7935425640505425,main_reference
L75_Ts130_Tr60p0_dT5_F1p0_LP30,S1,5,raw_equal,baseline,4,4,0.25,high_grade,0.0,1.0,0.0,main_reference
L75_Ts130_Tr60p0_dT5_F1p0_LP30,S1,5,raw_equal,common_5K,4,4,0.25,high_grade,0.0,1.0,0.0,main_reference
L75_Ts130_Tr60p0_dT5_F1p0_LP30,S1,5,raw_equal,common_span,4,4,0.25,high_grade,0.0,1.0,0.0,main_reference
L75_Ts130_Tr60p0_dT5_F1p0_LP30,S1,5,raw_equal,grade_half,4,4,0.25,high_grade,0.0,1.0,0.0,main_reference
L75_Ts130_Tr60p0_dT5_F1p0_LP30,S1,5,raw_equal,grade_double,4,4,0.25,high_grade,0.0,1.0,0.0,main_reference
L75_Ts130_Tr60p0_dT5_F1p0_LP30,S1,5,unique_equal,baseline,4,4,0.25,high_grade,0.0,1.0,0.0,main_reference
L75_Ts130_Tr60p0_dT5_F1p0_LP30,S1,5,unique_equal,common_5K,4,4,0.25,high_grade,0.0,1.0,0.0,main_reference
L75_Ts130_Tr60p0_dT5_F1p0_LP30,S1,5,unique_equal,common_span,4,4,0.25,high_grade,0.0,1.0,0.0,main_reference
L75_Ts130_Tr60p0_dT5_F1p0_LP30,S1,5,unique_equal,grade_half,4,4,0.25,high_grade,0.0,1.0,0.0,main_reference
L75_Ts130_Tr60p0_dT5_F1p0_LP30,S1,5,unique_equal,grade_double,4,4,0.25,high_grade,0.0,1.0,0.0,main_reference
L75_Ts130_Tr60p0_dT5_F1p0_LP30,S1,5,physical_measure,baseline,4,4,0.2857142857142857,high_grade,0.0,1.0,0.0,main_reference
L75_Ts130_Tr60p0_dT5_F1p0_LP30,S1,5,physical_measure,common_5K,4,4,0.2857142857142857,high_grade,0.0,1.0,0.0,main_reference
L75_Ts130_Tr60p0_dT5_F1p0_LP30,S1,5,physical_measure,common_span,4,4,0.2857142857142857,high_grade,0.0,1.0,0.0,main_reference
L75_Ts130_Tr60p0_dT5_F1p0_LP30,S1,5,physical_measure,grade_half,4,4,0.2857142857142857,high_grade,0.0,1.0,0.0,main_reference
L75_Ts130_Tr60p0_dT5_F1p0_LP30,S1,5,physical_measure,grade_double,4,4,0.2857142857142857,high_grade,0.0,1.0,0.0,main_reference
L75_Ts130_Tr60p0_dT5_F1p0_LP30,S2a,5,raw_equal,baseline,20,20,0.15,low_grade,0.0,0.4117647058823529,0.5882352941176471,main_reference
L75_Ts130_Tr60p0_dT5_F1p0_LP30,S2a,5,raw_equal,common_5K,20,20,0.15,low_grade,0.0,0.4117647058823529,0.5882352941176471,main_reference
L75_Ts130_Tr60p0_dT5_F1p0_LP30,S2a,5,raw_equal,common_span,20,20,0.15,low_grade,0.0,0.4117647058823529,0.5882352941176471,main_reference
L75_Ts130_Tr60p0_dT5_F1p0_LP30,S2a,5,raw_equal,grade_half,20,20,0.15,low_grade,0.0,0.4117647058823529,0.5882352941176471,main_reference
L75_Ts130_Tr60p0_dT5_F1p0_LP30,S2a,5,raw_equal,grade_double,20,20,0.15,low_grade,0.0,0.4117647058823529,0.5882352941176471,main_reference
L75_Ts130_Tr60p0_dT5_F1p0_LP30,S2a,5,unique_equal,baseline,20,20,0.15,low_grade,0.0,0.4117647058823529,0.5882352941176471,main_reference
L75_Ts130_Tr60p0_dT5_F1p0_LP30,S2a,5,unique_equal,common_5K,20,20,0.15,low_grade,0.0,0.4117647058823529,0.5882352941176471,main_reference
L75_Ts130_Tr60p0_dT5_F1p0_LP30,S2a,5,unique_equal,common_span,20,20,0.15,low_grade,0.0,0.4117647058823529,0.5882352941176471,main_reference
L75_Ts130_Tr60p0_dT5_F1p0_LP30,S2a,5,unique_equal,grade_half,20,20,0.15,low_grade,0.0,0.4117647058823529,0.5882352941176471,main_reference
L75_Ts130_Tr60p0_dT5_F1p0_LP30,S2a,5,unique_equal,grade_double,20,20,0.15,low_grade,0.0,0.4117647058823529,0.5882352941176471,main_reference
L75_Ts130_Tr60p0_dT5_F1p0_LP30,S2a,5,physical_measure,baseline,20,20,0.0808184808292418,low_grade,0.0,0.4455329911758821,0.5544670088241179,main_reference
L75_Ts130_Tr60p0_dT5_F1p0_LP30,S2a,5,physical_measure,common_5K,20,20,0.0808184808292418,low_grade,0.0,0.4455329911758821,0.5544670088241179,main_reference
L75_Ts130_Tr60p0_dT5_F1p0_LP30,S2a,5,physical_measure,common_span,20,20,0.0808184808292418,low_grade,0.0,0.4455329911758821,0.5544670088241179,main_reference
L75_Ts130_Tr60p0_dT5_F1p0_LP30,S2a,5,physical_measure,grade_half,20,20,0.0808184808292418,low_grade,0.0,0.4455329911758821,0.5544670088241179,main_reference
L75_Ts130_Tr60p0_dT5_F1p0_LP30,S2a,5,physical_measure,grade_double,20,20,0.0808184808292418,low_grade,0.0,0.4455329911758821,0.5544670088241179,main_reference
L75_Ts130_Tr60p0_dT5_F1p0_LP30,S2b,5,raw_equal,baseline,20,20,0.15,low_grade,0.0588235294117647,0.1764705882352941,0.7647058823529411,main_reference
L75_Ts130_Tr60p0_dT5_F1p0_LP30,S2b,5,raw_equal,common_5K,20,20,0.15,low_grade,0.4117647058823529,0.0,0.5882352941176471,main_reference
L75_Ts130_Tr60p0_dT5_F1p0_LP30,S2b,5,raw_equal,common_span,20,20,0.15,low_grade,0.4117647058823529,0.0,0.5882352941176471,main_reference
L75_Ts130_Tr60p0_dT5_F1p0_LP30,S2b,5,raw_equal,grade_half,20,20,0.15,low_grade,0.0588235294117647,0.1764705882352941,0.7647058823529411,main_reference
L75_Ts130_Tr60p0_dT5_F1p0_LP30,S2b,5,raw_equal,grade_double,20,20,0.15,low_grade,0.0588235294117647,0.1764705882352941,0.7647058823529411,main_reference
L75_Ts130_Tr60p0_dT5_F1p0_LP30,S2b,5,unique_equal,baseline,20,20,0.15,low_grade,0.0588235294117647,0.1764705882352941,0.7647058823529411,main_reference
L75_Ts130_Tr60p0_dT5_F1p0_LP30,S2b,5,unique_equal,common_5K,20,20,0.15,low_grade,0.4117647058823529,0.0,0.5882352941176471,main_reference
L75_Ts130_Tr60p0_dT5_F1p0_LP30,S2b,5,unique_equal,common_span,20,20,0.15,low_grade,0.4117647058823529,0.0,0.5882352941176471,main_reference
L75_Ts130_Tr60p0_dT5_F1p0_LP30,S2b,5,unique_equal,grade_half,20,20,0.15,low_grade,0.0588235294117647,0.1764705882352941,0.7647058823529411,main_reference
L75_Ts130_Tr60p0_dT5_F1p0_LP30,S2b,5,unique_equal,grade_double,20,20,0.15,low_grade,0.0588235294117647,0.1764705882352941,0.7647058823529411,main_reference
L75_Ts130_Tr60p0_dT5_F1p0_LP30,S2b,5,physical_measure,baseline,20,20,0.0840246156188138,low_grade,0.0404046388218279,0.1762380912771054,0.7833572699010667,main_reference
L75_Ts130_Tr60p0_dT5_F1p0_LP30,S2b,5,physical_measure,common_5K,20,20,0.0840246156188138,low_grade,0.4725426222800745,0.0,0.5274573777199256,main_reference
L75_Ts130_Tr60p0_dT5_F1p0_LP30,S2b,5,physical_measure,common_span,20,20,0.0840246156188138,low_grade,0.4725426222800745,0.0,0.5274573777199256,main_reference
L75_Ts130_Tr60p0_dT5_F1p0_LP30,S2b,5,physical_measure,grade_half,20,20,0.0840246156188138,low_grade,0.0404046388218279,0.1762380912771054,0.7833572699010667,main_reference
L75_Ts130_Tr60p0_dT5_F1p0_LP30,S2b,5,physical_measure,grade_double,20,20,0.0840246156188138,low_grade,0.0404046388218279,0.1762380912771054,0.7833572699010667,main_reference
L100_Ts120_Tr50p0_dT5_F1p0_LP30,S1,5,raw_equal,baseline,4,4,0.25,high_grade,0.0,1.0,0.0,main_reference
L100_Ts120_Tr50p0_dT5_F1p0_LP30,S1,5,raw_equal,common_5K,4,4,0.25,high_grade,0.3333333333333333,0.6666666666666666,0.0,main_reference
L100_Ts120_Tr50p0_dT5_F1p0_LP30,S1,5,raw_equal,common_span,4,4,0.25,high_grade,0.3333333333333333,0.6666666666666666,0.0,main_reference
L100_Ts120_Tr50p0_dT5_F1p0_LP30,S1,5,raw_equal,grade_half,4,4,0.25,high_grade,0.0,1.0,0.0,main_reference
L100_Ts120_Tr50p0_dT5_F1p0_LP30,S1,5,raw_equal,grade_double,4,4,0.25,high_grade,0.0,1.0,0.0,main_reference
L100_Ts120_Tr50p0_dT5_F1p0_LP30,S1,5,unique_equal,baseline,4,4,0.25,high_grade,0.0,1.0,0.0,main_reference
L100_Ts120_Tr50p0_dT5_F1p0_LP30,S1,5,unique_equal,common_5K,4,4,0.25,high_grade,0.3333333333333333,0.6666666666666666,0.0,main_reference
L100_Ts120_Tr50p0_dT5_F1p0_LP30,S1,5,unique_equal,common_span,4,4,0.25,high_grade,0.3333333333333333,0.6666666666666666,0.0,main_reference
L100_Ts120_Tr50p0_dT5_F1p0_LP30,S1,5,unique_equal,grade_half,4,4,0.25,high_grade,0.0,1.0,0.0,main_reference
L100_Ts120_Tr50p0_dT5_F1p0_LP30,S1,5,unique_equal,grade_double,4,4,0.25,high_grade,0.0,1.0,0.0,main_reference
L100_Ts120_Tr50p0_dT5_F1p0_LP30,S1,5,physical_measure,baseline,4,4,0.2857142857142857,high_grade,0.0,1.0,0.0,main_reference
L100_Ts120_Tr50p0_dT5_F1p0_LP30,S1,5,physical_measure,common_5K,4,4,0.2857142857142857,high_grade,0.4,0.6,0.0,main_reference
L100_Ts120_Tr50p0_dT5_F1p0_LP30,S1,5,physical_measure,common_span,4,4,0.2857142857142857,high_grade,0.4,0.6,0.0,main_reference
L100_Ts120_Tr50p0_dT5_F1p0_LP30,S1,5,physical_measure,grade_half,4,4,0.2857142857142857,high_grade,0.0,1.0,0.0,main_reference
L100_Ts120_Tr50p0_dT5_F1p0_LP30,S1,5,physical_measure,grade_double,4,4,0.2857142857142857,high_grade,0.0,1.0,0.0,main_reference
L100_Ts120_Tr50p0_dT5_F1p0_LP30,S2a,5,raw_equal,baseline,20,20,0.1999999999999999,high_grade+low_grade,0.0,0.5,0.5,main_reference
L100_Ts120_Tr50p0_dT5_F1p0_LP30,S2a,5,raw_equal,common_5K,20,20,0.1999999999999999,low_grade,0.375,0.1875,0.4375,main_reference
L100_Ts120_Tr50p0_dT5_F1p0_LP30,S2a,5,raw_equal,common_span,20,20,0.1999999999999999,low_grade,0.375,0.1875,0.4375,main_reference
L100_Ts120_Tr50p0_dT5_F1p0_LP30,S2a,5,raw_equal,grade_half,20,20,0.1999999999999999,high_grade+low_grade,0.0,0.5,0.5,main_reference
L100_Ts120_Tr50p0_dT5_F1p0_LP30,S2a,5,raw_equal,grade_double,20,20,0.1999999999999999,high_grade+low_grade,0.0,0.5,0.5,main_reference
L100_Ts120_Tr50p0_dT5_F1p0_LP30,S2a,5,unique_equal,baseline,20,20,0.1999999999999999,high_grade+low_grade,0.0,0.5,0.5,main_reference
L100_Ts120_Tr50p0_dT5_F1p0_LP30,S2a,5,unique_equal,common_5K,20,20,0.1999999999999999,low_grade,0.375,0.1875,0.4375,main_reference
L100_Ts120_Tr50p0_dT5_F1p0_LP30,S2a,5,unique_equal,common_span,20,20,0.1999999999999999,low_grade,0.375,0.1875,0.4375,main_reference
L100_Ts120_Tr50p0_dT5_F1p0_LP30,S2a,5,unique_equal,grade_half,20,20,0.1999999999999999,high_grade+low_grade,0.0,0.5,0.5,main_reference
L100_Ts120_Tr50p0_dT5_F1p0_LP30,S2a,5,unique_equal,grade_double,20,20,0.1999999999999999,high_grade+low_grade,0.0,0.5,0.5,main_reference
L100_Ts120_Tr50p0_dT5_F1p0_LP30,S2a,5,physical_measure,baseline,20,20,0.110833146649286,high_grade,0.0,0.5682807652081495,0.4317192347918506,main_reference
L100_Ts120_Tr50p0_dT5_F1p0_LP30,S2a,5,physical_measure,common_5K,20,20,0.110833146649286,supply,0.4688143994707044,0.1697001042549487,0.3614854962743469,main_reference
L100_Ts120_Tr50p0_dT5_F1p0_LP30,S2a,5,physical_measure,common_span,20,20,0.110833146649286,supply,0.4688143994707044,0.1697001042549487,0.3614854962743469,main_reference
L100_Ts120_Tr50p0_dT5_F1p0_LP30,S2a,5,physical_measure,grade_half,20,20,0.110833146649286,high_grade,0.0,0.5682807652081495,0.4317192347918506,main_reference
L100_Ts120_Tr50p0_dT5_F1p0_LP30,S2a,5,physical_measure,grade_double,20,20,0.110833146649286,high_grade,0.0,0.5682807652081495,0.4317192347918506,main_reference
L100_Ts120_Tr50p0_dT5_F1p0_LP30,S2b,5,raw_equal,baseline,20,20,0.15,low_grade,0.1176470588235294,0.2941176470588235,0.5882352941176471,main_reference
L100_Ts120_Tr50p0_dT5_F1p0_LP30,S2b,5,raw_equal,common_5K,20,20,0.15,supply,0.5294117647058824,0.0,0.4705882352941176,main_reference
L100_Ts120_Tr50p0_dT5_F1p0_LP30,S2b,5,raw_equal,common_span,20,20,0.15,supply,0.5294117647058824,0.0,0.4705882352941176,main_reference
L100_Ts120_Tr50p0_dT5_F1p0_LP30,S2b,5,raw_equal,grade_half,20,20,0.15,low_grade,0.0588235294117647,0.3529411764705882,0.5882352941176471,main_reference
L100_Ts120_Tr50p0_dT5_F1p0_LP30,S2b,5,raw_equal,grade_double,20,20,0.15,low_grade,0.1176470588235294,0.2941176470588235,0.5882352941176471,main_reference
L100_Ts120_Tr50p0_dT5_F1p0_LP30,S2b,5,unique_equal,baseline,20,20,0.15,low_grade,0.1176470588235294,0.2941176470588235,0.5882352941176471,main_reference
L100_Ts120_Tr50p0_dT5_F1p0_LP30,S2b,5,unique_equal,common_5K,20,20,0.15,supply,0.5294117647058824,0.0,0.4705882352941176,main_reference
L100_Ts120_Tr50p0_dT5_F1p0_LP30,S2b,5,unique_equal,common_span,20,20,0.15,supply,0.5294117647058824,0.0,0.4705882352941176,main_reference
L100_Ts120_Tr50p0_dT5_F1p0_LP30,S2b,5,unique_equal,grade_half,20,20,0.15,low_grade,0.0588235294117647,0.3529411764705882,0.5882352941176471,main_reference
L100_Ts120_Tr50p0_dT5_F1p0_LP30,S2b,5,unique_equal,grade_double,20,20,0.15,low_grade,0.1176470588235294,0.2941176470588235,0.5882352941176471,main_reference
L100_Ts120_Tr50p0_dT5_F1p0_LP30,S2b,5,physical_measure,baseline,20,20,0.0846773620569588,low_grade,0.1173126493115191,0.3609908636197629,0.5216964870687176,main_reference
L100_Ts120_Tr50p0_dT5_F1p0_LP30,S2b,5,physical_measure,common_5K,20,20,0.0846773620569588,supply,0.647576613783695,0.0,0.3524233862163048,main_reference
L100_Ts120_Tr50p0_dT5_F1p0_LP30,S2b,5,physical_measure,common_span,20,20,0.0846773620569588,supply,0.647576613783695,0.0,0.3524233862163048,main_reference
L100_Ts120_Tr50p0_dT5_F1p0_LP30,S2b,5,physical_measure,grade_half,20,20,0.0846773620569588,low_grade,0.0759739873390852,0.4023295255921967,0.5216964870687176,main_reference
L100_Ts120_Tr50p0_dT5_F1p0_LP30,S2b,5,physical_measure,grade_double,20,20,0.0846773620569588,low_grade,0.1173126493115191,0.3609908636197629,0.5216964870687176,main_reference
L100_Ts120_Tr60p0_dT5_F1p0_LP30,S1,5,raw_equal,baseline,4,4,0.25,high_grade,0.0,1.0,0.0,main_reference
L100_Ts120_Tr60p0_dT5_F1p0_LP30,S1,5,raw_equal,common_5K,4,4,0.25,high_grade,0.3333333333333333,0.6666666666666666,0.0,main_reference
L100_Ts120_Tr60p0_dT5_F1p0_LP30,S1,5,raw_equal,common_span,4,4,0.25,high_grade,0.3333333333333333,0.6666666666666666,0.0,main_reference
L100_Ts120_Tr60p0_dT5_F1p0_LP30,S1,5,raw_equal,grade_half,4,4,0.25,high_grade,0.0,1.0,0.0,main_reference
L100_Ts120_Tr60p0_dT5_F1p0_LP30,S1,5,raw_equal,grade_double,4,4,0.25,high_grade,0.0,1.0,0.0,main_reference
L100_Ts120_Tr60p0_dT5_F1p0_LP30,S1,5,unique_equal,baseline,4,4,0.25,high_grade,0.0,1.0,0.0,main_reference
L100_Ts120_Tr60p0_dT5_F1p0_LP30,S1,5,unique_equal,common_5K,4,4,0.25,high_grade,0.3333333333333333,0.6666666666666666,0.0,main_reference
L100_Ts120_Tr60p0_dT5_F1p0_LP30,S1,5,unique_equal,common_span,4,4,0.25,high_grade,0.3333333333333333,0.6666666666666666,0.0,main_reference
L100_Ts120_Tr60p0_dT5_F1p0_LP30,S1,5,unique_equal,grade_half,4,4,0.25,high_grade,0.0,1.0,0.0,main_reference
L100_Ts120_Tr60p0_dT5_F1p0_LP30,S1,5,unique_equal,grade_double,4,4,0.25,high_grade,0.0,1.0,0.0,main_reference
L100_Ts120_Tr60p0_dT5_F1p0_LP30,S1,5,physical_measure,baseline,4,4,0.2857142857142857,high_grade,0.0,1.0,0.0,main_reference
L100_Ts120_Tr60p0_dT5_F1p0_LP30,S1,5,physical_measure,common_5K,4,4,0.2857142857142857,high_grade,0.4,0.6,0.0,main_reference
L100_Ts120_Tr60p0_dT5_F1p0_LP30,S1,5,physical_measure,common_span,4,4,0.2857142857142857,high_grade,0.4,0.6,0.0,main_reference
L100_Ts120_Tr60p0_dT5_F1p0_LP30,S1,5,physical_measure,grade_half,4,4,0.2857142857142857,high_grade,0.0,1.0,0.0,main_reference
L100_Ts120_Tr60p0_dT5_F1p0_LP30,S1,5,physical_measure,grade_double,4,4,0.2857142857142857,high_grade,0.0,1.0,0.0,main_reference
L100_Ts120_Tr60p0_dT5_F1p0_LP30,S2a,5,raw_equal,baseline,20,20,0.15,low_grade,0.0,0.4705882352941176,0.5294117647058824,main_reference
L100_Ts120_Tr60p0_dT5_F1p0_LP30,S2a,5,raw_equal,common_5K,20,20,0.15,low_grade,0.3529411764705882,0.1764705882352941,0.4705882352941176,main_reference
L100_Ts120_Tr60p0_dT5_F1p0_LP30,S2a,5,raw_equal,common_span,20,20,0.15,low_grade,0.3529411764705882,0.1764705882352941,0.4705882352941176,main_reference
L100_Ts120_Tr60p0_dT5_F1p0_LP30,S2a,5,raw_equal,grade_half,20,20,0.15,low_grade,0.0,0.4705882352941176,0.5294117647058824,main_reference
L100_Ts120_Tr60p0_dT5_F1p0_LP30,S2a,5,raw_equal,grade_double,20,20,0.15,low_grade,0.0,0.4705882352941176,0.5294117647058824,main_reference
L100_Ts120_Tr60p0_dT5_F1p0_LP30,S2a,5,unique_equal,baseline,20,20,0.15,low_grade,0.0,0.4705882352941176,0.5294117647058824,main_reference
L100_Ts120_Tr60p0_dT5_F1p0_LP30,S2a,5,unique_equal,common_5K,20,20,0.15,low_grade,0.3529411764705882,0.1764705882352941,0.4705882352941176,main_reference
L100_Ts120_Tr60p0_dT5_F1p0_LP30,S2a,5,unique_equal,common_span,20,20,0.15,low_grade,0.3529411764705882,0.1764705882352941,0.4705882352941176,main_reference
L100_Ts120_Tr60p0_dT5_F1p0_LP30,S2a,5,unique_equal,grade_half,20,20,0.15,low_grade,0.0,0.4705882352941176,0.5294117647058824,main_reference
L100_Ts120_Tr60p0_dT5_F1p0_LP30,S2a,5,unique_equal,grade_double,20,20,0.15,low_grade,0.0,0.4705882352941176,0.5294117647058824,main_reference
L100_Ts120_Tr60p0_dT5_F1p0_LP30,S2a,5,physical_measure,baseline,20,20,0.081106561728076,high_grade,0.0,0.5498966460900292,0.450103353909971,main_reference
L100_Ts120_Tr60p0_dT5_F1p0_LP30,S2a,5,physical_measure,common_5K,20,20,0.081106561728076,supply,0.453648058654994,0.1642102352993494,0.3821417060456566,main_reference
L100_Ts120_Tr60p0_dT5_F1p0_LP30,S2a,5,physical_measure,common_span,20,20,0.081106561728076,supply,0.453648058654994,0.1642102352993494,0.3821417060456566,main_reference
L100_Ts120_Tr60p0_dT5_F1p0_LP30,S2a,5,physical_measure,grade_half,20,20,0.081106561728076,high_grade,0.0,0.5498966460900292,0.450103353909971,main_reference
L100_Ts120_Tr60p0_dT5_F1p0_LP30,S2a,5,physical_measure,grade_double,20,20,0.081106561728076,high_grade,0.0,0.5498966460900292,0.450103353909971,main_reference
L100_Ts120_Tr60p0_dT5_F1p0_LP30,S2b,5,raw_equal,baseline,20,20,0.0999999999999999,low_grade,0.0555555555555555,0.3333333333333333,0.6111111111111112,main_reference
L100_Ts120_Tr60p0_dT5_F1p0_LP30,S2b,5,raw_equal,common_5K,20,20,0.0999999999999999,supply,0.5555555555555556,0.0,0.4444444444444444,main_reference
L100_Ts120_Tr60p0_dT5_F1p0_LP30,S2b,5,raw_equal,common_span,20,20,0.0999999999999999,supply,0.5555555555555556,0.0,0.4444444444444444,main_reference
L100_Ts120_Tr60p0_dT5_F1p0_LP30,S2b,5,raw_equal,grade_half,20,20,0.0999999999999999,low_grade,0.0555555555555555,0.3333333333333333,0.6111111111111112,main_reference
L100_Ts120_Tr60p0_dT5_F1p0_LP30,S2b,5,raw_equal,grade_double,20,20,0.0999999999999999,low_grade,0.1111111111111111,0.3333333333333333,0.5555555555555556,main_reference
L100_Ts120_Tr60p0_dT5_F1p0_LP30,S2b,5,unique_equal,baseline,20,20,0.0999999999999999,low_grade,0.0555555555555555,0.3333333333333333,0.6111111111111112,main_reference
L100_Ts120_Tr60p0_dT5_F1p0_LP30,S2b,5,unique_equal,common_5K,20,20,0.0999999999999999,supply,0.5555555555555556,0.0,0.4444444444444444,main_reference
L100_Ts120_Tr60p0_dT5_F1p0_LP30,S2b,5,unique_equal,common_span,20,20,0.0999999999999999,supply,0.5555555555555556,0.0,0.4444444444444444,main_reference
L100_Ts120_Tr60p0_dT5_F1p0_LP30,S2b,5,unique_equal,grade_half,20,20,0.0999999999999999,low_grade,0.0555555555555555,0.3333333333333333,0.6111111111111112,main_reference
L100_Ts120_Tr60p0_dT5_F1p0_LP30,S2b,5,unique_equal,grade_double,20,20,0.0999999999999999,low_grade,0.1111111111111111,0.3333333333333333,0.5555555555555556,main_reference
L100_Ts120_Tr60p0_dT5_F1p0_LP30,S2b,5,physical_measure,baseline,20,20,0.0657582554941369,low_grade,0.0202507612982211,0.3941820464062026,0.585567192295576,main_reference
L100_Ts120_Tr60p0_dT5_F1p0_LP30,S2b,5,physical_measure,common_5K,20,20,0.0657582554941369,supply,0.6547134556538722,0.0,0.3452865443461276,main_reference
L100_Ts120_Tr60p0_dT5_F1p0_LP30,S2b,5,physical_measure,common_span,20,20,0.0657582554941369,supply,0.6547134556538722,0.0,0.3452865443461276,main_reference
L100_Ts120_Tr60p0_dT5_F1p0_LP30,S2b,5,physical_measure,grade_half,20,20,0.0657582554941369,low_grade,0.0202507612982211,0.3941820464062026,0.585567192295576,main_reference
L100_Ts120_Tr60p0_dT5_F1p0_LP30,S2b,5,physical_measure,grade_double,20,20,0.0657582554941369,low_grade,0.0946862175548284,0.3941820464062026,0.5111317360389686,main_reference
L100_Ts130_Tr50p0_dT5_F1p0_LP30,S1,5,raw_equal,baseline,4,4,0.25,high_grade,0.0,1.0,0.0,main_reference
L100_Ts130_Tr50p0_dT5_F1p0_LP30,S1,5,raw_equal,common_5K,4,4,0.25,high_grade,0.0,1.0,0.0,main_reference
L100_Ts130_Tr50p0_dT5_F1p0_LP30,S1,5,raw_equal,common_span,4,4,0.25,high_grade,0.0,1.0,0.0,main_reference
L100_Ts130_Tr50p0_dT5_F1p0_LP30,S1,5,raw_equal,grade_half,4,4,0.25,high_grade,0.0,1.0,0.0,main_reference
L100_Ts130_Tr50p0_dT5_F1p0_LP30,S1,5,raw_equal,grade_double,4,4,0.25,high_grade,0.0,1.0,0.0,main_reference
L100_Ts130_Tr50p0_dT5_F1p0_LP30,S1,5,unique_equal,baseline,4,4,0.25,high_grade,0.0,1.0,0.0,main_reference
L100_Ts130_Tr50p0_dT5_F1p0_LP30,S1,5,unique_equal,common_5K,4,4,0.25,high_grade,0.0,1.0,0.0,main_reference
L100_Ts130_Tr50p0_dT5_F1p0_LP30,S1,5,unique_equal,common_span,4,4,0.25,high_grade,0.0,1.0,0.0,main_reference
L100_Ts130_Tr50p0_dT5_F1p0_LP30,S1,5,unique_equal,grade_half,4,4,0.25,high_grade,0.0,1.0,0.0,main_reference
L100_Ts130_Tr50p0_dT5_F1p0_LP30,S1,5,unique_equal,grade_double,4,4,0.25,high_grade,0.0,1.0,0.0,main_reference
L100_Ts130_Tr50p0_dT5_F1p0_LP30,S1,5,physical_measure,baseline,4,4,0.2857142857142857,high_grade,0.0,1.0,0.0,main_reference
L100_Ts130_Tr50p0_dT5_F1p0_LP30,S1,5,physical_measure,common_5K,4,4,0.2857142857142857,high_grade,0.0,1.0,0.0,main_reference
L100_Ts130_Tr50p0_dT5_F1p0_LP30,S1,5,physical_measure,common_span,4,4,0.2857142857142857,high_grade,0.0,1.0,0.0,main_reference
L100_Ts130_Tr50p0_dT5_F1p0_LP30,S1,5,physical_measure,grade_half,4,4,0.2857142857142857,high_grade,0.0,1.0,0.0,main_reference
L100_Ts130_Tr50p0_dT5_F1p0_LP30,S1,5,physical_measure,grade_double,4,4,0.2857142857142857,high_grade,0.0,1.0,0.0,main_reference
L100_Ts130_Tr50p0_dT5_F1p0_LP30,S2a,5,raw_equal,baseline,20,20,0.1999999999999999,high_grade+low_grade,0.0,0.5,0.5,main_reference
L100_Ts130_Tr50p0_dT5_F1p0_LP30,S2a,5,raw_equal,common_5K,20,20,0.1999999999999999,low_grade,0.1875,0.375,0.4375,main_reference
L100_Ts130_Tr50p0_dT5_F1p0_LP30,S2a,5,raw_equal,common_span,20,20,0.1999999999999999,low_grade,0.1875,0.375,0.4375,main_reference
L100_Ts130_Tr50p0_dT5_F1p0_LP30,S2a,5,raw_equal,grade_half,20,20,0.1999999999999999,high_grade+low_grade,0.0,0.5,0.5,main_reference
L100_Ts130_Tr50p0_dT5_F1p0_LP30,S2a,5,raw_equal,grade_double,20,20,0.1999999999999999,high_grade+low_grade,0.0,0.5,0.5,main_reference
L100_Ts130_Tr50p0_dT5_F1p0_LP30,S2a,5,unique_equal,baseline,20,20,0.1999999999999999,high_grade+low_grade,0.0,0.5,0.5,main_reference
L100_Ts130_Tr50p0_dT5_F1p0_LP30,S2a,5,unique_equal,common_5K,20,20,0.1999999999999999,low_grade,0.1875,0.375,0.4375,main_reference
L100_Ts130_Tr50p0_dT5_F1p0_LP30,S2a,5,unique_equal,common_span,20,20,0.1999999999999999,low_grade,0.1875,0.375,0.4375,main_reference
L100_Ts130_Tr50p0_dT5_F1p0_LP30,S2a,5,unique_equal,grade_half,20,20,0.1999999999999999,high_grade+low_grade,0.0,0.5,0.5,main_reference
L100_Ts130_Tr50p0_dT5_F1p0_LP30,S2a,5,unique_equal,grade_double,20,20,0.1999999999999999,high_grade+low_grade,0.0,0.5,0.5,main_reference
L100_Ts130_Tr50p0_dT5_F1p0_LP30,S2a,5,physical_measure,baseline,20,20,0.110833146649286,high_grade,0.0,0.5682807652081495,0.4317192347918506,main_reference
L100_Ts130_Tr50p0_dT5_F1p0_LP30,S2a,5,physical_measure,common_5K,20,20,0.110833146649286,high_grade,0.2494492381782649,0.3890652655473882,0.3614854962743469,main_reference
L100_Ts130_Tr50p0_dT5_F1p0_LP30,S2a,5,physical_measure,common_span,20,20,0.110833146649286,high_grade,0.2494492381782649,0.3890652655473882,0.3614854962743469,main_reference
L100_Ts130_Tr50p0_dT5_F1p0_LP30,S2a,5,physical_measure,grade_half,20,20,0.110833146649286,high_grade,0.0,0.5682807652081495,0.4317192347918506,main_reference
L100_Ts130_Tr50p0_dT5_F1p0_LP30,S2a,5,physical_measure,grade_double,20,20,0.110833146649286,high_grade,0.0,0.5682807652081495,0.4317192347918506,main_reference
L100_Ts130_Tr50p0_dT5_F1p0_LP30,S2b,5,raw_equal,baseline,20,20,0.15,low_grade,0.0588235294117647,0.3529411764705882,0.5882352941176471,main_reference
L100_Ts130_Tr50p0_dT5_F1p0_LP30,S2b,5,raw_equal,common_5K,20,20,0.15,supply+low_grade,0.4705882352941176,0.0588235294117647,0.4705882352941176,main_reference
L100_Ts130_Tr50p0_dT5_F1p0_LP30,S2b,5,raw_equal,common_span,20,20,0.15,supply+low_grade,0.4705882352941176,0.0588235294117647,0.4705882352941176,main_reference
L100_Ts130_Tr50p0_dT5_F1p0_LP30,S2b,5,raw_equal,grade_half,20,20,0.15,low_grade,0.0588235294117647,0.3529411764705882,0.5882352941176471,main_reference
L100_Ts130_Tr50p0_dT5_F1p0_LP30,S2b,5,raw_equal,grade_double,20,20,0.15,low_grade,0.1176470588235294,0.2941176470588235,0.5882352941176471,main_reference
L100_Ts130_Tr50p0_dT5_F1p0_LP30,S2b,5,unique_equal,baseline,20,20,0.15,low_grade,0.0588235294117647,0.3529411764705882,0.5882352941176471,main_reference
L100_Ts130_Tr50p0_dT5_F1p0_LP30,S2b,5,unique_equal,common_5K,20,20,0.15,supply+low_grade,0.4705882352941176,0.0588235294117647,0.4705882352941176,main_reference
L100_Ts130_Tr50p0_dT5_F1p0_LP30,S2b,5,unique_equal,common_span,20,20,0.15,supply+low_grade,0.4705882352941176,0.0588235294117647,0.4705882352941176,main_reference
L100_Ts130_Tr50p0_dT5_F1p0_LP30,S2b,5,unique_equal,grade_half,20,20,0.15,low_grade,0.0588235294117647,0.3529411764705882,0.5882352941176471,main_reference
L100_Ts130_Tr50p0_dT5_F1p0_LP30,S2b,5,unique_equal,grade_double,20,20,0.15,low_grade,0.1176470588235294,0.2941176470588235,0.5882352941176471,main_reference
L100_Ts130_Tr50p0_dT5_F1p0_LP30,S2b,5,physical_measure,baseline,20,20,0.0846773620569588,low_grade,0.0759739873390852,0.4023295255921967,0.5216964870687176,main_reference
L100_Ts130_Tr50p0_dT5_F1p0_LP30,S2b,5,physical_measure,common_5K,20,20,0.0846773620569588,supply,0.6062379518112612,0.0413386619724338,0.3524233862163048,main_reference
L100_Ts130_Tr50p0_dT5_F1p0_LP30,S2b,5,physical_measure,common_span,20,20,0.0846773620569588,supply,0.6062379518112612,0.0413386619724338,0.3524233862163048,main_reference
L100_Ts130_Tr50p0_dT5_F1p0_LP30,S2b,5,physical_measure,grade_half,20,20,0.0846773620569588,low_grade,0.0759739873390852,0.4023295255921967,0.5216964870687176,main_reference
L100_Ts130_Tr50p0_dT5_F1p0_LP30,S2b,5,physical_measure,grade_double,20,20,0.0846773620569588,low_grade,0.1173126493115191,0.3609908636197629,0.5216964870687176,main_reference
L100_Ts130_Tr60p0_dT5_F1p0_LP30,S1,5,raw_equal,baseline,4,4,0.25,high_grade,0.0,1.0,0.0,main_reference
L100_Ts130_Tr60p0_dT5_F1p0_LP30,S1,5,raw_equal,common_5K,4,4,0.25,high_grade,0.0,1.0,0.0,main_reference
L100_Ts130_Tr60p0_dT5_F1p0_LP30,S1,5,raw_equal,common_span,4,4,0.25,high_grade,0.0,1.0,0.0,main_reference
L100_Ts130_Tr60p0_dT5_F1p0_LP30,S1,5,raw_equal,grade_half,4,4,0.25,high_grade,0.0,1.0,0.0,main_reference
L100_Ts130_Tr60p0_dT5_F1p0_LP30,S1,5,raw_equal,grade_double,4,4,0.25,high_grade,0.0,1.0,0.0,main_reference
L100_Ts130_Tr60p0_dT5_F1p0_LP30,S1,5,unique_equal,baseline,4,4,0.25,high_grade,0.0,1.0,0.0,main_reference
L100_Ts130_Tr60p0_dT5_F1p0_LP30,S1,5,unique_equal,common_5K,4,4,0.25,high_grade,0.0,1.0,0.0,main_reference
L100_Ts130_Tr60p0_dT5_F1p0_LP30,S1,5,unique_equal,common_span,4,4,0.25,high_grade,0.0,1.0,0.0,main_reference
L100_Ts130_Tr60p0_dT5_F1p0_LP30,S1,5,unique_equal,grade_half,4,4,0.25,high_grade,0.0,1.0,0.0,main_reference
L100_Ts130_Tr60p0_dT5_F1p0_LP30,S1,5,unique_equal,grade_double,4,4,0.25,high_grade,0.0,1.0,0.0,main_reference
L100_Ts130_Tr60p0_dT5_F1p0_LP30,S1,5,physical_measure,baseline,4,4,0.2857142857142857,high_grade,0.0,1.0,0.0,main_reference
L100_Ts130_Tr60p0_dT5_F1p0_LP30,S1,5,physical_measure,common_5K,4,4,0.2857142857142857,high_grade,0.0,1.0,0.0,main_reference
L100_Ts130_Tr60p0_dT5_F1p0_LP30,S1,5,physical_measure,common_span,4,4,0.2857142857142857,high_grade,0.0,1.0,0.0,main_reference
L100_Ts130_Tr60p0_dT5_F1p0_LP30,S1,5,physical_measure,grade_half,4,4,0.2857142857142857,high_grade,0.0,1.0,0.0,main_reference
L100_Ts130_Tr60p0_dT5_F1p0_LP30,S1,5,physical_measure,grade_double,4,4,0.2857142857142857,high_grade,0.0,1.0,0.0,main_reference
L100_Ts130_Tr60p0_dT5_F1p0_LP30,S2a,5,raw_equal,baseline,20,20,0.15,low_grade,0.0,0.4705882352941176,0.5294117647058824,main_reference
L100_Ts130_Tr60p0_dT5_F1p0_LP30,S2a,5,raw_equal,common_5K,20,20,0.15,low_grade,0.1764705882352941,0.3529411764705882,0.4705882352941176,main_reference
L100_Ts130_Tr60p0_dT5_F1p0_LP30,S2a,5,raw_equal,common_span,20,20,0.15,low_grade,0.1764705882352941,0.3529411764705882,0.4705882352941176,main_reference
L100_Ts130_Tr60p0_dT5_F1p0_LP30,S2a,5,raw_equal,grade_half,20,20,0.15,low_grade,0.0,0.4705882352941176,0.5294117647058824,main_reference
L100_Ts130_Tr60p0_dT5_F1p0_LP30,S2a,5,raw_equal,grade_double,20,20,0.15,low_grade,0.0,0.4705882352941176,0.5294117647058824,main_reference
L100_Ts130_Tr60p0_dT5_F1p0_LP30,S2a,5,unique_equal,baseline,20,20,0.15,low_grade,0.0,0.4705882352941176,0.5294117647058824,main_reference
L100_Ts130_Tr60p0_dT5_F1p0_LP30,S2a,5,unique_equal,common_5K,20,20,0.15,low_grade,0.1764705882352941,0.3529411764705882,0.4705882352941176,main_reference
L100_Ts130_Tr60p0_dT5_F1p0_LP30,S2a,5,unique_equal,common_span,20,20,0.15,low_grade,0.1764705882352941,0.3529411764705882,0.4705882352941176,main_reference
L100_Ts130_Tr60p0_dT5_F1p0_LP30,S2a,5,unique_equal,grade_half,20,20,0.15,low_grade,0.0,0.4705882352941176,0.5294117647058824,main_reference
L100_Ts130_Tr60p0_dT5_F1p0_LP30,S2a,5,unique_equal,grade_double,20,20,0.15,low_grade,0.0,0.4705882352941176,0.5294117647058824,main_reference
L100_Ts130_Tr60p0_dT5_F1p0_LP30,S2a,5,physical_measure,baseline,20,20,0.081106561728076,high_grade,0.0,0.5498966460900292,0.450103353909971,main_reference
L100_Ts130_Tr60p0_dT5_F1p0_LP30,S2a,5,physical_measure,common_5K,20,20,0.081106561728076,low_grade,0.241379451570383,0.3764788423839605,0.3821417060456566,main_reference
L100_Ts130_Tr60p0_dT5_F1p0_LP30,S2a,5,physical_measure,common_span,20,20,0.081106561728076,low_grade,0.241379451570383,0.3764788423839605,0.3821417060456566,main_reference
L100_Ts130_Tr60p0_dT5_F1p0_LP30,S2a,5,physical_measure,grade_half,20,20,0.081106561728076,high_grade,0.0,0.5498966460900292,0.450103353909971,main_reference
L100_Ts130_Tr60p0_dT5_F1p0_LP30,S2a,5,physical_measure,grade_double,20,20,0.081106561728076,high_grade,0.0,0.5498966460900292,0.450103353909971,main_reference
L100_Ts130_Tr60p0_dT5_F1p0_LP30,S2b,5,raw_equal,baseline,20,20,0.15,low_grade,0.0,0.3529411764705882,0.6470588235294118,main_reference
L100_Ts130_Tr60p0_dT5_F1p0_LP30,S2b,5,raw_equal,common_5K,20,20,0.15,supply+low_grade,0.4705882352941176,0.0588235294117647,0.4705882352941176,main_reference
L100_Ts130_Tr60p0_dT5_F1p0_LP30,S2b,5,raw_equal,common_span,20,20,0.15,supply+low_grade,0.4705882352941176,0.0588235294117647,0.4705882352941176,main_reference
L100_Ts130_Tr60p0_dT5_F1p0_LP30,S2b,5,raw_equal,grade_half,20,20,0.15,low_grade,0.0,0.3529411764705882,0.6470588235294118,main_reference
L100_Ts130_Tr60p0_dT5_F1p0_LP30,S2b,5,raw_equal,grade_double,20,20,0.15,low_grade,0.0,0.3529411764705882,0.6470588235294118,main_reference
L100_Ts130_Tr60p0_dT5_F1p0_LP30,S2b,5,unique_equal,baseline,20,20,0.15,low_grade,0.0,0.3529411764705882,0.6470588235294118,main_reference
L100_Ts130_Tr60p0_dT5_F1p0_LP30,S2b,5,unique_equal,common_5K,20,20,0.15,supply+low_grade,0.4705882352941176,0.0588235294117647,0.4705882352941176,main_reference
L100_Ts130_Tr60p0_dT5_F1p0_LP30,S2b,5,unique_equal,common_span,20,20,0.15,supply+low_grade,0.4705882352941176,0.0588235294117647,0.4705882352941176,main_reference
L100_Ts130_Tr60p0_dT5_F1p0_LP30,S2b,5,unique_equal,grade_half,20,20,0.15,low_grade,0.0,0.3529411764705882,0.6470588235294118,main_reference
L100_Ts130_Tr60p0_dT5_F1p0_LP30,S2b,5,unique_equal,grade_double,20,20,0.15,low_grade,0.0,0.3529411764705882,0.6470588235294118,main_reference
L100_Ts130_Tr60p0_dT5_F1p0_LP30,S2b,5,physical_measure,baseline,20,20,0.0846773620569588,low_grade,0.0,0.4023295255921967,0.5976704744078031,main_reference
L100_Ts130_Tr60p0_dT5_F1p0_LP30,S2b,5,physical_measure,common_5K,20,20,0.0846773620569588,supply,0.6062379518112612,0.0413386619724338,0.3524233862163048,main_reference
L100_Ts130_Tr60p0_dT5_F1p0_LP30,S2b,5,physical_measure,common_span,20,20,0.0846773620569588,supply,0.6062379518112612,0.0413386619724338,0.3524233862163048,main_reference
L100_Ts130_Tr60p0_dT5_F1p0_LP30,S2b,5,physical_measure,grade_half,20,20,0.0846773620569588,low_grade,0.0,0.4023295255921967,0.5976704744078031,main_reference
L100_Ts130_Tr60p0_dT5_F1p0_LP30,S2b,5,physical_measure,grade_double,20,20,0.0846773620569588,low_grade,0.0,0.4023295255921967,0.5976704744078031,main_reference
L50_Ts120_Tr50p0_dT5_F1p0_LP30,S1,11,raw_equal,baseline,10,10,0.8,high_grade,0.0,1.0,0.0,main_reference
L50_Ts120_Tr50p0_dT5_F1p0_LP30,S1,11,raw_equal,common_5K,10,10,0.8,high_grade,0.0,1.0,0.0,main_reference
L50_Ts120_Tr50p0_dT5_F1p0_LP30,S1,11,raw_equal,common_span,10,10,0.8,high_grade,0.0,1.0,0.0,main_reference
L50_Ts120_Tr50p0_dT5_F1p0_LP30,S1,11,raw_equal,grade_half,10,10,0.8,high_grade,0.0,1.0,0.0,main_reference
L50_Ts120_Tr50p0_dT5_F1p0_LP30,S1,11,raw_equal,grade_double,10,10,0.8,high_grade,0.0,1.0,0.0,main_reference
L50_Ts120_Tr50p0_dT5_F1p0_LP30,S1,11,unique_equal,baseline,10,10,0.8,high_grade,0.0,1.0,0.0,main_reference
L50_Ts120_Tr50p0_dT5_F1p0_LP30,S1,11,unique_equal,common_5K,10,10,0.8,high_grade,0.0,1.0,0.0,main_reference
L50_Ts120_Tr50p0_dT5_F1p0_LP30,S1,11,unique_equal,common_span,10,10,0.8,high_grade,0.0,1.0,0.0,main_reference
L50_Ts120_Tr50p0_dT5_F1p0_LP30,S1,11,unique_equal,grade_half,10,10,0.8,high_grade,0.0,1.0,0.0,main_reference
L50_Ts120_Tr50p0_dT5_F1p0_LP30,S1,11,unique_equal,grade_double,10,10,0.8,high_grade,0.0,1.0,0.0,main_reference
L50_Ts120_Tr50p0_dT5_F1p0_LP30,S1,11,physical_measure,baseline,10,10,0.8421052631578947,high_grade,0.0,1.0,0.0,main_reference
L50_Ts120_Tr50p0_dT5_F1p0_LP30,S1,11,physical_measure,common_5K,10,10,0.8421052631578947,high_grade,0.0,1.0,0.0,main_reference
L50_Ts120_Tr50p0_dT5_F1p0_LP30,S1,11,physical_measure,common_span,10,10,0.8421052631578947,high_grade,0.0,1.0,0.0,main_reference
L50_Ts120_Tr50p0_dT5_F1p0_LP30,S1,11,physical_measure,grade_half,10,10,0.8421052631578947,high_grade,0.0,1.0,0.0,main_reference
L50_Ts120_Tr50p0_dT5_F1p0_LP30,S1,11,physical_measure,grade_double,10,10,0.8421052631578947,high_grade,0.0,1.0,0.0,main_reference
L50_Ts120_Tr50p0_dT5_F1p0_LP30,S2a,11,raw_equal,baseline,110,110,0.5636363636363637,low_grade,0.0,0.125,0.875,main_reference
L50_Ts120_Tr50p0_dT5_F1p0_LP30,S2a,11,raw_equal,common_5K,110,110,0.5636363636363637,low_grade,0.0,0.125,0.875,main_reference
L50_Ts120_Tr50p0_dT5_F1p0_LP30,S2a,11,raw_equal,common_span,110,110,0.5636363636363637,low_grade,0.0,0.125,0.875,main_reference
L50_Ts120_Tr50p0_dT5_F1p0_LP30,S2a,11,raw_equal,grade_half,110,110,0.5636363636363637,low_grade,0.0,0.125,0.875,main_reference
L50_Ts120_Tr50p0_dT5_F1p0_LP30,S2a,11,raw_equal,grade_double,110,110,0.5636363636363637,low_grade,0.0,0.125,0.875,main_reference
L50_Ts120_Tr50p0_dT5_F1p0_LP30,S2a,11,unique_equal,baseline,110,110,0.5636363636363637,low_grade,0.0,0.125,0.875,main_reference
L50_Ts120_Tr50p0_dT5_F1p0_LP30,S2a,11,unique_equal,common_5K,110,110,0.5636363636363637,low_grade,0.0,0.125,0.875,main_reference
L50_Ts120_Tr50p0_dT5_F1p0_LP30,S2a,11,unique_equal,common_span,110,110,0.5636363636363637,low_grade,0.0,0.125,0.875,main_reference
L50_Ts120_Tr50p0_dT5_F1p0_LP30,S2a,11,unique_equal,grade_half,110,110,0.5636363636363637,low_grade,0.0,0.125,0.875,main_reference
L50_Ts120_Tr50p0_dT5_F1p0_LP30,S2a,11,unique_equal,grade_double,110,110,0.5636363636363637,low_grade,0.0,0.125,0.875,main_reference
L50_Ts120_Tr50p0_dT5_F1p0_LP30,S2a,11,physical_measure,baseline,110,110,0.42226450043731,low_grade,0.0,0.1282022564843951,0.8717977435156048,main_reference
L50_Ts120_Tr50p0_dT5_F1p0_LP30,S2a,11,physical_measure,common_5K,110,110,0.42226450043731,low_grade,0.0,0.1282022564843951,0.8717977435156048,main_reference
L50_Ts120_Tr50p0_dT5_F1p0_LP30,S2a,11,physical_measure,common_span,110,110,0.42226450043731,low_grade,0.0,0.1282022564843951,0.8717977435156048,main_reference
L50_Ts120_Tr50p0_dT5_F1p0_LP30,S2a,11,physical_measure,grade_half,110,110,0.42226450043731,low_grade,0.0,0.1282022564843951,0.8717977435156048,main_reference
L50_Ts120_Tr50p0_dT5_F1p0_LP30,S2a,11,physical_measure,grade_double,110,110,0.42226450043731,low_grade,0.0,0.1282022564843951,0.8717977435156048,main_reference
L50_Ts120_Tr50p0_dT5_F1p0_LP30,S2b,11,raw_equal,baseline,110,110,0.5818181818181818,low_grade,0.0434782608695652,0.0,0.9565217391304348,main_reference
L50_Ts120_Tr50p0_dT5_F1p0_LP30,S2b,11,raw_equal,common_5K,110,110,0.5818181818181818,low_grade,0.0434782608695652,0.0,0.9565217391304348,main_reference
L50_Ts120_Tr50p0_dT5_F1p0_LP30,S2b,11,raw_equal,common_span,110,110,0.5818181818181818,low_grade,0.0434782608695652,0.0,0.9565217391304348,main_reference
L50_Ts120_Tr50p0_dT5_F1p0_LP30,S2b,11,raw_equal,grade_half,110,110,0.5818181818181818,low_grade,0.0434782608695652,0.0,0.9565217391304348,main_reference
L50_Ts120_Tr50p0_dT5_F1p0_LP30,S2b,11,raw_equal,grade_double,110,110,0.5818181818181818,low_grade,0.0434782608695652,0.0,0.9565217391304348,main_reference
L50_Ts120_Tr50p0_dT5_F1p0_LP30,S2b,11,unique_equal,baseline,110,110,0.5818181818181818,low_grade,0.0434782608695652,0.0,0.9565217391304348,main_reference
L50_Ts120_Tr50p0_dT5_F1p0_LP30,S2b,11,unique_equal,common_5K,110,110,0.5818181818181818,low_grade,0.0434782608695652,0.0,0.9565217391304348,main_reference
L50_Ts120_Tr50p0_dT5_F1p0_LP30,S2b,11,unique_equal,common_span,110,110,0.5818181818181818,low_grade,0.0434782608695652,0.0,0.9565217391304348,main_reference
L50_Ts120_Tr50p0_dT5_F1p0_LP30,S2b,11,unique_equal,grade_half,110,110,0.5818181818181818,low_grade,0.0434782608695652,0.0,0.9565217391304348,main_reference
L50_Ts120_Tr50p0_dT5_F1p0_LP30,S2b,11,unique_equal,grade_double,110,110,0.5818181818181818,low_grade,0.0434782608695652,0.0,0.9565217391304348,main_reference
L50_Ts120_Tr50p0_dT5_F1p0_LP30,S2b,11,physical_measure,baseline,110,110,0.4685297065369188,low_grade,0.0322656701259464,0.0,0.9677343298740534,main_reference
L50_Ts120_Tr50p0_dT5_F1p0_LP30,S2b,11,physical_measure,common_5K,110,110,0.4685297065369188,low_grade,0.0322656701259464,0.0,0.9677343298740534,main_reference
L50_Ts120_Tr50p0_dT5_F1p0_LP30,S2b,11,physical_measure,common_span,110,110,0.4685297065369188,low_grade,0.0322656701259464,0.0,0.9677343298740534,main_reference
L50_Ts120_Tr50p0_dT5_F1p0_LP30,S2b,11,physical_measure,grade_half,110,110,0.4685297065369188,low_grade,0.0322656701259464,0.0,0.9677343298740534,main_reference
L50_Ts120_Tr50p0_dT5_F1p0_LP30,S2b,11,physical_measure,grade_double,110,110,0.4685297065369188,low_grade,0.0322656701259464,0.0,0.9677343298740534,main_reference
L50_Ts120_Tr60p0_dT5_F1p0_LP30,S1,11,raw_equal,baseline,10,10,0.7,high_grade,0.0,1.0,0.0,main_reference
L50_Ts120_Tr60p0_dT5_F1p0_LP30,S1,11,raw_equal,common_5K,10,10,0.7,high_grade,0.0,1.0,0.0,main_reference
L50_Ts120_Tr60p0_dT5_F1p0_LP30,S1,11,raw_equal,common_span,10,10,0.7,high_grade,0.0,1.0,0.0,main_reference
L50_Ts120_Tr60p0_dT5_F1p0_LP30,S1,11,raw_equal,grade_half,10,10,0.7,high_grade,0.0,1.0,0.0,main_reference
L50_Ts120_Tr60p0_dT5_F1p0_LP30,S1,11,raw_equal,grade_double,10,10,0.7,high_grade,0.0,1.0,0.0,main_reference
L50_Ts120_Tr60p0_dT5_F1p0_LP30,S1,11,unique_equal,baseline,10,10,0.7,high_grade,0.0,1.0,0.0,main_reference
L50_Ts120_Tr60p0_dT5_F1p0_LP30,S1,11,unique_equal,common_5K,10,10,0.7,high_grade,0.0,1.0,0.0,main_reference
L50_Ts120_Tr60p0_dT5_F1p0_LP30,S1,11,unique_equal,common_span,10,10,0.7,high_grade,0.0,1.0,0.0,main_reference
L50_Ts120_Tr60p0_dT5_F1p0_LP30,S1,11,unique_equal,grade_half,10,10,0.7,high_grade,0.0,1.0,0.0,main_reference
L50_Ts120_Tr60p0_dT5_F1p0_LP30,S1,11,unique_equal,grade_double,10,10,0.7,high_grade,0.0,1.0,0.0,main_reference
L50_Ts120_Tr60p0_dT5_F1p0_LP30,S1,11,physical_measure,baseline,10,10,0.736842105263158,high_grade,0.0,1.0,0.0,main_reference
L50_Ts120_Tr60p0_dT5_F1p0_LP30,S1,11,physical_measure,common_5K,10,10,0.736842105263158,high_grade,0.0,1.0,0.0,main_reference
L50_Ts120_Tr60p0_dT5_F1p0_LP30,S1,11,physical_measure,common_span,10,10,0.736842105263158,high_grade,0.0,1.0,0.0,main_reference
L50_Ts120_Tr60p0_dT5_F1p0_LP30,S1,11,physical_measure,grade_half,10,10,0.736842105263158,high_grade,0.0,1.0,0.0,main_reference
L50_Ts120_Tr60p0_dT5_F1p0_LP30,S1,11,physical_measure,grade_double,10,10,0.736842105263158,high_grade,0.0,1.0,0.0,main_reference
L50_Ts120_Tr60p0_dT5_F1p0_LP30,S2a,11,raw_equal,baseline,110,110,0.3909090909090909,low_grade,0.0,0.1194029850746268,0.8805970149253731,main_reference
L50_Ts120_Tr60p0_dT5_F1p0_LP30,S2a,11,raw_equal,common_5K,110,110,0.3909090909090909,low_grade,0.0,0.1194029850746268,0.8805970149253731,main_reference
L50_Ts120_Tr60p0_dT5_F1p0_LP30,S2a,11,raw_equal,common_span,110,110,0.3909090909090909,low_grade,0.0,0.1194029850746268,0.8805970149253731,main_reference
L50_Ts120_Tr60p0_dT5_F1p0_LP30,S2a,11,raw_equal,grade_half,110,110,0.3909090909090909,low_grade,0.0,0.1194029850746268,0.8805970149253731,main_reference
L50_Ts120_Tr60p0_dT5_F1p0_LP30,S2a,11,raw_equal,grade_double,110,110,0.3909090909090909,low_grade,0.0,0.1194029850746268,0.8805970149253731,main_reference
L50_Ts120_Tr60p0_dT5_F1p0_LP30,S2a,11,unique_equal,baseline,110,110,0.3909090909090909,low_grade,0.0,0.1194029850746268,0.8805970149253731,main_reference
L50_Ts120_Tr60p0_dT5_F1p0_LP30,S2a,11,unique_equal,common_5K,110,110,0.3909090909090909,low_grade,0.0,0.1194029850746268,0.8805970149253731,main_reference
L50_Ts120_Tr60p0_dT5_F1p0_LP30,S2a,11,unique_equal,common_span,110,110,0.3909090909090909,low_grade,0.0,0.1194029850746268,0.8805970149253731,main_reference
L50_Ts120_Tr60p0_dT5_F1p0_LP30,S2a,11,unique_equal,grade_half,110,110,0.3909090909090909,low_grade,0.0,0.1194029850746268,0.8805970149253731,main_reference
L50_Ts120_Tr60p0_dT5_F1p0_LP30,S2a,11,unique_equal,grade_double,110,110,0.3909090909090909,low_grade,0.0,0.1194029850746268,0.8805970149253731,main_reference
L50_Ts120_Tr60p0_dT5_F1p0_LP30,S2a,11,physical_measure,baseline,110,110,0.2284827450299967,low_grade,0.0,0.1290806059911881,0.8709193940088117,main_reference
L50_Ts120_Tr60p0_dT5_F1p0_LP30,S2a,11,physical_measure,common_5K,110,110,0.2284827450299967,low_grade,0.0,0.1290806059911881,0.8709193940088117,main_reference
L50_Ts120_Tr60p0_dT5_F1p0_LP30,S2a,11,physical_measure,common_span,110,110,0.2284827450299967,low_grade,0.0,0.1290806059911881,0.8709193940088117,main_reference
L50_Ts120_Tr60p0_dT5_F1p0_LP30,S2a,11,physical_measure,grade_half,110,110,0.2284827450299967,low_grade,0.0,0.1290806059911881,0.8709193940088117,main_reference
L50_Ts120_Tr60p0_dT5_F1p0_LP30,S2a,11,physical_measure,grade_double,110,110,0.2284827450299967,low_grade,0.0,0.1290806059911881,0.8709193940088117,main_reference
L50_Ts120_Tr60p0_dT5_F1p0_LP30,S2b,11,raw_equal,baseline,110,110,0.409090909090909,low_grade,0.0307692307692307,0.0,0.9692307692307692,main_reference
L50_Ts120_Tr60p0_dT5_F1p0_LP30,S2b,11,raw_equal,common_5K,110,110,0.409090909090909,low_grade,0.0615384615384615,0.0,0.9384615384615383,main_reference
L50_Ts120_Tr60p0_dT5_F1p0_LP30,S2b,11,raw_equal,common_span,110,110,0.409090909090909,low_grade,0.0615384615384615,0.0,0.9384615384615383,main_reference
L50_Ts120_Tr60p0_dT5_F1p0_LP30,S2b,11,raw_equal,grade_half,110,110,0.409090909090909,low_grade,0.0307692307692307,0.0,0.9692307692307692,main_reference
L50_Ts120_Tr60p0_dT5_F1p0_LP30,S2b,11,raw_equal,grade_double,110,110,0.409090909090909,low_grade,0.0307692307692307,0.0,0.9692307692307692,main_reference
L50_Ts120_Tr60p0_dT5_F1p0_LP30,S2b,11,unique_equal,baseline,110,110,0.409090909090909,low_grade,0.0307692307692307,0.0,0.9692307692307692,main_reference
L50_Ts120_Tr60p0_dT5_F1p0_LP30,S2b,11,unique_equal,common_5K,110,110,0.409090909090909,low_grade,0.0615384615384615,0.0,0.9384615384615383,main_reference
L50_Ts120_Tr60p0_dT5_F1p0_LP30,S2b,11,unique_equal,common_span,110,110,0.409090909090909,low_grade,0.0615384615384615,0.0,0.9384615384615383,main_reference
L50_Ts120_Tr60p0_dT5_F1p0_LP30,S2b,11,unique_equal,grade_half,110,110,0.409090909090909,low_grade,0.0307692307692307,0.0,0.9692307692307692,main_reference
L50_Ts120_Tr60p0_dT5_F1p0_LP30,S2b,11,unique_equal,grade_double,110,110,0.409090909090909,low_grade,0.0307692307692307,0.0,0.9692307692307692,main_reference
L50_Ts120_Tr60p0_dT5_F1p0_LP30,S2b,11,physical_measure,baseline,110,110,0.2651672341953041,low_grade,0.0212754410383991,0.0,0.9787245589616008,main_reference
L50_Ts120_Tr60p0_dT5_F1p0_LP30,S2b,11,physical_measure,common_5K,110,110,0.2651672341953041,low_grade,0.0653415153924923,0.0,0.9346584846075078,main_reference
L50_Ts120_Tr60p0_dT5_F1p0_LP30,S2b,11,physical_measure,common_span,110,110,0.2651672341953041,low_grade,0.0653415153924923,0.0,0.9346584846075078,main_reference
L50_Ts120_Tr60p0_dT5_F1p0_LP30,S2b,11,physical_measure,grade_half,110,110,0.2651672341953041,low_grade,0.0212754410383991,0.0,0.9787245589616008,main_reference
L50_Ts120_Tr60p0_dT5_F1p0_LP30,S2b,11,physical_measure,grade_double,110,110,0.2651672341953041,low_grade,0.0212754410383991,0.0,0.9787245589616008,main_reference
L50_Ts130_Tr50p0_dT5_F1p0_LP30,S1,11,raw_equal,baseline,10,10,0.8,high_grade,0.0,1.0,0.0,main_reference
L50_Ts130_Tr50p0_dT5_F1p0_LP30,S1,11,raw_equal,common_5K,10,10,0.8,high_grade,0.0,1.0,0.0,main_reference
L50_Ts130_Tr50p0_dT5_F1p0_LP30,S1,11,raw_equal,common_span,10,10,0.8,high_grade,0.0,1.0,0.0,main_reference
L50_Ts130_Tr50p0_dT5_F1p0_LP30,S1,11,raw_equal,grade_half,10,10,0.8,high_grade,0.0,1.0,0.0,main_reference
L50_Ts130_Tr50p0_dT5_F1p0_LP30,S1,11,raw_equal,grade_double,10,10,0.8,high_grade,0.0,1.0,0.0,main_reference
L50_Ts130_Tr50p0_dT5_F1p0_LP30,S1,11,unique_equal,baseline,10,10,0.8,high_grade,0.0,1.0,0.0,main_reference
L50_Ts130_Tr50p0_dT5_F1p0_LP30,S1,11,unique_equal,common_5K,10,10,0.8,high_grade,0.0,1.0,0.0,main_reference
L50_Ts130_Tr50p0_dT5_F1p0_LP30,S1,11,unique_equal,common_span,10,10,0.8,high_grade,0.0,1.0,0.0,main_reference
L50_Ts130_Tr50p0_dT5_F1p0_LP30,S1,11,unique_equal,grade_half,10,10,0.8,high_grade,0.0,1.0,0.0,main_reference
L50_Ts130_Tr50p0_dT5_F1p0_LP30,S1,11,unique_equal,grade_double,10,10,0.8,high_grade,0.0,1.0,0.0,main_reference
L50_Ts130_Tr50p0_dT5_F1p0_LP30,S1,11,physical_measure,baseline,10,10,0.8421052631578947,high_grade,0.0,1.0,0.0,main_reference
L50_Ts130_Tr50p0_dT5_F1p0_LP30,S1,11,physical_measure,common_5K,10,10,0.8421052631578947,high_grade,0.0,1.0,0.0,main_reference
L50_Ts130_Tr50p0_dT5_F1p0_LP30,S1,11,physical_measure,common_span,10,10,0.8421052631578947,high_grade,0.0,1.0,0.0,main_reference
L50_Ts130_Tr50p0_dT5_F1p0_LP30,S1,11,physical_measure,grade_half,10,10,0.8421052631578947,high_grade,0.0,1.0,0.0,main_reference
L50_Ts130_Tr50p0_dT5_F1p0_LP30,S1,11,physical_measure,grade_double,10,10,0.8421052631578947,high_grade,0.0,1.0,0.0,main_reference
L50_Ts130_Tr50p0_dT5_F1p0_LP30,S2a,11,raw_equal,baseline,110,110,0.5636363636363637,low_grade,0.0,0.125,0.875,main_reference
L50_Ts130_Tr50p0_dT5_F1p0_LP30,S2a,11,raw_equal,common_5K,110,110,0.5636363636363637,low_grade,0.0,0.125,0.875,main_reference
L50_Ts130_Tr50p0_dT5_F1p0_LP30,S2a,11,raw_equal,common_span,110,110,0.5636363636363637,low_grade,0.0,0.125,0.875,main_reference
L50_Ts130_Tr50p0_dT5_F1p0_LP30,S2a,11,raw_equal,grade_half,110,110,0.5636363636363637,low_grade,0.0,0.125,0.875,main_reference
L50_Ts130_Tr50p0_dT5_F1p0_LP30,S2a,11,raw_equal,grade_double,110,110,0.5636363636363637,low_grade,0.0,0.125,0.875,main_reference
L50_Ts130_Tr50p0_dT5_F1p0_LP30,S2a,11,unique_equal,baseline,110,110,0.5636363636363637,low_grade,0.0,0.125,0.875,main_reference
L50_Ts130_Tr50p0_dT5_F1p0_LP30,S2a,11,unique_equal,common_5K,110,110,0.5636363636363637,low_grade,0.0,0.125,0.875,main_reference
L50_Ts130_Tr50p0_dT5_F1p0_LP30,S2a,11,unique_equal,common_span,110,110,0.5636363636363637,low_grade,0.0,0.125,0.875,main_reference
L50_Ts130_Tr50p0_dT5_F1p0_LP30,S2a,11,unique_equal,grade_half,110,110,0.5636363636363637,low_grade,0.0,0.125,0.875,main_reference
L50_Ts130_Tr50p0_dT5_F1p0_LP30,S2a,11,unique_equal,grade_double,110,110,0.5636363636363637,low_grade,0.0,0.125,0.875,main_reference
L50_Ts130_Tr50p0_dT5_F1p0_LP30,S2a,11,physical_measure,baseline,110,110,0.42226450043731,low_grade,0.0,0.1282022564843951,0.8717977435156048,main_reference
L50_Ts130_Tr50p0_dT5_F1p0_LP30,S2a,11,physical_measure,common_5K,110,110,0.42226450043731,low_grade,0.0,0.1282022564843951,0.8717977435156048,main_reference
L50_Ts130_Tr50p0_dT5_F1p0_LP30,S2a,11,physical_measure,common_span,110,110,0.42226450043731,low_grade,0.0,0.1282022564843951,0.8717977435156048,main_reference
L50_Ts130_Tr50p0_dT5_F1p0_LP30,S2a,11,physical_measure,grade_half,110,110,0.42226450043731,low_grade,0.0,0.1282022564843951,0.8717977435156048,main_reference
L50_Ts130_Tr50p0_dT5_F1p0_LP30,S2a,11,physical_measure,grade_double,110,110,0.42226450043731,low_grade,0.0,0.1282022564843951,0.8717977435156048,main_reference
L50_Ts130_Tr50p0_dT5_F1p0_LP30,S2b,11,raw_equal,baseline,110,110,0.6,low_grade,0.0,0.0,1.0,main_reference
L50_Ts130_Tr50p0_dT5_F1p0_LP30,S2b,11,raw_equal,common_5K,110,110,0.6,low_grade,0.0,0.0,1.0,main_reference
L50_Ts130_Tr50p0_dT5_F1p0_LP30,S2b,11,raw_equal,common_span,110,110,0.6,low_grade,0.0,0.0,1.0,main_reference
L50_Ts130_Tr50p0_dT5_F1p0_LP30,S2b,11,raw_equal,grade_half,110,110,0.6,low_grade,0.0,0.0,1.0,main_reference
L50_Ts130_Tr50p0_dT5_F1p0_LP30,S2b,11,raw_equal,grade_double,110,110,0.6,low_grade,0.0,0.0,1.0,main_reference
L50_Ts130_Tr50p0_dT5_F1p0_LP30,S2b,11,unique_equal,baseline,110,110,0.6,low_grade,0.0,0.0,1.0,main_reference
L50_Ts130_Tr50p0_dT5_F1p0_LP30,S2b,11,unique_equal,common_5K,110,110,0.6,low_grade,0.0,0.0,1.0,main_reference
L50_Ts130_Tr50p0_dT5_F1p0_LP30,S2b,11,unique_equal,common_span,110,110,0.6,low_grade,0.0,0.0,1.0,main_reference
L50_Ts130_Tr50p0_dT5_F1p0_LP30,S2b,11,unique_equal,grade_half,110,110,0.6,low_grade,0.0,0.0,1.0,main_reference
L50_Ts130_Tr50p0_dT5_F1p0_LP30,S2b,11,unique_equal,grade_double,110,110,0.6,low_grade,0.0,0.0,1.0,main_reference
L50_Ts130_Tr50p0_dT5_F1p0_LP30,S2b,11,physical_measure,baseline,110,110,0.4856779517075384,low_grade,0.0,0.0,1.0,main_reference
L50_Ts130_Tr50p0_dT5_F1p0_LP30,S2b,11,physical_measure,common_5K,110,110,0.4856779517075384,low_grade,0.0,0.0,1.0,main_reference
L50_Ts130_Tr50p0_dT5_F1p0_LP30,S2b,11,physical_measure,common_span,110,110,0.4856779517075384,low_grade,0.0,0.0,1.0,main_reference
L50_Ts130_Tr50p0_dT5_F1p0_LP30,S2b,11,physical_measure,grade_half,110,110,0.4856779517075384,low_grade,0.0,0.0,1.0,main_reference
L50_Ts130_Tr50p0_dT5_F1p0_LP30,S2b,11,physical_measure,grade_double,110,110,0.4856779517075384,low_grade,0.0,0.0,1.0,main_reference
L50_Ts130_Tr60p0_dT5_F1p0_LP30,S1,11,raw_equal,baseline,10,10,0.7,high_grade,0.0,1.0,0.0,main_reference
L50_Ts130_Tr60p0_dT5_F1p0_LP30,S1,11,raw_equal,common_5K,10,10,0.7,high_grade,0.0,1.0,0.0,main_reference
L50_Ts130_Tr60p0_dT5_F1p0_LP30,S1,11,raw_equal,common_span,10,10,0.7,high_grade,0.0,1.0,0.0,main_reference
L50_Ts130_Tr60p0_dT5_F1p0_LP30,S1,11,raw_equal,grade_half,10,10,0.7,high_grade,0.0,1.0,0.0,main_reference
L50_Ts130_Tr60p0_dT5_F1p0_LP30,S1,11,raw_equal,grade_double,10,10,0.7,high_grade,0.0,1.0,0.0,main_reference
L50_Ts130_Tr60p0_dT5_F1p0_LP30,S1,11,unique_equal,baseline,10,10,0.7,high_grade,0.0,1.0,0.0,main_reference
L50_Ts130_Tr60p0_dT5_F1p0_LP30,S1,11,unique_equal,common_5K,10,10,0.7,high_grade,0.0,1.0,0.0,main_reference
L50_Ts130_Tr60p0_dT5_F1p0_LP30,S1,11,unique_equal,common_span,10,10,0.7,high_grade,0.0,1.0,0.0,main_reference
L50_Ts130_Tr60p0_dT5_F1p0_LP30,S1,11,unique_equal,grade_half,10,10,0.7,high_grade,0.0,1.0,0.0,main_reference
L50_Ts130_Tr60p0_dT5_F1p0_LP30,S1,11,unique_equal,grade_double,10,10,0.7,high_grade,0.0,1.0,0.0,main_reference
L50_Ts130_Tr60p0_dT5_F1p0_LP30,S1,11,physical_measure,baseline,10,10,0.736842105263158,high_grade,0.0,1.0,0.0,main_reference
L50_Ts130_Tr60p0_dT5_F1p0_LP30,S1,11,physical_measure,common_5K,10,10,0.736842105263158,high_grade,0.0,1.0,0.0,main_reference
L50_Ts130_Tr60p0_dT5_F1p0_LP30,S1,11,physical_measure,common_span,10,10,0.736842105263158,high_grade,0.0,1.0,0.0,main_reference
L50_Ts130_Tr60p0_dT5_F1p0_LP30,S1,11,physical_measure,grade_half,10,10,0.736842105263158,high_grade,0.0,1.0,0.0,main_reference
L50_Ts130_Tr60p0_dT5_F1p0_LP30,S1,11,physical_measure,grade_double,10,10,0.736842105263158,high_grade,0.0,1.0,0.0,main_reference
L50_Ts130_Tr60p0_dT5_F1p0_LP30,S2a,11,raw_equal,baseline,110,110,0.3909090909090909,low_grade,0.0,0.1194029850746268,0.8805970149253731,main_reference
L50_Ts130_Tr60p0_dT5_F1p0_LP30,S2a,11,raw_equal,common_5K,110,110,0.3909090909090909,low_grade,0.0,0.1194029850746268,0.8805970149253731,main_reference
L50_Ts130_Tr60p0_dT5_F1p0_LP30,S2a,11,raw_equal,common_span,110,110,0.3909090909090909,low_grade,0.0,0.1194029850746268,0.8805970149253731,main_reference
L50_Ts130_Tr60p0_dT5_F1p0_LP30,S2a,11,raw_equal,grade_half,110,110,0.3909090909090909,low_grade,0.0,0.1194029850746268,0.8805970149253731,main_reference
L50_Ts130_Tr60p0_dT5_F1p0_LP30,S2a,11,raw_equal,grade_double,110,110,0.3909090909090909,low_grade,0.0,0.1194029850746268,0.8805970149253731,main_reference
L50_Ts130_Tr60p0_dT5_F1p0_LP30,S2a,11,unique_equal,baseline,110,110,0.3909090909090909,low_grade,0.0,0.1194029850746268,0.8805970149253731,main_reference
L50_Ts130_Tr60p0_dT5_F1p0_LP30,S2a,11,unique_equal,common_5K,110,110,0.3909090909090909,low_grade,0.0,0.1194029850746268,0.8805970149253731,main_reference
L50_Ts130_Tr60p0_dT5_F1p0_LP30,S2a,11,unique_equal,common_span,110,110,0.3909090909090909,low_grade,0.0,0.1194029850746268,0.8805970149253731,main_reference
L50_Ts130_Tr60p0_dT5_F1p0_LP30,S2a,11,unique_equal,grade_half,110,110,0.3909090909090909,low_grade,0.0,0.1194029850746268,0.8805970149253731,main_reference
L50_Ts130_Tr60p0_dT5_F1p0_LP30,S2a,11,unique_equal,grade_double,110,110,0.3909090909090909,low_grade,0.0,0.1194029850746268,0.8805970149253731,main_reference
L50_Ts130_Tr60p0_dT5_F1p0_LP30,S2a,11,physical_measure,baseline,110,110,0.2284827450299967,low_grade,0.0,0.1290806059911881,0.8709193940088117,main_reference
L50_Ts130_Tr60p0_dT5_F1p0_LP30,S2a,11,physical_measure,common_5K,110,110,0.2284827450299967,low_grade,0.0,0.1290806059911881,0.8709193940088117,main_reference
L50_Ts130_Tr60p0_dT5_F1p0_LP30,S2a,11,physical_measure,common_span,110,110,0.2284827450299967,low_grade,0.0,0.1290806059911881,0.8709193940088117,main_reference
L50_Ts130_Tr60p0_dT5_F1p0_LP30,S2a,11,physical_measure,grade_half,110,110,0.2284827450299967,low_grade,0.0,0.1290806059911881,0.8709193940088117,main_reference
L50_Ts130_Tr60p0_dT5_F1p0_LP30,S2a,11,physical_measure,grade_double,110,110,0.2284827450299967,low_grade,0.0,0.1290806059911881,0.8709193940088117,main_reference
L50_Ts130_Tr60p0_dT5_F1p0_LP30,S2b,11,raw_equal,baseline,110,110,0.4181818181818182,low_grade,0.015625,0.0,0.984375,main_reference
L50_Ts130_Tr60p0_dT5_F1p0_LP30,S2b,11,raw_equal,common_5K,110,110,0.4181818181818182,low_grade,0.015625,0.0,0.984375,main_reference
L50_Ts130_Tr60p0_dT5_F1p0_LP30,S2b,11,raw_equal,common_span,110,110,0.4181818181818182,low_grade,0.015625,0.0,0.984375,main_reference
L50_Ts130_Tr60p0_dT5_F1p0_LP30,S2b,11,raw_equal,grade_half,110,110,0.4181818181818182,low_grade,0.015625,0.0,0.984375,main_reference
L50_Ts130_Tr60p0_dT5_F1p0_LP30,S2b,11,raw_equal,grade_double,110,110,0.4181818181818182,low_grade,0.015625,0.0,0.984375,main_reference
L50_Ts130_Tr60p0_dT5_F1p0_LP30,S2b,11,unique_equal,baseline,110,110,0.4181818181818182,low_grade,0.015625,0.0,0.984375,main_reference
L50_Ts130_Tr60p0_dT5_F1p0_LP30,S2b,11,unique_equal,common_5K,110,110,0.4181818181818182,low_grade,0.015625,0.0,0.984375,main_reference
L50_Ts130_Tr60p0_dT5_F1p0_LP30,S2b,11,unique_equal,common_span,110,110,0.4181818181818182,low_grade,0.015625,0.0,0.984375,main_reference
L50_Ts130_Tr60p0_dT5_F1p0_LP30,S2b,11,unique_equal,grade_half,110,110,0.4181818181818182,low_grade,0.015625,0.0,0.984375,main_reference
L50_Ts130_Tr60p0_dT5_F1p0_LP30,S2b,11,unique_equal,grade_double,110,110,0.4181818181818182,low_grade,0.015625,0.0,0.984375,main_reference
L50_Ts130_Tr60p0_dT5_F1p0_LP30,S2b,11,physical_measure,baseline,110,110,0.2752175928122795,low_grade,0.0077037363346764,0.0,0.9922962636653238,main_reference
L50_Ts130_Tr60p0_dT5_F1p0_LP30,S2b,11,physical_measure,common_5K,110,110,0.2752175928122795,low_grade,0.0077037363346764,0.0,0.9922962636653238,main_reference
L50_Ts130_Tr60p0_dT5_F1p0_LP30,S2b,11,physical_measure,common_span,110,110,0.2752175928122795,low_grade,0.0077037363346764,0.0,0.9922962636653238,main_reference
L50_Ts130_Tr60p0_dT5_F1p0_LP30,S2b,11,physical_measure,grade_half,110,110,0.2752175928122795,low_grade,0.0077037363346764,0.0,0.9922962636653238,main_reference
L50_Ts130_Tr60p0_dT5_F1p0_LP30,S2b,11,physical_measure,grade_double,110,110,0.2752175928122795,low_grade,0.0077037363346764,0.0,0.9922962636653238,main_reference
L75_Ts120_Tr50p0_dT5_F1p0_LP30,S1,11,raw_equal,baseline,10,10,0.4,high_grade,0.1666666666666666,0.8333333333333334,0.0,main_reference
L75_Ts120_Tr50p0_dT5_F1p0_LP30,S1,11,raw_equal,common_5K,10,10,0.4,high_grade,0.1666666666666666,0.8333333333333334,0.0,main_reference
L75_Ts120_Tr50p0_dT5_F1p0_LP30,S1,11,raw_equal,common_span,10,10,0.4,high_grade,0.1666666666666666,0.8333333333333334,0.0,main_reference
L75_Ts120_Tr50p0_dT5_F1p0_LP30,S1,11,raw_equal,grade_half,10,10,0.4,high_grade,0.1666666666666666,0.8333333333333334,0.0,main_reference
L75_Ts120_Tr50p0_dT5_F1p0_LP30,S1,11,raw_equal,grade_double,10,10,0.4,high_grade,0.1666666666666666,0.8333333333333334,0.0,main_reference
L75_Ts120_Tr50p0_dT5_F1p0_LP30,S1,11,unique_equal,baseline,10,10,0.4,high_grade,0.1666666666666666,0.8333333333333334,0.0,main_reference
L75_Ts120_Tr50p0_dT5_F1p0_LP30,S1,11,unique_equal,common_5K,10,10,0.4,high_grade,0.1666666666666666,0.8333333333333334,0.0,main_reference
L75_Ts120_Tr50p0_dT5_F1p0_LP30,S1,11,unique_equal,common_span,10,10,0.4,high_grade,0.1666666666666666,0.8333333333333334,0.0,main_reference
L75_Ts120_Tr50p0_dT5_F1p0_LP30,S1,11,unique_equal,grade_half,10,10,0.4,high_grade,0.1666666666666666,0.8333333333333334,0.0,main_reference
L75_Ts120_Tr50p0_dT5_F1p0_LP30,S1,11,unique_equal,grade_double,10,10,0.4,high_grade,0.1666666666666666,0.8333333333333334,0.0,main_reference
L75_Ts120_Tr50p0_dT5_F1p0_LP30,S1,11,physical_measure,baseline,10,10,0.4210526315789473,high_grade,0.1818181818181818,0.8181818181818182,0.0,main_reference
L75_Ts120_Tr50p0_dT5_F1p0_LP30,S1,11,physical_measure,common_5K,10,10,0.4210526315789473,high_grade,0.1818181818181818,0.8181818181818182,0.0,main_reference
L75_Ts120_Tr50p0_dT5_F1p0_LP30,S1,11,physical_measure,common_span,10,10,0.4210526315789473,high_grade,0.1818181818181818,0.8181818181818182,0.0,main_reference
L75_Ts120_Tr50p0_dT5_F1p0_LP30,S1,11,physical_measure,grade_half,10,10,0.4210526315789473,high_grade,0.1818181818181818,0.8181818181818182,0.0,main_reference
L75_Ts120_Tr50p0_dT5_F1p0_LP30,S1,11,physical_measure,grade_double,10,10,0.4210526315789473,high_grade,0.1818181818181818,0.8181818181818182,0.0,main_reference
L75_Ts120_Tr50p0_dT5_F1p0_LP30,S2a,11,raw_equal,baseline,110,110,0.3454545454545454,low_grade,0.0277777777777777,0.3611111111111111,0.6111111111111112,main_reference
L75_Ts120_Tr50p0_dT5_F1p0_LP30,S2a,11,raw_equal,common_5K,110,110,0.3454545454545454,low_grade,0.2083333333333333,0.2083333333333333,0.5833333333333334,main_reference
L75_Ts120_Tr50p0_dT5_F1p0_LP30,S2a,11,raw_equal,common_span,110,110,0.3454545454545454,low_grade,0.2083333333333333,0.2083333333333333,0.5833333333333334,main_reference
L75_Ts120_Tr50p0_dT5_F1p0_LP30,S2a,11,raw_equal,grade_half,110,110,0.3454545454545454,low_grade,0.0277777777777777,0.3611111111111111,0.6111111111111112,main_reference
L75_Ts120_Tr50p0_dT5_F1p0_LP30,S2a,11,raw_equal,grade_double,110,110,0.3454545454545454,low_grade,0.0277777777777777,0.3611111111111111,0.6111111111111112,main_reference
L75_Ts120_Tr50p0_dT5_F1p0_LP30,S2a,11,unique_equal,baseline,110,110,0.3454545454545454,low_grade,0.0277777777777777,0.3611111111111111,0.6111111111111112,main_reference
L75_Ts120_Tr50p0_dT5_F1p0_LP30,S2a,11,unique_equal,common_5K,110,110,0.3454545454545454,low_grade,0.2083333333333333,0.2083333333333333,0.5833333333333334,main_reference
L75_Ts120_Tr50p0_dT5_F1p0_LP30,S2a,11,unique_equal,common_span,110,110,0.3454545454545454,low_grade,0.2083333333333333,0.2083333333333333,0.5833333333333334,main_reference
L75_Ts120_Tr50p0_dT5_F1p0_LP30,S2a,11,unique_equal,grade_half,110,110,0.3454545454545454,low_grade,0.0277777777777777,0.3611111111111111,0.6111111111111112,main_reference
L75_Ts120_Tr50p0_dT5_F1p0_LP30,S2a,11,unique_equal,grade_double,110,110,0.3454545454545454,low_grade,0.0277777777777777,0.3611111111111111,0.6111111111111112,main_reference
L75_Ts120_Tr50p0_dT5_F1p0_LP30,S2a,11,physical_measure,baseline,110,110,0.1726673062481826,low_grade,0.0195139963760478,0.4185876820326784,0.5618983215912737,main_reference
L75_Ts120_Tr50p0_dT5_F1p0_LP30,S2a,11,physical_measure,common_5K,110,110,0.1726673062481826,low_grade,0.2477055990459338,0.2244612548382491,0.5278331461158172,main_reference
L75_Ts120_Tr50p0_dT5_F1p0_LP30,S2a,11,physical_measure,common_span,110,110,0.1726673062481826,low_grade,0.2477055990459338,0.2244612548382491,0.5278331461158172,main_reference
L75_Ts120_Tr50p0_dT5_F1p0_LP30,S2a,11,physical_measure,grade_half,110,110,0.1726673062481826,low_grade,0.0195139963760478,0.4185876820326784,0.5618983215912737,main_reference
L75_Ts120_Tr50p0_dT5_F1p0_LP30,S2a,11,physical_measure,grade_double,110,110,0.1726673062481826,low_grade,0.0195139963760478,0.4185876820326784,0.5618983215912737,main_reference
L75_Ts120_Tr50p0_dT5_F1p0_LP30,S2b,11,raw_equal,baseline,110,110,0.3272727272727272,low_grade,0.1081081081081081,0.1756756756756756,0.7162162162162162,main_reference
L75_Ts120_Tr50p0_dT5_F1p0_LP30,S2b,11,raw_equal,common_5K,110,110,0.3272727272727272,low_grade,0.4594594594594595,0.0,0.5405405405405406,main_reference
L75_Ts120_Tr50p0_dT5_F1p0_LP30,S2b,11,raw_equal,common_span,110,110,0.3272727272727272,low_grade,0.4594594594594595,0.0,0.5405405405405406,main_reference
L75_Ts120_Tr50p0_dT5_F1p0_LP30,S2b,11,raw_equal,grade_half,110,110,0.3272727272727272,low_grade,0.1081081081081081,0.1756756756756756,0.7162162162162162,main_reference
L75_Ts120_Tr50p0_dT5_F1p0_LP30,S2b,11,raw_equal,grade_double,110,110,0.3272727272727272,low_grade,0.1351351351351351,0.1621621621621621,0.7027027027027027,main_reference
L75_Ts120_Tr50p0_dT5_F1p0_LP30,S2b,11,unique_equal,baseline,110,110,0.3272727272727272,low_grade,0.1081081081081081,0.1756756756756756,0.7162162162162162,main_reference
L75_Ts120_Tr50p0_dT5_F1p0_LP30,S2b,11,unique_equal,common_5K,110,110,0.3272727272727272,low_grade,0.4594594594594595,0.0,0.5405405405405406,main_reference
L75_Ts120_Tr50p0_dT5_F1p0_LP30,S2b,11,unique_equal,common_span,110,110,0.3272727272727272,low_grade,0.4594594594594595,0.0,0.5405405405405406,main_reference
L75_Ts120_Tr50p0_dT5_F1p0_LP30,S2b,11,unique_equal,grade_half,110,110,0.3272727272727272,low_grade,0.1081081081081081,0.1756756756756756,0.7162162162162162,main_reference
L75_Ts120_Tr50p0_dT5_F1p0_LP30,S2b,11,unique_equal,grade_double,110,110,0.3272727272727272,low_grade,0.1351351351351351,0.1621621621621621,0.7027027027027027,main_reference
L75_Ts120_Tr50p0_dT5_F1p0_LP30,S2b,11,physical_measure,baseline,110,110,0.1550764957990376,low_grade,0.1065633624866694,0.2153196176192068,0.6781170198941237,main_reference
L75_Ts120_Tr50p0_dT5_F1p0_LP30,S2b,11,physical_measure,common_5K,110,110,0.1550764957990376,supply,0.5413223353591207,0.0,0.4586776646408794,main_reference
L75_Ts120_Tr50p0_dT5_F1p0_LP30,S2b,11,physical_measure,common_span,110,110,0.1550764957990376,supply,0.5413223353591207,0.0,0.4586776646408794,main_reference
L75_Ts120_Tr50p0_dT5_F1p0_LP30,S2b,11,physical_measure,grade_half,110,110,0.1550764957990376,low_grade,0.1065633624866694,0.2153196176192068,0.6781170198941237,main_reference
L75_Ts120_Tr50p0_dT5_F1p0_LP30,S2b,11,physical_measure,grade_double,110,110,0.1550764957990376,low_grade,0.1413038378872778,0.1958748239332828,0.6628213381794392,main_reference
L75_Ts120_Tr60p0_dT5_F1p0_LP30,S1,11,raw_equal,baseline,10,10,0.4,high_grade,0.0,1.0,0.0,main_reference
L75_Ts120_Tr60p0_dT5_F1p0_LP30,S1,11,raw_equal,common_5K,10,10,0.4,high_grade,0.1666666666666666,0.8333333333333334,0.0,main_reference
L75_Ts120_Tr60p0_dT5_F1p0_LP30,S1,11,raw_equal,common_span,10,10,0.4,high_grade,0.1666666666666666,0.8333333333333334,0.0,main_reference
L75_Ts120_Tr60p0_dT5_F1p0_LP30,S1,11,raw_equal,grade_half,10,10,0.4,high_grade,0.0,1.0,0.0,main_reference
L75_Ts120_Tr60p0_dT5_F1p0_LP30,S1,11,raw_equal,grade_double,10,10,0.4,high_grade,0.0,1.0,0.0,main_reference
L75_Ts120_Tr60p0_dT5_F1p0_LP30,S1,11,unique_equal,baseline,10,10,0.4,high_grade,0.0,1.0,0.0,main_reference
L75_Ts120_Tr60p0_dT5_F1p0_LP30,S1,11,unique_equal,common_5K,10,10,0.4,high_grade,0.1666666666666666,0.8333333333333334,0.0,main_reference
L75_Ts120_Tr60p0_dT5_F1p0_LP30,S1,11,unique_equal,common_span,10,10,0.4,high_grade,0.1666666666666666,0.8333333333333334,0.0,main_reference
L75_Ts120_Tr60p0_dT5_F1p0_LP30,S1,11,unique_equal,grade_half,10,10,0.4,high_grade,0.0,1.0,0.0,main_reference
L75_Ts120_Tr60p0_dT5_F1p0_LP30,S1,11,unique_equal,grade_double,10,10,0.4,high_grade,0.0,1.0,0.0,main_reference
L75_Ts120_Tr60p0_dT5_F1p0_LP30,S1,11,physical_measure,baseline,10,10,0.4210526315789473,high_grade,0.0,1.0,0.0,main_reference
L75_Ts120_Tr60p0_dT5_F1p0_LP30,S1,11,physical_measure,common_5K,10,10,0.4210526315789473,high_grade,0.1818181818181818,0.8181818181818182,0.0,main_reference
L75_Ts120_Tr60p0_dT5_F1p0_LP30,S1,11,physical_measure,common_span,10,10,0.4210526315789473,high_grade,0.1818181818181818,0.8181818181818182,0.0,main_reference
L75_Ts120_Tr60p0_dT5_F1p0_LP30,S1,11,physical_measure,grade_half,10,10,0.4210526315789473,high_grade,0.0,1.0,0.0,main_reference
L75_Ts120_Tr60p0_dT5_F1p0_LP30,S1,11,physical_measure,grade_double,10,10,0.4210526315789473,high_grade,0.0,1.0,0.0,main_reference
L75_Ts120_Tr60p0_dT5_F1p0_LP30,S2a,11,raw_equal,baseline,110,110,0.2727272727272727,low_grade,0.0,0.3625,0.6375,main_reference
L75_Ts120_Tr60p0_dT5_F1p0_LP30,S2a,11,raw_equal,common_5K,110,110,0.2727272727272727,low_grade,0.2125,0.1875,0.6,main_reference
L75_Ts120_Tr60p0_dT5_F1p0_LP30,S2a,11,raw_equal,common_span,110,110,0.2727272727272727,low_grade,0.2125,0.1875,0.6,main_reference
L75_Ts120_Tr60p0_dT5_F1p0_LP30,S2a,11,raw_equal,grade_half,110,110,0.2727272727272727,low_grade,0.0,0.3625,0.6375,main_reference
L75_Ts120_Tr60p0_dT5_F1p0_LP30,S2a,11,raw_equal,grade_double,110,110,0.2727272727272727,low_grade,0.0,0.3625,0.6375,main_reference
L75_Ts120_Tr60p0_dT5_F1p0_LP30,S2a,11,unique_equal,baseline,110,110,0.2727272727272727,low_grade,0.0,0.3625,0.6375,main_reference
L75_Ts120_Tr60p0_dT5_F1p0_LP30,S2a,11,unique_equal,common_5K,110,110,0.2727272727272727,low_grade,0.2125,0.1875,0.6,main_reference
L75_Ts120_Tr60p0_dT5_F1p0_LP30,S2a,11,unique_equal,common_span,110,110,0.2727272727272727,low_grade,0.2125,0.1875,0.6,main_reference
L75_Ts120_Tr60p0_dT5_F1p0_LP30,S2a,11,unique_equal,grade_half,110,110,0.2727272727272727,low_grade,0.0,0.3625,0.6375,main_reference
L75_Ts120_Tr60p0_dT5_F1p0_LP30,S2a,11,unique_equal,grade_double,110,110,0.2727272727272727,low_grade,0.0,0.3625,0.6375,main_reference
L75_Ts120_Tr60p0_dT5_F1p0_LP30,S2a,11,physical_measure,baseline,110,110,0.1184160709940789,low_grade,0.0,0.4231087159060141,0.5768912840939859,main_reference
L75_Ts120_Tr60p0_dT5_F1p0_LP30,S2a,11,physical_measure,common_5K,110,110,0.1184160709940789,low_grade,0.2561777459134605,0.2106482757888325,0.5331739782977072,main_reference
L75_Ts120_Tr60p0_dT5_F1p0_LP30,S2a,11,physical_measure,common_span,110,110,0.1184160709940789,low_grade,0.2561777459134605,0.2106482757888325,0.5331739782977072,main_reference
L75_Ts120_Tr60p0_dT5_F1p0_LP30,S2a,11,physical_measure,grade_half,110,110,0.1184160709940789,low_grade,0.0,0.4231087159060141,0.5768912840939859,main_reference
L75_Ts120_Tr60p0_dT5_F1p0_LP30,S2a,11,physical_measure,grade_double,110,110,0.1184160709940789,low_grade,0.0,0.4231087159060141,0.5768912840939859,main_reference
L75_Ts120_Tr60p0_dT5_F1p0_LP30,S2b,11,raw_equal,baseline,110,110,0.2363636363636363,low_grade,0.0952380952380952,0.1547619047619047,0.75,main_reference
L75_Ts120_Tr60p0_dT5_F1p0_LP30,S2b,11,raw_equal,common_5K,110,110,0.2363636363636363,low_grade,0.4404761904761904,0.0,0.5595238095238095,main_reference
L75_Ts120_Tr60p0_dT5_F1p0_LP30,S2b,11,raw_equal,common_span,110,110,0.2363636363636363,low_grade,0.4404761904761904,0.0,0.5595238095238095,main_reference
L75_Ts120_Tr60p0_dT5_F1p0_LP30,S2b,11,raw_equal,grade_half,110,110,0.2363636363636363,low_grade,0.0952380952380952,0.1547619047619047,0.75,main_reference
L75_Ts120_Tr60p0_dT5_F1p0_LP30,S2b,11,raw_equal,grade_double,110,110,0.2363636363636363,low_grade,0.1071428571428571,0.1547619047619047,0.7380952380952381,main_reference
L75_Ts120_Tr60p0_dT5_F1p0_LP30,S2b,11,unique_equal,baseline,110,110,0.2363636363636363,low_grade,0.0952380952380952,0.1547619047619047,0.75,main_reference
L75_Ts120_Tr60p0_dT5_F1p0_LP30,S2b,11,unique_equal,common_5K,110,110,0.2363636363636363,low_grade,0.4404761904761904,0.0,0.5595238095238095,main_reference
L75_Ts120_Tr60p0_dT5_F1p0_LP30,S2b,11,unique_equal,common_span,110,110,0.2363636363636363,low_grade,0.4404761904761904,0.0,0.5595238095238095,main_reference
L75_Ts120_Tr60p0_dT5_F1p0_LP30,S2b,11,unique_equal,grade_half,110,110,0.2363636363636363,low_grade,0.0952380952380952,0.1547619047619047,0.75,main_reference
L75_Ts120_Tr60p0_dT5_F1p0_LP30,S2b,11,unique_equal,grade_double,110,110,0.2363636363636363,low_grade,0.1071428571428571,0.1547619047619047,0.7380952380952381,main_reference
L75_Ts120_Tr60p0_dT5_F1p0_LP30,S2b,11,physical_measure,baseline,110,110,0.0935700057730102,low_grade,0.0807080693497604,0.2007089427763051,0.7185829878739344,main_reference
L75_Ts120_Tr60p0_dT5_F1p0_LP30,S2b,11,physical_measure,common_5K,110,110,0.0935700057730102,supply,0.5300796731376095,0.0,0.4699203268623904,main_reference
L75_Ts120_Tr60p0_dT5_F1p0_LP30,S2b,11,physical_measure,common_span,110,110,0.0935700057730102,supply,0.5300796731376095,0.0,0.4699203268623904,main_reference
L75_Ts120_Tr60p0_dT5_F1p0_LP30,S2b,11,physical_measure,grade_half,110,110,0.0935700057730102,low_grade,0.0807080693497604,0.2007089427763051,0.7185829878739344,main_reference
L75_Ts120_Tr60p0_dT5_F1p0_LP30,S2b,11,physical_measure,grade_double,110,110,0.0935700057730102,low_grade,0.0955843972310623,0.2007089427763051,0.7037066599926325,main_reference
L75_Ts130_Tr50p0_dT5_F1p0_LP30,S1,11,raw_equal,baseline,10,10,0.5,high_grade,0.0,1.0,0.0,main_reference
L75_Ts130_Tr50p0_dT5_F1p0_LP30,S1,11,raw_equal,common_5K,10,10,0.5,high_grade,0.0,1.0,0.0,main_reference
L75_Ts130_Tr50p0_dT5_F1p0_LP30,S1,11,raw_equal,common_span,10,10,0.5,high_grade,0.0,1.0,0.0,main_reference
L75_Ts130_Tr50p0_dT5_F1p0_LP30,S1,11,raw_equal,grade_half,10,10,0.5,high_grade,0.0,1.0,0.0,main_reference
L75_Ts130_Tr50p0_dT5_F1p0_LP30,S1,11,raw_equal,grade_double,10,10,0.5,high_grade,0.0,1.0,0.0,main_reference
L75_Ts130_Tr50p0_dT5_F1p0_LP30,S1,11,unique_equal,baseline,10,10,0.5,high_grade,0.0,1.0,0.0,main_reference
L75_Ts130_Tr50p0_dT5_F1p0_LP30,S1,11,unique_equal,common_5K,10,10,0.5,high_grade,0.0,1.0,0.0,main_reference
L75_Ts130_Tr50p0_dT5_F1p0_LP30,S1,11,unique_equal,common_span,10,10,0.5,high_grade,0.0,1.0,0.0,main_reference
L75_Ts130_Tr50p0_dT5_F1p0_LP30,S1,11,unique_equal,grade_half,10,10,0.5,high_grade,0.0,1.0,0.0,main_reference
L75_Ts130_Tr50p0_dT5_F1p0_LP30,S1,11,unique_equal,grade_double,10,10,0.5,high_grade,0.0,1.0,0.0,main_reference
L75_Ts130_Tr50p0_dT5_F1p0_LP30,S1,11,physical_measure,baseline,10,10,0.5263157894736843,high_grade,0.0,1.0,0.0,main_reference
L75_Ts130_Tr50p0_dT5_F1p0_LP30,S1,11,physical_measure,common_5K,10,10,0.5263157894736843,high_grade,0.0,1.0,0.0,main_reference
L75_Ts130_Tr50p0_dT5_F1p0_LP30,S1,11,physical_measure,common_span,10,10,0.5263157894736843,high_grade,0.0,1.0,0.0,main_reference
L75_Ts130_Tr50p0_dT5_F1p0_LP30,S1,11,physical_measure,grade_half,10,10,0.5263157894736843,high_grade,0.0,1.0,0.0,main_reference
L75_Ts130_Tr50p0_dT5_F1p0_LP30,S1,11,physical_measure,grade_double,10,10,0.5263157894736843,high_grade,0.0,1.0,0.0,main_reference
L75_Ts130_Tr50p0_dT5_F1p0_LP30,S2a,11,raw_equal,baseline,110,110,0.3636363636363636,low_grade,0.0,0.3714285714285714,0.6285714285714286,main_reference
L75_Ts130_Tr50p0_dT5_F1p0_LP30,S2a,11,raw_equal,common_5K,110,110,0.3636363636363636,low_grade,0.0,0.3714285714285714,0.6285714285714286,main_reference
L75_Ts130_Tr50p0_dT5_F1p0_LP30,S2a,11,raw_equal,common_span,110,110,0.3636363636363636,low_grade,0.0,0.3714285714285714,0.6285714285714286,main_reference
L75_Ts130_Tr50p0_dT5_F1p0_LP30,S2a,11,raw_equal,grade_half,110,110,0.3636363636363636,low_grade,0.0,0.3714285714285714,0.6285714285714286,main_reference
L75_Ts130_Tr50p0_dT5_F1p0_LP30,S2a,11,raw_equal,grade_double,110,110,0.3636363636363636,low_grade,0.0,0.3714285714285714,0.6285714285714286,main_reference
L75_Ts130_Tr50p0_dT5_F1p0_LP30,S2a,11,unique_equal,baseline,110,110,0.3636363636363636,low_grade,0.0,0.3714285714285714,0.6285714285714286,main_reference
L75_Ts130_Tr50p0_dT5_F1p0_LP30,S2a,11,unique_equal,common_5K,110,110,0.3636363636363636,low_grade,0.0,0.3714285714285714,0.6285714285714286,main_reference
L75_Ts130_Tr50p0_dT5_F1p0_LP30,S2a,11,unique_equal,common_span,110,110,0.3636363636363636,low_grade,0.0,0.3714285714285714,0.6285714285714286,main_reference
L75_Ts130_Tr50p0_dT5_F1p0_LP30,S2a,11,unique_equal,grade_half,110,110,0.3636363636363636,low_grade,0.0,0.3714285714285714,0.6285714285714286,main_reference
L75_Ts130_Tr50p0_dT5_F1p0_LP30,S2a,11,unique_equal,grade_double,110,110,0.3636363636363636,low_grade,0.0,0.3714285714285714,0.6285714285714286,main_reference
L75_Ts130_Tr50p0_dT5_F1p0_LP30,S2a,11,physical_measure,baseline,110,110,0.1888118734358415,low_grade,0.0,0.4269185694497892,0.5730814305502109,main_reference
L75_Ts130_Tr50p0_dT5_F1p0_LP30,S2a,11,physical_measure,common_5K,110,110,0.1888118734358415,low_grade,0.0,0.4269185694497892,0.5730814305502109,main_reference
L75_Ts130_Tr50p0_dT5_F1p0_LP30,S2a,11,physical_measure,common_span,110,110,0.1888118734358415,low_grade,0.0,0.4269185694497892,0.5730814305502109,main_reference
L75_Ts130_Tr50p0_dT5_F1p0_LP30,S2a,11,physical_measure,grade_half,110,110,0.1888118734358415,low_grade,0.0,0.4269185694497892,0.5730814305502109,main_reference
L75_Ts130_Tr50p0_dT5_F1p0_LP30,S2a,11,physical_measure,grade_double,110,110,0.1888118734358415,low_grade,0.0,0.4269185694497892,0.5730814305502109,main_reference
L75_Ts130_Tr50p0_dT5_F1p0_LP30,S2b,11,raw_equal,baseline,110,110,0.3636363636363636,low_grade,0.0571428571428571,0.1857142857142857,0.7571428571428571,main_reference
L75_Ts130_Tr50p0_dT5_F1p0_LP30,S2b,11,raw_equal,common_5K,110,110,0.3636363636363636,low_grade,0.3714285714285714,0.0,0.6285714285714286,main_reference
L75_Ts130_Tr50p0_dT5_F1p0_LP30,S2b,11,raw_equal,common_span,110,110,0.3636363636363636,low_grade,0.3714285714285714,0.0,0.6285714285714286,main_reference
L75_Ts130_Tr50p0_dT5_F1p0_LP30,S2b,11,raw_equal,grade_half,110,110,0.3636363636363636,low_grade,0.0571428571428571,0.1857142857142857,0.7571428571428571,main_reference
L75_Ts130_Tr50p0_dT5_F1p0_LP30,S2b,11,raw_equal,grade_double,110,110,0.3636363636363636,low_grade,0.0571428571428571,0.1857142857142857,0.7571428571428571,main_reference
L75_Ts130_Tr50p0_dT5_F1p0_LP30,S2b,11,unique_equal,baseline,110,110,0.3636363636363636,low_grade,0.0571428571428571,0.1857142857142857,0.7571428571428571,main_reference
L75_Ts130_Tr50p0_dT5_F1p0_LP30,S2b,11,unique_equal,common_5K,110,110,0.3636363636363636,low_grade,0.3714285714285714,0.0,0.6285714285714286,main_reference
L75_Ts130_Tr50p0_dT5_F1p0_LP30,S2b,11,unique_equal,common_span,110,110,0.3636363636363636,low_grade,0.3714285714285714,0.0,0.6285714285714286,main_reference
L75_Ts130_Tr50p0_dT5_F1p0_LP30,S2b,11,unique_equal,grade_half,110,110,0.3636363636363636,low_grade,0.0571428571428571,0.1857142857142857,0.7571428571428571,main_reference
L75_Ts130_Tr50p0_dT5_F1p0_LP30,S2b,11,unique_equal,grade_double,110,110,0.3636363636363636,low_grade,0.0571428571428571,0.1857142857142857,0.7571428571428571,main_reference
L75_Ts130_Tr50p0_dT5_F1p0_LP30,S2b,11,physical_measure,baseline,110,110,0.1947264181704129,low_grade,0.0625724827155224,0.2259214879851,0.7115060292993772,main_reference
L75_Ts130_Tr50p0_dT5_F1p0_LP30,S2b,11,physical_measure,common_5K,110,110,0.1947264181704129,low_grade,0.4535623591754598,0.0,0.54643764082454,main_reference
L75_Ts130_Tr50p0_dT5_F1p0_LP30,S2b,11,physical_measure,common_span,110,110,0.1947264181704129,low_grade,0.4535623591754598,0.0,0.54643764082454,main_reference
L75_Ts130_Tr50p0_dT5_F1p0_LP30,S2b,11,physical_measure,grade_half,110,110,0.1947264181704129,low_grade,0.0625724827155224,0.2259214879851,0.7115060292993772,main_reference
L75_Ts130_Tr50p0_dT5_F1p0_LP30,S2b,11,physical_measure,grade_double,110,110,0.1947264181704129,low_grade,0.0625724827155224,0.2259214879851,0.7115060292993772,main_reference
L75_Ts130_Tr60p0_dT5_F1p0_LP30,S1,11,raw_equal,baseline,10,10,0.4,high_grade,0.0,1.0,0.0,main_reference
L75_Ts130_Tr60p0_dT5_F1p0_LP30,S1,11,raw_equal,common_5K,10,10,0.4,high_grade,0.0,1.0,0.0,main_reference
L75_Ts130_Tr60p0_dT5_F1p0_LP30,S1,11,raw_equal,common_span,10,10,0.4,high_grade,0.0,1.0,0.0,main_reference
L75_Ts130_Tr60p0_dT5_F1p0_LP30,S1,11,raw_equal,grade_half,10,10,0.4,high_grade,0.0,1.0,0.0,main_reference
L75_Ts130_Tr60p0_dT5_F1p0_LP30,S1,11,raw_equal,grade_double,10,10,0.4,high_grade,0.0,1.0,0.0,main_reference
L75_Ts130_Tr60p0_dT5_F1p0_LP30,S1,11,unique_equal,baseline,10,10,0.4,high_grade,0.0,1.0,0.0,main_reference
L75_Ts130_Tr60p0_dT5_F1p0_LP30,S1,11,unique_equal,common_5K,10,10,0.4,high_grade,0.0,1.0,0.0,main_reference
L75_Ts130_Tr60p0_dT5_F1p0_LP30,S1,11,unique_equal,common_span,10,10,0.4,high_grade,0.0,1.0,0.0,main_reference
L75_Ts130_Tr60p0_dT5_F1p0_LP30,S1,11,unique_equal,grade_half,10,10,0.4,high_grade,0.0,1.0,0.0,main_reference
L75_Ts130_Tr60p0_dT5_F1p0_LP30,S1,11,unique_equal,grade_double,10,10,0.4,high_grade,0.0,1.0,0.0,main_reference
L75_Ts130_Tr60p0_dT5_F1p0_LP30,S1,11,physical_measure,baseline,10,10,0.4210526315789473,high_grade,0.0,1.0,0.0,main_reference
L75_Ts130_Tr60p0_dT5_F1p0_LP30,S1,11,physical_measure,common_5K,10,10,0.4210526315789473,high_grade,0.0,1.0,0.0,main_reference
L75_Ts130_Tr60p0_dT5_F1p0_LP30,S1,11,physical_measure,common_span,10,10,0.4210526315789473,high_grade,0.0,1.0,0.0,main_reference
L75_Ts130_Tr60p0_dT5_F1p0_LP30,S1,11,physical_measure,grade_half,10,10,0.4210526315789473,high_grade,0.0,1.0,0.0,main_reference
L75_Ts130_Tr60p0_dT5_F1p0_LP30,S1,11,physical_measure,grade_double,10,10,0.4210526315789473,high_grade,0.0,1.0,0.0,main_reference
L75_Ts130_Tr60p0_dT5_F1p0_LP30,S2a,11,raw_equal,baseline,110,110,0.2727272727272727,low_grade,0.0,0.3625,0.6375,main_reference
L75_Ts130_Tr60p0_dT5_F1p0_LP30,S2a,11,raw_equal,common_5K,110,110,0.2727272727272727,low_grade,0.0,0.3625,0.6375,main_reference
L75_Ts130_Tr60p0_dT5_F1p0_LP30,S2a,11,raw_equal,common_span,110,110,0.2727272727272727,low_grade,0.0,0.3625,0.6375,main_reference
L75_Ts130_Tr60p0_dT5_F1p0_LP30,S2a,11,raw_equal,grade_half,110,110,0.2727272727272727,low_grade,0.0,0.3625,0.6375,main_reference
L75_Ts130_Tr60p0_dT5_F1p0_LP30,S2a,11,raw_equal,grade_double,110,110,0.2727272727272727,low_grade,0.0,0.3625,0.6375,main_reference
L75_Ts130_Tr60p0_dT5_F1p0_LP30,S2a,11,unique_equal,baseline,110,110,0.2727272727272727,low_grade,0.0,0.3625,0.6375,main_reference
L75_Ts130_Tr60p0_dT5_F1p0_LP30,S2a,11,unique_equal,common_5K,110,110,0.2727272727272727,low_grade,0.0,0.3625,0.6375,main_reference
L75_Ts130_Tr60p0_dT5_F1p0_LP30,S2a,11,unique_equal,common_span,110,110,0.2727272727272727,low_grade,0.0,0.3625,0.6375,main_reference
L75_Ts130_Tr60p0_dT5_F1p0_LP30,S2a,11,unique_equal,grade_half,110,110,0.2727272727272727,low_grade,0.0,0.3625,0.6375,main_reference
L75_Ts130_Tr60p0_dT5_F1p0_LP30,S2a,11,unique_equal,grade_double,110,110,0.2727272727272727,low_grade,0.0,0.3625,0.6375,main_reference
L75_Ts130_Tr60p0_dT5_F1p0_LP30,S2a,11,physical_measure,baseline,110,110,0.1184160709940789,low_grade,0.0,0.4231087159060141,0.5768912840939859,main_reference
L75_Ts130_Tr60p0_dT5_F1p0_LP30,S2a,11,physical_measure,common_5K,110,110,0.1184160709940789,low_grade,0.0,0.4231087159060141,0.5768912840939859,main_reference
L75_Ts130_Tr60p0_dT5_F1p0_LP30,S2a,11,physical_measure,common_span,110,110,0.1184160709940789,low_grade,0.0,0.4231087159060141,0.5768912840939859,main_reference
L75_Ts130_Tr60p0_dT5_F1p0_LP30,S2a,11,physical_measure,grade_half,110,110,0.1184160709940789,low_grade,0.0,0.4231087159060141,0.5768912840939859,main_reference
L75_Ts130_Tr60p0_dT5_F1p0_LP30,S2a,11,physical_measure,grade_double,110,110,0.1184160709940789,low_grade,0.0,0.4231087159060141,0.5768912840939859,main_reference
L75_Ts130_Tr60p0_dT5_F1p0_LP30,S2b,11,raw_equal,baseline,110,110,0.2636363636363636,low_grade,0.0617283950617283,0.1604938271604938,0.7777777777777778,main_reference
L75_Ts130_Tr60p0_dT5_F1p0_LP30,S2b,11,raw_equal,common_5K,110,110,0.2636363636363636,low_grade,0.3580246913580246,0.0,0.6419753086419753,main_reference
L75_Ts130_Tr60p0_dT5_F1p0_LP30,S2b,11,raw_equal,common_span,110,110,0.2636363636363636,low_grade,0.3580246913580246,0.0,0.6419753086419753,main_reference
L75_Ts130_Tr60p0_dT5_F1p0_LP30,S2b,11,raw_equal,grade_half,110,110,0.2636363636363636,low_grade,0.0617283950617283,0.1604938271604938,0.7777777777777778,main_reference
L75_Ts130_Tr60p0_dT5_F1p0_LP30,S2b,11,raw_equal,grade_double,110,110,0.2636363636363636,low_grade,0.0617283950617283,0.1604938271604938,0.7777777777777778,main_reference
L75_Ts130_Tr60p0_dT5_F1p0_LP30,S2b,11,unique_equal,baseline,110,110,0.2636363636363636,low_grade,0.0617283950617283,0.1604938271604938,0.7777777777777778,main_reference
L75_Ts130_Tr60p0_dT5_F1p0_LP30,S2b,11,unique_equal,common_5K,110,110,0.2636363636363636,low_grade,0.3580246913580246,0.0,0.6419753086419753,main_reference
L75_Ts130_Tr60p0_dT5_F1p0_LP30,S2b,11,unique_equal,common_span,110,110,0.2636363636363636,low_grade,0.3580246913580246,0.0,0.6419753086419753,main_reference
L75_Ts130_Tr60p0_dT5_F1p0_LP30,S2b,11,unique_equal,grade_half,110,110,0.2636363636363636,low_grade,0.0617283950617283,0.1604938271604938,0.7777777777777778,main_reference
L75_Ts130_Tr60p0_dT5_F1p0_LP30,S2b,11,unique_equal,grade_double,110,110,0.2636363636363636,low_grade,0.0617283950617283,0.1604938271604938,0.7777777777777778,main_reference
L75_Ts130_Tr60p0_dT5_F1p0_LP30,S2b,11,physical_measure,baseline,110,110,0.1166741563411014,low_grade,0.0566631947044124,0.2059586585720731,0.7373781467235143,main_reference
L75_Ts130_Tr60p0_dT5_F1p0_LP30,S2b,11,physical_measure,common_5K,110,110,0.1166741563411014,low_grade,0.4461796024600483,0.0,0.5538203975399516,main_reference
L75_Ts130_Tr60p0_dT5_F1p0_LP30,S2b,11,physical_measure,common_span,110,110,0.1166741563411014,low_grade,0.4461796024600483,0.0,0.5538203975399516,main_reference
L75_Ts130_Tr60p0_dT5_F1p0_LP30,S2b,11,physical_measure,grade_half,110,110,0.1166741563411014,low_grade,0.0566631947044124,0.2059586585720731,0.7373781467235143,main_reference
L75_Ts130_Tr60p0_dT5_F1p0_LP30,S2b,11,physical_measure,grade_double,110,110,0.1166741563411014,low_grade,0.0566631947044124,0.2059586585720731,0.7373781467235143,main_reference
L100_Ts120_Tr50p0_dT5_F1p0_LP30,S1,11,raw_equal,baseline,10,10,0.3,high_grade,0.0,1.0,0.0,main_reference
L100_Ts120_Tr50p0_dT5_F1p0_LP30,S1,11,raw_equal,common_5K,10,10,0.3,high_grade,0.4285714285714285,0.5714285714285714,0.0,main_reference
L100_Ts120_Tr50p0_dT5_F1p0_LP30,S1,11,raw_equal,common_span,10,10,0.3,high_grade,0.4285714285714285,0.5714285714285714,0.0,main_reference
L100_Ts120_Tr50p0_dT5_F1p0_LP30,S1,11,raw_equal,grade_half,10,10,0.3,high_grade,0.0,1.0,0.0,main_reference
L100_Ts120_Tr50p0_dT5_F1p0_LP30,S1,11,raw_equal,grade_double,10,10,0.3,high_grade,0.0,1.0,0.0,main_reference
L100_Ts120_Tr50p0_dT5_F1p0_LP30,S1,11,unique_equal,baseline,10,10,0.3,high_grade,0.0,1.0,0.0,main_reference
L100_Ts120_Tr50p0_dT5_F1p0_LP30,S1,11,unique_equal,common_5K,10,10,0.3,high_grade,0.4285714285714285,0.5714285714285714,0.0,main_reference
L100_Ts120_Tr50p0_dT5_F1p0_LP30,S1,11,unique_equal,common_span,10,10,0.3,high_grade,0.4285714285714285,0.5714285714285714,0.0,main_reference
L100_Ts120_Tr50p0_dT5_F1p0_LP30,S1,11,unique_equal,grade_half,10,10,0.3,high_grade,0.0,1.0,0.0,main_reference
L100_Ts120_Tr50p0_dT5_F1p0_LP30,S1,11,unique_equal,grade_double,10,10,0.3,high_grade,0.0,1.0,0.0,main_reference
L100_Ts120_Tr50p0_dT5_F1p0_LP30,S1,11,physical_measure,baseline,10,10,0.3157894736842105,high_grade,0.0,1.0,0.0,main_reference
L100_Ts120_Tr50p0_dT5_F1p0_LP30,S1,11,physical_measure,common_5K,10,10,0.3157894736842105,high_grade,0.4615384615384615,0.5384615384615384,0.0,main_reference
L100_Ts120_Tr50p0_dT5_F1p0_LP30,S1,11,physical_measure,common_span,10,10,0.3157894736842105,high_grade,0.4615384615384615,0.5384615384615384,0.0,main_reference
L100_Ts120_Tr50p0_dT5_F1p0_LP30,S1,11,physical_measure,grade_half,10,10,0.3157894736842105,high_grade,0.0,1.0,0.0,main_reference
L100_Ts120_Tr50p0_dT5_F1p0_LP30,S1,11,physical_measure,grade_double,10,10,0.3157894736842105,high_grade,0.0,1.0,0.0,main_reference
L100_Ts120_Tr50p0_dT5_F1p0_LP30,S2a,11,raw_equal,baseline,110,110,0.2636363636363636,high_grade,0.037037037037037,0.4938271604938271,0.4691358024691358,main_reference
L100_Ts120_Tr50p0_dT5_F1p0_LP30,S2a,11,raw_equal,common_5K,110,110,0.2636363636363636,supply,0.5061728395061729,0.1234567901234567,0.3703703703703703,main_reference
L100_Ts120_Tr50p0_dT5_F1p0_LP30,S2a,11,raw_equal,common_span,110,110,0.2636363636363636,supply,0.5061728395061729,0.1234567901234567,0.3703703703703703,main_reference
L100_Ts120_Tr50p0_dT5_F1p0_LP30,S2a,11,raw_equal,grade_half,110,110,0.2636363636363636,high_grade,0.037037037037037,0.4938271604938271,0.4691358024691358,main_reference
L100_Ts120_Tr50p0_dT5_F1p0_LP30,S2a,11,raw_equal,grade_double,110,110,0.2636363636363636,high_grade,0.0493827160493827,0.4814814814814814,0.4691358024691358,main_reference
L100_Ts120_Tr50p0_dT5_F1p0_LP30,S2a,11,unique_equal,baseline,110,110,0.2636363636363636,high_grade,0.037037037037037,0.4938271604938271,0.4691358024691358,main_reference
L100_Ts120_Tr50p0_dT5_F1p0_LP30,S2a,11,unique_equal,common_5K,110,110,0.2636363636363636,supply,0.5061728395061729,0.1234567901234567,0.3703703703703703,main_reference
L100_Ts120_Tr50p0_dT5_F1p0_LP30,S2a,11,unique_equal,common_span,110,110,0.2636363636363636,supply,0.5061728395061729,0.1234567901234567,0.3703703703703703,main_reference
L100_Ts120_Tr50p0_dT5_F1p0_LP30,S2a,11,unique_equal,grade_half,110,110,0.2636363636363636,high_grade,0.037037037037037,0.4938271604938271,0.4691358024691358,main_reference
L100_Ts120_Tr50p0_dT5_F1p0_LP30,S2a,11,unique_equal,grade_double,110,110,0.2636363636363636,high_grade,0.0493827160493827,0.4814814814814814,0.4691358024691358,main_reference
L100_Ts120_Tr50p0_dT5_F1p0_LP30,S2a,11,physical_measure,baseline,110,110,0.100337685483353,high_grade,0.0277291311597908,0.5620351631750332,0.4102357056651761,main_reference
L100_Ts120_Tr50p0_dT5_F1p0_LP30,S2a,11,physical_measure,common_5K,110,110,0.100337685483353,supply,0.5631884869959827,0.1326451300952843,0.3041663829087331,main_reference
L100_Ts120_Tr50p0_dT5_F1p0_LP30,S2a,11,physical_measure,common_span,110,110,0.100337685483353,supply,0.5631884869959827,0.1326451300952843,0.3041663829087331,main_reference
L100_Ts120_Tr50p0_dT5_F1p0_LP30,S2a,11,physical_measure,grade_half,110,110,0.100337685483353,high_grade,0.0277291311597908,0.5620351631750332,0.4102357056651761,main_reference
L100_Ts120_Tr50p0_dT5_F1p0_LP30,S2a,11,physical_measure,grade_double,110,110,0.100337685483353,high_grade,0.0373575153699922,0.5524067789648319,0.4102357056651761,main_reference
L100_Ts120_Tr50p0_dT5_F1p0_LP30,S2b,11,raw_equal,baseline,110,110,0.2272727272727273,low_grade,0.1411764705882353,0.2823529411764706,0.5764705882352941,main_reference
L100_Ts120_Tr50p0_dT5_F1p0_LP30,S2b,11,raw_equal,common_5K,110,110,0.2272727272727273,supply,0.6352941176470588,0.0,0.3647058823529411,main_reference
L100_Ts120_Tr50p0_dT5_F1p0_LP30,S2b,11,raw_equal,common_span,110,110,0.2272727272727273,supply,0.6352941176470588,0.0,0.3647058823529411,main_reference
L100_Ts120_Tr50p0_dT5_F1p0_LP30,S2b,11,raw_equal,grade_half,110,110,0.2272727272727273,low_grade,0.1058823529411764,0.2941176470588235,0.6,main_reference
L100_Ts120_Tr50p0_dT5_F1p0_LP30,S2b,11,raw_equal,grade_double,110,110,0.2272727272727273,low_grade,0.1411764705882353,0.2823529411764706,0.5764705882352941,main_reference
L100_Ts120_Tr50p0_dT5_F1p0_LP30,S2b,11,unique_equal,baseline,110,110,0.2272727272727273,low_grade,0.1411764705882353,0.2823529411764706,0.5764705882352941,main_reference
L100_Ts120_Tr50p0_dT5_F1p0_LP30,S2b,11,unique_equal,common_5K,110,110,0.2272727272727273,supply,0.6352941176470588,0.0,0.3647058823529411,main_reference
L100_Ts120_Tr50p0_dT5_F1p0_LP30,S2b,11,unique_equal,common_span,110,110,0.2272727272727273,supply,0.6352941176470588,0.0,0.3647058823529411,main_reference
L100_Ts120_Tr50p0_dT5_F1p0_LP30,S2b,11,unique_equal,grade_half,110,110,0.2272727272727273,low_grade,0.1058823529411764,0.2941176470588235,0.6,main_reference
L100_Ts120_Tr50p0_dT5_F1p0_LP30,S2b,11,unique_equal,grade_double,110,110,0.2272727272727273,low_grade,0.1411764705882353,0.2823529411764706,0.5764705882352941,main_reference
L100_Ts120_Tr50p0_dT5_F1p0_LP30,S2b,11,physical_measure,baseline,110,110,0.0786556421715924,low_grade,0.1066269072753279,0.3655562272008077,0.5278168655238644,main_reference
L100_Ts120_Tr50p0_dT5_F1p0_LP30,S2b,11,physical_measure,common_5K,110,110,0.0786556421715924,supply,0.7218982877195748,0.0,0.2781017122804253,main_reference
L100_Ts120_Tr50p0_dT5_F1p0_LP30,S2b,11,physical_measure,common_span,110,110,0.0786556421715924,supply,0.7218982877195748,0.0,0.2781017122804253,main_reference
L100_Ts120_Tr50p0_dT5_F1p0_LP30,S2b,11,physical_measure,grade_half,110,110,0.0786556421715924,low_grade,0.079310040700469,0.3721132421987371,0.5485767171007938,main_reference
L100_Ts120_Tr50p0_dT5_F1p0_LP30,S2b,11,physical_measure,grade_double,110,110,0.0786556421715924,low_grade,0.1066269072753279,0.3655562272008077,0.5278168655238644,main_reference
L100_Ts120_Tr60p0_dT5_F1p0_LP30,S1,11,raw_equal,baseline,10,10,0.1999999999999999,high_grade,0.125,0.875,0.0,main_reference
L100_Ts120_Tr60p0_dT5_F1p0_LP30,S1,11,raw_equal,common_5K,10,10,0.1999999999999999,supply+high_grade,0.5,0.5,0.0,main_reference
L100_Ts120_Tr60p0_dT5_F1p0_LP30,S1,11,raw_equal,common_span,10,10,0.1999999999999999,supply+high_grade,0.5,0.5,0.0,main_reference
L100_Ts120_Tr60p0_dT5_F1p0_LP30,S1,11,raw_equal,grade_half,10,10,0.1999999999999999,high_grade,0.125,0.875,0.0,main_reference
L100_Ts120_Tr60p0_dT5_F1p0_LP30,S1,11,raw_equal,grade_double,10,10,0.1999999999999999,high_grade,0.125,0.875,0.0,main_reference
L100_Ts120_Tr60p0_dT5_F1p0_LP30,S1,11,unique_equal,baseline,10,10,0.1999999999999999,high_grade,0.125,0.875,0.0,main_reference
L100_Ts120_Tr60p0_dT5_F1p0_LP30,S1,11,unique_equal,common_5K,10,10,0.1999999999999999,supply+high_grade,0.5,0.5,0.0,main_reference
L100_Ts120_Tr60p0_dT5_F1p0_LP30,S1,11,unique_equal,common_span,10,10,0.1999999999999999,supply+high_grade,0.5,0.5,0.0,main_reference
L100_Ts120_Tr60p0_dT5_F1p0_LP30,S1,11,unique_equal,grade_half,10,10,0.1999999999999999,high_grade,0.125,0.875,0.0,main_reference
L100_Ts120_Tr60p0_dT5_F1p0_LP30,S1,11,unique_equal,grade_double,10,10,0.1999999999999999,high_grade,0.125,0.875,0.0,main_reference
L100_Ts120_Tr60p0_dT5_F1p0_LP30,S1,11,physical_measure,baseline,10,10,0.2105263157894736,high_grade,0.1333333333333333,0.8666666666666667,0.0,main_reference
L100_Ts120_Tr60p0_dT5_F1p0_LP30,S1,11,physical_measure,common_5K,10,10,0.2105263157894736,supply,0.5333333333333333,0.4666666666666667,0.0,main_reference
L100_Ts120_Tr60p0_dT5_F1p0_LP30,S1,11,physical_measure,common_span,10,10,0.2105263157894736,supply,0.5333333333333333,0.4666666666666667,0.0,main_reference
L100_Ts120_Tr60p0_dT5_F1p0_LP30,S1,11,physical_measure,grade_half,10,10,0.2105263157894736,high_grade,0.1333333333333333,0.8666666666666667,0.0,main_reference
L100_Ts120_Tr60p0_dT5_F1p0_LP30,S1,11,physical_measure,grade_double,10,10,0.2105263157894736,high_grade,0.1333333333333333,0.8666666666666667,0.0,main_reference
L100_Ts120_Tr60p0_dT5_F1p0_LP30,S2a,11,raw_equal,baseline,110,110,0.1727272727272727,low_grade,0.0549450549450549,0.4615384615384615,0.4835164835164835,main_reference
L100_Ts120_Tr60p0_dT5_F1p0_LP30,S2a,11,raw_equal,common_5K,110,110,0.1727272727272727,supply,0.5054945054945055,0.1098901098901098,0.3846153846153846,main_reference
L100_Ts120_Tr60p0_dT5_F1p0_LP30,S2a,11,raw_equal,common_span,110,110,0.1727272727272727,supply,0.5054945054945055,0.1098901098901098,0.3846153846153846,main_reference
L100_Ts120_Tr60p0_dT5_F1p0_LP30,S2a,11,raw_equal,grade_half,110,110,0.1727272727272727,low_grade,0.0549450549450549,0.4615384615384615,0.4835164835164835,main_reference
L100_Ts120_Tr60p0_dT5_F1p0_LP30,S2a,11,raw_equal,grade_double,110,110,0.1727272727272727,low_grade,0.0549450549450549,0.4615384615384615,0.4835164835164835,main_reference
L100_Ts120_Tr60p0_dT5_F1p0_LP30,S2a,11,unique_equal,baseline,110,110,0.1727272727272727,low_grade,0.0549450549450549,0.4615384615384615,0.4835164835164835,main_reference
L100_Ts120_Tr60p0_dT5_F1p0_LP30,S2a,11,unique_equal,common_5K,110,110,0.1727272727272727,supply,0.5054945054945055,0.1098901098901098,0.3846153846153846,main_reference
L100_Ts120_Tr60p0_dT5_F1p0_LP30,S2a,11,unique_equal,common_span,110,110,0.1727272727272727,supply,0.5054945054945055,0.1098901098901098,0.3846153846153846,main_reference
L100_Ts120_Tr60p0_dT5_F1p0_LP30,S2a,11,unique_equal,grade_half,110,110,0.1727272727272727,low_grade,0.0549450549450549,0.4615384615384615,0.4835164835164835,main_reference
L100_Ts120_Tr60p0_dT5_F1p0_LP30,S2a,11,unique_equal,grade_double,110,110,0.1727272727272727,low_grade,0.0549450549450549,0.4615384615384615,0.4835164835164835,main_reference
L100_Ts120_Tr60p0_dT5_F1p0_LP30,S2a,11,physical_measure,baseline,110,110,0.0507304572250411,high_grade,0.0299978237149475,0.5503612526460744,0.4196409236389783,main_reference
L100_Ts120_Tr60p0_dT5_F1p0_LP30,S2a,11,physical_measure,common_5K,110,110,0.0507304572250411,supply,0.5637550284797606,0.1257133188978506,0.3105316526223891,main_reference
L100_Ts120_Tr60p0_dT5_F1p0_LP30,S2a,11,physical_measure,common_span,110,110,0.0507304572250411,supply,0.5637550284797606,0.1257133188978506,0.3105316526223891,main_reference
L100_Ts120_Tr60p0_dT5_F1p0_LP30,S2a,11,physical_measure,grade_half,110,110,0.0507304572250411,high_grade,0.0299978237149475,0.5503612526460744,0.4196409236389783,main_reference
L100_Ts120_Tr60p0_dT5_F1p0_LP30,S2a,11,physical_measure,grade_double,110,110,0.0507304572250411,high_grade,0.0299978237149475,0.5503612526460744,0.4196409236389783,main_reference
L100_Ts120_Tr60p0_dT5_F1p0_LP30,S2b,11,raw_equal,baseline,110,110,0.1727272727272727,low_grade,0.1098901098901098,0.2857142857142857,0.6043956043956044,main_reference
L100_Ts120_Tr60p0_dT5_F1p0_LP30,S2b,11,raw_equal,common_5K,110,110,0.1727272727272727,supply,0.6263736263736264,0.0,0.3736263736263736,main_reference
L100_Ts120_Tr60p0_dT5_F1p0_LP30,S2b,11,raw_equal,common_span,110,110,0.1727272727272727,supply,0.6263736263736264,0.0,0.3736263736263736,main_reference
L100_Ts120_Tr60p0_dT5_F1p0_LP30,S2b,11,raw_equal,grade_half,110,110,0.1727272727272727,low_grade,0.0879120879120879,0.2967032967032967,0.6153846153846154,main_reference
L100_Ts120_Tr60p0_dT5_F1p0_LP30,S2b,11,raw_equal,grade_double,110,110,0.1727272727272727,low_grade,0.1208791208791208,0.2747252747252747,0.6043956043956044,main_reference
L100_Ts120_Tr60p0_dT5_F1p0_LP30,S2b,11,unique_equal,baseline,110,110,0.1727272727272727,low_grade,0.1098901098901098,0.2857142857142857,0.6043956043956044,main_reference
L100_Ts120_Tr60p0_dT5_F1p0_LP30,S2b,11,unique_equal,common_5K,110,110,0.1727272727272727,supply,0.6263736263736264,0.0,0.3736263736263736,main_reference
L100_Ts120_Tr60p0_dT5_F1p0_LP30,S2b,11,unique_equal,common_span,110,110,0.1727272727272727,supply,0.6263736263736264,0.0,0.3736263736263736,main_reference
L100_Ts120_Tr60p0_dT5_F1p0_LP30,S2b,11,unique_equal,grade_half,110,110,0.1727272727272727,low_grade,0.0879120879120879,0.2967032967032967,0.6153846153846154,main_reference
L100_Ts120_Tr60p0_dT5_F1p0_LP30,S2b,11,unique_equal,grade_double,110,110,0.1727272727272727,low_grade,0.1208791208791208,0.2747252747252747,0.6043956043956044,main_reference
L100_Ts120_Tr60p0_dT5_F1p0_LP30,S2b,11,physical_measure,baseline,110,110,0.0515894546235219,low_grade,0.0778708955766541,0.3740798823265612,0.5480492220967849,main_reference
L100_Ts120_Tr60p0_dT5_F1p0_LP30,S2b,11,physical_measure,common_5K,110,110,0.0515894546235219,supply,0.7209668427047938,0.0,0.2790331572952063,main_reference
L100_Ts120_Tr60p0_dT5_F1p0_LP30,S2b,11,physical_measure,common_span,110,110,0.0515894546235219,supply,0.7209668427047938,0.0,0.2790331572952063,main_reference
L100_Ts120_Tr60p0_dT5_F1p0_LP30,S2b,11,physical_measure,grade_half,110,110,0.0515894546235219,low_grade,0.0567341387303331,0.386069320515447,0.5571965407542201,main_reference
L100_Ts120_Tr60p0_dT5_F1p0_LP30,S2b,11,physical_measure,grade_double,110,110,0.0515894546235219,low_grade,0.0904570789514097,0.3614936989518054,0.5480492220967849,main_reference
L100_Ts130_Tr50p0_dT5_F1p0_LP30,S1,11,raw_equal,baseline,10,10,0.3,high_grade,0.0,1.0,0.0,main_reference
L100_Ts130_Tr50p0_dT5_F1p0_LP30,S1,11,raw_equal,common_5K,10,10,0.3,high_grade,0.1428571428571428,0.8571428571428571,0.0,main_reference
L100_Ts130_Tr50p0_dT5_F1p0_LP30,S1,11,raw_equal,common_span,10,10,0.3,high_grade,0.1428571428571428,0.8571428571428571,0.0,main_reference
L100_Ts130_Tr50p0_dT5_F1p0_LP30,S1,11,raw_equal,grade_half,10,10,0.3,high_grade,0.0,1.0,0.0,main_reference
L100_Ts130_Tr50p0_dT5_F1p0_LP30,S1,11,raw_equal,grade_double,10,10,0.3,high_grade,0.0,1.0,0.0,main_reference
L100_Ts130_Tr50p0_dT5_F1p0_LP30,S1,11,unique_equal,baseline,10,10,0.3,high_grade,0.0,1.0,0.0,main_reference
L100_Ts130_Tr50p0_dT5_F1p0_LP30,S1,11,unique_equal,common_5K,10,10,0.3,high_grade,0.1428571428571428,0.8571428571428571,0.0,main_reference
L100_Ts130_Tr50p0_dT5_F1p0_LP30,S1,11,unique_equal,common_span,10,10,0.3,high_grade,0.1428571428571428,0.8571428571428571,0.0,main_reference
L100_Ts130_Tr50p0_dT5_F1p0_LP30,S1,11,unique_equal,grade_half,10,10,0.3,high_grade,0.0,1.0,0.0,main_reference
L100_Ts130_Tr50p0_dT5_F1p0_LP30,S1,11,unique_equal,grade_double,10,10,0.3,high_grade,0.0,1.0,0.0,main_reference
L100_Ts130_Tr50p0_dT5_F1p0_LP30,S1,11,physical_measure,baseline,10,10,0.3157894736842105,high_grade,0.0,1.0,0.0,main_reference
L100_Ts130_Tr50p0_dT5_F1p0_LP30,S1,11,physical_measure,common_5K,10,10,0.3157894736842105,high_grade,0.1538461538461538,0.8461538461538461,0.0,main_reference
L100_Ts130_Tr50p0_dT5_F1p0_LP30,S1,11,physical_measure,common_span,10,10,0.3157894736842105,high_grade,0.1538461538461538,0.8461538461538461,0.0,main_reference
L100_Ts130_Tr50p0_dT5_F1p0_LP30,S1,11,physical_measure,grade_half,10,10,0.3157894736842105,high_grade,0.0,1.0,0.0,main_reference
L100_Ts130_Tr50p0_dT5_F1p0_LP30,S1,11,physical_measure,grade_double,10,10,0.3157894736842105,high_grade,0.0,1.0,0.0,main_reference
L100_Ts130_Tr50p0_dT5_F1p0_LP30,S2a,11,raw_equal,baseline,110,110,0.2636363636363636,high_grade,0.037037037037037,0.4938271604938271,0.4691358024691358,main_reference
L100_Ts130_Tr50p0_dT5_F1p0_LP30,S2a,11,raw_equal,common_5K,110,110,0.2636363636363636,low_grade,0.2839506172839506,0.2716049382716049,0.4444444444444444,main_reference
L100_Ts130_Tr50p0_dT5_F1p0_LP30,S2a,11,raw_equal,common_span,110,110,0.2636363636363636,low_grade,0.2839506172839506,0.2716049382716049,0.4444444444444444,main_reference
L100_Ts130_Tr50p0_dT5_F1p0_LP30,S2a,11,raw_equal,grade_half,110,110,0.2636363636363636,high_grade,0.037037037037037,0.4938271604938271,0.4691358024691358,main_reference
L100_Ts130_Tr50p0_dT5_F1p0_LP30,S2a,11,raw_equal,grade_double,110,110,0.2636363636363636,high_grade,0.037037037037037,0.4938271604938271,0.4691358024691358,main_reference
L100_Ts130_Tr50p0_dT5_F1p0_LP30,S2a,11,unique_equal,baseline,110,110,0.2636363636363636,high_grade,0.037037037037037,0.4938271604938271,0.4691358024691358,main_reference
L100_Ts130_Tr50p0_dT5_F1p0_LP30,S2a,11,unique_equal,common_5K,110,110,0.2636363636363636,low_grade,0.2839506172839506,0.2716049382716049,0.4444444444444444,main_reference
L100_Ts130_Tr50p0_dT5_F1p0_LP30,S2a,11,unique_equal,common_span,110,110,0.2636363636363636,low_grade,0.2839506172839506,0.2716049382716049,0.4444444444444444,main_reference
L100_Ts130_Tr50p0_dT5_F1p0_LP30,S2a,11,unique_equal,grade_half,110,110,0.2636363636363636,high_grade,0.037037037037037,0.4938271604938271,0.4691358024691358,main_reference
L100_Ts130_Tr50p0_dT5_F1p0_LP30,S2a,11,unique_equal,grade_double,110,110,0.2636363636363636,high_grade,0.037037037037037,0.4938271604938271,0.4691358024691358,main_reference
L100_Ts130_Tr50p0_dT5_F1p0_LP30,S2a,11,physical_measure,baseline,110,110,0.100337685483353,high_grade,0.0277291311597908,0.5620351631750332,0.4102357056651761,main_reference
L100_Ts130_Tr50p0_dT5_F1p0_LP30,S2a,11,physical_measure,common_5K,110,110,0.100337685483353,low_grade,0.3052200027934189,0.3108699047125768,0.3839100924940044,main_reference
L100_Ts130_Tr50p0_dT5_F1p0_LP30,S2a,11,physical_measure,common_span,110,110,0.100337685483353,low_grade,0.3052200027934189,0.3108699047125768,0.3839100924940044,main_reference
L100_Ts130_Tr50p0_dT5_F1p0_LP30,S2a,11,physical_measure,grade_half,110,110,0.100337685483353,high_grade,0.0277291311597908,0.5620351631750332,0.4102357056651761,main_reference
L100_Ts130_Tr50p0_dT5_F1p0_LP30,S2a,11,physical_measure,grade_double,110,110,0.100337685483353,high_grade,0.0277291311597908,0.5620351631750332,0.4102357056651761,main_reference
L100_Ts130_Tr50p0_dT5_F1p0_LP30,S2b,11,raw_equal,baseline,110,110,0.2545454545454545,low_grade,0.073170731707317,0.3048780487804878,0.6219512195121951,main_reference
L100_Ts130_Tr50p0_dT5_F1p0_LP30,S2b,11,raw_equal,common_5K,110,110,0.2545454545454545,supply,0.5487804878048781,0.0121951219512195,0.4390243902439024,main_reference
L100_Ts130_Tr50p0_dT5_F1p0_LP30,S2b,11,raw_equal,common_span,110,110,0.2545454545454545,supply,0.5487804878048781,0.0121951219512195,0.4390243902439024,main_reference
L100_Ts130_Tr50p0_dT5_F1p0_LP30,S2b,11,raw_equal,grade_half,110,110,0.2545454545454545,low_grade,0.073170731707317,0.3048780487804878,0.6219512195121951,main_reference
L100_Ts130_Tr50p0_dT5_F1p0_LP30,S2b,11,raw_equal,grade_double,110,110,0.2545454545454545,low_grade,0.1097560975609756,0.2926829268292683,0.5975609756097561,main_reference
L100_Ts130_Tr50p0_dT5_F1p0_LP30,S2b,11,unique_equal,baseline,110,110,0.2545454545454545,low_grade,0.073170731707317,0.3048780487804878,0.6219512195121951,main_reference
L100_Ts130_Tr50p0_dT5_F1p0_LP30,S2b,11,unique_equal,common_5K,110,110,0.2545454545454545,supply,0.5487804878048781,0.0121951219512195,0.4390243902439024,main_reference
L100_Ts130_Tr50p0_dT5_F1p0_LP30,S2b,11,unique_equal,common_span,110,110,0.2545454545454545,supply,0.5487804878048781,0.0121951219512195,0.4390243902439024,main_reference
L100_Ts130_Tr50p0_dT5_F1p0_LP30,S2b,11,unique_equal,grade_half,110,110,0.2545454545454545,low_grade,0.073170731707317,0.3048780487804878,0.6219512195121951,main_reference
L100_Ts130_Tr50p0_dT5_F1p0_LP30,S2b,11,unique_equal,grade_double,110,110,0.2545454545454545,low_grade,0.1097560975609756,0.2926829268292683,0.5975609756097561,main_reference
L100_Ts130_Tr50p0_dT5_F1p0_LP30,S2b,11,physical_measure,baseline,110,110,0.096265070625199,low_grade,0.0613702406116808,0.3793639318668585,0.5592658275214607,main_reference
L100_Ts130_Tr50p0_dT5_F1p0_LP30,S2b,11,physical_measure,common_5K,110,110,0.096265070625199,supply,0.6464244088053241,0.0066847795478236,0.3468908116468523,main_reference
L100_Ts130_Tr50p0_dT5_F1p0_LP30,S2b,11,physical_measure,common_span,110,110,0.096265070625199,supply,0.6464244088053241,0.0066847795478236,0.3468908116468523,main_reference
L100_Ts130_Tr50p0_dT5_F1p0_LP30,S2b,11,physical_measure,grade_half,110,110,0.096265070625199,low_grade,0.0613702406116808,0.3793639318668585,0.5592658275214607,main_reference
L100_Ts130_Tr50p0_dT5_F1p0_LP30,S2b,11,physical_measure,grade_double,110,110,0.096265070625199,low_grade,0.0892193809671486,0.3726791523190349,0.5381014667138165,main_reference
L100_Ts130_Tr60p0_dT5_F1p0_LP30,S1,11,raw_equal,baseline,10,10,0.3,high_grade,0.0,1.0,0.0,main_reference
L100_Ts130_Tr60p0_dT5_F1p0_LP30,S1,11,raw_equal,common_5K,10,10,0.3,high_grade,0.1428571428571428,0.8571428571428571,0.0,main_reference
L100_Ts130_Tr60p0_dT5_F1p0_LP30,S1,11,raw_equal,common_span,10,10,0.3,high_grade,0.1428571428571428,0.8571428571428571,0.0,main_reference
L100_Ts130_Tr60p0_dT5_F1p0_LP30,S1,11,raw_equal,grade_half,10,10,0.3,high_grade,0.0,1.0,0.0,main_reference
L100_Ts130_Tr60p0_dT5_F1p0_LP30,S1,11,raw_equal,grade_double,10,10,0.3,high_grade,0.0,1.0,0.0,main_reference
L100_Ts130_Tr60p0_dT5_F1p0_LP30,S1,11,unique_equal,baseline,10,10,0.3,high_grade,0.0,1.0,0.0,main_reference
L100_Ts130_Tr60p0_dT5_F1p0_LP30,S1,11,unique_equal,common_5K,10,10,0.3,high_grade,0.1428571428571428,0.8571428571428571,0.0,main_reference
L100_Ts130_Tr60p0_dT5_F1p0_LP30,S1,11,unique_equal,common_span,10,10,0.3,high_grade,0.1428571428571428,0.8571428571428571,0.0,main_reference
L100_Ts130_Tr60p0_dT5_F1p0_LP30,S1,11,unique_equal,grade_half,10,10,0.3,high_grade,0.0,1.0,0.0,main_reference
L100_Ts130_Tr60p0_dT5_F1p0_LP30,S1,11,unique_equal,grade_double,10,10,0.3,high_grade,0.0,1.0,0.0,main_reference
L100_Ts130_Tr60p0_dT5_F1p0_LP30,S1,11,physical_measure,baseline,10,10,0.3157894736842105,high_grade,0.0,1.0,0.0,main_reference
L100_Ts130_Tr60p0_dT5_F1p0_LP30,S1,11,physical_measure,common_5K,10,10,0.3157894736842105,high_grade,0.1538461538461538,0.8461538461538461,0.0,main_reference
L100_Ts130_Tr60p0_dT5_F1p0_LP30,S1,11,physical_measure,common_span,10,10,0.3157894736842105,high_grade,0.1538461538461538,0.8461538461538461,0.0,main_reference
L100_Ts130_Tr60p0_dT5_F1p0_LP30,S1,11,physical_measure,grade_half,10,10,0.3157894736842105,high_grade,0.0,1.0,0.0,main_reference
L100_Ts130_Tr60p0_dT5_F1p0_LP30,S1,11,physical_measure,grade_double,10,10,0.3157894736842105,high_grade,0.0,1.0,0.0,main_reference
L100_Ts130_Tr60p0_dT5_F1p0_LP30,S2a,11,raw_equal,baseline,110,110,0.2181818181818181,low_grade,0.0,0.4883720930232558,0.5116279069767442,main_reference
L100_Ts130_Tr60p0_dT5_F1p0_LP30,S2a,11,raw_equal,common_5K,110,110,0.2181818181818181,low_grade,0.2674418604651162,0.2558139534883721,0.4767441860465116,main_reference
L100_Ts130_Tr60p0_dT5_F1p0_LP30,S2a,11,raw_equal,common_span,110,110,0.2181818181818181,low_grade,0.2674418604651162,0.2558139534883721,0.4767441860465116,main_reference
L100_Ts130_Tr60p0_dT5_F1p0_LP30,S2a,11,raw_equal,grade_half,110,110,0.2181818181818181,low_grade,0.0,0.4883720930232558,0.5116279069767442,main_reference
L100_Ts130_Tr60p0_dT5_F1p0_LP30,S2a,11,raw_equal,grade_double,110,110,0.2181818181818181,low_grade,0.0,0.4883720930232558,0.5116279069767442,main_reference
L100_Ts130_Tr60p0_dT5_F1p0_LP30,S2a,11,unique_equal,baseline,110,110,0.2181818181818181,low_grade,0.0,0.4883720930232558,0.5116279069767442,main_reference
L100_Ts130_Tr60p0_dT5_F1p0_LP30,S2a,11,unique_equal,common_5K,110,110,0.2181818181818181,low_grade,0.2674418604651162,0.2558139534883721,0.4767441860465116,main_reference
L100_Ts130_Tr60p0_dT5_F1p0_LP30,S2a,11,unique_equal,common_span,110,110,0.2181818181818181,low_grade,0.2674418604651162,0.2558139534883721,0.4767441860465116,main_reference
L100_Ts130_Tr60p0_dT5_F1p0_LP30,S2a,11,unique_equal,grade_half,110,110,0.2181818181818181,low_grade,0.0,0.4883720930232558,0.5116279069767442,main_reference
L100_Ts130_Tr60p0_dT5_F1p0_LP30,S2a,11,unique_equal,grade_double,110,110,0.2181818181818181,low_grade,0.0,0.4883720930232558,0.5116279069767442,main_reference
L100_Ts130_Tr60p0_dT5_F1p0_LP30,S2a,11,physical_measure,baseline,110,110,0.0792064776271729,high_grade,0.0,0.5673814617136909,0.4326185382863092,main_reference
L100_Ts130_Tr60p0_dT5_F1p0_LP30,S2a,11,physical_measure,common_5K,110,110,0.0792064776271729,low_grade,0.2982155363585647,0.3037357791859502,0.3980486844554851,main_reference
L100_Ts130_Tr60p0_dT5_F1p0_LP30,S2a,11,physical_measure,common_span,110,110,0.0792064776271729,low_grade,0.2982155363585647,0.3037357791859502,0.3980486844554851,main_reference
L100_Ts130_Tr60p0_dT5_F1p0_LP30,S2a,11,physical_measure,grade_half,110,110,0.0792064776271729,high_grade,0.0,0.5673814617136909,0.4326185382863092,main_reference
L100_Ts130_Tr60p0_dT5_F1p0_LP30,S2a,11,physical_measure,grade_double,110,110,0.0792064776271729,high_grade,0.0,0.5673814617136909,0.4326185382863092,main_reference
L100_Ts130_Tr60p0_dT5_F1p0_LP30,S2b,11,raw_equal,baseline,110,110,0.1909090909090909,low_grade,0.0674157303370786,0.3033707865168539,0.6292134831460674,main_reference
L100_Ts130_Tr60p0_dT5_F1p0_LP30,S2b,11,raw_equal,common_5K,110,110,0.1909090909090909,supply,0.5393258426966292,0.0112359550561797,0.449438202247191,main_reference
L100_Ts130_Tr60p0_dT5_F1p0_LP30,S2b,11,raw_equal,common_span,110,110,0.1909090909090909,supply,0.5393258426966292,0.0112359550561797,0.449438202247191,main_reference
L100_Ts130_Tr60p0_dT5_F1p0_LP30,S2b,11,raw_equal,grade_half,110,110,0.1909090909090909,low_grade,0.0674157303370786,0.3033707865168539,0.6292134831460674,main_reference
L100_Ts130_Tr60p0_dT5_F1p0_LP30,S2b,11,raw_equal,grade_double,110,110,0.1909090909090909,low_grade,0.0898876404494382,0.2921348314606741,0.6179775280898876,main_reference
L100_Ts130_Tr60p0_dT5_F1p0_LP30,S2b,11,unique_equal,baseline,110,110,0.1909090909090909,low_grade,0.0674157303370786,0.3033707865168539,0.6292134831460674,main_reference
L100_Ts130_Tr60p0_dT5_F1p0_LP30,S2b,11,unique_equal,common_5K,110,110,0.1909090909090909,supply,0.5393258426966292,0.0112359550561797,0.449438202247191,main_reference
L100_Ts130_Tr60p0_dT5_F1p0_LP30,S2b,11,unique_equal,common_span,110,110,0.1909090909090909,supply,0.5393258426966292,0.0112359550561797,0.449438202247191,main_reference
L100_Ts130_Tr60p0_dT5_F1p0_LP30,S2b,11,unique_equal,grade_half,110,110,0.1909090909090909,low_grade,0.0674157303370786,0.3033707865168539,0.6292134831460674,main_reference
L100_Ts130_Tr60p0_dT5_F1p0_LP30,S2b,11,unique_equal,grade_double,110,110,0.1909090909090909,low_grade,0.0898876404494382,0.2921348314606741,0.6179775280898876,main_reference
L100_Ts130_Tr60p0_dT5_F1p0_LP30,S2b,11,physical_measure,baseline,110,110,0.0643080436864729,low_grade,0.0439125997765669,0.3913170486852971,0.5647703515381359,main_reference
L100_Ts130_Tr60p0_dT5_F1p0_LP30,S2b,11,physical_measure,common_5K,110,110,0.0643080436864729,supply,0.6431665270079372,0.0064564718460765,0.3503770011459863,main_reference
L100_Ts130_Tr60p0_dT5_F1p0_LP30,S2b,11,physical_measure,common_span,110,110,0.0643080436864729,supply,0.6431665270079372,0.0064564718460765,0.3503770011459863,main_reference
L100_Ts130_Tr60p0_dT5_F1p0_LP30,S2b,11,physical_measure,grade_half,110,110,0.0643080436864729,low_grade,0.0439125997765669,0.3913170486852971,0.5647703515381359,main_reference
L100_Ts130_Tr60p0_dT5_F1p0_LP30,S2b,11,physical_measure,grade_double,110,110,0.0643080436864729,low_grade,0.0653366624211669,0.379164641544513,0.5554986960343201,main_reference
L50_Ts120_Tr50p0_dT5_F1p0_LP30,S1,21,raw_equal,baseline,20,20,0.8,high_grade,0.0,1.0,0.0,main_reference
L50_Ts120_Tr50p0_dT5_F1p0_LP30,S1,21,raw_equal,common_5K,20,20,0.8,high_grade,0.0,1.0,0.0,main_reference
L50_Ts120_Tr50p0_dT5_F1p0_LP30,S1,21,raw_equal,common_span,20,20,0.8,high_grade,0.0,1.0,0.0,main_reference
L50_Ts120_Tr50p0_dT5_F1p0_LP30,S1,21,raw_equal,grade_half,20,20,0.8,high_grade,0.0,1.0,0.0,main_reference
L50_Ts120_Tr50p0_dT5_F1p0_LP30,S1,21,raw_equal,grade_double,20,20,0.8,high_grade,0.0,1.0,0.0,main_reference
L50_Ts120_Tr50p0_dT5_F1p0_LP30,S1,21,unique_equal,baseline,20,20,0.8,high_grade,0.0,1.0,0.0,main_reference
L50_Ts120_Tr50p0_dT5_F1p0_LP30,S1,21,unique_equal,common_5K,20,20,0.8,high_grade,0.0,1.0,0.0,main_reference
L50_Ts120_Tr50p0_dT5_F1p0_LP30,S1,21,unique_equal,common_span,20,20,0.8,high_grade,0.0,1.0,0.0,main_reference
L50_Ts120_Tr50p0_dT5_F1p0_LP30,S1,21,unique_equal,grade_half,20,20,0.8,high_grade,0.0,1.0,0.0,main_reference
L50_Ts120_Tr50p0_dT5_F1p0_LP30,S1,21,unique_equal,grade_double,20,20,0.8,high_grade,0.0,1.0,0.0,main_reference
L50_Ts120_Tr50p0_dT5_F1p0_LP30,S1,21,physical_measure,baseline,20,20,0.8205128205128205,high_grade,0.0,1.0,0.0,main_reference
L50_Ts120_Tr50p0_dT5_F1p0_LP30,S1,21,physical_measure,common_5K,20,20,0.8205128205128205,high_grade,0.0,1.0,0.0,main_reference
L50_Ts120_Tr50p0_dT5_F1p0_LP30,S1,21,physical_measure,common_span,20,20,0.8205128205128205,high_grade,0.0,1.0,0.0,main_reference
L50_Ts120_Tr50p0_dT5_F1p0_LP30,S1,21,physical_measure,grade_half,20,20,0.8205128205128205,high_grade,0.0,1.0,0.0,main_reference
L50_Ts120_Tr50p0_dT5_F1p0_LP30,S1,21,physical_measure,grade_double,20,20,0.8205128205128205,high_grade,0.0,1.0,0.0,main_reference
L50_Ts120_Tr50p0_dT5_F1p0_LP30,S2a,21,raw_equal,baseline,420,420,0.5976190476190476,low_grade,0.0,0.1065088757396449,0.893491124260355,main_reference
L50_Ts120_Tr50p0_dT5_F1p0_LP30,S2a,21,raw_equal,common_5K,420,420,0.5976190476190476,low_grade,0.0,0.1065088757396449,0.893491124260355,main_reference
L50_Ts120_Tr50p0_dT5_F1p0_LP30,S2a,21,raw_equal,common_span,420,420,0.5976190476190476,low_grade,0.0,0.1065088757396449,0.893491124260355,main_reference
L50_Ts120_Tr50p0_dT5_F1p0_LP30,S2a,21,raw_equal,grade_half,420,420,0.5976190476190476,low_grade,0.0,0.1065088757396449,0.893491124260355,main_reference
L50_Ts120_Tr50p0_dT5_F1p0_LP30,S2a,21,raw_equal,grade_double,420,420,0.5976190476190476,low_grade,0.0,0.1065088757396449,0.893491124260355,main_reference
L50_Ts120_Tr50p0_dT5_F1p0_LP30,S2a,21,unique_equal,baseline,420,420,0.5976190476190476,low_grade,0.0,0.1065088757396449,0.893491124260355,main_reference
L50_Ts120_Tr50p0_dT5_F1p0_LP30,S2a,21,unique_equal,common_5K,420,420,0.5976190476190476,low_grade,0.0,0.1065088757396449,0.893491124260355,main_reference
L50_Ts120_Tr50p0_dT5_F1p0_LP30,S2a,21,unique_equal,common_span,420,420,0.5976190476190476,low_grade,0.0,0.1065088757396449,0.893491124260355,main_reference
L50_Ts120_Tr50p0_dT5_F1p0_LP30,S2a,21,unique_equal,grade_half,420,420,0.5976190476190476,low_grade,0.0,0.1065088757396449,0.893491124260355,main_reference
L50_Ts120_Tr50p0_dT5_F1p0_LP30,S2a,21,unique_equal,grade_double,420,420,0.5976190476190476,low_grade,0.0,0.1065088757396449,0.893491124260355,main_reference
L50_Ts120_Tr50p0_dT5_F1p0_LP30,S2a,21,physical_measure,baseline,420,420,0.4352559612901197,low_grade,0.0,0.1167225828094948,0.8832774171905052,main_reference
L50_Ts120_Tr50p0_dT5_F1p0_LP30,S2a,21,physical_measure,common_5K,420,420,0.4352559612901197,low_grade,0.0,0.1167225828094948,0.8832774171905052,main_reference
L50_Ts120_Tr50p0_dT5_F1p0_LP30,S2a,21,physical_measure,common_span,420,420,0.4352559612901197,low_grade,0.0,0.1167225828094948,0.8832774171905052,main_reference
L50_Ts120_Tr50p0_dT5_F1p0_LP30,S2a,21,physical_measure,grade_half,420,420,0.4352559612901197,low_grade,0.0,0.1167225828094948,0.8832774171905052,main_reference
L50_Ts120_Tr50p0_dT5_F1p0_LP30,S2a,21,physical_measure,grade_double,420,420,0.4352559612901197,low_grade,0.0,0.1167225828094948,0.8832774171905052,main_reference
L50_Ts120_Tr50p0_dT5_F1p0_LP30,S2b,21,raw_equal,baseline,420,420,0.6142857142857143,low_grade,0.0308641975308641,0.0,0.9691358024691358,main_reference
L50_Ts120_Tr50p0_dT5_F1p0_LP30,S2b,21,raw_equal,common_5K,420,420,0.6142857142857143,low_grade,0.0308641975308641,0.0,0.9691358024691358,main_reference
L50_Ts120_Tr50p0_dT5_F1p0_LP30,S2b,21,raw_equal,common_span,420,420,0.6142857142857143,low_grade,0.0308641975308641,0.0,0.9691358024691358,main_reference
L50_Ts120_Tr50p0_dT5_F1p0_LP30,S2b,21,raw_equal,grade_half,420,420,0.6142857142857143,low_grade,0.0308641975308641,0.0,0.9691358024691358,main_reference
L50_Ts120_Tr50p0_dT5_F1p0_LP30,S2b,21,raw_equal,grade_double,420,420,0.6142857142857143,low_grade,0.0308641975308641,0.0,0.9691358024691358,main_reference
L50_Ts120_Tr50p0_dT5_F1p0_LP30,S2b,21,unique_equal,baseline,420,420,0.6142857142857143,low_grade,0.0308641975308641,0.0,0.9691358024691358,main_reference
L50_Ts120_Tr50p0_dT5_F1p0_LP30,S2b,21,unique_equal,common_5K,420,420,0.6142857142857143,low_grade,0.0308641975308641,0.0,0.9691358024691358,main_reference
L50_Ts120_Tr50p0_dT5_F1p0_LP30,S2b,21,unique_equal,common_span,420,420,0.6142857142857143,low_grade,0.0308641975308641,0.0,0.9691358024691358,main_reference
L50_Ts120_Tr50p0_dT5_F1p0_LP30,S2b,21,unique_equal,grade_half,420,420,0.6142857142857143,low_grade,0.0308641975308641,0.0,0.9691358024691358,main_reference
L50_Ts120_Tr50p0_dT5_F1p0_LP30,S2b,21,unique_equal,grade_double,420,420,0.6142857142857143,low_grade,0.0308641975308641,0.0,0.9691358024691358,main_reference
L50_Ts120_Tr50p0_dT5_F1p0_LP30,S2b,21,physical_measure,baseline,420,420,0.4805097797602093,low_grade,0.030107764382379,0.0,0.9698922356176212,main_reference
L50_Ts120_Tr50p0_dT5_F1p0_LP30,S2b,21,physical_measure,common_5K,420,420,0.4805097797602093,low_grade,0.030107764382379,0.0,0.9698922356176212,main_reference
L50_Ts120_Tr50p0_dT5_F1p0_LP30,S2b,21,physical_measure,common_span,420,420,0.4805097797602093,low_grade,0.030107764382379,0.0,0.9698922356176212,main_reference
L50_Ts120_Tr50p0_dT5_F1p0_LP30,S2b,21,physical_measure,grade_half,420,420,0.4805097797602093,low_grade,0.030107764382379,0.0,0.9698922356176212,main_reference
L50_Ts120_Tr50p0_dT5_F1p0_LP30,S2b,21,physical_measure,grade_double,420,420,0.4805097797602093,low_grade,0.030107764382379,0.0,0.9698922356176212,main_reference
L50_Ts120_Tr60p0_dT5_F1p0_LP30,S1,21,raw_equal,baseline,20,20,0.7,high_grade,0.0,1.0,0.0,main_reference
L50_Ts120_Tr60p0_dT5_F1p0_LP30,S1,21,raw_equal,common_5K,20,20,0.7,high_grade,0.0,1.0,0.0,main_reference
L50_Ts120_Tr60p0_dT5_F1p0_LP30,S1,21,raw_equal,common_span,20,20,0.7,high_grade,0.0,1.0,0.0,main_reference
L50_Ts120_Tr60p0_dT5_F1p0_LP30,S1,21,raw_equal,grade_half,20,20,0.7,high_grade,0.0,1.0,0.0,main_reference
L50_Ts120_Tr60p0_dT5_F1p0_LP30,S1,21,raw_equal,grade_double,20,20,0.7,high_grade,0.0,1.0,0.0,main_reference
L50_Ts120_Tr60p0_dT5_F1p0_LP30,S1,21,unique_equal,baseline,20,20,0.7,high_grade,0.0,1.0,0.0,main_reference
L50_Ts120_Tr60p0_dT5_F1p0_LP30,S1,21,unique_equal,common_5K,20,20,0.7,high_grade,0.0,1.0,0.0,main_reference
L50_Ts120_Tr60p0_dT5_F1p0_LP30,S1,21,unique_equal,common_span,20,20,0.7,high_grade,0.0,1.0,0.0,main_reference
L50_Ts120_Tr60p0_dT5_F1p0_LP30,S1,21,unique_equal,grade_half,20,20,0.7,high_grade,0.0,1.0,0.0,main_reference
L50_Ts120_Tr60p0_dT5_F1p0_LP30,S1,21,unique_equal,grade_double,20,20,0.7,high_grade,0.0,1.0,0.0,main_reference
L50_Ts120_Tr60p0_dT5_F1p0_LP30,S1,21,physical_measure,baseline,20,20,0.717948717948718,high_grade,0.0,1.0,0.0,main_reference
L50_Ts120_Tr60p0_dT5_F1p0_LP30,S1,21,physical_measure,common_5K,20,20,0.717948717948718,high_grade,0.0,1.0,0.0,main_reference
L50_Ts120_Tr60p0_dT5_F1p0_LP30,S1,21,physical_measure,common_span,20,20,0.717948717948718,high_grade,0.0,1.0,0.0,main_reference
L50_Ts120_Tr60p0_dT5_F1p0_LP30,S1,21,physical_measure,grade_half,20,20,0.717948717948718,high_grade,0.0,1.0,0.0,main_reference
L50_Ts120_Tr60p0_dT5_F1p0_LP30,S1,21,physical_measure,grade_double,20,20,0.717948717948718,high_grade,0.0,1.0,0.0,main_reference
L50_Ts120_Tr60p0_dT5_F1p0_LP30,S2a,21,raw_equal,baseline,420,420,0.4095238095238095,low_grade,0.0,0.1169354838709677,0.8830645161290323,main_reference
L50_Ts120_Tr60p0_dT5_F1p0_LP30,S2a,21,raw_equal,common_5K,420,420,0.4095238095238095,low_grade,0.0,0.1169354838709677,0.8830645161290323,main_reference
L50_Ts120_Tr60p0_dT5_F1p0_LP30,S2a,21,raw_equal,common_span,420,420,0.4095238095238095,low_grade,0.0,0.1169354838709677,0.8830645161290323,main_reference
L50_Ts120_Tr60p0_dT5_F1p0_LP30,S2a,21,raw_equal,grade_half,420,420,0.4095238095238095,low_grade,0.0,0.1169354838709677,0.8830645161290323,main_reference
L50_Ts120_Tr60p0_dT5_F1p0_LP30,S2a,21,raw_equal,grade_double,420,420,0.4095238095238095,low_grade,0.0,0.1169354838709677,0.8830645161290323,main_reference
L50_Ts120_Tr60p0_dT5_F1p0_LP30,S2a,21,unique_equal,baseline,420,420,0.4095238095238095,low_grade,0.0,0.1169354838709677,0.8830645161290323,main_reference
L50_Ts120_Tr60p0_dT5_F1p0_LP30,S2a,21,unique_equal,common_5K,420,420,0.4095238095238095,low_grade,0.0,0.1169354838709677,0.8830645161290323,main_reference
L50_Ts120_Tr60p0_dT5_F1p0_LP30,S2a,21,unique_equal,common_span,420,420,0.4095238095238095,low_grade,0.0,0.1169354838709677,0.8830645161290323,main_reference
L50_Ts120_Tr60p0_dT5_F1p0_LP30,S2a,21,unique_equal,grade_half,420,420,0.4095238095238095,low_grade,0.0,0.1169354838709677,0.8830645161290323,main_reference
L50_Ts120_Tr60p0_dT5_F1p0_LP30,S2a,21,unique_equal,grade_double,420,420,0.4095238095238095,low_grade,0.0,0.1169354838709677,0.8830645161290323,main_reference
L50_Ts120_Tr60p0_dT5_F1p0_LP30,S2a,21,physical_measure,baseline,420,420,0.2237911514510849,low_grade,0.0,0.1403056363404703,0.8596943636595301,main_reference
L50_Ts120_Tr60p0_dT5_F1p0_LP30,S2a,21,physical_measure,common_5K,420,420,0.2237911514510849,low_grade,0.0,0.1403056363404703,0.8596943636595301,main_reference
L50_Ts120_Tr60p0_dT5_F1p0_LP30,S2a,21,physical_measure,common_span,420,420,0.2237911514510849,low_grade,0.0,0.1403056363404703,0.8596943636595301,main_reference
L50_Ts120_Tr60p0_dT5_F1p0_LP30,S2a,21,physical_measure,grade_half,420,420,0.2237911514510849,low_grade,0.0,0.1403056363404703,0.8596943636595301,main_reference
L50_Ts120_Tr60p0_dT5_F1p0_LP30,S2a,21,physical_measure,grade_double,420,420,0.2237911514510849,low_grade,0.0,0.1403056363404703,0.8596943636595301,main_reference
L50_Ts120_Tr60p0_dT5_F1p0_LP30,S2b,21,raw_equal,baseline,420,420,0.419047619047619,low_grade,0.0327868852459016,0.0,0.9672131147540984,main_reference
L50_Ts120_Tr60p0_dT5_F1p0_LP30,S2b,21,raw_equal,common_5K,420,420,0.419047619047619,low_grade,0.0573770491803278,0.0,0.9426229508196722,main_reference
L50_Ts120_Tr60p0_dT5_F1p0_LP30,S2b,21,raw_equal,common_span,420,420,0.419047619047619,low_grade,0.0573770491803278,0.0,0.9426229508196722,main_reference
L50_Ts120_Tr60p0_dT5_F1p0_LP30,S2b,21,raw_equal,grade_half,420,420,0.419047619047619,low_grade,0.0286885245901639,0.0,0.971311475409836,main_reference
L50_Ts120_Tr60p0_dT5_F1p0_LP30,S2b,21,raw_equal,grade_double,420,420,0.419047619047619,low_grade,0.0327868852459016,0.0,0.9672131147540984,main_reference
L50_Ts120_Tr60p0_dT5_F1p0_LP30,S2b,21,unique_equal,baseline,420,420,0.419047619047619,low_grade,0.0327868852459016,0.0,0.9672131147540984,main_reference
L50_Ts120_Tr60p0_dT5_F1p0_LP30,S2b,21,unique_equal,common_5K,420,420,0.419047619047619,low_grade,0.0573770491803278,0.0,0.9426229508196722,main_reference
L50_Ts120_Tr60p0_dT5_F1p0_LP30,S2b,21,unique_equal,common_span,420,420,0.419047619047619,low_grade,0.0573770491803278,0.0,0.9426229508196722,main_reference
L50_Ts120_Tr60p0_dT5_F1p0_LP30,S2b,21,unique_equal,grade_half,420,420,0.419047619047619,low_grade,0.0286885245901639,0.0,0.971311475409836,main_reference
L50_Ts120_Tr60p0_dT5_F1p0_LP30,S2b,21,unique_equal,grade_double,420,420,0.419047619047619,low_grade,0.0327868852459016,0.0,0.9672131147540984,main_reference
L50_Ts120_Tr60p0_dT5_F1p0_LP30,S2b,21,physical_measure,baseline,420,420,0.2513787178517052,low_grade,0.0370615117671026,0.0,0.962938488232897,main_reference
L50_Ts120_Tr60p0_dT5_F1p0_LP30,S2b,21,physical_measure,common_5K,420,420,0.2513787178517052,low_grade,0.0726920024078656,0.0,0.927307997592134,main_reference
L50_Ts120_Tr60p0_dT5_F1p0_LP30,S2b,21,physical_measure,common_span,420,420,0.2513787178517052,low_grade,0.0726920024078656,0.0,0.927307997592134,main_reference
L50_Ts120_Tr60p0_dT5_F1p0_LP30,S2b,21,physical_measure,grade_half,420,420,0.2513787178517052,low_grade,0.0331314886798806,0.0,0.966868511320119,main_reference
L50_Ts120_Tr60p0_dT5_F1p0_LP30,S2b,21,physical_measure,grade_double,420,420,0.2513787178517052,low_grade,0.0370615117671026,0.0,0.962938488232897,main_reference
L50_Ts130_Tr50p0_dT5_F1p0_LP30,S1,21,raw_equal,baseline,20,20,0.8,high_grade,0.0,1.0,0.0,main_reference
L50_Ts130_Tr50p0_dT5_F1p0_LP30,S1,21,raw_equal,common_5K,20,20,0.8,high_grade,0.0,1.0,0.0,main_reference
L50_Ts130_Tr50p0_dT5_F1p0_LP30,S1,21,raw_equal,common_span,20,20,0.8,high_grade,0.0,1.0,0.0,main_reference
L50_Ts130_Tr50p0_dT5_F1p0_LP30,S1,21,raw_equal,grade_half,20,20,0.8,high_grade,0.0,1.0,0.0,main_reference
L50_Ts130_Tr50p0_dT5_F1p0_LP30,S1,21,raw_equal,grade_double,20,20,0.8,high_grade,0.0,1.0,0.0,main_reference
L50_Ts130_Tr50p0_dT5_F1p0_LP30,S1,21,unique_equal,baseline,20,20,0.8,high_grade,0.0,1.0,0.0,main_reference
L50_Ts130_Tr50p0_dT5_F1p0_LP30,S1,21,unique_equal,common_5K,20,20,0.8,high_grade,0.0,1.0,0.0,main_reference
L50_Ts130_Tr50p0_dT5_F1p0_LP30,S1,21,unique_equal,common_span,20,20,0.8,high_grade,0.0,1.0,0.0,main_reference
L50_Ts130_Tr50p0_dT5_F1p0_LP30,S1,21,unique_equal,grade_half,20,20,0.8,high_grade,0.0,1.0,0.0,main_reference
L50_Ts130_Tr50p0_dT5_F1p0_LP30,S1,21,unique_equal,grade_double,20,20,0.8,high_grade,0.0,1.0,0.0,main_reference
L50_Ts130_Tr50p0_dT5_F1p0_LP30,S1,21,physical_measure,baseline,20,20,0.8205128205128205,high_grade,0.0,1.0,0.0,main_reference
L50_Ts130_Tr50p0_dT5_F1p0_LP30,S1,21,physical_measure,common_5K,20,20,0.8205128205128205,high_grade,0.0,1.0,0.0,main_reference
L50_Ts130_Tr50p0_dT5_F1p0_LP30,S1,21,physical_measure,common_span,20,20,0.8205128205128205,high_grade,0.0,1.0,0.0,main_reference
L50_Ts130_Tr50p0_dT5_F1p0_LP30,S1,21,physical_measure,grade_half,20,20,0.8205128205128205,high_grade,0.0,1.0,0.0,main_reference
L50_Ts130_Tr50p0_dT5_F1p0_LP30,S1,21,physical_measure,grade_double,20,20,0.8205128205128205,high_grade,0.0,1.0,0.0,main_reference
L50_Ts130_Tr50p0_dT5_F1p0_LP30,S2a,21,raw_equal,baseline,420,420,0.5976190476190476,low_grade,0.0,0.1065088757396449,0.893491124260355,main_reference
L50_Ts130_Tr50p0_dT5_F1p0_LP30,S2a,21,raw_equal,common_5K,420,420,0.5976190476190476,low_grade,0.0,0.1065088757396449,0.893491124260355,main_reference
L50_Ts130_Tr50p0_dT5_F1p0_LP30,S2a,21,raw_equal,common_span,420,420,0.5976190476190476,low_grade,0.0,0.1065088757396449,0.893491124260355,main_reference
L50_Ts130_Tr50p0_dT5_F1p0_LP30,S2a,21,raw_equal,grade_half,420,420,0.5976190476190476,low_grade,0.0,0.1065088757396449,0.893491124260355,main_reference
L50_Ts130_Tr50p0_dT5_F1p0_LP30,S2a,21,raw_equal,grade_double,420,420,0.5976190476190476,low_grade,0.0,0.1065088757396449,0.893491124260355,main_reference
L50_Ts130_Tr50p0_dT5_F1p0_LP30,S2a,21,unique_equal,baseline,420,420,0.5976190476190476,low_grade,0.0,0.1065088757396449,0.893491124260355,main_reference
L50_Ts130_Tr50p0_dT5_F1p0_LP30,S2a,21,unique_equal,common_5K,420,420,0.5976190476190476,low_grade,0.0,0.1065088757396449,0.893491124260355,main_reference
L50_Ts130_Tr50p0_dT5_F1p0_LP30,S2a,21,unique_equal,common_span,420,420,0.5976190476190476,low_grade,0.0,0.1065088757396449,0.893491124260355,main_reference
L50_Ts130_Tr50p0_dT5_F1p0_LP30,S2a,21,unique_equal,grade_half,420,420,0.5976190476190476,low_grade,0.0,0.1065088757396449,0.893491124260355,main_reference
L50_Ts130_Tr50p0_dT5_F1p0_LP30,S2a,21,unique_equal,grade_double,420,420,0.5976190476190476,low_grade,0.0,0.1065088757396449,0.893491124260355,main_reference
L50_Ts130_Tr50p0_dT5_F1p0_LP30,S2a,21,physical_measure,baseline,420,420,0.4352559612901197,low_grade,0.0,0.1167225828094948,0.8832774171905052,main_reference
L50_Ts130_Tr50p0_dT5_F1p0_LP30,S2a,21,physical_measure,common_5K,420,420,0.4352559612901197,low_grade,0.0,0.1167225828094948,0.8832774171905052,main_reference
L50_Ts130_Tr50p0_dT5_F1p0_LP30,S2a,21,physical_measure,common_span,420,420,0.4352559612901197,low_grade,0.0,0.1167225828094948,0.8832774171905052,main_reference
L50_Ts130_Tr50p0_dT5_F1p0_LP30,S2a,21,physical_measure,grade_half,420,420,0.4352559612901197,low_grade,0.0,0.1167225828094948,0.8832774171905052,main_reference
L50_Ts130_Tr50p0_dT5_F1p0_LP30,S2a,21,physical_measure,grade_double,420,420,0.4352559612901197,low_grade,0.0,0.1167225828094948,0.8832774171905052,main_reference
L50_Ts130_Tr50p0_dT5_F1p0_LP30,S2b,21,raw_equal,baseline,420,420,0.6261904761904762,low_grade,0.0,0.0,1.0,main_reference
L50_Ts130_Tr50p0_dT5_F1p0_LP30,S2b,21,raw_equal,common_5K,420,420,0.6261904761904762,low_grade,0.0,0.0,1.0,main_reference
L50_Ts130_Tr50p0_dT5_F1p0_LP30,S2b,21,raw_equal,common_span,420,420,0.6261904761904762,low_grade,0.0,0.0,1.0,main_reference
L50_Ts130_Tr50p0_dT5_F1p0_LP30,S2b,21,raw_equal,grade_half,420,420,0.6261904761904762,low_grade,0.0,0.0,1.0,main_reference
L50_Ts130_Tr50p0_dT5_F1p0_LP30,S2b,21,raw_equal,grade_double,420,420,0.6261904761904762,low_grade,0.0,0.0,1.0,main_reference
L50_Ts130_Tr50p0_dT5_F1p0_LP30,S2b,21,unique_equal,baseline,420,420,0.6261904761904762,low_grade,0.0,0.0,1.0,main_reference
L50_Ts130_Tr50p0_dT5_F1p0_LP30,S2b,21,unique_equal,common_5K,420,420,0.6261904761904762,low_grade,0.0,0.0,1.0,main_reference
L50_Ts130_Tr50p0_dT5_F1p0_LP30,S2b,21,unique_equal,common_span,420,420,0.6261904761904762,low_grade,0.0,0.0,1.0,main_reference
L50_Ts130_Tr50p0_dT5_F1p0_LP30,S2b,21,unique_equal,grade_half,420,420,0.6261904761904762,low_grade,0.0,0.0,1.0,main_reference
L50_Ts130_Tr50p0_dT5_F1p0_LP30,S2b,21,unique_equal,grade_double,420,420,0.6261904761904762,low_grade,0.0,0.0,1.0,main_reference
L50_Ts130_Tr50p0_dT5_F1p0_LP30,S2b,21,physical_measure,baseline,420,420,0.4961504689101393,low_grade,0.0,0.0,1.0000000000000004,main_reference
L50_Ts130_Tr50p0_dT5_F1p0_LP30,S2b,21,physical_measure,common_5K,420,420,0.4961504689101393,low_grade,0.0,0.0,1.0000000000000004,main_reference
L50_Ts130_Tr50p0_dT5_F1p0_LP30,S2b,21,physical_measure,common_span,420,420,0.4961504689101393,low_grade,0.0,0.0,1.0000000000000004,main_reference
L50_Ts130_Tr50p0_dT5_F1p0_LP30,S2b,21,physical_measure,grade_half,420,420,0.4961504689101393,low_grade,0.0,0.0,1.0000000000000004,main_reference
L50_Ts130_Tr50p0_dT5_F1p0_LP30,S2b,21,physical_measure,grade_double,420,420,0.4961504689101393,low_grade,0.0,0.0,1.0000000000000004,main_reference
L50_Ts130_Tr60p0_dT5_F1p0_LP30,S1,21,raw_equal,baseline,20,20,0.7,high_grade,0.0,1.0,0.0,main_reference
L50_Ts130_Tr60p0_dT5_F1p0_LP30,S1,21,raw_equal,common_5K,20,20,0.7,high_grade,0.0,1.0,0.0,main_reference
L50_Ts130_Tr60p0_dT5_F1p0_LP30,S1,21,raw_equal,common_span,20,20,0.7,high_grade,0.0,1.0,0.0,main_reference
L50_Ts130_Tr60p0_dT5_F1p0_LP30,S1,21,raw_equal,grade_half,20,20,0.7,high_grade,0.0,1.0,0.0,main_reference
L50_Ts130_Tr60p0_dT5_F1p0_LP30,S1,21,raw_equal,grade_double,20,20,0.7,high_grade,0.0,1.0,0.0,main_reference
L50_Ts130_Tr60p0_dT5_F1p0_LP30,S1,21,unique_equal,baseline,20,20,0.7,high_grade,0.0,1.0,0.0,main_reference
L50_Ts130_Tr60p0_dT5_F1p0_LP30,S1,21,unique_equal,common_5K,20,20,0.7,high_grade,0.0,1.0,0.0,main_reference
L50_Ts130_Tr60p0_dT5_F1p0_LP30,S1,21,unique_equal,common_span,20,20,0.7,high_grade,0.0,1.0,0.0,main_reference
L50_Ts130_Tr60p0_dT5_F1p0_LP30,S1,21,unique_equal,grade_half,20,20,0.7,high_grade,0.0,1.0,0.0,main_reference
L50_Ts130_Tr60p0_dT5_F1p0_LP30,S1,21,unique_equal,grade_double,20,20,0.7,high_grade,0.0,1.0,0.0,main_reference
L50_Ts130_Tr60p0_dT5_F1p0_LP30,S1,21,physical_measure,baseline,20,20,0.717948717948718,high_grade,0.0,1.0,0.0,main_reference
L50_Ts130_Tr60p0_dT5_F1p0_LP30,S1,21,physical_measure,common_5K,20,20,0.717948717948718,high_grade,0.0,1.0,0.0,main_reference
L50_Ts130_Tr60p0_dT5_F1p0_LP30,S1,21,physical_measure,common_span,20,20,0.717948717948718,high_grade,0.0,1.0,0.0,main_reference
L50_Ts130_Tr60p0_dT5_F1p0_LP30,S1,21,physical_measure,grade_half,20,20,0.717948717948718,high_grade,0.0,1.0,0.0,main_reference
L50_Ts130_Tr60p0_dT5_F1p0_LP30,S1,21,physical_measure,grade_double,20,20,0.717948717948718,high_grade,0.0,1.0,0.0,main_reference
L50_Ts130_Tr60p0_dT5_F1p0_LP30,S2a,21,raw_equal,baseline,420,420,0.4095238095238095,low_grade,0.0,0.1169354838709677,0.8830645161290323,main_reference
L50_Ts130_Tr60p0_dT5_F1p0_LP30,S2a,21,raw_equal,common_5K,420,420,0.4095238095238095,low_grade,0.0,0.1169354838709677,0.8830645161290323,main_reference
L50_Ts130_Tr60p0_dT5_F1p0_LP30,S2a,21,raw_equal,common_span,420,420,0.4095238095238095,low_grade,0.0,0.1169354838709677,0.8830645161290323,main_reference
L50_Ts130_Tr60p0_dT5_F1p0_LP30,S2a,21,raw_equal,grade_half,420,420,0.4095238095238095,low_grade,0.0,0.1169354838709677,0.8830645161290323,main_reference
L50_Ts130_Tr60p0_dT5_F1p0_LP30,S2a,21,raw_equal,grade_double,420,420,0.4095238095238095,low_grade,0.0,0.1169354838709677,0.8830645161290323,main_reference
L50_Ts130_Tr60p0_dT5_F1p0_LP30,S2a,21,unique_equal,baseline,420,420,0.4095238095238095,low_grade,0.0,0.1169354838709677,0.8830645161290323,main_reference
L50_Ts130_Tr60p0_dT5_F1p0_LP30,S2a,21,unique_equal,common_5K,420,420,0.4095238095238095,low_grade,0.0,0.1169354838709677,0.8830645161290323,main_reference
L50_Ts130_Tr60p0_dT5_F1p0_LP30,S2a,21,unique_equal,common_span,420,420,0.4095238095238095,low_grade,0.0,0.1169354838709677,0.8830645161290323,main_reference
L50_Ts130_Tr60p0_dT5_F1p0_LP30,S2a,21,unique_equal,grade_half,420,420,0.4095238095238095,low_grade,0.0,0.1169354838709677,0.8830645161290323,main_reference
L50_Ts130_Tr60p0_dT5_F1p0_LP30,S2a,21,unique_equal,grade_double,420,420,0.4095238095238095,low_grade,0.0,0.1169354838709677,0.8830645161290323,main_reference
L50_Ts130_Tr60p0_dT5_F1p0_LP30,S2a,21,physical_measure,baseline,420,420,0.2237911514510849,low_grade,0.0,0.1403056363404703,0.8596943636595301,main_reference
L50_Ts130_Tr60p0_dT5_F1p0_LP30,S2a,21,physical_measure,common_5K,420,420,0.2237911514510849,low_grade,0.0,0.1403056363404703,0.8596943636595301,main_reference
L50_Ts130_Tr60p0_dT5_F1p0_LP30,S2a,21,physical_measure,common_span,420,420,0.2237911514510849,low_grade,0.0,0.1403056363404703,0.8596943636595301,main_reference
L50_Ts130_Tr60p0_dT5_F1p0_LP30,S2a,21,physical_measure,grade_half,420,420,0.2237911514510849,low_grade,0.0,0.1403056363404703,0.8596943636595301,main_reference
L50_Ts130_Tr60p0_dT5_F1p0_LP30,S2a,21,physical_measure,grade_double,420,420,0.2237911514510849,low_grade,0.0,0.1403056363404703,0.8596943636595301,main_reference
L50_Ts130_Tr60p0_dT5_F1p0_LP30,S2b,21,raw_equal,baseline,420,420,0.430952380952381,low_grade,0.00836820083682,0.0,0.99163179916318,main_reference
L50_Ts130_Tr60p0_dT5_F1p0_LP30,S2b,21,raw_equal,common_5K,420,420,0.430952380952381,low_grade,0.0125523012552301,0.0,0.98744769874477,main_reference
L50_Ts130_Tr60p0_dT5_F1p0_LP30,S2b,21,raw_equal,common_span,420,420,0.430952380952381,low_grade,0.0125523012552301,0.0,0.98744769874477,main_reference
L50_Ts130_Tr60p0_dT5_F1p0_LP30,S2b,21,raw_equal,grade_half,420,420,0.430952380952381,low_grade,0.00836820083682,0.0,0.99163179916318,main_reference
L50_Ts130_Tr60p0_dT5_F1p0_LP30,S2b,21,raw_equal,grade_double,420,420,0.430952380952381,low_grade,0.00836820083682,0.0,0.99163179916318,main_reference
L50_Ts130_Tr60p0_dT5_F1p0_LP30,S2b,21,unique_equal,baseline,420,420,0.430952380952381,low_grade,0.00836820083682,0.0,0.99163179916318,main_reference
L50_Ts130_Tr60p0_dT5_F1p0_LP30,S2b,21,unique_equal,common_5K,420,420,0.430952380952381,low_grade,0.0125523012552301,0.0,0.98744769874477,main_reference
L50_Ts130_Tr60p0_dT5_F1p0_LP30,S2b,21,unique_equal,common_span,420,420,0.430952380952381,low_grade,0.0125523012552301,0.0,0.98744769874477,main_reference
L50_Ts130_Tr60p0_dT5_F1p0_LP30,S2b,21,unique_equal,grade_half,420,420,0.430952380952381,low_grade,0.00836820083682,0.0,0.99163179916318,main_reference
L50_Ts130_Tr60p0_dT5_F1p0_LP30,S2b,21,unique_equal,grade_double,420,420,0.430952380952381,low_grade,0.00836820083682,0.0,0.99163179916318,main_reference
L50_Ts130_Tr60p0_dT5_F1p0_LP30,S2b,21,physical_measure,baseline,420,420,0.2691986044100581,low_grade,0.0095553333898931,0.0,0.9904446666101064,main_reference
L50_Ts130_Tr60p0_dT5_F1p0_LP30,S2b,21,physical_measure,common_5K,420,420,0.2691986044100581,low_grade,0.0135811862962815,0.0,0.986418813703718,main_reference
L50_Ts130_Tr60p0_dT5_F1p0_LP30,S2b,21,physical_measure,common_span,420,420,0.2691986044100581,low_grade,0.0135811862962815,0.0,0.986418813703718,main_reference
L50_Ts130_Tr60p0_dT5_F1p0_LP30,S2b,21,physical_measure,grade_half,420,420,0.2691986044100581,low_grade,0.0095553333898931,0.0,0.9904446666101064,main_reference
L50_Ts130_Tr60p0_dT5_F1p0_LP30,S2b,21,physical_measure,grade_double,420,420,0.2691986044100581,low_grade,0.0095553333898931,0.0,0.9904446666101064,main_reference
L75_Ts120_Tr50p0_dT5_F1p0_LP30,S1,21,raw_equal,baseline,20,20,0.4499999999999999,high_grade,0.0909090909090909,0.9090909090909092,0.0,main_reference
L75_Ts120_Tr50p0_dT5_F1p0_LP30,S1,21,raw_equal,common_5K,20,20,0.4499999999999999,high_grade,0.1818181818181818,0.8181818181818182,0.0,main_reference
L75_Ts120_Tr50p0_dT5_F1p0_LP30,S1,21,raw_equal,common_span,20,20,0.4499999999999999,high_grade,0.1818181818181818,0.8181818181818182,0.0,main_reference
L75_Ts120_Tr50p0_dT5_F1p0_LP30,S1,21,raw_equal,grade_half,20,20,0.4499999999999999,high_grade,0.0909090909090909,0.9090909090909092,0.0,main_reference
L75_Ts120_Tr50p0_dT5_F1p0_LP30,S1,21,raw_equal,grade_double,20,20,0.4499999999999999,high_grade,0.0909090909090909,0.9090909090909092,0.0,main_reference
L75_Ts120_Tr50p0_dT5_F1p0_LP30,S1,21,unique_equal,baseline,20,20,0.4499999999999999,high_grade,0.0909090909090909,0.9090909090909092,0.0,main_reference
L75_Ts120_Tr50p0_dT5_F1p0_LP30,S1,21,unique_equal,common_5K,20,20,0.4499999999999999,high_grade,0.1818181818181818,0.8181818181818182,0.0,main_reference
L75_Ts120_Tr50p0_dT5_F1p0_LP30,S1,21,unique_equal,common_span,20,20,0.4499999999999999,high_grade,0.1818181818181818,0.8181818181818182,0.0,main_reference
L75_Ts120_Tr50p0_dT5_F1p0_LP30,S1,21,unique_equal,grade_half,20,20,0.4499999999999999,high_grade,0.0909090909090909,0.9090909090909092,0.0,main_reference
L75_Ts120_Tr50p0_dT5_F1p0_LP30,S1,21,unique_equal,grade_double,20,20,0.4499999999999999,high_grade,0.0909090909090909,0.9090909090909092,0.0,main_reference
L75_Ts120_Tr50p0_dT5_F1p0_LP30,S1,21,physical_measure,baseline,20,20,0.4615384615384615,high_grade,0.0952380952380952,0.9047619047619048,0.0,main_reference
L75_Ts120_Tr50p0_dT5_F1p0_LP30,S1,21,physical_measure,common_5K,20,20,0.4615384615384615,high_grade,0.1904761904761904,0.8095238095238095,0.0,main_reference
L75_Ts120_Tr50p0_dT5_F1p0_LP30,S1,21,physical_measure,common_span,20,20,0.4615384615384615,high_grade,0.1904761904761904,0.8095238095238095,0.0,main_reference
L75_Ts120_Tr50p0_dT5_F1p0_LP30,S1,21,physical_measure,grade_half,20,20,0.4615384615384615,high_grade,0.0952380952380952,0.9047619047619048,0.0,main_reference
L75_Ts120_Tr50p0_dT5_F1p0_LP30,S1,21,physical_measure,grade_double,20,20,0.4615384615384615,high_grade,0.0952380952380952,0.9047619047619048,0.0,main_reference
L75_Ts120_Tr50p0_dT5_F1p0_LP30,S2a,21,raw_equal,baseline,420,420,0.3761904761904762,low_grade,0.0190839694656488,0.366412213740458,0.6145038167938931,main_reference
L75_Ts120_Tr50p0_dT5_F1p0_LP30,S2a,21,raw_equal,common_5K,420,420,0.3761904761904762,low_grade,0.2251908396946564,0.1984732824427481,0.5763358778625954,main_reference
L75_Ts120_Tr50p0_dT5_F1p0_LP30,S2a,21,raw_equal,common_span,420,420,0.3761904761904762,low_grade,0.2251908396946564,0.1984732824427481,0.5763358778625954,main_reference
L75_Ts120_Tr50p0_dT5_F1p0_LP30,S2a,21,raw_equal,grade_half,420,420,0.3761904761904762,low_grade,0.0190839694656488,0.366412213740458,0.6145038167938931,main_reference
L75_Ts120_Tr50p0_dT5_F1p0_LP30,S2a,21,raw_equal,grade_double,420,420,0.3761904761904762,low_grade,0.0229007633587786,0.366412213740458,0.6106870229007634,main_reference
L75_Ts120_Tr50p0_dT5_F1p0_LP30,S2a,21,unique_equal,baseline,420,420,0.3761904761904762,low_grade,0.0190839694656488,0.366412213740458,0.6145038167938931,main_reference
L75_Ts120_Tr50p0_dT5_F1p0_LP30,S2a,21,unique_equal,common_5K,420,420,0.3761904761904762,low_grade,0.2251908396946564,0.1984732824427481,0.5763358778625954,main_reference
L75_Ts120_Tr50p0_dT5_F1p0_LP30,S2a,21,unique_equal,common_span,420,420,0.3761904761904762,low_grade,0.2251908396946564,0.1984732824427481,0.5763358778625954,main_reference
L75_Ts120_Tr50p0_dT5_F1p0_LP30,S2a,21,unique_equal,grade_half,420,420,0.3761904761904762,low_grade,0.0190839694656488,0.366412213740458,0.6145038167938931,main_reference
L75_Ts120_Tr50p0_dT5_F1p0_LP30,S2a,21,unique_equal,grade_double,420,420,0.3761904761904762,low_grade,0.0229007633587786,0.366412213740458,0.6106870229007634,main_reference
L75_Ts120_Tr50p0_dT5_F1p0_LP30,S2a,21,physical_measure,baseline,420,420,0.1754169517832118,low_grade,0.0148612426406156,0.427451315572159,0.5576874417872254,main_reference
L75_Ts120_Tr50p0_dT5_F1p0_LP30,S2a,21,physical_measure,common_5K,420,420,0.1754169517832118,low_grade,0.248236624700454,0.2363150681223371,0.5154483071772089,main_reference
L75_Ts120_Tr50p0_dT5_F1p0_LP30,S2a,21,physical_measure,common_span,420,420,0.1754169517832118,low_grade,0.248236624700454,0.2363150681223371,0.5154483071772089,main_reference
L75_Ts120_Tr50p0_dT5_F1p0_LP30,S2a,21,physical_measure,grade_half,420,420,0.1754169517832118,low_grade,0.0148612426406156,0.427451315572159,0.5576874417872254,main_reference
L75_Ts120_Tr50p0_dT5_F1p0_LP30,S2a,21,physical_measure,grade_double,420,420,0.1754169517832118,low_grade,0.0182826598251718,0.427451315572159,0.5542660246026693,main_reference
L75_Ts120_Tr50p0_dT5_F1p0_LP30,S2b,21,raw_equal,baseline,420,420,0.3571428571428571,low_grade,0.1185185185185185,0.1555555555555555,0.725925925925926,main_reference
L75_Ts120_Tr50p0_dT5_F1p0_LP30,S2b,21,raw_equal,common_5K,420,420,0.3571428571428571,low_grade,0.4592592592592592,0.0,0.5407407407407407,main_reference
L75_Ts120_Tr50p0_dT5_F1p0_LP30,S2b,21,raw_equal,common_span,420,420,0.3571428571428571,low_grade,0.4592592592592592,0.0,0.5407407407407407,main_reference
L75_Ts120_Tr50p0_dT5_F1p0_LP30,S2b,21,raw_equal,grade_half,420,420,0.3571428571428571,low_grade,0.1111111111111111,0.1592592592592592,0.7296296296296296,main_reference
L75_Ts120_Tr50p0_dT5_F1p0_LP30,S2b,21,raw_equal,grade_double,420,420,0.3571428571428571,low_grade,0.1296296296296296,0.1518518518518518,0.7185185185185186,main_reference
L75_Ts120_Tr50p0_dT5_F1p0_LP30,S2b,21,unique_equal,baseline,420,420,0.3571428571428571,low_grade,0.1185185185185185,0.1555555555555555,0.725925925925926,main_reference
L75_Ts120_Tr50p0_dT5_F1p0_LP30,S2b,21,unique_equal,common_5K,420,420,0.3571428571428571,low_grade,0.4592592592592592,0.0,0.5407407407407407,main_reference
L75_Ts120_Tr50p0_dT5_F1p0_LP30,S2b,21,unique_equal,common_span,420,420,0.3571428571428571,low_grade,0.4592592592592592,0.0,0.5407407407407407,main_reference
L75_Ts120_Tr50p0_dT5_F1p0_LP30,S2b,21,unique_equal,grade_half,420,420,0.3571428571428571,low_grade,0.1111111111111111,0.1592592592592592,0.7296296296296296,main_reference
L75_Ts120_Tr50p0_dT5_F1p0_LP30,S2b,21,unique_equal,grade_double,420,420,0.3571428571428571,low_grade,0.1296296296296296,0.1518518518518518,0.7185185185185186,main_reference
L75_Ts120_Tr50p0_dT5_F1p0_LP30,S2b,21,physical_measure,baseline,420,420,0.1598947223745144,low_grade,0.1138918337247492,0.20455820986908,0.681549956406171,main_reference
L75_Ts120_Tr50p0_dT5_F1p0_LP30,S2b,21,physical_measure,common_5K,420,420,0.1598947223745144,supply,0.5451423918563277,0.0,0.4548576081436724,main_reference
L75_Ts120_Tr50p0_dT5_F1p0_LP30,S2b,21,physical_measure,common_span,420,420,0.1598947223745144,supply,0.5451423918563277,0.0,0.4548576081436724,main_reference
L75_Ts120_Tr50p0_dT5_F1p0_LP30,S2b,21,physical_measure,grade_half,420,420,0.1598947223745144,low_grade,0.1048617497818012,0.2093371531047825,0.6858010971134165,main_reference
L75_Ts120_Tr50p0_dT5_F1p0_LP30,S2b,21,physical_measure,grade_double,420,420,0.1598947223745144,low_grade,0.127196430269293,0.1996738805400897,0.6731296891906176,main_reference
L75_Ts120_Tr60p0_dT5_F1p0_LP30,S1,21,raw_equal,baseline,20,20,0.4,high_grade,0.0833333333333333,0.9166666666666666,0.0,main_reference
L75_Ts120_Tr60p0_dT5_F1p0_LP30,S1,21,raw_equal,common_5K,20,20,0.4,high_grade,0.25,0.75,0.0,main_reference
L75_Ts120_Tr60p0_dT5_F1p0_LP30,S1,21,raw_equal,common_span,20,20,0.4,high_grade,0.25,0.75,0.0,main_reference
L75_Ts120_Tr60p0_dT5_F1p0_LP30,S1,21,raw_equal,grade_half,20,20,0.4,high_grade,0.0833333333333333,0.9166666666666666,0.0,main_reference
L75_Ts120_Tr60p0_dT5_F1p0_LP30,S1,21,raw_equal,grade_double,20,20,0.4,high_grade,0.0833333333333333,0.9166666666666666,0.0,main_reference
L75_Ts120_Tr60p0_dT5_F1p0_LP30,S1,21,unique_equal,baseline,20,20,0.4,high_grade,0.0833333333333333,0.9166666666666666,0.0,main_reference
L75_Ts120_Tr60p0_dT5_F1p0_LP30,S1,21,unique_equal,common_5K,20,20,0.4,high_grade,0.25,0.75,0.0,main_reference
L75_Ts120_Tr60p0_dT5_F1p0_LP30,S1,21,unique_equal,common_span,20,20,0.4,high_grade,0.25,0.75,0.0,main_reference
L75_Ts120_Tr60p0_dT5_F1p0_LP30,S1,21,unique_equal,grade_half,20,20,0.4,high_grade,0.0833333333333333,0.9166666666666666,0.0,main_reference
L75_Ts120_Tr60p0_dT5_F1p0_LP30,S1,21,unique_equal,grade_double,20,20,0.4,high_grade,0.0833333333333333,0.9166666666666666,0.0,main_reference
L75_Ts120_Tr60p0_dT5_F1p0_LP30,S1,21,physical_measure,baseline,20,20,0.4102564102564102,high_grade,0.0869565217391304,0.9130434782608696,0.0,main_reference
L75_Ts120_Tr60p0_dT5_F1p0_LP30,S1,21,physical_measure,common_5K,20,20,0.4102564102564102,high_grade,0.2608695652173913,0.7391304347826086,0.0,main_reference
L75_Ts120_Tr60p0_dT5_F1p0_LP30,S1,21,physical_measure,common_span,20,20,0.4102564102564102,high_grade,0.2608695652173913,0.7391304347826086,0.0,main_reference
L75_Ts120_Tr60p0_dT5_F1p0_LP30,S1,21,physical_measure,grade_half,20,20,0.4102564102564102,high_grade,0.0869565217391304,0.9130434782608696,0.0,main_reference
L75_Ts120_Tr60p0_dT5_F1p0_LP30,S1,21,physical_measure,grade_double,20,20,0.4102564102564102,high_grade,0.0869565217391304,0.9130434782608696,0.0,main_reference
L75_Ts120_Tr60p0_dT5_F1p0_LP30,S2a,21,raw_equal,baseline,420,420,0.2928571428571428,low_grade,0.0202020202020202,0.3468013468013468,0.632996632996633,main_reference
L75_Ts120_Tr60p0_dT5_F1p0_LP30,S2a,21,raw_equal,common_5K,420,420,0.2928571428571428,low_grade,0.2356902356902357,0.1750841750841751,0.5892255892255892,main_reference
L75_Ts120_Tr60p0_dT5_F1p0_LP30,S2a,21,raw_equal,common_span,420,420,0.2928571428571428,low_grade,0.2356902356902357,0.1750841750841751,0.5892255892255892,main_reference
L75_Ts120_Tr60p0_dT5_F1p0_LP30,S2a,21,raw_equal,grade_half,420,420,0.2928571428571428,low_grade,0.0202020202020202,0.3468013468013468,0.632996632996633,main_reference
L75_Ts120_Tr60p0_dT5_F1p0_LP30,S2a,21,raw_equal,grade_double,420,420,0.2928571428571428,low_grade,0.0202020202020202,0.3468013468013468,0.632996632996633,main_reference
L75_Ts120_Tr60p0_dT5_F1p0_LP30,S2a,21,unique_equal,baseline,420,420,0.2928571428571428,low_grade,0.0202020202020202,0.3468013468013468,0.632996632996633,main_reference
L75_Ts120_Tr60p0_dT5_F1p0_LP30,S2a,21,unique_equal,common_5K,420,420,0.2928571428571428,low_grade,0.2356902356902357,0.1750841750841751,0.5892255892255892,main_reference
L75_Ts120_Tr60p0_dT5_F1p0_LP30,S2a,21,unique_equal,common_span,420,420,0.2928571428571428,low_grade,0.2356902356902357,0.1750841750841751,0.5892255892255892,main_reference
L75_Ts120_Tr60p0_dT5_F1p0_LP30,S2a,21,unique_equal,grade_half,420,420,0.2928571428571428,low_grade,0.0202020202020202,0.3468013468013468,0.632996632996633,main_reference
L75_Ts120_Tr60p0_dT5_F1p0_LP30,S2a,21,unique_equal,grade_double,420,420,0.2928571428571428,low_grade,0.0202020202020202,0.3468013468013468,0.632996632996633,main_reference
L75_Ts120_Tr60p0_dT5_F1p0_LP30,S2a,21,physical_measure,baseline,420,420,0.1129623450301038,low_grade,0.0148701124918175,0.4170874206394224,0.5680424668687599,main_reference
L75_Ts120_Tr60p0_dT5_F1p0_LP30,S2a,21,physical_measure,common_5K,420,420,0.1129623450301038,low_grade,0.2599816577758542,0.2196765809434412,0.5203417612807043,main_reference
L75_Ts120_Tr60p0_dT5_F1p0_LP30,S2a,21,physical_measure,common_span,420,420,0.1129623450301038,low_grade,0.2599816577758542,0.2196765809434412,0.5203417612807043,main_reference
L75_Ts120_Tr60p0_dT5_F1p0_LP30,S2a,21,physical_measure,grade_half,420,420,0.1129623450301038,low_grade,0.0148701124918175,0.4170874206394224,0.5680424668687599,main_reference
L75_Ts120_Tr60p0_dT5_F1p0_LP30,S2a,21,physical_measure,grade_double,420,420,0.1129623450301038,low_grade,0.0148701124918175,0.4170874206394224,0.5680424668687599,main_reference
L75_Ts120_Tr60p0_dT5_F1p0_LP30,S2b,21,raw_equal,baseline,420,420,0.2690476190476191,low_grade,0.0879478827361563,0.1498371335504886,0.762214983713355,main_reference
L75_Ts120_Tr60p0_dT5_F1p0_LP30,S2b,21,raw_equal,common_5K,420,420,0.2690476190476191,low_grade,0.4397394136807817,0.0,0.5602605863192183,main_reference
L75_Ts120_Tr60p0_dT5_F1p0_LP30,S2b,21,raw_equal,common_span,420,420,0.2690476190476191,low_grade,0.4397394136807817,0.0,0.5602605863192183,main_reference
L75_Ts120_Tr60p0_dT5_F1p0_LP30,S2b,21,raw_equal,grade_half,420,420,0.2690476190476191,low_grade,0.0846905537459283,0.1530944625407166,0.762214983713355,main_reference
L75_Ts120_Tr60p0_dT5_F1p0_LP30,S2b,21,raw_equal,grade_double,420,420,0.2690476190476191,low_grade,0.1009771986970684,0.1465798045602606,0.752442996742671,main_reference
L75_Ts120_Tr60p0_dT5_F1p0_LP30,S2b,21,unique_equal,baseline,420,420,0.2690476190476191,low_grade,0.0879478827361563,0.1498371335504886,0.762214983713355,main_reference
L75_Ts120_Tr60p0_dT5_F1p0_LP30,S2b,21,unique_equal,common_5K,420,420,0.2690476190476191,low_grade,0.4397394136807817,0.0,0.5602605863192183,main_reference
L75_Ts120_Tr60p0_dT5_F1p0_LP30,S2b,21,unique_equal,common_span,420,420,0.2690476190476191,low_grade,0.4397394136807817,0.0,0.5602605863192183,main_reference
L75_Ts120_Tr60p0_dT5_F1p0_LP30,S2b,21,unique_equal,grade_half,420,420,0.2690476190476191,low_grade,0.0846905537459283,0.1530944625407166,0.762214983713355,main_reference
L75_Ts120_Tr60p0_dT5_F1p0_LP30,S2b,21,unique_equal,grade_double,420,420,0.2690476190476191,low_grade,0.1009771986970684,0.1465798045602606,0.752442996742671,main_reference
L75_Ts120_Tr60p0_dT5_F1p0_LP30,S2b,21,physical_measure,baseline,420,420,0.0973903930593153,low_grade,0.0780137070238921,0.2055029558773235,0.7164833370987848,main_reference
L75_Ts120_Tr60p0_dT5_F1p0_LP30,S2b,21,physical_measure,common_5K,420,420,0.0973903930593153,supply,0.5351232380222531,0.0,0.4648767619777467,main_reference
L75_Ts120_Tr60p0_dT5_F1p0_LP30,S2b,21,physical_measure,common_span,420,420,0.0973903930593153,supply,0.5351232380222531,0.0,0.4648767619777467,main_reference
L75_Ts120_Tr60p0_dT5_F1p0_LP30,S2b,21,physical_measure,grade_half,420,420,0.0973903930593153,low_grade,0.0738834131802032,0.2096332497210124,0.7164833370987848,main_reference
L75_Ts120_Tr60p0_dT5_F1p0_LP30,S2b,21,physical_measure,grade_double,420,420,0.0973903930593153,low_grade,0.0930520645884229,0.2012815800703535,0.7056663553412239,main_reference
L75_Ts130_Tr50p0_dT5_F1p0_LP30,S1,21,raw_equal,baseline,20,20,0.5,high_grade,0.0,1.0,0.0,main_reference
L75_Ts130_Tr50p0_dT5_F1p0_LP30,S1,21,raw_equal,common_5K,20,20,0.5,high_grade,0.0,1.0,0.0,main_reference
L75_Ts130_Tr50p0_dT5_F1p0_LP30,S1,21,raw_equal,common_span,20,20,0.5,high_grade,0.0,1.0,0.0,main_reference
L75_Ts130_Tr50p0_dT5_F1p0_LP30,S1,21,raw_equal,grade_half,20,20,0.5,high_grade,0.0,1.0,0.0,main_reference
L75_Ts130_Tr50p0_dT5_F1p0_LP30,S1,21,raw_equal,grade_double,20,20,0.5,high_grade,0.0,1.0,0.0,main_reference
L75_Ts130_Tr50p0_dT5_F1p0_LP30,S1,21,unique_equal,baseline,20,20,0.5,high_grade,0.0,1.0,0.0,main_reference
L75_Ts130_Tr50p0_dT5_F1p0_LP30,S1,21,unique_equal,common_5K,20,20,0.5,high_grade,0.0,1.0,0.0,main_reference
L75_Ts130_Tr50p0_dT5_F1p0_LP30,S1,21,unique_equal,common_span,20,20,0.5,high_grade,0.0,1.0,0.0,main_reference
L75_Ts130_Tr50p0_dT5_F1p0_LP30,S1,21,unique_equal,grade_half,20,20,0.5,high_grade,0.0,1.0,0.0,main_reference
L75_Ts130_Tr50p0_dT5_F1p0_LP30,S1,21,unique_equal,grade_double,20,20,0.5,high_grade,0.0,1.0,0.0,main_reference
L75_Ts130_Tr50p0_dT5_F1p0_LP30,S1,21,physical_measure,baseline,20,20,0.5128205128205128,high_grade,0.0,1.0,0.0,main_reference
L75_Ts130_Tr50p0_dT5_F1p0_LP30,S1,21,physical_measure,common_5K,20,20,0.5128205128205128,high_grade,0.0,1.0,0.0,main_reference
L75_Ts130_Tr50p0_dT5_F1p0_LP30,S1,21,physical_measure,common_span,20,20,0.5128205128205128,high_grade,0.0,1.0,0.0,main_reference
L75_Ts130_Tr50p0_dT5_F1p0_LP30,S1,21,physical_measure,grade_half,20,20,0.5128205128205128,high_grade,0.0,1.0,0.0,main_reference
L75_Ts130_Tr50p0_dT5_F1p0_LP30,S1,21,physical_measure,grade_double,20,20,0.5128205128205128,high_grade,0.0,1.0,0.0,main_reference
L75_Ts130_Tr50p0_dT5_F1p0_LP30,S2a,21,raw_equal,baseline,420,420,0.3857142857142857,low_grade,0.0,0.375968992248062,0.624031007751938,main_reference
L75_Ts130_Tr50p0_dT5_F1p0_LP30,S2a,21,raw_equal,common_5K,420,420,0.3857142857142857,low_grade,0.0,0.375968992248062,0.624031007751938,main_reference
L75_Ts130_Tr50p0_dT5_F1p0_LP30,S2a,21,raw_equal,common_span,420,420,0.3857142857142857,low_grade,0.0,0.375968992248062,0.624031007751938,main_reference
L75_Ts130_Tr50p0_dT5_F1p0_LP30,S2a,21,raw_equal,grade_half,420,420,0.3857142857142857,low_grade,0.0,0.375968992248062,0.624031007751938,main_reference
L75_Ts130_Tr50p0_dT5_F1p0_LP30,S2a,21,raw_equal,grade_double,420,420,0.3857142857142857,low_grade,0.0,0.375968992248062,0.624031007751938,main_reference
L75_Ts130_Tr50p0_dT5_F1p0_LP30,S2a,21,unique_equal,baseline,420,420,0.3857142857142857,low_grade,0.0,0.375968992248062,0.624031007751938,main_reference
L75_Ts130_Tr50p0_dT5_F1p0_LP30,S2a,21,unique_equal,common_5K,420,420,0.3857142857142857,low_grade,0.0,0.375968992248062,0.624031007751938,main_reference
L75_Ts130_Tr50p0_dT5_F1p0_LP30,S2a,21,unique_equal,common_span,420,420,0.3857142857142857,low_grade,0.0,0.375968992248062,0.624031007751938,main_reference
L75_Ts130_Tr50p0_dT5_F1p0_LP30,S2a,21,unique_equal,grade_half,420,420,0.3857142857142857,low_grade,0.0,0.375968992248062,0.624031007751938,main_reference
L75_Ts130_Tr50p0_dT5_F1p0_LP30,S2a,21,unique_equal,grade_double,420,420,0.3857142857142857,low_grade,0.0,0.375968992248062,0.624031007751938,main_reference
L75_Ts130_Tr50p0_dT5_F1p0_LP30,S2a,21,physical_measure,baseline,420,420,0.1848240859039652,low_grade,0.0,0.4358768423487089,0.5641231576512913,main_reference
L75_Ts130_Tr50p0_dT5_F1p0_LP30,S2a,21,physical_measure,common_5K,420,420,0.1848240859039652,low_grade,0.0,0.4358768423487089,0.5641231576512913,main_reference
L75_Ts130_Tr50p0_dT5_F1p0_LP30,S2a,21,physical_measure,common_span,420,420,0.1848240859039652,low_grade,0.0,0.4358768423487089,0.5641231576512913,main_reference
L75_Ts130_Tr50p0_dT5_F1p0_LP30,S2a,21,physical_measure,grade_half,420,420,0.1848240859039652,low_grade,0.0,0.4358768423487089,0.5641231576512913,main_reference
L75_Ts130_Tr50p0_dT5_F1p0_LP30,S2a,21,physical_measure,grade_double,420,420,0.1848240859039652,low_grade,0.0,0.4358768423487089,0.5641231576512913,main_reference
L75_Ts130_Tr50p0_dT5_F1p0_LP30,S2b,21,raw_equal,baseline,420,420,0.3833333333333333,low_grade,0.0733590733590733,0.166023166023166,0.7606177606177607,main_reference
L75_Ts130_Tr50p0_dT5_F1p0_LP30,S2b,21,raw_equal,common_5K,420,420,0.3833333333333333,low_grade,0.3706563706563706,0.0,0.6293436293436293,main_reference
L75_Ts130_Tr50p0_dT5_F1p0_LP30,S2b,21,raw_equal,common_span,420,420,0.3833333333333333,low_grade,0.3706563706563706,0.0,0.6293436293436293,main_reference
L75_Ts130_Tr50p0_dT5_F1p0_LP30,S2b,21,raw_equal,grade_half,420,420,0.3833333333333333,low_grade,0.0733590733590733,0.166023166023166,0.7606177606177607,main_reference
L75_Ts130_Tr50p0_dT5_F1p0_LP30,S2b,21,raw_equal,grade_double,420,420,0.3833333333333333,low_grade,0.081081081081081,0.1621621621621621,0.7567567567567568,main_reference
L75_Ts130_Tr50p0_dT5_F1p0_LP30,S2b,21,unique_equal,baseline,420,420,0.3833333333333333,low_grade,0.0733590733590733,0.166023166023166,0.7606177606177607,main_reference
L75_Ts130_Tr50p0_dT5_F1p0_LP30,S2b,21,unique_equal,common_5K,420,420,0.3833333333333333,low_grade,0.3706563706563706,0.0,0.6293436293436293,main_reference
L75_Ts130_Tr50p0_dT5_F1p0_LP30,S2b,21,unique_equal,common_span,420,420,0.3833333333333333,low_grade,0.3706563706563706,0.0,0.6293436293436293,main_reference
L75_Ts130_Tr50p0_dT5_F1p0_LP30,S2b,21,unique_equal,grade_half,420,420,0.3833333333333333,low_grade,0.0733590733590733,0.166023166023166,0.7606177606177607,main_reference
L75_Ts130_Tr50p0_dT5_F1p0_LP30,S2b,21,unique_equal,grade_double,420,420,0.3833333333333333,low_grade,0.081081081081081,0.1621621621621621,0.7567567567567568,main_reference
L75_Ts130_Tr50p0_dT5_F1p0_LP30,S2b,21,physical_measure,baseline,420,420,0.1877055943585444,low_grade,0.0742145175567212,0.216504319006782,0.7092811634364969,main_reference
L75_Ts130_Tr50p0_dT5_F1p0_LP30,S2b,21,physical_measure,common_5K,420,420,0.1877055943585444,low_grade,0.456596562642696,0.0,0.5434034373573039,main_reference
L75_Ts130_Tr50p0_dT5_F1p0_LP30,S2b,21,physical_measure,common_span,420,420,0.1877055943585444,low_grade,0.456596562642696,0.0,0.5434034373573039,main_reference
L75_Ts130_Tr50p0_dT5_F1p0_LP30,S2b,21,physical_measure,grade_half,420,420,0.1877055943585444,low_grade,0.0742145175567212,0.216504319006782,0.7092811634364969,main_reference
L75_Ts130_Tr50p0_dT5_F1p0_LP30,S2b,21,physical_measure,grade_double,420,420,0.1877055943585444,low_grade,0.0835537683569049,0.2115617570416828,0.7048844746014123,main_reference
L75_Ts130_Tr60p0_dT5_F1p0_LP30,S1,21,raw_equal,baseline,20,20,0.4499999999999999,high_grade,0.0,1.0,0.0,main_reference
L75_Ts130_Tr60p0_dT5_F1p0_LP30,S1,21,raw_equal,common_5K,20,20,0.4499999999999999,high_grade,0.0,1.0,0.0,main_reference
L75_Ts130_Tr60p0_dT5_F1p0_LP30,S1,21,raw_equal,common_span,20,20,0.4499999999999999,high_grade,0.0,1.0,0.0,main_reference
L75_Ts130_Tr60p0_dT5_F1p0_LP30,S1,21,raw_equal,grade_half,20,20,0.4499999999999999,high_grade,0.0,1.0,0.0,main_reference
L75_Ts130_Tr60p0_dT5_F1p0_LP30,S1,21,raw_equal,grade_double,20,20,0.4499999999999999,high_grade,0.0,1.0,0.0,main_reference
L75_Ts130_Tr60p0_dT5_F1p0_LP30,S1,21,unique_equal,baseline,20,20,0.4499999999999999,high_grade,0.0,1.0,0.0,main_reference
L75_Ts130_Tr60p0_dT5_F1p0_LP30,S1,21,unique_equal,common_5K,20,20,0.4499999999999999,high_grade,0.0,1.0,0.0,main_reference
L75_Ts130_Tr60p0_dT5_F1p0_LP30,S1,21,unique_equal,common_span,20,20,0.4499999999999999,high_grade,0.0,1.0,0.0,main_reference
L75_Ts130_Tr60p0_dT5_F1p0_LP30,S1,21,unique_equal,grade_half,20,20,0.4499999999999999,high_grade,0.0,1.0,0.0,main_reference
L75_Ts130_Tr60p0_dT5_F1p0_LP30,S1,21,unique_equal,grade_double,20,20,0.4499999999999999,high_grade,0.0,1.0,0.0,main_reference
L75_Ts130_Tr60p0_dT5_F1p0_LP30,S1,21,physical_measure,baseline,20,20,0.4615384615384615,high_grade,0.0,1.0,0.0,main_reference
L75_Ts130_Tr60p0_dT5_F1p0_LP30,S1,21,physical_measure,common_5K,20,20,0.4615384615384615,high_grade,0.0,1.0,0.0,main_reference
L75_Ts130_Tr60p0_dT5_F1p0_LP30,S1,21,physical_measure,common_span,20,20,0.4615384615384615,high_grade,0.0,1.0,0.0,main_reference
L75_Ts130_Tr60p0_dT5_F1p0_LP30,S1,21,physical_measure,grade_half,20,20,0.4615384615384615,high_grade,0.0,1.0,0.0,main_reference
L75_Ts130_Tr60p0_dT5_F1p0_LP30,S1,21,physical_measure,grade_double,20,20,0.4615384615384615,high_grade,0.0,1.0,0.0,main_reference
L75_Ts130_Tr60p0_dT5_F1p0_LP30,S2a,21,raw_equal,baseline,420,420,0.3071428571428571,low_grade,0.0,0.3539518900343643,0.6460481099656358,main_reference
L75_Ts130_Tr60p0_dT5_F1p0_LP30,S2a,21,raw_equal,common_5K,420,420,0.3071428571428571,low_grade,0.0,0.3539518900343643,0.6460481099656358,main_reference
L75_Ts130_Tr60p0_dT5_F1p0_LP30,S2a,21,raw_equal,common_span,420,420,0.3071428571428571,low_grade,0.0,0.3539518900343643,0.6460481099656358,main_reference
L75_Ts130_Tr60p0_dT5_F1p0_LP30,S2a,21,raw_equal,grade_half,420,420,0.3071428571428571,low_grade,0.0,0.3539518900343643,0.6460481099656358,main_reference
L75_Ts130_Tr60p0_dT5_F1p0_LP30,S2a,21,raw_equal,grade_double,420,420,0.3071428571428571,low_grade,0.0,0.3539518900343643,0.6460481099656358,main_reference
L75_Ts130_Tr60p0_dT5_F1p0_LP30,S2a,21,unique_equal,baseline,420,420,0.3071428571428571,low_grade,0.0,0.3539518900343643,0.6460481099656358,main_reference
L75_Ts130_Tr60p0_dT5_F1p0_LP30,S2a,21,unique_equal,common_5K,420,420,0.3071428571428571,low_grade,0.0,0.3539518900343643,0.6460481099656358,main_reference
L75_Ts130_Tr60p0_dT5_F1p0_LP30,S2a,21,unique_equal,common_span,420,420,0.3071428571428571,low_grade,0.0,0.3539518900343643,0.6460481099656358,main_reference
L75_Ts130_Tr60p0_dT5_F1p0_LP30,S2a,21,unique_equal,grade_half,420,420,0.3071428571428571,low_grade,0.0,0.3539518900343643,0.6460481099656358,main_reference
L75_Ts130_Tr60p0_dT5_F1p0_LP30,S2a,21,unique_equal,grade_double,420,420,0.3071428571428571,low_grade,0.0,0.3539518900343643,0.6460481099656358,main_reference
L75_Ts130_Tr60p0_dT5_F1p0_LP30,S2a,21,physical_measure,baseline,420,420,0.1261526947439843,low_grade,0.0,0.4233831760950995,0.5766168239049004,main_reference
L75_Ts130_Tr60p0_dT5_F1p0_LP30,S2a,21,physical_measure,common_5K,420,420,0.1261526947439843,low_grade,0.0,0.4233831760950995,0.5766168239049004,main_reference
L75_Ts130_Tr60p0_dT5_F1p0_LP30,S2a,21,physical_measure,common_span,420,420,0.1261526947439843,low_grade,0.0,0.4233831760950995,0.5766168239049004,main_reference
L75_Ts130_Tr60p0_dT5_F1p0_LP30,S2a,21,physical_measure,grade_half,420,420,0.1261526947439843,low_grade,0.0,0.4233831760950995,0.5766168239049004,main_reference
L75_Ts130_Tr60p0_dT5_F1p0_LP30,S2a,21,physical_measure,grade_double,420,420,0.1261526947439843,low_grade,0.0,0.4233831760950995,0.5766168239049004,main_reference
L75_Ts130_Tr60p0_dT5_F1p0_LP30,S2b,21,raw_equal,baseline,420,420,0.2904761904761904,low_grade,0.0570469798657718,0.1577181208053691,0.785234899328859,main_reference
L75_Ts130_Tr60p0_dT5_F1p0_LP30,S2b,21,raw_equal,common_5K,420,420,0.2904761904761904,low_grade,0.3523489932885906,0.0,0.6476510067114094,main_reference
L75_Ts130_Tr60p0_dT5_F1p0_LP30,S2b,21,raw_equal,common_span,420,420,0.2904761904761904,low_grade,0.3523489932885906,0.0,0.6476510067114094,main_reference
L75_Ts130_Tr60p0_dT5_F1p0_LP30,S2b,21,raw_equal,grade_half,420,420,0.2904761904761904,low_grade,0.0536912751677852,0.1577181208053691,0.7885906040268457,main_reference
L75_Ts130_Tr60p0_dT5_F1p0_LP30,S2b,21,raw_equal,grade_double,420,420,0.2904761904761904,low_grade,0.0604026845637583,0.1543624161073825,0.785234899328859,main_reference
L75_Ts130_Tr60p0_dT5_F1p0_LP30,S2b,21,unique_equal,baseline,420,420,0.2904761904761904,low_grade,0.0570469798657718,0.1577181208053691,0.785234899328859,main_reference
L75_Ts130_Tr60p0_dT5_F1p0_LP30,S2b,21,unique_equal,common_5K,420,420,0.2904761904761904,low_grade,0.3523489932885906,0.0,0.6476510067114094,main_reference
L75_Ts130_Tr60p0_dT5_F1p0_LP30,S2b,21,unique_equal,common_span,420,420,0.2904761904761904,low_grade,0.3523489932885906,0.0,0.6476510067114094,main_reference
L75_Ts130_Tr60p0_dT5_F1p0_LP30,S2b,21,unique_equal,grade_half,420,420,0.2904761904761904,low_grade,0.0536912751677852,0.1577181208053691,0.7885906040268457,main_reference
L75_Ts130_Tr60p0_dT5_F1p0_LP30,S2b,21,unique_equal,grade_double,420,420,0.2904761904761904,low_grade,0.0604026845637583,0.1543624161073825,0.785234899328859,main_reference
L75_Ts130_Tr60p0_dT5_F1p0_LP30,S2b,21,physical_measure,baseline,420,420,0.1176291678108885,low_grade,0.0526412502362625,0.2144415683629806,0.7329171814007573,main_reference
L75_Ts130_Tr60p0_dT5_F1p0_LP30,S2b,21,physical_measure,common_5K,420,420,0.1176291678108885,low_grade,0.4458190261261358,0.0,0.5541809738738643,main_reference
L75_Ts130_Tr60p0_dT5_F1p0_LP30,S2b,21,physical_measure,common_span,420,420,0.1176291678108885,low_grade,0.4458190261261358,0.0,0.5541809738738643,main_reference
L75_Ts130_Tr60p0_dT5_F1p0_LP30,S2b,21,physical_measure,grade_half,420,420,0.1176291678108885,low_grade,0.0491425379807621,0.2144415683629806,0.7364158936562576,main_reference
L75_Ts130_Tr60p0_dT5_F1p0_LP30,S2b,21,physical_measure,grade_double,420,420,0.1176291678108885,low_grade,0.0568662798573715,0.2102165387418716,0.7329171814007573,main_reference
L100_Ts120_Tr50p0_dT5_F1p0_LP30,S1,21,raw_equal,baseline,20,20,0.3,high_grade,0.0714285714285714,0.9285714285714286,0.0,main_reference
L100_Ts120_Tr50p0_dT5_F1p0_LP30,S1,21,raw_equal,common_5K,20,20,0.3,supply+high_grade,0.5,0.5,0.0,main_reference
L100_Ts120_Tr50p0_dT5_F1p0_LP30,S1,21,raw_equal,common_span,20,20,0.3,supply+high_grade,0.5,0.5,0.0,main_reference
L100_Ts120_Tr50p0_dT5_F1p0_LP30,S1,21,raw_equal,grade_half,20,20,0.3,high_grade,0.0714285714285714,0.9285714285714286,0.0,main_reference
L100_Ts120_Tr50p0_dT5_F1p0_LP30,S1,21,raw_equal,grade_double,20,20,0.3,high_grade,0.0714285714285714,0.9285714285714286,0.0,main_reference
L100_Ts120_Tr50p0_dT5_F1p0_LP30,S1,21,unique_equal,baseline,20,20,0.3,high_grade,0.0714285714285714,0.9285714285714286,0.0,main_reference
L100_Ts120_Tr50p0_dT5_F1p0_LP30,S1,21,unique_equal,common_5K,20,20,0.3,supply+high_grade,0.5,0.5,0.0,main_reference
L100_Ts120_Tr50p0_dT5_F1p0_LP30,S1,21,unique_equal,common_span,20,20,0.3,supply+high_grade,0.5,0.5,0.0,main_reference
L100_Ts120_Tr50p0_dT5_F1p0_LP30,S1,21,unique_equal,grade_half,20,20,0.3,high_grade,0.0714285714285714,0.9285714285714286,0.0,main_reference
L100_Ts120_Tr50p0_dT5_F1p0_LP30,S1,21,unique_equal,grade_double,20,20,0.3,high_grade,0.0714285714285714,0.9285714285714286,0.0,main_reference
L100_Ts120_Tr50p0_dT5_F1p0_LP30,S1,21,physical_measure,baseline,20,20,0.3076923076923077,high_grade,0.074074074074074,0.925925925925926,0.0,main_reference
L100_Ts120_Tr50p0_dT5_F1p0_LP30,S1,21,physical_measure,common_5K,20,20,0.3076923076923077,supply,0.5185185185185185,0.4814814814814814,0.0,main_reference
L100_Ts120_Tr50p0_dT5_F1p0_LP30,S1,21,physical_measure,common_span,20,20,0.3076923076923077,supply,0.5185185185185185,0.4814814814814814,0.0,main_reference
L100_Ts120_Tr50p0_dT5_F1p0_LP30,S1,21,physical_measure,grade_half,20,20,0.3076923076923077,high_grade,0.074074074074074,0.925925925925926,0.0,main_reference
L100_Ts120_Tr50p0_dT5_F1p0_LP30,S1,21,physical_measure,grade_double,20,20,0.3076923076923077,high_grade,0.074074074074074,0.925925925925926,0.0,main_reference
L100_Ts120_Tr50p0_dT5_F1p0_LP30,S2a,21,raw_equal,baseline,420,420,0.2690476190476191,low_grade,0.0553745928338762,0.4690553745928338,0.4755700325732899,main_reference
L100_Ts120_Tr50p0_dT5_F1p0_LP30,S2a,21,raw_equal,common_5K,420,420,0.2690476190476191,supply,0.5407166123778502,0.0912052117263843,0.3680781758957654,main_reference
L100_Ts120_Tr50p0_dT5_F1p0_LP30,S2a,21,raw_equal,common_span,420,420,0.2690476190476191,supply,0.5407166123778502,0.0912052117263843,0.3680781758957654,main_reference
L100_Ts120_Tr50p0_dT5_F1p0_LP30,S2a,21,raw_equal,grade_half,420,420,0.2690476190476191,low_grade,0.0553745928338762,0.4690553745928338,0.4755700325732899,main_reference
L100_Ts120_Tr50p0_dT5_F1p0_LP30,S2a,21,raw_equal,grade_double,420,420,0.2690476190476191,low_grade,0.0586319218241042,0.4657980456026058,0.4755700325732899,main_reference
L100_Ts120_Tr50p0_dT5_F1p0_LP30,S2a,21,unique_equal,baseline,420,420,0.2690476190476191,low_grade,0.0553745928338762,0.4690553745928338,0.4755700325732899,main_reference
L100_Ts120_Tr50p0_dT5_F1p0_LP30,S2a,21,unique_equal,common_5K,420,420,0.2690476190476191,supply,0.5407166123778502,0.0912052117263843,0.3680781758957654,main_reference
L100_Ts120_Tr50p0_dT5_F1p0_LP30,S2a,21,unique_equal,common_span,420,420,0.2690476190476191,supply,0.5407166123778502,0.0912052117263843,0.3680781758957654,main_reference
L100_Ts120_Tr50p0_dT5_F1p0_LP30,S2a,21,unique_equal,grade_half,420,420,0.2690476190476191,low_grade,0.0553745928338762,0.4690553745928338,0.4755700325732899,main_reference
L100_Ts120_Tr50p0_dT5_F1p0_LP30,S2a,21,unique_equal,grade_double,420,420,0.2690476190476191,low_grade,0.0586319218241042,0.4657980456026058,0.4755700325732899,main_reference
L100_Ts120_Tr50p0_dT5_F1p0_LP30,S2a,21,physical_measure,baseline,420,420,0.089235841634149,high_grade,0.0348833281069038,0.5447112053179989,0.4204054665750973,main_reference
L100_Ts120_Tr50p0_dT5_F1p0_LP30,S2a,21,physical_measure,common_5K,420,420,0.089235841634149,supply,0.5781591371184545,0.1122906610461666,0.3095502018353791,main_reference
L100_Ts120_Tr50p0_dT5_F1p0_LP30,S2a,21,physical_measure,common_span,420,420,0.089235841634149,supply,0.5781591371184545,0.1122906610461666,0.3095502018353791,main_reference
L100_Ts120_Tr50p0_dT5_F1p0_LP30,S2a,21,physical_measure,grade_half,420,420,0.089235841634149,high_grade,0.0348833281069038,0.5447112053179989,0.4204054665750973,main_reference
L100_Ts120_Tr50p0_dT5_F1p0_LP30,S2a,21,physical_measure,grade_double,420,420,0.089235841634149,high_grade,0.0372602282019672,0.5423343052229355,0.4204054665750973,main_reference
L100_Ts120_Tr50p0_dT5_F1p0_LP30,S2b,21,raw_equal,baseline,420,420,0.25,low_grade,0.1269841269841269,0.2793650793650793,0.5936507936507937,main_reference
L100_Ts120_Tr50p0_dT5_F1p0_LP30,S2b,21,raw_equal,common_5K,420,420,0.25,supply,0.6412698412698413,0.0,0.3587301587301587,main_reference
L100_Ts120_Tr50p0_dT5_F1p0_LP30,S2b,21,raw_equal,common_span,420,420,0.25,supply,0.6412698412698413,0.0,0.3587301587301587,main_reference
L100_Ts120_Tr50p0_dT5_F1p0_LP30,S2b,21,raw_equal,grade_half,420,420,0.25,low_grade,0.1111111111111111,0.2857142857142857,0.6031746031746031,main_reference
L100_Ts120_Tr50p0_dT5_F1p0_LP30,S2b,21,raw_equal,grade_double,420,420,0.25,low_grade,0.1365079365079365,0.273015873015873,0.5904761904761905,main_reference
L100_Ts120_Tr50p0_dT5_F1p0_LP30,S2b,21,unique_equal,baseline,420,420,0.25,low_grade,0.1269841269841269,0.2793650793650793,0.5936507936507937,main_reference
L100_Ts120_Tr50p0_dT5_F1p0_LP30,S2b,21,unique_equal,common_5K,420,420,0.25,supply,0.6412698412698413,0.0,0.3587301587301587,main_reference
L100_Ts120_Tr50p0_dT5_F1p0_LP30,S2b,21,unique_equal,common_span,420,420,0.25,supply,0.6412698412698413,0.0,0.3587301587301587,main_reference
L100_Ts120_Tr50p0_dT5_F1p0_LP30,S2b,21,unique_equal,grade_half,420,420,0.25,low_grade,0.1111111111111111,0.2857142857142857,0.6031746031746031,main_reference
L100_Ts120_Tr50p0_dT5_F1p0_LP30,S2b,21,unique_equal,grade_double,420,420,0.25,low_grade,0.1365079365079365,0.273015873015873,0.5904761904761905,main_reference
L100_Ts120_Tr50p0_dT5_F1p0_LP30,S2b,21,physical_measure,baseline,420,420,0.0783973207334419,low_grade,0.0927535809479587,0.3741139155679109,0.5331325034841301,main_reference
L100_Ts120_Tr50p0_dT5_F1p0_LP30,S2b,21,physical_measure,common_5K,420,420,0.0783973207334419,supply,0.7226310332269451,0.0,0.2773689667730547,main_reference
L100_Ts120_Tr50p0_dT5_F1p0_LP30,S2b,21,physical_measure,common_span,420,420,0.0783973207334419,supply,0.7226310332269451,0.0,0.2773689667730547,main_reference
L100_Ts120_Tr50p0_dT5_F1p0_LP30,S2b,21,physical_measure,grade_half,420,420,0.0783973207334419,low_grade,0.0800328307567796,0.3790670997893876,0.5409000694538323,main_reference
L100_Ts120_Tr50p0_dT5_F1p0_LP30,S2b,21,physical_measure,grade_double,420,420,0.0783973207334419,low_grade,0.1026858843141354,0.3674143477079729,0.5298997679778915,main_reference
L100_Ts120_Tr60p0_dT5_F1p0_LP30,S1,21,raw_equal,baseline,20,20,0.25,high_grade,0.1333333333333333,0.8666666666666667,0.0,main_reference
L100_Ts120_Tr60p0_dT5_F1p0_LP30,S1,21,raw_equal,common_5K,20,20,0.25,supply,0.5333333333333333,0.4666666666666667,0.0,main_reference
L100_Ts120_Tr60p0_dT5_F1p0_LP30,S1,21,raw_equal,common_span,20,20,0.25,supply,0.5333333333333333,0.4666666666666667,0.0,main_reference
L100_Ts120_Tr60p0_dT5_F1p0_LP30,S1,21,raw_equal,grade_half,20,20,0.25,high_grade,0.1333333333333333,0.8666666666666667,0.0,main_reference
L100_Ts120_Tr60p0_dT5_F1p0_LP30,S1,21,raw_equal,grade_double,20,20,0.25,high_grade,0.1333333333333333,0.8666666666666667,0.0,main_reference
L100_Ts120_Tr60p0_dT5_F1p0_LP30,S1,21,unique_equal,baseline,20,20,0.25,high_grade,0.1333333333333333,0.8666666666666667,0.0,main_reference
L100_Ts120_Tr60p0_dT5_F1p0_LP30,S1,21,unique_equal,common_5K,20,20,0.25,supply,0.5333333333333333,0.4666666666666667,0.0,main_reference
L100_Ts120_Tr60p0_dT5_F1p0_LP30,S1,21,unique_equal,common_span,20,20,0.25,supply,0.5333333333333333,0.4666666666666667,0.0,main_reference
L100_Ts120_Tr60p0_dT5_F1p0_LP30,S1,21,unique_equal,grade_half,20,20,0.25,high_grade,0.1333333333333333,0.8666666666666667,0.0,main_reference
L100_Ts120_Tr60p0_dT5_F1p0_LP30,S1,21,unique_equal,grade_double,20,20,0.25,high_grade,0.1333333333333333,0.8666666666666667,0.0,main_reference
L100_Ts120_Tr60p0_dT5_F1p0_LP30,S1,21,physical_measure,baseline,20,20,0.2564102564102564,high_grade,0.1379310344827586,0.8620689655172413,0.0,main_reference
L100_Ts120_Tr60p0_dT5_F1p0_LP30,S1,21,physical_measure,common_5K,20,20,0.2564102564102564,supply,0.5517241379310345,0.4482758620689655,0.0,main_reference
L100_Ts120_Tr60p0_dT5_F1p0_LP30,S1,21,physical_measure,common_span,20,20,0.2564102564102564,supply,0.5517241379310345,0.4482758620689655,0.0,main_reference
L100_Ts120_Tr60p0_dT5_F1p0_LP30,S1,21,physical_measure,grade_half,20,20,0.2564102564102564,high_grade,0.1379310344827586,0.8620689655172413,0.0,main_reference
L100_Ts120_Tr60p0_dT5_F1p0_LP30,S1,21,physical_measure,grade_double,20,20,0.2564102564102564,high_grade,0.1379310344827586,0.8620689655172413,0.0,main_reference
L100_Ts120_Tr60p0_dT5_F1p0_LP30,S2a,21,raw_equal,baseline,420,420,0.2142857142857143,low_grade,0.0515151515151515,0.4515151515151515,0.4969696969696969,main_reference
L100_Ts120_Tr60p0_dT5_F1p0_LP30,S2a,21,raw_equal,common_5K,420,420,0.2142857142857143,supply,0.5333333333333333,0.0848484848484848,0.3818181818181818,main_reference
L100_Ts120_Tr60p0_dT5_F1p0_LP30,S2a,21,raw_equal,common_span,420,420,0.2142857142857143,supply,0.5333333333333333,0.0848484848484848,0.3818181818181818,main_reference
L100_Ts120_Tr60p0_dT5_F1p0_LP30,S2a,21,raw_equal,grade_half,420,420,0.2142857142857143,low_grade,0.0515151515151515,0.4515151515151515,0.4969696969696969,main_reference
L100_Ts120_Tr60p0_dT5_F1p0_LP30,S2a,21,raw_equal,grade_double,420,420,0.2142857142857143,low_grade,0.0545454545454545,0.4515151515151515,0.4939393939393939,main_reference
L100_Ts120_Tr60p0_dT5_F1p0_LP30,S2a,21,unique_equal,baseline,420,420,0.2142857142857143,low_grade,0.0515151515151515,0.4515151515151515,0.4969696969696969,main_reference
L100_Ts120_Tr60p0_dT5_F1p0_LP30,S2a,21,unique_equal,common_5K,420,420,0.2142857142857143,supply,0.5333333333333333,0.0848484848484848,0.3818181818181818,main_reference
L100_Ts120_Tr60p0_dT5_F1p0_LP30,S2a,21,unique_equal,common_span,420,420,0.2142857142857143,supply,0.5333333333333333,0.0848484848484848,0.3818181818181818,main_reference
L100_Ts120_Tr60p0_dT5_F1p0_LP30,S2a,21,unique_equal,grade_half,420,420,0.2142857142857143,low_grade,0.0515151515151515,0.4515151515151515,0.4969696969696969,main_reference
L100_Ts120_Tr60p0_dT5_F1p0_LP30,S2a,21,unique_equal,grade_double,420,420,0.2142857142857143,low_grade,0.0545454545454545,0.4515151515151515,0.4939393939393939,main_reference
L100_Ts120_Tr60p0_dT5_F1p0_LP30,S2a,21,physical_measure,baseline,420,420,0.0598637046898066,high_grade,0.0291730343469916,0.5388581071164541,0.4319688585365544,main_reference
L100_Ts120_Tr60p0_dT5_F1p0_LP30,S2a,21,physical_measure,common_5K,420,420,0.0598637046898066,supply,0.5760433153271644,0.1087824285800107,0.3151742560928252,main_reference
L100_Ts120_Tr60p0_dT5_F1p0_LP30,S2a,21,physical_measure,common_span,420,420,0.0598637046898066,supply,0.5760433153271644,0.1087824285800107,0.3151742560928252,main_reference
L100_Ts120_Tr60p0_dT5_F1p0_LP30,S2a,21,physical_measure,grade_half,420,420,0.0598637046898066,high_grade,0.0291730343469916,0.5388581071164541,0.4319688585365544,main_reference
L100_Ts120_Tr60p0_dT5_F1p0_LP30,S2a,21,physical_measure,grade_double,420,420,0.0598637046898066,high_grade,0.0307811761568207,0.5388581071164541,0.4303607167267253,main_reference
L100_Ts120_Tr60p0_dT5_F1p0_LP30,S2b,21,raw_equal,baseline,420,420,0.2047619047619048,low_grade,0.1017964071856287,0.2754491017964072,0.6227544910179641,main_reference
L100_Ts120_Tr60p0_dT5_F1p0_LP30,S2b,21,raw_equal,common_5K,420,420,0.2047619047619048,supply,0.6287425149700598,0.0,0.3712574850299401,main_reference
L100_Ts120_Tr60p0_dT5_F1p0_LP30,S2b,21,raw_equal,common_span,420,420,0.2047619047619048,supply,0.6287425149700598,0.0,0.3712574850299401,main_reference
L100_Ts120_Tr60p0_dT5_F1p0_LP30,S2b,21,raw_equal,grade_half,420,420,0.2047619047619048,low_grade,0.0898203592814371,0.278443113772455,0.6317365269461078,main_reference
L100_Ts120_Tr60p0_dT5_F1p0_LP30,S2b,21,raw_equal,grade_double,420,420,0.2047619047619048,low_grade,0.1107784431137724,0.2694610778443114,0.6197604790419161,main_reference
L100_Ts120_Tr60p0_dT5_F1p0_LP30,S2b,21,unique_equal,baseline,420,420,0.2047619047619048,low_grade,0.1017964071856287,0.2754491017964072,0.6227544910179641,main_reference
L100_Ts120_Tr60p0_dT5_F1p0_LP30,S2b,21,unique_equal,common_5K,420,420,0.2047619047619048,supply,0.6287425149700598,0.0,0.3712574850299401,main_reference
L100_Ts120_Tr60p0_dT5_F1p0_LP30,S2b,21,unique_equal,common_span,420,420,0.2047619047619048,supply,0.6287425149700598,0.0,0.3712574850299401,main_reference
L100_Ts120_Tr60p0_dT5_F1p0_LP30,S2b,21,unique_equal,grade_half,420,420,0.2047619047619048,low_grade,0.0898203592814371,0.278443113772455,0.6317365269461078,main_reference
L100_Ts120_Tr60p0_dT5_F1p0_LP30,S2b,21,unique_equal,grade_double,420,420,0.2047619047619048,low_grade,0.1107784431137724,0.2694610778443114,0.6197604790419161,main_reference
L100_Ts120_Tr60p0_dT5_F1p0_LP30,S2b,21,physical_measure,baseline,420,420,0.0560776983025143,low_grade,0.0693893122872706,0.3763445035719139,0.5542661841408153,main_reference
L100_Ts120_Tr60p0_dT5_F1p0_LP30,S2b,21,physical_measure,common_5K,420,420,0.0560776983025143,supply,0.7177661250776242,0.0,0.2822338749223755,main_reference
L100_Ts120_Tr60p0_dT5_F1p0_LP30,S2b,21,physical_measure,common_span,420,420,0.0560776983025143,supply,0.7177661250776242,0.0,0.2822338749223755,main_reference
L100_Ts120_Tr60p0_dT5_F1p0_LP30,S2b,21,physical_measure,grade_half,420,420,0.0560776983025143,low_grade,0.0594788001935973,0.3793532111587395,0.5611679886476629,main_reference
L100_Ts120_Tr60p0_dT5_F1p0_LP30,S2b,21,physical_measure,grade_double,420,420,0.0560776983025143,low_grade,0.0785677850604227,0.3701038254520074,0.5513283894875697,main_reference
L100_Ts130_Tr50p0_dT5_F1p0_LP30,S1,21,raw_equal,baseline,20,20,0.35,high_grade,0.0,1.0,0.0,main_reference
L100_Ts130_Tr50p0_dT5_F1p0_LP30,S1,21,raw_equal,common_5K,20,20,0.35,high_grade,0.1538461538461538,0.8461538461538461,0.0,main_reference
L100_Ts130_Tr50p0_dT5_F1p0_LP30,S1,21,raw_equal,common_span,20,20,0.35,high_grade,0.1538461538461538,0.8461538461538461,0.0,main_reference
L100_Ts130_Tr50p0_dT5_F1p0_LP30,S1,21,raw_equal,grade_half,20,20,0.35,high_grade,0.0,1.0,0.0,main_reference
L100_Ts130_Tr50p0_dT5_F1p0_LP30,S1,21,raw_equal,grade_double,20,20,0.35,high_grade,0.0,1.0,0.0,main_reference
L100_Ts130_Tr50p0_dT5_F1p0_LP30,S1,21,unique_equal,baseline,20,20,0.35,high_grade,0.0,1.0,0.0,main_reference
L100_Ts130_Tr50p0_dT5_F1p0_LP30,S1,21,unique_equal,common_5K,20,20,0.35,high_grade,0.1538461538461538,0.8461538461538461,0.0,main_reference
L100_Ts130_Tr50p0_dT5_F1p0_LP30,S1,21,unique_equal,common_span,20,20,0.35,high_grade,0.1538461538461538,0.8461538461538461,0.0,main_reference
L100_Ts130_Tr50p0_dT5_F1p0_LP30,S1,21,unique_equal,grade_half,20,20,0.35,high_grade,0.0,1.0,0.0,main_reference
L100_Ts130_Tr50p0_dT5_F1p0_LP30,S1,21,unique_equal,grade_double,20,20,0.35,high_grade,0.0,1.0,0.0,main_reference
L100_Ts130_Tr50p0_dT5_F1p0_LP30,S1,21,physical_measure,baseline,20,20,0.3589743589743589,high_grade,0.0,1.0,0.0,main_reference
L100_Ts130_Tr50p0_dT5_F1p0_LP30,S1,21,physical_measure,common_5K,20,20,0.3589743589743589,high_grade,0.16,0.84,0.0,main_reference
L100_Ts130_Tr50p0_dT5_F1p0_LP30,S1,21,physical_measure,common_span,20,20,0.3589743589743589,high_grade,0.16,0.84,0.0,main_reference
L100_Ts130_Tr50p0_dT5_F1p0_LP30,S1,21,physical_measure,grade_half,20,20,0.3589743589743589,high_grade,0.0,1.0,0.0,main_reference
L100_Ts130_Tr50p0_dT5_F1p0_LP30,S1,21,physical_measure,grade_double,20,20,0.3589743589743589,high_grade,0.0,1.0,0.0,main_reference
L100_Ts130_Tr50p0_dT5_F1p0_LP30,S2a,21,raw_equal,baseline,420,420,0.2952380952380952,low_grade,0.0168918918918918,0.4898648648648648,0.4932432432432432,main_reference
L100_Ts130_Tr50p0_dT5_F1p0_LP30,S2a,21,raw_equal,common_5K,420,420,0.2952380952380952,low_grade,0.2939189189189189,0.2601351351351351,0.4459459459459459,main_reference
L100_Ts130_Tr50p0_dT5_F1p0_LP30,S2a,21,raw_equal,common_span,420,420,0.2952380952380952,low_grade,0.2939189189189189,0.2601351351351351,0.4459459459459459,main_reference
L100_Ts130_Tr50p0_dT5_F1p0_LP30,S2a,21,raw_equal,grade_half,420,420,0.2952380952380952,low_grade,0.0168918918918918,0.4898648648648648,0.4932432432432432,main_reference
L100_Ts130_Tr50p0_dT5_F1p0_LP30,S2a,21,raw_equal,grade_double,420,420,0.2952380952380952,low_grade,0.0202702702702702,0.4864864864864865,0.4932432432432432,main_reference
L100_Ts130_Tr50p0_dT5_F1p0_LP30,S2a,21,unique_equal,baseline,420,420,0.2952380952380952,low_grade,0.0168918918918918,0.4898648648648648,0.4932432432432432,main_reference
L100_Ts130_Tr50p0_dT5_F1p0_LP30,S2a,21,unique_equal,common_5K,420,420,0.2952380952380952,low_grade,0.2939189189189189,0.2601351351351351,0.4459459459459459,main_reference
L100_Ts130_Tr50p0_dT5_F1p0_LP30,S2a,21,unique_equal,common_span,420,420,0.2952380952380952,low_grade,0.2939189189189189,0.2601351351351351,0.4459459459459459,main_reference
L100_Ts130_Tr50p0_dT5_F1p0_LP30,S2a,21,unique_equal,grade_half,420,420,0.2952380952380952,low_grade,0.0168918918918918,0.4898648648648648,0.4932432432432432,main_reference
L100_Ts130_Tr50p0_dT5_F1p0_LP30,S2a,21,unique_equal,grade_double,420,420,0.2952380952380952,low_grade,0.0202702702702702,0.4864864864864865,0.4932432432432432,main_reference
L100_Ts130_Tr50p0_dT5_F1p0_LP30,S2a,21,physical_measure,baseline,420,420,0.1084735526370515,high_grade,0.0116544509864175,0.5588684066694324,0.4294771423441501,main_reference
L100_Ts130_Tr50p0_dT5_F1p0_LP30,S2a,21,physical_measure,common_5K,420,420,0.1084735526370515,low_grade,0.3009131659099548,0.3180902663911029,0.3809965676989421,main_reference
L100_Ts130_Tr50p0_dT5_F1p0_LP30,S2a,21,physical_measure,common_span,420,420,0.1084735526370515,low_grade,0.3009131659099548,0.3180902663911029,0.3809965676989421,main_reference
L100_Ts130_Tr50p0_dT5_F1p0_LP30,S2a,21,physical_measure,grade_half,420,420,0.1084735526370515,high_grade,0.0116544509864175,0.5588684066694324,0.4294771423441501,main_reference
L100_Ts130_Tr50p0_dT5_F1p0_LP30,S2a,21,physical_measure,grade_double,420,420,0.1084735526370515,high_grade,0.0140576580744769,0.5564651995813731,0.4294771423441501,main_reference
L100_Ts130_Tr50p0_dT5_F1p0_LP30,S2b,21,raw_equal,baseline,420,420,0.2690476190476191,low_grade,0.0879478827361563,0.2931596091205212,0.6188925081433225,main_reference
L100_Ts130_Tr50p0_dT5_F1p0_LP30,S2b,21,raw_equal,common_5K,420,420,0.2690476190476191,supply,0.5667752442996743,0.003257328990228,0.4299674267100977,main_reference
L100_Ts130_Tr50p0_dT5_F1p0_LP30,S2b,21,raw_equal,common_span,420,420,0.2690476190476191,supply,0.5667752442996743,0.003257328990228,0.4299674267100977,main_reference
L100_Ts130_Tr50p0_dT5_F1p0_LP30,S2b,21,raw_equal,grade_half,420,420,0.2690476190476191,low_grade,0.0879478827361563,0.2931596091205212,0.6188925081433225,main_reference
L100_Ts130_Tr50p0_dT5_F1p0_LP30,S2b,21,raw_equal,grade_double,420,420,0.2690476190476191,low_grade,0.1074918566775244,0.2833876221498371,0.6091205211726385,main_reference
L100_Ts130_Tr50p0_dT5_F1p0_LP30,S2b,21,unique_equal,baseline,420,420,0.2690476190476191,low_grade,0.0879478827361563,0.2931596091205212,0.6188925081433225,main_reference
L100_Ts130_Tr50p0_dT5_F1p0_LP30,S2b,21,unique_equal,common_5K,420,420,0.2690476190476191,supply,0.5667752442996743,0.003257328990228,0.4299674267100977,main_reference
L100_Ts130_Tr50p0_dT5_F1p0_LP30,S2b,21,unique_equal,common_span,420,420,0.2690476190476191,supply,0.5667752442996743,0.003257328990228,0.4299674267100977,main_reference
L100_Ts130_Tr50p0_dT5_F1p0_LP30,S2b,21,unique_equal,grade_half,420,420,0.2690476190476191,low_grade,0.0879478827361563,0.2931596091205212,0.6188925081433225,main_reference
L100_Ts130_Tr50p0_dT5_F1p0_LP30,S2b,21,unique_equal,grade_double,420,420,0.2690476190476191,low_grade,0.1074918566775244,0.2833876221498371,0.6091205211726385,main_reference
L100_Ts130_Tr50p0_dT5_F1p0_LP30,S2b,21,physical_measure,baseline,420,420,0.0916179394323349,low_grade,0.0666436020522145,0.3845840532885342,0.548772344659251,main_reference
L100_Ts130_Tr50p0_dT5_F1p0_LP30,S2b,21,physical_measure,common_5K,420,420,0.0916179394323349,supply,0.6584252444779065,0.0016610420609565,0.3399137134611366,main_reference
L100_Ts130_Tr50p0_dT5_F1p0_LP30,S2b,21,physical_measure,common_span,420,420,0.0916179394323349,supply,0.6584252444779065,0.0016610420609565,0.3399137134611366,main_reference
L100_Ts130_Tr50p0_dT5_F1p0_LP30,S2b,21,physical_measure,grade_half,420,420,0.0916179394323349,low_grade,0.0666436020522145,0.3845840532885342,0.548772344659251,main_reference
L100_Ts130_Tr50p0_dT5_F1p0_LP30,S2b,21,physical_measure,grade_double,420,420,0.0916179394323349,low_grade,0.0829074991280171,0.3762007715615022,0.5408917293104805,main_reference
L100_Ts130_Tr60p0_dT5_F1p0_LP30,S1,21,raw_equal,baseline,20,20,0.3,high_grade,0.0,1.0,0.0,main_reference
L100_Ts130_Tr60p0_dT5_F1p0_LP30,S1,21,raw_equal,common_5K,20,20,0.3,high_grade,0.2142857142857142,0.7857142857142857,0.0,main_reference
L100_Ts130_Tr60p0_dT5_F1p0_LP30,S1,21,raw_equal,common_span,20,20,0.3,high_grade,0.2142857142857142,0.7857142857142857,0.0,main_reference
L100_Ts130_Tr60p0_dT5_F1p0_LP30,S1,21,raw_equal,grade_half,20,20,0.3,high_grade,0.0,1.0,0.0,main_reference
L100_Ts130_Tr60p0_dT5_F1p0_LP30,S1,21,raw_equal,grade_double,20,20,0.3,high_grade,0.0714285714285714,0.9285714285714286,0.0,main_reference
L100_Ts130_Tr60p0_dT5_F1p0_LP30,S1,21,unique_equal,baseline,20,20,0.3,high_grade,0.0,1.0,0.0,main_reference
L100_Ts130_Tr60p0_dT5_F1p0_LP30,S1,21,unique_equal,common_5K,20,20,0.3,high_grade,0.2142857142857142,0.7857142857142857,0.0,main_reference
L100_Ts130_Tr60p0_dT5_F1p0_LP30,S1,21,unique_equal,common_span,20,20,0.3,high_grade,0.2142857142857142,0.7857142857142857,0.0,main_reference
L100_Ts130_Tr60p0_dT5_F1p0_LP30,S1,21,unique_equal,grade_half,20,20,0.3,high_grade,0.0,1.0,0.0,main_reference
L100_Ts130_Tr60p0_dT5_F1p0_LP30,S1,21,unique_equal,grade_double,20,20,0.3,high_grade,0.0714285714285714,0.9285714285714286,0.0,main_reference
L100_Ts130_Tr60p0_dT5_F1p0_LP30,S1,21,physical_measure,baseline,20,20,0.3076923076923077,high_grade,0.0,1.0,0.0,main_reference
L100_Ts130_Tr60p0_dT5_F1p0_LP30,S1,21,physical_measure,common_5K,20,20,0.3076923076923077,high_grade,0.2222222222222222,0.7777777777777778,0.0,main_reference
L100_Ts130_Tr60p0_dT5_F1p0_LP30,S1,21,physical_measure,common_span,20,20,0.3076923076923077,high_grade,0.2222222222222222,0.7777777777777778,0.0,main_reference
L100_Ts130_Tr60p0_dT5_F1p0_LP30,S1,21,physical_measure,grade_half,20,20,0.3076923076923077,high_grade,0.0,1.0,0.0,main_reference
L100_Ts130_Tr60p0_dT5_F1p0_LP30,S1,21,physical_measure,grade_double,20,20,0.3076923076923077,high_grade,0.074074074074074,0.925925925925926,0.0,main_reference
L100_Ts130_Tr60p0_dT5_F1p0_LP30,S2a,21,raw_equal,baseline,420,420,0.2357142857142857,low_grade,0.0218068535825545,0.4672897196261682,0.5109034267912772,main_reference
L100_Ts130_Tr60p0_dT5_F1p0_LP30,S2a,21,raw_equal,common_5K,420,420,0.2357142857142857,low_grade,0.2990654205607476,0.2398753894080997,0.4610591900311526,main_reference
L100_Ts130_Tr60p0_dT5_F1p0_LP30,S2a,21,raw_equal,common_span,420,420,0.2357142857142857,low_grade,0.2990654205607476,0.2398753894080997,0.4610591900311526,main_reference
L100_Ts130_Tr60p0_dT5_F1p0_LP30,S2a,21,raw_equal,grade_half,420,420,0.2357142857142857,low_grade,0.0218068535825545,0.4672897196261682,0.5109034267912772,main_reference
L100_Ts130_Tr60p0_dT5_F1p0_LP30,S2a,21,raw_equal,grade_double,420,420,0.2357142857142857,low_grade,0.0249221183800623,0.4641744548286604,0.5109034267912772,main_reference
L100_Ts130_Tr60p0_dT5_F1p0_LP30,S2a,21,unique_equal,baseline,420,420,0.2357142857142857,low_grade,0.0218068535825545,0.4672897196261682,0.5109034267912772,main_reference
L100_Ts130_Tr60p0_dT5_F1p0_LP30,S2a,21,unique_equal,common_5K,420,420,0.2357142857142857,low_grade,0.2990654205607476,0.2398753894080997,0.4610591900311526,main_reference
L100_Ts130_Tr60p0_dT5_F1p0_LP30,S2a,21,unique_equal,common_span,420,420,0.2357142857142857,low_grade,0.2990654205607476,0.2398753894080997,0.4610591900311526,main_reference
L100_Ts130_Tr60p0_dT5_F1p0_LP30,S2a,21,unique_equal,grade_half,420,420,0.2357142857142857,low_grade,0.0218068535825545,0.4672897196261682,0.5109034267912772,main_reference
L100_Ts130_Tr60p0_dT5_F1p0_LP30,S2a,21,unique_equal,grade_double,420,420,0.2357142857142857,low_grade,0.0249221183800623,0.4641744548286604,0.5109034267912772,main_reference
L100_Ts130_Tr60p0_dT5_F1p0_LP30,S2a,21,physical_measure,baseline,420,420,0.0733444406970463,high_grade,0.0140211001505308,0.547725874464922,0.4382530253845473,main_reference
L100_Ts130_Tr60p0_dT5_F1p0_LP30,S2a,21,physical_measure,common_5K,420,420,0.0733444406970463,low_grade,0.3064780308703361,0.3060316018065138,0.3874903673231498,main_reference
L100_Ts130_Tr60p0_dT5_F1p0_LP30,S2a,21,physical_measure,common_span,420,420,0.0733444406970463,low_grade,0.3064780308703361,0.3060316018065138,0.3874903673231498,main_reference
L100_Ts130_Tr60p0_dT5_F1p0_LP30,S2a,21,physical_measure,grade_half,420,420,0.0733444406970463,high_grade,0.0140211001505308,0.547725874464922,0.4382530253845473,main_reference
L100_Ts130_Tr60p0_dT5_F1p0_LP30,S2a,21,physical_measure,grade_double,420,420,0.0733444406970463,high_grade,0.0150497045927057,0.546697270022747,0.4382530253845473,main_reference
L100_Ts130_Tr60p0_dT5_F1p0_LP30,S2b,21,raw_equal,baseline,420,420,0.219047619047619,low_grade,0.0762195121951219,0.2835365853658536,0.6402439024390244,main_reference
L100_Ts130_Tr60p0_dT5_F1p0_LP30,S2b,21,raw_equal,common_5K,420,420,0.219047619047619,supply,0.551829268292683,0.0030487804878048,0.4451219512195122,main_reference
L100_Ts130_Tr60p0_dT5_F1p0_LP30,S2b,21,raw_equal,common_span,420,420,0.219047619047619,supply,0.551829268292683,0.0030487804878048,0.4451219512195122,main_reference
L100_Ts130_Tr60p0_dT5_F1p0_LP30,S2b,21,raw_equal,grade_half,420,420,0.219047619047619,low_grade,0.073170731707317,0.2835365853658536,0.6432926829268293,main_reference
L100_Ts130_Tr60p0_dT5_F1p0_LP30,S2b,21,raw_equal,grade_double,420,420,0.219047619047619,low_grade,0.0853658536585365,0.2804878048780488,0.6341463414634146,main_reference
L100_Ts130_Tr60p0_dT5_F1p0_LP30,S2b,21,unique_equal,baseline,420,420,0.219047619047619,low_grade,0.0762195121951219,0.2835365853658536,0.6402439024390244,main_reference
L100_Ts130_Tr60p0_dT5_F1p0_LP30,S2b,21,unique_equal,common_5K,420,420,0.219047619047619,supply,0.551829268292683,0.0030487804878048,0.4451219512195122,main_reference
L100_Ts130_Tr60p0_dT5_F1p0_LP30,S2b,21,unique_equal,common_span,420,420,0.219047619047619,supply,0.551829268292683,0.0030487804878048,0.4451219512195122,main_reference
L100_Ts130_Tr60p0_dT5_F1p0_LP30,S2b,21,unique_equal,grade_half,420,420,0.219047619047619,low_grade,0.073170731707317,0.2835365853658536,0.6432926829268293,main_reference
L100_Ts130_Tr60p0_dT5_F1p0_LP30,S2b,21,unique_equal,grade_double,420,420,0.219047619047619,low_grade,0.0853658536585365,0.2804878048780488,0.6341463414634146,main_reference
L100_Ts130_Tr60p0_dT5_F1p0_LP30,S2b,21,physical_measure,baseline,420,420,0.064615034906676,low_grade,0.0535627320818547,0.3828155995617953,0.5636216683563494,main_reference
L100_Ts130_Tr60p0_dT5_F1p0_LP30,S2b,21,physical_measure,common_5K,420,420,0.064615034906676,supply,0.6516599787318084,0.0016130907234228,0.3467269305447684,main_reference
L100_Ts130_Tr60p0_dT5_F1p0_LP30,S2b,21,physical_measure,common_span,420,420,0.064615034906676,supply,0.6516599787318084,0.0016130907234228,0.3467269305447684,main_reference
L100_Ts130_Tr60p0_dT5_F1p0_LP30,S2b,21,physical_measure,grade_half,420,420,0.064615034906676,low_grade,0.0508945847467556,0.3828155995617953,0.5662898156914487,main_reference
L100_Ts130_Tr60p0_dT5_F1p0_LP30,S2b,21,physical_measure,grade_double,420,420,0.064615034906676,low_grade,0.0608955509110209,0.3797794312498449,0.5593250178391337,main_reference
L50_Ts120_Tr50p0_dT5_F1p0_LP30,S1,41,raw_equal,baseline,40,40,0.825,high_grade,0.0,1.0,0.0,main_reference
L50_Ts120_Tr50p0_dT5_F1p0_LP30,S1,41,raw_equal,common_5K,40,40,0.825,high_grade,0.0,1.0,0.0,main_reference
L50_Ts120_Tr50p0_dT5_F1p0_LP30,S1,41,raw_equal,common_span,40,40,0.825,high_grade,0.0,1.0,0.0,main_reference
L50_Ts120_Tr50p0_dT5_F1p0_LP30,S1,41,raw_equal,grade_half,40,40,0.825,high_grade,0.0,1.0,0.0,main_reference
L50_Ts120_Tr50p0_dT5_F1p0_LP30,S1,41,raw_equal,grade_double,40,40,0.825,high_grade,0.0,1.0,0.0,main_reference
L50_Ts120_Tr50p0_dT5_F1p0_LP30,S1,41,unique_equal,baseline,40,40,0.825,high_grade,0.0,1.0,0.0,main_reference
L50_Ts120_Tr50p0_dT5_F1p0_LP30,S1,41,unique_equal,common_5K,40,40,0.825,high_grade,0.0,1.0,0.0,main_reference
L50_Ts120_Tr50p0_dT5_F1p0_LP30,S1,41,unique_equal,common_span,40,40,0.825,high_grade,0.0,1.0,0.0,main_reference
L50_Ts120_Tr50p0_dT5_F1p0_LP30,S1,41,unique_equal,grade_half,40,40,0.825,high_grade,0.0,1.0,0.0,main_reference
L50_Ts120_Tr50p0_dT5_F1p0_LP30,S1,41,unique_equal,grade_double,40,40,0.825,high_grade,0.0,1.0,0.0,main_reference
L50_Ts120_Tr50p0_dT5_F1p0_LP30,S1,41,physical_measure,baseline,40,40,0.8354430379746836,high_grade,0.0,1.0,0.0,main_reference
L50_Ts120_Tr50p0_dT5_F1p0_LP30,S1,41,physical_measure,common_5K,40,40,0.8354430379746836,high_grade,0.0,1.0,0.0,main_reference
L50_Ts120_Tr50p0_dT5_F1p0_LP30,S1,41,physical_measure,common_span,40,40,0.8354430379746836,high_grade,0.0,1.0,0.0,main_reference
L50_Ts120_Tr50p0_dT5_F1p0_LP30,S1,41,physical_measure,grade_half,40,40,0.8354430379746836,high_grade,0.0,1.0,0.0,main_reference
L50_Ts120_Tr50p0_dT5_F1p0_LP30,S1,41,physical_measure,grade_double,40,40,0.8354430379746836,high_grade,0.0,1.0,0.0,main_reference
L50_Ts120_Tr50p0_dT5_F1p0_LP30,S2a,41,raw_equal,baseline,1640,1640,0.6146341463414634,low_grade,0.0,0.0996835443037974,0.9003164556962026,main_reference
L50_Ts120_Tr50p0_dT5_F1p0_LP30,S2a,41,raw_equal,common_5K,1640,1640,0.6146341463414634,low_grade,0.0,0.0996835443037974,0.9003164556962026,main_reference
L50_Ts120_Tr50p0_dT5_F1p0_LP30,S2a,41,raw_equal,common_span,1640,1640,0.6146341463414634,low_grade,0.0,0.0996835443037974,0.9003164556962026,main_reference
L50_Ts120_Tr50p0_dT5_F1p0_LP30,S2a,41,raw_equal,grade_half,1640,1640,0.6146341463414634,low_grade,0.0,0.0996835443037974,0.9003164556962026,main_reference
L50_Ts120_Tr50p0_dT5_F1p0_LP30,S2a,41,raw_equal,grade_double,1640,1640,0.6146341463414634,low_grade,0.0,0.0996835443037974,0.9003164556962026,main_reference
L50_Ts120_Tr50p0_dT5_F1p0_LP30,S2a,41,unique_equal,baseline,1640,1640,0.6146341463414634,low_grade,0.0,0.0996835443037974,0.9003164556962026,main_reference
L50_Ts120_Tr50p0_dT5_F1p0_LP30,S2a,41,unique_equal,common_5K,1640,1640,0.6146341463414634,low_grade,0.0,0.0996835443037974,0.9003164556962026,main_reference
L50_Ts120_Tr50p0_dT5_F1p0_LP30,S2a,41,unique_equal,common_span,1640,1640,0.6146341463414634,low_grade,0.0,0.0996835443037974,0.9003164556962026,main_reference
L50_Ts120_Tr50p0_dT5_F1p0_LP30,S2a,41,unique_equal,grade_half,1640,1640,0.6146341463414634,low_grade,0.0,0.0996835443037974,0.9003164556962026,main_reference
L50_Ts120_Tr50p0_dT5_F1p0_LP30,S2a,41,unique_equal,grade_double,1640,1640,0.6146341463414634,low_grade,0.0,0.0996835443037974,0.9003164556962026,main_reference
L50_Ts120_Tr50p0_dT5_F1p0_LP30,S2a,41,physical_measure,baseline,1640,1640,0.4406470270618432,low_grade,0.0,0.1194560164535909,0.8805439835464092,main_reference
L50_Ts120_Tr50p0_dT5_F1p0_LP30,S2a,41,physical_measure,common_5K,1640,1640,0.4406470270618432,low_grade,0.0,0.1194560164535909,0.8805439835464092,main_reference
L50_Ts120_Tr50p0_dT5_F1p0_LP30,S2a,41,physical_measure,common_span,1640,1640,0.4406470270618432,low_grade,0.0,0.1194560164535909,0.8805439835464092,main_reference
L50_Ts120_Tr50p0_dT5_F1p0_LP30,S2a,41,physical_measure,grade_half,1640,1640,0.4406470270618432,low_grade,0.0,0.1194560164535909,0.8805439835464092,main_reference
L50_Ts120_Tr50p0_dT5_F1p0_LP30,S2a,41,physical_measure,grade_double,1640,1640,0.4406470270618432,low_grade,0.0,0.1194560164535909,0.8805439835464092,main_reference
L50_Ts120_Tr50p0_dT5_F1p0_LP30,S2b,41,raw_equal,baseline,1640,1640,0.624390243902439,low_grade,0.0259740259740259,0.0,0.974025974025974,main_reference
L50_Ts120_Tr50p0_dT5_F1p0_LP30,S2b,41,raw_equal,common_5K,1640,1640,0.624390243902439,low_grade,0.0259740259740259,0.0,0.974025974025974,main_reference
L50_Ts120_Tr50p0_dT5_F1p0_LP30,S2b,41,raw_equal,common_span,1640,1640,0.624390243902439,low_grade,0.0259740259740259,0.0,0.974025974025974,main_reference
L50_Ts120_Tr50p0_dT5_F1p0_LP30,S2b,41,raw_equal,grade_half,1640,1640,0.624390243902439,low_grade,0.0259740259740259,0.0,0.974025974025974,main_reference
L50_Ts120_Tr50p0_dT5_F1p0_LP30,S2b,41,raw_equal,grade_double,1640,1640,0.624390243902439,low_grade,0.0259740259740259,0.0,0.974025974025974,main_reference
L50_Ts120_Tr50p0_dT5_F1p0_LP30,S2b,41,unique_equal,baseline,1640,1640,0.624390243902439,low_grade,0.0259740259740259,0.0,0.974025974025974,main_reference
L50_Ts120_Tr50p0_dT5_F1p0_LP30,S2b,41,unique_equal,common_5K,1640,1640,0.624390243902439,low_grade,0.0259740259740259,0.0,0.974025974025974,main_reference
L50_Ts120_Tr50p0_dT5_F1p0_LP30,S2b,41,unique_equal,common_span,1640,1640,0.624390243902439,low_grade,0.0259740259740259,0.0,0.974025974025974,main_reference
L50_Ts120_Tr50p0_dT5_F1p0_LP30,S2b,41,unique_equal,grade_half,1640,1640,0.624390243902439,low_grade,0.0259740259740259,0.0,0.974025974025974,main_reference
L50_Ts120_Tr50p0_dT5_F1p0_LP30,S2b,41,unique_equal,grade_double,1640,1640,0.624390243902439,low_grade,0.0259740259740259,0.0,0.974025974025974,main_reference
L50_Ts120_Tr50p0_dT5_F1p0_LP30,S2b,41,physical_measure,baseline,1640,1640,0.4798118874475333,low_grade,0.0319137126955814,0.0,0.9680862873044196,main_reference
L50_Ts120_Tr50p0_dT5_F1p0_LP30,S2b,41,physical_measure,common_5K,1640,1640,0.4798118874475333,low_grade,0.0319137126955814,0.0,0.9680862873044196,main_reference
L50_Ts120_Tr50p0_dT5_F1p0_LP30,S2b,41,physical_measure,common_span,1640,1640,0.4798118874475333,low_grade,0.0319137126955814,0.0,0.9680862873044196,main_reference
L50_Ts120_Tr50p0_dT5_F1p0_LP30,S2b,41,physical_measure,grade_half,1640,1640,0.4798118874475333,low_grade,0.0319137126955814,0.0,0.9680862873044196,main_reference
L50_Ts120_Tr50p0_dT5_F1p0_LP30,S2b,41,physical_measure,grade_double,1640,1640,0.4798118874475333,low_grade,0.0319137126955814,0.0,0.9680862873044196,main_reference
L50_Ts120_Tr60p0_dT5_F1p0_LP30,S1,41,raw_equal,baseline,40,40,0.725,high_grade,0.0,1.0,0.0,main_reference
L50_Ts120_Tr60p0_dT5_F1p0_LP30,S1,41,raw_equal,common_5K,40,40,0.725,high_grade,0.0,1.0,0.0,main_reference
L50_Ts120_Tr60p0_dT5_F1p0_LP30,S1,41,raw_equal,common_span,40,40,0.725,high_grade,0.0,1.0,0.0,main_reference
L50_Ts120_Tr60p0_dT5_F1p0_LP30,S1,41,raw_equal,grade_half,40,40,0.725,high_grade,0.0,1.0,0.0,main_reference
L50_Ts120_Tr60p0_dT5_F1p0_LP30,S1,41,raw_equal,grade_double,40,40,0.725,high_grade,0.0,1.0,0.0,main_reference
L50_Ts120_Tr60p0_dT5_F1p0_LP30,S1,41,unique_equal,baseline,40,40,0.725,high_grade,0.0,1.0,0.0,main_reference
L50_Ts120_Tr60p0_dT5_F1p0_LP30,S1,41,unique_equal,common_5K,40,40,0.725,high_grade,0.0,1.0,0.0,main_reference
L50_Ts120_Tr60p0_dT5_F1p0_LP30,S1,41,unique_equal,common_span,40,40,0.725,high_grade,0.0,1.0,0.0,main_reference
L50_Ts120_Tr60p0_dT5_F1p0_LP30,S1,41,unique_equal,grade_half,40,40,0.725,high_grade,0.0,1.0,0.0,main_reference
L50_Ts120_Tr60p0_dT5_F1p0_LP30,S1,41,unique_equal,grade_double,40,40,0.725,high_grade,0.0,1.0,0.0,main_reference
L50_Ts120_Tr60p0_dT5_F1p0_LP30,S1,41,physical_measure,baseline,40,40,0.7341772151898734,high_grade,0.0,1.0,0.0,main_reference
L50_Ts120_Tr60p0_dT5_F1p0_LP30,S1,41,physical_measure,common_5K,40,40,0.7341772151898734,high_grade,0.0,1.0,0.0,main_reference
L50_Ts120_Tr60p0_dT5_F1p0_LP30,S1,41,physical_measure,common_span,40,40,0.7341772151898734,high_grade,0.0,1.0,0.0,main_reference
L50_Ts120_Tr60p0_dT5_F1p0_LP30,S1,41,physical_measure,grade_half,40,40,0.7341772151898734,high_grade,0.0,1.0,0.0,main_reference
L50_Ts120_Tr60p0_dT5_F1p0_LP30,S1,41,physical_measure,grade_double,40,40,0.7341772151898734,high_grade,0.0,1.0,0.0,main_reference
L50_Ts120_Tr60p0_dT5_F1p0_LP30,S2a,41,raw_equal,baseline,1640,1640,0.425609756097561,low_grade,0.0,0.1061571125265392,0.8938428874734607,main_reference
L50_Ts120_Tr60p0_dT5_F1p0_LP30,S2a,41,raw_equal,common_5K,1640,1640,0.425609756097561,low_grade,0.0,0.1061571125265392,0.8938428874734607,main_reference
L50_Ts120_Tr60p0_dT5_F1p0_LP30,S2a,41,raw_equal,common_span,1640,1640,0.425609756097561,low_grade,0.0,0.1061571125265392,0.8938428874734607,main_reference
L50_Ts120_Tr60p0_dT5_F1p0_LP30,S2a,41,raw_equal,grade_half,1640,1640,0.425609756097561,low_grade,0.0,0.1061571125265392,0.8938428874734607,main_reference
L50_Ts120_Tr60p0_dT5_F1p0_LP30,S2a,41,raw_equal,grade_double,1640,1640,0.425609756097561,low_grade,0.0,0.1061571125265392,0.8938428874734607,main_reference
L50_Ts120_Tr60p0_dT5_F1p0_LP30,S2a,41,unique_equal,baseline,1640,1640,0.425609756097561,low_grade,0.0,0.1061571125265392,0.8938428874734607,main_reference
L50_Ts120_Tr60p0_dT5_F1p0_LP30,S2a,41,unique_equal,common_5K,1640,1640,0.425609756097561,low_grade,0.0,0.1061571125265392,0.8938428874734607,main_reference
L50_Ts120_Tr60p0_dT5_F1p0_LP30,S2a,41,unique_equal,common_span,1640,1640,0.425609756097561,low_grade,0.0,0.1061571125265392,0.8938428874734607,main_reference
L50_Ts120_Tr60p0_dT5_F1p0_LP30,S2a,41,unique_equal,grade_half,1640,1640,0.425609756097561,low_grade,0.0,0.1061571125265392,0.8938428874734607,main_reference
L50_Ts120_Tr60p0_dT5_F1p0_LP30,S2a,41,unique_equal,grade_double,1640,1640,0.425609756097561,low_grade,0.0,0.1061571125265392,0.8938428874734607,main_reference
L50_Ts120_Tr60p0_dT5_F1p0_LP30,S2a,41,physical_measure,baseline,1640,1640,0.2295812964747653,low_grade,0.0,0.1359640720078956,0.8640359279921038,main_reference
L50_Ts120_Tr60p0_dT5_F1p0_LP30,S2a,41,physical_measure,common_5K,1640,1640,0.2295812964747653,low_grade,0.0,0.1359640720078956,0.8640359279921038,main_reference
L50_Ts120_Tr60p0_dT5_F1p0_LP30,S2a,41,physical_measure,common_span,1640,1640,0.2295812964747653,low_grade,0.0,0.1359640720078956,0.8640359279921038,main_reference
L50_Ts120_Tr60p0_dT5_F1p0_LP30,S2a,41,physical_measure,grade_half,1640,1640,0.2295812964747653,low_grade,0.0,0.1359640720078956,0.8640359279921038,main_reference
L50_Ts120_Tr60p0_dT5_F1p0_LP30,S2a,41,physical_measure,grade_double,1640,1640,0.2295812964747653,low_grade,0.0,0.1359640720078956,0.8640359279921038,main_reference
L50_Ts120_Tr60p0_dT5_F1p0_LP30,S2b,41,raw_equal,baseline,1640,1640,0.426219512195122,low_grade,0.028692879914984,0.0,0.971307120085016,main_reference
L50_Ts120_Tr60p0_dT5_F1p0_LP30,S2b,41,raw_equal,common_5K,1640,1640,0.426219512195122,low_grade,0.053134962805526,0.0,0.946865037194474,main_reference
L50_Ts120_Tr60p0_dT5_F1p0_LP30,S2b,41,raw_equal,common_span,1640,1640,0.426219512195122,low_grade,0.053134962805526,0.0,0.946865037194474,main_reference
L50_Ts120_Tr60p0_dT5_F1p0_LP30,S2b,41,raw_equal,grade_half,1640,1640,0.426219512195122,low_grade,0.026567481402763,0.0,0.973432518597237,main_reference
L50_Ts120_Tr60p0_dT5_F1p0_LP30,S2b,41,raw_equal,grade_double,1640,1640,0.426219512195122,low_grade,0.0297555791710945,0.0,0.9702444208289054,main_reference
L50_Ts120_Tr60p0_dT5_F1p0_LP30,S2b,41,unique_equal,baseline,1640,1640,0.426219512195122,low_grade,0.028692879914984,0.0,0.971307120085016,main_reference
L50_Ts120_Tr60p0_dT5_F1p0_LP30,S2b,41,unique_equal,common_5K,1640,1640,0.426219512195122,low_grade,0.053134962805526,0.0,0.946865037194474,main_reference
L50_Ts120_Tr60p0_dT5_F1p0_LP30,S2b,41,unique_equal,common_span,1640,1640,0.426219512195122,low_grade,0.053134962805526,0.0,0.946865037194474,main_reference
L50_Ts120_Tr60p0_dT5_F1p0_LP30,S2b,41,unique_equal,grade_half,1640,1640,0.426219512195122,low_grade,0.026567481402763,0.0,0.973432518597237,main_reference
L50_Ts120_Tr60p0_dT5_F1p0_LP30,S2b,41,unique_equal,grade_double,1640,1640,0.426219512195122,low_grade,0.0297555791710945,0.0,0.9702444208289054,main_reference
L50_Ts120_Tr60p0_dT5_F1p0_LP30,S2b,41,physical_measure,baseline,1640,1640,0.2457022101266551,low_grade,0.0385985116730922,0.0,0.961401488326908,main_reference
L50_Ts120_Tr60p0_dT5_F1p0_LP30,S2b,41,physical_measure,common_5K,1640,1640,0.2457022101266551,low_grade,0.0752085998629232,0.0,0.9247914001370768,main_reference
L50_Ts120_Tr60p0_dT5_F1p0_LP30,S2b,41,physical_measure,common_span,1640,1640,0.2457022101266551,low_grade,0.0752085998629232,0.0,0.9247914001370768,main_reference
L50_Ts120_Tr60p0_dT5_F1p0_LP30,S2b,41,physical_measure,grade_half,1640,1640,0.2457022101266551,low_grade,0.0358867911594224,0.0,0.964113208840578,main_reference
L50_Ts120_Tr60p0_dT5_F1p0_LP30,S2b,41,physical_measure,grade_double,1640,1640,0.2457022101266551,low_grade,0.0403839273532336,0.0,0.9596160726467666,main_reference
L50_Ts130_Tr50p0_dT5_F1p0_LP30,S1,41,raw_equal,baseline,40,40,0.825,high_grade,0.0,1.0,0.0,main_reference
L50_Ts130_Tr50p0_dT5_F1p0_LP30,S1,41,raw_equal,common_5K,40,40,0.825,high_grade,0.0,1.0,0.0,main_reference
L50_Ts130_Tr50p0_dT5_F1p0_LP30,S1,41,raw_equal,common_span,40,40,0.825,high_grade,0.0,1.0,0.0,main_reference
L50_Ts130_Tr50p0_dT5_F1p0_LP30,S1,41,raw_equal,grade_half,40,40,0.825,high_grade,0.0,1.0,0.0,main_reference
L50_Ts130_Tr50p0_dT5_F1p0_LP30,S1,41,raw_equal,grade_double,40,40,0.825,high_grade,0.0,1.0,0.0,main_reference
L50_Ts130_Tr50p0_dT5_F1p0_LP30,S1,41,unique_equal,baseline,40,40,0.825,high_grade,0.0,1.0,0.0,main_reference
L50_Ts130_Tr50p0_dT5_F1p0_LP30,S1,41,unique_equal,common_5K,40,40,0.825,high_grade,0.0,1.0,0.0,main_reference
L50_Ts130_Tr50p0_dT5_F1p0_LP30,S1,41,unique_equal,common_span,40,40,0.825,high_grade,0.0,1.0,0.0,main_reference
L50_Ts130_Tr50p0_dT5_F1p0_LP30,S1,41,unique_equal,grade_half,40,40,0.825,high_grade,0.0,1.0,0.0,main_reference
L50_Ts130_Tr50p0_dT5_F1p0_LP30,S1,41,unique_equal,grade_double,40,40,0.825,high_grade,0.0,1.0,0.0,main_reference
L50_Ts130_Tr50p0_dT5_F1p0_LP30,S1,41,physical_measure,baseline,40,40,0.8354430379746836,high_grade,0.0,1.0,0.0,main_reference
L50_Ts130_Tr50p0_dT5_F1p0_LP30,S1,41,physical_measure,common_5K,40,40,0.8354430379746836,high_grade,0.0,1.0,0.0,main_reference
L50_Ts130_Tr50p0_dT5_F1p0_LP30,S1,41,physical_measure,common_span,40,40,0.8354430379746836,high_grade,0.0,1.0,0.0,main_reference
L50_Ts130_Tr50p0_dT5_F1p0_LP30,S1,41,physical_measure,grade_half,40,40,0.8354430379746836,high_grade,0.0,1.0,0.0,main_reference
L50_Ts130_Tr50p0_dT5_F1p0_LP30,S1,41,physical_measure,grade_double,40,40,0.8354430379746836,high_grade,0.0,1.0,0.0,main_reference
L50_Ts130_Tr50p0_dT5_F1p0_LP30,S2a,41,raw_equal,baseline,1640,1640,0.6146341463414634,low_grade,0.0,0.0996835443037974,0.9003164556962026,main_reference
L50_Ts130_Tr50p0_dT5_F1p0_LP30,S2a,41,raw_equal,common_5K,1640,1640,0.6146341463414634,low_grade,0.0,0.0996835443037974,0.9003164556962026,main_reference
L50_Ts130_Tr50p0_dT5_F1p0_LP30,S2a,41,raw_equal,common_span,1640,1640,0.6146341463414634,low_grade,0.0,0.0996835443037974,0.9003164556962026,main_reference
L50_Ts130_Tr50p0_dT5_F1p0_LP30,S2a,41,raw_equal,grade_half,1640,1640,0.6146341463414634,low_grade,0.0,0.0996835443037974,0.9003164556962026,main_reference
L50_Ts130_Tr50p0_dT5_F1p0_LP30,S2a,41,raw_equal,grade_double,1640,1640,0.6146341463414634,low_grade,0.0,0.0996835443037974,0.9003164556962026,main_reference
L50_Ts130_Tr50p0_dT5_F1p0_LP30,S2a,41,unique_equal,baseline,1640,1640,0.6146341463414634,low_grade,0.0,0.0996835443037974,0.9003164556962026,main_reference
L50_Ts130_Tr50p0_dT5_F1p0_LP30,S2a,41,unique_equal,common_5K,1640,1640,0.6146341463414634,low_grade,0.0,0.0996835443037974,0.9003164556962026,main_reference
L50_Ts130_Tr50p0_dT5_F1p0_LP30,S2a,41,unique_equal,common_span,1640,1640,0.6146341463414634,low_grade,0.0,0.0996835443037974,0.9003164556962026,main_reference
L50_Ts130_Tr50p0_dT5_F1p0_LP30,S2a,41,unique_equal,grade_half,1640,1640,0.6146341463414634,low_grade,0.0,0.0996835443037974,0.9003164556962026,main_reference
L50_Ts130_Tr50p0_dT5_F1p0_LP30,S2a,41,unique_equal,grade_double,1640,1640,0.6146341463414634,low_grade,0.0,0.0996835443037974,0.9003164556962026,main_reference
L50_Ts130_Tr50p0_dT5_F1p0_LP30,S2a,41,physical_measure,baseline,1640,1640,0.4406470270618432,low_grade,0.0,0.1194560164535909,0.8805439835464092,main_reference
L50_Ts130_Tr50p0_dT5_F1p0_LP30,S2a,41,physical_measure,common_5K,1640,1640,0.4406470270618432,low_grade,0.0,0.1194560164535909,0.8805439835464092,main_reference
L50_Ts130_Tr50p0_dT5_F1p0_LP30,S2a,41,physical_measure,common_span,1640,1640,0.4406470270618432,low_grade,0.0,0.1194560164535909,0.8805439835464092,main_reference
L50_Ts130_Tr50p0_dT5_F1p0_LP30,S2a,41,physical_measure,grade_half,1640,1640,0.4406470270618432,low_grade,0.0,0.1194560164535909,0.8805439835464092,main_reference
L50_Ts130_Tr50p0_dT5_F1p0_LP30,S2a,41,physical_measure,grade_double,1640,1640,0.4406470270618432,low_grade,0.0,0.1194560164535909,0.8805439835464092,main_reference
L50_Ts130_Tr50p0_dT5_F1p0_LP30,S2b,41,raw_equal,baseline,1640,1640,0.6341463414634146,low_grade,0.0,0.0,1.0,main_reference
L50_Ts130_Tr50p0_dT5_F1p0_LP30,S2b,41,raw_equal,common_5K,1640,1640,0.6341463414634146,low_grade,0.0,0.0,1.0,main_reference
L50_Ts130_Tr50p0_dT5_F1p0_LP30,S2b,41,raw_equal,common_span,1640,1640,0.6341463414634146,low_grade,0.0,0.0,1.0,main_reference
L50_Ts130_Tr50p0_dT5_F1p0_LP30,S2b,41,raw_equal,grade_half,1640,1640,0.6341463414634146,low_grade,0.0,0.0,1.0,main_reference
L50_Ts130_Tr50p0_dT5_F1p0_LP30,S2b,41,raw_equal,grade_double,1640,1640,0.6341463414634146,low_grade,0.0,0.0,1.0,main_reference
L50_Ts130_Tr50p0_dT5_F1p0_LP30,S2b,41,unique_equal,baseline,1640,1640,0.6341463414634146,low_grade,0.0,0.0,1.0,main_reference
L50_Ts130_Tr50p0_dT5_F1p0_LP30,S2b,41,unique_equal,common_5K,1640,1640,0.6341463414634146,low_grade,0.0,0.0,1.0,main_reference
L50_Ts130_Tr50p0_dT5_F1p0_LP30,S2b,41,unique_equal,common_span,1640,1640,0.6341463414634146,low_grade,0.0,0.0,1.0,main_reference
L50_Ts130_Tr50p0_dT5_F1p0_LP30,S2b,41,unique_equal,grade_half,1640,1640,0.6341463414634146,low_grade,0.0,0.0,1.0,main_reference
L50_Ts130_Tr50p0_dT5_F1p0_LP30,S2b,41,unique_equal,grade_double,1640,1640,0.6341463414634146,low_grade,0.0,0.0,1.0,main_reference
L50_Ts130_Tr50p0_dT5_F1p0_LP30,S2b,41,physical_measure,baseline,1640,1640,0.4964130214191894,low_grade,0.0,0.0,1.0000000000000009,main_reference
L50_Ts130_Tr50p0_dT5_F1p0_LP30,S2b,41,physical_measure,common_5K,1640,1640,0.4964130214191894,low_grade,0.0,0.0,1.0000000000000009,main_reference
L50_Ts130_Tr50p0_dT5_F1p0_LP30,S2b,41,physical_measure,common_span,1640,1640,0.4964130214191894,low_grade,0.0,0.0,1.0000000000000009,main_reference
L50_Ts130_Tr50p0_dT5_F1p0_LP30,S2b,41,physical_measure,grade_half,1640,1640,0.4964130214191894,low_grade,0.0,0.0,1.0000000000000009,main_reference
L50_Ts130_Tr50p0_dT5_F1p0_LP30,S2b,41,physical_measure,grade_double,1640,1640,0.4964130214191894,low_grade,0.0,0.0,1.0000000000000009,main_reference
L50_Ts130_Tr60p0_dT5_F1p0_LP30,S1,41,raw_equal,baseline,40,40,0.725,high_grade,0.0,1.0,0.0,main_reference
L50_Ts130_Tr60p0_dT5_F1p0_LP30,S1,41,raw_equal,common_5K,40,40,0.725,high_grade,0.0,1.0,0.0,main_reference
L50_Ts130_Tr60p0_dT5_F1p0_LP30,S1,41,raw_equal,common_span,40,40,0.725,high_grade,0.0,1.0,0.0,main_reference
L50_Ts130_Tr60p0_dT5_F1p0_LP30,S1,41,raw_equal,grade_half,40,40,0.725,high_grade,0.0,1.0,0.0,main_reference
L50_Ts130_Tr60p0_dT5_F1p0_LP30,S1,41,raw_equal,grade_double,40,40,0.725,high_grade,0.0,1.0,0.0,main_reference
L50_Ts130_Tr60p0_dT5_F1p0_LP30,S1,41,unique_equal,baseline,40,40,0.725,high_grade,0.0,1.0,0.0,main_reference
L50_Ts130_Tr60p0_dT5_F1p0_LP30,S1,41,unique_equal,common_5K,40,40,0.725,high_grade,0.0,1.0,0.0,main_reference
L50_Ts130_Tr60p0_dT5_F1p0_LP30,S1,41,unique_equal,common_span,40,40,0.725,high_grade,0.0,1.0,0.0,main_reference
L50_Ts130_Tr60p0_dT5_F1p0_LP30,S1,41,unique_equal,grade_half,40,40,0.725,high_grade,0.0,1.0,0.0,main_reference
L50_Ts130_Tr60p0_dT5_F1p0_LP30,S1,41,unique_equal,grade_double,40,40,0.725,high_grade,0.0,1.0,0.0,main_reference
L50_Ts130_Tr60p0_dT5_F1p0_LP30,S1,41,physical_measure,baseline,40,40,0.7341772151898734,high_grade,0.0,1.0,0.0,main_reference
L50_Ts130_Tr60p0_dT5_F1p0_LP30,S1,41,physical_measure,common_5K,40,40,0.7341772151898734,high_grade,0.0,1.0,0.0,main_reference
L50_Ts130_Tr60p0_dT5_F1p0_LP30,S1,41,physical_measure,common_span,40,40,0.7341772151898734,high_grade,0.0,1.0,0.0,main_reference
L50_Ts130_Tr60p0_dT5_F1p0_LP30,S1,41,physical_measure,grade_half,40,40,0.7341772151898734,high_grade,0.0,1.0,0.0,main_reference
L50_Ts130_Tr60p0_dT5_F1p0_LP30,S1,41,physical_measure,grade_double,40,40,0.7341772151898734,high_grade,0.0,1.0,0.0,main_reference
L50_Ts130_Tr60p0_dT5_F1p0_LP30,S2a,41,raw_equal,baseline,1640,1640,0.425609756097561,low_grade,0.0,0.1061571125265392,0.8938428874734607,main_reference
L50_Ts130_Tr60p0_dT5_F1p0_LP30,S2a,41,raw_equal,common_5K,1640,1640,0.425609756097561,low_grade,0.0,0.1061571125265392,0.8938428874734607,main_reference
L50_Ts130_Tr60p0_dT5_F1p0_LP30,S2a,41,raw_equal,common_span,1640,1640,0.425609756097561,low_grade,0.0,0.1061571125265392,0.8938428874734607,main_reference
L50_Ts130_Tr60p0_dT5_F1p0_LP30,S2a,41,raw_equal,grade_half,1640,1640,0.425609756097561,low_grade,0.0,0.1061571125265392,0.8938428874734607,main_reference
L50_Ts130_Tr60p0_dT5_F1p0_LP30,S2a,41,raw_equal,grade_double,1640,1640,0.425609756097561,low_grade,0.0,0.1061571125265392,0.8938428874734607,main_reference
L50_Ts130_Tr60p0_dT5_F1p0_LP30,S2a,41,unique_equal,baseline,1640,1640,0.425609756097561,low_grade,0.0,0.1061571125265392,0.8938428874734607,main_reference
L50_Ts130_Tr60p0_dT5_F1p0_LP30,S2a,41,unique_equal,common_5K,1640,1640,0.425609756097561,low_grade,0.0,0.1061571125265392,0.8938428874734607,main_reference
L50_Ts130_Tr60p0_dT5_F1p0_LP30,S2a,41,unique_equal,common_span,1640,1640,0.425609756097561,low_grade,0.0,0.1061571125265392,0.8938428874734607,main_reference
L50_Ts130_Tr60p0_dT5_F1p0_LP30,S2a,41,unique_equal,grade_half,1640,1640,0.425609756097561,low_grade,0.0,0.1061571125265392,0.8938428874734607,main_reference
L50_Ts130_Tr60p0_dT5_F1p0_LP30,S2a,41,unique_equal,grade_double,1640,1640,0.425609756097561,low_grade,0.0,0.1061571125265392,0.8938428874734607,main_reference
L50_Ts130_Tr60p0_dT5_F1p0_LP30,S2a,41,physical_measure,baseline,1640,1640,0.2295812964747653,low_grade,0.0,0.1359640720078956,0.8640359279921038,main_reference
L50_Ts130_Tr60p0_dT5_F1p0_LP30,S2a,41,physical_measure,common_5K,1640,1640,0.2295812964747653,low_grade,0.0,0.1359640720078956,0.8640359279921038,main_reference
L50_Ts130_Tr60p0_dT5_F1p0_LP30,S2a,41,physical_measure,common_span,1640,1640,0.2295812964747653,low_grade,0.0,0.1359640720078956,0.8640359279921038,main_reference
L50_Ts130_Tr60p0_dT5_F1p0_LP30,S2a,41,physical_measure,grade_half,1640,1640,0.2295812964747653,low_grade,0.0,0.1359640720078956,0.8640359279921038,main_reference
L50_Ts130_Tr60p0_dT5_F1p0_LP30,S2a,41,physical_measure,grade_double,1640,1640,0.2295812964747653,low_grade,0.0,0.1359640720078956,0.8640359279921038,main_reference
L50_Ts130_Tr60p0_dT5_F1p0_LP30,S2b,41,raw_equal,baseline,1640,1640,0.4384146341463414,low_grade,0.004343105320304,0.0,0.995656894679696,main_reference
L50_Ts130_Tr60p0_dT5_F1p0_LP30,S2b,41,raw_equal,common_5K,1640,1640,0.4384146341463414,low_grade,0.007600434310532,0.0,0.992399565689468,main_reference
L50_Ts130_Tr60p0_dT5_F1p0_LP30,S2b,41,raw_equal,common_span,1640,1640,0.4384146341463414,low_grade,0.007600434310532,0.0,0.992399565689468,main_reference
L50_Ts130_Tr60p0_dT5_F1p0_LP30,S2b,41,raw_equal,grade_half,1640,1640,0.4384146341463414,low_grade,0.004343105320304,0.0,0.995656894679696,main_reference
L50_Ts130_Tr60p0_dT5_F1p0_LP30,S2b,41,raw_equal,grade_double,1640,1640,0.4384146341463414,low_grade,0.004343105320304,0.0,0.995656894679696,main_reference
L50_Ts130_Tr60p0_dT5_F1p0_LP30,S2b,41,unique_equal,baseline,1640,1640,0.4384146341463414,low_grade,0.004343105320304,0.0,0.995656894679696,main_reference
L50_Ts130_Tr60p0_dT5_F1p0_LP30,S2b,41,unique_equal,common_5K,1640,1640,0.4384146341463414,low_grade,0.007600434310532,0.0,0.992399565689468,main_reference
L50_Ts130_Tr60p0_dT5_F1p0_LP30,S2b,41,unique_equal,common_span,1640,1640,0.4384146341463414,low_grade,0.007600434310532,0.0,0.992399565689468,main_reference
L50_Ts130_Tr60p0_dT5_F1p0_LP30,S2b,41,unique_equal,grade_half,1640,1640,0.4384146341463414,low_grade,0.004343105320304,0.0,0.995656894679696,main_reference
L50_Ts130_Tr60p0_dT5_F1p0_LP30,S2b,41,unique_equal,grade_double,1640,1640,0.4384146341463414,low_grade,0.004343105320304,0.0,0.995656894679696,main_reference
L50_Ts130_Tr60p0_dT5_F1p0_LP30,S2b,41,physical_measure,baseline,1640,1640,0.2674383005047368,low_grade,0.0053234784308316,0.0,0.9946765215691686,main_reference
L50_Ts130_Tr60p0_dT5_F1p0_LP30,S2b,41,physical_measure,common_5K,1640,1640,0.2674383005047368,low_grade,0.0092774570909395,0.0,0.9907225429090608,main_reference
L50_Ts130_Tr60p0_dT5_F1p0_LP30,S2b,41,physical_measure,common_span,1640,1640,0.2674383005047368,low_grade,0.0092774570909395,0.0,0.9907225429090608,main_reference
L50_Ts130_Tr60p0_dT5_F1p0_LP30,S2b,41,physical_measure,grade_half,1640,1640,0.2674383005047368,low_grade,0.0053234784308316,0.0,0.9946765215691686,main_reference
L50_Ts130_Tr60p0_dT5_F1p0_LP30,S2b,41,physical_measure,grade_double,1640,1640,0.2674383005047368,low_grade,0.0053234784308316,0.0,0.9946765215691686,main_reference
L75_Ts120_Tr50p0_dT5_F1p0_LP30,S1,41,raw_equal,baseline,40,40,0.475,high_grade,0.0476190476190476,0.9523809523809524,0.0,main_reference
L75_Ts120_Tr50p0_dT5_F1p0_LP30,S1,41,raw_equal,common_5K,40,40,0.475,high_grade,0.1428571428571428,0.8571428571428571,0.0,main_reference
L75_Ts120_Tr50p0_dT5_F1p0_LP30,S1,41,raw_equal,common_span,40,40,0.475,high_grade,0.1428571428571428,0.8571428571428571,0.0,main_reference
L75_Ts120_Tr50p0_dT5_F1p0_LP30,S1,41,raw_equal,grade_half,40,40,0.475,high_grade,0.0476190476190476,0.9523809523809524,0.0,main_reference
L75_Ts120_Tr50p0_dT5_F1p0_LP30,S1,41,raw_equal,grade_double,40,40,0.475,high_grade,0.0476190476190476,0.9523809523809524,0.0,main_reference
L75_Ts120_Tr50p0_dT5_F1p0_LP30,S1,41,unique_equal,baseline,40,40,0.475,high_grade,0.0476190476190476,0.9523809523809524,0.0,main_reference
L75_Ts120_Tr50p0_dT5_F1p0_LP30,S1,41,unique_equal,common_5K,40,40,0.475,high_grade,0.1428571428571428,0.8571428571428571,0.0,main_reference
L75_Ts120_Tr50p0_dT5_F1p0_LP30,S1,41,unique_equal,common_span,40,40,0.475,high_grade,0.1428571428571428,0.8571428571428571,0.0,main_reference
L75_Ts120_Tr50p0_dT5_F1p0_LP30,S1,41,unique_equal,grade_half,40,40,0.475,high_grade,0.0476190476190476,0.9523809523809524,0.0,main_reference
L75_Ts120_Tr50p0_dT5_F1p0_LP30,S1,41,unique_equal,grade_double,40,40,0.475,high_grade,0.0476190476190476,0.9523809523809524,0.0,main_reference
L75_Ts120_Tr50p0_dT5_F1p0_LP30,S1,41,physical_measure,baseline,40,40,0.4810126582278481,high_grade,0.048780487804878,0.951219512195122,0.0,main_reference
L75_Ts120_Tr50p0_dT5_F1p0_LP30,S1,41,physical_measure,common_5K,40,40,0.4810126582278481,high_grade,0.1463414634146341,0.8536585365853658,0.0,main_reference
L75_Ts120_Tr50p0_dT5_F1p0_LP30,S1,41,physical_measure,common_span,40,40,0.4810126582278481,high_grade,0.1463414634146341,0.8536585365853658,0.0,main_reference
L75_Ts120_Tr50p0_dT5_F1p0_LP30,S1,41,physical_measure,grade_half,40,40,0.4810126582278481,high_grade,0.048780487804878,0.951219512195122,0.0,main_reference
L75_Ts120_Tr50p0_dT5_F1p0_LP30,S1,41,physical_measure,grade_double,40,40,0.4810126582278481,high_grade,0.048780487804878,0.951219512195122,0.0,main_reference
L75_Ts120_Tr50p0_dT5_F1p0_LP30,S2a,41,raw_equal,baseline,1640,1640,0.3920731707317073,low_grade,0.0200601805416248,0.3650952858575727,0.6148445336008024,main_reference
L75_Ts120_Tr50p0_dT5_F1p0_LP30,S2a,41,raw_equal,common_5K,1640,1640,0.3920731707317073,low_grade,0.2296890672016048,0.19358074222668,0.5767301905717152,main_reference
L75_Ts120_Tr50p0_dT5_F1p0_LP30,S2a,41,raw_equal,common_span,1640,1640,0.3920731707317073,low_grade,0.2296890672016048,0.19358074222668,0.5767301905717152,main_reference
L75_Ts120_Tr50p0_dT5_F1p0_LP30,S2a,41,raw_equal,grade_half,1640,1640,0.3920731707317073,low_grade,0.0190571715145436,0.3660982948846539,0.6148445336008024,main_reference
L75_Ts120_Tr50p0_dT5_F1p0_LP30,S2a,41,raw_equal,grade_double,1640,1640,0.3920731707317073,low_grade,0.0220661985957873,0.3640922768304915,0.6138415245737212,main_reference
L75_Ts120_Tr50p0_dT5_F1p0_LP30,S2a,41,unique_equal,baseline,1640,1640,0.3920731707317073,low_grade,0.0200601805416248,0.3650952858575727,0.6148445336008024,main_reference
L75_Ts120_Tr50p0_dT5_F1p0_LP30,S2a,41,unique_equal,common_5K,1640,1640,0.3920731707317073,low_grade,0.2296890672016048,0.19358074222668,0.5767301905717152,main_reference
L75_Ts120_Tr50p0_dT5_F1p0_LP30,S2a,41,unique_equal,common_span,1640,1640,0.3920731707317073,low_grade,0.2296890672016048,0.19358074222668,0.5767301905717152,main_reference
L75_Ts120_Tr50p0_dT5_F1p0_LP30,S2a,41,unique_equal,grade_half,1640,1640,0.3920731707317073,low_grade,0.0190571715145436,0.3660982948846539,0.6148445336008024,main_reference
L75_Ts120_Tr50p0_dT5_F1p0_LP30,S2a,41,unique_equal,grade_double,1640,1640,0.3920731707317073,low_grade,0.0220661985957873,0.3640922768304915,0.6138415245737212,main_reference
L75_Ts120_Tr50p0_dT5_F1p0_LP30,S2a,41,physical_measure,baseline,1640,1640,0.1768182296524664,low_grade,0.0161930541186103,0.4284802445293059,0.5553267013520835,main_reference
L75_Ts120_Tr50p0_dT5_F1p0_LP30,S2a,41,physical_measure,common_5K,1640,1640,0.1768182296524664,low_grade,0.2472159317234956,0.2386079342161935,0.5141761340603105,main_reference
L75_Ts120_Tr50p0_dT5_F1p0_LP30,S2a,41,physical_measure,common_span,1640,1640,0.1768182296524664,low_grade,0.2472159317234956,0.2386079342161935,0.5141761340603105,main_reference
L75_Ts120_Tr50p0_dT5_F1p0_LP30,S2a,41,physical_measure,grade_half,1640,1640,0.1768182296524664,low_grade,0.0153406636005168,0.4293326350473994,0.5553267013520835,main_reference
L75_Ts120_Tr50p0_dT5_F1p0_LP30,S2a,41,physical_measure,grade_double,1640,1640,0.1768182296524664,low_grade,0.0179182079167058,0.4276117371275956,0.5544700549556982,main_reference
L75_Ts120_Tr50p0_dT5_F1p0_LP30,S2b,41,raw_equal,baseline,1640,1640,0.3689024390243902,low_grade,0.1169082125603864,0.1536231884057971,0.7294685990338164,main_reference
L75_Ts120_Tr50p0_dT5_F1p0_LP30,S2b,41,raw_equal,common_5K,1640,1640,0.3689024390243902,low_grade,0.4560386473429951,0.0,0.5439613526570048,main_reference
L75_Ts120_Tr50p0_dT5_F1p0_LP30,S2b,41,raw_equal,common_span,1640,1640,0.3689024390243902,low_grade,0.4560386473429951,0.0,0.5439613526570048,main_reference
L75_Ts120_Tr50p0_dT5_F1p0_LP30,S2b,41,raw_equal,grade_half,1640,1640,0.3689024390243902,low_grade,0.1120772946859903,0.1555555555555555,0.7323671497584541,main_reference
L75_Ts120_Tr50p0_dT5_F1p0_LP30,S2b,41,raw_equal,grade_double,1640,1640,0.3689024390243902,low_grade,0.1314009661835748,0.1468599033816425,0.7217391304347827,main_reference
L75_Ts120_Tr50p0_dT5_F1p0_LP30,S2b,41,unique_equal,baseline,1640,1640,0.3689024390243902,low_grade,0.1169082125603864,0.1536231884057971,0.7294685990338164,main_reference
L75_Ts120_Tr50p0_dT5_F1p0_LP30,S2b,41,unique_equal,common_5K,1640,1640,0.3689024390243902,low_grade,0.4560386473429951,0.0,0.5439613526570048,main_reference
L75_Ts120_Tr50p0_dT5_F1p0_LP30,S2b,41,unique_equal,common_span,1640,1640,0.3689024390243902,low_grade,0.4560386473429951,0.0,0.5439613526570048,main_reference
L75_Ts120_Tr50p0_dT5_F1p0_LP30,S2b,41,unique_equal,grade_half,1640,1640,0.3689024390243902,low_grade,0.1120772946859903,0.1555555555555555,0.7323671497584541,main_reference
L75_Ts120_Tr50p0_dT5_F1p0_LP30,S2b,41,unique_equal,grade_double,1640,1640,0.3689024390243902,low_grade,0.1314009661835748,0.1468599033816425,0.7217391304347827,main_reference
L75_Ts120_Tr50p0_dT5_F1p0_LP30,S2b,41,physical_measure,baseline,1640,1640,0.1583109463742025,low_grade,0.1115160142662322,0.211739213387028,0.6767447723467396,main_reference
L75_Ts120_Tr50p0_dT5_F1p0_LP30,S2b,41,physical_measure,common_5K,1640,1640,0.1583109463742025,supply,0.5435610602500709,0.0,0.4564389397499286,main_reference
L75_Ts120_Tr50p0_dT5_F1p0_LP30,S2b,41,physical_measure,common_span,1640,1640,0.1583109463742025,supply,0.5435610602500709,0.0,0.4564389397499286,main_reference
L75_Ts120_Tr50p0_dT5_F1p0_LP30,S2b,41,physical_measure,grade_half,1640,1640,0.1583109463742025,low_grade,0.1060530788216098,0.2141187036486831,0.6798282175297067,main_reference
L75_Ts120_Tr50p0_dT5_F1p0_LP30,S2b,41,physical_measure,grade_double,1640,1640,0.1583109463742025,low_grade,0.1274237666103025,0.2038804974106973,0.6686957359789999,main_reference
L75_Ts120_Tr60p0_dT5_F1p0_LP30,S1,41,raw_equal,baseline,40,40,0.4,high_grade,0.0833333333333333,0.9166666666666666,0.0,main_reference
L75_Ts120_Tr60p0_dT5_F1p0_LP30,S1,41,raw_equal,common_5K,40,40,0.4,high_grade,0.25,0.75,0.0,main_reference
L75_Ts120_Tr60p0_dT5_F1p0_LP30,S1,41,raw_equal,common_span,40,40,0.4,high_grade,0.25,0.75,0.0,main_reference
L75_Ts120_Tr60p0_dT5_F1p0_LP30,S1,41,raw_equal,grade_half,40,40,0.4,high_grade,0.0833333333333333,0.9166666666666666,0.0,main_reference
L75_Ts120_Tr60p0_dT5_F1p0_LP30,S1,41,raw_equal,grade_double,40,40,0.4,high_grade,0.0833333333333333,0.9166666666666666,0.0,main_reference
L75_Ts120_Tr60p0_dT5_F1p0_LP30,S1,41,unique_equal,baseline,40,40,0.4,high_grade,0.0833333333333333,0.9166666666666666,0.0,main_reference
L75_Ts120_Tr60p0_dT5_F1p0_LP30,S1,41,unique_equal,common_5K,40,40,0.4,high_grade,0.25,0.75,0.0,main_reference
L75_Ts120_Tr60p0_dT5_F1p0_LP30,S1,41,unique_equal,common_span,40,40,0.4,high_grade,0.25,0.75,0.0,main_reference
L75_Ts120_Tr60p0_dT5_F1p0_LP30,S1,41,unique_equal,grade_half,40,40,0.4,high_grade,0.0833333333333333,0.9166666666666666,0.0,main_reference
L75_Ts120_Tr60p0_dT5_F1p0_LP30,S1,41,unique_equal,grade_double,40,40,0.4,high_grade,0.0833333333333333,0.9166666666666666,0.0,main_reference
L75_Ts120_Tr60p0_dT5_F1p0_LP30,S1,41,physical_measure,baseline,40,40,0.4050632911392405,high_grade,0.0851063829787234,0.9148936170212766,0.0,main_reference
L75_Ts120_Tr60p0_dT5_F1p0_LP30,S1,41,physical_measure,common_5K,40,40,0.4050632911392405,high_grade,0.2553191489361702,0.7446808510638298,0.0,main_reference
L75_Ts120_Tr60p0_dT5_F1p0_LP30,S1,41,physical_measure,common_span,40,40,0.4050632911392405,high_grade,0.2553191489361702,0.7446808510638298,0.0,main_reference
L75_Ts120_Tr60p0_dT5_F1p0_LP30,S1,41,physical_measure,grade_half,40,40,0.4050632911392405,high_grade,0.0851063829787234,0.9148936170212766,0.0,main_reference
L75_Ts120_Tr60p0_dT5_F1p0_LP30,S1,41,physical_measure,grade_double,40,40,0.4050632911392405,high_grade,0.0851063829787234,0.9148936170212766,0.0,main_reference
L75_Ts120_Tr60p0_dT5_F1p0_LP30,S2a,41,raw_equal,baseline,1640,1640,0.3067073170731708,low_grade,0.0184696569920844,0.3465259454705365,0.635004397537379,main_reference
L75_Ts120_Tr60p0_dT5_F1p0_LP30,S2a,41,raw_equal,common_5K,1640,1640,0.3067073170731708,low_grade,0.2383465259454705,0.169744942832014,0.5919085312225154,main_reference
L75_Ts120_Tr60p0_dT5_F1p0_LP30,S2a,41,raw_equal,common_span,1640,1640,0.3067073170731708,low_grade,0.2383465259454705,0.169744942832014,0.5919085312225154,main_reference
L75_Ts120_Tr60p0_dT5_F1p0_LP30,S2a,41,raw_equal,grade_half,1640,1640,0.3067073170731708,low_grade,0.0175901495162708,0.3465259454705365,0.6358839050131926,main_reference
L75_Ts120_Tr60p0_dT5_F1p0_LP30,S2a,41,raw_equal,grade_double,1640,1640,0.3067073170731708,low_grade,0.0193491644678979,0.3456464379947229,0.635004397537379,main_reference
L75_Ts120_Tr60p0_dT5_F1p0_LP30,S2a,41,unique_equal,baseline,1640,1640,0.3067073170731708,low_grade,0.0184696569920844,0.3465259454705365,0.635004397537379,main_reference
L75_Ts120_Tr60p0_dT5_F1p0_LP30,S2a,41,unique_equal,common_5K,1640,1640,0.3067073170731708,low_grade,0.2383465259454705,0.169744942832014,0.5919085312225154,main_reference
L75_Ts120_Tr60p0_dT5_F1p0_LP30,S2a,41,unique_equal,common_span,1640,1640,0.3067073170731708,low_grade,0.2383465259454705,0.169744942832014,0.5919085312225154,main_reference
L75_Ts120_Tr60p0_dT5_F1p0_LP30,S2a,41,unique_equal,grade_half,1640,1640,0.3067073170731708,low_grade,0.0175901495162708,0.3465259454705365,0.6358839050131926,main_reference
L75_Ts120_Tr60p0_dT5_F1p0_LP30,S2a,41,unique_equal,grade_double,1640,1640,0.3067073170731708,low_grade,0.0193491644678979,0.3456464379947229,0.635004397537379,main_reference
L75_Ts120_Tr60p0_dT5_F1p0_LP30,S2a,41,physical_measure,baseline,1640,1640,0.1137535901293067,low_grade,0.0134971616651227,0.4198614821197359,0.5666413562151403,main_reference
L75_Ts120_Tr60p0_dT5_F1p0_LP30,S2a,41,physical_measure,common_5K,1640,1640,0.1137535901293067,low_grade,0.2577568412664985,0.2216287699667095,0.5206143887667916,main_reference
L75_Ts120_Tr60p0_dT5_F1p0_LP30,S2a,41,physical_measure,common_span,1640,1640,0.1137535901293067,low_grade,0.2577568412664985,0.2216287699667095,0.5206143887667916,main_reference
L75_Ts120_Tr60p0_dT5_F1p0_LP30,S2a,41,physical_measure,grade_half,1640,1640,0.1137535901293067,low_grade,0.0128004618432568,0.4198614821197359,0.5673380560370064,main_reference
L75_Ts120_Tr60p0_dT5_F1p0_LP30,S2a,41,physical_measure,grade_double,1640,1640,0.1137535901293067,low_grade,0.0142068582042987,0.41915178558056,0.5666413562151403,main_reference
L75_Ts120_Tr60p0_dT5_F1p0_LP30,S2b,41,raw_equal,baseline,1640,1640,0.2884146341463415,low_grade,0.0865467009425878,0.1491002570694087,0.7643530419880035,main_reference
L75_Ts120_Tr60p0_dT5_F1p0_LP30,S2b,41,raw_equal,common_5K,1640,1640,0.2884146341463415,low_grade,0.4361610968294773,0.0,0.5638389031705227,main_reference
L75_Ts120_Tr60p0_dT5_F1p0_LP30,S2b,41,raw_equal,common_span,1640,1640,0.2884146341463415,low_grade,0.4361610968294773,0.0,0.5638389031705227,main_reference
L75_Ts120_Tr60p0_dT5_F1p0_LP30,S2b,41,raw_equal,grade_half,1640,1640,0.2884146341463415,low_grade,0.0796915167095115,0.1508140531276778,0.7694944301628106,main_reference
L75_Ts120_Tr60p0_dT5_F1p0_LP30,S2b,41,raw_equal,grade_double,1640,1640,0.2884146341463415,low_grade,0.0985432733504712,0.143101970865467,0.7583547557840618,main_reference
L75_Ts120_Tr60p0_dT5_F1p0_LP30,S2b,41,unique_equal,baseline,1640,1640,0.2884146341463415,low_grade,0.0865467009425878,0.1491002570694087,0.7643530419880035,main_reference
L75_Ts120_Tr60p0_dT5_F1p0_LP30,S2b,41,unique_equal,common_5K,1640,1640,0.2884146341463415,low_grade,0.4361610968294773,0.0,0.5638389031705227,main_reference
L75_Ts120_Tr60p0_dT5_F1p0_LP30,S2b,41,unique_equal,common_span,1640,1640,0.2884146341463415,low_grade,0.4361610968294773,0.0,0.5638389031705227,main_reference
L75_Ts120_Tr60p0_dT5_F1p0_LP30,S2b,41,unique_equal,grade_half,1640,1640,0.2884146341463415,low_grade,0.0796915167095115,0.1508140531276778,0.7694944301628106,main_reference
L75_Ts120_Tr60p0_dT5_F1p0_LP30,S2b,41,unique_equal,grade_double,1640,1640,0.2884146341463415,low_grade,0.0985432733504712,0.143101970865467,0.7583547557840618,main_reference
L75_Ts120_Tr60p0_dT5_F1p0_LP30,S2b,41,physical_measure,baseline,1640,1640,0.1020967601927351,low_grade,0.0778427801018739,0.2136143121515152,0.7085429077466103,main_reference
L75_Ts120_Tr60p0_dT5_F1p0_LP30,S2b,41,physical_measure,common_5K,1640,1640,0.1020967601927351,supply,0.5335825357483982,0.0,0.4664174642516014,main_reference
L75_Ts120_Tr60p0_dT5_F1p0_LP30,S2b,41,physical_measure,common_span,1640,1640,0.1020967601927351,supply,0.5335825357483982,0.0,0.4664174642516014,main_reference
L75_Ts120_Tr60p0_dT5_F1p0_LP30,S2b,41,physical_measure,grade_half,1640,1640,0.1020967601927351,low_grade,0.0708024128232055,0.2156940247255646,0.7135035624512294,main_reference
L75_Ts120_Tr60p0_dT5_F1p0_LP30,S2b,41,physical_measure,grade_double,1640,1640,0.1020967601927351,low_grade,0.0911922772869725,0.2067228714695221,0.702084851243505,main_reference
L75_Ts130_Tr50p0_dT5_F1p0_LP30,S1,41,raw_equal,baseline,40,40,0.5,high_grade,0.0,1.0,0.0,main_reference
L75_Ts130_Tr50p0_dT5_F1p0_LP30,S1,41,raw_equal,common_5K,40,40,0.5,high_grade,0.0,1.0,0.0,main_reference
L75_Ts130_Tr50p0_dT5_F1p0_LP30,S1,41,raw_equal,common_span,40,40,0.5,high_grade,0.0,1.0,0.0,main_reference
L75_Ts130_Tr50p0_dT5_F1p0_LP30,S1,41,raw_equal,grade_half,40,40,0.5,high_grade,0.0,1.0,0.0,main_reference
L75_Ts130_Tr50p0_dT5_F1p0_LP30,S1,41,raw_equal,grade_double,40,40,0.5,high_grade,0.0,1.0,0.0,main_reference
L75_Ts130_Tr50p0_dT5_F1p0_LP30,S1,41,unique_equal,baseline,40,40,0.5,high_grade,0.0,1.0,0.0,main_reference
L75_Ts130_Tr50p0_dT5_F1p0_LP30,S1,41,unique_equal,common_5K,40,40,0.5,high_grade,0.0,1.0,0.0,main_reference
L75_Ts130_Tr50p0_dT5_F1p0_LP30,S1,41,unique_equal,common_span,40,40,0.5,high_grade,0.0,1.0,0.0,main_reference
L75_Ts130_Tr50p0_dT5_F1p0_LP30,S1,41,unique_equal,grade_half,40,40,0.5,high_grade,0.0,1.0,0.0,main_reference
L75_Ts130_Tr50p0_dT5_F1p0_LP30,S1,41,unique_equal,grade_double,40,40,0.5,high_grade,0.0,1.0,0.0,main_reference
L75_Ts130_Tr50p0_dT5_F1p0_LP30,S1,41,physical_measure,baseline,40,40,0.5063291139240507,high_grade,0.0,1.0,0.0,main_reference
L75_Ts130_Tr50p0_dT5_F1p0_LP30,S1,41,physical_measure,common_5K,40,40,0.5063291139240507,high_grade,0.0,1.0,0.0,main_reference
L75_Ts130_Tr50p0_dT5_F1p0_LP30,S1,41,physical_measure,common_span,40,40,0.5063291139240507,high_grade,0.0,1.0,0.0,main_reference
L75_Ts130_Tr50p0_dT5_F1p0_LP30,S1,41,physical_measure,grade_half,40,40,0.5063291139240507,high_grade,0.0,1.0,0.0,main_reference
L75_Ts130_Tr50p0_dT5_F1p0_LP30,S1,41,physical_measure,grade_double,40,40,0.5063291139240507,high_grade,0.0,1.0,0.0,main_reference
L75_Ts130_Tr50p0_dT5_F1p0_LP30,S2a,41,raw_equal,baseline,1640,1640,0.4030487804878049,low_grade,0.0,0.3738508682328907,0.6261491317671093,main_reference
L75_Ts130_Tr50p0_dT5_F1p0_LP30,S2a,41,raw_equal,common_5K,1640,1640,0.4030487804878049,low_grade,0.0,0.3738508682328907,0.6261491317671093,main_reference
L75_Ts130_Tr50p0_dT5_F1p0_LP30,S2a,41,raw_equal,common_span,1640,1640,0.4030487804878049,low_grade,0.0,0.3738508682328907,0.6261491317671093,main_reference
L75_Ts130_Tr50p0_dT5_F1p0_LP30,S2a,41,raw_equal,grade_half,1640,1640,0.4030487804878049,low_grade,0.0,0.3738508682328907,0.6261491317671093,main_reference
L75_Ts130_Tr50p0_dT5_F1p0_LP30,S2a,41,raw_equal,grade_double,1640,1640,0.4030487804878049,low_grade,0.0,0.3738508682328907,0.6261491317671093,main_reference
L75_Ts130_Tr50p0_dT5_F1p0_LP30,S2a,41,unique_equal,baseline,1640,1640,0.4030487804878049,low_grade,0.0,0.3738508682328907,0.6261491317671093,main_reference
L75_Ts130_Tr50p0_dT5_F1p0_LP30,S2a,41,unique_equal,common_5K,1640,1640,0.4030487804878049,low_grade,0.0,0.3738508682328907,0.6261491317671093,main_reference
L75_Ts130_Tr50p0_dT5_F1p0_LP30,S2a,41,unique_equal,common_span,1640,1640,0.4030487804878049,low_grade,0.0,0.3738508682328907,0.6261491317671093,main_reference
L75_Ts130_Tr50p0_dT5_F1p0_LP30,S2a,41,unique_equal,grade_half,1640,1640,0.4030487804878049,low_grade,0.0,0.3738508682328907,0.6261491317671093,main_reference
L75_Ts130_Tr50p0_dT5_F1p0_LP30,S2a,41,unique_equal,grade_double,1640,1640,0.4030487804878049,low_grade,0.0,0.3738508682328907,0.6261491317671093,main_reference
L75_Ts130_Tr50p0_dT5_F1p0_LP30,S2a,41,physical_measure,baseline,1640,1640,0.1887347218115187,low_grade,0.0,0.4365162303494291,0.5634837696505705,main_reference
L75_Ts130_Tr50p0_dT5_F1p0_LP30,S2a,41,physical_measure,common_5K,1640,1640,0.1887347218115187,low_grade,0.0,0.4365162303494291,0.5634837696505705,main_reference
L75_Ts130_Tr50p0_dT5_F1p0_LP30,S2a,41,physical_measure,common_span,1640,1640,0.1887347218115187,low_grade,0.0,0.4365162303494291,0.5634837696505705,main_reference
L75_Ts130_Tr50p0_dT5_F1p0_LP30,S2a,41,physical_measure,grade_half,1640,1640,0.1887347218115187,low_grade,0.0,0.4365162303494291,0.5634837696505705,main_reference
L75_Ts130_Tr50p0_dT5_F1p0_LP30,S2a,41,physical_measure,grade_double,1640,1640,0.1887347218115187,low_grade,0.0,0.4365162303494291,0.5634837696505705,main_reference
L75_Ts130_Tr50p0_dT5_F1p0_LP30,S2b,41,raw_equal,baseline,1640,1640,0.3932926829268293,low_grade,0.0763819095477387,0.1608040201005025,0.7628140703517587,main_reference
L75_Ts130_Tr50p0_dT5_F1p0_LP30,S2b,41,raw_equal,common_5K,1640,1640,0.3932926829268293,low_grade,0.3638190954773869,0.0,0.6361809045226131,main_reference
L75_Ts130_Tr50p0_dT5_F1p0_LP30,S2b,41,raw_equal,common_span,1640,1640,0.3932926829268293,low_grade,0.3638190954773869,0.0,0.6361809045226131,main_reference
L75_Ts130_Tr50p0_dT5_F1p0_LP30,S2b,41,raw_equal,grade_half,1640,1640,0.3932926829268293,low_grade,0.0753768844221105,0.1618090452261306,0.7628140703517587,main_reference
L75_Ts130_Tr50p0_dT5_F1p0_LP30,S2b,41,raw_equal,grade_double,1640,1640,0.3932926829268293,low_grade,0.0844221105527638,0.1567839195979899,0.7587939698492462,main_reference
L75_Ts130_Tr50p0_dT5_F1p0_LP30,S2b,41,unique_equal,baseline,1640,1640,0.3932926829268293,low_grade,0.0763819095477387,0.1608040201005025,0.7628140703517587,main_reference
L75_Ts130_Tr50p0_dT5_F1p0_LP30,S2b,41,unique_equal,common_5K,1640,1640,0.3932926829268293,low_grade,0.3638190954773869,0.0,0.6361809045226131,main_reference
L75_Ts130_Tr50p0_dT5_F1p0_LP30,S2b,41,unique_equal,common_span,1640,1640,0.3932926829268293,low_grade,0.3638190954773869,0.0,0.6361809045226131,main_reference
L75_Ts130_Tr50p0_dT5_F1p0_LP30,S2b,41,unique_equal,grade_half,1640,1640,0.3932926829268293,low_grade,0.0753768844221105,0.1618090452261306,0.7628140703517587,main_reference
L75_Ts130_Tr50p0_dT5_F1p0_LP30,S2b,41,unique_equal,grade_double,1640,1640,0.3932926829268293,low_grade,0.0844221105527638,0.1567839195979899,0.7587939698492462,main_reference
L75_Ts130_Tr50p0_dT5_F1p0_LP30,S2b,41,physical_measure,baseline,1640,1640,0.1848836366055347,low_grade,0.0771886377772759,0.2198726017507423,0.7029387604719813,main_reference
L75_Ts130_Tr50p0_dT5_F1p0_LP30,S2b,41,physical_measure,common_5K,1640,1640,0.1848836366055347,low_grade,0.4520272097630911,0.0,0.5479727902369083,main_reference
L75_Ts130_Tr50p0_dT5_F1p0_LP30,S2b,41,physical_measure,common_span,1640,1640,0.1848836366055347,low_grade,0.4520272097630911,0.0,0.5479727902369083,main_reference
L75_Ts130_Tr50p0_dT5_F1p0_LP30,S2b,41,physical_measure,grade_half,1640,1640,0.1848836366055347,low_grade,0.0759622932534887,0.2210989462745295,0.7029387604719813,main_reference
L75_Ts130_Tr50p0_dT5_F1p0_LP30,S2b,41,physical_measure,grade_double,1640,1640,0.1848836366055347,low_grade,0.0866198003163041,0.2149102680024101,0.6984699316812853,main_reference
L75_Ts130_Tr60p0_dT5_F1p0_LP30,S1,41,raw_equal,baseline,40,40,0.4499999999999999,high_grade,0.0,1.0,0.0,main_reference
L75_Ts130_Tr60p0_dT5_F1p0_LP30,S1,41,raw_equal,common_5K,40,40,0.4499999999999999,high_grade,0.0,1.0,0.0,main_reference
L75_Ts130_Tr60p0_dT5_F1p0_LP30,S1,41,raw_equal,common_span,40,40,0.4499999999999999,high_grade,0.0,1.0,0.0,main_reference
L75_Ts130_Tr60p0_dT5_F1p0_LP30,S1,41,raw_equal,grade_half,40,40,0.4499999999999999,high_grade,0.0,1.0,0.0,main_reference
L75_Ts130_Tr60p0_dT5_F1p0_LP30,S1,41,raw_equal,grade_double,40,40,0.4499999999999999,high_grade,0.0,1.0,0.0,main_reference
L75_Ts130_Tr60p0_dT5_F1p0_LP30,S1,41,unique_equal,baseline,40,40,0.4499999999999999,high_grade,0.0,1.0,0.0,main_reference
L75_Ts130_Tr60p0_dT5_F1p0_LP30,S1,41,unique_equal,common_5K,40,40,0.4499999999999999,high_grade,0.0,1.0,0.0,main_reference
L75_Ts130_Tr60p0_dT5_F1p0_LP30,S1,41,unique_equal,common_span,40,40,0.4499999999999999,high_grade,0.0,1.0,0.0,main_reference
L75_Ts130_Tr60p0_dT5_F1p0_LP30,S1,41,unique_equal,grade_half,40,40,0.4499999999999999,high_grade,0.0,1.0,0.0,main_reference
L75_Ts130_Tr60p0_dT5_F1p0_LP30,S1,41,unique_equal,grade_double,40,40,0.4499999999999999,high_grade,0.0,1.0,0.0,main_reference
L75_Ts130_Tr60p0_dT5_F1p0_LP30,S1,41,physical_measure,baseline,40,40,0.4556962025316455,high_grade,0.0,1.0,0.0,main_reference
L75_Ts130_Tr60p0_dT5_F1p0_LP30,S1,41,physical_measure,common_5K,40,40,0.4556962025316455,high_grade,0.0,1.0,0.0,main_reference
L75_Ts130_Tr60p0_dT5_F1p0_LP30,S1,41,physical_measure,common_span,40,40,0.4556962025316455,high_grade,0.0,1.0,0.0,main_reference
L75_Ts130_Tr60p0_dT5_F1p0_LP30,S1,41,physical_measure,grade_half,40,40,0.4556962025316455,high_grade,0.0,1.0,0.0,main_reference
L75_Ts130_Tr60p0_dT5_F1p0_LP30,S1,41,physical_measure,grade_double,40,40,0.4556962025316455,high_grade,0.0,1.0,0.0,main_reference
L75_Ts130_Tr60p0_dT5_F1p0_LP30,S2a,41,raw_equal,baseline,1640,1640,0.3182926829268292,low_grade,0.0,0.3533094812164579,0.646690518783542,main_reference
L75_Ts130_Tr60p0_dT5_F1p0_LP30,S2a,41,raw_equal,common_5K,1640,1640,0.3182926829268292,low_grade,0.0,0.3533094812164579,0.646690518783542,main_reference
L75_Ts130_Tr60p0_dT5_F1p0_LP30,S2a,41,raw_equal,common_span,1640,1640,0.3182926829268292,low_grade,0.0,0.3533094812164579,0.646690518783542,main_reference
L75_Ts130_Tr60p0_dT5_F1p0_LP30,S2a,41,raw_equal,grade_half,1640,1640,0.3182926829268292,low_grade,0.0,0.3533094812164579,0.646690518783542,main_reference
L75_Ts130_Tr60p0_dT5_F1p0_LP30,S2a,41,raw_equal,grade_double,1640,1640,0.3182926829268292,low_grade,0.0,0.3533094812164579,0.646690518783542,main_reference
L75_Ts130_Tr60p0_dT5_F1p0_LP30,S2a,41,unique_equal,baseline,1640,1640,0.3182926829268292,low_grade,0.0,0.3533094812164579,0.646690518783542,main_reference
L75_Ts130_Tr60p0_dT5_F1p0_LP30,S2a,41,unique_equal,common_5K,1640,1640,0.3182926829268292,low_grade,0.0,0.3533094812164579,0.646690518783542,main_reference
L75_Ts130_Tr60p0_dT5_F1p0_LP30,S2a,41,unique_equal,common_span,1640,1640,0.3182926829268292,low_grade,0.0,0.3533094812164579,0.646690518783542,main_reference
L75_Ts130_Tr60p0_dT5_F1p0_LP30,S2a,41,unique_equal,grade_half,1640,1640,0.3182926829268292,low_grade,0.0,0.3533094812164579,0.646690518783542,main_reference
L75_Ts130_Tr60p0_dT5_F1p0_LP30,S2a,41,unique_equal,grade_double,1640,1640,0.3182926829268292,low_grade,0.0,0.3533094812164579,0.646690518783542,main_reference
L75_Ts130_Tr60p0_dT5_F1p0_LP30,S2a,41,physical_measure,baseline,1640,1640,0.1244718970759513,low_grade,0.0,0.4257165319233237,0.5742834680766754,main_reference
L75_Ts130_Tr60p0_dT5_F1p0_LP30,S2a,41,physical_measure,common_5K,1640,1640,0.1244718970759513,low_grade,0.0,0.4257165319233237,0.5742834680766754,main_reference
L75_Ts130_Tr60p0_dT5_F1p0_LP30,S2a,41,physical_measure,common_span,1640,1640,0.1244718970759513,low_grade,0.0,0.4257165319233237,0.5742834680766754,main_reference
L75_Ts130_Tr60p0_dT5_F1p0_LP30,S2a,41,physical_measure,grade_half,1640,1640,0.1244718970759513,low_grade,0.0,0.4257165319233237,0.5742834680766754,main_reference
L75_Ts130_Tr60p0_dT5_F1p0_LP30,S2a,41,physical_measure,grade_double,1640,1640,0.1244718970759513,low_grade,0.0,0.4257165319233237,0.5742834680766754,main_reference
L75_Ts130_Tr60p0_dT5_F1p0_LP30,S2b,41,raw_equal,baseline,1640,1640,0.3067073170731708,low_grade,0.0554089709762532,0.1547933157431838,0.7897977132805629,main_reference
L75_Ts130_Tr60p0_dT5_F1p0_LP30,S2b,41,raw_equal,common_5K,1640,1640,0.3067073170731708,low_grade,0.3465259454705365,0.0,0.6534740545294635,main_reference
L75_Ts130_Tr60p0_dT5_F1p0_LP30,S2b,41,raw_equal,common_span,1640,1640,0.3067073170731708,low_grade,0.3465259454705365,0.0,0.6534740545294635,main_reference
L75_Ts130_Tr60p0_dT5_F1p0_LP30,S2b,41,raw_equal,grade_half,1640,1640,0.3067073170731708,low_grade,0.0527704485488126,0.1556728232189973,0.7915567282321899,main_reference
L75_Ts130_Tr60p0_dT5_F1p0_LP30,S2b,41,raw_equal,grade_double,1640,1640,0.3067073170731708,low_grade,0.0624450307827616,0.1512752858399296,0.7862796833773087,main_reference
L75_Ts130_Tr60p0_dT5_F1p0_LP30,S2b,41,unique_equal,baseline,1640,1640,0.3067073170731708,low_grade,0.0554089709762532,0.1547933157431838,0.7897977132805629,main_reference
L75_Ts130_Tr60p0_dT5_F1p0_LP30,S2b,41,unique_equal,common_5K,1640,1640,0.3067073170731708,low_grade,0.3465259454705365,0.0,0.6534740545294635,main_reference
L75_Ts130_Tr60p0_dT5_F1p0_LP30,S2b,41,unique_equal,common_span,1640,1640,0.3067073170731708,low_grade,0.3465259454705365,0.0,0.6534740545294635,main_reference
L75_Ts130_Tr60p0_dT5_F1p0_LP30,S2b,41,unique_equal,grade_half,1640,1640,0.3067073170731708,low_grade,0.0527704485488126,0.1556728232189973,0.7915567282321899,main_reference
L75_Ts130_Tr60p0_dT5_F1p0_LP30,S2b,41,unique_equal,grade_double,1640,1640,0.3067073170731708,low_grade,0.0624450307827616,0.1512752858399296,0.7862796833773087,main_reference
L75_Ts130_Tr60p0_dT5_F1p0_LP30,S2b,41,physical_measure,baseline,1640,1640,0.119530239581585,low_grade,0.0526295474578038,0.2199648100533472,0.7274056424888486,main_reference
L75_Ts130_Tr60p0_dT5_F1p0_LP30,S2b,41,physical_measure,common_5K,1640,1640,0.119530239581585,low_grade,0.4427100705371887,0.0,0.5572899294628112,main_reference
L75_Ts130_Tr60p0_dT5_F1p0_LP30,S2b,41,physical_measure,common_span,1640,1640,0.119530239581585,low_grade,0.4427100705371887,0.0,0.5572899294628112,main_reference
L75_Ts130_Tr60p0_dT5_F1p0_LP30,S2b,41,physical_measure,grade_half,1640,1640,0.119530239581585,low_grade,0.0497361279710394,0.2210160307613313,0.7292478412676288,main_reference
L75_Ts130_Tr60p0_dT5_F1p0_LP30,S2b,41,physical_measure,grade_double,1640,1640,0.119530239581585,low_grade,0.0600529603190022,0.2162509294583915,0.7236961102226059,main_reference
L100_Ts120_Tr50p0_dT5_F1p0_LP30,S1,41,raw_equal,baseline,40,40,0.3,high_grade,0.1071428571428571,0.8928571428571429,0.0,main_reference
L100_Ts120_Tr50p0_dT5_F1p0_LP30,S1,41,raw_equal,common_5K,40,40,0.3,supply,0.5357142857142857,0.4642857142857143,0.0,main_reference
L100_Ts120_Tr50p0_dT5_F1p0_LP30,S1,41,raw_equal,common_span,40,40,0.3,supply,0.5357142857142857,0.4642857142857143,0.0,main_reference
L100_Ts120_Tr50p0_dT5_F1p0_LP30,S1,41,raw_equal,grade_half,40,40,0.3,high_grade,0.1071428571428571,0.8928571428571429,0.0,main_reference
L100_Ts120_Tr50p0_dT5_F1p0_LP30,S1,41,raw_equal,grade_double,40,40,0.3,high_grade,0.1071428571428571,0.8928571428571429,0.0,main_reference
L100_Ts120_Tr50p0_dT5_F1p0_LP30,S1,41,unique_equal,baseline,40,40,0.3,high_grade,0.1071428571428571,0.8928571428571429,0.0,main_reference
L100_Ts120_Tr50p0_dT5_F1p0_LP30,S1,41,unique_equal,common_5K,40,40,0.3,supply,0.5357142857142857,0.4642857142857143,0.0,main_reference
L100_Ts120_Tr50p0_dT5_F1p0_LP30,S1,41,unique_equal,common_span,40,40,0.3,supply,0.5357142857142857,0.4642857142857143,0.0,main_reference
L100_Ts120_Tr50p0_dT5_F1p0_LP30,S1,41,unique_equal,grade_half,40,40,0.3,high_grade,0.1071428571428571,0.8928571428571429,0.0,main_reference
L100_Ts120_Tr50p0_dT5_F1p0_LP30,S1,41,unique_equal,grade_double,40,40,0.3,high_grade,0.1071428571428571,0.8928571428571429,0.0,main_reference
L100_Ts120_Tr50p0_dT5_F1p0_LP30,S1,41,physical_measure,baseline,40,40,0.3037974683544303,high_grade,0.109090909090909,0.8909090909090909,0.0,main_reference
L100_Ts120_Tr50p0_dT5_F1p0_LP30,S1,41,physical_measure,common_5K,40,40,0.3037974683544303,supply,0.5454545454545454,0.4545454545454545,0.0,main_reference
L100_Ts120_Tr50p0_dT5_F1p0_LP30,S1,41,physical_measure,common_span,40,40,0.3037974683544303,supply,0.5454545454545454,0.4545454545454545,0.0,main_reference
L100_Ts120_Tr50p0_dT5_F1p0_LP30,S1,41,physical_measure,grade_half,40,40,0.3037974683544303,high_grade,0.109090909090909,0.8909090909090909,0.0,main_reference
L100_Ts120_Tr50p0_dT5_F1p0_LP30,S1,41,physical_measure,grade_double,40,40,0.3037974683544303,high_grade,0.109090909090909,0.8909090909090909,0.0,main_reference
L100_Ts120_Tr50p0_dT5_F1p0_LP30,S2a,41,raw_equal,baseline,1640,1640,0.2823170731707317,low_grade,0.0535259133389974,0.4672897196261682,0.4791843670348343,main_reference
L100_Ts120_Tr50p0_dT5_F1p0_LP30,S2a,41,raw_equal,common_5K,1640,1640,0.2823170731707317,supply,0.5437553101104503,0.0858113848768054,0.3704333050127442,main_reference
L100_Ts120_Tr50p0_dT5_F1p0_LP30,S2a,41,raw_equal,common_span,1640,1640,0.2823170731707317,supply,0.5437553101104503,0.0858113848768054,0.3704333050127442,main_reference
L100_Ts120_Tr50p0_dT5_F1p0_LP30,S2a,41,raw_equal,grade_half,1640,1640,0.2823170731707317,low_grade,0.0509770603228547,0.4689889549702634,0.4800339847068819,main_reference
L100_Ts120_Tr50p0_dT5_F1p0_LP30,S2a,41,raw_equal,grade_double,1640,1640,0.2823170731707317,low_grade,0.0577740016992353,0.4630416312659303,0.4791843670348343,main_reference
L100_Ts120_Tr50p0_dT5_F1p0_LP30,S2a,41,unique_equal,baseline,1640,1640,0.2823170731707317,low_grade,0.0535259133389974,0.4672897196261682,0.4791843670348343,main_reference
L100_Ts120_Tr50p0_dT5_F1p0_LP30,S2a,41,unique_equal,common_5K,1640,1640,0.2823170731707317,supply,0.5437553101104503,0.0858113848768054,0.3704333050127442,main_reference
L100_Ts120_Tr50p0_dT5_F1p0_LP30,S2a,41,unique_equal,common_span,1640,1640,0.2823170731707317,supply,0.5437553101104503,0.0858113848768054,0.3704333050127442,main_reference
L100_Ts120_Tr50p0_dT5_F1p0_LP30,S2a,41,unique_equal,grade_half,1640,1640,0.2823170731707317,low_grade,0.0509770603228547,0.4689889549702634,0.4800339847068819,main_reference
L100_Ts120_Tr50p0_dT5_F1p0_LP30,S2a,41,unique_equal,grade_double,1640,1640,0.2823170731707317,low_grade,0.0577740016992353,0.4630416312659303,0.4791843670348343,main_reference
L100_Ts120_Tr50p0_dT5_F1p0_LP30,S2a,41,physical_measure,baseline,1640,1640,0.090357142916246,high_grade,0.0326601009630129,0.5452823596402323,0.4220575393967546,main_reference
L100_Ts120_Tr50p0_dT5_F1p0_LP30,S2a,41,physical_measure,common_5K,1640,1640,0.090357142916246,supply,0.5693268600816187,0.1163187180391941,0.3143544218791868,main_reference
L100_Ts120_Tr50p0_dT5_F1p0_LP30,S2a,41,physical_measure,common_span,1640,1640,0.090357142916246,supply,0.5693268600816187,0.1163187180391941,0.3143544218791868,main_reference
L100_Ts120_Tr50p0_dT5_F1p0_LP30,S2a,41,physical_measure,grade_half,1640,1640,0.090357142916246,high_grade,0.0308763980266106,0.5464715978028513,0.4226520041705379,main_reference
L100_Ts120_Tr50p0_dT5_F1p0_LP30,S2a,41,physical_measure,grade_double,1640,1640,0.090357142916246,high_grade,0.0356635124220377,0.5422789481812074,0.4220575393967546,main_reference
L100_Ts120_Tr50p0_dT5_F1p0_LP30,S2b,41,raw_equal,baseline,1640,1640,0.2640243902439024,low_grade,0.1234465617232808,0.2750621375310688,0.6014913007456504,main_reference
L100_Ts120_Tr50p0_dT5_F1p0_LP30,S2b,41,raw_equal,common_5K,1640,1640,0.2640243902439024,supply,0.6429163214581607,0.0,0.3570836785418392,main_reference
L100_Ts120_Tr50p0_dT5_F1p0_LP30,S2b,41,raw_equal,common_span,1640,1640,0.2640243902439024,supply,0.6429163214581607,0.0,0.3570836785418392,main_reference
L100_Ts120_Tr50p0_dT5_F1p0_LP30,S2b,41,raw_equal,grade_half,1640,1640,0.2640243902439024,low_grade,0.1151615575807787,0.2775476387738194,0.6072908036454018,main_reference
L100_Ts120_Tr50p0_dT5_F1p0_LP30,S2b,41,raw_equal,grade_double,1640,1640,0.2640243902439024,low_grade,0.1350455675227837,0.2692626346313173,0.5956917978458989,main_reference
L100_Ts120_Tr50p0_dT5_F1p0_LP30,S2b,41,unique_equal,baseline,1640,1640,0.2640243902439024,low_grade,0.1234465617232808,0.2750621375310688,0.6014913007456504,main_reference
L100_Ts120_Tr50p0_dT5_F1p0_LP30,S2b,41,unique_equal,common_5K,1640,1640,0.2640243902439024,supply,0.6429163214581607,0.0,0.3570836785418392,main_reference
L100_Ts120_Tr50p0_dT5_F1p0_LP30,S2b,41,unique_equal,common_span,1640,1640,0.2640243902439024,supply,0.6429163214581607,0.0,0.3570836785418392,main_reference
L100_Ts120_Tr50p0_dT5_F1p0_LP30,S2b,41,unique_equal,grade_half,1640,1640,0.2640243902439024,low_grade,0.1151615575807787,0.2775476387738194,0.6072908036454018,main_reference
L100_Ts120_Tr50p0_dT5_F1p0_LP30,S2b,41,unique_equal,grade_double,1640,1640,0.2640243902439024,low_grade,0.1350455675227837,0.2692626346313173,0.5956917978458989,main_reference
L100_Ts120_Tr50p0_dT5_F1p0_LP30,S2b,41,physical_measure,baseline,1640,1640,0.0794715814760829,low_grade,0.0889720722882578,0.3755137394600386,0.5355141882517033,main_reference
L100_Ts120_Tr50p0_dT5_F1p0_LP30,S2b,41,physical_measure,common_5K,1640,1640,0.0794715814760829,supply,0.7204485357813366,0.0,0.2795514642186632,main_reference
L100_Ts120_Tr50p0_dT5_F1p0_LP30,S2b,41,physical_measure,common_span,1640,1640,0.0794715814760829,supply,0.7204485357813366,0.0,0.2795514642186632,main_reference
L100_Ts120_Tr50p0_dT5_F1p0_LP30,S2b,41,physical_measure,grade_half,1640,1640,0.0794715814760829,low_grade,0.0824208764702702,0.3775720496415709,0.5400070738881586,main_reference
L100_Ts120_Tr50p0_dT5_F1p0_LP30,S2b,41,physical_measure,grade_double,1640,1640,0.0794715814760829,low_grade,0.0998055997657275,0.3696416675256873,0.5305527327085848,main_reference
L100_Ts120_Tr60p0_dT5_F1p0_LP30,S1,41,raw_equal,baseline,40,40,0.275,high_grade,0.1034482758620689,0.896551724137931,0.0,main_reference
L100_Ts120_Tr60p0_dT5_F1p0_LP30,S1,41,raw_equal,common_5K,40,40,0.275,supply,0.5517241379310345,0.4482758620689655,0.0,main_reference
L100_Ts120_Tr60p0_dT5_F1p0_LP30,S1,41,raw_equal,common_span,40,40,0.275,supply,0.5517241379310345,0.4482758620689655,0.0,main_reference
L100_Ts120_Tr60p0_dT5_F1p0_LP30,S1,41,raw_equal,grade_half,40,40,0.275,high_grade,0.1034482758620689,0.896551724137931,0.0,main_reference
L100_Ts120_Tr60p0_dT5_F1p0_LP30,S1,41,raw_equal,grade_double,40,40,0.275,high_grade,0.1034482758620689,0.896551724137931,0.0,main_reference
L100_Ts120_Tr60p0_dT5_F1p0_LP30,S1,41,unique_equal,baseline,40,40,0.275,high_grade,0.1034482758620689,0.896551724137931,0.0,main_reference
L100_Ts120_Tr60p0_dT5_F1p0_LP30,S1,41,unique_equal,common_5K,40,40,0.275,supply,0.5517241379310345,0.4482758620689655,0.0,main_reference
L100_Ts120_Tr60p0_dT5_F1p0_LP30,S1,41,unique_equal,common_span,40,40,0.275,supply,0.5517241379310345,0.4482758620689655,0.0,main_reference
L100_Ts120_Tr60p0_dT5_F1p0_LP30,S1,41,unique_equal,grade_half,40,40,0.275,high_grade,0.1034482758620689,0.896551724137931,0.0,main_reference
L100_Ts120_Tr60p0_dT5_F1p0_LP30,S1,41,unique_equal,grade_double,40,40,0.275,high_grade,0.1034482758620689,0.896551724137931,0.0,main_reference
L100_Ts120_Tr60p0_dT5_F1p0_LP30,S1,41,physical_measure,baseline,40,40,0.2784810126582279,high_grade,0.1052631578947368,0.8947368421052632,0.0,main_reference
L100_Ts120_Tr60p0_dT5_F1p0_LP30,S1,41,physical_measure,common_5K,40,40,0.2784810126582279,supply,0.5614035087719298,0.4385964912280701,0.0,main_reference
L100_Ts120_Tr60p0_dT5_F1p0_LP30,S1,41,physical_measure,common_span,40,40,0.2784810126582279,supply,0.5614035087719298,0.4385964912280701,0.0,main_reference
L100_Ts120_Tr60p0_dT5_F1p0_LP30,S1,41,physical_measure,grade_half,40,40,0.2784810126582279,high_grade,0.1052631578947368,0.8947368421052632,0.0,main_reference
L100_Ts120_Tr60p0_dT5_F1p0_LP30,S1,41,physical_measure,grade_double,40,40,0.2784810126582279,high_grade,0.1052631578947368,0.8947368421052632,0.0,main_reference
L100_Ts120_Tr60p0_dT5_F1p0_LP30,S2a,41,raw_equal,baseline,1640,1640,0.2310975609756097,low_grade,0.0444091990483743,0.4536082474226804,0.5019825535289453,main_reference
L100_Ts120_Tr60p0_dT5_F1p0_LP30,S2a,41,raw_equal,common_5K,1640,1640,0.2310975609756097,supply,0.535289452815226,0.0800951625693893,0.3846153846153846,main_reference
L100_Ts120_Tr60p0_dT5_F1p0_LP30,S2a,41,raw_equal,common_span,1640,1640,0.2310975609756097,supply,0.535289452815226,0.0800951625693893,0.3846153846153846,main_reference
L100_Ts120_Tr60p0_dT5_F1p0_LP30,S2a,41,raw_equal,grade_half,1640,1640,0.2310975609756097,low_grade,0.0412371134020618,0.4559873116574147,0.5027755749405234,main_reference
L100_Ts120_Tr60p0_dT5_F1p0_LP30,S2a,41,raw_equal,grade_double,1640,1640,0.2310975609756097,low_grade,0.0483743061062648,0.4512291831879461,0.500396510705789,main_reference
L100_Ts120_Tr60p0_dT5_F1p0_LP30,S2a,41,unique_equal,baseline,1640,1640,0.2310975609756097,low_grade,0.0444091990483743,0.4536082474226804,0.5019825535289453,main_reference
L100_Ts120_Tr60p0_dT5_F1p0_LP30,S2a,41,unique_equal,common_5K,1640,1640,0.2310975609756097,supply,0.535289452815226,0.0800951625693893,0.3846153846153846,main_reference
L100_Ts120_Tr60p0_dT5_F1p0_LP30,S2a,41,unique_equal,common_span,1640,1640,0.2310975609756097,supply,0.535289452815226,0.0800951625693893,0.3846153846153846,main_reference
L100_Ts120_Tr60p0_dT5_F1p0_LP30,S2a,41,unique_equal,grade_half,1640,1640,0.2310975609756097,low_grade,0.0412371134020618,0.4559873116574147,0.5027755749405234,main_reference
L100_Ts120_Tr60p0_dT5_F1p0_LP30,S2a,41,unique_equal,grade_double,1640,1640,0.2310975609756097,low_grade,0.0483743061062648,0.4512291831879461,0.500396510705789,main_reference
L100_Ts120_Tr60p0_dT5_F1p0_LP30,S2a,41,physical_measure,baseline,1640,1640,0.0627143655665264,high_grade,0.0250085053723691,0.5410368894645794,0.4339546051630516,main_reference
L100_Ts120_Tr60p0_dT5_F1p0_LP30,S2a,41,physical_measure,common_5K,1640,1640,0.0627143655665264,supply,0.5673343540033697,0.1128882030432978,0.3197774429533325,main_reference
L100_Ts120_Tr60p0_dT5_F1p0_LP30,S2a,41,physical_measure,common_span,1640,1640,0.0627143655665264,supply,0.5673343540033697,0.1128882030432978,0.3197774429533325,main_reference
L100_Ts120_Tr60p0_dT5_F1p0_LP30,S2a,41,physical_measure,grade_half,1640,1640,0.0627143655665264,high_grade,0.0229763445433045,0.5425915314106402,0.4344321240460554,main_reference
L100_Ts120_Tr60p0_dT5_F1p0_LP30,S2a,41,physical_measure,grade_double,1640,1640,0.0627143655665264,high_grade,0.0275083013903552,0.5394544915140413,0.4330372070956036,main_reference
L100_Ts120_Tr60p0_dT5_F1p0_LP30,S2b,41,raw_equal,baseline,1640,1640,0.2140243902439024,low_grade,0.1024049650892164,0.2676493405740884,0.6299456943366951,main_reference
L100_Ts120_Tr60p0_dT5_F1p0_LP30,S2b,41,raw_equal,common_5K,1640,1640,0.2140243902439024,supply,0.6299456943366951,0.0,0.3700543056633049,main_reference
L100_Ts120_Tr60p0_dT5_F1p0_LP30,S2b,41,raw_equal,common_span,1640,1640,0.2140243902439024,supply,0.6299456943366951,0.0,0.3700543056633049,main_reference
L100_Ts120_Tr60p0_dT5_F1p0_LP30,S2b,41,raw_equal,grade_half,1640,1640,0.2140243902439024,low_grade,0.095422808378588,0.2699767261442979,0.634600465477114,main_reference
L100_Ts120_Tr60p0_dT5_F1p0_LP30,S2b,41,raw_equal,grade_double,1640,1640,0.2140243902439024,low_grade,0.117145073700543,0.2614429790535298,0.6214119472459271,main_reference
L100_Ts120_Tr60p0_dT5_F1p0_LP30,S2b,41,unique_equal,baseline,1640,1640,0.2140243902439024,low_grade,0.1024049650892164,0.2676493405740884,0.6299456943366951,main_reference
L100_Ts120_Tr60p0_dT5_F1p0_LP30,S2b,41,unique_equal,common_5K,1640,1640,0.2140243902439024,supply,0.6299456943366951,0.0,0.3700543056633049,main_reference
L100_Ts120_Tr60p0_dT5_F1p0_LP30,S2b,41,unique_equal,common_span,1640,1640,0.2140243902439024,supply,0.6299456943366951,0.0,0.3700543056633049,main_reference
L100_Ts120_Tr60p0_dT5_F1p0_LP30,S2b,41,unique_equal,grade_half,1640,1640,0.2140243902439024,low_grade,0.095422808378588,0.2699767261442979,0.634600465477114,main_reference
L100_Ts120_Tr60p0_dT5_F1p0_LP30,S2b,41,unique_equal,grade_double,1640,1640,0.2140243902439024,low_grade,0.117145073700543,0.2614429790535298,0.6214119472459271,main_reference
L100_Ts120_Tr60p0_dT5_F1p0_LP30,S2b,41,physical_measure,baseline,1640,1640,0.0543763326586199,low_grade,0.0692761509620838,0.37493288760815,0.5557909614297659,main_reference
L100_Ts120_Tr60p0_dT5_F1p0_LP30,S2b,41,physical_measure,common_5K,1640,1640,0.0543763326586199,supply,0.715549993429914,0.0,0.2844500065700857,main_reference
L100_Ts120_Tr60p0_dT5_F1p0_LP30,S2b,41,physical_measure,common_span,1640,1640,0.0543763326586199,supply,0.715549993429914,0.0,0.2844500065700857,main_reference
L100_Ts120_Tr60p0_dT5_F1p0_LP30,S2b,41,physical_measure,grade_half,1640,1640,0.0543763326586199,low_grade,0.0634107023373064,0.3771893722650623,0.5593999253976311,main_reference
L100_Ts120_Tr60p0_dT5_F1p0_LP30,S2b,41,physical_measure,grade_double,1640,1640,0.0543763326586199,low_grade,0.08164131902854,0.3691374237758019,0.5492212571956581,main_reference
L100_Ts130_Tr50p0_dT5_F1p0_LP30,S1,41,raw_equal,baseline,40,40,0.35,high_grade,0.0384615384615384,0.9615384615384616,0.0,main_reference
L100_Ts130_Tr50p0_dT5_F1p0_LP30,S1,41,raw_equal,common_5K,40,40,0.35,high_grade,0.1923076923076923,0.8076923076923077,0.0,main_reference
L100_Ts130_Tr50p0_dT5_F1p0_LP30,S1,41,raw_equal,common_span,40,40,0.35,high_grade,0.1923076923076923,0.8076923076923077,0.0,main_reference
L100_Ts130_Tr50p0_dT5_F1p0_LP30,S1,41,raw_equal,grade_half,40,40,0.35,high_grade,0.0384615384615384,0.9615384615384616,0.0,main_reference
L100_Ts130_Tr50p0_dT5_F1p0_LP30,S1,41,raw_equal,grade_double,40,40,0.35,high_grade,0.0384615384615384,0.9615384615384616,0.0,main_reference
L100_Ts130_Tr50p0_dT5_F1p0_LP30,S1,41,unique_equal,baseline,40,40,0.35,high_grade,0.0384615384615384,0.9615384615384616,0.0,main_reference
L100_Ts130_Tr50p0_dT5_F1p0_LP30,S1,41,unique_equal,common_5K,40,40,0.35,high_grade,0.1923076923076923,0.8076923076923077,0.0,main_reference
L100_Ts130_Tr50p0_dT5_F1p0_LP30,S1,41,unique_equal,common_span,40,40,0.35,high_grade,0.1923076923076923,0.8076923076923077,0.0,main_reference
L100_Ts130_Tr50p0_dT5_F1p0_LP30,S1,41,unique_equal,grade_half,40,40,0.35,high_grade,0.0384615384615384,0.9615384615384616,0.0,main_reference
L100_Ts130_Tr50p0_dT5_F1p0_LP30,S1,41,unique_equal,grade_double,40,40,0.35,high_grade,0.0384615384615384,0.9615384615384616,0.0,main_reference
L100_Ts130_Tr50p0_dT5_F1p0_LP30,S1,41,physical_measure,baseline,40,40,0.3544303797468354,high_grade,0.0392156862745098,0.9607843137254902,0.0,main_reference
L100_Ts130_Tr50p0_dT5_F1p0_LP30,S1,41,physical_measure,common_5K,40,40,0.3544303797468354,high_grade,0.196078431372549,0.803921568627451,0.0,main_reference
L100_Ts130_Tr50p0_dT5_F1p0_LP30,S1,41,physical_measure,common_span,40,40,0.3544303797468354,high_grade,0.196078431372549,0.803921568627451,0.0,main_reference
L100_Ts130_Tr50p0_dT5_F1p0_LP30,S1,41,physical_measure,grade_half,40,40,0.3544303797468354,high_grade,0.0392156862745098,0.9607843137254902,0.0,main_reference
L100_Ts130_Tr50p0_dT5_F1p0_LP30,S1,41,physical_measure,grade_double,40,40,0.3544303797468354,high_grade,0.0392156862745098,0.9607843137254902,0.0,main_reference
L100_Ts130_Tr50p0_dT5_F1p0_LP30,S2a,41,raw_equal,baseline,1640,1640,0.3042682926829269,low_grade,0.0192813321647677,0.4846625766871165,0.4960560911481156,main_reference
L100_Ts130_Tr50p0_dT5_F1p0_LP30,S2a,41,raw_equal,common_5K,1640,1640,0.3042682926829269,low_grade,0.2988606485539001,0.2515337423312883,0.4496056091148115,main_reference
L100_Ts130_Tr50p0_dT5_F1p0_LP30,S2a,41,raw_equal,common_span,1640,1640,0.3042682926829269,low_grade,0.2988606485539001,0.2515337423312883,0.4496056091148115,main_reference
L100_Ts130_Tr50p0_dT5_F1p0_LP30,S2a,41,raw_equal,grade_half,1640,1640,0.3042682926829269,low_grade,0.0192813321647677,0.4846625766871165,0.4960560911481156,main_reference
L100_Ts130_Tr50p0_dT5_F1p0_LP30,S2a,41,raw_equal,grade_double,1640,1640,0.3042682926829269,low_grade,0.0219106047326906,0.4829097283085013,0.495179666958808,main_reference
L100_Ts130_Tr50p0_dT5_F1p0_LP30,S2a,41,unique_equal,baseline,1640,1640,0.3042682926829269,low_grade,0.0192813321647677,0.4846625766871165,0.4960560911481156,main_reference
L100_Ts130_Tr50p0_dT5_F1p0_LP30,S2a,41,unique_equal,common_5K,1640,1640,0.3042682926829269,low_grade,0.2988606485539001,0.2515337423312883,0.4496056091148115,main_reference
L100_Ts130_Tr50p0_dT5_F1p0_LP30,S2a,41,unique_equal,common_span,1640,1640,0.3042682926829269,low_grade,0.2988606485539001,0.2515337423312883,0.4496056091148115,main_reference
L100_Ts130_Tr50p0_dT5_F1p0_LP30,S2a,41,unique_equal,grade_half,1640,1640,0.3042682926829269,low_grade,0.0192813321647677,0.4846625766871165,0.4960560911481156,main_reference
L100_Ts130_Tr50p0_dT5_F1p0_LP30,S2a,41,unique_equal,grade_double,1640,1640,0.3042682926829269,low_grade,0.0219106047326906,0.4829097283085013,0.495179666958808,main_reference
L100_Ts130_Tr50p0_dT5_F1p0_LP30,S2a,41,physical_measure,baseline,1640,1640,0.1064153166402632,high_grade,0.012294748886267,0.5568912765064821,0.4308139746072509,main_reference
L100_Ts130_Tr50p0_dT5_F1p0_LP30,S2a,41,physical_measure,common_5K,1640,1640,0.1064153166402632,low_grade,0.2956918184432212,0.3189043023725858,0.3854038791841925,main_reference
L100_Ts130_Tr50p0_dT5_F1p0_LP30,S2a,41,physical_measure,common_span,1640,1640,0.1064153166402632,low_grade,0.2956918184432212,0.3189043023725858,0.3854038791841925,main_reference
L100_Ts130_Tr50p0_dT5_F1p0_LP30,S2a,41,physical_measure,grade_half,1640,1640,0.1064153166402632,high_grade,0.012294748886267,0.5568912765064821,0.4308139746072509,main_reference
L100_Ts130_Tr50p0_dT5_F1p0_LP30,S2a,41,physical_measure,grade_double,1640,1640,0.1064153166402632,high_grade,0.0140689530767181,0.5556837701007369,0.4302472768225449,main_reference
L100_Ts130_Tr50p0_dT5_F1p0_LP30,S2b,41,raw_equal,baseline,1640,1640,0.2853658536585366,low_grade,0.0895904436860068,0.2858361774744027,0.6245733788395904,main_reference
L100_Ts130_Tr50p0_dT5_F1p0_LP30,S2b,41,raw_equal,common_5K,1640,1640,0.2853658536585366,supply,0.5665529010238908,0.0008532423208191,0.4325938566552901,main_reference
L100_Ts130_Tr50p0_dT5_F1p0_LP30,S2b,41,raw_equal,common_span,1640,1640,0.2853658536585366,supply,0.5665529010238908,0.0008532423208191,0.4325938566552901,main_reference
L100_Ts130_Tr50p0_dT5_F1p0_LP30,S2b,41,raw_equal,grade_half,1640,1640,0.2853658536585366,low_grade,0.0878839590443686,0.2866894197952218,0.6254266211604096,main_reference
L100_Ts130_Tr50p0_dT5_F1p0_LP30,S2b,41,raw_equal,grade_double,1640,1640,0.2853658536585366,low_grade,0.1006825938566552,0.280716723549488,0.6186006825938567,main_reference
L100_Ts130_Tr50p0_dT5_F1p0_LP30,S2b,41,unique_equal,baseline,1640,1640,0.2853658536585366,low_grade,0.0895904436860068,0.2858361774744027,0.6245733788395904,main_reference
L100_Ts130_Tr50p0_dT5_F1p0_LP30,S2b,41,unique_equal,common_5K,1640,1640,0.2853658536585366,supply,0.5665529010238908,0.0008532423208191,0.4325938566552901,main_reference
L100_Ts130_Tr50p0_dT5_F1p0_LP30,S2b,41,unique_equal,common_span,1640,1640,0.2853658536585366,supply,0.5665529010238908,0.0008532423208191,0.4325938566552901,main_reference
L100_Ts130_Tr50p0_dT5_F1p0_LP30,S2b,41,unique_equal,grade_half,1640,1640,0.2853658536585366,low_grade,0.0878839590443686,0.2866894197952218,0.6254266211604096,main_reference
L100_Ts130_Tr50p0_dT5_F1p0_LP30,S2b,41,unique_equal,grade_double,1640,1640,0.2853658536585366,low_grade,0.1006825938566552,0.280716723549488,0.6186006825938567,main_reference
L100_Ts130_Tr50p0_dT5_F1p0_LP30,S2b,41,physical_measure,baseline,1640,1640,0.0946174885786315,low_grade,0.0678650647423782,0.383888353652582,0.5482465816050396,main_reference
L100_Ts130_Tr50p0_dT5_F1p0_LP30,S2b,41,physical_measure,common_5K,1640,1640,0.0946174885786315,supply,0.6562022940674381,0.0004164153527102,0.3433812905798514,main_reference
L100_Ts130_Tr50p0_dT5_F1p0_LP30,S2b,41,physical_measure,common_span,1640,1640,0.0946174885786315,supply,0.6562022940674381,0.0004164153527102,0.3433812905798514,main_reference
L100_Ts130_Tr50p0_dT5_F1p0_LP30,S2b,41,physical_measure,grade_half,1640,1640,0.0946174885786315,low_grade,0.0662379376518738,0.3847213514362204,0.5490407109119056,main_reference
L100_Ts130_Tr50p0_dT5_F1p0_LP30,S2b,41,physical_measure,grade_double,1640,1640,0.0946174885786315,low_grade,0.0774046006256474,0.379256706257499,0.5433386931168533,main_reference
L100_Ts130_Tr60p0_dT5_F1p0_LP30,S1,41,raw_equal,baseline,40,40,0.3,high_grade,0.0357142857142857,0.9642857142857144,0.0,main_reference
L100_Ts130_Tr60p0_dT5_F1p0_LP30,S1,41,raw_equal,common_5K,40,40,0.3,high_grade,0.25,0.75,0.0,main_reference
L100_Ts130_Tr60p0_dT5_F1p0_LP30,S1,41,raw_equal,common_span,40,40,0.3,high_grade,0.25,0.75,0.0,main_reference
L100_Ts130_Tr60p0_dT5_F1p0_LP30,S1,41,raw_equal,grade_half,40,40,0.3,high_grade,0.0357142857142857,0.9642857142857144,0.0,main_reference
L100_Ts130_Tr60p0_dT5_F1p0_LP30,S1,41,raw_equal,grade_double,40,40,0.3,high_grade,0.0714285714285714,0.9285714285714286,0.0,main_reference
L100_Ts130_Tr60p0_dT5_F1p0_LP30,S1,41,unique_equal,baseline,40,40,0.3,high_grade,0.0357142857142857,0.9642857142857144,0.0,main_reference
L100_Ts130_Tr60p0_dT5_F1p0_LP30,S1,41,unique_equal,common_5K,40,40,0.3,high_grade,0.25,0.75,0.0,main_reference
L100_Ts130_Tr60p0_dT5_F1p0_LP30,S1,41,unique_equal,common_span,40,40,0.3,high_grade,0.25,0.75,0.0,main_reference
L100_Ts130_Tr60p0_dT5_F1p0_LP30,S1,41,unique_equal,grade_half,40,40,0.3,high_grade,0.0357142857142857,0.9642857142857144,0.0,main_reference
L100_Ts130_Tr60p0_dT5_F1p0_LP30,S1,41,unique_equal,grade_double,40,40,0.3,high_grade,0.0714285714285714,0.9285714285714286,0.0,main_reference
L100_Ts130_Tr60p0_dT5_F1p0_LP30,S1,41,physical_measure,baseline,40,40,0.3037974683544303,high_grade,0.0363636363636363,0.9636363636363636,0.0,main_reference
L100_Ts130_Tr60p0_dT5_F1p0_LP30,S1,41,physical_measure,common_5K,40,40,0.3037974683544303,high_grade,0.2545454545454545,0.7454545454545455,0.0,main_reference
L100_Ts130_Tr60p0_dT5_F1p0_LP30,S1,41,physical_measure,common_span,40,40,0.3037974683544303,high_grade,0.2545454545454545,0.7454545454545455,0.0,main_reference
L100_Ts130_Tr60p0_dT5_F1p0_LP30,S1,41,physical_measure,grade_half,40,40,0.3037974683544303,high_grade,0.0363636363636363,0.9636363636363636,0.0,main_reference
L100_Ts130_Tr60p0_dT5_F1p0_LP30,S1,41,physical_measure,grade_double,40,40,0.3037974683544303,high_grade,0.0727272727272727,0.9272727272727272,0.0,main_reference
L100_Ts130_Tr60p0_dT5_F1p0_LP30,S2a,41,raw_equal,baseline,1640,1640,0.248170731707317,low_grade,0.0178426601784266,0.4671532846715328,0.5150040551500406,main_reference
L100_Ts130_Tr60p0_dT5_F1p0_LP30,S2a,41,raw_equal,common_5K,1640,1640,0.248170731707317,low_grade,0.3017031630170316,0.2327656123276561,0.4655312246553122,main_reference
L100_Ts130_Tr60p0_dT5_F1p0_LP30,S2a,41,raw_equal,common_span,1640,1640,0.248170731707317,low_grade,0.3017031630170316,0.2327656123276561,0.4655312246553122,main_reference
L100_Ts130_Tr60p0_dT5_F1p0_LP30,S2a,41,raw_equal,grade_half,1640,1640,0.248170731707317,low_grade,0.0170316301703163,0.4679643146796431,0.5150040551500406,main_reference
L100_Ts130_Tr60p0_dT5_F1p0_LP30,S2a,41,raw_equal,grade_double,1640,1640,0.248170731707317,low_grade,0.0202757502027575,0.4647201946472019,0.5150040551500406,main_reference
L100_Ts130_Tr60p0_dT5_F1p0_LP30,S2a,41,unique_equal,baseline,1640,1640,0.248170731707317,low_grade,0.0178426601784266,0.4671532846715328,0.5150040551500406,main_reference
L100_Ts130_Tr60p0_dT5_F1p0_LP30,S2a,41,unique_equal,common_5K,1640,1640,0.248170731707317,low_grade,0.3017031630170316,0.2327656123276561,0.4655312246553122,main_reference
L100_Ts130_Tr60p0_dT5_F1p0_LP30,S2a,41,unique_equal,common_span,1640,1640,0.248170731707317,low_grade,0.3017031630170316,0.2327656123276561,0.4655312246553122,main_reference
L100_Ts130_Tr60p0_dT5_F1p0_LP30,S2a,41,unique_equal,grade_half,1640,1640,0.248170731707317,low_grade,0.0170316301703163,0.4679643146796431,0.5150040551500406,main_reference
L100_Ts130_Tr60p0_dT5_F1p0_LP30,S2a,41,unique_equal,grade_double,1640,1640,0.248170731707317,low_grade,0.0202757502027575,0.4647201946472019,0.5150040551500406,main_reference
L100_Ts130_Tr60p0_dT5_F1p0_LP30,S2a,41,physical_measure,baseline,1640,1640,0.0737836667112815,high_grade,0.010596159353524,0.5493333198112519,0.4400705208352241,main_reference
L100_Ts130_Tr60p0_dT5_F1p0_LP30,S2a,41,physical_measure,common_5K,1640,1640,0.0737836667112815,low_grade,0.3002023574389418,0.3076689427898861,0.3921286997711715,main_reference
L100_Ts130_Tr60p0_dT5_F1p0_LP30,S2a,41,physical_measure,common_span,1640,1640,0.0737836667112815,low_grade,0.3002023574389418,0.3076689427898861,0.3921286997711715,main_reference
L100_Ts130_Tr60p0_dT5_F1p0_LP30,S2a,41,physical_measure,grade_half,1640,1640,0.0737836667112815,high_grade,0.010073158262544,0.5498563209022318,0.4400705208352241,main_reference
L100_Ts130_Tr60p0_dT5_F1p0_LP30,S2a,41,physical_measure,grade_double,1640,1640,0.0737836667112815,high_grade,0.0118982645682731,0.5480312145965028,0.4400705208352241,main_reference
L100_Ts130_Tr60p0_dT5_F1p0_LP30,S2b,41,raw_equal,baseline,1640,1640,0.2329268292682926,low_grade,0.0739268680445151,0.2758346581875994,0.6502384737678856,main_reference
L100_Ts130_Tr60p0_dT5_F1p0_LP30,S2b,41,raw_equal,common_5K,1640,1640,0.2329268292682926,supply,0.5516693163751988,0.0007949125596184,0.4475357710651828,main_reference
L100_Ts130_Tr60p0_dT5_F1p0_LP30,S2b,41,raw_equal,common_span,1640,1640,0.2329268292682926,supply,0.5516693163751988,0.0007949125596184,0.4475357710651828,main_reference
L100_Ts130_Tr60p0_dT5_F1p0_LP30,S2b,41,raw_equal,grade_half,1640,1640,0.2329268292682926,low_grade,0.0715421303656597,0.2766295707472178,0.6518282988871225,main_reference
L100_Ts130_Tr60p0_dT5_F1p0_LP30,S2b,41,raw_equal,grade_double,1640,1640,0.2329268292682926,low_grade,0.0834658187599364,0.2718600953895072,0.6446740858505564,main_reference
L100_Ts130_Tr60p0_dT5_F1p0_LP30,S2b,41,unique_equal,baseline,1640,1640,0.2329268292682926,low_grade,0.0739268680445151,0.2758346581875994,0.6502384737678856,main_reference
L100_Ts130_Tr60p0_dT5_F1p0_LP30,S2b,41,unique_equal,common_5K,1640,1640,0.2329268292682926,supply,0.5516693163751988,0.0007949125596184,0.4475357710651828,main_reference
L100_Ts130_Tr60p0_dT5_F1p0_LP30,S2b,41,unique_equal,common_span,1640,1640,0.2329268292682926,supply,0.5516693163751988,0.0007949125596184,0.4475357710651828,main_reference
L100_Ts130_Tr60p0_dT5_F1p0_LP30,S2b,41,unique_equal,grade_half,1640,1640,0.2329268292682926,low_grade,0.0715421303656597,0.2766295707472178,0.6518282988871225,main_reference
L100_Ts130_Tr60p0_dT5_F1p0_LP30,S2b,41,unique_equal,grade_double,1640,1640,0.2329268292682926,low_grade,0.0834658187599364,0.2718600953895072,0.6446740858505564,main_reference
L100_Ts130_Tr60p0_dT5_F1p0_LP30,S2b,41,physical_measure,baseline,1640,1640,0.0659730996571196,low_grade,0.052752618604794,0.3811148315539924,0.5661325498412136,main_reference
L100_Ts130_Tr60p0_dT5_F1p0_LP30,S2b,41,physical_measure,common_5K,1640,1640,0.0659730996571196,supply,0.650072116524984,0.0004036448818474,0.3495242385931688,main_reference
L100_Ts130_Tr60p0_dT5_F1p0_LP30,S2b,41,physical_measure,common_span,1640,1640,0.0659730996571196,supply,0.650072116524984,0.0004036448818474,0.3495242385931688,main_reference
L100_Ts130_Tr60p0_dT5_F1p0_LP30,S2b,41,physical_measure,grade_half,1640,1640,0.0659730996571196,low_grade,0.0506141131773678,0.3818725106873739,0.5675133761352583,main_reference
L100_Ts130_Tr60p0_dT5_F1p0_LP30,S2b,41,physical_measure,grade_double,1640,1640,0.0659730996571196,low_grade,0.0603541963521116,0.3776589519694992,0.5619868516783891,main_reference
