case,kappa,load,scheme,ambient_C,water_kg_s,Q_ref,Q_floor,Q_ceiling,source_coupled_cap,accepted_width,accepted_low,accepted_high
unscaled,1.0,0.5,S1,-20.0,1480.44373266885,510.531845314341,432.531845314341,548.031845314341,166.53246139534505,0.0,,
unscaled,1.0,0.5,S2a,-20.0,1480.44373266885,510.531845314341,432.531845314341,548.031845314341,168.7882421209241,0.0,,
unscaled,1.0,0.5,S2b,-20.0,1480.44373266885,510.531845314341,432.531845314341,548.031845314341,185.48978373418555,0.0,,
unscaled,1.0,0.75,S1,-20.0,1480.44373266885,510.531845314341,432.531845314341,548.031845314341,355.123974556063,0.0,,
unscaled,1.0,0.75,S2a,-20.0,1480.44373266885,510.531845314341,432.531845314341,548.031845314341,357.4818890800442,0.0,,
unscaled,1.0,0.75,S2b,-20.0,1480.44373266885,510.531845314341,432.531845314341,548.031845314341,398.723749082514,0.0,,
unscaled,1.0,1.0,S1,-20.0,1480.44373266885,510.531845314341,432.531845314341,548.031845314341,441.33511499485064,8.80326968050963,432.531845314341,441.33511499485064
unscaled,1.0,1.0,S2a,-20.0,1480.44373266885,510.531845314341,432.531845314341,548.031845314341,496.60664903638553,64.07480372204452,432.531845314341,496.60664903638553
unscaled,1.0,1.0,S2b,-20.0,1480.44373266885,510.531845314341,432.531845314341,548.031845314341,548.0318453138425,115.49999999950148,432.531845314341,548.0318453138425
unscaled,1.0,union_of_three_loads,S1,-20.0,1480.44373266885,510.531845314341,432.531845314341,548.031845314341,441.33511499485064,8.80326968050963,432.531845314341,441.33511499485064
unscaled,1.0,union_of_three_loads,S2a,-20.0,1480.44373266885,510.531845314341,432.531845314341,548.031845314341,496.60664903638553,64.07480372204452,432.531845314341,496.60664903638553
unscaled,1.0,union_of_three_loads,S2b,-20.0,1480.44373266885,510.531845314341,432.531845314341,548.031845314341,548.0318453138425,115.49999999950148,432.531845314341,548.0318453138425
unscaled,1.0,0.5,S1,-17.5,1441.839648112606,485.741354410043,409.241354410043,533.741354410043,166.53246139534505,0.0,,
unscaled,1.0,0.5,S2a,-17.5,1441.839648112606,485.741354410043,409.241354410043,533.741354410043,168.7882421209241,0.0,,
unscaled,1.0,0.5,S2b,-17.5,1441.839648112606,485.741354410043,409.241354410043,533.741354410043,185.48978373418555,0.0,,
unscaled,1.0,0.75,S1,-17.5,1441.839648112606,485.741354410043,409.241354410043,533.741354410043,355.123974556063,0.0,,
unscaled,1.0,0.75,S2a,-17.5,1441.839648112606,485.741354410043,409.241354410043,533.741354410043,357.3976244940927,0.0,,
unscaled,1.0,0.75,S2b,-17.5,1441.839648112606,485.741354410043,409.241354410043,533.741354410043,398.723749082514,0.0,,
unscaled,1.0,1.0,S1,-17.5,1441.839648112606,485.741354410043,409.241354410043,533.741354410043,434.705641501626,25.464287091583003,409.241354410043,434.705641501626
unscaled,1.0,1.0,S2a,-17.5,1441.839648112606,485.741354410043,409.241354410043,533.741354410043,488.7717666648796,79.53041225483656,409.241354410043,488.7717666648796
unscaled,1.0,1.0,S2b,-17.5,1441.839648112606,485.741354410043,409.241354410043,533.741354410043,533.7413544095575,124.4999999995145,409.241354410043,533.7413544095575
unscaled,1.0,union_of_three_loads,S1,-17.5,1441.839648112606,485.741354410043,409.241354410043,533.741354410043,434.705641501626,25.464287091583003,409.241354410043,434.705641501626
unscaled,1.0,union_of_three_loads,S2a,-17.5,1441.839648112606,485.741354410043,409.241354410043,533.741354410043,488.7717666648796,79.53041225483656,409.241354410043,488.7717666648796
unscaled,1.0,union_of_three_loads,S2b,-17.5,1441.839648112606,485.741354410043,409.241354410043,533.741354410043,533.7413544095575,124.4999999995145,409.241354410043,533.7413544095575
unscaled,1.0,0.5,S1,-15.0,1403.235563556076,460.950863505639,385.200863505639,519.450863505639,166.53246139534505,0.0,,
unscaled,1.0,0.5,S2a,-15.0,1403.235563556076,460.950863505639,385.200863505639,519.450863505639,168.7882421209241,0.0,,
unscaled,1.0,0.5,S2b,-15.0,1403.235563556076,460.950863505639,385.200863505639,519.450863505639,185.48978373418555,0.0,,
unscaled,1.0,0.75,S1,-15.0,1403.235563556076,460.950863505639,385.200863505639,519.450863505639,350.953806439216,0.0,,
unscaled,1.0,0.75,S2a,-15.0,1403.235563556076,460.950863505639,385.200863505639,519.450863505639,356.557158382747,0.0,,
unscaled,1.0,0.75,S2b,-15.0,1403.235563556076,460.950863505639,385.200863505639,519.450863505639,398.723749082514,13.522885576875012,385.200863505639,398.723749082514
unscaled,1.0,1.0,S1,-15.0,1403.235563556076,460.950863505639,385.200863505639,519.450863505639,427.863929387443,42.663065881804016,385.200863505639,427.863929387443
unscaled,1.0,1.0,S2a,-15.0,1403.235563556076,460.950863505639,385.200863505639,519.450863505639,480.5540434578185,95.35317995217952,385.200863505639,480.5540434578185
unscaled,1.0,1.0,S2b,-15.0,1403.235563556076,460.950863505639,385.200863505639,519.450863505639,519.4508635051666,134.24999999952757,385.200863505639,519.4508635051666
unscaled,1.0,union_of_three_loads,S1,-15.0,1403.235563556076,460.950863505639,385.200863505639,519.450863505639,427.863929387443,42.663065881804016,385.200863505639,427.863929387443
unscaled,1.0,union_of_three_loads,S2a,-15.0,1403.235563556076,460.950863505639,385.200863505639,519.450863505639,480.5540434578185,95.35317995217952,385.200863505639,480.5540434578185
unscaled,1.0,union_of_three_loads,S2b,-15.0,1403.235563556076,460.950863505639,385.200863505639,519.450863505639,519.4508635051666,134.24999999952757,385.200863505639,519.4508635051666
unscaled,1.0,0.5,S1,-12.5,1362.605441992902,436.160372601286,361.910372601286,504.410372601286,166.53246139534505,0.0,,
unscaled,1.0,0.5,S2a,-12.5,1362.605441992902,436.160372601286,361.910372601286,504.410372601286,168.7882421209241,0.0,,
unscaled,1.0,0.5,S2b,-12.5,1362.605441992902,436.160372601286,361.910372601286,504.410372601286,185.48978373418555,0.0,,
unscaled,1.0,0.75,S1,-12.5,1362.605441992902,436.160372601286,361.910372601286,504.410372601286,345.70009652600595,0.0,,
unscaled,1.0,0.75,S2a,-12.5,1362.605441992902,436.160372601286,361.910372601286,504.410372601286,355.6093960701437,0.0,,
unscaled,1.0,0.75,S2b,-12.5,1362.605441992902,436.160372601286,361.910372601286,504.410372601286,398.723749082514,36.81337648122803,361.910372601286,398.723749082514
unscaled,1.0,1.0,S1,-12.5,1362.605441992902,436.160372601286,361.910372601286,504.410372601286,420.42826080582597,58.517888204539986,361.910372601286,420.42826080582597
unscaled,1.0,1.0,S2a,-12.5,1362.605441992902,436.160372601286,361.910372601286,504.410372601286,471.6657861952428,109.7554135939568,361.910372601286,471.6657861952428
unscaled,1.0,1.0,S2b,-12.5,1362.605441992902,436.160372601286,361.910372601286,504.410372601286,504.41037260082726,142.49999999954127,361.910372601286,504.41037260082726
unscaled,1.0,union_of_three_loads,S1,-12.5,1362.605441992902,436.160372601286,361.910372601286,504.410372601286,420.42826080582597,58.517888204539986,361.910372601286,420.42826080582597
unscaled,1.0,union_of_three_loads,S2a,-12.5,1362.605441992902,436.160372601286,361.910372601286,504.410372601286,471.6657861952428,109.7554135939568,361.910372601286,471.6657861952428
unscaled,1.0,union_of_three_loads,S2b,-12.5,1362.605441992902,436.160372601286,361.910372601286,504.410372601286,504.41037260082726,142.49999999954127,361.910372601286,504.41037260082726
unscaled,1.0,0.5,S1,-10.0,1324.0013574368768,411.369881697069,338.619881697069,490.119881697069,166.53246139534505,0.0,,
unscaled,1.0,0.5,S2a,-10.0,1324.0013574368768,411.369881697069,338.619881697069,490.119881697069,168.7882421209241,0.0,,
unscaled,1.0,0.5,S2b,-10.0,1324.0013574368768,411.369881697069,338.619881697069,490.119881697069,185.48978373418555,0.0,,
unscaled,1.0,0.75,S1,-10.0,1324.0013574368768,411.369881697069,338.619881697069,490.119881697069,340.5080396202276,1.8881579231585874,338.619881697069,340.5080396202276
unscaled,1.0,0.75,S2a,-10.0,1324.0013574368768,411.369881697069,338.619881697069,490.119881697069,354.6113593912927,15.991477694223704,338.619881697069,354.6113593912927
unscaled,1.0,0.75,S2b,-10.0,1324.0013574368768,411.369881697069,338.619881697069,490.119881697069,398.723749082514,60.10386738544503,338.619881697069,398.723749082514
unscaled,1.0,1.0,S1,-10.0,1324.0013574368768,411.369881697069,338.619881697069,490.119881697069,413.13488708577006,74.51500538870107,338.619881697069,413.13488708577006
unscaled,1.0,1.0,S2a,-10.0,1324.0013574368768,411.369881697069,338.619881697069,490.119881697069,462.7599972472698,124.14011555020079,338.619881697069,462.7599972472698
unscaled,1.0,1.0,S2b,-10.0,1324.0013574368768,411.369881697069,338.619881697069,490.119881697069,490.1198816966232,151.49999999955423,338.619881697069,490.1198816966232
unscaled,1.0,union_of_three_loads,S1,-10.0,1324.0013574368768,411.369881697069,338.619881697069,490.119881697069,413.13488708577006,74.51500538870107,338.619881697069,413.13488708577006
unscaled,1.0,union_of_three_loads,S2a,-10.0,1324.0013574368768,411.369881697069,338.619881697069,490.119881697069,462.7599972472698,124.14011555020079,338.619881697069,462.7599972472698
unscaled,1.0,union_of_three_loads,S2b,-10.0,1324.0013574368768,411.369881697069,338.619881697069,490.119881697069,490.1198816966232,151.49999999955423,338.619881697069,490.1198816966232
unscaled,1.0,0.5,S1,-7.5,1283.3712358742378,386.579390792914,315.329390792914,475.079390792914,166.53246139534505,0.0,,
unscaled,1.0,0.5,S2a,-7.5,1283.3712358742378,386.579390792914,315.329390792914,475.079390792914,168.7882421209241,0.0,,
unscaled,1.0,0.5,S2b,-7.5,1283.3712358742378,386.579390792914,315.329390792914,475.079390792914,185.48978373418555,0.0,,
unscaled,1.0,0.75,S1,-7.5,1283.3712358742378,386.579390792914,315.329390792914,475.079390792914,334.8251057913193,19.495714998405276,315.329390792914,334.8251057913193
unscaled,1.0,0.75,S2a,-7.5,1283.3712358742378,386.579390792914,315.329390792914,475.079390792914,353.46095457104184,38.13156377812783,315.329390792914,353.46095457104184
unscaled,1.0,0.75,S2b,-7.5,1283.3712358742378,386.579390792914,315.329390792914,475.079390792914,398.723749082514,83.3943582896,315.329390792914,398.723749082514
unscaled,1.0,1.0,S1,-7.5,1283.3712358742378,386.579390792914,315.329390792914,475.079390792914,405.2126428325771,89.88325203966309,315.329390792914,405.2126428325771
unscaled,1.0,1.0,S2a,-7.5,1283.3712358742378,386.579390792914,315.329390792914,475.079390792914,453.16212554932576,137.83273475641175,315.329390792914,453.16212554932576
unscaled,1.0,1.0,S2b,-7.5,1283.3712358742378,386.579390792914,315.329390792914,475.079390792914,475.07939079248195,159.74999999956793,315.329390792914,475.07939079248195
unscaled,1.0,union_of_three_loads,S1,-7.5,1283.3712358742378,386.579390792914,315.329390792914,475.079390792914,405.2126428325771,89.88325203966309,315.329390792914,405.2126428325771
unscaled,1.0,union_of_three_loads,S2a,-7.5,1283.3712358742378,386.579390792914,315.329390792914,475.079390792914,453.16212554932576,137.83273475641175,315.329390792914,453.16212554932576
unscaled,1.0,union_of_three_loads,S2b,-7.5,1283.3712358742378,386.579390792914,315.329390792914,475.079390792914,475.07939079248195,159.74999999956793,315.329390792914,475.07939079248195
unscaled,1.0,0.5,S1,-5.0,1242.7411143107693,361.788899888452,292.038899888452,460.038899888452,166.53246139534505,0.0,,
unscaled,1.0,0.5,S2a,-5.0,1242.7411143107693,361.788899888452,292.038899888452,460.038899888452,168.7882421209241,0.0,,
unscaled,1.0,0.5,S2b,-5.0,1242.7411143107693,361.788899888452,292.038899888452,460.038899888452,185.48978373418555,0.0,,
unscaled,1.0,0.75,S1,-5.0,1242.7411143107693,361.788899888452,292.038899888452,460.038899888452,328.910404386437,36.87150449798497,292.038899888452,328.910404386437
unscaled,1.0,0.75,S2a,-5.0,1242.7411143107693,361.788899888452,292.038899888452,460.038899888452,352.19513757148997,60.15623768303794,292.038899888452,352.19513757148997
unscaled,1.0,0.75,S2b,-5.0,1242.7411143107693,361.788899888452,292.038899888452,460.038899888452,398.723749082514,106.684849194062,292.038899888452,398.723749082514
unscaled,1.0,1.0,S1,-5.0,1242.7411143107693,361.788899888452,292.038899888452,460.038899888452,397.03233902722855,104.99343913877652,292.038899888452,397.03233902722855
unscaled,1.0,1.0,S2a,-5.0,1242.7411143107693,361.788899888452,292.038899888452,460.038899888452,443.2472595219239,151.2083596334719,292.038899888452,443.2472595219239
unscaled,1.0,1.0,S2b,-5.0,1242.7411143107693,361.788899888452,292.038899888452,460.038899888452,460.0388998880336,167.99999999958158,292.038899888452,460.0388998880336
unscaled,1.0,union_of_three_loads,S1,-5.0,1242.7411143107693,361.788899888452,292.038899888452,460.038899888452,397.03233902722855,104.99343913877652,292.038899888452,397.03233902722855
unscaled,1.0,union_of_three_loads,S2a,-5.0,1242.7411143107693,361.788899888452,292.038899888452,460.038899888452,443.2472595219239,151.2083596334719,292.038899888452,443.2472595219239
unscaled,1.0,union_of_three_loads,S2b,-5.0,1242.7411143107693,361.788899888452,292.038899888452,460.038899888452,460.0388998880336,167.99999999958158,292.038899888452,460.0388998880336
unscaled,1.0,0.5,S1,-2.5,1202.1109927470686,336.998408983904,268.748408983904,444.998408983904,166.53246139534505,0.0,,
unscaled,1.0,0.5,S2a,-2.5,1202.1109927470686,336.998408983904,268.748408983904,444.998408983904,168.7882421209241,0.0,,
unscaled,1.0,0.5,S2b,-2.5,1202.1109927470686,336.998408983904,268.748408983904,444.998408983904,185.48978373418555,0.0,,
unscaled,1.0,0.75,S1,-2.5,1202.1109927470686,336.998408983904,268.748408983904,444.998408983904,322.7559691182182,54.00756013431419,268.748408983904,322.7559691182182
unscaled,1.0,0.75,S2a,-2.5,1202.1109927470686,336.998408983904,268.748408983904,444.998408983904,350.78278507510424,82.03437609120022,268.748408983904,350.78278507510424
unscaled,1.0,0.75,S2b,-2.5,1202.1109927470686,336.998408983904,268.748408983904,444.998408983904,398.723749082514,129.97534009861,268.748408983904,398.723749082514
unscaled,1.0,1.0,S1,-2.5,1202.1109927470686,336.998408983904,268.748408983904,444.998408983904,388.5883175527375,119.8399085688335,268.748408983904,388.5883175527375
unscaled,1.0,1.0,S2a,-2.5,1202.1109927470686,336.998408983904,268.748408983904,444.998408983904,432.97384777639445,164.22543879249042,268.748408983904,432.97384777639445
unscaled,1.0,1.0,S2b,-2.5,1202.1109927470686,336.998408983904,268.748408983904,444.998408983904,444.9984089834993,176.24999999959527,268.748408983904,444.9984089834993
unscaled,1.0,union_of_three_loads,S1,-2.5,1202.1109927470686,336.998408983904,268.748408983904,444.998408983904,388.5883175527375,119.8399085688335,268.748408983904,388.5883175527375
unscaled,1.0,union_of_three_loads,S2a,-2.5,1202.1109927470686,336.998408983904,268.748408983904,444.998408983904,432.97384777639445,164.22543879249042,268.748408983904,432.97384777639445
unscaled,1.0,union_of_three_loads,S2b,-2.5,1202.1109927470686,336.998408983904,268.748408983904,444.998408983904,444.9984089834993,176.24999999959527,268.748408983904,444.9984089834993
unscaled,1.0,0.5,S1,0.0,1163.5069081905733,312.207918079513,246.207918079513,430.707918079513,166.53246139534505,0.0,,
unscaled,1.0,0.5,S2a,0.0,1163.5069081905733,312.207918079513,246.207918079513,430.707918079513,168.7882421209241,0.0,,
unscaled,1.0,0.5,S2b,0.0,1163.5069081905733,312.207918079513,246.207918079513,430.707918079513,185.48978373418555,0.0,,
unscaled,1.0,0.75,S1,0.0,1163.5069081905733,312.207918079513,246.207918079513,430.707918079513,316.67905956201935,70.47114148250634,246.207918079513,316.67905956201935
unscaled,1.0,0.75,S2a,0.0,1163.5069081905733,312.207918079513,246.207918079513,430.707918079513,349.2744036028005,103.06648552328747,246.207918079513,349.2744036028005
unscaled,1.0,0.75,S2b,0.0,1163.5069081905733,312.207918079513,246.207918079513,430.707918079513,398.723749082514,152.515831003001,246.207918079513,398.723749082514
unscaled,1.0,1.0,S1,0.0,1163.5069081905733,312.207918079513,246.207918079513,430.707918079513,380.31599876536745,134.10808068585445,246.207918079513,380.31599876536745
unscaled,1.0,1.0,S2a,0.0,1163.5069081905733,312.207918079513,246.207918079513,430.707918079513,422.9194479861835,176.7115299066705,246.207918079513,422.9194479861835
unscaled,1.0,1.0,S2b,0.0,1163.5069081905733,312.207918079513,246.207918079513,430.707918079513,430.7079180791213,184.49999999960832,246.207918079513,430.7079180791213
unscaled,1.0,union_of_three_loads,S1,0.0,1163.5069081905733,312.207918079513,246.207918079513,430.707918079513,380.31599876536745,134.10808068585445,246.207918079513,380.31599876536745
unscaled,1.0,union_of_three_loads,S2a,0.0,1163.5069081905733,312.207918079513,246.207918079513,430.707918079513,422.9194479861835,176.7115299066705,246.207918079513,422.9194479861835
unscaled,1.0,union_of_three_loads,S2b,0.0,1163.5069081905733,312.207918079513,246.207918079513,430.707918079513,430.7079180791213,184.49999999960832,246.207918079513,430.7079180791213
historical_match,1.106979769992665,0.5,S1,-20.0,1638.8212626768457,565.1484247,478.80400264057215,606.6601660747249,166.53246139534505,0.0,,
historical_match,1.106979769992665,0.5,S2a,-20.0,1638.8212626768457,565.1484247,478.80400264057215,606.6601660747249,168.7882421209241,0.0,,
historical_match,1.106979769992665,0.5,S2b,-20.0,1638.8212626768457,565.1484247,478.80400264057215,606.6601660747249,185.48978373418555,0.0,,
historical_match,1.106979769992665,0.75,S1,-20.0,1638.8212626768457,565.1484247,478.80400264057215,606.6601660747249,355.123974556063,0.0,,
historical_match,1.106979769992665,0.75,S2a,-20.0,1638.8212626768457,565.1484247,478.80400264057215,606.6601660747249,357.4818890800442,0.0,,
historical_match,1.106979769992665,0.75,S2b,-20.0,1638.8212626768457,565.1484247,478.80400264057215,606.6601660747249,398.723749082514,0.0,,
historical_match,1.106979769992665,1.0,S1,-20.0,1638.8212626768457,565.1484247,478.80400264057215,606.6601660747249,466.42226832338997,0.0,,
historical_match,1.106979769992665,1.0,S2a,-20.0,1638.8212626768457,565.1484247,478.80400264057215,606.6601660747249,525.8855143276487,47.081511687076556,478.80400264057215,525.8855143276487
historical_match,1.106979769992665,1.0,S2b,-20.0,1638.8212626768457,565.1484247,478.80400264057215,606.6601660747249,606.6601660741732,127.85616343360101,478.80400264057215,606.6601660741732
historical_match,1.106979769992665,union_of_three_loads,S1,-20.0,1638.8212626768457,565.1484247,478.80400264057215,606.6601660747249,466.42226832338997,0.0,,
historical_match,1.106979769992665,union_of_three_loads,S2a,-20.0,1638.8212626768457,565.1484247,478.80400264057215,606.6601660747249,525.8855143276487,47.081511687076556,478.80400264057215,525.8855143276487
historical_match,1.106979769992665,union_of_three_loads,S2b,-20.0,1638.8212626768457,565.1484247,478.80400264057215,606.6601660747249,606.6601660741732,127.85616343360101,478.80400264057215,606.6601660741732
historical_match,1.106979769992665,0.5,S1,-17.5,1596.0873220339975,537.705852780755,453.02190037631607,590.8408817404028,166.53246139534505,0.0,,
historical_match,1.106979769992665,0.5,S2a,-17.5,1596.0873220339975,537.705852780755,453.02190037631607,590.8408817404028,168.7882421209241,0.0,,
historical_match,1.106979769992665,0.5,S2b,-17.5,1596.0873220339975,537.705852780755,453.02190037631607,590.8408817404028,185.48978373418555,0.0,,
historical_match,1.106979769992665,0.75,S1,-17.5,1596.0873220339975,537.705852780755,453.02190037631607,590.8408817404028,355.123974556063,0.0,,
historical_match,1.106979769992665,0.75,S2a,-17.5,1596.0873220339975,537.705852780755,453.02190037631607,590.8408817404028,357.4818890800442,0.0,,
historical_match,1.106979769992665,0.75,S2b,-17.5,1596.0873220339975,537.705852780755,453.02190037631607,590.8408817404028,398.723749082514,0.0,,
historical_match,1.106979769992665,1.0,S1,-17.5,1596.0873220339975,537.705852780755,453.02190037631607,590.8408817404028,459.9760684403698,6.954168064053704,453.02190037631607,459.9760684403698
historical_match,1.106979769992665,1.0,S2a,-17.5,1596.0873220339975,537.705852780755,453.02190037631607,590.8408817404028,518.4141655844765,65.39226520816038,453.02190037631607,518.4141655844765
historical_match,1.106979769992665,1.0,S2b,-17.5,1596.0873220339975,537.705852780755,453.02190037631607,590.8408817404028,590.8408817398653,137.8189813635492,453.02190037631607,590.8408817398653
historical_match,1.106979769992665,union_of_three_loads,S1,-17.5,1596.0873220339975,537.705852780755,453.02190037631607,590.8408817404028,459.9760684403698,6.954168064053704,453.02190037631607,459.9760684403698
historical_match,1.106979769992665,union_of_three_loads,S2a,-17.5,1596.0873220339975,537.705852780755,453.02190037631607,590.8408817404028,518.4141655844765,65.39226520816038,453.02190037631607,518.4141655844765
historical_match,1.106979769992665,union_of_three_loads,S2b,-17.5,1596.0873220339975,537.705852780755,453.02190037631607,590.8408817404028,590.8408817398653,137.8189813635492,453.02190037631607,590.8408817398653
historical_match,1.106979769992665,0.5,S1,-15.0,1553.3533813908323,510.26328086139256,426.40956328444815,575.0215974059633,166.53246139534505,0.0,,
historical_match,1.106979769992665,0.5,S2a,-15.0,1553.3533813908323,510.26328086139256,426.40956328444815,575.0215974059633,168.7882421209241,0.0,,
historical_match,1.106979769992665,0.5,S2b,-15.0,1553.3533813908323,510.26328086139256,426.40956328444815,575.0215974059633,185.48978373418555,0.0,,
historical_match,1.106979769992665,0.75,S1,-15.0,1553.3533813908323,510.26328086139256,426.40956328444815,575.0215974059633,355.123974556063,0.0,,
historical_match,1.106979769992665,0.75,S2a,-15.0,1553.3533813908323,510.26328086139256,426.40956328444815,575.0215974059633,357.4818890800442,0.0,,
historical_match,1.106979769992665,0.75,S2b,-15.0,1553.3533813908323,510.26328086139256,426.40956328444815,575.0215974059633,398.723749082514,0.0,,
historical_match,1.106979769992665,1.0,S1,-15.0,1553.3533813908323,510.26328086139256,426.40956328444815,575.0215974059633,453.29524680656397,26.885683522115812,426.40956328444815,453.29524680656397
historical_match,1.106979769992665,1.0,S2a,-15.0,1553.3533813908323,510.26328086139256,426.40956328444815,575.0215974059633,510.6960567206085,84.28649343616036,426.40956328444815,510.6960567206085
historical_match,1.106979769992665,1.0,S2b,-15.0,1553.3533813908323,510.26328086139256,426.40956328444815,575.0215974059633,575.0215974054404,148.61203412099223,426.40956328444815,575.0215974054404
historical_match,1.106979769992665,union_of_three_loads,S1,-15.0,1553.3533813908323,510.26328086139256,426.40956328444815,575.0215974059633,453.29524680656397,26.885683522115812,426.40956328444815,453.29524680656397
historical_match,1.106979769992665,union_of_three_loads,S2a,-15.0,1553.3533813908323,510.26328086139256,426.40956328444815,575.0215974059633,510.6960567206085,84.28649343616036,426.40956328444815,510.6960567206085
historical_match,1.106979769992665,union_of_three_loads,S2b,-15.0,1553.3533813908323,510.26328086139256,426.40956328444815,575.0215974059633,575.0215974054404,148.61203412099223,426.40956328444815,575.0215974054404
historical_match,1.106979769992665,0.5,S1,-12.5,1508.3766587680561,482.8207089420866,400.6274610201312,558.372078244086,166.53246139534505,0.0,,
historical_match,1.106979769992665,0.5,S2a,-12.5,1508.3766587680561,482.8207089420866,400.6274610201312,558.372078244086,168.7882421209241,0.0,,
historical_match,1.106979769992665,0.5,S2b,-12.5,1508.3766587680561,482.8207089420866,400.6274610201312,558.372078244086,185.48978373418555,0.0,,
historical_match,1.106979769992665,0.75,S1,-12.5,1508.3766587680561,482.8207089420866,400.6274610201312,558.372078244086,355.123974556063,0.0,,
historical_match,1.106979769992665,0.75,S2a,-12.5,1508.3766587680561,482.8207089420866,400.6274610201312,558.372078244086,357.4818890800442,0.0,,
historical_match,1.106979769992665,0.75,S2b,-12.5,1508.3766587680561,482.8207089420866,400.6274610201312,558.372078244086,398.723749082514,0.0,,
historical_match,1.106979769992665,1.0,S1,-12.5,1508.3766587680561,482.8207089420866,400.6274610201312,558.372078244086,446.00261602143496,45.37515500130377,400.6274610201312,446.00261602143496
historical_match,1.106979769992665,1.0,S2a,-12.5,1508.3766587680561,482.8207089420866,400.6274610201312,558.372078244086,502.1220374504695,101.49457643033833,400.6274610201312,502.1220374504695
historical_match,1.106979769992665,1.0,S2b,-12.5,1508.3766587680561,482.8207089420866,400.6274610201312,558.372078244086,558.3720782435782,157.74461722344705,400.6274610201312,558.3720782435782
historical_match,1.106979769992665,union_of_three_loads,S1,-12.5,1508.3766587680561,482.8207089420866,400.6274610201312,558.372078244086,446.00261602143496,45.37515500130377,400.6274610201312,446.00261602143496
historical_match,1.106979769992665,union_of_three_loads,S2a,-12.5,1508.3766587680561,482.8207089420866,400.6274610201312,558.372078244086,502.1220374504695,101.49457643033833,400.6274610201312,502.1220374504695
historical_match,1.106979769992665,union_of_three_loads,S2b,-12.5,1508.3766587680561,482.8207089420866,400.6274610201312,558.372078244086,558.3720782435782,157.74461722344705,400.6274610201312,558.3720782435782
historical_match,1.106979769992665,0.5,S1,-10.0,1465.64271812545,455.3781370229312,374.8453587559648,542.5527939098536,166.53246139534505,0.0,,
historical_match,1.106979769992665,0.5,S2a,-10.0,1465.64271812545,455.3781370229312,374.8453587559648,542.5527939098536,168.7882421209241,0.0,,
historical_match,1.106979769992665,0.5,S2b,-10.0,1465.64271812545,455.3781370229312,374.8453587559648,542.5527939098536,185.48978373418555,0.0,,
historical_match,1.106979769992665,0.75,S1,-10.0,1465.64271812545,455.3781370229312,374.8453587559648,542.5527939098536,355.123974556063,0.0,,
historical_match,1.106979769992665,0.75,S2a,-10.0,1465.64271812545,455.3781370229312,374.8453587559648,542.5527939098536,357.4818890800442,0.0,,
historical_match,1.106979769992665,0.75,S2b,-10.0,1465.64271812545,455.3781370229312,374.8453587559648,542.5527939098536,398.723749082514,23.87839032654921,374.8453587559648,398.723749082514
historical_match,1.106979769992665,1.0,S1,-10.0,1465.64271812545,455.3781370229312,374.8453587559648,542.5527939098536,438.81809724433674,63.97273848837193,374.8453587559648,438.81809724433674
historical_match,1.106979769992665,1.0,S2a,-10.0,1465.64271812545,455.3781370229312,374.8453587559648,542.5527939098536,493.6283737101079,118.78301495414308,374.8453587559648,493.6283737101079
historical_match,1.106979769992665,1.0,S2b,-10.0,1465.64271812545,455.3781370229312,374.8453587559648,542.5527939098536,542.5527939093602,167.70743515339535,374.8453587559648,542.5527939093602
historical_match,1.106979769992665,union_of_three_loads,S1,-10.0,1465.64271812545,455.3781370229312,374.8453587559648,542.5527939098536,438.81809724433674,63.97273848837193,374.8453587559648,438.81809724433674
historical_match,1.106979769992665,union_of_three_loads,S2a,-10.0,1465.64271812545,455.3781370229312,374.8453587559648,542.5527939098536,493.6283737101079,118.78301495414308,374.8453587559648,493.6283737101079
historical_match,1.106979769992665,union_of_three_loads,S2b,-10.0,1465.64271812545,455.3781370229312,374.8453587559648,542.5527939098536,542.5527939093602,167.70743515339535,374.8453587559648,542.5527939093602
historical_match,1.106979769992665,0.5,S1,-7.5,1420.6659955032658,427.93556510384445,349.0632564918671,525.9032747481953,166.53246139534505,0.0,,
historical_match,1.106979769992665,0.5,S2a,-7.5,1420.6659955032658,427.93556510384445,349.0632564918671,525.9032747481953,168.7882421209241,0.0,,
historical_match,1.106979769992665,0.5,S2b,-7.5,1420.6659955032658,427.93556510384445,349.0632564918671,525.9032747481953,185.48978373418555,0.0,,
historical_match,1.106979769992665,0.75,S1,-7.5,1420.6659955032658,427.93556510384445,349.0632564918671,525.9032747481953,353.1432791008219,4.080022608954835,349.0632564918671,353.1432791008219
historical_match,1.106979769992665,0.75,S2a,-7.5,1420.6659955032658,427.93556510384445,349.0632564918671,525.9032747481953,356.9488834411844,7.885626949317327,349.0632564918671,356.9488834411844
historical_match,1.106979769992665,0.75,S2b,-7.5,1420.6659955032658,427.93556510384445,349.0632564918671,525.9032747481953,398.723749082514,49.660492590646925,349.0632564918671,398.723749082514
historical_match,1.106979769992665,1.0,S1,-7.5,1420.6659955032658,427.93556510384445,349.0632564918671,525.9032747481953,430.9796941595663,81.9164376676992,349.0632564918671,430.9796941595663
historical_match,1.106979769992665,1.0,S2a,-7.5,1420.6659955032658,427.93556510384445,349.0632564918671,525.9032747481953,484.28457740131324,135.22132090944615,349.0632564918671,484.28457740131324
historical_match,1.106979769992665,1.0,S2b,-7.5,1420.6659955032658,427.93556510384445,349.0632564918671,525.9032747481953,525.903274747717,176.84001825584988,349.0632564918671,525.903274747717
historical_match,1.106979769992665,union_of_three_loads,S1,-7.5,1420.6659955032658,427.93556510384445,349.0632564918671,525.9032747481953,430.9796941595663,81.9164376676992,349.0632564918671,430.9796941595663
historical_match,1.106979769992665,union_of_three_loads,S2a,-7.5,1420.6659955032658,427.93556510384445,349.0632564918671,525.9032747481953,484.28457740131324,135.22132090944615,349.0632564918671,484.28457740131324
historical_match,1.106979769992665,union_of_three_loads,S2b,-7.5,1420.6659955032658,427.93556510384445,349.0632564918671,525.9032747481953,525.903274747717,176.84001825584988,349.0632564918671,525.903274747717
historical_match,1.106979769992665,0.5,S1,-5.0,1375.6892728801636,400.4929931844179,323.2811542274295,509.2537555861972,166.53246139534505,0.0,,
historical_match,1.106979769992665,0.5,S2a,-5.0,1375.6892728801636,400.4929931844179,323.2811542274295,509.2537555861972,168.7882421209241,0.0,,
historical_match,1.106979769992665,0.5,S2b,-5.0,1375.6892728801636,400.4929931844179,323.2811542274295,509.2537555861972,185.48978373418555,0.0,,
historical_match,1.106979769992665,0.75,S1,-5.0,1375.6892728801636,400.4929931844179,323.2811542274295,509.2537555861972,347.41515342604384,24.133999198614333,323.2811542274295,347.41515342604384
historical_match,1.106979769992665,0.75,S2a,-5.0,1375.6892728801636,400.4929931844179,323.2811542274295,509.2537555861972,355.94085329518174,32.65969906775223,323.2811542274295,355.94085329518174
historical_match,1.106979769992665,0.75,S2b,-5.0,1375.6892728801636,400.4929931844179,323.2811542274295,509.2537555861972,398.723749082514,75.44259485508451,323.2811542274295,398.723749082514
historical_match,1.106979769992665,1.0,S1,-5.0,1375.6892728801636,400.4929931844179,323.2811542274295,509.2537555861972,422.849365740195,99.56821151276552,323.2811542274295,422.849365740195
historical_match,1.106979769992665,1.0,S2a,-5.0,1375.6892728801636,400.4929931844179,323.2811542274295,509.2537555861972,474.5277349888355,151.246580761406,323.2811542274295,474.5277349888355
historical_match,1.106979769992665,1.0,S2b,-5.0,1375.6892728801636,400.4929931844179,323.2811542274295,509.2537555861972,509.2537555857341,185.9726013583046,323.2811542274295,509.2537555857341
historical_match,1.106979769992665,union_of_three_loads,S1,-5.0,1375.6892728801636,400.4929931844179,323.2811542274295,509.2537555861972,422.849365740195,99.56821151276552,323.2811542274295,422.849365740195
historical_match,1.106979769992665,union_of_three_loads,S2a,-5.0,1375.6892728801636,400.4929931844179,323.2811542274295,509.2537555861972,474.5277349888355,151.246580761406,323.2811542274295,474.5277349888355
historical_match,1.106979769992665,union_of_three_loads,S2b,-5.0,1375.6892728801636,400.4929931844179,323.2811542274295,509.2537555861972,509.2537555857341,185.9726013583046,323.2811542274295,509.2537555857341
historical_match,1.106979769992665,0.5,S1,-2.5,1330.712550256804,373.0504212648961,297.4990519628967,492.60423642410393,166.53246139534505,0.0,,
historical_match,1.106979769992665,0.5,S2a,-2.5,1330.712550256804,373.0504212648961,297.4990519628967,492.60423642410393,168.7882421209241,0.0,,
historical_match,1.106979769992665,0.5,S2b,-2.5,1330.712550256804,373.0504212648961,297.4990519628967,492.60423642410393,185.48978373418555,0.0,,
historical_match,1.106979769992665,0.75,S1,-2.5,1330.712550256804,373.0504212648961,297.4990519628967,492.60423642410393,341.4249822707857,43.92593030788896,297.4990519628967,341.4249822707857
historical_match,1.106979769992665,0.75,S2a,-2.5,1330.712550256804,373.0504212648961,297.4990519628967,492.60423642410393,354.8049830956665,57.305931132769786,297.4990519628967,354.8049830956665
historical_match,1.106979769992665,0.75,S2b,-2.5,1330.712550256804,373.0504212648961,297.4990519628967,492.60423642410393,398.723749082514,101.2246971196173,297.4990519628967,398.723749082514
historical_match,1.106979769992665,1.0,S1,-2.5,1330.712550256804,373.0504212648961,297.4990519628967,492.60423642410393,414.41903158447064,116.91997962157393,297.4990519628967,414.41903158447064
historical_match,1.106979769992665,1.0,S2a,-2.5,1330.712550256804,373.0504212648961,297.4990519628967,492.60423642410393,464.3585293571017,166.859477394205,297.4990519628967,464.3585293571017
historical_match,1.106979769992665,1.0,S2b,-2.5,1330.712550256804,373.0504212648961,297.4990519628967,492.60423642410393,492.60423642365595,195.10518446075923,297.4990519628967,492.60423642365595
historical_match,1.106979769992665,union_of_three_loads,S1,-2.5,1330.712550256804,373.0504212648961,297.4990519628967,492.60423642410393,414.41903158447064,116.91997962157393,297.4990519628967,414.41903158447064
historical_match,1.106979769992665,union_of_three_loads,S2a,-2.5,1330.712550256804,373.0504212648961,297.4990519628967,492.60423642410393,464.3585293571017,166.859477394205,297.4990519628967,464.3585293571017
historical_match,1.106979769992665,union_of_three_loads,S2b,-2.5,1330.712550256804,373.0504212648961,297.4990519628967,492.60423642410393,492.60423642365595,195.10518446075923,297.4990519628967,492.60423642365595
historical_match,1.106979769992665,0.5,S1,0.0,1287.9786096136777,345.60784934554806,272.5471845260322,476.7849520896788,166.53246139534505,0.0,,
historical_match,1.106979769992665,0.5,S2a,0.0,1287.9786096136777,345.60784934554806,272.5471845260322,476.7849520896788,168.7882421209241,0.0,,
historical_match,1.106979769992665,0.5,S2b,0.0,1287.9786096136777,345.60784934554806,272.5471845260322,476.7849520896788,185.48978373418555,0.0,,
historical_match,1.106979769992665,0.75,S1,0.0,1287.9786096136777,345.60784934554806,272.5471845260322,476.7849520896788,335.4810414818131,62.933856955780925,272.5471845260322,335.4810414818131
historical_match,1.106979769992665,0.75,S2a,0.0,1287.9786096136777,345.60784934554806,272.5471845260322,476.7849520896788,353.5943330228997,81.04714849686752,272.5471845260322,353.5943330228997
historical_match,1.106979769992665,0.75,S2b,0.0,1287.9786096136777,345.60784934554806,272.5471845260322,476.7849520896788,398.723749082514,126.17656455648182,272.5471845260322,398.723749082514
historical_match,1.106979769992665,1.0,S1,0.0,1287.9786096136777,345.60784934554806,272.5471845260322,476.7849520896788,406.1238751414763,133.57669061544408,272.5471845260322,406.1238751414763
historical_match,1.106979769992665,1.0,S2a,0.0,1287.9786096136777,345.60784934554806,272.5471845260322,476.7849520896788,454.3093904176549,181.76220589162273,272.5471845260322,454.3093904176549
historical_match,1.106979769992665,1.0,S2b,0.0,1287.9786096136777,345.60784934554806,272.5471845260322,476.7849520896788,476.78495208924517,204.23776756321297,272.5471845260322,476.78495208924517
historical_match,1.106979769992665,union_of_three_loads,S1,0.0,1287.9786096136777,345.60784934554806,272.5471845260322,476.7849520896788,406.1238751414763,133.57669061544408,272.5471845260322,406.1238751414763
historical_match,1.106979769992665,union_of_three_loads,S2a,0.0,1287.9786096136777,345.60784934554806,272.5471845260322,476.7849520896788,454.3093904176549,181.76220589162273,272.5471845260322,454.3093904176549
historical_match,1.106979769992665,union_of_three_loads,S2b,0.0,1287.9786096136777,345.60784934554806,272.5471845260322,476.7849520896788,476.78495208924517,204.23776756321297,272.5471845260322,476.78495208924517
new_match_x0.8,0.8563939258553733,0.5,S1,-20.0,1267.8430202282593,437.2163712829367,370.4176450662176,469.33114350251316,166.53246139534505,0.0,,
new_match_x0.8,0.8563939258553733,0.5,S2a,-20.0,1267.8430202282593,437.2163712829367,370.4176450662176,469.33114350251316,168.7882421209241,0.0,,
new_match_x0.8,0.8563939258553733,0.5,S2b,-20.0,1267.8430202282593,437.2163712829367,370.4176450662176,469.33114350251316,185.48978373418555,0.0,,
new_match_x0.8,0.8563939258553733,0.75,S1,-20.0,1267.8430202282593,437.2163712829367,370.4176450662176,469.33114350251316,332.5923919115663,0.0,,
new_match_x0.8,0.8563939258553733,0.75,S2a,-20.0,1267.8430202282593,437.2163712829367,370.4176450662176,469.33114350251316,352.9877467812224,0.0,,
new_match_x0.8,0.8563939258553733,0.75,S2b,-20.0,1267.8430202282593,437.2163712829367,370.4176450662176,469.33114350251316,398.723749082514,28.306104016296445,370.4176450662176,398.723749082514
new_match_x0.8,0.8563939258553733,1.0,S1,-20.0,1267.8430202282593,437.2163712829367,370.4176450662176,469.33114350251316,402.11703170596235,31.699386639744773,370.4176450662176,402.11703170596235
new_match_x0.8,0.8563939258553733,1.0,S2a,-20.0,1267.8430202282593,437.2163712829367,370.4176450662176,469.33114350251316,449.44313197001907,79.0254869038015,370.4176450662176,449.44313197001907
new_match_x0.8,0.8563939258553733,1.0,S2b,-20.0,1267.8430202282593,437.2163712829367,370.4176450662176,469.33114350251316,469.3311435020864,98.9134984358688,370.4176450662176,469.3311435020864
new_match_x0.8,0.8563939258553733,union_of_three_loads,S1,-20.0,1267.8430202282593,437.2163712829367,370.4176450662176,469.33114350251316,402.11703170596235,31.699386639744773,370.4176450662176,402.11703170596235
new_match_x0.8,0.8563939258553733,union_of_three_loads,S2a,-20.0,1267.8430202282593,437.2163712829367,370.4176450662176,469.33114350251316,449.44313197001907,79.0254869038015,370.4176450662176,449.44313197001907
new_match_x0.8,0.8563939258553733,union_of_three_loads,S2b,-20.0,1267.8430202282593,437.2163712829367,370.4176450662176,469.33114350251316,469.3311435020864,98.9134984358688,370.4176450662176,469.3311435020864
new_match_x0.8,0.8563939258553733,0.5,S1,-17.5,1234.7827167010846,415.985945453523,350.47181012558696,457.09285389458086,166.53246139534505,0.0,,
new_match_x0.8,0.8563939258553733,0.5,S2a,-17.5,1234.7827167010846,415.985945453523,350.47181012558696,457.09285389458086,168.7882421209241,0.0,,
new_match_x0.8,0.8563939258553733,0.5,S2b,-17.5,1234.7827167010846,415.985945453523,350.47181012558696,457.09285389458086,185.48978373418555,0.0,,
new_match_x0.8,0.8563939258553733,0.75,S1,-17.5,1234.7827167010846,415.985945453523,350.47181012558696,457.09285389458086,327.7240389230501,0.0,,
new_match_x0.8,0.8563939258553733,0.75,S2a,-17.5,1234.7827167010846,415.985945453523,350.47181012558696,457.09285389458086,351.9226487415444,1.450838615957423,350.47181012558696,351.9226487415444
new_match_x0.8,0.8563939258553733,0.75,S2b,-17.5,1234.7827167010846,415.985945453523,350.47181012558696,457.09285389458086,398.723749082514,48.25193895692706,350.47181012558696,398.723749082514
new_match_x0.8,0.8563939258553733,1.0,S1,-17.5,1234.7827167010846,415.985945453523,350.47181012558696,457.09285389458086,395.3993163512829,44.927506225695936,350.47181012558696,395.3993163512829
new_match_x0.8,0.8563939258553733,1.0,S2a,-17.5,1234.7827167010846,415.985945453523,350.47181012558696,457.09285389458086,441.27527430320026,90.80346417761331,350.47181012558696,441.27527430320026
new_match_x0.8,0.8563939258553733,1.0,S2b,-17.5,1234.7827167010846,415.985945453523,350.47181012558696,457.09285389458086,457.09285389416516,106.6210437685782,350.47181012558696,457.09285389416516
new_match_x0.8,0.8563939258553733,union_of_three_loads,S1,-17.5,1234.7827167010846,415.985945453523,350.47181012558696,457.09285389458086,395.3993163512829,44.927506225695936,350.47181012558696,395.3993163512829
new_match_x0.8,0.8563939258553733,union_of_three_loads,S2a,-17.5,1234.7827167010846,415.985945453523,350.47181012558696,457.09285389458086,441.27527430320026,90.80346417761331,350.47181012558696,441.27527430320026
new_match_x0.8,0.8563939258553733,union_of_three_loads,S2b,-17.5,1234.7827167010846,415.985945453523,350.47181012558696,457.09285389458086,457.09285389416516,106.6210437685782,350.47181012558696,457.09285389416516
new_match_x0.8,0.8563939258553733,0.5,S1,-15.0,1201.722413173665,394.7555196240185,329.883679740474,444.85456428655783,166.53246139534505,0.0,,
new_match_x0.8,0.8563939258553733,0.5,S2a,-15.0,1201.722413173665,394.7555196240185,329.883679740474,444.85456428655783,168.7882421209241,0.0,,
new_match_x0.8,0.8563939258553733,0.5,S2b,-15.0,1201.722413173665,394.7555196240185,329.883679740474,444.85456428655783,185.48978373418555,0.0,,
new_match_x0.8,0.8563939258553733,0.75,S1,-15.0,1201.722413173665,394.7555196240185,329.883679740474,444.85456428655783,322.69592599492614,0.0,,
new_match_x0.8,0.8563939258553733,0.75,S2a,-15.0,1201.722413173665,394.7555196240185,329.883679740474,444.85456428655783,350.755735454151,20.872055713677014,329.883679740474,350.755735454151
new_match_x0.8,0.8563939258553733,0.75,S2b,-15.0,1201.722413173665,394.7555196240185,329.883679740474,444.85456428655783,398.723749082514,68.84006934204001,329.883679740474,398.723749082514
new_match_x0.8,0.8563939258553733,1.0,S1,-15.0,1201.722413173665,394.7555196240185,329.883679740474,444.85456428655783,388.50626923160144,58.62258949112743,329.883679740474,388.50626923160144
new_match_x0.8,0.8563939258553733,1.0,S2a,-15.0,1201.722413173665,394.7555196240185,329.883679740474,444.85456428655783,432.91145173004634,103.02777198957233,329.883679740474,432.91145173004634
new_match_x0.8,0.8563939258553733,1.0,S2b,-15.0,1201.722413173665,394.7555196240185,329.883679740474,444.85456428655783,444.8545642861533,114.97088454567927,329.883679740474,444.8545642861533
new_match_x0.8,0.8563939258553733,union_of_three_loads,S1,-15.0,1201.722413173665,394.7555196240185,329.883679740474,444.85456428655783,388.50626923160144,58.62258949112743,329.883679740474,388.50626923160144
new_match_x0.8,0.8563939258553733,union_of_three_loads,S2a,-15.0,1201.722413173665,394.7555196240185,329.883679740474,444.85456428655783,432.91145173004634,103.02777198957233,329.883679740474,432.91145173004634
new_match_x0.8,0.8563939258553733,union_of_three_loads,S2b,-15.0,1201.722413173665,394.7555196240185,329.883679740474,444.85456428655783,444.8545642861533,114.97088454567927,329.883679740474,444.8545642861533
new_match_x0.8,0.8563939258553733,0.5,S1,-12.5,1166.9270238601976,373.52509379455773,309.93784479979627,431.97397923418697,166.53246139534505,0.0,,
new_match_x0.8,0.8563939258553733,0.5,S2a,-12.5,1166.9270238601976,373.52509379455773,309.93784479979627,431.97397923418697,168.7882421209241,0.0,,
new_match_x0.8,0.8563939258553733,0.5,S2b,-12.5,1166.9270238601976,373.52509379455773,309.93784479979627,431.97397923418697,185.48978373418555,0.0,,
new_match_x0.8,0.8563939258553733,0.75,S1,-12.5,1166.9270238601976,373.52509379455773,309.93784479979627,431.97397923418697,317.2266453800216,7.288800580225313,309.93784479979627,317.2266453800216
new_match_x0.8,0.8563939258553733,0.75,S2a,-12.5,1166.9270238601976,373.52509379455773,309.93784479979627,431.97397923418697,349.4085529075571,39.470708107760856,309.93784479979627,349.4085529075571
new_match_x0.8,0.8563939258553733,0.75,S2b,-12.5,1166.9270238601976,373.52509379455773,309.93784479979627,431.97397923418697,398.723749082514,88.78590428271775,309.93784479979627,398.723749082514
new_match_x0.8,0.8563939258553733,1.0,S1,-12.5,1166.9270238601976,373.52509379455773,309.93784479979627,431.97397923418697,381.058815242331,71.12097044253471,309.93784479979627,381.058815242331
new_match_x0.8,0.8563939258553733,1.0,S2a,-12.5,1166.9270238601976,373.52509379455773,309.93784479979627,431.97397923418697,423.78850890099466,113.85066410119839,309.93784479979627,423.78850890099466
new_match_x0.8,0.8563939258553733,1.0,S2b,-12.5,1166.9270238601976,373.52509379455773,309.93784479979627,431.97397923418697,431.9739792337941,122.03613443399786,309.93784479979627,431.9739792337941
new_match_x0.8,0.8563939258553733,union_of_three_loads,S1,-12.5,1166.9270238601976,373.52509379455773,309.93784479979627,431.97397923418697,381.058815242331,71.12097044253471,309.93784479979627,381.058815242331
new_match_x0.8,0.8563939258553733,union_of_three_loads,S2a,-12.5,1166.9270238601976,373.52509379455773,309.93784479979627,431.97397923418697,423.78850890099466,113.85066410119839,309.93784479979627,423.78850890099466
new_match_x0.8,0.8563939258553733,union_of_three_loads,S2b,-12.5,1166.9270238601976,373.52509379455773,309.93784479979627,431.97397923418697,431.9739792337941,122.03613443399786,309.93784479979627,431.9739792337941
new_match_x0.8,0.8563939258553733,0.5,S1,-10.0,1133.8667203332104,352.2946679652134,289.992009859235,419.7356896263241,166.53246139534505,0.0,,
new_match_x0.8,0.8563939258553733,0.5,S2a,-10.0,1133.8667203332104,352.2946679652134,289.992009859235,419.7356896263241,168.7882421209241,0.0,,
new_match_x0.8,0.8563939258553733,0.5,S2b,-10.0,1133.8667203332104,352.2946679652134,289.992009859235,419.7356896263241,185.48978373418555,0.0,,
new_match_x0.8,0.8563939258553733,0.75,S1,-10.0,1133.8667203332104,352.2946679652134,289.992009859235,419.7356896263241,311.8571734534072,21.865163594172202,289.992009859235,311.8571734534072
new_match_x0.8,0.8563939258553733,0.75,S2a,-10.0,1133.8667203332104,352.2946679652134,289.992009859235,419.7356896263241,346.7167872222891,56.7247773630541,289.992009859235,346.7167872222891
new_match_x0.8,0.8563939258553733,0.75,S2b,-10.0,1133.8667203332104,352.2946679652134,289.992009859235,419.7356896263241,398.723749082514,108.73173922327902,289.992009859235,398.723749082514
new_match_x0.8,0.8563939258553733,1.0,S1,-10.0,1133.8667203332104,352.2946679652134,289.992009859235,419.7356896263241,373.7966568530977,83.80464699386272,289.992009859235,373.7966568530977
new_match_x0.8,0.8563939258553733,1.0,S2a,-10.0,1133.8667203332104,352.2946679652134,289.992009859235,419.7356896263241,415.00892212260385,125.01691226336885,289.992009859235,415.00892212260385
new_match_x0.8,0.8563939258553733,1.0,S2b,-10.0,1133.8667203332104,352.2946679652134,289.992009859235,419.7356896263241,419.7356896259423,129.74367976670732,289.992009859235,419.7356896259423
new_match_x0.8,0.8563939258553733,union_of_three_loads,S1,-10.0,1133.8667203332104,352.2946679652134,289.992009859235,419.7356896263241,373.7966568530977,83.80464699386272,289.992009859235,373.7966568530977
new_match_x0.8,0.8563939258553733,union_of_three_loads,S2a,-10.0,1133.8667203332104,352.2946679652134,289.992009859235,419.7356896263241,415.00892212260385,125.01691226336885,289.992009859235,415.00892212260385
new_match_x0.8,0.8563939258553733,union_of_three_loads,S2b,-10.0,1133.8667203332104,352.2946679652134,289.992009859235,419.7356896263241,419.7356896259423,129.74367976670732,289.992009859235,419.7356896259423
new_match_x0.8,0.8563939258553733,0.5,S1,-7.5,1099.0713310202007,331.0642421359222,270.0461749187268,406.8551045741227,166.53246139534505,0.0,,
new_match_x0.8,0.8563939258553733,0.5,S2a,-7.5,1099.0713310202007,331.0642421359222,270.0461749187268,406.8551045741227,168.7882421209241,0.0,,
new_match_x0.8,0.8563939258553733,0.5,S2b,-7.5,1099.0713310202007,331.0642421359222,270.0461749187268,406.8551045741227,185.48978373418555,0.0,,
new_match_x0.8,0.8563939258553733,0.75,S1,-7.5,1099.0713310202007,331.0642421359222,270.0461749187268,406.8551045741227,306.0191298160463,35.97295489731948,270.0461749187268,306.0191298160463
new_match_x0.8,0.8563939258553733,0.75,S2a,-7.5,1099.0713310202007,331.0642421359222,270.0461749187268,406.8551045741227,339.93546177840585,69.88928685967903,270.0461749187268,339.93546177840585
new_match_x0.8,0.8563939258553733,0.75,S2b,-7.5,1099.0713310202007,331.0642421359222,270.0461749187268,406.8551045741227,398.723749082514,128.6775741637872,270.0461749187268,398.723749082514
new_match_x0.8,0.8563939258553733,1.0,S1,-7.5,1099.0713310202007,331.0642421359222,270.0461749187268,406.8551045741227,365.9543479824863,95.90817306375948,270.0461749187268,365.9543479824863
new_match_x0.8,0.8563939258553733,1.0,S2a,-7.5,1099.0713310202007,331.0642421359222,270.0461749187268,406.8551045741227,405.4418596096033,135.39568469087646,270.0461749187268,405.4418596096033
new_match_x0.8,0.8563939258553733,1.0,S2b,-7.5,1099.0713310202007,331.0642421359222,270.0461749187268,406.8551045741227,406.85510457375267,136.80892965502585,270.0461749187268,406.85510457375267
new_match_x0.8,0.8563939258553733,union_of_three_loads,S1,-7.5,1099.0713310202007,331.0642421359222,270.0461749187268,406.8551045741227,365.9543479824863,95.90817306375948,270.0461749187268,365.9543479824863
new_match_x0.8,0.8563939258553733,union_of_three_loads,S2a,-7.5,1099.0713310202007,331.0642421359222,270.0461749187268,406.8551045741227,405.4418596096033,135.39568469087646,270.0461749187268,405.4418596096033
new_match_x0.8,0.8563939258553733,union_of_three_loads,S2b,-7.5,1099.0713310202007,331.0642421359222,270.0461749187268,406.8551045741227,406.85510457375267,136.80892965502585,270.0461749187268,406.85510457375267
new_match_x0.8,0.8563939258553733,0.5,S1,-5.0,1064.2759417064813,309.8338163063681,250.10033997795577,393.9745195216585,166.53246139534505,0.0,,
new_match_x0.8,0.8563939258553733,0.5,S2a,-5.0,1064.2759417064813,309.8338163063681,250.10033997795577,393.9745195216585,168.7882421209241,0.0,,
new_match_x0.8,0.8563939258553733,0.5,S2b,-5.0,1064.2759417064813,309.8338163063681,250.10033997795577,393.9745195216585,185.48978373418555,0.0,,
new_match_x0.8,0.8563939258553733,0.75,S1,-5.0,1064.2759417064813,309.8338163063681,250.10033997795577,393.9745195216585,299.98468042345223,49.88434044549646,250.10033997795577,299.98468042345223
new_match_x0.8,0.8563939258553733,0.75,S2a,-5.0,1064.2759417064813,309.8338163063681,250.10033997795577,393.9745195216585,332.79947207544734,82.69913209749157,250.10033997795577,332.79947207544734
new_match_x0.8,0.8563939258553733,0.75,S2b,-5.0,1064.2759417064813,309.8338163063681,250.10033997795577,393.9745195216585,393.9745195213003,143.87417954334452,250.10033997795577,393.9745195213003
new_match_x0.8,0.8563939258553733,1.0,S1,-5.0,1064.2759417064813,309.8338163063681,250.10033997795577,393.9745195216585,357.9047678594162,107.80442788146044,250.10033997795577,357.9047678594162
new_match_x0.8,0.8563939258553733,1.0,S2a,-5.0,1064.2759417064813,309.8338163063681,250.10033997795577,393.9745195216585,393.9745195213003,143.87417954334452,250.10033997795577,393.9745195213003
new_match_x0.8,0.8563939258553733,1.0,S2b,-5.0,1064.2759417064813,309.8338163063681,250.10033997795577,393.9745195216585,393.9745195213003,143.87417954334452,250.10033997795577,393.9745195213003
new_match_x0.8,0.8563939258553733,union_of_three_loads,S1,-5.0,1064.2759417064813,309.8338163063681,250.10033997795577,393.9745195216585,357.9047678594162,107.80442788146044,250.10033997795577,357.9047678594162
new_match_x0.8,0.8563939258553733,union_of_three_loads,S2a,-5.0,1064.2759417064813,309.8338163063681,250.10033997795577,393.9745195216585,393.9745195213003,143.87417954334452,250.10033997795577,393.9745195213003
new_match_x0.8,0.8563939258553733,union_of_three_loads,S2b,-5.0,1064.2759417064813,309.8338163063681,250.10033997795577,393.9745195216585,393.9745195213003,143.87417954334452,250.10033997795577,393.9745195213003
new_match_x0.8,0.8563939258553733,0.5,S1,-2.5,1029.4805523925622,288.6033904767403,230.15450503711105,381.0939344691206,166.53246139534505,0.0,,
new_match_x0.8,0.8563939258553733,0.5,S2a,-2.5,1029.4805523925622,288.6033904767403,230.15450503711105,381.0939344691206,168.7882421209241,0.0,,
new_match_x0.8,0.8563939258553733,0.5,S2b,-2.5,1029.4805523925622,288.6033904767403,230.15450503711105,381.0939344691206,185.48978373418555,0.0,,
new_match_x0.8,0.8563939258553733,0.75,S1,-2.5,1029.4805523925622,288.6033904767403,230.15450503711105,381.0939344691206,293.74893100263023,63.59442596551918,230.15450503711105,293.74893100263023
new_match_x0.8,0.8563939258553733,0.75,S2a,-2.5,1029.4805523925622,288.6033904767403,230.15450503711105,381.0939344691206,325.39528717268854,95.24078213557749,230.15450503711105,325.39528717268854
new_match_x0.8,0.8563939258553733,0.75,S2b,-2.5,1029.4805523925622,288.6033904767403,230.15450503711105,381.0939344691206,381.0939344687739,150.93942943166286,230.15450503711105,381.0939344687739
new_match_x0.8,0.8563939258553733,1.0,S1,-2.5,1029.4805523925622,288.6033904767403,230.15450503711105,381.0939344691206,349.6447908295776,119.49028579246652,230.15450503711105,349.6447908295776
new_match_x0.8,0.8563939258553733,1.0,S2a,-2.5,1029.4805523925622,288.6033904767403,230.15450503711105,381.0939344691206,381.0939344687739,150.93942943166286,230.15450503711105,381.0939344687739
new_match_x0.8,0.8563939258553733,1.0,S2b,-2.5,1029.4805523925622,288.6033904767403,230.15450503711105,381.0939344691206,381.0939344687739,150.93942943166286,230.15450503711105,381.0939344687739
new_match_x0.8,0.8563939258553733,union_of_three_loads,S1,-2.5,1029.4805523925622,288.6033904767403,230.15450503711105,381.0939344691206,349.6447908295776,119.49028579246652,230.15450503711105,349.6447908295776
new_match_x0.8,0.8563939258553733,union_of_three_loads,S2a,-2.5,1029.4805523925622,288.6033904767403,230.15450503711105,381.0939344691206,381.0939344687739,150.93942943166286,230.15450503711105,381.0939344687739
new_match_x0.8,0.8563939258553733,union_of_three_loads,S2b,-2.5,1029.4805523925622,288.6033904767403,230.15450503711105,381.0939344691206,381.0939344687739,150.93942943166286,230.15450503711105,381.0939344687739
new_match_x0.8,0.8563939258553733,0.5,S1,0.0,996.4202488651727,267.37296464724693,210.8509655407923,368.85564486110866,166.53246139534505,0.0,,
new_match_x0.8,0.8563939258553733,0.5,S2a,0.0,996.4202488651727,267.37296464724693,210.8509655407923,368.85564486110866,168.7882421209241,0.0,,
new_match_x0.8,0.8563939258553733,0.5,S2b,0.0,996.4202488651727,267.37296464724693,210.8509655407923,368.85564486110866,185.48978373418555,0.0,,
new_match_x0.8,0.8563939258553733,0.75,S1,0.0,996.4202488651727,267.37296464724693,210.8509655407923,368.85564486110866,287.63323472291916,76.78226918212687,210.8509655407923,287.63323472291916
new_match_x0.8,0.8563939258553733,0.75,S2a,0.0,996.4202488651727,267.37296464724693,210.8509655407923,368.85564486110866,318.15116788417924,107.30020234338696,210.8509655407923,318.15116788417924
new_match_x0.8,0.8563939258553733,0.75,S2b,0.0,996.4202488651727,267.37296464724693,210.8509655407923,368.85564486110866,368.85564486077317,158.00467931998088,210.8509655407923,368.85564486077317
new_match_x0.8,0.8563939258553733,1.0,S1,0.0,996.4202488651727,267.37296464724693,210.8509655407923,368.85564486110866,341.5990247426997,130.74805920190744,210.8509655407923,341.5990247426997
new_match_x0.8,0.8563939258553733,1.0,S2a,0.0,996.4202488651727,267.37296464724693,210.8509655407923,368.85564486110866,368.85564486077317,158.00467931998088,210.8509655407923,368.85564486077317
new_match_x0.8,0.8563939258553733,1.0,S2b,0.0,996.4202488651727,267.37296464724693,210.8509655407923,368.85564486110866,368.85564486077317,158.00467931998088,210.8509655407923,368.85564486077317
new_match_x0.8,0.8563939258553733,union_of_three_loads,S1,0.0,996.4202488651727,267.37296464724693,210.8509655407923,368.85564486110866,341.5990247426997,130.74805920190744,210.8509655407923,341.5990247426997
new_match_x0.8,0.8563939258553733,union_of_three_loads,S2a,0.0,996.4202488651727,267.37296464724693,210.8509655407923,368.85564486110866,368.85564486077317,158.00467931998088,210.8509655407923,368.85564486077317
new_match_x0.8,0.8563939258553733,union_of_three_loads,S2b,0.0,996.4202488651727,267.37296464724693,210.8509655407923,368.85564486110866,368.85564486077317,158.00467931998088,210.8509655407923,368.85564486077317
new_match_x0.9,0.9634431665872949,0.5,S1,-20.0,1426.3233977567916,491.86841769330374,416.7198506994947,527.9975364403273,166.53246139534505,0.0,,
new_match_x0.9,0.9634431665872949,0.5,S2a,-20.0,1426.3233977567916,491.86841769330374,416.7198506994947,527.9975364403273,168.7882421209241,0.0,,
new_match_x0.9,0.9634431665872949,0.5,S2b,-20.0,1426.3233977567916,491.86841769330374,416.7198506994947,527.9975364403273,185.48978373418555,0.0,,
new_match_x0.9,0.9634431665872949,0.75,S1,-20.0,1426.3233977567916,491.86841769330374,416.7198506994947,527.9975364403273,353.84576754830016,0.0,,
new_match_x0.9,0.9634431665872949,0.75,S2a,-20.0,1426.3233977567916,491.86841769330374,416.7198506994947,527.9975364403273,357.0609630281209,0.0,,
new_match_x0.9,0.9634431665872949,0.75,S2b,-20.0,1426.3233977567916,491.86841769330374,416.7198506994947,527.9975364403273,398.723749082514,0.0,,
new_match_x0.9,0.9634431665872949,1.0,S1,-20.0,1426.3233977567916,491.86841769330374,416.7198506994947,527.9975364403273,431.98153141703654,15.261680717541822,416.7198506994947,431.98153141703654
new_match_x0.9,0.9634431665872949,1.0,S2a,-20.0,1426.3233977567916,491.86841769330374,416.7198506994947,527.9975364403273,485.50280805006264,68.78295735056793,416.7198506994947,485.50280805006264
new_match_x0.9,0.9634431665872949,1.0,S2b,-20.0,1426.3233977567916,491.86841769330374,416.7198506994947,527.9975364403273,527.9975364398472,111.27768574035247,416.7198506994947,527.9975364398472
new_match_x0.9,0.9634431665872949,union_of_three_loads,S1,-20.0,1426.3233977567916,491.86841769330374,416.7198506994947,527.9975364403273,431.98153141703654,15.261680717541822,416.7198506994947,431.98153141703654
new_match_x0.9,0.9634431665872949,union_of_three_loads,S2a,-20.0,1426.3233977567916,491.86841769330374,416.7198506994947,527.9975364403273,485.50280805006264,68.78295735056793,416.7198506994947,485.50280805006264
new_match_x0.9,0.9634431665872949,union_of_three_loads,S2b,-20.0,1426.3233977567916,491.86841769330374,416.7198506994947,527.9975364403273,527.9975364398472,111.27768574035247,416.7198506994947,527.9975364398472
new_match_x0.9,0.9634431665872949,0.5,S1,-17.5,1389.13055628872,467.98418863521334,394.2807863912853,514.2294606314034,166.53246139534505,0.0,,
new_match_x0.9,0.9634431665872949,0.5,S2a,-17.5,1389.13055628872,467.98418863521334,394.2807863912853,514.2294606314034,168.7882421209241,0.0,,
new_match_x0.9,0.9634431665872949,0.5,S2b,-17.5,1389.13055628872,467.98418863521334,394.2807863912853,514.2294606314034,185.48978373418555,0.0,,
new_match_x0.9,0.9634431665872949,0.75,S1,-17.5,1389.13055628872,467.98418863521334,394.2807863912853,514.2294606314034,349.1539769600672,0.0,,
new_match_x0.9,0.9634431665872949,0.75,S2a,-17.5,1389.13055628872,467.98418863521334,394.2807863912853,514.2294606314034,356.2499770496945,0.0,,
new_match_x0.9,0.9634431665872949,0.75,S2b,-17.5,1389.13055628872,467.98418863521334,394.2807863912853,514.2294606314034,398.723749082514,4.442962691228729,394.2807863912853,398.723749082514
new_match_x0.9,0.9634431665872949,1.0,S1,-17.5,1389.13055628872,467.98418863521334,394.2807863912853,514.2294606314034,425.31017924098467,31.029392849699377,394.2807863912853,425.31017924098467
new_match_x0.9,0.9634431665872949,1.0,S2a,-17.5,1389.13055628872,467.98418863521334,394.2807863912853,514.2294606314034,477.44153025509286,83.16074386380757,394.2807863912853,477.44153025509286
new_match_x0.9,0.9634431665872949,1.0,S2b,-17.5,1389.13055628872,467.98418863521334,394.2807863912853,514.2294606314034,514.2294606309358,119.94867423965053,394.2807863912853,514.2294606309358
new_match_x0.9,0.9634431665872949,union_of_three_loads,S1,-17.5,1389.13055628872,467.98418863521334,394.2807863912853,514.2294606314034,425.31017924098467,31.029392849699377,394.2807863912853,425.31017924098467
new_match_x0.9,0.9634431665872949,union_of_three_loads,S2a,-17.5,1389.13055628872,467.98418863521334,394.2807863912853,514.2294606314034,477.44153025509286,83.16074386380757,394.2807863912853,477.44153025509286
new_match_x0.9,0.9634431665872949,union_of_three_loads,S2b,-17.5,1389.13055628872,467.98418863521334,394.2807863912853,514.2294606314034,514.2294606309358,119.94867423965053,394.2807863912853,514.2294606309358
new_match_x0.9,0.9634431665872949,0.5,S1,-15.0,1351.937714820373,444.0999595770208,371.11913970803323,500.4613848223775,166.53246139534505,0.0,,
new_match_x0.9,0.9634431665872949,0.5,S2a,-15.0,1351.937714820373,444.0999595770208,371.11913970803323,500.4613848223775,168.7882421209241,0.0,,
new_match_x0.9,0.9634431665872949,0.5,S2b,-15.0,1351.937714820373,444.0999595770208,371.11913970803323,500.4613848223775,185.48978373418555,0.0,,
new_match_x0.9,0.9634431665872949,0.75,S1,-15.0,1351.937714820373,444.0999595770208,371.11913970803323,500.4613848223775,344.2851560183824,0.0,,
new_match_x0.9,0.9634431665872949,0.75,S2a,-15.0,1351.937714820373,444.0999595770208,371.11913970803323,500.4613848223775,355.3593605970432,0.0,,
new_match_x0.9,0.9634431665872949,0.75,S2b,-15.0,1351.937714820373,444.0999595770208,371.11913970803323,500.4613848223775,398.723749082514,27.604609374480788,371.11913970803323,398.723749082514
new_match_x0.9,0.9634431665872949,1.0,S1,-15.0,1351.937714820373,444.0999595770208,371.11913970803323,500.4613848223775,418.4353192262659,47.31617951823267,371.11913970803323,418.4353192262659
new_match_x0.9,0.9634431665872949,1.0,S2a,-15.0,1351.937714820373,444.0999595770208,371.11913970803323,500.4613848223775,469.2431806166809,98.12404090864766,371.11913970803323,469.2431806166809
new_match_x0.9,0.9634431665872949,1.0,S2b,-15.0,1351.937714820373,444.0999595770208,371.11913970803323,500.4613848223775,500.46138482192237,129.34224511388913,371.11913970803323,500.46138482192237
new_match_x0.9,0.9634431665872949,union_of_three_loads,S1,-15.0,1351.937714820373,444.0999595770208,371.11913970803323,500.4613848223775,418.4353192262659,47.31617951823267,371.11913970803323,418.4353192262659
new_match_x0.9,0.9634431665872949,union_of_three_loads,S2a,-15.0,1351.937714820373,444.0999595770208,371.11913970803323,500.4613848223775,469.2431806166809,98.12404090864766,371.11913970803323,469.2431806166809
new_match_x0.9,0.9634431665872949,union_of_three_loads,S2b,-15.0,1351.937714820373,444.0999595770208,371.11913970803323,500.4613848223775,500.46138482192237,129.34224511388913,371.11913970803323,500.46138482192237
new_match_x0.9,0.9634431665872949,0.5,S1,-12.5,1312.792901842722,420.21573051887736,348.6800753997707,485.97072663846023,166.53246139534505,0.0,,
new_match_x0.9,0.9634431665872949,0.5,S2a,-12.5,1312.792901842722,420.21573051887736,348.6800753997707,485.97072663846023,168.7882421209241,0.0,,
new_match_x0.9,0.9634431665872949,0.5,S2b,-12.5,1312.792901842722,420.21573051887736,348.6800753997707,485.97072663846023,185.48978373418555,0.0,,
new_match_x0.9,0.9634431665872949,0.75,S1,-12.5,1312.792901842722,420.21573051887736,348.6800753997707,485.97072663846023,338.9630065688392,0.0,,
new_match_x0.9,0.9634431665872949,0.75,S2a,-12.5,1312.792901842722,420.21573051887736,348.6800753997707,485.97072663846023,354.30752017339984,5.627444773629122,348.6800753997707,354.30752017339984
new_match_x0.9,0.9634431665872949,0.75,S2b,-12.5,1312.792901842722,420.21573051887736,348.6800753997707,485.97072663846023,398.723749082514,50.043673682743304,348.6800753997707,398.723749082514
new_match_x0.9,0.9634431665872949,1.0,S1,-12.5,1312.792901842722,420.21573051887736,348.6800753997707,485.97072663846023,410.9748581329994,62.29478273322866,348.6800753997707,410.9748581329994
new_match_x0.9,0.9634431665872949,1.0,S2a,-12.5,1312.792901842722,420.21573051887736,348.6800753997707,485.97072663846023,460.2209370083706,111.54086160859987,348.6800753997707,460.2209370083706
new_match_x0.9,0.9634431665872949,1.0,S2b,-12.5,1312.792901842722,420.21573051887736,348.6800753997707,485.97072663846023,485.9707266380183,137.29065123824756,348.6800753997707,485.9707266380183
new_match_x0.9,0.9634431665872949,union_of_three_loads,S1,-12.5,1312.792901842722,420.21573051887736,348.6800753997707,485.97072663846023,410.9748581329994,62.29478273322866,348.6800753997707,410.9748581329994
new_match_x0.9,0.9634431665872949,union_of_three_loads,S2a,-12.5,1312.792901842722,420.21573051887736,348.6800753997707,485.97072663846023,460.2209370083706,111.54086160859987,348.6800753997707,460.2209370083706
new_match_x0.9,0.9634431665872949,union_of_three_loads,S2b,-12.5,1312.792901842722,420.21573051887736,348.6800753997707,485.97072663846023,485.9707266380183,137.29065123824756,348.6800753997707,485.9707266380183
new_match_x0.9,0.9634431665872949,0.5,S1,-10.0,1275.6000603748616,396.331501460865,326.24101109163934,472.2026508296145,166.53246139534505,0.0,,
new_match_x0.9,0.9634431665872949,0.5,S2a,-10.0,1275.6000603748616,396.331501460865,326.24101109163934,472.2026508296145,168.7882421209241,0.0,,
new_match_x0.9,0.9634431665872949,0.5,S2b,-10.0,1275.6000603748616,396.331501460865,326.24101109163934,472.2026508296145,185.48978373418555,0.0,,
new_match_x0.9,0.9634431665872949,0.75,S1,-10.0,1275.6000603748616,396.331501460865,326.24101109163934,472.2026508296145,333.71199199322155,7.470980901582209,326.24101109163934,333.71199199322155
new_match_x0.9,0.9634431665872949,0.75,S2a,-10.0,1275.6000603748616,396.331501460865,326.24101109163934,472.2026508296145,353.2344548357454,26.99344374410606,326.24101109163934,353.2344548357454
new_match_x0.9,0.9634431665872949,0.75,S2b,-10.0,1275.6000603748616,396.331501460865,326.24101109163934,472.2026508296145,398.723749082514,72.48273799087468,326.24101109163934,398.723749082514
new_match_x0.9,0.9634431665872949,1.0,S1,-10.0,1275.6000603748616,396.331501460865,326.24101109163934,472.2026508296145,403.668160063034,77.42714897139467,326.24101109163934,403.668160063034
new_match_x0.9,0.9634431665872949,1.0,S2a,-10.0,1275.6000603748616,396.331501460865,326.24101109163934,472.2026508296145,451.33394365968877,125.09293256804943,326.24101109163934,451.33394365968877
new_match_x0.9,0.9634431665872949,1.0,S2b,-10.0,1275.6000603748616,396.331501460865,326.24101109163934,472.2026508296145,472.20265082918513,145.9616397375458,326.24101109163934,472.20265082918513
new_match_x0.9,0.9634431665872949,union_of_three_loads,S1,-10.0,1275.6000603748616,396.331501460865,326.24101109163934,472.2026508296145,403.668160063034,77.42714897139467,326.24101109163934,403.668160063034
new_match_x0.9,0.9634431665872949,union_of_three_loads,S2a,-10.0,1275.6000603748616,396.331501460865,326.24101109163934,472.2026508296145,451.33394365968877,125.09293256804943,326.24101109163934,451.33394365968877
new_match_x0.9,0.9634431665872949,union_of_three_loads,S2b,-10.0,1275.6000603748616,396.331501460865,326.24101109163934,472.2026508296145,472.20265082918513,145.9616397375458,326.24101109163934,472.20265082918513
new_match_x0.9,0.9634431665872949,0.5,S1,-7.5,1236.4552473977258,372.4472724029124,303.80194678356764,457.711992645888,166.53246139534505,0.0,,
new_match_x0.9,0.9634431665872949,0.5,S2a,-7.5,1236.4552473977258,372.4472724029124,303.80194678356764,457.711992645888,168.7882421209241,0.0,,
new_match_x0.9,0.9634431665872949,0.5,S2b,-7.5,1236.4552473977258,372.4472724029124,303.80194678356764,457.711992645888,185.48978373418555,0.0,,
new_match_x0.9,0.9634431665872949,0.75,S1,-7.5,1236.4552473977258,372.4472724029124,303.80194678356764,457.711992645888,327.9741309219521,24.172184138384466,303.80194678356764,327.9741309219521
new_match_x0.9,0.9634431665872949,0.75,S2a,-7.5,1236.4552473977258,372.4472724029124,303.80194678356764,457.711992645888,351.9771127709389,48.17516598737126,303.80194678356764,351.9771127709389
new_match_x0.9,0.9634431665872949,0.75,S2b,-7.5,1236.4552473977258,372.4472724029124,303.80194678356764,457.711992645888,398.723749082514,94.92180229894637,303.80194678356764,398.723749082514
new_match_x0.9,0.9634431665872949,1.0,S1,-7.5,1236.4552473977258,372.4472724029124,303.80194678356764,457.711992645888,395.7433530044717,91.94140622090407,303.80194678356764,395.7433530044717
new_match_x0.9,0.9634431665872949,1.0,S2a,-7.5,1236.4552473977258,372.4472724029124,303.80194678356764,457.711992645888,441.7325923612673,137.93064557769964,303.80194678356764,441.7325923612673
new_match_x0.9,0.9634431665872949,1.0,S2b,-7.5,1236.4552473977258,372.4472724029124,303.80194678356764,457.711992645888,457.7119926454717,153.91004586190405,303.80194678356764,457.7119926454717
new_match_x0.9,0.9634431665872949,union_of_three_loads,S1,-7.5,1236.4552473977258,372.4472724029124,303.80194678356764,457.711992645888,395.7433530044717,91.94140622090407,303.80194678356764,395.7433530044717
new_match_x0.9,0.9634431665872949,union_of_three_loads,S2a,-7.5,1236.4552473977258,372.4472724029124,303.80194678356764,457.711992645888,441.7325923612673,137.93064557769964,303.80194678356764,441.7325923612673
new_match_x0.9,0.9634431665872949,union_of_three_loads,S2b,-7.5,1236.4552473977258,372.4472724029124,303.80194678356764,457.711992645888,457.7119926454717,153.91004586190405,303.80194678356764,457.7119926454717
new_match_x0.9,0.9634431665872949,0.5,S1,-5.0,1197.3104344197911,348.56304334466404,281.3628824752002,443.22133446186575,166.53246139534505,0.0,,
new_match_x0.9,0.9634431665872949,0.5,S2a,-5.0,1197.3104344197911,348.56304334466404,281.3628824752002,443.22133446186575,168.7882421209241,0.0,,
new_match_x0.9,0.9634431665872949,0.5,S2b,-5.0,1197.3104344197911,348.56304334466404,281.3628824752002,443.22133446186575,185.48978373418555,0.0,,
new_match_x0.9,0.9634431665872949,0.75,S1,-5.0,1197.3104344197911,348.56304334466404,281.3628824752002,443.22133446186575,322.01259796212935,40.64971548692915,281.3628824752002,322.01259796212935
new_match_x0.9,0.9634431665872949,0.75,S2a,-5.0,1197.3104344197911,348.56304334466404,281.3628824752002,443.22133446186575,350.5935252938234,69.23064281862321,281.3628824752002,350.5935252938234
new_match_x0.9,0.9634431665872949,0.75,S2b,-5.0,1197.3104344197911,348.56304334466404,281.3628824752002,443.22133446186575,398.723749082514,117.36086660731382,281.3628824752002,398.723749082514
new_match_x0.9,0.9634431665872949,1.0,S1,-5.0,1197.3104344197911,348.56304334466404,281.3628824752002,443.22133446186575,387.5729540105898,106.2100715353896,281.3628824752002,387.5729540105898
new_match_x0.9,0.9634431665872949,1.0,S2a,-5.0,1197.3104344197911,348.56304334466404,281.3628824752002,443.22133446186575,431.7104632785319,150.3475808033317,281.3628824752002,431.7104632785319
new_match_x0.9,0.9634431665872949,1.0,S2b,-5.0,1197.3104344197911,348.56304334466404,281.3628824752002,443.22133446186575,443.2213344614627,161.85845198626248,281.3628824752002,443.2213344614627
new_match_x0.9,0.9634431665872949,union_of_three_loads,S1,-5.0,1197.3104344197911,348.56304334466404,281.3628824752002,443.22133446186575,387.5729540105898,106.2100715353896,281.3628824752002,387.5729540105898
new_match_x0.9,0.9634431665872949,union_of_three_loads,S2a,-5.0,1197.3104344197911,348.56304334466404,281.3628824752002,443.22133446186575,431.7104632785319,150.3475808033317,281.3628824752002,431.7104632785319
new_match_x0.9,0.9634431665872949,union_of_three_loads,S2b,-5.0,1197.3104344197911,348.56304334466404,281.3628824752002,443.22133446186575,443.2213344614627,161.85845198626248,281.3628824752002,443.2213344614627
new_match_x0.9,0.9634431665872949,0.5,S1,-2.5,1158.1656214416323,324.6788142863328,258.9238181667499,428.7306762777606,166.53246139534505,0.0,,
new_match_x0.9,0.9634431665872949,0.5,S2a,-2.5,1158.1656214416323,324.6788142863328,258.9238181667499,428.7306762777606,168.7882421209241,0.0,,
new_match_x0.9,0.9634431665872949,0.5,S2b,-2.5,1158.1656214416323,324.6788142863328,258.9238181667499,428.7306762777606,185.48978373418555,0.0,,
new_match_x0.9,0.9634431665872949,0.75,S1,-2.5,1158.1656214416323,324.6788142863328,258.9238181667499,428.7306762777606,315.82025995392814,56.89644178717822,258.9238181667499,315.82025995392814
new_match_x0.9,0.9634431665872949,0.75,S2a,-2.5,1158.1656214416323,324.6788142863328,258.9238181667499,428.7306762777606,349.0599788414589,90.136160674709,258.9238181667499,349.0599788414589
new_match_x0.9,0.9634431665872949,0.75,S2b,-2.5,1158.1656214416323,324.6788142863328,258.9238181667499,428.7306762777606,398.723749082514,139.7999309157641,258.9238181667499,398.723749082514
new_match_x0.9,0.9634431665872949,1.0,S1,-2.5,1158.1656214416323,324.6788142863328,258.9238181667499,428.7306762777606,379.15203189269425,120.22821372594433,258.9238181667499,379.15203189269425
new_match_x0.9,0.9634431665872949,1.0,S2a,-2.5,1158.1656214416323,324.6788142863328,258.9238181667499,428.7306762777606,421.4983448082372,162.5745266414873,258.9238181667499,421.4983448082372
new_match_x0.9,0.9634431665872949,1.0,S2b,-2.5,1158.1656214416323,324.6788142863328,258.9238181667499,428.7306762777606,428.73067627737066,169.80685811062074,258.9238181667499,428.73067627737066
new_match_x0.9,0.9634431665872949,union_of_three_loads,S1,-2.5,1158.1656214416323,324.6788142863328,258.9238181667499,428.7306762777606,379.15203189269425,120.22821372594433,258.9238181667499,379.15203189269425
new_match_x0.9,0.9634431665872949,union_of_three_loads,S2a,-2.5,1158.1656214416323,324.6788142863328,258.9238181667499,428.7306762777606,421.4983448082372,162.5745266414873,258.9238181667499,421.4983448082372
new_match_x0.9,0.9634431665872949,union_of_three_loads,S2b,-2.5,1158.1656214416323,324.6788142863328,258.9238181667499,428.7306762777606,428.73067627737066,169.80685811062074,258.9238181667499,428.73067627737066
new_match_x0.9,0.9634431665872949,0.5,S1,0.0,1120.9727799733191,300.79458522815276,237.20733623339132,414.9626004687472,166.53246139534505,0.0,,
new_match_x0.9,0.9634431665872949,0.5,S2a,0.0,1120.9727799733191,300.79458522815276,237.20733623339132,414.9626004687472,168.7882421209241,0.0,,
new_match_x0.9,0.9634431665872949,0.5,S2b,0.0,1120.9727799733191,300.79458522815276,237.20733623339132,414.9626004687472,185.48978373418555,0.0,,
new_match_x0.9,0.9634431665872949,0.75,S1,0.0,1120.9727799733191,300.79458522815276,237.20733623339132,414.9626004687472,309.71639423122986,72.50905799783854,237.20733623339132,309.71639423122986
new_match_x0.9,0.9634431665872949,0.75,S2a,0.0,1120.9727799733191,300.79458522815276,237.20733623339132,414.9626004687472,344.2212941662765,107.01395793288518,237.20733623339132,344.2212941662765
new_match_x0.9,0.9634431665872949,0.75,S2b,0.0,1120.9727799733191,300.79458522815276,237.20733623339132,414.9626004687472,398.723749082514,161.5164128491227,237.20733623339132,398.723749082514
new_match_x0.9,0.9634431665872949,1.0,S1,0.0,1120.9727799733191,300.79458522815276,237.20733623339132,414.9626004687472,370.9145451640255,133.7072089306342,237.20733623339132,370.9145451640255
new_match_x0.9,0.9634431665872949,1.0,S2a,0.0,1120.9727799733191,300.79458522815276,237.20733623339132,414.9626004687472,411.4538108148352,174.2464745814439,237.20733623339132,411.4538108148352
new_match_x0.9,0.9634431665872949,1.0,S2b,0.0,1120.9727799733191,300.79458522815276,237.20733623339132,414.9626004687472,414.9626004683698,177.7552642349785,237.20733623339132,414.9626004683698
new_match_x0.9,0.9634431665872949,union_of_three_loads,S1,0.0,1120.9727799733191,300.79458522815276,237.20733623339132,414.9626004687472,370.9145451640255,133.7072089306342,237.20733623339132,370.9145451640255
new_match_x0.9,0.9634431665872949,union_of_three_loads,S2a,0.0,1120.9727799733191,300.79458522815276,237.20733623339132,414.9626004687472,411.4538108148352,174.2464745814439,237.20733623339132,411.4538108148352
new_match_x0.9,0.9634431665872949,union_of_three_loads,S2b,0.0,1120.9727799733191,300.79458522815276,237.20733623339132,414.9626004687472,414.9626004683698,177.7552642349785,237.20733623339132,414.9626004683698
new_match_x1,1.0704924073192166,0.5,S1,-20.0,1584.803775285324,546.5204641036709,463.0220563327719,586.6639293781415,166.53246139534505,0.0,,
new_match_x1,1.0704924073192166,0.5,S2a,-20.0,1584.803775285324,546.5204641036709,463.0220563327719,586.6639293781415,168.7882421209241,0.0,,
new_match_x1,1.0704924073192166,0.5,S2b,-20.0,1584.803775285324,546.5204641036709,463.0220563327719,586.6639293781415,185.48978373418555,0.0,,
new_match_x1,1.0704924073192166,0.75,S1,-20.0,1584.803775285324,546.5204641036709,463.0220563327719,586.6639293781415,355.123974556063,0.0,,
new_match_x1,1.0704924073192166,0.75,S2a,-20.0,1584.803775285324,546.5204641036709,463.0220563327719,586.6639293781415,357.4818890800442,0.0,,
new_match_x1,1.0704924073192166,0.75,S2b,-20.0,1584.803775285324,546.5204641036709,463.0220563327719,586.6639293781415,398.723749082514,0.0,,
new_match_x1,1.0704924073192166,1.0,S1,-20.0,1584.803775285324,546.5204641036709,463.0220563327719,586.6639293781415,458.2351377449702,0.0,,
new_match_x1,1.0704924073192166,1.0,S2a,-20.0,1584.803775285324,546.5204641036709,463.0220563327719,586.6639293781415,516.360817346756,53.33876101398408,463.0220563327719,516.360817346756
new_match_x1,1.0704924073192166,1.0,S2b,-20.0,1584.803775285324,546.5204641036709,463.0220563327719,586.6639293781415,586.6639293776079,123.64187304483602,463.0220563327719,586.6639293776079
new_match_x1,1.0704924073192166,union_of_three_loads,S1,-20.0,1584.803775285324,546.5204641036709,463.0220563327719,586.6639293781415,458.2351377449702,0.0,,
new_match_x1,1.0704924073192166,union_of_three_loads,S2a,-20.0,1584.803775285324,546.5204641036709,463.0220563327719,586.6639293781415,516.360817346756,53.33876101398408,463.0220563327719,516.360817346756
new_match_x1,1.0704924073192166,union_of_three_loads,S2b,-20.0,1584.803775285324,546.5204641036709,463.0220563327719,586.6639293781415,586.6639293776079,123.64187304483602,463.0220563327719,586.6639293776079
new_match_x1,1.0704924073192166,0.5,S1,-17.5,1543.4783958763558,519.9824318169037,438.0897626569836,571.366067368226,166.53246139534505,0.0,,
new_match_x1,1.0704924073192166,0.5,S2a,-17.5,1543.4783958763558,519.9824318169037,438.0897626569836,571.366067368226,168.7882421209241,0.0,,
new_match_x1,1.0704924073192166,0.5,S2b,-17.5,1543.4783958763558,519.9824318169037,438.0897626569836,571.366067368226,185.48978373418555,0.0,,
new_match_x1,1.0704924073192166,0.75,S1,-17.5,1543.4783958763558,519.9824318169037,438.0897626569836,571.366067368226,355.123974556063,0.0,,
new_match_x1,1.0704924073192166,0.75,S2a,-17.5,1543.4783958763558,519.9824318169037,438.0897626569836,571.366067368226,357.4818890800442,0.0,,
new_match_x1,1.0704924073192166,0.75,S2b,-17.5,1543.4783958763558,519.9824318169037,438.0897626569836,571.366067368226,398.723749082514,0.0,,
new_match_x1,1.0704924073192166,1.0,S1,-17.5,1543.4783958763558,519.9824318169037,438.0897626569836,571.366067368226,451.71731833631077,13.627555679327145,438.0897626569836,451.71731833631077
new_match_x1,1.0704924073192166,1.0,S2a,-17.5,1543.4783958763558,519.9824318169037,438.0897626569836,571.366067368226,508.8353028793594,70.74554022237578,438.0897626569836,508.8353028793594
new_match_x1,1.0704924073192166,1.0,S2b,-17.5,1543.4783958763558,519.9824318169037,438.0897626569836,571.366067368226,571.3660673677064,133.27630471072274,438.0897626569836,571.3660673677064
new_match_x1,1.0704924073192166,union_of_three_loads,S1,-17.5,1543.4783958763558,519.9824318169037,438.0897626569836,571.366067368226,451.71731833631077,13.627555679327145,438.0897626569836,451.71731833631077
new_match_x1,1.0704924073192166,union_of_three_loads,S2a,-17.5,1543.4783958763558,519.9824318169037,438.0897626569836,571.366067368226,508.8353028793594,70.74554022237578,438.0897626569836,508.8353028793594
new_match_x1,1.0704924073192166,union_of_three_loads,S2b,-17.5,1543.4783958763558,519.9824318169037,438.0897626569836,571.366067368226,571.3660673677064,133.27630471072274,438.0897626569836,571.3660673677064
new_match_x1,1.0704924073192166,0.5,S1,-15.0,1502.153016467081,493.44439953002313,412.35459967559245,556.0682053581972,166.53246139534505,0.0,,
new_match_x1,1.0704924073192166,0.5,S2a,-15.0,1502.153016467081,493.44439953002313,412.35459967559245,556.0682053581972,168.7882421209241,0.0,,
new_match_x1,1.0704924073192166,0.5,S2b,-15.0,1502.153016467081,493.44439953002313,412.35459967559245,556.0682053581972,185.48978373418555,0.0,,
new_match_x1,1.0704924073192166,0.75,S1,-15.0,1502.153016467081,493.44439953002313,412.35459967559245,556.0682053581972,355.123974556063,0.0,,
new_match_x1,1.0704924073192166,0.75,S2a,-15.0,1502.153016467081,493.44439953002313,412.35459967559245,556.0682053581972,357.4818890800442,0.0,,
new_match_x1,1.0704924073192166,0.75,S2b,-15.0,1502.153016467081,493.44439953002313,412.35459967559245,556.0682053581972,398.723749082514,0.0,,
new_match_x1,1.0704924073192166,1.0,S1,-15.0,1502.153016467081,493.44439953002313,412.35459967559245,556.0682053581972,444.97195111481795,32.6173514392255,412.35459967559245,444.97195111481795
new_match_x1,1.0704924073192166,1.0,S2a,-15.0,1502.153016467081,493.44439953002313,412.35459967559245,556.0682053581972,500.9608017978214,88.60620212222892,412.35459967559245,500.9608017978214
new_match_x1,1.0704924073192166,1.0,S2b,-15.0,1502.153016467081,493.44439953002313,412.35459967559245,556.0682053581972,556.0682053576913,143.7136056820989,412.35459967559245,556.0682053576913
new_match_x1,1.0704924073192166,union_of_three_loads,S1,-15.0,1502.153016467081,493.44439953002313,412.35459967559245,556.0682053581972,444.97195111481795,32.6173514392255,412.35459967559245,444.97195111481795
new_match_x1,1.0704924073192166,union_of_three_loads,S2a,-15.0,1502.153016467081,493.44439953002313,412.35459967559245,556.0682053581972,500.9608017978214,88.60620212222892,412.35459967559245,500.9608017978214
new_match_x1,1.0704924073192166,union_of_three_loads,S2b,-15.0,1502.153016467081,493.44439953002313,412.35459967559245,556.0682053581972,556.0682053576913,143.7136056820989,412.35459967559245,556.0682053576913
new_match_x1,1.0704924073192166,0.5,S1,-12.5,1458.6587798252467,466.9063672431971,387.4223059997453,539.9674740427337,166.53246139534505,0.0,,
new_match_x1,1.0704924073192166,0.5,S2a,-12.5,1458.6587798252467,466.9063672431971,387.4223059997453,539.9674740427337,168.7882421209241,0.0,,
new_match_x1,1.0704924073192166,0.5,S2b,-12.5,1458.6587798252467,466.9063672431971,387.4223059997453,539.9674740427337,185.48978373418555,0.0,,
new_match_x1,1.0704924073192166,0.75,S1,-12.5,1458.6587798252467,466.9063672431971,387.4223059997453,539.9674740427337,355.123974556063,0.0,,
new_match_x1,1.0704924073192166,0.75,S2a,-12.5,1458.6587798252467,466.9063672431971,387.4223059997453,539.9674740427337,357.4818890800442,0.0,,
new_match_x1,1.0704924073192166,0.75,S2b,-12.5,1458.6587798252467,466.9063672431971,387.4223059997453,539.9674740427337,398.723749082514,11.301443082768742,387.4223059997453,398.723749082514
new_match_x1,1.0704924073192166,1.0,S1,-12.5,1458.6587798252467,466.9063672431971,387.4223059997453,539.9674740427337,437.6197754476142,50.19746944786891,387.4223059997453,437.6197754476142
new_match_x1,1.0704924073192166,1.0,S2a,-12.5,1458.6587798252467,466.9063672431971,387.4223059997453,539.9674740427337,492.164976433541,104.74267043379575,387.4223059997453,492.164976433541
new_match_x1,1.0704924073192166,1.0,S2b,-12.5,1458.6587798252467,466.9063672431971,387.4223059997453,539.9674740427337,539.9674740422427,152.54516804249738,387.4223059997453,539.9674740422427
new_match_x1,1.0704924073192166,union_of_three_loads,S1,-12.5,1458.6587798252467,466.9063672431971,387.4223059997453,539.9674740427337,437.6197754476142,50.19746944786891,387.4223059997453,437.6197754476142
new_match_x1,1.0704924073192166,union_of_three_loads,S2a,-12.5,1458.6587798252467,466.9063672431971,387.4223059997453,539.9674740427337,492.164976433541,104.74267043379575,387.4223059997453,492.164976433541
new_match_x1,1.0704924073192166,union_of_three_loads,S2b,-12.5,1458.6587798252467,466.9063672431971,387.4223059997453,539.9674740427337,539.9674740422427,152.54516804249738,387.4223059997453,539.9674740422427
new_match_x1,1.0704924073192166,0.5,S1,-10.0,1417.3334004165129,440.3683349565167,362.49001232404373,524.669612032905,166.53246139534505,0.0,,
new_match_x1,1.0704924073192166,0.5,S2a,-10.0,1417.3334004165129,440.3683349565167,362.49001232404373,524.669612032905,168.7882421209241,0.0,,
new_match_x1,1.0704924073192166,0.5,S2b,-10.0,1417.3334004165129,440.3683349565167,362.49001232404373,524.669612032905,185.48978373418555,0.0,,
new_match_x1,1.0704924073192166,0.75,S1,-10.0,1417.3334004165129,440.3683349565167,362.49001232404373,524.669612032905,352.727604377362,0.0,,
new_match_x1,1.0704924073192166,0.75,S2a,-10.0,1417.3334004165129,440.3683349565167,362.49001232404373,524.669612032905,356.87166367973225,0.0,,
new_match_x1,1.0704924073192166,0.75,S2b,-10.0,1417.3334004165129,440.3683349565167,362.49001232404373,524.669612032905,398.723749082514,36.233736758470286,362.49001232404373,398.723749082514
new_match_x1,1.0704924073192166,1.0,S1,-10.0,1417.3334004165129,440.3683349565167,362.49001232404373,524.669612032905,430.3873830332526,67.89737070920887,362.49001232404373,430.3873830332526
new_match_x1,1.0704924073192166,1.0,S2a,-10.0,1417.3334004165129,440.3683349565167,362.49001232404373,524.669612032905,483.62619221483226,121.13617989078853,362.49001232404373,483.62619221483226
new_match_x1,1.0704924073192166,1.0,S2b,-10.0,1417.3334004165129,440.3683349565167,362.49001232404373,524.669612032905,524.6696120324277,162.179599708384,362.49001232404373,524.6696120324277
new_match_x1,1.0704924073192166,union_of_three_loads,S1,-10.0,1417.3334004165129,440.3683349565167,362.49001232404373,524.669612032905,430.3873830332526,67.89737070920887,362.49001232404373,430.3873830332526
new_match_x1,1.0704924073192166,union_of_three_loads,S2a,-10.0,1417.3334004165129,440.3683349565167,362.49001232404373,524.669612032905,483.62619221483226,121.13617989078853,362.49001232404373,483.62619221483226
new_match_x1,1.0704924073192166,union_of_three_loads,S2b,-10.0,1417.3334004165129,440.3683349565167,362.49001232404373,524.669612032905,524.6696120324277,162.179599708384,362.49001232404373,524.6696120324277
new_match_x1,1.0704924073192166,0.5,S1,-7.5,1373.8391637752509,413.8303026699027,337.5577186484085,508.56888071765337,166.53246139534505,0.0,,
new_match_x1,1.0704924073192166,0.5,S2a,-7.5,1373.8391637752509,413.8303026699027,337.5577186484085,508.56888071765337,168.7882421209241,0.0,,
new_match_x1,1.0704924073192166,0.5,S2b,-7.5,1373.8391637752509,413.8303026699027,337.5577186484085,508.56888071765337,185.48978373418555,0.0,,
new_match_x1,1.0704924073192166,0.75,S1,-7.5,1373.8391637752509,413.8303026699027,337.5577186484085,508.56888071765337,347.1739892308384,9.616270582429877,337.5577186484085,347.1739892308384
new_match_x1,1.0704924073192166,0.75,S2a,-7.5,1373.8391637752509,413.8303026699027,337.5577186484085,508.56888071765337,355.88762625647337,18.329907608064843,337.5577186484085,355.88762625647337
new_match_x1,1.0704924073192166,0.75,S2b,-7.5,1373.8391637752509,413.8303026699027,337.5577186484085,508.56888071765337,398.723749082514,61.166030434105494,337.5577186484085,398.723749082514
new_match_x1,1.0704924073192166,1.0,S1,-7.5,1373.8391637752509,413.8303026699027,337.5577186484085,508.56888071765337,422.5085570070191,84.95083835861055,337.5577186484085,422.5085570070191
new_match_x1,1.0704924073192166,1.0,S2a,-7.5,1373.8391637752509,413.8303026699027,337.5577186484085,508.56888071765337,474.06460400519364,136.50688535678512,337.5577186484085,474.06460400519364
new_match_x1,1.0704924073192166,1.0,S2b,-7.5,1373.8391637752509,413.8303026699027,337.5577186484085,508.56888071765337,508.56888071719084,171.0111620687823,337.5577186484085,508.56888071719084
new_match_x1,1.0704924073192166,union_of_three_loads,S1,-7.5,1373.8391637752509,413.8303026699027,337.5577186484085,508.56888071765337,422.5085570070191,84.95083835861055,337.5577186484085,422.5085570070191
new_match_x1,1.0704924073192166,union_of_three_loads,S2a,-7.5,1373.8391637752509,413.8303026699027,337.5577186484085,508.56888071765337,474.06460400519364,136.50688535678512,337.5577186484085,474.06460400519364
new_match_x1,1.0704924073192166,union_of_three_loads,S2b,-7.5,1373.8391637752509,413.8303026699027,337.5577186484085,508.56888071765337,508.56888071719084,171.0111620687823,337.5577186484085,508.56888071719084
new_match_x1,1.0704924073192166,0.5,S1,-5.0,1330.3449271331012,387.29227038296006,312.6254249724447,492.4681494020731,166.53246139534505,0.0,,
new_match_x1,1.0704924073192166,0.5,S2a,-5.0,1330.3449271331012,387.29227038296006,312.6254249724447,492.4681494020731,168.7882421209241,0.0,,
new_match_x1,1.0704924073192166,0.5,S2b,-5.0,1330.3449271331012,387.29227038296006,312.6254249724447,492.4681494020731,185.48978373418555,0.0,,
new_match_x1,1.0704924073192166,0.75,S1,-5.0,1330.3449271331012,387.29227038296006,312.6254249724447,492.4681494020731,341.37491184406827,28.74948687162356,312.6254249724447,341.37491184406827
new_match_x1,1.0704924073192166,0.75,S2a,-5.0,1330.3449271331012,387.29227038296006,312.6254249724447,492.4681494020731,354.78233495817256,42.15690998572785,312.6254249724447,354.78233495817256
new_match_x1,1.0704924073192166,0.75,S2b,-5.0,1330.3449271331012,387.29227038296006,312.6254249724447,492.4681494020731,398.723749082514,86.09832411006931,312.6254249724447,398.723749082514
new_match_x1,1.0704924073192166,1.0,S1,-5.0,1330.3449271331012,387.29227038296006,312.6254249724447,492.4681494020731,414.3488669816154,101.7234420091707,312.6254249724447,414.3488669816154
new_match_x1,1.0704924073192166,1.0,S2a,-5.0,1330.3449271331012,387.29227038296006,312.6254249724447,492.4681494020731,464.26379122067675,151.63836624823205,312.6254249724447,464.26379122067675
new_match_x1,1.0704924073192166,1.0,S2b,-5.0,1330.3449271331012,387.29227038296006,312.6254249724447,492.4681494020731,492.46814940162517,179.84272442918046,312.6254249724447,492.46814940162517
new_match_x1,1.0704924073192166,union_of_three_loads,S1,-5.0,1330.3449271331012,387.29227038296006,312.6254249724447,492.4681494020731,414.3488669816154,101.7234420091707,312.6254249724447,414.3488669816154
new_match_x1,1.0704924073192166,union_of_three_loads,S2a,-5.0,1330.3449271331012,387.29227038296006,312.6254249724447,492.4681494020731,464.26379122067675,151.63836624823205,312.6254249724447,464.26379122067675
new_match_x1,1.0704924073192166,union_of_three_loads,S2b,-5.0,1330.3449271331012,387.29227038296006,312.6254249724447,492.4681494020731,492.46814940162517,179.84272442918046,312.6254249724447,492.46814940162517
new_match_x1,1.0704924073192166,0.5,S1,-2.5,1286.8506904907028,360.7542380959253,287.6931312963888,476.36741808640073,166.53246139534505,0.0,,
new_match_x1,1.0704924073192166,0.5,S2a,-2.5,1286.8506904907028,360.7542380959253,287.6931312963888,476.36741808640073,168.7882421209241,0.0,,
new_match_x1,1.0704924073192166,0.5,S2b,-2.5,1286.8506904907028,360.7542380959253,287.6931312963888,476.36741808640073,185.48978373418555,0.0,,
new_match_x1,1.0704924073192166,0.75,S1,-2.5,1286.8506904907028,360.7542380959253,287.6931312963888,476.36741808640073,335.32073844534045,47.627607148951654,287.6931312963888,335.32073844534045
new_match_x1,1.0704924073192166,0.75,S2a,-2.5,1286.8506904907028,360.7542380959253,287.6931312963888,476.36741808640073,353.5639358505344,65.8708045541456,287.6931312963888,353.5639358505344
new_match_x1,1.0704924073192166,0.75,S2b,-2.5,1286.8506904907028,360.7542380959253,287.6931312963888,476.36741808640073,398.723749082514,111.03061778612522,287.6931312963888,398.723749082514
new_match_x1,1.0704924073192166,1.0,S1,-2.5,1286.8506904907028,360.7542380959253,287.6931312963888,476.36741808640073,405.90110504992964,118.20797375354084,287.6931312963888,405.90110504992964
new_match_x1,1.0704924073192166,1.0,S2a,-2.5,1286.8506904907028,360.7542380959253,287.6931312963888,476.36741808640073,454.07384555538385,166.38071425899506,287.6931312963888,454.07384555538385
new_match_x1,1.0704924073192166,1.0,S2b,-2.5,1286.8506904907028,360.7542380959253,287.6931312963888,476.36741808640073,476.36741808596753,188.67428678957873,287.6931312963888,476.36741808596753
new_match_x1,1.0704924073192166,union_of_three_loads,S1,-2.5,1286.8506904907028,360.7542380959253,287.6931312963888,476.36741808640073,405.90110504992964,118.20797375354084,287.6931312963888,405.90110504992964
new_match_x1,1.0704924073192166,union_of_three_loads,S2a,-2.5,1286.8506904907028,360.7542380959253,287.6931312963888,476.36741808640073,454.07384555538385,166.38071425899506,287.6931312963888,454.07384555538385
new_match_x1,1.0704924073192166,union_of_three_loads,S2b,-2.5,1286.8506904907028,360.7542380959253,287.6931312963888,476.36741808640073,476.36741808596753,188.67428678957873,287.6931312963888,476.36741808596753
new_match_x1,1.0704924073192166,0.5,S1,0.0,1245.5253110814656,334.21620580905864,263.56370692599035,461.06955607638577,166.53246139534505,0.0,,
new_match_x1,1.0704924073192166,0.5,S2a,0.0,1245.5253110814656,334.21620580905864,263.56370692599035,461.06955607638577,168.7882421209241,0.0,,
new_match_x1,1.0704924073192166,0.5,S2b,0.0,1245.5253110814656,334.21620580905864,263.56370692599035,461.06955607638577,185.48978373418555,0.0,,
new_match_x1,1.0704924073192166,0.75,S1,0.0,1245.5253110814656,334.21620580905864,263.56370692599035,461.06955607638577,329.32327227198425,65.7595653459939,263.56370692599035,329.32327227198425
new_match_x1,1.0704924073192166,0.75,S2a,0.0,1245.5253110814656,334.21620580905864,263.56370692599035,461.06955607638577,352.276966523478,88.71325959748765,263.56370692599035,352.276966523478
new_match_x1,1.0704924073192166,0.75,S2b,0.0,1245.5253110814656,334.21620580905864,263.56370692599035,461.06955607638577,398.723749082514,135.16004215652367,263.56370692599035,398.723749082514
new_match_x1,1.0704924073192166,1.0,S1,0.0,1245.5253110814656,334.21620580905864,263.56370692599035,461.06955607638577,397.601250753261,134.03754382727067,263.56370692599035,397.601250753261
new_match_x1,1.0704924073192166,1.0,S2a,0.0,1245.5253110814656,334.21620580905864,263.56370692599035,461.06955607638577,443.9674547705113,180.40374784452098,263.56370692599035,443.9674547705113
new_match_x1,1.0704924073192166,1.0,S2b,0.0,1245.5253110814656,334.21620580905864,263.56370692599035,461.06955607638577,461.0695560759665,197.50584914997614,263.56370692599035,461.0695560759665
new_match_x1,1.0704924073192166,union_of_three_loads,S1,0.0,1245.5253110814656,334.21620580905864,263.56370692599035,461.06955607638577,397.601250753261,134.03754382727067,263.56370692599035,397.601250753261
new_match_x1,1.0704924073192166,union_of_three_loads,S2a,0.0,1245.5253110814656,334.21620580905864,263.56370692599035,461.06955607638577,443.9674547705113,180.40374784452098,263.56370692599035,443.9674547705113
new_match_x1,1.0704924073192166,union_of_three_loads,S2b,0.0,1245.5253110814656,334.21620580905864,263.56370692599035,461.06955607638577,461.0695560759665,197.50584914997614,263.56370692599035,461.0695560759665
new_match_x1.1,1.1775416480511383,0.5,S1,-20.0,1743.2841528138565,601.1725105140379,509.3242619660491,645.3303223159556,166.53246139534505,0.0,,
new_match_x1.1,1.1775416480511383,0.5,S2a,-20.0,1743.2841528138565,601.1725105140379,509.3242619660491,645.3303223159556,168.7882421209241,0.0,,
new_match_x1.1,1.1775416480511383,0.5,S2b,-20.0,1743.2841528138565,601.1725105140379,509.3242619660491,645.3303223159556,185.48978373418555,0.0,,
new_match_x1.1,1.1775416480511383,0.75,S1,-20.0,1743.2841528138565,601.1725105140379,509.3242619660491,645.3303223159556,355.123974556063,0.0,,
new_match_x1.1,1.1775416480511383,0.75,S2a,-20.0,1743.2841528138565,601.1725105140379,509.3242619660491,645.3303223159556,357.4818890800442,0.0,,
new_match_x1.1,1.1775416480511383,0.75,S2b,-20.0,1743.2841528138565,601.1725105140379,509.3242619660491,645.3303223159556,398.723749082514,0.0,,
new_match_x1.1,1.1775416480511383,1.0,S1,-20.0,1743.2841528138565,601.1725105140379,509.3242619660491,645.3303223159556,481.2361010747378,0.0,,
new_match_x1.1,1.1775416480511383,1.0,S2a,-20.0,1743.2841528138565,601.1725105140379,509.3242619660491,645.3303223159556,537.4264623902518,28.102200424202692,509.3242619660491,537.4264623902518
new_match_x1.1,1.1775416480511383,1.0,S2b,-20.0,1743.2841528138565,601.1725105140379,509.3242619660491,645.3303223159556,621.3860401976465,112.06177823159737,509.3242619660491,621.3860401976465
new_match_x1.1,1.1775416480511383,union_of_three_loads,S1,-20.0,1743.2841528138565,601.1725105140379,509.3242619660491,645.3303223159556,481.2361010747378,0.0,,
new_match_x1.1,1.1775416480511383,union_of_three_loads,S2a,-20.0,1743.2841528138565,601.1725105140379,509.3242619660491,645.3303223159556,537.4264623902518,28.102200424202692,509.3242619660491,537.4264623902518
new_match_x1.1,1.1775416480511383,union_of_three_loads,S2b,-20.0,1743.2841528138565,601.1725105140379,509.3242619660491,645.3303223159556,621.3860401976465,112.06177823159737,509.3242619660491,621.3860401976465
new_match_x1.1,1.1775416480511383,0.5,S1,-17.5,1697.8262354639915,571.980674998594,481.898738922682,628.5026741050486,166.53246139534505,0.0,,
new_match_x1.1,1.1775416480511383,0.5,S2a,-17.5,1697.8262354639915,571.980674998594,481.898738922682,628.5026741050486,168.7882421209241,0.0,,
new_match_x1.1,1.1775416480511383,0.5,S2b,-17.5,1697.8262354639915,571.980674998594,481.898738922682,628.5026741050486,185.48978373418555,0.0,,
new_match_x1.1,1.1775416480511383,0.75,S1,-17.5,1697.8262354639915,571.980674998594,481.898738922682,628.5026741050486,355.123974556063,0.0,,
new_match_x1.1,1.1775416480511383,0.75,S2a,-17.5,1697.8262354639915,571.980674998594,481.898738922682,628.5026741050486,357.4818890800442,0.0,,
new_match_x1.1,1.1775416480511383,0.75,S2b,-17.5,1697.8262354639915,571.980674998594,481.898738922682,628.5026741050486,398.723749082514,0.0,,
new_match_x1.1,1.1775416480511383,1.0,S1,-17.5,1697.8262354639915,571.980674998594,481.898738922682,628.5026741050486,474.9502979743389,0.0,,
new_match_x1.1,1.1775416480511383,1.0,S2a,-17.5,1697.8262354639915,571.980674998594,481.898738922682,628.5026741050486,535.4184749528487,53.519736030166655,481.898738922682,535.4184749528487
new_match_x1.1,1.1775416480511383,1.0,S2b,-17.5,1697.8262354639915,571.980674998594,481.898738922682,628.5026741050486,621.1194723647202,139.22073344203818,481.898738922682,621.1194723647202
new_match_x1.1,1.1775416480511383,union_of_three_loads,S1,-17.5,1697.8262354639915,571.980674998594,481.898738922682,628.5026741050486,474.9502979743389,0.0,,
new_match_x1.1,1.1775416480511383,union_of_three_loads,S2a,-17.5,1697.8262354639915,571.980674998594,481.898738922682,628.5026741050486,535.4184749528487,53.519736030166655,481.898738922682,535.4184749528487
new_match_x1.1,1.1775416480511383,union_of_three_loads,S2b,-17.5,1697.8262354639915,571.980674998594,481.898738922682,628.5026741050486,621.1194723647202,139.22073344203818,481.898738922682,621.1194723647202
new_match_x1.1,1.1775416480511383,0.5,S1,-15.0,1652.3683181137892,542.7888394830254,453.59005964315173,611.6750258940169,166.53246139534505,0.0,,
new_match_x1.1,1.1775416480511383,0.5,S2a,-15.0,1652.3683181137892,542.7888394830254,453.59005964315173,611.6750258940169,168.7882421209241,0.0,,
new_match_x1.1,1.1775416480511383,0.5,S2b,-15.0,1652.3683181137892,542.7888394830254,453.59005964315173,611.6750258940169,185.48978373418555,0.0,,
new_match_x1.1,1.1775416480511383,0.75,S1,-15.0,1652.3683181137892,542.7888394830254,453.59005964315173,611.6750258940169,355.123974556063,0.0,,
new_match_x1.1,1.1775416480511383,0.75,S2a,-15.0,1652.3683181137892,542.7888394830254,453.59005964315173,611.6750258940169,357.4818890800442,0.0,,
new_match_x1.1,1.1775416480511383,0.75,S2b,-15.0,1652.3683181137892,542.7888394830254,453.59005964315173,611.6750258940169,398.723749082514,0.0,,
new_match_x1.1,1.1775416480511383,1.0,S1,-15.0,1652.3683181137892,542.7888394830254,453.59005964315173,611.6750258940169,468.4179332973014,14.827873654149641,453.59005964315173,468.4179332973014
new_match_x1.1,1.1775416480511383,1.0,S2a,-15.0,1652.3683181137892,542.7888394830254,453.59005964315173,611.6750258940169,528.0879238752566,74.49786423210486,453.59005964315173,528.0879238752566
new_match_x1.1,1.1775416480511383,1.0,S2b,-15.0,1652.3683181137892,542.7888394830254,453.59005964315173,611.6750258940169,611.6750258934608,158.08496625030904,453.59005964315173,611.6750258934608
new_match_x1.1,1.1775416480511383,union_of_three_loads,S1,-15.0,1652.3683181137892,542.7888394830254,453.59005964315173,611.6750258940169,468.4179332973014,14.827873654149641,453.59005964315173,468.4179332973014
new_match_x1.1,1.1775416480511383,union_of_three_loads,S2a,-15.0,1652.3683181137892,542.7888394830254,453.59005964315173,611.6750258940169,528.0879238752566,74.49786423210486,453.59005964315173,528.0879238752566
new_match_x1.1,1.1775416480511383,union_of_three_loads,S2b,-15.0,1652.3683181137892,542.7888394830254,453.59005964315173,611.6750258940169,611.6750258934608,158.08496625030904,453.59005964315173,611.6750258934608
new_match_x1.1,1.1775416480511383,0.5,S1,-12.5,1604.5246578077715,513.5970039675168,426.16453659971984,593.964221447007,166.53246139534505,0.0,,
new_match_x1.1,1.1775416480511383,0.5,S2a,-12.5,1604.5246578077715,513.5970039675168,426.16453659971984,593.964221447007,168.7882421209241,0.0,,
new_match_x1.1,1.1775416480511383,0.5,S2b,-12.5,1604.5246578077715,513.5970039675168,426.16453659971984,593.964221447007,185.48978373418555,0.0,,
new_match_x1.1,1.1775416480511383,0.75,S1,-12.5,1604.5246578077715,513.5970039675168,426.16453659971984,593.964221447007,355.123974556063,0.0,,
new_match_x1.1,1.1775416480511383,0.75,S2a,-12.5,1604.5246578077715,513.5970039675168,426.16453659971984,593.964221447007,357.4818890800442,0.0,,
new_match_x1.1,1.1775416480511383,0.75,S2b,-12.5,1604.5246578077715,513.5970039675168,426.16453659971984,593.964221447007,398.723749082514,0.0,,
new_match_x1.1,1.1775416480511383,1.0,S1,-12.5,1604.5246578077715,513.5970039675168,426.16453659971984,593.964221447007,461.26716343235717,35.10262683263733,426.16453659971984,461.26716343235717
new_match_x1.1,1.1775416480511383,1.0,S2a,-12.5,1604.5246578077715,513.5970039675168,426.16453659971984,593.964221447007,519.8835830545822,93.7190464548624,426.16453659971984,519.8835830545822
new_match_x1.1,1.1775416480511383,1.0,S2b,-12.5,1604.5246578077715,513.5970039675168,426.16453659971984,593.964221447007,593.9642214464668,167.79968484674697,426.16453659971984,593.9642214464668
new_match_x1.1,1.1775416480511383,union_of_three_loads,S1,-12.5,1604.5246578077715,513.5970039675168,426.16453659971984,593.964221447007,461.26716343235717,35.10262683263733,426.16453659971984,461.26716343235717
new_match_x1.1,1.1775416480511383,union_of_three_loads,S2a,-12.5,1604.5246578077715,513.5970039675168,426.16453659971984,593.964221447007,519.8835830545822,93.7190464548624,426.16453659971984,519.8835830545822
new_match_x1.1,1.1775416480511383,union_of_three_loads,S2b,-12.5,1604.5246578077715,513.5970039675168,426.16453659971984,593.964221447007,593.9642214464668,167.79968484674697,426.16453659971984,593.9642214464668
new_match_x1.1,1.1775416480511383,0.5,S1,-10.0,1559.0667404581643,484.40516845216837,398.73901355644807,577.1365732361955,166.53246139534505,0.0,,
new_match_x1.1,1.1775416480511383,0.5,S2a,-10.0,1559.0667404581643,484.40516845216837,398.73901355644807,577.1365732361955,168.7882421209241,0.0,,
new_match_x1.1,1.1775416480511383,0.5,S2b,-10.0,1559.0667404581643,484.40516845216837,398.73901355644807,577.1365732361955,185.48978373418555,0.0,,
new_match_x1.1,1.1775416480511383,0.75,S1,-10.0,1559.0667404581643,484.40516845216837,398.73901355644807,577.1365732361955,355.123974556063,0.0,,
new_match_x1.1,1.1775416480511383,0.75,S2a,-10.0,1559.0667404581643,484.40516845216837,398.73901355644807,577.1365732361955,357.4818890800442,0.0,,
new_match_x1.1,1.1775416480511383,0.75,S2b,-10.0,1559.0667404581643,484.40516845216837,398.73901355644807,577.1365732361955,398.723749082514,0.0,,
new_match_x1.1,1.1775416480511383,1.0,S1,-10.0,1559.0667404581643,484.40516845216837,398.73901355644807,577.1365732361955,454.20228795918615,55.46327440273808,398.73901355644807,454.20228795918615
new_match_x1.1,1.1775416480511383,1.0,S2a,-10.0,1559.0667404581643,484.40516845216837,398.73901355644807,577.1365732361955,511.69195753045943,112.95294397401136,398.73901355644807,511.69195753045943
new_match_x1.1,1.1775416480511383,1.0,S2b,-10.0,1559.0667404581643,484.40516845216837,398.73901355644807,577.1365732361955,577.1365732356707,178.39755967922258,398.73901355644807,577.1365732356707
new_match_x1.1,1.1775416480511383,union_of_three_loads,S1,-10.0,1559.0667404581643,484.40516845216837,398.73901355644807,577.1365732361955,454.20228795918615,55.46327440273808,398.73901355644807,454.20228795918615
new_match_x1.1,1.1775416480511383,union_of_three_loads,S2a,-10.0,1559.0667404581643,484.40516845216837,398.73901355644807,577.1365732361955,511.69195753045943,112.95294397401136,398.73901355644807,511.69195753045943
new_match_x1.1,1.1775416480511383,union_of_three_loads,S2b,-10.0,1559.0667404581643,484.40516845216837,398.73901355644807,577.1365732361955,577.1365732356707,178.39755967922258,398.73901355644807,577.1365732356707
new_match_x1.1,1.1775416480511383,0.5,S1,-7.5,1511.223080152776,455.213332936893,371.3134905132494,559.4257687894187,166.53246139534505,0.0,,
new_match_x1.1,1.1775416480511383,0.5,S2a,-7.5,1511.223080152776,455.213332936893,371.3134905132494,559.4257687894187,168.7882421209241,0.0,,
new_match_x1.1,1.1775416480511383,0.5,S2b,-7.5,1511.223080152776,455.213332936893,371.3134905132494,559.4257687894187,185.48978373418555,0.0,,
new_match_x1.1,1.1775416480511383,0.75,S1,-7.5,1511.223080152776,455.213332936893,371.3134905132494,559.4257687894187,355.123974556063,0.0,,
new_match_x1.1,1.1775416480511383,0.75,S2a,-7.5,1511.223080152776,455.213332936893,371.3134905132494,559.4257687894187,357.4818890800442,0.0,,
new_match_x1.1,1.1775416480511383,0.75,S2b,-7.5,1511.223080152776,455.213332936893,371.3134905132494,559.4257687894187,398.723749082514,27.410258569264613,371.3134905132494,398.723749082514
new_match_x1.1,1.1775416480511383,1.0,S1,-7.5,1511.223080152776,455.213332936893,371.3134905132494,559.4257687894187,446.4722346955201,75.15874418227071,371.3134905132494,446.4722346955201
new_match_x1.1,1.1775416480511383,1.0,S2a,-7.5,1511.223080152776,455.213332936893,371.3134905132494,559.4257687894187,502.6966554886247,131.38316497537528,371.3134905132494,502.6966554886247
new_match_x1.1,1.1775416480511383,1.0,S2b,-7.5,1511.223080152776,455.213332936893,371.3134905132494,559.4257687894187,559.4257687889099,188.11227827566046,371.3134905132494,559.4257687889099
new_match_x1.1,1.1775416480511383,union_of_three_loads,S1,-7.5,1511.223080152776,455.213332936893,371.3134905132494,559.4257687894187,446.4722346955201,75.15874418227071,371.3134905132494,446.4722346955201
new_match_x1.1,1.1775416480511383,union_of_three_loads,S2a,-7.5,1511.223080152776,455.213332936893,371.3134905132494,559.4257687894187,502.6966554886247,131.38316497537528,371.3134905132494,502.6966554886247
new_match_x1.1,1.1775416480511383,union_of_three_loads,S2b,-7.5,1511.223080152776,455.213332936893,371.3134905132494,559.4257687894187,559.4257687889099,188.11227827566046,371.3134905132494,559.4257687889099
new_match_x1.1,1.1775416480511383,0.5,S1,-5.0,1463.3794198464113,426.0214974212561,343.88796746968916,541.7149643422804,166.53246139534505,0.0,,
new_match_x1.1,1.1775416480511383,0.5,S2a,-5.0,1463.3794198464113,426.0214974212561,343.88796746968916,541.7149643422804,168.7882421209241,0.0,,
new_match_x1.1,1.1775416480511383,0.5,S2b,-5.0,1463.3794198464113,426.0214974212561,343.88796746968916,541.7149643422804,185.48978373418555,0.0,,
new_match_x1.1,1.1775416480511383,0.75,S1,-5.0,1463.3794198464113,426.0214974212561,343.88796746968916,541.7149643422804,355.123974556063,11.236007086373831,343.88796746968916,355.123974556063
new_match_x1.1,1.1775416480511383,0.75,S2a,-5.0,1463.3794198464113,426.0214974212561,343.88796746968916,541.7149643422804,357.4818890800442,13.59392161035504,343.88796746968916,357.4818890800442
new_match_x1.1,1.1775416480511383,0.75,S2b,-5.0,1463.3794198464113,426.0214974212561,343.88796746968916,541.7149643422804,398.723749082514,54.83578161282486,343.88796746968916,398.723749082514
new_match_x1.1,1.1775416480511383,1.0,S1,-5.0,1463.3794198464113,426.0214974212561,343.88796746968916,541.7149643422804,438.43050566503086,94.5425381953417,343.88796746968916,438.43050566503086
new_match_x1.1,1.1775416480511383,1.0,S2a,-5.0,1463.3794198464113,426.0214974212561,343.88796746968916,541.7149643422804,493.1552850550038,149.26731758531463,343.88796746968916,493.1552850550038
new_match_x1.1,1.1775416480511383,1.0,S2b,-5.0,1463.3794198464113,426.0214974212561,343.88796746968916,541.7149643422804,541.7149643417877,197.8269968720985,343.88796746968916,541.7149643417877
new_match_x1.1,1.1775416480511383,union_of_three_loads,S1,-5.0,1463.3794198464113,426.0214974212561,343.88796746968916,541.7149643422804,438.43050566503086,94.5425381953417,343.88796746968916,438.43050566503086
new_match_x1.1,1.1775416480511383,union_of_three_loads,S2a,-5.0,1463.3794198464113,426.0214974212561,343.88796746968916,541.7149643422804,493.1552850550038,149.26731758531463,343.88796746968916,493.1552850550038
new_match_x1.1,1.1775416480511383,union_of_three_loads,S2b,-5.0,1463.3794198464113,426.0214974212561,343.88796746968916,541.7149643422804,541.7149643417877,197.8269968720985,343.88796746968916,541.7149643417877
new_match_x1.1,1.1775416480511383,0.5,S1,-2.5,1415.535759539773,396.82966190551787,316.4624444260277,524.0041598950407,166.53246139534505,0.0,,
new_match_x1.1,1.1775416480511383,0.5,S2a,-2.5,1415.535759539773,396.82966190551787,316.4624444260277,524.0041598950407,168.7882421209241,0.0,,
new_match_x1.1,1.1775416480511383,0.5,S2b,-2.5,1415.535759539773,396.82966190551787,316.4624444260277,524.0041598950407,185.48978373418555,0.0,,
new_match_x1.1,1.1775416480511383,0.75,S1,-2.5,1415.535759539773,396.82966190551787,316.4624444260277,524.0041598950407,352.5028097362674,36.040365310239736,316.4624444260277,352.5028097362674
new_match_x1.1,1.1775416480511383,0.75,S2a,-2.5,1415.535759539773,396.82966190551787,316.4624444260277,524.0041598950407,356.8368741945719,40.374429768544246,316.4624444260277,356.8368741945719
new_match_x1.1,1.1775416480511383,0.75,S2b,-2.5,1415.535759539773,396.82966190551787,316.4624444260277,524.0041598950407,398.723749082514,82.26130465648635,316.4624444260277,398.723749082514
new_match_x1.1,1.1775416480511383,1.0,S1,-2.5,1415.535759539773,396.82966190551787,316.4624444260277,524.0041598950407,430.0672168518089,113.60477242578122,316.4624444260277,430.0672168518089
new_match_x1.1,1.1775416480511383,1.0,S2a,-2.5,1415.535759539773,396.82966190551787,316.4624444260277,524.0041598950407,483.18852252762963,166.72607810160196,316.4624444260277,483.18852252762963
new_match_x1.1,1.1775416480511383,1.0,S2b,-2.5,1415.535759539773,396.82966190551787,316.4624444260277,524.0041598950407,524.004159894564,207.54171546853638,316.4624444260277,524.004159894564
new_match_x1.1,1.1775416480511383,union_of_three_loads,S1,-2.5,1415.535759539773,396.82966190551787,316.4624444260277,524.0041598950407,430.0672168518089,113.60477242578122,316.4624444260277,430.0672168518089
new_match_x1.1,1.1775416480511383,union_of_three_loads,S2a,-2.5,1415.535759539773,396.82966190551787,316.4624444260277,524.0041598950407,483.18852252762963,166.72607810160196,316.4624444260277,483.18852252762963
new_match_x1.1,1.1775416480511383,union_of_three_loads,S2b,-2.5,1415.535759539773,396.82966190551787,316.4624444260277,524.0041598950407,524.004159894564,207.54171546853638,316.4624444260277,524.004159894564
new_match_x1.1,1.1775416480511383,0.5,S1,0.0,1370.0778421896123,367.63782638996446,289.9200776185894,507.1765116840244,166.53246139534505,0.0,,
new_match_x1.1,1.1775416480511383,0.5,S2a,0.0,1370.0778421896123,367.63782638996446,289.9200776185894,507.1765116840244,168.7882421209241,0.0,,
new_match_x1.1,1.1775416480511383,0.5,S2b,0.0,1370.0778421896123,367.63782638996446,289.9200776185894,507.1765116840244,185.48978373418555,0.0,,
new_match_x1.1,1.1775416480511383,0.75,S1,0.0,1370.0778421896123,367.63782638996446,289.9200776185894,507.1765116840244,346.6823258838907,56.76224826530131,289.9200776185894,346.6823258838907
new_match_x1.1,1.1775416480511383,0.75,S2a,0.0,1370.0778421896123,367.63782638996446,289.9200776185894,507.1765116840244,355.8041114967404,65.884033878151,289.9200776185894,355.8041114967404
new_match_x1.1,1.1775416480511383,0.75,S2b,0.0,1370.0778421896123,367.63782638996446,289.9200776185894,507.1765116840244,398.723749082514,108.80367146392462,289.9200776185894,398.723749082514
new_match_x1.1,1.1775416480511383,1.0,S1,0.0,1370.0778421896123,367.63782638996446,289.9200776185894,507.1765116840244,421.8141162344082,131.89403861581877,289.9200776185894,421.8141162344082
new_match_x1.1,1.1775416480511383,1.0,S2a,0.0,1370.0778421896123,367.63782638996446,289.9200776185894,507.1765116840244,473.26400154903524,183.34392393044584,289.9200776185894,473.26400154903524
new_match_x1.1,1.1775416480511383,1.0,S2b,0.0,1370.0778421896123,367.63782638996446,289.9200776185894,507.1765116840244,507.17651168356315,217.25643406497375,289.9200776185894,507.17651168356315
new_match_x1.1,1.1775416480511383,union_of_three_loads,S1,0.0,1370.0778421896123,367.63782638996446,289.9200776185894,507.1765116840244,421.8141162344082,131.89403861581877,289.9200776185894,421.8141162344082
new_match_x1.1,1.1775416480511383,union_of_three_loads,S2a,0.0,1370.0778421896123,367.63782638996446,289.9200776185894,507.1765116840244,473.26400154903524,183.34392393044584,289.9200776185894,473.26400154903524
new_match_x1.1,1.1775416480511383,union_of_three_loads,S2b,0.0,1370.0778421896123,367.63782638996446,289.9200776185894,507.1765116840244,507.17651168356315,217.25643406497375,289.9200776185894,507.17651168356315
new_match_x1.2,1.28459088878306,0.5,S1,-20.0,1901.7645303423885,655.824556924405,555.6264675993264,703.9967152537697,166.53246139534505,0.0,,
new_match_x1.2,1.28459088878306,0.5,S2a,-20.0,1901.7645303423885,655.824556924405,555.6264675993264,703.9967152537697,168.7882421209241,0.0,,
new_match_x1.2,1.28459088878306,0.5,S2b,-20.0,1901.7645303423885,655.824556924405,555.6264675993264,703.9967152537697,185.48978373418555,0.0,,
new_match_x1.2,1.28459088878306,0.75,S1,-20.0,1901.7645303423885,655.824556924405,555.6264675993264,703.9967152537697,355.123974556063,0.0,,
new_match_x1.2,1.28459088878306,0.75,S2a,-20.0,1901.7645303423885,655.824556924405,555.6264675993264,703.9967152537697,357.4818890800442,0.0,,
new_match_x1.2,1.28459088878306,0.75,S2b,-20.0,1901.7645303423885,655.824556924405,555.6264675993264,703.9967152537697,398.723749082514,0.0,,
new_match_x1.2,1.28459088878306,1.0,S1,-20.0,1901.7645303423885,655.824556924405,555.6264675993264,703.9967152537697,501.3406774396289,0.0,,
new_match_x1.2,1.28459088878306,1.0,S2a,-20.0,1901.7645303423885,655.824556924405,555.6264675993264,703.9967152537697,541.9228644955358,0.0,,
new_match_x1.2,1.28459088878306,1.0,S2b,-20.0,1901.7645303423885,655.824556924405,555.6264675993264,703.9967152537697,621.3860401976465,65.75957259832012,555.6264675993264,621.3860401976465
new_match_x1.2,1.28459088878306,union_of_three_loads,S1,-20.0,1901.7645303423885,655.824556924405,555.6264675993264,703.9967152537697,501.3406774396289,0.0,,
new_match_x1.2,1.28459088878306,union_of_three_loads,S2a,-20.0,1901.7645303423885,655.824556924405,555.6264675993264,703.9967152537697,541.9228644955358,0.0,,
new_match_x1.2,1.28459088878306,union_of_three_loads,S2b,-20.0,1901.7645303423885,655.824556924405,555.6264675993264,703.9967152537697,621.3860401976465,65.75957259832012,555.6264675993264,621.3860401976465
new_match_x1.2,1.28459088878306,0.5,S1,-17.5,1852.174075051627,623.9789181802845,525.7077151883803,685.6392808418713,166.53246139534505,0.0,,
new_match_x1.2,1.28459088878306,0.5,S2a,-17.5,1852.174075051627,623.9789181802845,525.7077151883803,685.6392808418713,168.7882421209241,0.0,,
new_match_x1.2,1.28459088878306,0.5,S2b,-17.5,1852.174075051627,623.9789181802845,525.7077151883803,685.6392808418713,185.48978373418555,0.0,,
new_match_x1.2,1.28459088878306,0.75,S1,-17.5,1852.174075051627,623.9789181802845,525.7077151883803,685.6392808418713,355.123974556063,0.0,,
new_match_x1.2,1.28459088878306,0.75,S2a,-17.5,1852.174075051627,623.9789181802845,525.7077151883803,685.6392808418713,357.4818890800442,0.0,,
new_match_x1.2,1.28459088878306,0.75,S2b,-17.5,1852.174075051627,623.9789181802845,525.7077151883803,685.6392808418713,398.723749082514,0.0,,
new_match_x1.2,1.28459088878306,1.0,S1,-17.5,1852.174075051627,623.9789181802845,525.7077151883803,685.6392808418713,495.3399797768342,0.0,,
new_match_x1.2,1.28459088878306,1.0,S2a,-17.5,1852.174075051627,623.9789181802845,525.7077151883803,685.6392808418713,540.6681234902562,14.960408301875873,525.7077151883803,540.6681234902562
new_match_x1.2,1.28459088878306,1.0,S2b,-17.5,1852.174075051627,623.9789181802845,525.7077151883803,685.6392808418713,621.3860401976465,95.67832500926613,525.7077151883803,621.3860401976465
new_match_x1.2,1.28459088878306,union_of_three_loads,S1,-17.5,1852.174075051627,623.9789181802845,525.7077151883803,685.6392808418713,495.3399797768342,0.0,,
new_match_x1.2,1.28459088878306,union_of_three_loads,S2a,-17.5,1852.174075051627,623.9789181802845,525.7077151883803,685.6392808418713,540.6681234902562,14.960408301875873,525.7077151883803,540.6681234902562
new_match_x1.2,1.28459088878306,union_of_three_loads,S2b,-17.5,1852.174075051627,623.9789181802845,525.7077151883803,685.6392808418713,621.3860401976465,95.67832500926613,525.7077151883803,621.3860401976465
new_match_x1.2,1.28459088878306,0.5,S1,-15.0,1802.5836197604974,592.1332794360278,494.82551961071096,667.2818464298367,166.53246139534505,0.0,,
new_match_x1.2,1.28459088878306,0.5,S2a,-15.0,1802.5836197604974,592.1332794360278,494.82551961071096,667.2818464298367,168.7882421209241,0.0,,
new_match_x1.2,1.28459088878306,0.5,S2b,-15.0,1802.5836197604974,592.1332794360278,494.82551961071096,667.2818464298367,185.48978373418555,0.0,,
new_match_x1.2,1.28459088878306,0.75,S1,-15.0,1802.5836197604974,592.1332794360278,494.82551961071096,667.2818464298367,355.123974556063,0.0,,
new_match_x1.2,1.28459088878306,0.75,S2a,-15.0,1802.5836197604974,592.1332794360278,494.82551961071096,667.2818464298367,357.4818890800442,0.0,,
new_match_x1.2,1.28459088878306,0.75,S2b,-15.0,1802.5836197604974,592.1332794360278,494.82551961071096,667.2818464298367,398.723749082514,0.0,,
new_match_x1.2,1.28459088878306,1.0,S1,-15.0,1802.5836197604974,592.1332794360278,494.82551961071096,667.2818464298367,489.0790848951215,0.0,,
new_match_x1.2,1.28459088878306,1.0,S2a,-15.0,1802.5836197604974,592.1332794360278,494.82551961071096,667.2818464298367,539.2807639144983,44.45524430378731,494.82551961071096,539.2807639144983
new_match_x1.2,1.28459088878306,1.0,S2b,-15.0,1802.5836197604974,592.1332794360278,494.82551961071096,667.2818464298367,621.3860401976465,126.56052058693552,494.82551961071096,621.3860401976465
new_match_x1.2,1.28459088878306,union_of_three_loads,S1,-15.0,1802.5836197604974,592.1332794360278,494.82551961071096,667.2818464298367,489.0790848951215,0.0,,
new_match_x1.2,1.28459088878306,union_of_three_loads,S2a,-15.0,1802.5836197604974,592.1332794360278,494.82551961071096,667.2818464298367,539.2807639144983,44.45524430378731,494.82551961071096,539.2807639144983
new_match_x1.2,1.28459088878306,union_of_three_loads,S2b,-15.0,1802.5836197604974,592.1332794360278,494.82551961071096,667.2818464298367,621.3860401976465,126.56052058693552,494.82551961071096,621.3860401976465
new_match_x1.2,1.28459088878306,0.5,S1,-12.5,1750.390535790296,560.2876406918366,464.90676719969434,647.9609688512804,166.53246139534505,0.0,,
new_match_x1.2,1.28459088878306,0.5,S2a,-12.5,1750.390535790296,560.2876406918366,464.90676719969434,647.9609688512804,168.7882421209241,0.0,,
new_match_x1.2,1.28459088878306,0.5,S2b,-12.5,1750.390535790296,560.2876406918366,464.90676719969434,647.9609688512804,185.48978373418555,0.0,,
new_match_x1.2,1.28459088878306,0.75,S1,-12.5,1750.390535790296,560.2876406918366,464.90676719969434,647.9609688512804,355.123974556063,0.0,,
new_match_x1.2,1.28459088878306,0.75,S2a,-12.5,1750.390535790296,560.2876406918366,464.90676719969434,647.9609688512804,357.4818890800442,0.0,,
new_match_x1.2,1.28459088878306,0.75,S2b,-12.5,1750.390535790296,560.2876406918366,464.90676719969434,647.9609688512804,398.723749082514,0.0,,
new_match_x1.2,1.28459088878306,1.0,S1,-12.5,1750.390535790296,560.2876406918366,464.90676719969434,647.9609688512804,482.1970118010464,17.29024460135207,464.90676719969434,482.1970118010464
new_match_x1.2,1.28459088878306,1.0,S2a,-12.5,1750.390535790296,560.2876406918366,464.90676719969434,647.9609688512804,537.6711497167073,72.76438251701296,464.90676719969434,537.6711497167073
new_match_x1.2,1.28459088878306,1.0,S2b,-12.5,1750.390535790296,560.2876406918366,464.90676719969434,647.9609688512804,621.3860401976465,156.47927299795214,464.90676719969434,621.3860401976465
new_match_x1.2,1.28459088878306,union_of_three_loads,S1,-12.5,1750.390535790296,560.2876406918366,464.90676719969434,647.9609688512804,482.1970118010464,17.29024460135207,464.90676719969434,482.1970118010464
new_match_x1.2,1.28459088878306,union_of_three_loads,S2a,-12.5,1750.390535790296,560.2876406918366,464.90676719969434,647.9609688512804,537.6711497167073,72.76438251701296,464.90676719969434,537.6711497167073
new_match_x1.2,1.28459088878306,union_of_three_loads,S2b,-12.5,1750.390535790296,560.2876406918366,464.90676719969434,647.9609688512804,621.3860401976465,156.47927299795214,464.90676719969434,621.3860401976465
new_match_x1.2,1.28459088878306,0.5,S1,-10.0,1700.8000804998153,528.4420019478201,434.98801478885247,629.603534439486,166.53246139534505,0.0,,
new_match_x1.2,1.28459088878306,0.5,S2a,-10.0,1700.8000804998153,528.4420019478201,434.98801478885247,629.603534439486,168.7882421209241,0.0,,
new_match_x1.2,1.28459088878306,0.5,S2b,-10.0,1700.8000804998153,528.4420019478201,434.98801478885247,629.603534439486,185.48978373418555,0.0,,
new_match_x1.2,1.28459088878306,0.75,S1,-10.0,1700.8000804998153,528.4420019478201,434.98801478885247,629.603534439486,355.123974556063,0.0,,
new_match_x1.2,1.28459088878306,0.75,S2a,-10.0,1700.8000804998153,528.4420019478201,434.98801478885247,629.603534439486,357.4818890800442,0.0,,
new_match_x1.2,1.28459088878306,0.75,S2b,-10.0,1700.8000804998153,528.4420019478201,434.98801478885247,629.603534439486,398.723749082514,0.0,,
new_match_x1.2,1.28459088878306,1.0,S1,-10.0,1700.8000804998153,528.4420019478201,434.98801478885247,629.603534439486,475.36895986330296,40.380945074450494,434.98801478885247,475.36895986330296
new_match_x1.2,1.28459088878306,1.0,S2a,-10.0,1700.8000804998153,528.4420019478201,434.98801478885247,629.603534439486,535.9799725490441,100.99195776019161,434.98801478885247,535.9799725490441
new_match_x1.2,1.28459088878306,1.0,S2b,-10.0,1700.8000804998153,528.4420019478201,434.98801478885247,629.603534439486,621.2560758593247,186.26806107047224,434.98801478885247,621.2560758593247
new_match_x1.2,1.28459088878306,union_of_three_loads,S1,-10.0,1700.8000804998153,528.4420019478201,434.98801478885247,629.603534439486,475.36895986330296,40.380945074450494,434.98801478885247,475.36895986330296
new_match_x1.2,1.28459088878306,union_of_three_loads,S2a,-10.0,1700.8000804998153,528.4420019478201,434.98801478885247,629.603534439486,535.9799725490441,100.99195776019161,434.98801478885247,535.9799725490441
new_match_x1.2,1.28459088878306,union_of_three_loads,S2b,-10.0,1700.8000804998153,528.4420019478201,434.98801478885247,629.603534439486,621.2560758593247,186.26806107047224,434.98801478885247,621.2560758593247
new_match_x1.2,1.28459088878306,0.5,S1,-7.5,1648.606996530301,496.59636320388324,405.06926237809023,610.282656861184,166.53246139534505,0.0,,
new_match_x1.2,1.28459088878306,0.5,S2a,-7.5,1648.606996530301,496.59636320388324,405.06926237809023,610.282656861184,168.7882421209241,0.0,,
new_match_x1.2,1.28459088878306,0.5,S2b,-7.5,1648.606996530301,496.59636320388324,405.06926237809023,610.282656861184,185.48978373418555,0.0,,
new_match_x1.2,1.28459088878306,0.75,S1,-7.5,1648.606996530301,496.59636320388324,405.06926237809023,610.282656861184,355.123974556063,0.0,,
new_match_x1.2,1.28459088878306,0.75,S2a,-7.5,1648.606996530301,496.59636320388324,405.06926237809023,610.282656861184,357.4818890800442,0.0,,
new_match_x1.2,1.28459088878306,0.75,S2b,-7.5,1648.606996530301,496.59636320388324,405.06926237809023,610.282656861184,398.723749082514,0.0,,
new_match_x1.2,1.28459088878306,1.0,S1,-7.5,1648.606996530301,496.59636320388324,405.06926237809023,610.282656861184,467.86612006278915,62.79685768469892,405.06926237809023,467.86612006278915
new_match_x1.2,1.28459088878306,1.0,S2a,-7.5,1648.606996530301,496.59636320388324,405.06926237809023,610.282656861184,527.5130349605083,122.44377258241809,405.06926237809023,527.5130349605083
new_match_x1.2,1.28459088878306,1.0,S2b,-7.5,1648.606996530301,496.59636320388324,405.06926237809023,610.282656861184,610.282656860629,205.21339448253877,405.06926237809023,610.282656860629
new_match_x1.2,1.28459088878306,union_of_three_loads,S1,-7.5,1648.606996530301,496.59636320388324,405.06926237809023,610.282656861184,467.86612006278915,62.79685768469892,405.06926237809023,467.86612006278915
new_match_x1.2,1.28459088878306,union_of_three_loads,S2a,-7.5,1648.606996530301,496.59636320388324,405.06926237809023,610.282656861184,527.5130349605083,122.44377258241809,405.06926237809023,527.5130349605083
new_match_x1.2,1.28459088878306,union_of_three_loads,S2b,-7.5,1648.606996530301,496.59636320388324,405.06926237809023,610.282656861184,610.282656860629,205.21339448253877,405.06926237809023,610.282656860629
new_match_x1.2,1.28459088878306,0.5,S1,-5.0,1596.4139125597214,464.7507244595521,375.15050996693367,590.9617792824877,166.53246139534505,0.0,,
new_match_x1.2,1.28459088878306,0.5,S2a,-5.0,1596.4139125597214,464.7507244595521,375.15050996693367,590.9617792824877,168.7882421209241,0.0,,
new_match_x1.2,1.28459088878306,0.5,S2b,-5.0,1596.4139125597214,464.7507244595521,375.15050996693367,590.9617792824877,185.48978373418555,0.0,,
new_match_x1.2,1.28459088878306,0.75,S1,-5.0,1596.4139125597214,464.7507244595521,375.15050996693367,590.9617792824877,355.123974556063,0.0,,
new_match_x1.2,1.28459088878306,0.75,S2a,-5.0,1596.4139125597214,464.7507244595521,375.15050996693367,590.9617792824877,357.4818890800442,0.0,,
new_match_x1.2,1.28459088878306,0.75,S2b,-5.0,1596.4139125597214,464.7507244595521,375.15050996693367,590.9617792824877,398.723749082514,23.57323911558035,375.15050996693367,398.723749082514
new_match_x1.2,1.28459088878306,1.0,S1,-5.0,1596.4139125597214,464.7507244595521,375.15050996693367,590.9617792824877,460.02621366783603,84.87570370090236,375.15050996693367,460.02621366783603
new_match_x1.2,1.28459088878306,1.0,S2a,-5.0,1596.4139125597214,464.7507244595521,375.15050996693367,590.9617792824877,518.4839943136107,143.33348434667698,375.15050996693367,518.4839943136107
new_match_x1.2,1.28459088878306,1.0,S2b,-5.0,1596.4139125597214,464.7507244595521,375.15050996693367,590.9617792824877,590.9617792819502,215.8112693150165,375.15050996693367,590.9617792819502
new_match_x1.2,1.28459088878306,union_of_three_loads,S1,-5.0,1596.4139125597214,464.7507244595521,375.15050996693367,590.9617792824877,460.02621366783603,84.87570370090236,375.15050996693367,460.02621366783603
new_match_x1.2,1.28459088878306,union_of_three_loads,S2a,-5.0,1596.4139125597214,464.7507244595521,375.15050996693367,590.9617792824877,518.4839943136107,143.33348434667698,375.15050996693367,518.4839943136107
new_match_x1.2,1.28459088878306,union_of_three_loads,S2b,-5.0,1596.4139125597214,464.7507244595521,375.15050996693367,590.9617792824877,590.9617792819502,215.8112693150165,375.15050996693367,590.9617792819502
new_match_x1.2,1.28459088878306,0.5,S1,-2.5,1544.2208285888437,432.90508571511043,345.23175755566655,571.6409017036809,166.53246139534505,0.0,,
new_match_x1.2,1.28459088878306,0.5,S2a,-2.5,1544.2208285888437,432.90508571511043,345.23175755566655,571.6409017036809,168.7882421209241,0.0,,
new_match_x1.2,1.28459088878306,0.5,S2b,-2.5,1544.2208285888437,432.90508571511043,345.23175755566655,571.6409017036809,185.48978373418555,0.0,,
new_match_x1.2,1.28459088878306,0.75,S1,-2.5,1544.2208285888437,432.90508571511043,345.23175755566655,571.6409017036809,355.123974556063,9.892217000396442,345.23175755566655,355.123974556063
new_match_x1.2,1.28459088878306,0.75,S2a,-2.5,1544.2208285888437,432.90508571511043,345.23175755566655,571.6409017036809,357.4818890800442,12.25013152437765,345.23175755566655,357.4818890800442
new_match_x1.2,1.28459088878306,0.75,S2b,-2.5,1544.2208285888437,432.90508571511043,345.23175755566655,571.6409017036809,398.723749082514,53.49199152684747,345.23175755566655,398.723749082514
new_match_x1.2,1.28459088878306,1.0,S1,-2.5,1544.2208285888437,432.90508571511043,345.23175755566655,571.6409017036809,451.8364026225281,106.60464506686156,345.23175755566655,451.8364026225281
new_match_x1.2,1.28459088878306,1.0,S2a,-2.5,1544.2208285888437,432.90508571511043,345.23175755566655,571.6409017036809,508.91350791741075,163.6817503617442,345.23175755566655,508.91350791741075
new_match_x1.2,1.28459088878306,1.0,S2b,-2.5,1544.2208285888437,432.90508571511043,345.23175755566655,571.6409017036809,571.6409017031611,226.4091441474946,345.23175755566655,571.6409017031611
new_match_x1.2,1.28459088878306,union_of_three_loads,S1,-2.5,1544.2208285888437,432.90508571511043,345.23175755566655,571.6409017036809,451.8364026225281,106.60464506686156,345.23175755566655,451.8364026225281
new_match_x1.2,1.28459088878306,union_of_three_loads,S2a,-2.5,1544.2208285888437,432.90508571511043,345.23175755566655,571.6409017036809,508.91350791741075,163.6817503617442,345.23175755566655,508.91350791741075
new_match_x1.2,1.28459088878306,union_of_three_loads,S2b,-2.5,1544.2208285888437,432.90508571511043,345.23175755566655,571.6409017036809,571.6409017031611,226.4091441474946,345.23175755566655,571.6409017031611
new_match_x1.2,1.28459088878306,0.5,S1,0.0,1494.6303732977588,401.05944697087034,316.2764483111884,553.283467291663,166.53246139534505,0.0,,
new_match_x1.2,1.28459088878306,0.5,S2a,0.0,1494.6303732977588,401.05944697087034,316.2764483111884,553.283467291663,168.7882421209241,0.0,,
new_match_x1.2,1.28459088878306,0.5,S2b,0.0,1494.6303732977588,401.05944697087034,316.2764483111884,553.283467291663,185.48978373418555,0.0,,
new_match_x1.2,1.28459088878306,0.75,S1,0.0,1494.6303732977588,401.05944697087034,316.2764483111884,553.283467291663,355.123974556063,38.84752624487459,316.2764483111884,355.123974556063
new_match_x1.2,1.28459088878306,0.75,S2a,0.0,1494.6303732977588,401.05944697087034,316.2764483111884,553.283467291663,357.4818890800442,41.205440768855794,316.2764483111884,357.4818890800442
new_match_x1.2,1.28459088878306,0.75,S2b,0.0,1494.6303732977588,401.05944697087034,316.2764483111884,553.283467291663,398.723749082514,82.44730077132562,316.2764483111884,398.723749082514
new_match_x1.2,1.28459088878306,1.0,S1,0.0,1494.6303732977588,401.05944697087034,316.2764483111884,553.283467291663,443.71908083214396,127.44263252095556,316.2764483111884,443.71908083214396
new_match_x1.2,1.28459088878306,1.0,S2a,0.0,1494.6303732977588,401.05944697087034,316.2764483111884,553.283467291663,499.3984368719837,183.12198856079527,316.2764483111884,499.3984368719837
new_match_x1.2,1.28459088878306,1.0,S2b,0.0,1494.6303732977588,401.05944697087034,316.2764483111884,553.283467291663,553.2834672911597,237.0070189799713,316.2764483111884,553.2834672911597
new_match_x1.2,1.28459088878306,union_of_three_loads,S1,0.0,1494.6303732977588,401.05944697087034,316.2764483111884,553.283467291663,443.71908083214396,127.44263252095556,316.2764483111884,443.71908083214396
new_match_x1.2,1.28459088878306,union_of_three_loads,S2a,0.0,1494.6303732977588,401.05944697087034,316.2764483111884,553.283467291663,499.3984368719837,183.12198856079527,316.2764483111884,499.3984368719837
new_match_x1.2,1.28459088878306,union_of_three_loads,S2b,0.0,1494.6303732977588,401.05944697087034,316.2764483111884,553.283467291663,553.2834672911597,237.0070189799713,316.2764483111884,553.2834672911597
