scenario_id,load_frac,T_supply_max_C,T_return_C,pinch_K,flow_multiplier,lp_min_frac,scheme,n,m,source_count,coupled_count,source_coverage,coupled_coverage,Qcap_MW,max_coupled_Q_MW,mean_min_deltaP_per_Q,stratum
L50_Ts120_Tr35p0_dT5_F0p8_LP20,0.5,120.0,35.0,5.0,0.8,0.2,S1,800,1201,800,669,1.0,0.83625,142.75770814980956,142.61741999999998,0.2321181105295699,historical_extension
L50_Ts120_Tr35p0_dT5_F0p8_LP20,0.5,120.0,35.0,5.0,0.8,0.2,S2a,800,1201,800,722,1.0,0.9025,154.09501003384366,153.91595999999998,0.1509581376371002,historical_extension
L50_Ts120_Tr35p0_dT5_F0p8_LP20,0.5,120.0,35.0,5.0,0.8,0.2,S2b,800,1201,800,800,1.0,1.0,170.54399999984486,170.54399999999998,0.1754130736366032,historical_extension
L50_Ts120_Tr35p0_dT5_F0p8_LP30,0.5,120.0,35.0,5.0,0.8,0.3,S1,800,1201,781,669,0.97625,0.83625,142.75770814986583,142.61741999999998,0.2321181105295699,historical_extension
L50_Ts120_Tr35p0_dT5_F0p8_LP30,0.5,120.0,35.0,5.0,0.8,0.3,S2a,800,1201,791,722,0.98875,0.9025,154.09501003392495,153.91595999999998,0.1509581376371002,historical_extension
L50_Ts120_Tr35p0_dT5_F0p8_LP30,0.5,120.0,35.0,5.0,0.8,0.3,S2b,800,1201,800,800,1.0,1.0,170.54399999984486,170.54399999999998,0.1754130736366032,historical_extension
L50_Ts120_Tr35p0_dT5_F0p8_LP40,0.5,120.0,35.0,5.0,0.8,0.4,S1,800,1201,420,420,0.525,0.525,89.60231382397092,89.53559999999999,0.2363932265303617,historical_extension
L50_Ts120_Tr35p0_dT5_F0p8_LP40,0.5,120.0,35.0,5.0,0.8,0.4,S2a,800,1201,430,430,0.5375,0.5375,91.79434889106086,91.6674,0.1364588534751426,historical_extension
L50_Ts120_Tr35p0_dT5_F0p8_LP40,0.5,120.0,35.0,5.0,0.8,0.4,S2b,800,1201,471,471,0.58875,0.58875,100.48571962434072,100.40778,0.1483301173043609,historical_extension
L50_Ts120_Tr35p0_dT5_F0p8_LP45,0.5,120.0,35.0,5.0,0.8,0.45,S1,800,1201,239,239,0.29875,0.29875,51.13724003828384,50.95002,0.2395008409727043,historical_extension
L50_Ts120_Tr35p0_dT5_F0p8_LP45,0.5,120.0,35.0,5.0,0.8,0.45,S2a,800,1201,249,249,0.31125,0.31125,53.29317674128019,53.08182,0.1369787244622286,historical_extension
L50_Ts120_Tr35p0_dT5_F0p8_LP45,0.5,120.0,35.0,5.0,0.8,0.45,S2b,800,1201,271,271,0.33875,0.33875,57.9712377407845,57.77177999999999,0.1466824967995023,historical_extension
L50_Ts120_Tr35p0_dT5_F1p0_LP20,0.5,120.0,35.0,5.0,1.0,0.2,S1,800,1201,800,632,1.0,0.79,168.67455334667432,168.4122,0.2300363522360117,historical_extension
L50_Ts120_Tr35p0_dT5_F1p0_LP20,0.5,120.0,35.0,5.0,1.0,0.2,S2a,800,1201,800,692,1.0,0.865,184.6139752157061,184.4007,0.1501962366183206,historical_extension
L50_Ts120_Tr35p0_dT5_F1p0_LP20,0.5,120.0,35.0,5.0,1.0,0.2,S2b,800,1201,800,800,1.0,1.0,213.1799999998061,213.18,0.1780992747580665,historical_extension
L50_Ts120_Tr35p0_dT5_F1p0_LP30,0.5,120.0,35.0,5.0,1.0,0.3,S1,800,1201,624,624,0.78,0.78,166.53246139534505,166.2804,0.230208043641666,historical_extension
L50_Ts120_Tr35p0_dT5_F1p0_LP30,0.5,120.0,35.0,5.0,1.0,0.3,S2a,800,1201,633,633,0.79125,0.79125,168.7882421209241,168.678675,0.1472803235229789,historical_extension
L50_Ts120_Tr35p0_dT5_F1p0_LP30,0.5,120.0,35.0,5.0,1.0,0.3,S2b,800,1201,696,696,0.87,0.87,185.48978373418555,185.4666,0.1696936753447525,historical_extension
L50_Ts120_Tr35p0_dT5_F1p0_LP40,0.5,120.0,35.0,5.0,1.0,0.4,S1,800,1201,336,336,0.42,0.42,89.60231382397092,89.53559999999999,0.2363889342452204,historical_extension
L50_Ts120_Tr35p0_dT5_F1p0_LP40,0.5,120.0,35.0,5.0,1.0,0.4,S2a,800,1201,344,344,0.43,0.43,91.79434889106086,91.6674,0.1348522011774866,historical_extension
L50_Ts120_Tr35p0_dT5_F1p0_LP40,0.5,120.0,35.0,5.0,1.0,0.4,S2b,800,1201,377,377,0.47125,0.47125,100.48571962434072,100.461075,0.1456401126648862,historical_extension
L50_Ts120_Tr35p0_dT5_F1p0_LP45,0.5,120.0,35.0,5.0,1.0,0.45,S1,800,1201,191,191,0.23875,0.23875,51.13724003828384,50.896725,0.2395008409727043,historical_extension
L50_Ts120_Tr35p0_dT5_F1p0_LP45,0.5,120.0,35.0,5.0,1.0,0.45,S2a,800,1201,199,199,0.24875,0.24875,53.29317674128019,53.028525,0.1369301618496641,historical_extension
L50_Ts120_Tr35p0_dT5_F1p0_LP45,0.5,120.0,35.0,5.0,1.0,0.45,S2b,800,1201,217,217,0.27125,0.27125,57.9712377407845,57.825075000000005,0.1469015527959362,historical_extension
L50_Ts120_Tr35p0_dT5_F1p2_LP20,0.5,120.0,35.0,5.0,1.2,0.2,S1,800,1201,761,597,0.95125,0.74625,191.10616661831523,190.90269,0.2282207156212176,historical_extension
L50_Ts120_Tr35p0_dT5_F1p2_LP20,0.5,120.0,35.0,5.0,1.2,0.2,S2a,800,1201,768,660,0.96,0.825,211.30893836345277,211.04819999999995,0.1494324017754913,historical_extension
L50_Ts120_Tr35p0_dT5_F1p2_LP20,0.5,120.0,35.0,5.0,1.2,0.2,S2b,800,1201,800,800,1.0,1.0,255.8159999997673,255.816,0.1811077527399002,historical_extension
L50_Ts120_Tr35p0_dT5_F1p2_LP30,0.5,120.0,35.0,5.0,1.2,0.3,S1,800,1201,520,520,0.65,0.65,166.53246139534505,166.2804,0.2302037513565246,historical_extension
L50_Ts120_Tr35p0_dT5_F1p2_LP30,0.5,120.0,35.0,5.0,1.2,0.3,S2a,800,1201,527,527,0.65875,0.65875,168.7882421209241,168.51878999999997,0.1414501651580977,historical_extension
L50_Ts120_Tr35p0_dT5_F1p2_LP30,0.5,120.0,35.0,5.0,1.2,0.3,S2b,800,1201,580,580,0.725,0.725,185.48978373418555,185.4666,0.1599546317304607,historical_extension
L50_Ts120_Tr35p0_dT5_F1p2_LP40,0.5,120.0,35.0,5.0,1.2,0.4,S1,800,1201,280,280,0.35,0.35,89.60231382397092,89.53559999999999,0.236384641960079,historical_extension
L50_Ts120_Tr35p0_dT5_F1p2_LP40,0.5,120.0,35.0,5.0,1.2,0.4,S2a,800,1201,287,287,0.35875,0.35875,91.79434889106086,91.77399,0.1349857704552749,historical_extension
L50_Ts120_Tr35p0_dT5_F1p2_LP40,0.5,120.0,35.0,5.0,1.2,0.4,S2b,800,1201,314,314,0.3925,0.3925,100.48571962434072,100.40778,0.1456000148427272,historical_extension
L50_Ts120_Tr35p0_dT5_F1p2_LP45,0.5,120.0,35.0,5.0,1.2,0.45,S1,800,1201,159,159,0.19875,0.19875,51.13724003828384,50.84343,0.2395008409727043,historical_extension
L50_Ts120_Tr35p0_dT5_F1p2_LP45,0.5,120.0,35.0,5.0,1.2,0.45,S2a,800,1201,166,166,0.2075,0.2075,53.29317674128019,53.08182,0.1370705474002727,historical_extension
L50_Ts120_Tr35p0_dT5_F1p2_LP45,0.5,120.0,35.0,5.0,1.2,0.45,S2b,800,1201,181,181,0.22625,0.22625,57.9712377407845,57.87837,0.1471247154328044,historical_extension
L50_Ts120_Tr35p0_dT10_F0p8_LP20,0.5,120.0,35.0,10.0,0.8,0.2,S1,800,1201,800,632,1.0,0.79,134.93063543640417,134.72976,0.2327533687304908,historical_extension
L50_Ts120_Tr35p0_dT10_F0p8_LP20,0.5,120.0,35.0,10.0,0.8,0.2,S2a,800,1201,800,678,1.0,0.8475,144.57640845124138,144.53604,0.1542135747717976,historical_extension
L50_Ts120_Tr35p0_dT10_F0p8_LP20,0.5,120.0,35.0,10.0,0.8,0.2,S2b,800,1201,800,800,1.0,1.0,170.54399999984486,170.54399999999998,0.1854526372325315,historical_extension
L50_Ts120_Tr35p0_dT10_F0p8_LP30,0.5,120.0,35.0,10.0,0.8,0.3,S1,800,1201,781,632,0.97625,0.79,134.9306354363519,134.72976,0.2327533687304908,historical_extension
L50_Ts120_Tr35p0_dT10_F0p8_LP30,0.5,120.0,35.0,10.0,0.8,0.3,S2a,800,1201,791,678,0.98875,0.8475,144.5764084513009,144.53604,0.1542135747717976,historical_extension
L50_Ts120_Tr35p0_dT10_F0p8_LP30,0.5,120.0,35.0,10.0,0.8,0.3,S2b,800,1201,800,800,1.0,1.0,170.54399999984486,170.54399999999998,0.1854526372325315,historical_extension
L50_Ts120_Tr35p0_dT10_F0p8_LP40,0.5,120.0,35.0,10.0,0.8,0.4,S1,800,1201,420,420,0.525,0.525,89.60231382397092,89.53559999999999,0.2363932265303617,historical_extension
L50_Ts120_Tr35p0_dT10_F0p8_LP40,0.5,120.0,35.0,10.0,0.8,0.4,S2a,800,1201,430,430,0.5375,0.5375,91.79434889106086,91.6674,0.1395334683164874,historical_extension
L50_Ts120_Tr35p0_dT10_F0p8_LP40,0.5,120.0,35.0,10.0,0.8,0.4,S2b,800,1201,471,471,0.58875,0.58875,100.48571962434072,100.40778,0.1536504439639598,historical_extension
L50_Ts120_Tr35p0_dT10_F0p8_LP45,0.5,120.0,35.0,10.0,0.8,0.45,S1,800,1201,239,239,0.29875,0.29875,51.13724003828384,50.95002,0.2395008409727043,historical_extension
L50_Ts120_Tr35p0_dT10_F0p8_LP45,0.5,120.0,35.0,10.0,0.8,0.45,S2a,800,1201,249,249,0.31125,0.31125,53.29317674128019,53.08182,0.1369787244622286,historical_extension
L50_Ts120_Tr35p0_dT10_F0p8_LP45,0.5,120.0,35.0,10.0,0.8,0.45,S2b,800,1201,271,271,0.33875,0.33875,57.9712377407845,57.77177999999999,0.1466824967995023,historical_extension
L50_Ts120_Tr35p0_dT10_F1p0_LP20,0.5,120.0,35.0,10.0,1.0,0.2,S1,800,1201,800,599,1.0,0.74875,159.65642092567845,159.618525,0.2307445792843356,historical_extension
L50_Ts120_Tr35p0_dT10_F1p0_LP20,0.5,120.0,35.0,10.0,1.0,0.2,S2a,800,1201,800,649,1.0,0.81125,173.0896504023966,172.942275,0.1535089317184503,historical_extension
L50_Ts120_Tr35p0_dT10_F1p0_LP20,0.5,120.0,35.0,10.0,1.0,0.2,S2b,800,1201,800,800,1.0,1.0,213.1799999998061,213.18,0.1882160124661219,historical_extension
L50_Ts120_Tr35p0_dT10_F1p0_LP30,0.5,120.0,35.0,10.0,1.0,0.3,S1,800,1201,624,599,0.78,0.74875,159.65642092574518,159.618525,0.2307445792843356,historical_extension
L50_Ts120_Tr35p0_dT10_F1p0_LP30,0.5,120.0,35.0,10.0,1.0,0.3,S2a,800,1201,633,625,0.79125,0.78125,166.6510480296252,166.546875,0.1521302567756784,historical_extension
L50_Ts120_Tr35p0_dT10_F1p0_LP30,0.5,120.0,35.0,10.0,1.0,0.3,S2b,800,1201,696,696,0.87,0.87,185.48978373418555,185.4666,0.1792249066958717,historical_extension
L50_Ts120_Tr35p0_dT10_F1p0_LP40,0.5,120.0,35.0,10.0,1.0,0.4,S1,800,1201,336,336,0.42,0.42,89.60231382397092,89.53559999999999,0.2363889342452204,historical_extension
L50_Ts120_Tr35p0_dT10_F1p0_LP40,0.5,120.0,35.0,10.0,1.0,0.4,S2a,800,1201,344,344,0.43,0.43,91.79434889106086,91.6674,0.1355299030041273,historical_extension
L50_Ts120_Tr35p0_dT10_F1p0_LP40,0.5,120.0,35.0,10.0,1.0,0.4,S2b,800,1201,377,377,0.47125,0.47125,100.48571962434072,100.461075,0.1468084173449896,historical_extension
L50_Ts120_Tr35p0_dT10_F1p0_LP45,0.5,120.0,35.0,10.0,1.0,0.45,S1,800,1201,191,191,0.23875,0.23875,51.13724003828384,50.896725,0.2395008409727043,historical_extension
L50_Ts120_Tr35p0_dT10_F1p0_LP45,0.5,120.0,35.0,10.0,1.0,0.45,S2a,800,1201,199,199,0.24875,0.24875,53.29317674128019,53.028525,0.1369301618496641,historical_extension
L50_Ts120_Tr35p0_dT10_F1p0_LP45,0.5,120.0,35.0,10.0,1.0,0.45,S2b,800,1201,217,217,0.27125,0.27125,57.9712377407845,57.825075000000005,0.1469015527959362,historical_extension
L50_Ts120_Tr35p0_dT10_F1p2_LP20,0.5,120.0,35.0,10.0,1.2,0.2,S1,800,1201,761,566,0.95125,0.7075,181.1997316524322,180.98982,0.22901908065751,historical_extension
L50_Ts120_Tr35p0_dT10_F1p2_LP20,0.5,120.0,35.0,10.0,1.2,0.2,S2a,800,1201,768,619,0.96,0.77375,198.09961274162805,197.93763,0.1528150406954821,historical_extension
L50_Ts120_Tr35p0_dT10_F1p2_LP20,0.5,120.0,35.0,10.0,1.2,0.2,S2b,800,1201,800,800,1.0,1.0,255.8159999997673,255.816,0.1911886867704331,historical_extension
L50_Ts120_Tr35p0_dT10_F1p2_LP30,0.5,120.0,35.0,10.0,1.2,0.3,S1,800,1201,520,520,0.65,0.65,166.53246139534505,166.2804,0.2302037513565246,historical_extension
L50_Ts120_Tr35p0_dT10_F1p2_LP30,0.5,120.0,35.0,10.0,1.2,0.3,S2a,800,1201,527,527,0.65875,0.65875,168.7882421209241,168.51878999999997,0.146852454888402,historical_extension
L50_Ts120_Tr35p0_dT10_F1p2_LP30,0.5,120.0,35.0,10.0,1.2,0.3,S2b,800,1201,580,580,0.725,0.725,185.48978373418555,185.4666,0.1690795679395209,historical_extension
L50_Ts120_Tr35p0_dT10_F1p2_LP40,0.5,120.0,35.0,10.0,1.2,0.4,S1,800,1201,280,280,0.35,0.35,89.60231382397092,89.53559999999999,0.236384641960079,historical_extension
L50_Ts120_Tr35p0_dT10_F1p2_LP40,0.5,120.0,35.0,10.0,1.2,0.4,S2a,800,1201,287,287,0.35875,0.35875,91.79434889106086,91.77399,0.1349857704552749,historical_extension
L50_Ts120_Tr35p0_dT10_F1p2_LP40,0.5,120.0,35.0,10.0,1.2,0.4,S2b,800,1201,314,314,0.3925,0.3925,100.48571962434072,100.40778,0.1456000148427272,historical_extension
L50_Ts120_Tr35p0_dT10_F1p2_LP45,0.5,120.0,35.0,10.0,1.2,0.45,S1,800,1201,159,159,0.19875,0.19875,51.13724003828384,50.84343,0.2395008409727043,historical_extension
L50_Ts120_Tr35p0_dT10_F1p2_LP45,0.5,120.0,35.0,10.0,1.2,0.45,S2a,800,1201,166,166,0.2075,0.2075,53.29317674128019,53.08182,0.1370705474002727,historical_extension
L50_Ts120_Tr35p0_dT10_F1p2_LP45,0.5,120.0,35.0,10.0,1.2,0.45,S2b,800,1201,181,181,0.22625,0.22625,57.9712377407845,57.87837,0.1471247154328044,historical_extension
L50_Ts120_Tr35p0_dT15_F0p8_LP20,0.5,120.0,35.0,15.0,0.8,0.2,S1,800,1201,800,595,1.0,0.74375,127.05313119095229,126.8421,0.2333886269314117,historical_extension
L50_Ts120_Tr35p0_dT15_F0p8_LP20,0.5,120.0,35.0,15.0,0.8,0.2,S2a,800,1201,800,633,1.0,0.79125,135.0127584202889,134.94294,0.1580543198794052,historical_extension
L50_Ts120_Tr35p0_dT15_F0p8_LP20,0.5,120.0,35.0,15.0,0.8,0.2,S2b,800,1201,800,800,1.0,1.0,170.54399999984486,170.54399999999998,0.196807076296207,historical_extension
L50_Ts120_Tr35p0_dT15_F0p8_LP30,0.5,120.0,35.0,15.0,0.8,0.3,S1,800,1201,781,595,0.97625,0.74375,127.05313119095476,126.8421,0.2333886269314117,historical_extension
L50_Ts120_Tr35p0_dT15_F0p8_LP30,0.5,120.0,35.0,15.0,0.8,0.3,S2a,800,1201,791,633,0.98875,0.79125,135.0127584203303,134.94294,0.1580543198794052,historical_extension
L50_Ts120_Tr35p0_dT15_F0p8_LP30,0.5,120.0,35.0,15.0,0.8,0.3,S2b,800,1201,800,800,1.0,1.0,170.54399999984486,170.54399999999998,0.196807076296207,historical_extension
L50_Ts120_Tr35p0_dT15_F0p8_LP40,0.5,120.0,35.0,15.0,0.8,0.4,S1,800,1201,420,420,0.525,0.525,89.60231382397092,89.53559999999999,0.2363932265303617,historical_extension
L50_Ts120_Tr35p0_dT15_F0p8_LP40,0.5,120.0,35.0,15.0,0.8,0.4,S2a,800,1201,430,430,0.5375,0.5375,91.79434889106086,91.6674,0.1443235157527391,historical_extension
L50_Ts120_Tr35p0_dT15_F0p8_LP40,0.5,120.0,35.0,15.0,0.8,0.4,S2b,800,1201,471,471,0.58875,0.58875,100.48571962434072,100.40778,0.1619685380732316,historical_extension
L50_Ts120_Tr35p0_dT15_F0p8_LP45,0.5,120.0,35.0,15.0,0.8,0.45,S1,800,1201,239,239,0.29875,0.29875,51.13724003828384,50.95002,0.2395008409727043,historical_extension
L50_Ts120_Tr35p0_dT15_F0p8_LP45,0.5,120.0,35.0,15.0,0.8,0.45,S2a,800,1201,249,249,0.31125,0.31125,53.29317674128019,53.08182,0.1369787244622286,historical_extension
L50_Ts120_Tr35p0_dT15_F0p8_LP45,0.5,120.0,35.0,15.0,0.8,0.45,S2b,800,1201,271,271,0.33875,0.33875,57.9712377407845,57.77177999999999,0.1466824967995023,historical_extension
L50_Ts120_Tr35p0_dT15_F1p0_LP20,0.5,120.0,35.0,15.0,1.0,0.2,S1,800,1201,800,564,1.0,0.705,150.541374032759,150.2919,0.2314957291840731,historical_extension
L50_Ts120_Tr35p0_dT15_F1p0_LP20,0.5,120.0,35.0,15.0,1.0,0.2,S2a,800,1201,800,606,1.0,0.7575,161.5229133339256,161.48385,0.1574744958218085,historical_extension
L50_Ts120_Tr35p0_dT15_F1p0_LP20,0.5,120.0,35.0,15.0,1.0,0.2,S2b,800,1201,800,800,1.0,1.0,213.1799999998061,213.18,0.1995581626216079,historical_extension
L50_Ts120_Tr35p0_dT15_F1p0_LP30,0.5,120.0,35.0,15.0,1.0,0.3,S1,800,1201,624,564,0.78,0.705,150.54137403279054,150.2919,0.2314957291840731,historical_extension
L50_Ts120_Tr35p0_dT15_F1p0_LP30,0.5,120.0,35.0,15.0,1.0,0.3,S2a,800,1201,633,606,0.79125,0.7575,161.52291333406436,161.48385,0.1574744958218085,historical_extension
L50_Ts120_Tr35p0_dT15_F1p0_LP30,0.5,120.0,35.0,15.0,1.0,0.3,S2b,800,1201,696,696,0.87,0.87,185.48978373418555,185.4666,0.1904035793239387,historical_extension
L50_Ts120_Tr35p0_dT15_F1p0_LP40,0.5,120.0,35.0,15.0,1.0,0.4,S1,800,1201,336,336,0.42,0.42,89.60231382397092,89.53559999999999,0.2363889342452204,historical_extension
L50_Ts120_Tr35p0_dT15_F1p0_LP40,0.5,120.0,35.0,15.0,1.0,0.4,S2a,800,1201,344,344,0.43,0.43,91.79434889106086,91.6674,0.1384920043457141,historical_extension
L50_Ts120_Tr35p0_dT15_F1p0_LP40,0.5,120.0,35.0,15.0,1.0,0.4,S2b,800,1201,377,377,0.47125,0.47125,100.48571962434072,100.461075,0.151924173566635,historical_extension
L50_Ts120_Tr35p0_dT15_F1p0_LP45,0.5,120.0,35.0,15.0,1.0,0.45,S1,800,1201,191,191,0.23875,0.23875,51.13724003828384,50.896725,0.2395008409727043,historical_extension
L50_Ts120_Tr35p0_dT15_F1p0_LP45,0.5,120.0,35.0,15.0,1.0,0.45,S2a,800,1201,199,199,0.24875,0.24875,53.29317674128019,53.028525,0.1369301618496641,historical_extension
L50_Ts120_Tr35p0_dT15_F1p0_LP45,0.5,120.0,35.0,15.0,1.0,0.45,S2b,800,1201,217,217,0.27125,0.27125,57.9712377407845,57.825075000000005,0.1469015527959362,historical_extension
L50_Ts120_Tr35p0_dT15_F1p2_LP20,0.5,120.0,35.0,15.0,1.2,0.2,S1,800,1201,761,535,0.95125,0.66875,171.13222527672588,171.07695,0.2298174456938025,historical_extension
L50_Ts120_Tr35p0_dT15_F1p2_LP20,0.5,120.0,35.0,15.0,1.2,0.2,S2a,800,1201,768,577,0.96,0.72125,184.76107643223224,184.50729,0.1568008063271162,historical_extension
L50_Ts120_Tr35p0_dT15_F1p2_LP20,0.5,120.0,35.0,15.0,1.2,0.2,S2b,800,1201,800,781,1.0,0.97625,249.8030912988397,249.74037,0.200817511438545,historical_extension
L50_Ts120_Tr35p0_dT15_F1p2_LP30,0.5,120.0,35.0,15.0,1.2,0.3,S1,800,1201,520,520,0.65,0.65,166.53246139534505,166.2804,0.2302037513565246,historical_extension
L50_Ts120_Tr35p0_dT15_F1p2_LP30,0.5,120.0,35.0,15.0,1.2,0.3,S2a,800,1201,527,527,0.65875,0.65875,168.7882421209241,168.51878999999997,0.1534079603684851,historical_extension
L50_Ts120_Tr35p0_dT15_F1p2_LP30,0.5,120.0,35.0,15.0,1.2,0.3,S2b,800,1201,580,580,0.725,0.725,185.48978373418555,185.4666,0.1802408422537836,historical_extension
L50_Ts120_Tr35p0_dT15_F1p2_LP40,0.5,120.0,35.0,15.0,1.2,0.4,S1,800,1201,280,280,0.35,0.35,89.60231382397092,89.53559999999999,0.236384641960079,historical_extension
L50_Ts120_Tr35p0_dT15_F1p2_LP40,0.5,120.0,35.0,15.0,1.2,0.4,S2a,800,1201,287,287,0.35875,0.35875,91.79434889106086,91.77399,0.1356400748156215,historical_extension
L50_Ts120_Tr35p0_dT15_F1p2_LP40,0.5,120.0,35.0,15.0,1.2,0.4,S2b,800,1201,314,314,0.3925,0.3925,100.48571962434072,100.40778,0.1467289078608002,historical_extension
L50_Ts120_Tr35p0_dT15_F1p2_LP45,0.5,120.0,35.0,15.0,1.2,0.45,S1,800,1201,159,159,0.19875,0.19875,51.13724003828384,50.84343,0.2395008409727043,historical_extension
L50_Ts120_Tr35p0_dT15_F1p2_LP45,0.5,120.0,35.0,15.0,1.2,0.45,S2a,800,1201,166,166,0.2075,0.2075,53.29317674128019,53.08182,0.1370705474002727,historical_extension
L50_Ts120_Tr35p0_dT15_F1p2_LP45,0.5,120.0,35.0,15.0,1.2,0.45,S2b,800,1201,181,181,0.22625,0.22625,57.9712377407845,57.87837,0.1471247154328044,historical_extension
L50_Ts120_Tr41p44_dT5_F0p8_LP20,0.5,120.0,41.44,5.0,0.8,0.2,S1,800,1201,800,673,1.0,0.84125,132.66698096592555,132.60016704,0.2329261831999279,historical_extension
L50_Ts120_Tr41p44_dT5_F0p8_LP20,0.5,120.0,41.44,5.0,0.8,0.2,S2a,800,1201,800,719,1.0,0.89875,141.8174501013129,141.66347711999998,0.155212750610327,historical_extension
L50_Ts120_Tr41p44_dT5_F0p8_LP20,0.5,120.0,41.44,5.0,0.8,0.2,S2b,800,1201,800,800,1.0,1.0,157.6227839998567,157.622784,0.1829089217501297,historical_extension
L50_Ts120_Tr41p44_dT5_F0p8_LP30,0.5,120.0,41.44,5.0,0.8,0.3,S1,800,1201,800,673,1.0,0.84125,132.66698096592555,132.60016704,0.2329261831999279,historical_extension
L50_Ts120_Tr41p44_dT5_F0p8_LP30,0.5,120.0,41.44,5.0,0.8,0.3,S2a,800,1201,800,719,1.0,0.89875,141.8174501013129,141.66347711999998,0.155212750610327,historical_extension
L50_Ts120_Tr41p44_dT5_F0p8_LP30,0.5,120.0,41.44,5.0,0.8,0.3,S2b,800,1201,800,800,1.0,1.0,157.6227839998567,157.622784,0.1829089217501297,historical_extension
L50_Ts120_Tr41p44_dT5_F0p8_LP40,0.5,120.0,41.44,5.0,0.8,0.4,S1,800,1201,454,454,0.5675,0.5675,89.60231382397092,89.45092992,0.2364013465238997,historical_extension
L50_Ts120_Tr41p44_dT5_F0p8_LP40,0.5,120.0,41.44,5.0,0.8,0.4,S2a,800,1201,465,465,0.58125,0.58125,91.79434889106086,91.6182432,0.1406775585095321,historical_extension
L50_Ts120_Tr41p44_dT5_F0p8_LP40,0.5,120.0,41.44,5.0,0.8,0.4,S2b,800,1201,510,510,0.6375,0.6375,100.48571962434072,100.4845248,0.1558260574061607,historical_extension
L50_Ts120_Tr41p44_dT5_F0p8_LP45,0.5,120.0,41.44,5.0,0.8,0.45,S1,800,1201,259,259,0.32375,0.32375,51.13724003828384,51.03037632,0.2394956700315458,historical_extension
L50_Ts120_Tr41p44_dT5_F0p8_LP45,0.5,120.0,41.44,5.0,0.8,0.45,S2a,800,1201,270,270,0.3375,0.3375,53.29317674128019,53.1976896,0.1371669734122113,historical_extension
L50_Ts120_Tr41p44_dT5_F0p8_LP45,0.5,120.0,41.44,5.0,0.8,0.45,S2b,800,1201,294,294,0.3675,0.3675,57.9712377407845,57.92637312,0.1470790367212314,historical_extension
L50_Ts120_Tr41p44_dT5_F1p0_LP20,0.5,120.0,41.44,5.0,1.0,0.2,S1,800,1201,800,637,1.0,0.79625,157.04099323204875,156.8839272,0.2309664449784188,historical_extension
L50_Ts120_Tr41p44_dT5_F1p0_LP20,0.5,120.0,41.44,5.0,1.0,0.2,S2a,800,1201,800,689,1.0,0.86125,169.74961500664233,169.69077840000003,0.1545830621525121,historical_extension
L50_Ts120_Tr41p44_dT5_F1p0_LP20,0.5,120.0,41.44,5.0,1.0,0.2,S2b,800,1201,800,800,1.0,1.0,197.0284799998208,197.02848000000003,0.1857128875908252,historical_extension
L50_Ts120_Tr41p44_dT5_F1p0_LP30,0.5,120.0,41.44,5.0,1.0,0.3,S1,800,1201,676,637,0.845,0.79625,157.0409932320539,156.8839272,0.2309664449784188,historical_extension
L50_Ts120_Tr41p44_dT5_F1p0_LP30,0.5,120.0,41.44,5.0,1.0,0.3,S2a,800,1201,685,673,0.85625,0.84125,165.9620614605037,165.7502088,0.1536878691956593,historical_extension
L50_Ts120_Tr41p44_dT5_F1p0_LP30,0.5,120.0,41.44,5.0,1.0,0.3,S2b,800,1201,753,753,0.94125,0.94125,185.48978373418555,185.4530568,0.1822504136737124,historical_extension
L50_Ts120_Tr41p44_dT5_F1p0_LP40,0.5,120.0,41.44,5.0,1.0,0.4,S1,800,1201,363,363,0.45375,0.45375,89.60231382397092,89.4016728,0.2364013465238997,historical_extension
L50_Ts120_Tr41p44_dT5_F1p0_LP40,0.5,120.0,41.44,5.0,1.0,0.4,S2a,800,1201,372,372,0.465,0.465,91.79434889106086,91.6182432,0.1360773377480814,historical_extension
L50_Ts120_Tr41p44_dT5_F1p0_LP40,0.5,120.0,41.44,5.0,1.0,0.4,S2b,800,1201,408,408,0.51,0.51,100.48571962434072,100.4845248,0.1478719340327829,historical_extension
L50_Ts120_Tr41p44_dT5_F1p0_LP45,0.5,120.0,41.44,5.0,1.0,0.45,S1,800,1201,207,207,0.25875,0.25875,51.13724003828384,50.9811192,0.2394956700315458,historical_extension
L50_Ts120_Tr41p44_dT5_F1p0_LP45,0.5,120.0,41.44,5.0,1.0,0.45,S2a,800,1201,216,216,0.27,0.27,53.29317674128019,53.1976896,0.1372110766845844,historical_extension
L50_Ts120_Tr41p44_dT5_F1p0_LP45,0.5,120.0,41.44,5.0,1.0,0.45,S2b,800,1201,235,235,0.29375,0.29375,57.9712377407845,57.877116,0.1470144040049689,historical_extension
L50_Ts120_Tr41p44_dT5_F1p2_LP20,0.5,120.0,41.44,5.0,1.2,0.2,S1,800,1201,800,603,1.0,0.75375,178.31638915017328,178.21226015999997,0.2292447316421131,historical_extension
L50_Ts120_Tr41p44_dT5_F1p2_LP20,0.5,120.0,41.44,5.0,1.2,0.2,S2a,800,1201,800,657,1.0,0.82125,194.25804216962763,194.17156704,0.1539031676751878,historical_extension
L50_Ts120_Tr41p44_dT5_F1p2_LP20,0.5,120.0,41.44,5.0,1.2,0.2,S2b,800,1201,800,800,1.0,1.0,236.4341759997849,236.434176,0.1887289966883789,historical_extension
L50_Ts120_Tr41p44_dT5_F1p2_LP30,0.5,120.0,41.44,5.0,1.2,0.3,S1,800,1201,563,563,0.70375,0.70375,166.53246139534505,166.39055136,0.2301968311829273,historical_extension
L50_Ts120_Tr41p44_dT5_F1p2_LP30,0.5,120.0,41.44,5.0,1.2,0.3,S2a,800,1201,571,571,0.71375,0.71375,168.7882421209241,168.75489312,0.1487065031238753,historical_extension
L50_Ts120_Tr41p44_dT5_F1p2_LP30,0.5,120.0,41.44,5.0,1.2,0.3,S2b,800,1201,627,627,0.78375,0.78375,185.48978373418555,185.30528544,0.1719630348738979,historical_extension
L50_Ts120_Tr41p44_dT5_F1p2_LP40,0.5,120.0,41.44,5.0,1.2,0.4,S1,800,1201,303,303,0.37875,0.37875,89.60231382397092,89.54944415999998,0.2363854781982195,historical_extension
L50_Ts120_Tr41p44_dT5_F1p2_LP40,0.5,120.0,41.44,5.0,1.2,0.4,S2a,800,1201,310,310,0.3875,0.3875,91.79434889106086,91.6182432,0.1348149313443753,historical_extension
L50_Ts120_Tr41p44_dT5_F1p2_LP40,0.5,120.0,41.44,5.0,1.2,0.4,S2b,800,1201,340,340,0.425,0.425,100.48571962434072,100.4845248,0.1456996817815771,historical_extension
L50_Ts120_Tr41p44_dT5_F1p2_LP45,0.5,120.0,41.44,5.0,1.2,0.45,S1,800,1201,173,173,0.21625,0.21625,51.13724003828384,51.12889056,0.2394798017058655,historical_extension
L50_Ts120_Tr41p44_dT5_F1p2_LP45,0.5,120.0,41.44,5.0,1.2,0.45,S2a,800,1201,180,180,0.225,0.225,53.29317674128019,53.1976896,0.1372519778514645,historical_extension
L50_Ts120_Tr41p44_dT5_F1p2_LP45,0.5,120.0,41.44,5.0,1.2,0.45,S2b,800,1201,196,196,0.245,0.245,57.9712377407845,57.92637312,0.1472222195309167,historical_extension
L50_Ts120_Tr41p44_dT10_F0p8_LP20,0.5,120.0,41.44,10.0,0.8,0.2,S1,800,1201,800,633,1.0,0.79125,124.77538469414938,124.71902784,0.2335609162271374,historical_extension
L50_Ts120_Tr41p44_dT10_F0p8_LP20,0.5,120.0,41.44,10.0,0.8,0.2,S2a,800,1201,800,671,1.0,0.83875,132.26944393342706,132.20611008,0.159313509429568,historical_extension
L50_Ts120_Tr41p44_dT10_F0p8_LP20,0.5,120.0,41.44,10.0,0.8,0.2,S2b,800,1201,800,800,1.0,1.0,157.6227839998567,157.622784,0.1948595590185559,historical_extension
L50_Ts120_Tr41p44_dT10_F0p8_LP30,0.5,120.0,41.44,10.0,0.8,0.3,S1,800,1201,800,633,1.0,0.79125,124.77538469414938,124.71902784,0.2335609162271374,historical_extension
L50_Ts120_Tr41p44_dT10_F0p8_LP30,0.5,120.0,41.44,10.0,0.8,0.3,S2a,800,1201,800,671,1.0,0.83875,132.26944393342706,132.20611008,0.159313509429568,historical_extension
L50_Ts120_Tr41p44_dT10_F0p8_LP30,0.5,120.0,41.44,10.0,0.8,0.3,S2b,800,1201,800,800,1.0,1.0,157.6227839998567,157.622784,0.1948595590185559,historical_extension
L50_Ts120_Tr41p44_dT10_F0p8_LP40,0.5,120.0,41.44,10.0,0.8,0.4,S1,800,1201,454,454,0.5675,0.5675,89.60231382397092,89.45092992,0.2364013465238997,historical_extension
L50_Ts120_Tr41p44_dT10_F0p8_LP40,0.5,120.0,41.44,10.0,0.8,0.4,S2a,800,1201,465,465,0.58125,0.58125,91.79434889106086,91.6182432,0.1459912313885938,historical_extension
L50_Ts120_Tr41p44_dT10_F0p8_LP40,0.5,120.0,41.44,10.0,0.8,0.4,S2b,800,1201,510,510,0.6375,0.6375,100.48571962434072,100.4845248,0.1650486963498686,historical_extension
L50_Ts120_Tr41p44_dT10_F0p8_LP45,0.5,120.0,41.44,10.0,0.8,0.45,S1,800,1201,259,259,0.32375,0.32375,51.13724003828384,51.03037632,0.2394956700315458,historical_extension
L50_Ts120_Tr41p44_dT10_F0p8_LP45,0.5,120.0,41.44,10.0,0.8,0.45,S2a,800,1201,270,270,0.3375,0.3375,53.29317674128019,53.1976896,0.1371669734122113,historical_extension
L50_Ts120_Tr41p44_dT10_F0p8_LP45,0.5,120.0,41.44,10.0,0.8,0.45,S2b,800,1201,294,294,0.3675,0.3675,57.9712377407845,57.92637312,0.1470790367212314,historical_extension
L50_Ts120_Tr41p44_dT10_F1p0_LP20,0.5,120.0,41.44,10.0,1.0,0.2,S1,800,1201,800,600,1.0,0.75,147.8989933133841,147.77136000000002,0.2317003550411297,historical_extension
L50_Ts120_Tr41p44_dT10_F1p0_LP20,0.5,120.0,41.44,10.0,1.0,0.2,S2a,800,1201,800,642,1.0,0.8025,158.16044732727653,158.11535519999998,0.1587473975069722,historical_extension
L50_Ts120_Tr41p44_dT10_F1p0_LP20,0.5,120.0,41.44,10.0,1.0,0.2,S2b,800,1201,800,800,1.0,1.0,197.0284799998208,197.02848000000003,0.1977075098055613,historical_extension
L50_Ts120_Tr41p44_dT10_F1p0_LP30,0.5,120.0,41.44,10.0,1.0,0.3,S1,800,1201,676,600,0.845,0.75,147.89899331345734,147.77136000000002,0.2317003550411297,historical_extension
L50_Ts120_Tr41p44_dT10_F1p0_LP30,0.5,120.0,41.44,10.0,1.0,0.3,S2a,800,1201,685,642,0.85625,0.8025,158.16044732717071,158.11535519999998,0.1587473975069722,historical_extension
L50_Ts120_Tr41p44_dT10_F1p0_LP30,0.5,120.0,41.44,10.0,1.0,0.3,S2b,800,1201,753,753,0.94125,0.94125,185.48978373418555,185.4530568,0.1939375770753799,historical_extension
L50_Ts120_Tr41p44_dT10_F1p0_LP40,0.5,120.0,41.44,10.0,1.0,0.4,S1,800,1201,363,363,0.45375,0.45375,89.60231382397092,89.4016728,0.2364013465238997,historical_extension
L50_Ts120_Tr41p44_dT10_F1p0_LP40,0.5,120.0,41.44,10.0,1.0,0.4,S2a,800,1201,372,372,0.465,0.465,91.79434889106086,91.6182432,0.1397449214245749,historical_extension
L50_Ts120_Tr41p44_dT10_F1p0_LP40,0.5,120.0,41.44,10.0,1.0,0.4,S2b,800,1201,408,408,0.51,0.51,100.48571962434072,100.4845248,0.1542096777787952,historical_extension
L50_Ts120_Tr41p44_dT10_F1p0_LP45,0.5,120.0,41.44,10.0,1.0,0.45,S1,800,1201,207,207,0.25875,0.25875,51.13724003828384,50.9811192,0.2394956700315458,historical_extension
L50_Ts120_Tr41p44_dT10_F1p0_LP45,0.5,120.0,41.44,10.0,1.0,0.45,S2a,800,1201,216,216,0.27,0.27,53.29317674128019,53.1976896,0.1372110766845844,historical_extension
L50_Ts120_Tr41p44_dT10_F1p0_LP45,0.5,120.0,41.44,10.0,1.0,0.45,S2b,800,1201,235,235,0.29375,0.29375,57.9712377407845,57.877116,0.1470144040049689,historical_extension
L50_Ts120_Tr41p44_dT10_F1p2_LP20,0.5,120.0,41.44,10.0,1.2,0.2,S1,800,1201,800,569,1.0,0.71125,168.2042183715448,168.16380768,0.2300540162518052,historical_extension
L50_Ts120_Tr41p44_dT10_F1p2_LP20,0.5,120.0,41.44,10.0,1.2,0.2,S2a,800,1201,800,612,1.0,0.765,180.89842471689215,180.87214464,0.1581501714435774,historical_extension
L50_Ts120_Tr41p44_dT10_F1p2_LP20,0.5,120.0,41.44,10.0,1.2,0.2,S2b,800,1201,800,800,1.0,1.0,236.4341759997849,236.434176,0.2006658049479013,historical_extension
L50_Ts120_Tr41p44_dT10_F1p2_LP30,0.5,120.0,41.44,10.0,1.2,0.3,S1,800,1201,563,563,0.70375,0.70375,166.53246139534505,166.39055136,0.2301968311829273,historical_extension
L50_Ts120_Tr41p44_dT10_F1p2_LP30,0.5,120.0,41.44,10.0,1.2,0.3,S2a,800,1201,571,571,0.71375,0.71375,168.7882421209241,168.75489312,0.1556007559479086,historical_extension
L50_Ts120_Tr41p44_dT10_F1p2_LP30,0.5,120.0,41.44,10.0,1.2,0.3,S2b,800,1201,627,627,0.78375,0.78375,185.48978373418555,185.30528544,0.1837593311543803,historical_extension
L50_Ts120_Tr41p44_dT10_F1p2_LP40,0.5,120.0,41.44,10.0,1.2,0.4,S1,800,1201,303,303,0.37875,0.37875,89.60231382397092,89.54944415999998,0.2363854781982195,historical_extension
L50_Ts120_Tr41p44_dT10_F1p2_LP40,0.5,120.0,41.44,10.0,1.2,0.4,S2a,800,1201,310,310,0.3875,0.3875,91.79434889106086,91.6182432,0.1361961557034289,historical_extension
L50_Ts120_Tr41p44_dT10_F1p2_LP40,0.5,120.0,41.44,10.0,1.2,0.4,S2b,800,1201,340,340,0.425,0.425,100.48571962434072,100.4845248,0.1480779338485722,historical_extension
L50_Ts120_Tr41p44_dT10_F1p2_LP45,0.5,120.0,41.44,10.0,1.2,0.45,S1,800,1201,173,173,0.21625,0.21625,51.13724003828384,51.12889056,0.2394798017058655,historical_extension
L50_Ts120_Tr41p44_dT10_F1p2_LP45,0.5,120.0,41.44,10.0,1.2,0.45,S2a,800,1201,180,180,0.225,0.225,53.29317674128019,53.1976896,0.1372519778514645,historical_extension
L50_Ts120_Tr41p44_dT10_F1p2_LP45,0.5,120.0,41.44,10.0,1.2,0.45,S2b,800,1201,196,196,0.245,0.245,57.9712377407845,57.92637312,0.1472222195309167,historical_extension
L50_Ts120_Tr41p44_dT15_F0p8_LP20,0.5,120.0,41.44,15.0,0.8,0.2,S1,800,1201,800,592,1.0,0.74,116.83628442001404,116.64086016,0.2342115175800271,historical_extension
L50_Ts120_Tr41p44_dT15_F0p8_LP20,0.5,120.0,41.44,15.0,0.8,0.2,S2a,800,1201,800,622,1.0,0.7775,122.71585998026512,122.55171456,0.1643247652539671,historical_extension
L50_Ts120_Tr41p44_dT15_F0p8_LP20,0.5,120.0,41.44,15.0,0.8,0.2,S2b,800,1201,800,800,1.0,1.0,157.6227839998567,157.622784,0.2085563682110295,historical_extension
L50_Ts120_Tr41p44_dT15_F0p8_LP30,0.5,120.0,41.44,15.0,0.8,0.3,S1,800,1201,800,592,1.0,0.74,116.83628442001404,116.64086016,0.2342115175800271,historical_extension
L50_Ts120_Tr41p44_dT15_F0p8_LP30,0.5,120.0,41.44,15.0,0.8,0.3,S2a,800,1201,800,622,1.0,0.7775,122.71585998026512,122.55171456,0.1643247652539671,historical_extension
L50_Ts120_Tr41p44_dT15_F0p8_LP30,0.5,120.0,41.44,15.0,0.8,0.3,S2b,800,1201,800,800,1.0,1.0,157.6227839998567,157.622784,0.2085563682110295,historical_extension
L50_Ts120_Tr41p44_dT15_F0p8_LP40,0.5,120.0,41.44,15.0,0.8,0.4,S1,800,1201,454,454,0.5675,0.5675,89.60231382397092,89.45092992,0.2364013465238997,historical_extension
L50_Ts120_Tr41p44_dT15_F0p8_LP40,0.5,120.0,41.44,15.0,0.8,0.4,S2a,800,1201,465,465,0.58125,0.58125,91.79434889106086,91.6182432,0.153248715988591,historical_extension
L50_Ts120_Tr41p44_dT15_F0p8_LP40,0.5,120.0,41.44,15.0,0.8,0.4,S2b,800,1201,510,510,0.6375,0.6375,100.48571962434072,100.4845248,0.1776887283377222,historical_extension
L50_Ts120_Tr41p44_dT15_F0p8_LP45,0.5,120.0,41.44,15.0,0.8,0.45,S1,800,1201,259,259,0.32375,0.32375,51.13724003828384,51.03037632,0.2394956700315458,historical_extension
L50_Ts120_Tr41p44_dT15_F0p8_LP45,0.5,120.0,41.44,15.0,0.8,0.45,S2a,800,1201,270,270,0.3375,0.3375,53.29317674128019,53.1976896,0.1379601072801064,historical_extension
L50_Ts120_Tr41p44_dT15_F0p8_LP45,0.5,120.0,41.44,15.0,0.8,0.45,S2b,800,1201,294,294,0.3675,0.3675,57.9712377407845,57.92637312,0.1484928531739638,historical_extension
L50_Ts120_Tr41p44_dT15_F1p0_LP20,0.5,120.0,41.44,15.0,1.0,0.2,S1,800,1201,800,563,1.0,0.70375,138.66655258716233,138.6587928,0.2324342651038407,historical_extension
L50_Ts120_Tr41p44_dT15_F1p0_LP20,0.5,120.0,41.44,15.0,1.0,0.2,S2a,800,1201,800,595,1.0,0.74375,146.55839854272244,146.53993200000002,0.1638961468409362,historical_extension
L50_Ts120_Tr41p44_dT15_F1p0_LP20,0.5,120.0,41.44,15.0,1.0,0.2,S2b,800,1201,800,800,1.0,1.0,197.0284799998208,197.02848000000003,0.2113504399460486,historical_extension
L50_Ts120_Tr41p44_dT15_F1p0_LP30,0.5,120.0,41.44,15.0,1.0,0.3,S1,800,1201,676,563,0.845,0.70375,138.666552587191,138.6587928,0.2324342651038407,historical_extension
L50_Ts120_Tr41p44_dT15_F1p0_LP30,0.5,120.0,41.44,15.0,1.0,0.3,S2a,800,1201,685,595,0.85625,0.74375,146.5583985426726,146.53993200000002,0.1638961468409362,historical_extension
L50_Ts120_Tr41p44_dT15_F1p0_LP30,0.5,120.0,41.44,15.0,1.0,0.3,S2b,800,1201,753,753,0.94125,0.94125,185.48978373418555,185.4530568,0.2075578160980235,historical_extension
L50_Ts120_Tr41p44_dT15_F1p0_LP40,0.5,120.0,41.44,15.0,1.0,0.4,S1,800,1201,363,363,0.45375,0.45375,89.60231382397092,89.4016728,0.2364013465238997,historical_extension
L50_Ts120_Tr41p44_dT15_F1p0_LP40,0.5,120.0,41.44,15.0,1.0,0.4,S2a,800,1201,372,372,0.465,0.465,91.79434889106086,91.6182432,0.1459986686303734,historical_extension
L50_Ts120_Tr41p44_dT15_F1p0_LP40,0.5,120.0,41.44,15.0,1.0,0.4,S2b,800,1201,408,408,0.51,0.51,100.48571962434072,100.4845248,0.1650594604001926,historical_extension
L50_Ts120_Tr41p44_dT15_F1p0_LP45,0.5,120.0,41.44,15.0,1.0,0.45,S1,800,1201,207,207,0.25875,0.25875,51.13724003828384,50.9811192,0.2394956700315458,historical_extension
L50_Ts120_Tr41p44_dT15_F1p0_LP45,0.5,120.0,41.44,15.0,1.0,0.45,S2a,800,1201,216,216,0.27,0.27,53.29317674128019,53.1976896,0.1372110766845844,historical_extension
L50_Ts120_Tr41p44_dT15_F1p0_LP45,0.5,120.0,41.44,15.0,1.0,0.45,S2b,800,1201,235,235,0.29375,0.29375,57.9712377407845,57.877116,0.1470144040049689,historical_extension
L50_Ts120_Tr41p44_dT15_F1p2_LP20,0.5,120.0,41.44,15.0,1.2,0.2,S1,800,1201,800,534,1.0,0.6675,157.9426186093334,157.81981248,0.2308871033500176,historical_extension
L50_Ts120_Tr41p44_dT15_F1p2_LP20,0.5,120.0,41.44,15.0,1.2,0.2,S2a,800,1201,800,566,1.0,0.7075,167.4664862147299,167.27717952,0.1633281131370604,historical_extension
L50_Ts120_Tr41p44_dT15_F1p2_LP20,0.5,120.0,41.44,15.0,1.2,0.2,S2b,800,1201,800,789,1.0,0.98625,233.3789718624149,233.18320608,0.2132763341908229,historical_extension
L50_Ts120_Tr41p44_dT15_F1p2_LP30,0.5,120.0,41.44,15.0,1.2,0.3,S1,800,1201,563,534,0.70375,0.6675,157.94261860937667,157.81981248,0.2308871033500176,historical_extension
L50_Ts120_Tr41p44_dT15_F1p2_LP30,0.5,120.0,41.44,15.0,1.2,0.3,S2a,800,1201,571,563,0.71375,0.70375,166.47826563576922,166.39055136,0.1631199079203264,historical_extension
L50_Ts120_Tr41p44_dT15_F1p2_LP30,0.5,120.0,41.44,15.0,1.2,0.3,S2b,800,1201,627,627,0.78375,0.78375,185.48978373418555,185.30528544,0.1979014672770216,historical_extension
L50_Ts120_Tr41p44_dT15_F1p2_LP40,0.5,120.0,41.44,15.0,1.2,0.4,S1,800,1201,303,303,0.37875,0.37875,89.60231382397092,89.54944415999998,0.2363854781982195,historical_extension
L50_Ts120_Tr41p44_dT15_F1p2_LP40,0.5,120.0,41.44,15.0,1.2,0.4,S2a,800,1201,310,310,0.3875,0.3875,91.79434889106086,91.6182432,0.1408875136852574,historical_extension
L50_Ts120_Tr41p44_dT15_F1p2_LP40,0.5,120.0,41.44,15.0,1.2,0.4,S2b,800,1201,340,340,0.425,0.425,100.48571962434072,100.4845248,0.1561847842061635,historical_extension
L50_Ts120_Tr41p44_dT15_F1p2_LP45,0.5,120.0,41.44,15.0,1.2,0.45,S1,800,1201,173,173,0.21625,0.21625,51.13724003828384,51.12889056,0.2394798017058655,historical_extension
L50_Ts120_Tr41p44_dT15_F1p2_LP45,0.5,120.0,41.44,15.0,1.2,0.45,S2a,800,1201,180,180,0.225,0.225,53.29317674128019,53.1976896,0.1372519778514645,historical_extension
L50_Ts120_Tr41p44_dT15_F1p2_LP45,0.5,120.0,41.44,15.0,1.2,0.45,S2b,800,1201,196,196,0.245,0.245,57.9712377407845,57.92637312,0.1472222195309167,historical_extension
L50_Ts120_Tr50p0_dT5_F0p8_LP20,0.5,120.0,50.0,5.0,0.8,0.2,S1,800,1201,800,678,1.0,0.8475,119.1274898945974,119.02967999999998,0.2340208552839975,narrow_sensitivity
L50_Ts120_Tr50p0_dT5_F0p8_LP20,0.5,120.0,50.0,5.0,0.8,0.2,S2a,800,1201,800,714,1.0,0.8925,125.45783992231269,125.34984,0.1627617780663926,narrow_sensitivity
L50_Ts120_Tr50p0_dT5_F0p8_LP20,0.5,120.0,50.0,5.0,0.8,0.2,S2b,800,1201,800,800,1.0,1.0,140.44799999987225,140.44799999999998,0.1963406228123534,narrow_sensitivity
L50_Ts120_Tr50p0_dT5_F0p8_LP30,0.5,120.0,50.0,5.0,0.8,0.3,S1,800,1201,800,678,1.0,0.8475,119.1274898945974,119.02967999999998,0.2340208552839975,narrow_sensitivity
L50_Ts120_Tr50p0_dT5_F0p8_LP30,0.5,120.0,50.0,5.0,0.8,0.3,S2a,800,1201,800,714,1.0,0.8925,125.45783992231269,125.34984,0.1627617780663926,narrow_sensitivity
L50_Ts120_Tr50p0_dT5_F0p8_LP30,0.5,120.0,50.0,5.0,0.8,0.3,S2b,800,1201,800,800,1.0,1.0,140.44799999987225,140.44799999999998,0.1963406228123534,narrow_sensitivity
L50_Ts120_Tr50p0_dT5_F0p8_LP40,0.5,120.0,50.0,5.0,0.8,0.4,S1,800,1201,510,510,0.6375,0.6375,89.60231382397092,89.53559999999999,0.2363962563786968,narrow_sensitivity
L50_Ts120_Tr50p0_dT5_F0p8_LP40,0.5,120.0,50.0,5.0,0.8,0.4,S2a,800,1201,522,522,0.6525,0.6525,91.79434889106086,91.64231999999998,0.1509543743321871,narrow_sensitivity
L50_Ts120_Tr50p0_dT5_F0p8_LP40,0.5,120.0,50.0,5.0,0.8,0.4,S2b,800,1201,572,572,0.715,0.715,100.48571962434072,100.42032,0.1735700852721129,narrow_sensitivity
L50_Ts120_Tr50p0_dT5_F0p8_LP45,0.5,120.0,50.0,5.0,0.8,0.45,S1,800,1201,291,291,0.36375,0.36375,51.13724003828384,51.08796,0.2394927613771441,narrow_sensitivity
L50_Ts120_Tr50p0_dT5_F0p8_LP45,0.5,120.0,50.0,5.0,0.8,0.45,S2a,800,1201,303,303,0.37875,0.37875,53.29317674128019,53.19467999999999,0.1373602401313088,narrow_sensitivity
L50_Ts120_Tr50p0_dT5_F0p8_LP45,0.5,120.0,50.0,5.0,0.8,0.45,S2b,800,1201,330,330,0.4125,0.4125,57.9712377407845,57.9348,0.1474563633364637,narrow_sensitivity
L50_Ts120_Tr50p0_dT5_F1p0_LP20,0.5,120.0,50.0,5.0,1.0,0.2,S1,800,1201,800,644,1.0,0.805,141.33449147976262,141.3258,0.232221630347685,narrow_sensitivity
L50_Ts120_Tr50p0_dT5_F1p0_LP20,0.5,120.0,50.0,5.0,1.0,0.2,S2a,800,1201,800,683,1.0,0.85375,149.89721778667703,149.88434999999998,0.1622868494898879,narrow_sensitivity
L50_Ts120_Tr50p0_dT5_F1p0_LP20,0.5,120.0,50.0,5.0,1.0,0.2,S2b,800,1201,800,800,1.0,1.0,175.55999999984033,175.56,0.1993117616165577,narrow_sensitivity
L50_Ts120_Tr50p0_dT5_F1p0_LP30,0.5,120.0,50.0,5.0,1.0,0.3,S1,800,1201,758,644,0.9475,0.805,141.33449147980542,141.3258,0.232221630347685,main_reference
L50_Ts120_Tr50p0_dT5_F1p0_LP30,0.5,120.0,50.0,5.0,1.0,0.3,S2a,800,1201,769,683,0.96125,0.85375,149.89721778660652,149.88434999999998,0.1622868494898879,main_reference
L50_Ts120_Tr50p0_dT5_F1p0_LP30,0.5,120.0,50.0,5.0,1.0,0.3,S2b,800,1201,800,800,1.0,1.0,175.55999999984033,175.56,0.1993117616165577,main_reference
L50_Ts120_Tr50p0_dT5_F1p0_LP40,0.5,120.0,50.0,5.0,1.0,0.4,S1,800,1201,408,408,0.51,0.51,89.60231382397092,89.53559999999999,0.2363927215556392,narrow_sensitivity
L50_Ts120_Tr50p0_dT5_F1p0_LP40,0.5,120.0,50.0,5.0,1.0,0.4,S2a,800,1201,418,418,0.5225,0.5225,91.79434889106086,91.7301,0.1440023089334466,narrow_sensitivity
L50_Ts120_Tr50p0_dT5_F1p0_LP40,0.5,120.0,50.0,5.0,1.0,0.4,S2b,800,1201,457,457,0.57125,0.57125,100.48571962434072,100.28865,0.1611417515224238,narrow_sensitivity
L50_Ts120_Tr50p0_dT5_F1p0_LP45,0.5,120.0,50.0,5.0,1.0,0.45,S1,800,1201,233,233,0.29125,0.29125,51.13724003828384,51.13185000000001,0.239485691731029,narrow_sensitivity
L50_Ts120_Tr50p0_dT5_F1p0_LP45,0.5,120.0,50.0,5.0,1.0,0.45,S2a,800,1201,242,242,0.3025,0.3025,53.29317674128019,53.1069,0.1370277801099998,narrow_sensitivity
L50_Ts120_Tr50p0_dT5_F1p0_LP45,0.5,120.0,50.0,5.0,1.0,0.45,S2b,800,1201,264,264,0.33,0.33,57.9712377407845,57.9348,0.1471341572211496,narrow_sensitivity
L50_Ts120_Tr50p0_dT5_F1p2_LP20,0.5,120.0,50.0,5.0,1.2,0.2,S1,800,1201,800,611,1.0,0.76375,160.9127828082975,160.90074,0.2306415644409431,narrow_sensitivity
L50_Ts120_Tr50p0_dT5_F1p2_LP20,0.5,120.0,50.0,5.0,1.2,0.2,S2a,800,1201,800,650,1.0,0.8125,171.35684407727996,171.171,0.1617032587399301,narrow_sensitivity
L50_Ts120_Tr50p0_dT5_F1p2_LP20,0.5,120.0,50.0,5.0,1.2,0.2,S2b,800,1201,800,800,1.0,1.0,210.6719999998084,210.672,0.2023722413485437,narrow_sensitivity
L50_Ts120_Tr50p0_dT5_F1p2_LP30,0.5,120.0,50.0,5.0,1.2,0.3,S1,800,1201,632,611,0.79,0.76375,160.91278280833674,160.90074,0.2306415644409431,narrow_sensitivity
L50_Ts120_Tr50p0_dT5_F1p2_LP30,0.5,120.0,50.0,5.0,1.2,0.3,S2a,800,1201,640,634,0.8,0.7925,167.17155383522032,166.95756,0.1607339583112022,narrow_sensitivity
L50_Ts120_Tr50p0_dT5_F1p2_LP30,0.5,120.0,50.0,5.0,1.2,0.3,S2b,800,1201,704,704,0.88,0.88,185.48978373418555,185.39136,0.1936027029751673,narrow_sensitivity
L50_Ts120_Tr50p0_dT5_F1p2_LP40,0.5,120.0,50.0,5.0,1.2,0.4,S1,800,1201,340,340,0.425,0.425,89.60231382397092,89.53559999999999,0.2363891867325816,narrow_sensitivity
L50_Ts120_Tr50p0_dT5_F1p2_LP40,0.5,120.0,50.0,5.0,1.2,0.4,S2a,800,1201,348,348,0.435,0.435,91.79434889106086,91.64232,0.1391867771964168,narrow_sensitivity
L50_Ts120_Tr50p0_dT5_F1p2_LP40,0.5,120.0,50.0,5.0,1.2,0.4,S2b,800,1201,381,381,0.47625,0.47625,100.48571962434072,100.33254,0.1529761779534287,narrow_sensitivity
L50_Ts120_Tr50p0_dT5_F1p2_LP45,0.5,120.0,50.0,5.0,1.2,0.45,S1,800,1201,194,194,0.2425,0.2425,51.13724003828384,51.08796,0.239485691731029,narrow_sensitivity
L50_Ts120_Tr50p0_dT5_F1p2_LP45,0.5,120.0,50.0,5.0,1.2,0.45,S2a,800,1201,202,202,0.2525,0.2525,53.29317674128019,53.19468,0.1372216940997407,narrow_sensitivity
L50_Ts120_Tr50p0_dT5_F1p2_LP45,0.5,120.0,50.0,5.0,1.2,0.45,S2b,800,1201,220,220,0.275,0.275,57.9712377407845,57.9348,0.1471997113650656,narrow_sensitivity
L50_Ts120_Tr50p0_dT10_F0p8_LP20,0.5,120.0,50.0,10.0,0.8,0.2,S1,800,1201,800,633,1.0,0.79125,111.15585921560664,111.12948,0.2346571234343634,narrow_sensitivity
L50_Ts120_Tr50p0_dT10_F0p8_LP20,0.5,120.0,50.0,10.0,0.8,0.2,S2a,800,1201,800,660,1.0,0.825,115.88361203132096,115.8696,0.1687597384036373,narrow_sensitivity
L50_Ts120_Tr50p0_dT10_F0p8_LP20,0.5,120.0,50.0,10.0,0.8,0.2,S2b,800,1201,800,800,1.0,1.0,140.44799999987225,140.44799999999998,0.2120714808824365,narrow_sensitivity
L50_Ts120_Tr50p0_dT10_F0p8_LP30,0.5,120.0,50.0,10.0,0.8,0.3,S1,800,1201,800,633,1.0,0.79125,111.15585921560664,111.12948,0.2346571234343634,narrow_sensitivity
L50_Ts120_Tr50p0_dT10_F0p8_LP30,0.5,120.0,50.0,10.0,0.8,0.3,S2a,800,1201,800,660,1.0,0.825,115.88361203132096,115.8696,0.1687597384036373,narrow_sensitivity
L50_Ts120_Tr50p0_dT10_F0p8_LP30,0.5,120.0,50.0,10.0,0.8,0.3,S2b,800,1201,800,800,1.0,1.0,140.44799999987225,140.44799999999998,0.2120714808824365,narrow_sensitivity
L50_Ts120_Tr50p0_dT10_F0p8_LP40,0.5,120.0,50.0,10.0,0.8,0.4,S1,800,1201,510,510,0.6375,0.6375,89.60231382397092,89.53559999999999,0.2363962563786968,narrow_sensitivity
L50_Ts120_Tr50p0_dT10_F0p8_LP40,0.5,120.0,50.0,10.0,0.8,0.4,S2a,800,1201,522,522,0.6525,0.6525,91.79434889106086,91.64231999999998,0.1597523396518692,narrow_sensitivity
L50_Ts120_Tr50p0_dT10_F0p8_LP40,0.5,120.0,50.0,10.0,0.8,0.4,S2b,800,1201,572,572,0.715,0.715,100.48571962434072,100.42032,0.1889488164628188,narrow_sensitivity
L50_Ts120_Tr50p0_dT10_F0p8_LP45,0.5,120.0,50.0,10.0,0.8,0.45,S1,800,1201,291,291,0.36375,0.36375,51.13724003828384,51.08796,0.2394927613771441,narrow_sensitivity
L50_Ts120_Tr50p0_dT10_F0p8_LP45,0.5,120.0,50.0,10.0,0.8,0.45,S2a,800,1201,303,303,0.37875,0.37875,53.29317674128019,53.19467999999999,0.1409995901173912,narrow_sensitivity
L50_Ts120_Tr50p0_dT10_F0p8_LP45,0.5,120.0,50.0,10.0,0.8,0.45,S2b,800,1201,330,330,0.4125,0.4125,57.9712377407845,57.9348,0.1539357778999296,narrow_sensitivity
L50_Ts120_Tr50p0_dT10_F1p0_LP20,0.5,120.0,50.0,10.0,1.0,0.2,S1,800,1201,800,601,1.0,0.75125,132.04049355252772,131.88945,0.2329816173050666,narrow_sensitivity
L50_Ts120_Tr50p0_dT10_F1p0_LP20,0.5,120.0,50.0,10.0,1.0,0.2,S2a,800,1201,800,629,1.0,0.78625,138.24360985293953,138.03405,0.1683049040959698,narrow_sensitivity
L50_Ts120_Tr50p0_dT10_F1p0_LP20,0.5,120.0,50.0,10.0,1.0,0.2,S2b,800,1201,800,800,1.0,1.0,175.55999999984033,175.56,0.2150197136259486,narrow_sensitivity
L50_Ts120_Tr50p0_dT10_F1p0_LP30,0.5,120.0,50.0,10.0,1.0,0.3,S1,800,1201,758,601,0.9475,0.75125,132.0404935526044,131.88945,0.2329816173050666,narrow_sensitivity
L50_Ts120_Tr50p0_dT10_F1p0_LP30,0.5,120.0,50.0,10.0,1.0,0.3,S2a,800,1201,769,629,0.96125,0.78625,138.2436098530295,138.03405,0.1683049040959698,narrow_sensitivity
L50_Ts120_Tr50p0_dT10_F1p0_LP30,0.5,120.0,50.0,10.0,1.0,0.3,S2b,800,1201,800,800,1.0,1.0,175.55999999984033,175.56,0.2150197136259486,narrow_sensitivity
L50_Ts120_Tr50p0_dT10_F1p0_LP40,0.5,120.0,50.0,10.0,1.0,0.4,S1,800,1201,408,408,0.51,0.51,89.60231382397092,89.53559999999999,0.2363927215556392,narrow_sensitivity
L50_Ts120_Tr50p0_dT10_F1p0_LP40,0.5,120.0,50.0,10.0,1.0,0.4,S2a,800,1201,418,418,0.5225,0.5225,91.79434889106086,91.7301,0.1522670138185495,narrow_sensitivity
L50_Ts120_Tr50p0_dT10_F1p0_LP40,0.5,120.0,50.0,10.0,1.0,0.4,S2b,800,1201,457,457,0.57125,0.57125,100.48571962434072,100.28865,0.1755674604747836,narrow_sensitivity
L50_Ts120_Tr50p0_dT10_F1p0_LP45,0.5,120.0,50.0,10.0,1.0,0.45,S1,800,1201,233,233,0.29125,0.29125,51.13724003828384,51.13185000000001,0.239485691731029,narrow_sensitivity
L50_Ts120_Tr50p0_dT10_F1p0_LP45,0.5,120.0,50.0,10.0,1.0,0.45,S2a,800,1201,242,242,0.3025,0.3025,53.29317674128019,53.1069,0.1373911356605281,narrow_sensitivity
L50_Ts120_Tr50p0_dT10_F1p0_LP45,0.5,120.0,50.0,10.0,1.0,0.45,S2b,800,1201,264,264,0.33,0.33,57.9712377407845,57.9348,0.1477801876207078,narrow_sensitivity
L50_Ts120_Tr50p0_dT10_F1p2_LP20,0.5,120.0,50.0,10.0,1.2,0.2,S1,800,1201,800,571,1.0,0.71375,150.54988352998947,150.36714,0.2314899219747643,narrow_sensitivity
L50_Ts120_Tr50p0_dT10_F1p2_LP20,0.5,120.0,50.0,10.0,1.2,0.2,S2a,800,1201,800,599,1.0,0.74875,157.846315357523,157.74066,0.1678816169007916,narrow_sensitivity
L50_Ts120_Tr50p0_dT10_F1p2_LP20,0.5,120.0,50.0,10.0,1.2,0.2,S2b,800,1201,800,800,1.0,1.0,210.6719999998084,210.672,0.2179508942980576,narrow_sensitivity
L50_Ts120_Tr50p0_dT10_F1p2_LP30,0.5,120.0,50.0,10.0,1.2,0.3,S1,800,1201,632,571,0.79,0.71375,150.5498835299866,150.36714,0.2314899219747643,narrow_sensitivity
L50_Ts120_Tr50p0_dT10_F1p2_LP30,0.5,120.0,50.0,10.0,1.2,0.3,S2a,800,1201,640,599,0.8,0.74875,157.84631535768352,157.74066,0.1678816169007916,narrow_sensitivity
L50_Ts120_Tr50p0_dT10_F1p2_LP30,0.5,120.0,50.0,10.0,1.2,0.3,S2b,800,1201,704,704,0.88,0.88,185.48978373418555,185.39136,0.2096272523574719,narrow_sensitivity
L50_Ts120_Tr50p0_dT10_F1p2_LP40,0.5,120.0,50.0,10.0,1.2,0.4,S1,800,1201,340,340,0.425,0.425,89.60231382397092,89.53559999999999,0.2363891867325816,narrow_sensitivity
L50_Ts120_Tr50p0_dT10_F1p2_LP40,0.5,120.0,50.0,10.0,1.2,0.4,S2a,800,1201,348,348,0.435,0.435,91.79434889106086,91.64232,0.1464248817951556,narrow_sensitivity
L50_Ts120_Tr50p0_dT10_F1p2_LP40,0.5,120.0,50.0,10.0,1.2,0.4,S2b,800,1201,381,381,0.47625,0.47625,100.48571962434072,100.33254,0.1655575561718077,narrow_sensitivity
L50_Ts120_Tr50p0_dT10_F1p2_LP45,0.5,120.0,50.0,10.0,1.2,0.45,S1,800,1201,194,194,0.2425,0.2425,51.13724003828384,51.08796,0.239485691731029,narrow_sensitivity
L50_Ts120_Tr50p0_dT10_F1p2_LP45,0.5,120.0,50.0,10.0,1.2,0.45,S2a,800,1201,202,202,0.2525,0.2525,53.29317674128019,53.19468,0.1372216940997407,narrow_sensitivity
L50_Ts120_Tr50p0_dT10_F1p2_LP45,0.5,120.0,50.0,10.0,1.2,0.45,S2b,800,1201,220,220,0.275,0.275,57.9712377407845,57.9348,0.1471997113650656,narrow_sensitivity
L50_Ts120_Tr50p0_dT15_F0p8_LP20,0.5,120.0,50.0,15.0,0.8,0.2,S1,800,1201,800,587,1.0,0.73375,103.14025162451632,103.05371999999996,0.2353075308769596,narrow_sensitivity
L50_Ts120_Tr50p0_dT15_F0p8_LP20,0.5,120.0,50.0,15.0,0.8,0.2,S2a,800,1201,800,605,1.0,0.75625,106.31448835473776,106.2138,0.1765599126231477,narrow_sensitivity
L50_Ts120_Tr50p0_dT15_F0p8_LP20,0.5,120.0,50.0,15.0,0.8,0.2,S2b,800,1201,800,800,1.0,1.0,140.44799999987225,140.44799999999998,0.2305859934508165,narrow_sensitivity
L50_Ts120_Tr50p0_dT15_F0p8_LP30,0.5,120.0,50.0,15.0,0.8,0.3,S1,800,1201,800,587,1.0,0.73375,103.14025162451632,103.05371999999996,0.2353075308769596,narrow_sensitivity
L50_Ts120_Tr50p0_dT15_F0p8_LP30,0.5,120.0,50.0,15.0,0.8,0.3,S2a,800,1201,800,605,1.0,0.75625,106.31448835473776,106.2138,0.1765599126231477,narrow_sensitivity
L50_Ts120_Tr50p0_dT15_F0p8_LP30,0.5,120.0,50.0,15.0,0.8,0.3,S2b,800,1201,800,800,1.0,1.0,140.44799999987225,140.44799999999998,0.2305859934508165,narrow_sensitivity
L50_Ts120_Tr50p0_dT15_F0p8_LP40,0.5,120.0,50.0,15.0,0.8,0.4,S1,800,1201,510,510,0.6375,0.6375,89.60231382397092,89.53559999999999,0.2363962563786968,narrow_sensitivity
L50_Ts120_Tr50p0_dT15_F0p8_LP40,0.5,120.0,50.0,15.0,0.8,0.4,S2a,800,1201,522,522,0.6525,0.6525,91.79434889106086,91.64231999999998,0.1710689716005706,narrow_sensitivity
L50_Ts120_Tr50p0_dT15_F0p8_LP40,0.5,120.0,50.0,15.0,0.8,0.4,S2b,800,1201,572,572,0.715,0.715,100.48571962434072,100.42032,0.2087821281331199,narrow_sensitivity
L50_Ts120_Tr50p0_dT15_F0p8_LP45,0.5,120.0,50.0,15.0,0.8,0.45,S1,800,1201,291,291,0.36375,0.36375,51.13724003828384,51.08796,0.2394927613771441,narrow_sensitivity
L50_Ts120_Tr50p0_dT15_F0p8_LP45,0.5,120.0,50.0,15.0,0.8,0.45,S2a,800,1201,303,303,0.37875,0.37875,53.29317674128019,53.19467999999999,0.149674421296409,narrow_sensitivity
L50_Ts120_Tr50p0_dT15_F0p8_LP45,0.5,120.0,50.0,15.0,0.8,0.45,S2b,800,1201,330,330,0.4125,0.4125,57.9712377407845,57.9348,0.1693627204809333,narrow_sensitivity
L50_Ts120_Tr50p0_dT15_F1p0_LP20,0.5,120.0,50.0,15.0,1.0,0.2,S1,800,1201,800,558,1.0,0.6975,122.66377154013333,122.4531,0.233741604262448,narrow_sensitivity
L50_Ts120_Tr50p0_dT15_F1p0_LP20,0.5,120.0,50.0,15.0,1.0,0.2,S2a,800,1201,800,576,1.0,0.72,126.57559149158116,126.4032,0.1762699988626724,narrow_sensitivity
L50_Ts120_Tr50p0_dT15_F1p0_LP20,0.5,120.0,50.0,15.0,1.0,0.2,S2b,800,1201,800,800,1.0,1.0,175.55999999984033,175.56,0.2333771478089122,narrow_sensitivity
L50_Ts120_Tr50p0_dT15_F1p0_LP30,0.5,120.0,50.0,15.0,1.0,0.3,S1,800,1201,758,558,0.9475,0.6975,122.66377154019212,122.4531,0.233741604262448,narrow_sensitivity
L50_Ts120_Tr50p0_dT15_F1p0_LP30,0.5,120.0,50.0,15.0,1.0,0.3,S2a,800,1201,769,576,0.96125,0.72,126.57559149168034,126.4032,0.1762699988626724,narrow_sensitivity
L50_Ts120_Tr50p0_dT15_F1p0_LP30,0.5,120.0,50.0,15.0,1.0,0.3,S2b,800,1201,800,800,1.0,1.0,175.55999999984033,175.56,0.2333771478089122,narrow_sensitivity
L50_Ts120_Tr50p0_dT15_F1p0_LP40,0.5,120.0,50.0,15.0,1.0,0.4,S1,800,1201,408,408,0.51,0.51,89.60231382397092,89.53559999999999,0.2363927215556392,narrow_sensitivity
L50_Ts120_Tr50p0_dT15_F1p0_LP40,0.5,120.0,50.0,15.0,1.0,0.4,S2a,800,1201,418,418,0.5225,0.5225,91.79434889106086,91.7301,0.1637646082627225,narrow_sensitivity
L50_Ts120_Tr50p0_dT15_F1p0_LP40,0.5,120.0,50.0,15.0,1.0,0.4,S2b,800,1201,457,457,0.57125,0.57125,100.48571962434072,100.28865,0.1957214044708637,narrow_sensitivity
L50_Ts120_Tr50p0_dT15_F1p0_LP45,0.5,120.0,50.0,15.0,1.0,0.45,S1,800,1201,233,233,0.29125,0.29125,51.13724003828384,51.13185000000001,0.239485691731029,narrow_sensitivity
L50_Ts120_Tr50p0_dT15_F1p0_LP45,0.5,120.0,50.0,15.0,1.0,0.45,S2a,800,1201,242,242,0.3025,0.3025,53.29317674128019,53.1069,0.1430831509661297,narrow_sensitivity
L50_Ts120_Tr50p0_dT15_F1p0_LP45,0.5,120.0,50.0,15.0,1.0,0.45,S2b,800,1201,264,264,0.33,0.33,57.9712377407845,57.9348,0.1578929975994584,narrow_sensitivity
L50_Ts120_Tr50p0_dT15_F1p2_LP20,0.5,120.0,50.0,15.0,1.2,0.2,S1,800,1201,800,531,1.0,0.66375,140.0513994553712,139.83354,0.2323382795085855,narrow_sensitivity
L50_Ts120_Tr50p0_dT15_F1p2_LP20,0.5,120.0,50.0,15.0,1.2,0.2,S2a,800,1201,800,547,1.0,0.68375,144.26910317195177,144.04698,0.1759238536882839,narrow_sensitivity
L50_Ts120_Tr50p0_dT15_F1p2_LP20,0.5,120.0,50.0,15.0,1.2,0.2,S2b,800,1201,800,800,1.0,1.0,210.6719999998084,210.672,0.2360390851104945,narrow_sensitivity
L50_Ts120_Tr50p0_dT15_F1p2_LP30,0.5,120.0,50.0,15.0,1.2,0.3,S1,800,1201,632,531,0.79,0.66375,140.05139945553435,139.83354,0.2323382795085855,narrow_sensitivity
L50_Ts120_Tr50p0_dT15_F1p2_LP30,0.5,120.0,50.0,15.0,1.2,0.3,S2a,800,1201,640,547,0.8,0.68375,144.26910317198934,144.04698,0.1759238536882839,narrow_sensitivity
L50_Ts120_Tr50p0_dT15_F1p2_LP30,0.5,120.0,50.0,15.0,1.2,0.3,S2b,800,1201,704,704,0.88,0.88,185.48978373418555,185.39136,0.228773601850264,narrow_sensitivity
L50_Ts120_Tr50p0_dT15_F1p2_LP40,0.5,120.0,50.0,15.0,1.2,0.4,S1,800,1201,340,340,0.425,0.425,89.60231382397092,89.53559999999999,0.2363891867325816,narrow_sensitivity
L50_Ts120_Tr50p0_dT15_F1p2_LP40,0.5,120.0,50.0,15.0,1.2,0.4,S2a,800,1201,348,348,0.435,0.435,91.79434889106086,91.64232,0.1576879384543701,narrow_sensitivity
L50_Ts120_Tr50p0_dT15_F1p2_LP40,0.5,120.0,50.0,15.0,1.2,0.4,S2b,800,1201,381,381,0.47625,0.47625,100.48571962434072,100.33254,0.1852177052413127,narrow_sensitivity
L50_Ts120_Tr50p0_dT15_F1p2_LP45,0.5,120.0,50.0,15.0,1.2,0.45,S1,800,1201,194,194,0.2425,0.2425,51.13724003828384,51.08796,0.239485691731029,narrow_sensitivity
L50_Ts120_Tr50p0_dT15_F1p2_LP45,0.5,120.0,50.0,15.0,1.2,0.45,S2a,800,1201,202,202,0.2525,0.2525,53.29317674128019,53.19468,0.1393398281704303,narrow_sensitivity
L50_Ts120_Tr50p0_dT15_F1p2_LP45,0.5,120.0,50.0,15.0,1.2,0.45,S2b,800,1201,220,220,0.275,0.275,57.9712377407845,57.9348,0.1509675406696976,narrow_sensitivity
L50_Ts120_Tr60p0_dT5_F0p8_LP20,0.5,120.0,60.0,5.0,0.8,0.2,S1,800,1201,800,685,1.0,0.85625,103.14025162451632,103.0788,0.2353075308769596,narrow_sensitivity
L50_Ts120_Tr60p0_dT5_F0p8_LP20,0.5,120.0,60.0,5.0,0.8,0.2,S2a,800,1201,800,706,1.0,0.8825,106.31448835475602,106.23888,0.1765584560201524,narrow_sensitivity
L50_Ts120_Tr60p0_dT5_F0p8_LP20,0.5,120.0,60.0,5.0,0.8,0.2,S2b,800,1201,800,800,1.0,1.0,120.3839999998905,120.38399999999996,0.2209187345609699,narrow_sensitivity
L50_Ts120_Tr60p0_dT5_F0p8_LP30,0.5,120.0,60.0,5.0,0.8,0.3,S1,800,1201,800,685,1.0,0.85625,103.14025162451632,103.0788,0.2353075308769596,narrow_sensitivity
L50_Ts120_Tr60p0_dT5_F0p8_LP30,0.5,120.0,60.0,5.0,0.8,0.3,S2a,800,1201,800,706,1.0,0.8825,106.31448835475602,106.23888,0.1765584560201524,narrow_sensitivity
L50_Ts120_Tr60p0_dT5_F0p8_LP30,0.5,120.0,60.0,5.0,0.8,0.3,S2b,800,1201,800,800,1.0,1.0,120.3839999998905,120.38399999999996,0.2209187345609699,narrow_sensitivity
L50_Ts120_Tr60p0_dT5_F0p8_LP40,0.5,120.0,60.0,5.0,0.8,0.4,S1,800,1201,595,595,0.74375,0.74375,89.60231382397092,89.53559999999999,0.2363982762775868,narrow_sensitivity
L50_Ts120_Tr60p0_dT5_F0p8_LP40,0.5,120.0,60.0,5.0,0.8,0.4,S2a,800,1201,610,610,0.7625,0.7625,91.79434889106086,91.7928,0.1711468926108797,narrow_sensitivity
L50_Ts120_Tr60p0_dT5_F0p8_LP40,0.5,120.0,60.0,5.0,0.8,0.4,S2b,800,1201,667,667,0.83375,0.83375,100.48571962434072,100.37016,0.2087163596764658,narrow_sensitivity
L50_Ts120_Tr60p0_dT5_F0p8_LP45,0.5,120.0,60.0,5.0,0.8,0.45,S1,800,1201,339,339,0.42375,0.42375,51.13724003828384,51.01271999999999,0.2395008409727043,narrow_sensitivity
L50_Ts120_Tr60p0_dT5_F0p8_LP45,0.5,120.0,60.0,5.0,0.8,0.45,S2a,800,1201,354,354,0.4425,0.4425,53.29317674128019,53.26991999999999,0.1497672060374923,narrow_sensitivity
L50_Ts120_Tr60p0_dT5_F0p8_LP45,0.5,120.0,60.0,5.0,0.8,0.45,S2b,800,1201,385,385,0.48125,0.48125,57.9712377407845,57.9348,0.1693301168988319,narrow_sensitivity
L50_Ts120_Tr60p0_dT5_F1p0_LP20,0.5,120.0,60.0,5.0,1.0,0.2,S1,800,1201,800,652,1.0,0.815,122.66377154020172,122.64119999999998,0.2337289798943852,narrow_sensitivity
L50_Ts120_Tr60p0_dT5_F1p0_LP20,0.5,120.0,60.0,5.0,1.0,0.2,S2a,800,1201,800,672,1.0,0.84,126.57559149164956,126.4032,0.1762608943425552,narrow_sensitivity
L50_Ts120_Tr60p0_dT5_F1p0_LP20,0.5,120.0,60.0,5.0,1.0,0.2,S2b,800,1201,800,800,1.0,1.0,150.47999999986314,150.48,0.2240594700396181,narrow_sensitivity
L50_Ts120_Tr60p0_dT5_F1p0_LP30,0.5,120.0,60.0,5.0,1.0,0.3,S1,800,1201,800,652,1.0,0.815,122.66377154020172,122.64119999999998,0.2337289798943852,main_reference
L50_Ts120_Tr60p0_dT5_F1p0_LP30,0.5,120.0,60.0,5.0,1.0,0.3,S2a,800,1201,800,672,1.0,0.84,126.57559149164956,126.4032,0.1762608943425552,main_reference
L50_Ts120_Tr60p0_dT5_F1p0_LP30,0.5,120.0,60.0,5.0,1.0,0.3,S2b,800,1201,800,800,1.0,1.0,150.47999999986314,150.48,0.2240594700396181,main_reference
L50_Ts120_Tr60p0_dT5_F1p0_LP40,0.5,120.0,60.0,5.0,1.0,0.4,S1,800,1201,476,476,0.595,0.595,89.60231382397092,89.53559999999999,0.2363952464292518,narrow_sensitivity
L50_Ts120_Tr60p0_dT5_F1p0_LP40,0.5,120.0,60.0,5.0,1.0,0.4,S2a,800,1201,488,488,0.61,0.61,91.79434889106086,91.7928,0.1637939675196071,narrow_sensitivity
L50_Ts120_Tr60p0_dT5_F1p0_LP40,0.5,120.0,60.0,5.0,1.0,0.4,S2b,800,1201,534,534,0.6675,0.6675,100.48571962434072,100.4454,0.195861199623655,narrow_sensitivity
L50_Ts120_Tr60p0_dT5_F1p0_LP45,0.5,120.0,60.0,5.0,1.0,0.45,S1,800,1201,271,271,0.33875,0.33875,51.13724003828384,50.97509999999999,0.2395008409727043,narrow_sensitivity
L50_Ts120_Tr60p0_dT5_F1p0_LP45,0.5,120.0,60.0,5.0,1.0,0.45,S2a,800,1201,283,283,0.35375,0.35375,53.29317674128019,53.2323,0.1432626253456607,narrow_sensitivity
L50_Ts120_Tr60p0_dT5_F1p0_LP45,0.5,120.0,60.0,5.0,1.0,0.45,S2b,800,1201,308,308,0.385,0.385,57.9712377407845,57.9348,0.1578462432811321,narrow_sensitivity
L50_Ts120_Tr60p0_dT5_F1p2_LP20,0.5,120.0,60.0,5.0,1.2,0.2,S1,800,1201,800,620,1.0,0.775,140.05139945550815,139.94639999999998,0.2323322198119153,narrow_sensitivity
L50_Ts120_Tr60p0_dT5_F1p2_LP20,0.5,120.0,60.0,5.0,1.2,0.2,S2a,800,1201,800,639,1.0,0.79875,144.26910317195174,144.23508,0.1759612918436076,narrow_sensitivity
L50_Ts120_Tr60p0_dT5_F1p2_LP20,0.5,120.0,60.0,5.0,1.2,0.2,S2b,800,1201,800,800,1.0,1.0,180.57599999983572,180.576,0.2271437737987491,narrow_sensitivity
L50_Ts120_Tr60p0_dT5_F1p2_LP30,0.5,120.0,60.0,5.0,1.2,0.3,S1,800,1201,737,620,0.92125,0.775,140.05139945553435,139.94639999999998,0.2323322198119153,narrow_sensitivity
L50_Ts120_Tr60p0_dT5_F1p2_LP30,0.5,120.0,60.0,5.0,1.2,0.3,S2a,800,1201,747,639,0.93375,0.79875,144.26910317198934,144.23508,0.1759612918436076,narrow_sensitivity
L50_Ts120_Tr60p0_dT5_F1p2_LP30,0.5,120.0,60.0,5.0,1.2,0.3,S2b,800,1201,800,800,1.0,1.0,180.57599999983572,180.576,0.2271437737987491,narrow_sensitivity
L50_Ts120_Tr60p0_dT5_F1p2_LP40,0.5,120.0,60.0,5.0,1.2,0.4,S1,800,1201,396,396,0.495,0.495,89.60231382397092,89.38511999999999,0.236404335974257,narrow_sensitivity
L50_Ts120_Tr60p0_dT5_F1p2_LP40,0.5,120.0,60.0,5.0,1.2,0.4,S2a,800,1201,406,406,0.5075,0.5075,91.79434889106086,91.64232,0.1576696691007416,narrow_sensitivity
L50_Ts120_Tr60p0_dT5_F1p2_LP40,0.5,120.0,60.0,5.0,1.2,0.4,S2b,800,1201,445,445,0.55625,0.55625,100.48571962434072,100.4454,0.1853165043021068,narrow_sensitivity
L50_Ts120_Tr60p0_dT5_F1p2_LP45,0.5,120.0,60.0,5.0,1.2,0.45,S1,800,1201,226,226,0.2825,0.2825,51.13724003828384,51.01272,0.2394947812760342,narrow_sensitivity
L50_Ts120_Tr60p0_dT5_F1p2_LP45,0.5,120.0,60.0,5.0,1.2,0.45,S2a,800,1201,236,236,0.295,0.295,53.29317674128019,53.26992,0.1394372938841786,narrow_sensitivity
L50_Ts120_Tr60p0_dT5_F1p2_LP45,0.5,120.0,60.0,5.0,1.2,0.45,S2b,800,1201,256,256,0.32,0.32,57.9712377407845,57.78432,0.1505139752351666,narrow_sensitivity
L50_Ts120_Tr60p0_dT10_F0p8_LP20,0.5,120.0,60.0,10.0,0.8,0.2,S1,800,1201,800,631,1.0,0.78875,95.082554955567,94.95288,0.235961978117336,narrow_sensitivity
L50_Ts120_Tr60p0_dT10_F0p8_LP20,0.5,120.0,60.0,10.0,0.8,0.2,S2a,800,1201,800,642,1.0,0.8025,96.70550411172272,96.60815999999998,0.1873235514230612,narrow_sensitivity
L50_Ts120_Tr60p0_dT10_F0p8_LP20,0.5,120.0,60.0,10.0,0.8,0.2,S2b,800,1201,800,800,1.0,1.0,120.3839999998905,120.38399999999996,0.2448554341950855,narrow_sensitivity
L50_Ts120_Tr60p0_dT10_F0p8_LP30,0.5,120.0,60.0,10.0,0.8,0.3,S1,800,1201,800,631,1.0,0.78875,95.082554955567,94.95288,0.235961978117336,narrow_sensitivity
L50_Ts120_Tr60p0_dT10_F0p8_LP30,0.5,120.0,60.0,10.0,0.8,0.3,S2a,800,1201,800,642,1.0,0.8025,96.70550411172272,96.60815999999998,0.1873235514230612,narrow_sensitivity
L50_Ts120_Tr60p0_dT10_F0p8_LP30,0.5,120.0,60.0,10.0,0.8,0.3,S2b,800,1201,800,800,1.0,1.0,120.3839999998905,120.38399999999996,0.2448554341950855,narrow_sensitivity
L50_Ts120_Tr60p0_dT10_F0p8_LP40,0.5,120.0,60.0,10.0,0.8,0.4,S1,800,1201,595,595,0.74375,0.74375,89.60231382397092,89.53559999999999,0.2363982762775868,narrow_sensitivity
L50_Ts120_Tr60p0_dT10_F0p8_LP40,0.5,120.0,60.0,10.0,0.8,0.4,S2a,800,1201,610,610,0.7625,0.7625,91.79434889106086,91.7928,0.1856325244020789,narrow_sensitivity
L50_Ts120_Tr60p0_dT10_F0p8_LP40,0.5,120.0,60.0,10.0,0.8,0.4,S2b,800,1201,667,667,0.83375,0.83375,100.48571962434072,100.37016,0.2342238566524356,narrow_sensitivity
L50_Ts120_Tr60p0_dT10_F0p8_LP45,0.5,120.0,60.0,10.0,0.8,0.45,S1,800,1201,339,339,0.42375,0.42375,51.13724003828384,51.01271999999999,0.2395008409727043,narrow_sensitivity
L50_Ts120_Tr60p0_dT10_F0p8_LP45,0.5,120.0,60.0,10.0,0.8,0.45,S2a,800,1201,354,354,0.4425,0.4425,53.29317674128019,53.26991999999999,0.164602879321069,narrow_sensitivity
L50_Ts120_Tr60p0_dT10_F0p8_LP45,0.5,120.0,60.0,10.0,0.8,0.45,S2b,800,1201,385,385,0.48125,0.48125,57.9712377407845,57.9348,0.1957122281839708,narrow_sensitivity
L50_Ts120_Tr60p0_dT10_F1p0_LP20,0.5,120.0,60.0,10.0,1.0,0.2,S1,800,1201,800,601,1.0,0.75125,113.20841475371203,113.0481,0.2345015912198295,narrow_sensitivity
L50_Ts120_Tr60p0_dT10_F1p0_LP20,0.5,120.0,60.0,10.0,1.0,0.2,S2a,800,1201,800,610,1.0,0.7625,114.85792615474324,114.741,0.1872403097894462,narrow_sensitivity
L50_Ts120_Tr60p0_dT10_F1p0_LP20,0.5,120.0,60.0,10.0,1.0,0.2,S2b,800,1201,800,800,1.0,1.0,150.47999999986314,150.48,0.247816104445855,narrow_sensitivity
L50_Ts120_Tr60p0_dT10_F1p0_LP30,0.5,120.0,60.0,10.0,1.0,0.3,S1,800,1201,800,601,1.0,0.75125,113.20841475371203,113.0481,0.2345015912198295,narrow_sensitivity
L50_Ts120_Tr60p0_dT10_F1p0_LP30,0.5,120.0,60.0,10.0,1.0,0.3,S2a,800,1201,800,610,1.0,0.7625,114.85792615474324,114.741,0.1872403097894462,narrow_sensitivity
L50_Ts120_Tr60p0_dT10_F1p0_LP30,0.5,120.0,60.0,10.0,1.0,0.3,S2b,800,1201,800,800,1.0,1.0,150.47999999986314,150.48,0.247816104445855,narrow_sensitivity
L50_Ts120_Tr60p0_dT10_F1p0_LP40,0.5,120.0,60.0,10.0,1.0,0.4,S1,800,1201,476,476,0.595,0.595,89.60231382397092,89.53559999999999,0.2363952464292518,narrow_sensitivity
L50_Ts120_Tr60p0_dT10_F1p0_LP40,0.5,120.0,60.0,10.0,1.0,0.4,S2a,800,1201,488,488,0.61,0.61,91.79434889106086,91.7928,0.1793077362794951,narrow_sensitivity
L50_Ts120_Tr60p0_dT10_F1p0_LP40,0.5,120.0,60.0,10.0,1.0,0.4,S2b,800,1201,534,534,0.6675,0.6675,100.48571962434072,100.4454,0.2231293944101868,narrow_sensitivity
L50_Ts120_Tr60p0_dT10_F1p0_LP45,0.5,120.0,60.0,10.0,1.0,0.45,S1,800,1201,271,271,0.33875,0.33875,51.13724003828384,50.97509999999999,0.2395008409727043,narrow_sensitivity
L50_Ts120_Tr60p0_dT10_F1p0_LP45,0.5,120.0,60.0,10.0,1.0,0.45,S2a,800,1201,283,283,0.35375,0.35375,53.29317674128019,53.2323,0.1569589881514555,narrow_sensitivity
L50_Ts120_Tr60p0_dT10_F1p0_LP45,0.5,120.0,60.0,10.0,1.0,0.45,S2b,800,1201,308,308,0.385,0.385,57.9712377407845,57.9348,0.1822050570893636,narrow_sensitivity
L50_Ts120_Tr60p0_dT10_F1p2_LP20,0.5,120.0,60.0,10.0,1.2,0.2,S1,800,1201,800,573,1.0,0.71625,129.4246417189879,129.33756,0.2331866370424067,narrow_sensitivity
L50_Ts120_Tr60p0_dT10_F1p2_LP20,0.5,120.0,60.0,10.0,1.2,0.2,S2a,800,1201,800,578,1.0,0.7225,130.63485321598353,130.46616,0.18707653935027,narrow_sensitivity
L50_Ts120_Tr60p0_dT10_F1p2_LP20,0.5,120.0,60.0,10.0,1.2,0.2,S2b,800,1201,800,800,1.0,1.0,180.57599999983572,180.576,0.2504201895457505,narrow_sensitivity
L50_Ts120_Tr60p0_dT10_F1p2_LP30,0.5,120.0,60.0,10.0,1.2,0.3,S1,800,1201,737,573,0.92125,0.71625,129.42464171892664,129.33756,0.2331866370424067,narrow_sensitivity
L50_Ts120_Tr60p0_dT10_F1p2_LP30,0.5,120.0,60.0,10.0,1.2,0.3,S2a,800,1201,747,578,0.93375,0.7225,130.63485321605935,130.46616,0.18707653935027,narrow_sensitivity
L50_Ts120_Tr60p0_dT10_F1p2_LP30,0.5,120.0,60.0,10.0,1.2,0.3,S2b,800,1201,800,796,1.0,0.995,179.88764051437306,179.67311999999998,0.2501917220081794,narrow_sensitivity
L50_Ts120_Tr60p0_dT10_F1p2_LP40,0.5,120.0,60.0,10.0,1.2,0.4,S1,800,1201,396,396,0.495,0.495,89.60231382397092,89.38511999999999,0.236404335974257,narrow_sensitivity
L50_Ts120_Tr60p0_dT10_F1p2_LP40,0.5,120.0,60.0,10.0,1.2,0.4,S2a,800,1201,406,406,0.5075,0.5075,91.79434889106086,91.64232,0.1738402590495038,narrow_sensitivity
L50_Ts120_Tr60p0_dT10_F1p2_LP40,0.5,120.0,60.0,10.0,1.2,0.4,S2b,800,1201,445,445,0.55625,0.55625,100.48571962434072,100.4454,0.2136574812483519,narrow_sensitivity
L50_Ts120_Tr60p0_dT10_F1p2_LP45,0.5,120.0,60.0,10.0,1.2,0.45,S1,800,1201,226,226,0.2825,0.2825,51.13724003828384,51.01272,0.2394947812760342,narrow_sensitivity
L50_Ts120_Tr60p0_dT10_F1p2_LP45,0.5,120.0,60.0,10.0,1.2,0.45,S2a,800,1201,236,236,0.295,0.295,53.29317674128019,53.26992,0.1511242750535142,narrow_sensitivity
L50_Ts120_Tr60p0_dT10_F1p2_LP45,0.5,120.0,60.0,10.0,1.2,0.45,S2b,800,1201,256,256,0.32,0.32,57.9712377407845,57.78432,0.1713858112668919,narrow_sensitivity
L50_Ts120_Tr60p0_dT15_F0p8_LP20,0.5,120.0,60.0,15.0,0.8,0.2,S1,800,1201,800,578,1.0,0.7225,86.98454201897349,86.97743999999999,0.236604305964372,narrow_sensitivity
L50_Ts120_Tr60p0_dT15_F0p8_LP20,0.5,120.0,60.0,15.0,0.8,0.2,S2a,800,1201,800,578,1.0,0.7225,87.10159813458935,86.97743999999999,0.2033431277768133,narrow_sensitivity
L50_Ts120_Tr60p0_dT15_F0p8_LP20,0.5,120.0,60.0,15.0,0.8,0.2,S2b,800,1201,800,800,1.0,1.0,120.3839999998905,120.38399999999996,0.2748366942324691,narrow_sensitivity
L50_Ts120_Tr60p0_dT15_F0p8_LP30,0.5,120.0,60.0,15.0,0.8,0.3,S1,800,1201,800,578,1.0,0.7225,86.98454201897349,86.97743999999999,0.236604305964372,narrow_sensitivity
L50_Ts120_Tr60p0_dT15_F0p8_LP30,0.5,120.0,60.0,15.0,0.8,0.3,S2a,800,1201,800,578,1.0,0.7225,87.10159813458935,86.97743999999999,0.2033431277768133,narrow_sensitivity
L50_Ts120_Tr60p0_dT15_F0p8_LP30,0.5,120.0,60.0,15.0,0.8,0.3,S2b,800,1201,800,800,1.0,1.0,120.3839999998905,120.38399999999996,0.2748366942324691,narrow_sensitivity
L50_Ts120_Tr60p0_dT15_F0p8_LP40,0.5,120.0,60.0,15.0,0.8,0.4,S1,800,1201,595,578,0.74375,0.7225,86.98454201903367,86.97743999999999,0.236604305964372,narrow_sensitivity
L50_Ts120_Tr60p0_dT15_F0p8_LP40,0.5,120.0,60.0,15.0,0.8,0.4,S2a,800,1201,610,578,0.7625,0.7225,87.10159813454598,86.97743999999999,0.2033431277768133,narrow_sensitivity
L50_Ts120_Tr60p0_dT15_F0p8_LP40,0.5,120.0,60.0,15.0,0.8,0.4,S2b,800,1201,667,636,0.83375,0.795,95.74649925663304,95.70528,0.2655717455943459,narrow_sensitivity
L50_Ts120_Tr60p0_dT15_F0p8_LP45,0.5,120.0,60.0,15.0,0.8,0.45,S1,800,1201,339,339,0.42375,0.42375,51.13724003828384,51.01271999999999,0.2395008409727043,narrow_sensitivity
L50_Ts120_Tr60p0_dT15_F0p8_LP45,0.5,120.0,60.0,15.0,0.8,0.45,S2a,800,1201,354,354,0.4425,0.4425,53.29317674128019,53.26991999999999,0.1879724083188957,narrow_sensitivity
L50_Ts120_Tr60p0_dT15_F0p8_LP45,0.5,120.0,60.0,15.0,0.8,0.45,S2b,800,1201,385,385,0.48125,0.48125,57.9712377407845,57.9348,0.2371641845556416,narrow_sensitivity
L50_Ts120_Tr60p0_dT15_F1p0_LP20,0.5,120.0,60.0,15.0,1.0,0.2,S1,800,1201,800,551,1.0,0.68875,103.67823520640276,103.6431,0.2352590533035984,narrow_sensitivity
L50_Ts120_Tr60p0_dT15_F1p0_LP20,0.5,120.0,60.0,15.0,1.0,0.2,S2a,800,1201,800,551,1.0,0.68875,103.67823520640276,103.6431,0.2036334310216691,narrow_sensitivity
L50_Ts120_Tr60p0_dT15_F1p0_LP20,0.5,120.0,60.0,15.0,1.0,0.2,S2b,800,1201,800,800,1.0,1.0,150.47999999986314,150.48,0.2759858052884122,narrow_sensitivity
L50_Ts120_Tr60p0_dT15_F1p0_LP30,0.5,120.0,60.0,15.0,1.0,0.3,S1,800,1201,800,551,1.0,0.68875,103.67823520640276,103.6431,0.2352590533035984,narrow_sensitivity
L50_Ts120_Tr60p0_dT15_F1p0_LP30,0.5,120.0,60.0,15.0,1.0,0.3,S2a,800,1201,800,551,1.0,0.68875,103.67823520640276,103.6431,0.2036334310216691,narrow_sensitivity
L50_Ts120_Tr60p0_dT15_F1p0_LP30,0.5,120.0,60.0,15.0,1.0,0.3,S2b,800,1201,800,800,1.0,1.0,150.47999999986314,150.48,0.2759858052884122,narrow_sensitivity
L50_Ts120_Tr60p0_dT15_F1p0_LP40,0.5,120.0,60.0,15.0,1.0,0.4,S1,800,1201,476,476,0.595,0.595,89.60231382397092,89.53559999999999,0.2363952464292518,narrow_sensitivity
L50_Ts120_Tr60p0_dT15_F1p0_LP40,0.5,120.0,60.0,15.0,1.0,0.4,S2a,800,1201,488,477,0.61,0.59625,89.89841872653602,89.7237,0.1998499142938579,narrow_sensitivity
L50_Ts120_Tr60p0_dT15_F1p0_LP40,0.5,120.0,60.0,15.0,1.0,0.4,S2b,800,1201,534,509,0.6675,0.63625,95.8998190863266,95.7429,0.2578651926856201,narrow_sensitivity
L50_Ts120_Tr60p0_dT15_F1p0_LP45,0.5,120.0,60.0,15.0,1.0,0.45,S1,800,1201,271,271,0.33875,0.33875,51.13724003828384,50.97509999999999,0.2395008409727043,narrow_sensitivity
L50_Ts120_Tr60p0_dT15_F1p0_LP45,0.5,120.0,60.0,15.0,1.0,0.45,S2a,800,1201,283,283,0.35375,0.35375,53.29317674128019,53.2323,0.1814985140322081,narrow_sensitivity
L50_Ts120_Tr60p0_dT15_F1p0_LP45,0.5,120.0,60.0,15.0,1.0,0.45,S2b,800,1201,308,308,0.385,0.385,57.9712377407845,57.9348,0.2257348925978127,narrow_sensitivity
L50_Ts120_Tr60p0_dT15_F1p2_LP20,0.5,120.0,60.0,15.0,1.2,0.2,S1,800,1201,800,525,1.0,0.65625,118.67640423899084,118.503,0.2340592333629084,narrow_sensitivity
L50_Ts120_Tr60p0_dT15_F1p2_LP20,0.5,120.0,60.0,15.0,1.2,0.2,S2a,800,1201,800,525,1.0,0.65625,118.67640423899084,118.503,0.2035974191904123,narrow_sensitivity
L50_Ts120_Tr60p0_dT15_F1p2_LP20,0.5,120.0,60.0,15.0,1.2,0.2,S2b,800,1201,800,800,1.0,1.0,180.57599999983572,180.576,0.2762527186091431,narrow_sensitivity
L50_Ts120_Tr60p0_dT15_F1p2_LP30,0.5,120.0,60.0,15.0,1.2,0.3,S1,800,1201,737,525,0.92125,0.65625,118.67640423898726,118.503,0.2340592333629084,narrow_sensitivity
L50_Ts120_Tr60p0_dT15_F1p2_LP30,0.5,120.0,60.0,15.0,1.2,0.3,S2a,800,1201,747,525,0.93375,0.65625,118.67640423898726,118.503,0.2035974191904123,narrow_sensitivity
L50_Ts120_Tr60p0_dT15_F1p2_LP30,0.5,120.0,60.0,15.0,1.2,0.3,S2b,800,1201,800,796,1.0,0.995,179.88764051437306,179.67311999999998,0.2761540627754082,narrow_sensitivity
L50_Ts120_Tr60p0_dT15_F1p2_LP40,0.5,120.0,60.0,15.0,1.2,0.4,S1,800,1201,396,396,0.495,0.495,89.60231382397092,89.38511999999999,0.236404335974257,narrow_sensitivity
L50_Ts120_Tr60p0_dT15_F1p2_LP40,0.5,120.0,60.0,15.0,1.2,0.4,S2a,800,1201,406,398,0.5075,0.4975,89.89841872653602,89.83655999999999,0.1961879977519258,narrow_sensitivity
L50_Ts120_Tr60p0_dT15_F1p2_LP40,0.5,120.0,60.0,15.0,1.2,0.4,S2b,800,1201,445,425,0.55625,0.53125,96.05363072872726,95.931,0.2512874244833245,narrow_sensitivity
L50_Ts120_Tr60p0_dT15_F1p2_LP45,0.5,120.0,60.0,15.0,1.2,0.45,S1,800,1201,226,226,0.2825,0.2825,51.13724003828384,51.01272,0.2394947812760342,narrow_sensitivity
L50_Ts120_Tr60p0_dT15_F1p2_LP45,0.5,120.0,60.0,15.0,1.2,0.45,S2a,800,1201,236,236,0.295,0.295,53.29317674128019,53.26992,0.1760710187671389,narrow_sensitivity
L50_Ts120_Tr60p0_dT15_F1p2_LP45,0.5,120.0,60.0,15.0,1.2,0.45,S2b,800,1201,256,256,0.32,0.32,57.9712377407845,57.78432,0.2157874992978636,narrow_sensitivity
L50_Ts130_Tr35p0_dT5_F0p8_LP20,0.5,130.0,35.0,5.0,0.8,0.2,S1,800,1201,800,599,1.0,0.74875,142.7577081498917,142.71773999999996,0.2321080110351197,historical_extension
L50_Ts130_Tr35p0_dT5_F0p8_LP20,0.5,130.0,35.0,5.0,0.8,0.2,S2a,800,1201,800,646,1.0,0.8075,154.09501003382542,153.91595999999998,0.1509619606332025,historical_extension
L50_Ts130_Tr35p0_dT5_F0p8_LP20,0.5,130.0,35.0,5.0,0.8,0.2,S2b,800,1201,800,800,1.0,1.0,190.60799999982663,190.608,0.1833899757894676,historical_extension
L50_Ts130_Tr35p0_dT5_F0p8_LP30,0.5,130.0,35.0,5.0,0.8,0.3,S1,800,1201,698,599,0.8725,0.74875,142.75770814986583,142.71773999999996,0.2321080110351197,historical_extension
L50_Ts130_Tr35p0_dT5_F0p8_LP30,0.5,130.0,35.0,5.0,0.8,0.3,S2a,800,1201,708,646,0.885,0.8075,154.09501003392495,153.91595999999998,0.1509619606332025,historical_extension
L50_Ts130_Tr35p0_dT5_F0p8_LP30,0.5,130.0,35.0,5.0,0.8,0.3,S2b,800,1201,778,778,0.9725,0.9725,185.48978373418555,185.36628,0.1824680050669742,historical_extension
L50_Ts130_Tr35p0_dT5_F0p8_LP40,0.5,130.0,35.0,5.0,0.8,0.4,S1,800,1201,376,376,0.47,0.47,89.60231382397092,89.58576,0.2363871668336916,historical_extension
L50_Ts130_Tr35p0_dT5_F0p8_LP40,0.5,130.0,35.0,5.0,0.8,0.4,S2a,800,1201,385,385,0.48125,0.48125,91.79434889106086,91.73009999999998,0.1365317018842298,historical_extension
L50_Ts130_Tr35p0_dT5_F0p8_LP40,0.5,130.0,35.0,5.0,0.8,0.4,S2b,800,1201,421,421,0.52625,0.52625,100.48571962434072,100.30746,0.1481972607308025,historical_extension
L50_Ts130_Tr35p0_dT5_F0p8_LP45,0.5,130.0,35.0,5.0,0.8,0.45,S1,800,1201,214,214,0.2675,0.2675,51.13724003828384,50.98763999999999,0.2394957912254792,historical_extension
L50_Ts130_Tr35p0_dT5_F0p8_LP45,0.5,130.0,35.0,5.0,0.8,0.45,S2a,800,1201,223,223,0.27875,0.27875,53.29317674128019,53.13197999999999,0.1370846785928569,historical_extension
L50_Ts130_Tr35p0_dT5_F0p8_LP45,0.5,130.0,35.0,5.0,0.8,0.45,S2b,800,1201,243,243,0.30375,0.30375,57.9712377407845,57.89717999999999,0.1470555979244455,historical_extension
L50_Ts130_Tr35p0_dT5_F1p0_LP20,0.5,130.0,35.0,5.0,1.0,0.2,S1,800,1201,800,566,1.0,0.7075,168.6745533465489,168.56895,0.2300212029943363,historical_extension
L50_Ts130_Tr35p0_dT5_F1p0_LP20,0.5,130.0,35.0,5.0,1.0,0.2,S2a,800,1201,800,619,1.0,0.77375,184.6139752156034,184.353675,0.1501907638323741,historical_extension
L50_Ts130_Tr35p0_dT5_F1p0_LP20,0.5,130.0,35.0,5.0,1.0,0.2,S2b,800,1201,800,800,1.0,1.0,238.2599999997833,238.26,0.1860742814669478,historical_extension
L50_Ts130_Tr35p0_dT5_F1p0_LP30,0.5,130.0,35.0,5.0,1.0,0.3,S1,800,1201,559,559,0.69875,0.69875,166.53246139534505,166.484175,0.2301891070895718,historical_extension
L50_Ts130_Tr35p0_dT5_F1p0_LP30,0.5,130.0,35.0,5.0,1.0,0.3,S2a,800,1201,566,566,0.7075,0.7075,168.7882421209241,168.56895,0.1472430731658449,historical_extension
L50_Ts130_Tr35p0_dT5_F1p0_LP30,0.5,130.0,35.0,5.0,1.0,0.3,S2b,800,1201,622,622,0.7775,0.7775,185.48978373418555,185.24715,0.1695643419967063,historical_extension
L50_Ts130_Tr35p0_dT5_F1p0_LP40,0.5,130.0,35.0,5.0,1.0,0.4,S1,800,1201,300,300,0.375,0.375,89.60231382397092,89.3475,0.2364015586132831,historical_extension
L50_Ts130_Tr35p0_dT5_F1p0_LP40,0.5,130.0,35.0,5.0,1.0,0.4,S2a,800,1201,308,308,0.385,0.385,91.79434889106086,91.7301,0.1349297625415465,historical_extension
L50_Ts130_Tr35p0_dT5_F1p0_LP40,0.5,130.0,35.0,5.0,1.0,0.4,S2b,800,1201,337,337,0.42125,0.42125,100.48571962434072,100.367025,0.145518239930671,historical_extension
L50_Ts130_Tr35p0_dT5_F1p0_LP45,0.5,130.0,35.0,5.0,1.0,0.45,S1,800,1201,171,171,0.21375,0.21375,51.13724003828384,50.928075,0.2394957912254792,historical_extension
L50_Ts130_Tr35p0_dT5_F1p0_LP45,0.5,130.0,35.0,5.0,1.0,0.45,S2a,800,1201,178,178,0.2225,0.2225,53.29317674128019,53.01285,0.1369322924000794,historical_extension
L50_Ts130_Tr35p0_dT5_F1p0_LP45,0.5,130.0,35.0,5.0,1.0,0.45,S2b,800,1201,194,194,0.2425,0.2425,57.9712377407845,57.77804999999999,0.1468226534125967,historical_extension
L50_Ts130_Tr35p0_dT5_F1p2_LP20,0.5,130.0,35.0,5.0,1.2,0.2,S1,800,1201,681,534,0.85125,0.6675,191.10616661831523,190.84626,0.2282222305453851,historical_extension
L50_Ts130_Tr35p0_dT5_F1p2_LP20,0.5,130.0,35.0,5.0,1.2,0.2,S2a,800,1201,687,591,0.85875,0.73875,211.30893836345277,211.21749,0.1494684155448081,historical_extension
L50_Ts130_Tr35p0_dT5_F1p2_LP20,0.5,130.0,35.0,5.0,1.2,0.2,S2b,800,1201,756,745,0.945,0.93125,266.56766574565177,266.25555,0.184125811176827,historical_extension
L50_Ts130_Tr35p0_dT5_F1p2_LP30,0.5,130.0,35.0,5.0,1.2,0.3,S1,800,1201,465,465,0.58125,0.58125,166.53246139534505,166.18634999999998,0.2302082961290273,historical_extension
L50_Ts130_Tr35p0_dT5_F1p2_LP30,0.5,130.0,35.0,5.0,1.2,0.3,S2a,800,1201,472,472,0.59,0.59,168.7882421209241,168.68808,0.1415314051874723,historical_extension
L50_Ts130_Tr35p0_dT5_F1p2_LP30,0.5,130.0,35.0,5.0,1.2,0.3,S2b,800,1201,519,519,0.64875,0.64875,185.48978373418555,185.48541,0.1599831539195612,historical_extension
L50_Ts130_Tr35p0_dT5_F1p2_LP40,0.5,130.0,35.0,5.0,1.2,0.4,S1,800,1201,250,250,0.3125,0.3125,89.60231382397092,89.3475,0.2363967613534193,historical_extension
L50_Ts130_Tr35p0_dT5_F1p2_LP40,0.5,130.0,35.0,5.0,1.2,0.4,S2a,800,1201,256,256,0.32,0.32,91.79434889106086,91.49184,0.134720693278477,historical_extension
L50_Ts130_Tr35p0_dT5_F1p2_LP40,0.5,130.0,35.0,5.0,1.2,0.4,S2b,800,1201,281,281,0.35125,0.35125,100.48571962434072,100.42659,0.1456622620059168,historical_extension
L50_Ts130_Tr35p0_dT5_F1p2_LP45,0.5,130.0,35.0,5.0,1.2,0.45,S1,800,1201,143,143,0.17875,0.17875,51.13724003828384,51.10677,0.2394766021860237,historical_extension
L50_Ts130_Tr35p0_dT5_F1p2_LP45,0.5,130.0,35.0,5.0,1.2,0.45,S2a,800,1201,149,149,0.18625,0.18625,53.29317674128019,53.25111,0.137399668325226,historical_extension
L50_Ts130_Tr35p0_dT5_F1p2_LP45,0.5,130.0,35.0,5.0,1.2,0.45,S2b,800,1201,162,162,0.2025,0.2025,57.9712377407845,57.89718,0.1472261447057457,historical_extension
L50_Ts130_Tr35p0_dT10_F0p8_LP20,0.5,130.0,35.0,10.0,0.8,0.2,S1,800,1201,800,566,1.0,0.7075,134.93063543638584,134.85515999999998,0.2327412493371505,historical_extension
L50_Ts130_Tr35p0_dT10_F0p8_LP20,0.5,130.0,35.0,10.0,0.8,0.2,S2a,800,1201,800,606,1.0,0.7575,144.57640845129603,144.38556,0.1541790382868597,historical_extension
L50_Ts130_Tr35p0_dT10_F0p8_LP20,0.5,130.0,35.0,10.0,0.8,0.2,S2b,800,1201,800,800,1.0,1.0,190.60799999982663,190.608,0.1932775079476691,historical_extension
L50_Ts130_Tr35p0_dT10_F0p8_LP30,0.5,130.0,35.0,10.0,0.8,0.3,S1,800,1201,698,566,0.8725,0.7075,134.9306354363519,134.85515999999998,0.2327412493371505,historical_extension
L50_Ts130_Tr35p0_dT10_F0p8_LP30,0.5,130.0,35.0,10.0,0.8,0.3,S2a,800,1201,708,606,0.885,0.7575,144.5764084513009,144.38556,0.1541790382868597,historical_extension
L50_Ts130_Tr35p0_dT10_F0p8_LP30,0.5,130.0,35.0,10.0,0.8,0.3,S2b,800,1201,778,778,0.9725,0.9725,185.48978373418555,185.36628,0.1920028392125287,historical_extension
L50_Ts130_Tr35p0_dT10_F0p8_LP40,0.5,130.0,35.0,10.0,0.8,0.4,S1,800,1201,376,376,0.47,0.47,89.60231382397092,89.58576,0.2363871668336916,historical_extension
L50_Ts130_Tr35p0_dT10_F0p8_LP40,0.5,130.0,35.0,10.0,0.8,0.4,S2a,800,1201,385,385,0.48125,0.48125,91.79434889106086,91.73009999999998,0.1396048776765092,historical_extension
L50_Ts130_Tr35p0_dT10_F0p8_LP40,0.5,130.0,35.0,10.0,0.8,0.4,S2b,800,1201,421,421,0.52625,0.52625,100.48571962434072,100.30746,0.1535229988146483,historical_extension
L50_Ts130_Tr35p0_dT10_F0p8_LP45,0.5,130.0,35.0,10.0,0.8,0.45,S1,800,1201,214,214,0.2675,0.2675,51.13724003828384,50.98763999999999,0.2394957912254792,historical_extension
L50_Ts130_Tr35p0_dT10_F0p8_LP45,0.5,130.0,35.0,10.0,0.8,0.45,S2a,800,1201,223,223,0.27875,0.27875,53.29317674128019,53.13197999999999,0.1370846785928569,historical_extension
L50_Ts130_Tr35p0_dT10_F0p8_LP45,0.5,130.0,35.0,10.0,0.8,0.45,S2b,800,1201,243,243,0.30375,0.30375,57.9712377407845,57.89717999999999,0.1470555979244455,historical_extension
L50_Ts130_Tr35p0_dT10_F1p0_LP20,0.5,130.0,35.0,10.0,1.0,0.2,S1,800,1201,800,536,1.0,0.67,159.65642092562138,159.6342,0.2307407919739168,historical_extension
L50_Ts130_Tr35p0_dT10_F1p0_LP20,0.5,130.0,35.0,10.0,1.0,0.2,S2a,800,1201,800,581,1.0,0.72625,173.0896504023168,173.036325,0.1535343157084081,historical_extension
L50_Ts130_Tr35p0_dT10_F1p0_LP20,0.5,130.0,35.0,10.0,1.0,0.2,S2b,800,1201,800,785,1.0,0.98125,233.9109095183378,233.792625,0.1946410071807509,historical_extension
L50_Ts130_Tr35p0_dT10_F1p0_LP30,0.5,130.0,35.0,10.0,1.0,0.3,S1,800,1201,559,536,0.69875,0.67,159.65642092574518,159.6342,0.2307407919739168,historical_extension
L50_Ts130_Tr35p0_dT10_F1p0_LP30,0.5,130.0,35.0,10.0,1.0,0.3,S2a,800,1201,566,559,0.7075,0.69875,166.6510480296252,166.484175,0.152115633853335,historical_extension
L50_Ts130_Tr35p0_dT10_F1p0_LP30,0.5,130.0,35.0,10.0,1.0,0.3,S2b,800,1201,622,622,0.7775,0.7775,185.48978373418555,185.24715,0.1791023573810642,historical_extension
L50_Ts130_Tr35p0_dT10_F1p0_LP40,0.5,130.0,35.0,10.0,1.0,0.4,S1,800,1201,300,300,0.375,0.375,89.60231382397092,89.3475,0.2364015586132831,historical_extension
L50_Ts130_Tr35p0_dT10_F1p0_LP40,0.5,130.0,35.0,10.0,1.0,0.4,S2a,800,1201,308,308,0.385,0.385,91.79434889106086,91.7301,0.1356090122684756,historical_extension
L50_Ts130_Tr35p0_dT10_F1p0_LP40,0.5,130.0,35.0,10.0,1.0,0.4,S2b,800,1201,337,337,0.42125,0.42125,100.48571962434072,100.367025,0.1466850764467996,historical_extension
L50_Ts130_Tr35p0_dT10_F1p0_LP45,0.5,130.0,35.0,10.0,1.0,0.45,S1,800,1201,171,171,0.21375,0.21375,51.13724003828384,50.928075,0.2394957912254792,historical_extension
L50_Ts130_Tr35p0_dT10_F1p0_LP45,0.5,130.0,35.0,10.0,1.0,0.45,S2a,800,1201,178,178,0.2225,0.2225,53.29317674128019,53.01285,0.1369322924000794,historical_extension
L50_Ts130_Tr35p0_dT10_F1p0_LP45,0.5,130.0,35.0,10.0,1.0,0.45,S2b,800,1201,194,194,0.2425,0.2425,57.9712377407845,57.77804999999999,0.1468226534125967,historical_extension
L50_Ts130_Tr35p0_dT10_F1p2_LP20,0.5,130.0,35.0,10.0,1.2,0.2,S1,800,1201,681,507,0.85125,0.63375,181.1997316524322,181.19673,0.2289993866433321,historical_extension
L50_Ts130_Tr35p0_dT10_F1p2_LP20,0.5,130.0,35.0,10.0,1.2,0.2,S2a,800,1201,687,554,0.85875,0.6925,198.09961274162805,197.99406,0.152832121012873,historical_extension
L50_Ts130_Tr35p0_dT10_F1p2_LP20,0.5,130.0,35.0,10.0,1.2,0.2,S2b,800,1201,756,734,0.945,0.9175,262.3890529271705,262.32426,0.1929447067551521,historical_extension
L50_Ts130_Tr35p0_dT10_F1p2_LP30,0.5,130.0,35.0,10.0,1.2,0.3,S1,800,1201,465,465,0.58125,0.58125,166.53246139534505,166.18634999999998,0.2302082961290273,historical_extension
L50_Ts130_Tr35p0_dT10_F1p2_LP30,0.5,130.0,35.0,10.0,1.2,0.3,S2a,800,1201,472,472,0.59,0.59,168.7882421209241,168.68808,0.1469314608237784,historical_extension
L50_Ts130_Tr35p0_dT10_F1p2_LP30,0.5,130.0,35.0,10.0,1.2,0.3,S2b,800,1201,519,519,0.64875,0.64875,185.48978373418555,185.48541,0.1691088001437278,historical_extension
L50_Ts130_Tr35p0_dT10_F1p2_LP40,0.5,130.0,35.0,10.0,1.2,0.4,S1,800,1201,250,250,0.3125,0.3125,89.60231382397092,89.3475,0.2363967613534193,historical_extension
L50_Ts130_Tr35p0_dT10_F1p2_LP40,0.5,130.0,35.0,10.0,1.2,0.4,S2a,800,1201,256,256,0.32,0.32,91.79434889106086,91.49184,0.134720693278477,historical_extension
L50_Ts130_Tr35p0_dT10_F1p2_LP40,0.5,130.0,35.0,10.0,1.2,0.4,S2b,800,1201,281,281,0.35125,0.35125,100.48571962434072,100.42659,0.1456622620059168,historical_extension
L50_Ts130_Tr35p0_dT10_F1p2_LP45,0.5,130.0,35.0,10.0,1.2,0.45,S1,800,1201,143,143,0.17875,0.17875,51.13724003828384,51.10677,0.2394766021860237,historical_extension
L50_Ts130_Tr35p0_dT10_F1p2_LP45,0.5,130.0,35.0,10.0,1.2,0.45,S2a,800,1201,149,149,0.18625,0.18625,53.29317674128019,53.25111,0.137399668325226,historical_extension
L50_Ts130_Tr35p0_dT10_F1p2_LP45,0.5,130.0,35.0,10.0,1.2,0.45,S2b,800,1201,162,162,0.2025,0.2025,57.9712377407845,57.89718,0.1472261447057457,historical_extension
L50_Ts130_Tr35p0_dT15_F0p8_LP20,0.5,130.0,35.0,15.0,0.8,0.2,S1,800,1201,800,533,1.0,0.66625,127.05313119095229,126.99257999999998,0.2333744876391813,historical_extension
L50_Ts130_Tr35p0_dT15_F0p8_LP20,0.5,130.0,35.0,15.0,0.8,0.2,S2a,800,1201,800,566,1.0,0.7075,135.01275842029796,134.85515999999998,0.1580341448413058,historical_extension
L50_Ts130_Tr35p0_dT15_F0p8_LP20,0.5,130.0,35.0,15.0,0.8,0.2,S2b,800,1201,800,795,1.0,0.99375,189.60991026052108,189.4167,0.203895291514337,historical_extension
L50_Ts130_Tr35p0_dT15_F0p8_LP30,0.5,130.0,35.0,15.0,0.8,0.3,S1,800,1201,698,533,0.8725,0.66625,127.05313119095476,126.99257999999998,0.2333744876391813,historical_extension
L50_Ts130_Tr35p0_dT15_F0p8_LP30,0.5,130.0,35.0,15.0,0.8,0.3,S2a,800,1201,708,566,0.885,0.7075,135.0127584203303,134.85515999999998,0.1580341448413058,historical_extension
L50_Ts130_Tr35p0_dT15_F0p8_LP30,0.5,130.0,35.0,15.0,0.8,0.3,S2b,800,1201,778,774,0.9725,0.9675,184.43307411624795,184.41324,0.2023772183314758,historical_extension
L50_Ts130_Tr35p0_dT15_F0p8_LP40,0.5,130.0,35.0,15.0,0.8,0.4,S1,800,1201,376,376,0.47,0.47,89.60231382397092,89.58576,0.2363871668336916,historical_extension
L50_Ts130_Tr35p0_dT15_F0p8_LP40,0.5,130.0,35.0,15.0,0.8,0.4,S2a,800,1201,385,385,0.48125,0.48125,91.79434889106086,91.73009999999998,0.1443915658751524,historical_extension
L50_Ts130_Tr35p0_dT15_F0p8_LP40,0.5,130.0,35.0,15.0,0.8,0.4,S2b,800,1201,421,421,0.52625,0.52625,100.48571962434072,100.30746,0.1618456530637934,historical_extension
L50_Ts130_Tr35p0_dT15_F0p8_LP45,0.5,130.0,35.0,15.0,0.8,0.45,S1,800,1201,214,214,0.2675,0.2675,51.13724003828384,50.98763999999999,0.2394957912254792,historical_extension
L50_Ts130_Tr35p0_dT15_F0p8_LP45,0.5,130.0,35.0,15.0,0.8,0.45,S2a,800,1201,223,223,0.27875,0.27875,53.29317674128019,53.13197999999999,0.1370846785928569,historical_extension
L50_Ts130_Tr35p0_dT15_F0p8_LP45,0.5,130.0,35.0,15.0,0.8,0.45,S2b,800,1201,243,243,0.30375,0.30375,57.9712377407845,57.89717999999999,0.1470555979244455,historical_extension
L50_Ts130_Tr35p0_dT15_F1p0_LP20,0.5,130.0,35.0,15.0,1.0,0.2,S1,800,1201,800,505,1.0,0.63125,150.54137403280458,150.401625,0.2314843672528166,historical_extension
L50_Ts130_Tr35p0_dT15_F1p0_LP20,0.5,130.0,35.0,15.0,1.0,0.2,S2a,800,1201,800,542,1.0,0.6775,161.52291333400547,161.42115,0.1574654897907522,historical_extension
L50_Ts130_Tr35p0_dT15_F1p0_LP20,0.5,130.0,35.0,15.0,1.0,0.2,S2b,800,1201,800,747,1.0,0.93375,222.7124138691624,222.475275,0.2024203479340056,historical_extension
L50_Ts130_Tr35p0_dT15_F1p0_LP30,0.5,130.0,35.0,15.0,1.0,0.3,S1,800,1201,559,505,0.69875,0.63125,150.54137403279054,150.401625,0.2314843672528166,historical_extension
L50_Ts130_Tr35p0_dT15_F1p0_LP30,0.5,130.0,35.0,15.0,1.0,0.3,S2a,800,1201,566,542,0.7075,0.6775,161.52291333406436,161.42115,0.1574654897907522,historical_extension
L50_Ts130_Tr35p0_dT15_F1p0_LP30,0.5,130.0,35.0,15.0,1.0,0.3,S2b,800,1201,622,622,0.7775,0.7775,185.48978373418555,185.24715,0.1902971384299123,historical_extension
L50_Ts130_Tr35p0_dT15_F1p0_LP40,0.5,130.0,35.0,15.0,1.0,0.4,S1,800,1201,300,300,0.375,0.375,89.60231382397092,89.3475,0.2364015586132831,historical_extension
L50_Ts130_Tr35p0_dT15_F1p0_LP40,0.5,130.0,35.0,15.0,1.0,0.4,S2a,800,1201,308,308,0.385,0.385,91.79434889106086,91.7301,0.1385679889516636,historical_extension
L50_Ts130_Tr35p0_dT15_F1p0_LP40,0.5,130.0,35.0,15.0,1.0,0.4,S2b,800,1201,337,337,0.42125,0.42125,100.48571962434072,100.367025,0.1518092897035649,historical_extension
L50_Ts130_Tr35p0_dT15_F1p0_LP45,0.5,130.0,35.0,15.0,1.0,0.45,S1,800,1201,171,171,0.21375,0.21375,51.13724003828384,50.928075,0.2394957912254792,historical_extension
L50_Ts130_Tr35p0_dT15_F1p0_LP45,0.5,130.0,35.0,15.0,1.0,0.45,S2a,800,1201,178,178,0.2225,0.2225,53.29317674128019,53.01285,0.1369322924000794,historical_extension
L50_Ts130_Tr35p0_dT15_F1p0_LP45,0.5,130.0,35.0,15.0,1.0,0.45,S2b,800,1201,194,194,0.2425,0.2425,57.9712377407845,57.77804999999999,0.1468226534125967,historical_extension
L50_Ts130_Tr35p0_dT15_F1p2_LP20,0.5,130.0,35.0,15.0,1.2,0.2,S1,800,1201,681,478,0.85125,0.5975,171.13222527672588,170.83241999999998,0.2298341098596454,historical_extension
L50_Ts130_Tr35p0_dT15_F1p2_LP20,0.5,130.0,35.0,15.0,1.2,0.2,S2a,800,1201,687,516,0.85875,0.645,184.76107643223224,184.41324,0.1567857014979212,historical_extension
L50_Ts130_Tr35p0_dT15_F1p2_LP20,0.5,130.0,35.0,15.0,1.2,0.2,S2b,800,1201,756,698,0.945,0.8725,249.803091298762,249.45821999999995,0.200752170069171,historical_extension
L50_Ts130_Tr35p0_dT15_F1p2_LP30,0.5,130.0,35.0,15.0,1.2,0.3,S1,800,1201,465,465,0.58125,0.58125,166.53246139534505,166.18634999999998,0.2302082961290273,historical_extension
L50_Ts130_Tr35p0_dT15_F1p2_LP30,0.5,130.0,35.0,15.0,1.2,0.3,S2a,800,1201,472,472,0.59,0.59,168.7882421209241,168.68808,0.1534783132449746,historical_extension
L50_Ts130_Tr35p0_dT15_F1p2_LP30,0.5,130.0,35.0,15.0,1.2,0.3,S2b,800,1201,519,519,0.64875,0.64875,185.48978373418555,185.48541,0.1802684527283633,historical_extension
L50_Ts130_Tr35p0_dT15_F1p2_LP40,0.5,130.0,35.0,15.0,1.2,0.4,S1,800,1201,250,250,0.3125,0.3125,89.60231382397092,89.3475,0.2363967613534193,historical_extension
L50_Ts130_Tr35p0_dT15_F1p2_LP40,0.5,130.0,35.0,15.0,1.2,0.4,S2a,800,1201,256,256,0.32,0.32,91.79434889106086,91.49184,0.1353767954541131,historical_extension
L50_Ts130_Tr35p0_dT15_F1p2_LP40,0.5,130.0,35.0,15.0,1.2,0.4,S2b,800,1201,281,281,0.35125,0.35125,100.48571962434072,100.42659,0.1467907350828794,historical_extension
L50_Ts130_Tr35p0_dT15_F1p2_LP45,0.5,130.0,35.0,15.0,1.2,0.45,S1,800,1201,143,143,0.17875,0.17875,51.13724003828384,51.10677,0.2394766021860237,historical_extension
L50_Ts130_Tr35p0_dT15_F1p2_LP45,0.5,130.0,35.0,15.0,1.2,0.45,S2a,800,1201,149,149,0.18625,0.18625,53.29317674128019,53.25111,0.137399668325226,historical_extension
L50_Ts130_Tr35p0_dT15_F1p2_LP45,0.5,130.0,35.0,15.0,1.2,0.45,S2b,800,1201,162,162,0.2025,0.2025,57.9712377407845,57.89718,0.1472261447057457,historical_extension
L50_Ts130_Tr41p44_dT5_F0p8_LP20,0.5,130.0,41.44,5.0,0.8,0.2,S1,800,1201,800,597,1.0,0.74625,132.66698096605631,132.59876255999998,0.2329242764153758,historical_extension
L50_Ts130_Tr41p44_dT5_F0p8_LP20,0.5,130.0,41.44,5.0,0.8,0.2,S2a,800,1201,800,638,1.0,0.7975,141.81745010135978,141.70521024,0.1552278796648712,historical_extension
L50_Ts130_Tr41p44_dT5_F0p8_LP20,0.5,130.0,41.44,5.0,0.8,0.2,S2b,800,1201,800,800,1.0,1.0,177.68678399983838,177.68678399999996,0.1914788815967396,historical_extension
L50_Ts130_Tr41p44_dT5_F0p8_LP30,0.5,130.0,41.44,5.0,0.8,0.3,S1,800,1201,749,597,0.93625,0.74625,132.6669809659645,132.59876255999998,0.2329242764153758,historical_extension
L50_Ts130_Tr41p44_dT5_F0p8_LP30,0.5,130.0,41.44,5.0,0.8,0.3,S2a,800,1201,759,638,0.94875,0.7975,141.81745010132238,141.70521024,0.1552278796648712,historical_extension
L50_Ts130_Tr41p44_dT5_F0p8_LP30,0.5,130.0,41.44,5.0,0.8,0.3,S2b,800,1201,800,800,1.0,1.0,177.68678399983838,177.68678399999996,0.1914788815967396,historical_extension
L50_Ts130_Tr41p44_dT5_F0p8_LP40,0.5,130.0,41.44,5.0,0.8,0.4,S1,800,1201,403,403,0.50375,0.50375,89.60231382397092,89.50971743999999,0.2363945919820114,historical_extension
L50_Ts130_Tr41p44_dT5_F0p8_LP40,0.5,130.0,41.44,5.0,0.8,0.4,S2a,800,1201,413,413,0.51625,0.51625,91.79434889106086,91.73080224,0.1407957289771329,historical_extension
L50_Ts130_Tr41p44_dT5_F0p8_LP40,0.5,130.0,41.44,5.0,0.8,0.4,S2b,800,1201,452,452,0.565,0.565,100.48571962434072,100.39303296,0.1557112487839651,historical_extension
L50_Ts130_Tr41p44_dT5_F0p8_LP45,0.5,130.0,41.44,5.0,0.8,0.45,S1,800,1201,230,230,0.2875,0.2875,51.13724003828384,51.0849504,0.239489254832671,historical_extension
L50_Ts130_Tr41p44_dT5_F0p8_LP45,0.5,130.0,41.44,5.0,0.8,0.45,S2a,800,1201,239,239,0.29875,0.29875,53.29317674128019,53.08392672,0.1369884071780575,historical_extension
L50_Ts130_Tr41p44_dT5_F0p8_LP45,0.5,130.0,41.44,5.0,0.8,0.45,S2b,800,1201,261,261,0.32625,0.32625,57.9712377407845,57.97031328,0.1472333978448106,historical_extension
L50_Ts130_Tr41p44_dT5_F1p0_LP20,0.5,130.0,41.44,5.0,1.0,0.2,S1,800,1201,800,565,1.0,0.70625,157.04099323195993,156.864114,0.2309655158249293,historical_extension
L50_Ts130_Tr41p44_dT5_F1p0_LP20,0.5,130.0,41.44,5.0,1.0,0.2,S2a,800,1201,800,611,1.0,0.76375,169.74961500658085,169.6353516,0.1545737139186503,historical_extension
L50_Ts130_Tr41p44_dT5_F1p0_LP20,0.5,130.0,41.44,5.0,1.0,0.2,S2b,800,1201,800,800,1.0,1.0,222.108479999798,222.10848,0.1942064218218347,historical_extension
L50_Ts130_Tr41p44_dT5_F1p0_LP30,0.5,130.0,41.44,5.0,1.0,0.3,S1,800,1201,599,565,0.74875,0.70625,157.0409932320539,156.864114,0.2309655158249293,historical_extension
L50_Ts130_Tr41p44_dT5_F1p0_LP30,0.5,130.0,41.44,5.0,1.0,0.3,S2a,800,1201,607,597,0.75875,0.74625,165.9620614605037,165.7484532,0.1536918645773648,historical_extension
L50_Ts130_Tr41p44_dT5_F1p0_LP30,0.5,130.0,41.44,5.0,1.0,0.3,S2b,800,1201,668,668,0.835,0.835,185.48978373418555,185.46058080000003,0.1822670672613664,historical_extension
L50_Ts130_Tr41p44_dT5_F1p0_LP40,0.5,130.0,41.44,5.0,1.0,0.4,S1,800,1201,322,322,0.4025,0.4025,89.60231382397092,89.39866320000002,0.236399064038154,historical_extension
L50_Ts130_Tr41p44_dT5_F1p0_LP40,0.5,130.0,41.44,5.0,1.0,0.4,S2a,800,1201,330,330,0.4125,0.4125,91.79434889106086,91.619748,0.1360949203133274,historical_extension
L50_Ts130_Tr41p44_dT5_F1p0_LP40,0.5,130.0,41.44,5.0,1.0,0.4,S2b,800,1201,361,361,0.45125,0.45125,100.48571962434072,100.2264516,0.1474985158558494,historical_extension
L50_Ts130_Tr41p44_dT5_F1p0_LP45,0.5,130.0,41.44,5.0,1.0,0.45,S1,800,1201,184,184,0.23,0.23,51.13724003828384,51.0849504,0.2394847827765284,historical_extension
L50_Ts130_Tr41p44_dT5_F1p0_LP45,0.5,130.0,41.44,5.0,1.0,0.45,S2a,800,1201,191,191,0.23875,0.23875,53.29317674128019,53.0283996,0.1369424708847851,historical_extension
L50_Ts130_Tr41p44_dT5_F1p0_LP45,0.5,130.0,41.44,5.0,1.0,0.45,S2b,800,1201,208,208,0.26,0.26,57.9712377407845,57.7482048,0.1467120278212065,historical_extension
L50_Ts130_Tr41p44_dT5_F1p2_LP20,0.5,130.0,41.44,5.0,1.2,0.2,S1,800,1201,730,535,0.9125,0.66875,178.316389150223,178.24205519999998,0.2292393021538967,historical_extension
L50_Ts130_Tr41p44_dT5_F1p2_LP20,0.5,130.0,41.44,5.0,1.2,0.2,S2a,800,1201,737,583,0.92125,0.72875,194.2580421696917,194.23386576,0.1539219202498057,historical_extension
L50_Ts130_Tr41p44_dT5_F1p2_LP20,0.5,130.0,41.44,5.0,1.2,0.2,S2b,800,1201,800,776,1.0,0.97,258.745067366313,258.53427072,0.1950249596795376,historical_extension
L50_Ts130_Tr41p44_dT5_F1p2_LP30,0.5,130.0,41.44,5.0,1.2,0.3,S1,800,1201,499,499,0.62375,0.62375,166.53246139534505,166.24819728,0.2302052662806922,historical_extension
L50_Ts130_Tr41p44_dT5_F1p2_LP30,0.5,130.0,41.44,5.0,1.2,0.3,S2a,800,1201,506,506,0.6325,0.6325,168.7882421209241,168.58033632,0.1486453510665274,historical_extension
L50_Ts130_Tr41p44_dT5_F1p2_LP30,0.5,130.0,41.44,5.0,1.2,0.3,S2b,800,1201,556,556,0.695,0.695,185.48978373418555,185.23847232,0.1719356168693815,historical_extension
L50_Ts130_Tr41p44_dT5_F1p2_LP40,0.5,130.0,41.44,5.0,1.2,0.4,S1,800,1201,268,268,0.335,0.335,89.60231382397092,89.28760896,0.2364035360942965,historical_extension
L50_Ts130_Tr41p44_dT5_F1p2_LP40,0.5,130.0,41.44,5.0,1.2,0.4,S2a,800,1201,275,275,0.34375,0.34375,91.79434889106086,91.619748,0.1348368039851773,historical_extension
L50_Ts130_Tr41p44_dT5_F1p2_LP40,0.5,130.0,41.44,5.0,1.2,0.4,S2b,800,1201,301,301,0.37625,0.37625,100.48571962434072,100.28197871999998,0.1454140353469945,historical_extension
L50_Ts130_Tr41p44_dT5_F1p2_LP45,0.5,130.0,41.44,5.0,1.2,0.45,S1,800,1201,153,153,0.19125,0.19125,51.13724003828384,50.97389616,0.239489254832671,historical_extension
L50_Ts130_Tr41p44_dT5_F1p2_LP45,0.5,130.0,41.44,5.0,1.2,0.45,S2a,800,1201,159,159,0.19875,0.19875,53.29317674128019,52.97287248,0.1368895613590035,historical_extension
L50_Ts130_Tr41p44_dT5_F1p2_LP45,0.5,130.0,41.44,5.0,1.2,0.45,S2b,800,1201,174,174,0.2175,0.2175,57.9712377407845,57.97031328,0.1473930642736909,historical_extension
L50_Ts130_Tr41p44_dT10_F0p8_LP20,0.5,130.0,41.44,10.0,0.8,0.2,S1,800,1201,800,561,1.0,0.70125,124.77538469412792,124.60285728,0.2335682524999061,historical_extension
L50_Ts130_Tr41p44_dT10_F0p8_LP20,0.5,130.0,41.44,10.0,0.8,0.2,S2a,800,1201,800,595,1.0,0.74375,132.2694439334491,132.15454559999998,0.1593041277204505,historical_extension
L50_Ts130_Tr41p44_dT10_F0p8_LP20,0.5,130.0,41.44,10.0,0.8,0.2,S2b,800,1201,800,800,1.0,1.0,177.68678399983838,177.68678399999996,0.2031215845636575,historical_extension
L50_Ts130_Tr41p44_dT10_F0p8_LP30,0.5,130.0,41.44,10.0,0.8,0.3,S1,800,1201,749,561,0.93625,0.70125,124.77538469414787,124.60285728,0.2335682524999061,historical_extension
L50_Ts130_Tr41p44_dT10_F0p8_LP30,0.5,130.0,41.44,10.0,0.8,0.3,S2a,800,1201,759,595,0.94875,0.74375,132.26944393342836,132.15454559999998,0.1593041277204505,historical_extension
L50_Ts130_Tr41p44_dT10_F0p8_LP30,0.5,130.0,41.44,10.0,0.8,0.3,S2b,800,1201,800,800,1.0,1.0,177.68678399983838,177.68678399999996,0.2031215845636575,historical_extension
L50_Ts130_Tr41p44_dT10_F0p8_LP40,0.5,130.0,41.44,10.0,0.8,0.4,S1,800,1201,403,403,0.50375,0.50375,89.60231382397092,89.50971743999999,0.2363945919820114,historical_extension
L50_Ts130_Tr41p44_dT10_F0p8_LP40,0.5,130.0,41.44,10.0,0.8,0.4,S2a,800,1201,413,413,0.51625,0.51625,91.79434889106086,91.73080224,0.1461036140741546,historical_extension
L50_Ts130_Tr41p44_dT10_F0p8_LP40,0.5,130.0,41.44,10.0,0.8,0.4,S2b,800,1201,452,452,0.565,0.565,100.48571962434072,100.39303296,0.1649446613729374,historical_extension
L50_Ts130_Tr41p44_dT10_F0p8_LP45,0.5,130.0,41.44,10.0,0.8,0.45,S1,800,1201,230,230,0.2875,0.2875,51.13724003828384,51.0849504,0.239489254832671,historical_extension
L50_Ts130_Tr41p44_dT10_F0p8_LP45,0.5,130.0,41.44,10.0,0.8,0.45,S2a,800,1201,239,239,0.29875,0.29875,53.29317674128019,53.08392672,0.1369884071780575,historical_extension
L50_Ts130_Tr41p44_dT10_F0p8_LP45,0.5,130.0,41.44,10.0,0.8,0.45,S2b,800,1201,261,261,0.32625,0.32625,57.9712377407845,57.97031328,0.1472333978448106,historical_extension
L50_Ts130_Tr41p44_dT10_F1p0_LP20,0.5,130.0,41.44,10.0,1.0,0.2,S1,800,1201,800,532,1.0,0.665,147.89899331339467,147.7021392,0.2317034050884537,historical_extension
L50_Ts130_Tr41p44_dT10_F1p0_LP20,0.5,130.0,41.44,10.0,1.0,0.2,S2a,800,1201,800,569,1.0,0.71125,158.16044732708204,157.9746564,0.1587183134999055,historical_extension
L50_Ts130_Tr41p44_dT10_F1p0_LP20,0.5,130.0,41.44,10.0,1.0,0.2,S2b,800,1201,800,790,1.0,0.9875,219.4857187986296,219.332124,0.2049558085155894,historical_extension
L50_Ts130_Tr41p44_dT10_F1p0_LP30,0.5,130.0,41.44,10.0,1.0,0.3,S1,800,1201,599,532,0.74875,0.665,147.89899331345734,147.7021392,0.2317034050884537,historical_extension
L50_Ts130_Tr41p44_dT10_F1p0_LP30,0.5,130.0,41.44,10.0,1.0,0.3,S2a,800,1201,607,569,0.75875,0.71125,158.16044732717071,157.9746564,0.1587183134999055,historical_extension
L50_Ts130_Tr41p44_dT10_F1p0_LP30,0.5,130.0,41.44,10.0,1.0,0.3,S2b,800,1201,668,668,0.835,0.835,185.48978373418555,185.46058080000003,0.1939571740699252,historical_extension
L50_Ts130_Tr41p44_dT10_F1p0_LP40,0.5,130.0,41.44,10.0,1.0,0.4,S1,800,1201,322,322,0.4025,0.4025,89.60231382397092,89.39866320000002,0.236399064038154,historical_extension
L50_Ts130_Tr41p44_dT10_F1p0_LP40,0.5,130.0,41.44,10.0,1.0,0.4,S2a,800,1201,330,330,0.4125,0.4125,91.79434889106086,91.619748,0.1397609138141091,historical_extension
L50_Ts130_Tr41p44_dT10_F1p0_LP40,0.5,130.0,41.44,10.0,1.0,0.4,S2b,800,1201,361,361,0.45125,0.45125,100.48571962434072,100.2264516,0.1538522341875517,historical_extension
L50_Ts130_Tr41p44_dT10_F1p0_LP45,0.5,130.0,41.44,10.0,1.0,0.45,S1,800,1201,184,184,0.23,0.23,51.13724003828384,51.0849504,0.2394847827765284,historical_extension
L50_Ts130_Tr41p44_dT10_F1p0_LP45,0.5,130.0,41.44,10.0,1.0,0.45,S2a,800,1201,191,191,0.23875,0.23875,53.29317674128019,53.0283996,0.1369424708847851,historical_extension
L50_Ts130_Tr41p44_dT10_F1p0_LP45,0.5,130.0,41.44,10.0,1.0,0.45,S2b,800,1201,208,208,0.26,0.26,57.9712377407845,57.7482048,0.1467120278212065,historical_extension
L50_Ts130_Tr41p44_dT10_F1p2_LP20,0.5,130.0,41.44,10.0,1.2,0.2,S1,800,1201,730,504,0.9125,0.63,168.20421837163067,167.91401087999998,0.230071104596415,historical_extension
L50_Ts130_Tr41p44_dT10_F1p2_LP20,0.5,130.0,41.44,10.0,1.2,0.2,S2a,800,1201,737,542,0.92125,0.6775,180.8984247168005,180.57419424,0.1580892004508036,historical_extension
L50_Ts130_Tr41p44_dT10_F1p2_LP20,0.5,130.0,41.44,10.0,1.2,0.2,S2b,800,1201,800,738,1.0,0.9225,246.15282876873803,245.87408736,0.2033001214618378,historical_extension
L50_Ts130_Tr41p44_dT10_F1p2_LP30,0.5,130.0,41.44,10.0,1.2,0.3,S1,800,1201,499,499,0.62375,0.62375,166.53246139534505,166.24819728,0.2302052662806922,historical_extension
L50_Ts130_Tr41p44_dT10_F1p2_LP30,0.5,130.0,41.44,10.0,1.2,0.3,S2a,800,1201,506,506,0.6325,0.6325,168.7882421209241,168.58033632,0.1555454988095528,historical_extension
L50_Ts130_Tr41p44_dT10_F1p2_LP30,0.5,130.0,41.44,10.0,1.2,0.3,S2b,800,1201,556,556,0.695,0.695,185.48978373418555,185.23847232,0.1837367697405307,historical_extension
L50_Ts130_Tr41p44_dT10_F1p2_LP40,0.5,130.0,41.44,10.0,1.2,0.4,S1,800,1201,268,268,0.335,0.335,89.60231382397092,89.28760896,0.2364035360942965,historical_extension
L50_Ts130_Tr41p44_dT10_F1p2_LP40,0.5,130.0,41.44,10.0,1.2,0.4,S2a,800,1201,275,275,0.34375,0.34375,91.79434889106086,91.619748,0.1362145316653957,historical_extension
L50_Ts130_Tr41p44_dT10_F1p2_LP40,0.5,130.0,41.44,10.0,1.2,0.4,S2b,800,1201,301,301,0.37625,0.37625,100.48571962434072,100.28197871999998,0.1477946122281306,historical_extension
L50_Ts130_Tr41p44_dT10_F1p2_LP45,0.5,130.0,41.44,10.0,1.2,0.45,S1,800,1201,153,153,0.19125,0.19125,51.13724003828384,50.97389616,0.239489254832671,historical_extension
L50_Ts130_Tr41p44_dT10_F1p2_LP45,0.5,130.0,41.44,10.0,1.2,0.45,S2a,800,1201,159,159,0.19875,0.19875,53.29317674128019,52.97287248,0.1368895613590035,historical_extension
L50_Ts130_Tr41p44_dT10_F1p2_LP45,0.5,130.0,41.44,10.0,1.2,0.45,S2b,800,1201,174,174,0.2175,0.2175,57.9712377407845,57.97031328,0.1473930642736909,historical_extension
L50_Ts130_Tr41p44_dT15_F0p8_LP20,0.5,130.0,41.44,15.0,0.8,0.2,S1,800,1201,800,526,1.0,0.6575,116.83628442008516,116.82906048,0.2341943403598661,historical_extension
L50_Ts130_Tr41p44_dT15_F0p8_LP20,0.5,130.0,41.44,15.0,0.8,0.2,S2a,800,1201,800,552,1.0,0.69,122.71585998022964,122.60388095999998,0.1643454934375592,historical_extension
L50_Ts130_Tr41p44_dT15_F0p8_LP20,0.5,130.0,41.44,15.0,0.8,0.2,S2b,800,1201,800,799,1.0,0.99875,177.48996603060775,177.46467552,0.2161988436777783,historical_extension
L50_Ts130_Tr41p44_dT15_F0p8_LP30,0.5,130.0,41.44,15.0,0.8,0.3,S1,800,1201,749,526,0.93625,0.6575,116.83628442003588,116.82906048,0.2341943403598661,historical_extension
L50_Ts130_Tr41p44_dT15_F0p8_LP30,0.5,130.0,41.44,15.0,0.8,0.3,S2a,800,1201,759,552,0.94875,0.69,122.71585998034884,122.60388095999998,0.1643454934375592,historical_extension
L50_Ts130_Tr41p44_dT15_F0p8_LP30,0.5,130.0,41.44,15.0,0.8,0.3,S2b,800,1201,800,799,1.0,0.99875,177.48996603060775,177.46467552,0.2161988436777783,historical_extension
L50_Ts130_Tr41p44_dT15_F0p8_LP40,0.5,130.0,41.44,15.0,0.8,0.4,S1,800,1201,403,403,0.50375,0.50375,89.60231382397092,89.50971743999999,0.2363945919820114,historical_extension
L50_Ts130_Tr41p44_dT15_F0p8_LP40,0.5,130.0,41.44,15.0,0.8,0.4,S2a,800,1201,413,413,0.51625,0.51625,91.79434889106086,91.73080224,0.1533486773321183,historical_extension
L50_Ts130_Tr41p44_dT15_F0p8_LP40,0.5,130.0,41.44,15.0,0.8,0.4,S2b,800,1201,452,452,0.565,0.565,100.48571962434072,100.39303296,0.1775944741457449,historical_extension
L50_Ts130_Tr41p44_dT15_F0p8_LP45,0.5,130.0,41.44,15.0,0.8,0.45,S1,800,1201,230,230,0.2875,0.2875,51.13724003828384,51.0849504,0.239489254832671,historical_extension
L50_Ts130_Tr41p44_dT15_F0p8_LP45,0.5,130.0,41.44,15.0,0.8,0.45,S2a,800,1201,239,239,0.29875,0.29875,53.29317674128019,53.08392672,0.1377858974739063,historical_extension
L50_Ts130_Tr41p44_dT15_F0p8_LP45,0.5,130.0,41.44,15.0,0.8,0.45,S2b,800,1201,261,261,0.32625,0.32625,57.9712377407845,57.97031328,0.1486471436628953,historical_extension
L50_Ts130_Tr41p44_dT15_F1p0_LP20,0.5,130.0,41.44,15.0,1.0,0.2,S1,800,1201,800,499,1.0,0.62375,138.6665525870738,138.5401644,0.232441294351978,historical_extension
L50_Ts130_Tr41p44_dT15_F1p0_LP20,0.5,130.0,41.44,15.0,1.0,0.2,S2a,800,1201,800,527,1.0,0.65875,146.55839854261438,146.31396120000002,0.1638404893588456,historical_extension
L50_Ts130_Tr41p44_dT15_F1p0_LP20,0.5,130.0,41.44,15.0,1.0,0.2,S2b,800,1201,800,750,1.0,0.9375,208.2349394920536,208.2267,0.2148606306425099,historical_extension
L50_Ts130_Tr41p44_dT15_F1p0_LP30,0.5,130.0,41.44,15.0,1.0,0.3,S1,800,1201,599,499,0.74875,0.62375,138.666552587191,138.5401644,0.232441294351978,historical_extension
L50_Ts130_Tr41p44_dT15_F1p0_LP30,0.5,130.0,41.44,15.0,1.0,0.3,S2a,800,1201,607,527,0.75875,0.65875,146.5583985426726,146.31396120000002,0.1638404893588456,historical_extension
L50_Ts130_Tr41p44_dT15_F1p0_LP30,0.5,130.0,41.44,15.0,1.0,0.3,S2b,800,1201,668,668,0.835,0.835,185.48978373418555,185.46058080000003,0.2075737942466015,historical_extension
L50_Ts130_Tr41p44_dT15_F1p0_LP40,0.5,130.0,41.44,15.0,1.0,0.4,S1,800,1201,322,322,0.4025,0.4025,89.60231382397092,89.39866320000002,0.236399064038154,historical_extension
L50_Ts130_Tr41p44_dT15_F1p0_LP40,0.5,130.0,41.44,15.0,1.0,0.4,S2a,800,1201,330,330,0.4125,0.4125,91.79434889106086,91.619748,0.1460137072091182,historical_extension
L50_Ts130_Tr41p44_dT15_F1p0_LP40,0.5,130.0,41.44,15.0,1.0,0.4,S2b,800,1201,361,361,0.45125,0.45125,100.48571962434072,100.2264516,0.1647272671673837,historical_extension
L50_Ts130_Tr41p44_dT15_F1p0_LP45,0.5,130.0,41.44,15.0,1.0,0.45,S1,800,1201,184,184,0.23,0.23,51.13724003828384,51.0849504,0.2394847827765284,historical_extension
L50_Ts130_Tr41p44_dT15_F1p0_LP45,0.5,130.0,41.44,15.0,1.0,0.45,S2a,800,1201,191,191,0.23875,0.23875,53.29317674128019,53.0283996,0.1369424708847851,historical_extension
L50_Ts130_Tr41p44_dT15_F1p0_LP45,0.5,130.0,41.44,15.0,1.0,0.45,S2b,800,1201,208,208,0.26,0.26,57.9712377407845,57.7482048,0.1467120278212065,historical_extension
L50_Ts130_Tr41p44_dT15_F1p2_LP20,0.5,130.0,41.44,15.0,1.2,0.2,S1,800,1201,730,474,0.9125,0.5925,157.94261860923086,157.91912928,0.2308760747020779,historical_extension
L50_Ts130_Tr41p44_dT15_F1p2_LP20,0.5,130.0,41.44,15.0,1.2,0.2,S2a,800,1201,737,502,0.92125,0.6275,167.4664862146389,167.24768544,0.1633277943504054,historical_extension
L50_Ts130_Tr41p44_dT15_F1p2_LP20,0.5,130.0,41.44,15.0,1.2,0.2,S2b,800,1201,800,700,1.0,0.875,233.3789718624368,233.213904,0.2132958919358382,historical_extension
L50_Ts130_Tr41p44_dT15_F1p2_LP30,0.5,130.0,41.44,15.0,1.2,0.3,S1,800,1201,499,474,0.62375,0.5925,157.94261860937667,157.91912928,0.2308760747020779,historical_extension
L50_Ts130_Tr41p44_dT15_F1p2_LP30,0.5,130.0,41.44,15.0,1.2,0.3,S2a,800,1201,506,499,0.6325,0.62375,166.47826563576922,166.24819728,0.1630913036429943,historical_extension
L50_Ts130_Tr41p44_dT15_F1p2_LP30,0.5,130.0,41.44,15.0,1.2,0.3,S2b,800,1201,556,556,0.695,0.695,185.48978373418555,185.23847232,0.1978839421824143,historical_extension
L50_Ts130_Tr41p44_dT15_F1p2_LP40,0.5,130.0,41.44,15.0,1.2,0.4,S1,800,1201,268,268,0.335,0.335,89.60231382397092,89.28760896,0.2364035360942965,historical_extension
L50_Ts130_Tr41p44_dT15_F1p2_LP40,0.5,130.0,41.44,15.0,1.2,0.4,S2a,800,1201,275,275,0.34375,0.34375,91.79434889106086,91.619748,0.1409036467308853,historical_extension
L50_Ts130_Tr41p44_dT15_F1p2_LP40,0.5,130.0,41.44,15.0,1.2,0.4,S2b,800,1201,301,301,0.37625,0.37625,100.48571962434072,100.28197871999998,0.155920945471029,historical_extension
L50_Ts130_Tr41p44_dT15_F1p2_LP45,0.5,130.0,41.44,15.0,1.2,0.45,S1,800,1201,153,153,0.19125,0.19125,51.13724003828384,50.97389616,0.239489254832671,historical_extension
L50_Ts130_Tr41p44_dT15_F1p2_LP45,0.5,130.0,41.44,15.0,1.2,0.45,S2a,800,1201,159,159,0.19875,0.19875,53.29317674128019,52.97287248,0.1368895613590035,historical_extension
L50_Ts130_Tr41p44_dT15_F1p2_LP45,0.5,130.0,41.44,15.0,1.2,0.45,S2b,800,1201,174,174,0.2175,0.2175,57.9712377407845,57.97031328,0.1473930642736909,historical_extension
L50_Ts130_Tr50p0_dT5_F0p8_LP20,0.5,130.0,50.0,5.0,0.8,0.2,S1,800,1201,800,593,1.0,0.74125,119.1274898946339,118.97951999999998,0.2340228751828875,narrow_sensitivity
L50_Ts130_Tr50p0_dT5_F0p8_LP20,0.5,130.0,50.0,5.0,0.8,0.2,S2a,800,1201,800,625,1.0,0.78125,125.45783992225796,125.39999999999998,0.1627826473801336,narrow_sensitivity
L50_Ts130_Tr50p0_dT5_F0p8_LP20,0.5,130.0,50.0,5.0,0.8,0.2,S2b,800,1201,800,800,1.0,1.0,160.51199999985397,160.51199999999997,0.2056513670435946,narrow_sensitivity
L50_Ts130_Tr50p0_dT5_F0p8_LP30,0.5,130.0,50.0,5.0,0.8,0.3,S1,800,1201,800,593,1.0,0.74125,119.1274898946339,118.97951999999998,0.2340228751828875,narrow_sensitivity
L50_Ts130_Tr50p0_dT5_F0p8_LP30,0.5,130.0,50.0,5.0,0.8,0.3,S2a,800,1201,800,625,1.0,0.78125,125.45783992225796,125.39999999999998,0.1627826473801336,narrow_sensitivity
L50_Ts130_Tr50p0_dT5_F0p8_LP30,0.5,130.0,50.0,5.0,0.8,0.3,S2b,800,1201,800,800,1.0,1.0,160.51199999985397,160.51199999999997,0.2056513670435946,narrow_sensitivity
L50_Ts130_Tr50p0_dT5_F0p8_LP40,0.5,130.0,50.0,5.0,0.8,0.4,S1,800,1201,446,446,0.5575,0.5575,89.60231382397092,89.48543999999998,0.2363982762775869,narrow_sensitivity
L50_Ts130_Tr50p0_dT5_F0p8_LP40,0.5,130.0,50.0,5.0,0.8,0.4,S2a,800,1201,457,457,0.57125,0.57125,91.79434889106086,91.69247999999996,0.1510073734473701,narrow_sensitivity
L50_Ts130_Tr50p0_dT5_F0p8_LP40,0.5,130.0,50.0,5.0,0.8,0.4,S2b,800,1201,500,500,0.625,0.625,100.48571962434072,100.31999999999998,0.1734649629191043,narrow_sensitivity
L50_Ts130_Tr50p0_dT5_F0p8_LP45,0.5,130.0,50.0,5.0,0.8,0.45,S1,800,1201,254,254,0.3175,0.3175,51.13724003828384,50.96256,0.2395008409727043,narrow_sensitivity
L50_Ts130_Tr50p0_dT5_F0p8_LP45,0.5,130.0,50.0,5.0,0.8,0.45,S2a,800,1201,265,265,0.33125,0.33125,53.29317674128019,53.16959999999999,0.1373370414587164,narrow_sensitivity
L50_Ts130_Tr50p0_dT5_F0p8_LP45,0.5,130.0,50.0,5.0,0.8,0.45,S2b,800,1201,288,288,0.36,0.36,57.9712377407845,57.78431999999999,0.1470834933223951,narrow_sensitivity
L50_Ts130_Tr50p0_dT5_F1p0_LP20,0.5,130.0,50.0,5.0,1.0,0.2,S1,800,1201,800,563,1.0,0.70375,141.33449147983106,141.2004,0.2322292049685227,narrow_sensitivity
L50_Ts130_Tr50p0_dT5_F1p0_LP20,0.5,130.0,50.0,5.0,1.0,0.2,S2a,800,1201,800,597,1.0,0.74625,149.8972177866771,149.7276,0.1622532483474232,narrow_sensitivity
L50_Ts130_Tr50p0_dT5_F1p0_LP20,0.5,130.0,50.0,5.0,1.0,0.2,S2b,800,1201,800,800,1.0,1.0,200.63999999981752,200.64,0.208434072283547,narrow_sensitivity
L50_Ts130_Tr50p0_dT5_F1p0_LP30,0.5,130.0,50.0,5.0,1.0,0.3,S1,800,1201,664,563,0.83,0.70375,141.33449147980542,141.2004,0.2322292049685227,main_reference
L50_Ts130_Tr50p0_dT5_F1p0_LP30,0.5,130.0,50.0,5.0,1.0,0.3,S2a,800,1201,672,597,0.84,0.74625,149.89721778660652,149.7276,0.1622532483474232,main_reference
L50_Ts130_Tr50p0_dT5_F1p0_LP30,0.5,130.0,50.0,5.0,1.0,0.3,S2b,800,1201,739,739,0.92375,0.92375,185.48978373418555,185.3412,0.2033697804995729,main_reference
L50_Ts130_Tr50p0_dT5_F1p0_LP40,0.5,130.0,50.0,5.0,1.0,0.4,S1,800,1201,357,357,0.44625,0.44625,89.60231382397092,89.53559999999999,0.2363901966820267,narrow_sensitivity
L50_Ts130_Tr50p0_dT5_F1p0_LP40,0.5,130.0,50.0,5.0,1.0,0.4,S2a,800,1201,366,366,0.4575,0.4575,91.79434889106086,91.7928,0.144077518318042,narrow_sensitivity
L50_Ts130_Tr50p0_dT5_F1p0_LP40,0.5,130.0,50.0,5.0,1.0,0.4,S2b,800,1201,400,400,0.5,0.5,100.48571962434072,100.32,0.1612131477824222,narrow_sensitivity
L50_Ts130_Tr50p0_dT5_F1p0_LP45,0.5,130.0,50.0,5.0,1.0,0.45,S1,800,1201,203,203,0.25375,0.25375,51.13724003828384,50.9124,0.2395008409727043,narrow_sensitivity
L50_Ts130_Tr50p0_dT5_F1p0_LP45,0.5,130.0,50.0,5.0,1.0,0.45,S2a,800,1201,212,212,0.265,0.265,53.29317674128019,53.1696,0.1371667432317835,narrow_sensitivity
L50_Ts130_Tr50p0_dT5_F1p0_LP45,0.5,130.0,50.0,5.0,1.0,0.45,S2b,800,1201,231,231,0.28875,0.28875,57.9712377407845,57.9348,0.1471822665061722,narrow_sensitivity
L50_Ts130_Tr50p0_dT5_F1p2_LP20,0.5,130.0,50.0,5.0,1.2,0.2,S1,800,1201,800,534,1.0,0.6675,160.91278280821535,160.71263999999996,0.2306536838342834,narrow_sensitivity
L50_Ts130_Tr50p0_dT5_F1p2_LP20,0.5,130.0,50.0,5.0,1.2,0.2,S2a,800,1201,800,569,1.0,0.71125,171.35684407714308,171.24624,0.1617270983555556,narrow_sensitivity
L50_Ts130_Tr50p0_dT5_F1p2_LP20,0.5,130.0,50.0,5.0,1.2,0.2,S2b,800,1201,800,787,1.0,0.98375,237.0194845189088,236.85552,0.2102010576817411,narrow_sensitivity
L50_Ts130_Tr50p0_dT5_F1p2_LP30,0.5,130.0,50.0,5.0,1.2,0.3,S1,800,1201,553,534,0.69125,0.6675,160.91278280833674,160.71263999999996,0.2306536838342834,narrow_sensitivity
L50_Ts130_Tr50p0_dT5_F1p2_LP30,0.5,130.0,50.0,5.0,1.2,0.3,S2a,800,1201,560,555,0.7,0.69375,167.17155383522032,167.03279999999998,0.1607630494077537,narrow_sensitivity
L50_Ts130_Tr50p0_dT5_F1p2_LP30,0.5,130.0,50.0,5.0,1.2,0.3,S2b,800,1201,616,616,0.77,0.77,185.48978373418555,185.39136,0.1936174496927463,narrow_sensitivity
L50_Ts130_Tr50p0_dT5_F1p2_LP40,0.5,130.0,50.0,5.0,1.2,0.4,S1,800,1201,297,297,0.37125,0.37125,89.60231382397092,89.38511999999999,0.2363982762775869,narrow_sensitivity
L50_Ts130_Tr50p0_dT5_F1p2_LP40,0.5,130.0,50.0,5.0,1.2,0.4,S2a,800,1201,305,305,0.38125,0.38125,91.79434889106086,91.7928,0.1393504027921483,narrow_sensitivity
L50_Ts130_Tr50p0_dT5_F1p2_LP40,0.5,130.0,50.0,5.0,1.2,0.4,S2b,800,1201,333,333,0.41625,0.41625,100.48571962434072,100.21967999999998,0.1528393216212157,narrow_sensitivity
L50_Ts130_Tr50p0_dT5_F1p2_LP45,0.5,130.0,50.0,5.0,1.2,0.45,S1,800,1201,169,169,0.21125,0.21125,51.13724003828384,50.86223999999999,0.2395008409727043,narrow_sensitivity
L50_Ts130_Tr50p0_dT5_F1p2_LP45,0.5,130.0,50.0,5.0,1.2,0.45,S2a,800,1201,177,177,0.22125,0.22125,53.29317674128019,53.26991999999999,0.1373872233505574,narrow_sensitivity
L50_Ts130_Tr50p0_dT5_F1p2_LP45,0.5,130.0,50.0,5.0,1.2,0.45,S2b,800,1201,192,192,0.24,0.24,57.9712377407845,57.78431999999999,0.1468407738886326,narrow_sensitivity
L50_Ts130_Tr50p0_dT10_F0p8_LP20,0.5,130.0,50.0,10.0,0.8,0.2,S1,800,1201,800,554,1.0,0.6925,111.15585921566142,111.15456,0.2346530836365832,narrow_sensitivity
L50_Ts130_Tr50p0_dT10_F0p8_LP20,0.5,130.0,50.0,10.0,0.8,0.2,S2a,800,1201,800,577,1.0,0.72125,115.8836120313392,115.76927999999998,0.1687347464975352,narrow_sensitivity
L50_Ts130_Tr50p0_dT10_F0p8_LP20,0.5,130.0,50.0,10.0,0.8,0.2,S2b,800,1201,800,800,1.0,1.0,160.51199999985397,160.51199999999997,0.2206853877826641,narrow_sensitivity
L50_Ts130_Tr50p0_dT10_F0p8_LP30,0.5,130.0,50.0,10.0,0.8,0.3,S1,800,1201,800,554,1.0,0.6925,111.15585921566142,111.15456,0.2346530836365832,narrow_sensitivity
L50_Ts130_Tr50p0_dT10_F0p8_LP30,0.5,130.0,50.0,10.0,0.8,0.3,S2a,800,1201,800,577,1.0,0.72125,115.8836120313392,115.76927999999998,0.1687347464975352,narrow_sensitivity
L50_Ts130_Tr50p0_dT10_F0p8_LP30,0.5,130.0,50.0,10.0,0.8,0.3,S2b,800,1201,800,800,1.0,1.0,160.51199999985397,160.51199999999997,0.2206853877826641,narrow_sensitivity
L50_Ts130_Tr50p0_dT10_F0p8_LP40,0.5,130.0,50.0,10.0,0.8,0.4,S1,800,1201,446,446,0.5575,0.5575,89.60231382397092,89.48543999999998,0.2363982762775869,narrow_sensitivity
L50_Ts130_Tr50p0_dT10_F0p8_LP40,0.5,130.0,50.0,10.0,0.8,0.4,S2a,800,1201,457,457,0.57125,0.57125,91.79434889106086,91.69247999999996,0.1598013683152282,narrow_sensitivity
L50_Ts130_Tr50p0_dT10_F0p8_LP40,0.5,130.0,50.0,10.0,0.8,0.4,S2b,800,1201,500,500,0.625,0.625,100.48571962434072,100.31999999999998,0.1888535355788934,narrow_sensitivity
L50_Ts130_Tr50p0_dT10_F0p8_LP45,0.5,130.0,50.0,10.0,0.8,0.45,S1,800,1201,254,254,0.3175,0.3175,51.13724003828384,50.96256,0.2395008409727043,narrow_sensitivity
L50_Ts130_Tr50p0_dT10_F0p8_LP45,0.5,130.0,50.0,10.0,0.8,0.45,S2a,800,1201,265,265,0.33125,0.33125,53.29317674128019,53.16959999999999,0.1409802263410765,narrow_sensitivity
L50_Ts130_Tr50p0_dT10_F0p8_LP45,0.5,130.0,50.0,10.0,0.8,0.45,S2b,800,1201,288,288,0.36,0.36,57.9712377407845,57.78431999999999,0.1535791504249894,narrow_sensitivity
L50_Ts130_Tr50p0_dT10_F1p0_LP20,0.5,130.0,50.0,10.0,1.0,0.2,S1,800,1201,800,526,1.0,0.6575,132.0404935525276,131.9208,0.2329765675578414,narrow_sensitivity
L50_Ts130_Tr50p0_dT10_F1p0_LP20,0.5,130.0,50.0,10.0,1.0,0.2,S2a,800,1201,800,551,1.0,0.68875,138.24360985289383,138.1908,0.1683578707909929,narrow_sensitivity
L50_Ts130_Tr50p0_dT10_F1p0_LP20,0.5,130.0,50.0,10.0,1.0,0.2,S2b,800,1201,800,798,1.0,0.9975,200.15744772209672,200.1384,0.223168884546563,narrow_sensitivity
L50_Ts130_Tr50p0_dT10_F1p0_LP30,0.5,130.0,50.0,10.0,1.0,0.3,S1,800,1201,664,526,0.83,0.6575,132.0404935526044,131.9208,0.2329765675578414,narrow_sensitivity
L50_Ts130_Tr50p0_dT10_F1p0_LP30,0.5,130.0,50.0,10.0,1.0,0.3,S2a,800,1201,672,551,0.84,0.68875,138.2436098530295,138.1908,0.1683578707909929,narrow_sensitivity
L50_Ts130_Tr50p0_dT10_F1p0_LP30,0.5,130.0,50.0,10.0,1.0,0.3,S2b,800,1201,739,739,0.92375,0.92375,185.48978373418555,185.3412,0.2185656195788947,narrow_sensitivity
L50_Ts130_Tr50p0_dT10_F1p0_LP40,0.5,130.0,50.0,10.0,1.0,0.4,S1,800,1201,357,357,0.44625,0.44625,89.60231382397092,89.53559999999999,0.2363901966820267,narrow_sensitivity
L50_Ts130_Tr50p0_dT10_F1p0_LP40,0.5,130.0,50.0,10.0,1.0,0.4,S2a,800,1201,366,366,0.4575,0.4575,91.79434889106086,91.7928,0.1523351199444443,narrow_sensitivity
L50_Ts130_Tr50p0_dT10_F1p0_LP40,0.5,130.0,50.0,10.0,1.0,0.4,S2b,800,1201,400,400,0.5,0.5,100.48571962434072,100.32,0.1756339455724729,narrow_sensitivity
L50_Ts130_Tr50p0_dT10_F1p0_LP45,0.5,130.0,50.0,10.0,1.0,0.45,S1,800,1201,203,203,0.25375,0.25375,51.13724003828384,50.9124,0.2395008409727043,narrow_sensitivity
L50_Ts130_Tr50p0_dT10_F1p0_LP45,0.5,130.0,50.0,10.0,1.0,0.45,S2a,800,1201,212,212,0.265,0.265,53.29317674128019,53.1696,0.1375269276996621,narrow_sensitivity
L50_Ts130_Tr50p0_dT10_F1p0_LP45,0.5,130.0,50.0,10.0,1.0,0.45,S2b,800,1201,231,231,0.28875,0.28875,57.9712377407845,57.9348,0.1478248854768928,narrow_sensitivity
L50_Ts130_Tr50p0_dT10_F1p2_LP20,0.5,130.0,50.0,10.0,1.2,0.2,S1,800,1201,800,500,1.0,0.625,150.54988352996202,150.48,0.2314778025814239,narrow_sensitivity
L50_Ts130_Tr50p0_dT10_F1p2_LP20,0.5,130.0,50.0,10.0,1.2,0.2,S2a,800,1201,800,524,1.0,0.655,157.84631535763242,157.70304,0.1678811000004189,narrow_sensitivity
L50_Ts130_Tr50p0_dT10_F1p2_LP20,0.5,130.0,50.0,10.0,1.2,0.2,S2b,800,1201,800,744,1.0,0.93,224.1886991001366,223.91424,0.2216919927477104,narrow_sensitivity
L50_Ts130_Tr50p0_dT10_F1p2_LP30,0.5,130.0,50.0,10.0,1.2,0.3,S1,800,1201,553,500,0.69125,0.625,150.5498835299866,150.48,0.2314778025814239,narrow_sensitivity
L50_Ts130_Tr50p0_dT10_F1p2_LP30,0.5,130.0,50.0,10.0,1.2,0.3,S2a,800,1201,560,524,0.7,0.655,157.84631535768352,157.70304,0.1678811000004189,narrow_sensitivity
L50_Ts130_Tr50p0_dT10_F1p2_LP30,0.5,130.0,50.0,10.0,1.2,0.3,S2b,800,1201,616,616,0.77,0.77,185.48978373418555,185.39136,0.2096412419480394,narrow_sensitivity
L50_Ts130_Tr50p0_dT10_F1p2_LP40,0.5,130.0,50.0,10.0,1.2,0.4,S1,800,1201,297,297,0.37125,0.37125,89.60231382397092,89.38511999999999,0.2363982762775869,narrow_sensitivity
L50_Ts130_Tr50p0_dT10_F1p2_LP40,0.5,130.0,50.0,10.0,1.2,0.4,S2a,800,1201,305,305,0.38125,0.38125,91.79434889106086,91.7928,0.1465782201335559,narrow_sensitivity
L50_Ts130_Tr50p0_dT10_F1p2_LP40,0.5,130.0,50.0,10.0,1.2,0.4,S2b,800,1201,333,333,0.41625,0.41625,100.48571962434072,100.21967999999998,0.1654332967412473,narrow_sensitivity
L50_Ts130_Tr50p0_dT10_F1p2_LP45,0.5,130.0,50.0,10.0,1.2,0.45,S1,800,1201,169,169,0.21125,0.21125,51.13724003828384,50.86223999999999,0.2395008409727043,narrow_sensitivity
L50_Ts130_Tr50p0_dT10_F1p2_LP45,0.5,130.0,50.0,10.0,1.2,0.45,S2a,800,1201,177,177,0.22125,0.22125,53.29317674128019,53.26991999999999,0.1373872233505574,narrow_sensitivity
L50_Ts130_Tr50p0_dT10_F1p2_LP45,0.5,130.0,50.0,10.0,1.2,0.45,S2b,800,1201,192,192,0.24,0.24,57.9712377407845,57.78431999999999,0.1468407738886326,narrow_sensitivity
L50_Ts130_Tr50p0_dT15_F0p8_LP20,0.5,130.0,50.0,15.0,0.8,0.2,S1,800,1201,800,514,1.0,0.6425,103.14025162444332,103.12896,0.2352994512813994,narrow_sensitivity
L50_Ts130_Tr50p0_dT15_F0p8_LP20,0.5,130.0,50.0,15.0,0.8,0.2,S2a,800,1201,800,529,1.0,0.66125,106.31448835475604,106.13855999999998,0.1765428770055943,narrow_sensitivity
L50_Ts130_Tr50p0_dT15_F0p8_LP20,0.5,130.0,50.0,15.0,0.8,0.2,S2b,800,1201,800,800,1.0,1.0,160.51199999985397,160.51199999999997,0.2381180919920911,narrow_sensitivity
L50_Ts130_Tr50p0_dT15_F0p8_LP30,0.5,130.0,50.0,15.0,0.8,0.3,S1,800,1201,800,514,1.0,0.6425,103.14025162444332,103.12896,0.2352994512813994,narrow_sensitivity
L50_Ts130_Tr50p0_dT15_F0p8_LP30,0.5,130.0,50.0,15.0,0.8,0.3,S2a,800,1201,800,529,1.0,0.66125,106.31448835475604,106.13855999999998,0.1765428770055943,narrow_sensitivity
L50_Ts130_Tr50p0_dT15_F0p8_LP30,0.5,130.0,50.0,15.0,0.8,0.3,S2b,800,1201,800,800,1.0,1.0,160.51199999985397,160.51199999999997,0.2381180919920911,narrow_sensitivity
L50_Ts130_Tr50p0_dT15_F0p8_LP40,0.5,130.0,50.0,15.0,0.8,0.4,S1,800,1201,446,446,0.5575,0.5575,89.60231382397092,89.48543999999998,0.2363982762775869,narrow_sensitivity
L50_Ts130_Tr50p0_dT15_F0p8_LP40,0.5,130.0,50.0,15.0,0.8,0.4,S2a,800,1201,457,457,0.57125,0.57125,91.79434889106086,91.69247999999996,0.1711107998834808,narrow_sensitivity
L50_Ts130_Tr50p0_dT15_F0p8_LP40,0.5,130.0,50.0,15.0,0.8,0.4,S2b,800,1201,500,500,0.625,0.625,100.48571962434072,100.31999999999998,0.2087122578308008,narrow_sensitivity
L50_Ts130_Tr50p0_dT15_F0p8_LP45,0.5,130.0,50.0,15.0,0.8,0.45,S1,800,1201,254,254,0.3175,0.3175,51.13724003828384,50.96256,0.2395008409727043,narrow_sensitivity
L50_Ts130_Tr50p0_dT15_F0p8_LP45,0.5,130.0,50.0,15.0,0.8,0.45,S2a,800,1201,265,265,0.33125,0.33125,53.29317674128019,53.16959999999999,0.1496577462033383,narrow_sensitivity
L50_Ts130_Tr50p0_dT15_F0p8_LP45,0.5,130.0,50.0,15.0,0.8,0.45,S2b,800,1201,288,288,0.36,0.36,57.9712377407845,57.78431999999999,0.1690494541336686,narrow_sensitivity
L50_Ts130_Tr50p0_dT15_F1p0_LP20,0.5,130.0,50.0,15.0,1.0,0.2,S1,800,1201,800,489,1.0,0.61125,122.66377154011045,122.64119999999998,0.23372393014716,narrow_sensitivity
L50_Ts130_Tr50p0_dT15_F1p0_LP20,0.5,130.0,50.0,15.0,1.0,0.2,S2a,800,1201,800,504,1.0,0.63,126.57559149155828,126.4032,0.1762804048980632,narrow_sensitivity
L50_Ts130_Tr50p0_dT15_F1p0_LP20,0.5,130.0,50.0,15.0,1.0,0.2,S2b,800,1201,800,752,1.0,0.94,188.78957207396772,188.6016,0.2373064575471485,narrow_sensitivity
L50_Ts130_Tr50p0_dT15_F1p0_LP30,0.5,130.0,50.0,15.0,1.0,0.3,S1,800,1201,664,489,0.83,0.61125,122.66377154019212,122.64119999999998,0.23372393014716,narrow_sensitivity
L50_Ts130_Tr50p0_dT15_F1p0_LP30,0.5,130.0,50.0,15.0,1.0,0.3,S2a,800,1201,672,504,0.84,0.63,126.57559149168034,126.4032,0.1762804048980632,narrow_sensitivity
L50_Ts130_Tr50p0_dT15_F1p0_LP30,0.5,130.0,50.0,15.0,1.0,0.3,S2b,800,1201,739,739,0.92375,0.92375,185.48978373418555,185.3412,0.2363785719418477,narrow_sensitivity
L50_Ts130_Tr50p0_dT15_F1p0_LP40,0.5,130.0,50.0,15.0,1.0,0.4,S1,800,1201,357,357,0.44625,0.44625,89.60231382397092,89.53559999999999,0.2363901966820267,narrow_sensitivity
L50_Ts130_Tr50p0_dT15_F1p0_LP40,0.5,130.0,50.0,15.0,1.0,0.4,S2a,800,1201,366,366,0.4575,0.4575,91.79434889106086,91.7928,0.1638249566434867,narrow_sensitivity
L50_Ts130_Tr50p0_dT15_F1p0_LP40,0.5,130.0,50.0,15.0,1.0,0.4,S2b,800,1201,400,400,0.5,0.5,100.48571962434072,100.32,0.1957792549976724,narrow_sensitivity
L50_Ts130_Tr50p0_dT15_F1p0_LP45,0.5,130.0,50.0,15.0,1.0,0.45,S1,800,1201,203,203,0.25375,0.25375,51.13724003828384,50.9124,0.2395008409727043,narrow_sensitivity
L50_Ts130_Tr50p0_dT15_F1p0_LP45,0.5,130.0,50.0,15.0,1.0,0.45,S2a,800,1201,212,212,0.265,0.265,53.29317674128019,53.1696,0.1432130941590659,narrow_sensitivity
L50_Ts130_Tr50p0_dT15_F1p0_LP45,0.5,130.0,50.0,15.0,1.0,0.45,S2b,800,1201,231,231,0.28875,0.28875,57.9712377407845,57.9348,0.1579417485262604,narrow_sensitivity
L50_Ts130_Tr50p0_dT15_F1p2_LP20,0.5,130.0,50.0,15.0,1.2,0.2,S1,800,1201,800,465,1.0,0.58125,140.0513994554533,139.94639999999998,0.2323261601152451,narrow_sensitivity
L50_Ts130_Tr50p0_dT15_F1p2_LP20,0.5,130.0,50.0,15.0,1.2,0.2,S2a,800,1201,800,479,1.0,0.59875,144.26910317206122,144.15983999999995,0.1759606596864183,narrow_sensitivity
L50_Ts130_Tr50p0_dT15_F1p2_LP20,0.5,130.0,50.0,15.0,1.2,0.2,S2b,800,1201,800,701,1.0,0.87625,211.1842880923161,210.97296,0.2361261520551493,narrow_sensitivity
L50_Ts130_Tr50p0_dT15_F1p2_LP30,0.5,130.0,50.0,15.0,1.2,0.3,S1,800,1201,553,465,0.69125,0.58125,140.05139945553435,139.94639999999998,0.2323261601152451,narrow_sensitivity
L50_Ts130_Tr50p0_dT15_F1p2_LP30,0.5,130.0,50.0,15.0,1.2,0.3,S2a,800,1201,560,479,0.7,0.59875,144.26910317198934,144.15983999999995,0.1759606596864183,narrow_sensitivity
L50_Ts130_Tr50p0_dT15_F1p2_LP30,0.5,130.0,50.0,15.0,1.2,0.3,S2b,800,1201,616,616,0.77,0.77,185.48978373418555,185.39136,0.2287858867291122,narrow_sensitivity
L50_Ts130_Tr50p0_dT15_F1p2_LP40,0.5,130.0,50.0,15.0,1.2,0.4,S1,800,1201,297,297,0.37125,0.37125,89.60231382397092,89.38511999999999,0.2363982762775869,narrow_sensitivity
L50_Ts130_Tr50p0_dT15_F1p2_LP40,0.5,130.0,50.0,15.0,1.2,0.4,S2a,800,1201,305,305,0.38125,0.38125,91.79434889106086,91.7928,0.1578189619720544,narrow_sensitivity
L50_Ts130_Tr50p0_dT15_F1p2_LP40,0.5,130.0,50.0,15.0,1.2,0.4,S2b,800,1201,333,333,0.41625,0.41625,100.48571962434072,100.21967999999998,0.1851164032561735,narrow_sensitivity
L50_Ts130_Tr50p0_dT15_F1p2_LP45,0.5,130.0,50.0,15.0,1.2,0.45,S1,800,1201,169,169,0.21125,0.21125,51.13724003828384,50.86223999999999,0.2395008409727043,narrow_sensitivity
L50_Ts130_Tr50p0_dT15_F1p2_LP45,0.5,130.0,50.0,15.0,1.2,0.45,S2a,800,1201,177,177,0.22125,0.22125,53.29317674128019,53.26991999999999,0.1395031944660743,narrow_sensitivity
L50_Ts130_Tr50p0_dT15_F1p2_LP45,0.5,130.0,50.0,15.0,1.2,0.45,S2b,800,1201,192,192,0.24,0.24,57.9712377407845,57.78431999999999,0.1506238169833511,narrow_sensitivity
L50_Ts130_Tr60p0_dT5_F0p8_LP20,0.5,130.0,60.0,5.0,0.8,0.2,S1,800,1201,800,587,1.0,0.73375,103.14025162451632,103.05371999999996,0.2353075308769596,narrow_sensitivity
L50_Ts130_Tr60p0_dT5_F0p8_LP20,0.5,130.0,60.0,5.0,0.8,0.2,S2a,800,1201,800,605,1.0,0.75625,106.31448835473776,106.2138,0.1765599126231477,narrow_sensitivity
L50_Ts130_Tr60p0_dT5_F0p8_LP20,0.5,130.0,60.0,5.0,0.8,0.2,S2b,800,1201,800,800,1.0,1.0,140.44799999987225,140.44799999999998,0.2305859934508165,narrow_sensitivity
L50_Ts130_Tr60p0_dT5_F0p8_LP30,0.5,130.0,60.0,5.0,0.8,0.3,S1,800,1201,800,587,1.0,0.73375,103.14025162451632,103.05371999999996,0.2353075308769596,narrow_sensitivity
L50_Ts130_Tr60p0_dT5_F0p8_LP30,0.5,130.0,60.0,5.0,0.8,0.3,S2a,800,1201,800,605,1.0,0.75625,106.31448835473776,106.2138,0.1765599126231477,narrow_sensitivity
L50_Ts130_Tr60p0_dT5_F0p8_LP30,0.5,130.0,60.0,5.0,0.8,0.3,S2b,800,1201,800,800,1.0,1.0,140.44799999987225,140.44799999999998,0.2305859934508165,narrow_sensitivity
L50_Ts130_Tr60p0_dT5_F0p8_LP40,0.5,130.0,60.0,5.0,0.8,0.4,S1,800,1201,510,510,0.6375,0.6375,89.60231382397092,89.53559999999999,0.2363962563786968,narrow_sensitivity
L50_Ts130_Tr60p0_dT5_F0p8_LP40,0.5,130.0,60.0,5.0,0.8,0.4,S2a,800,1201,522,522,0.6525,0.6525,91.79434889106086,91.64231999999998,0.1710689716005706,narrow_sensitivity
L50_Ts130_Tr60p0_dT5_F0p8_LP40,0.5,130.0,60.0,5.0,0.8,0.4,S2b,800,1201,572,572,0.715,0.715,100.48571962434072,100.42032,0.2087821281331199,narrow_sensitivity
L50_Ts130_Tr60p0_dT5_F0p8_LP45,0.5,130.0,60.0,5.0,0.8,0.45,S1,800,1201,291,291,0.36375,0.36375,51.13724003828384,51.08796,0.2394927613771441,narrow_sensitivity
L50_Ts130_Tr60p0_dT5_F0p8_LP45,0.5,130.0,60.0,5.0,0.8,0.45,S2a,800,1201,303,303,0.37875,0.37875,53.29317674128019,53.19467999999999,0.149674421296409,narrow_sensitivity
L50_Ts130_Tr60p0_dT5_F0p8_LP45,0.5,130.0,60.0,5.0,0.8,0.45,S2b,800,1201,330,330,0.4125,0.4125,57.9712377407845,57.9348,0.1693627204809333,narrow_sensitivity
L50_Ts130_Tr60p0_dT5_F1p0_LP20,0.5,130.0,60.0,5.0,1.0,0.2,S1,800,1201,800,558,1.0,0.6975,122.66377154013333,122.4531,0.233741604262448,narrow_sensitivity
L50_Ts130_Tr60p0_dT5_F1p0_LP20,0.5,130.0,60.0,5.0,1.0,0.2,S2a,800,1201,800,576,1.0,0.72,126.57559149158116,126.4032,0.1762699988626724,narrow_sensitivity
L50_Ts130_Tr60p0_dT5_F1p0_LP20,0.5,130.0,60.0,5.0,1.0,0.2,S2b,800,1201,800,800,1.0,1.0,175.55999999984033,175.56,0.2333771478089122,narrow_sensitivity
L50_Ts130_Tr60p0_dT5_F1p0_LP30,0.5,130.0,60.0,5.0,1.0,0.3,S1,800,1201,758,558,0.9475,0.6975,122.66377154019212,122.4531,0.233741604262448,main_reference
L50_Ts130_Tr60p0_dT5_F1p0_LP30,0.5,130.0,60.0,5.0,1.0,0.3,S2a,800,1201,769,576,0.96125,0.72,126.57559149168034,126.4032,0.1762699988626724,main_reference
L50_Ts130_Tr60p0_dT5_F1p0_LP30,0.5,130.0,60.0,5.0,1.0,0.3,S2b,800,1201,800,800,1.0,1.0,175.55999999984033,175.56,0.2333771478089122,main_reference
L50_Ts130_Tr60p0_dT5_F1p0_LP40,0.5,130.0,60.0,5.0,1.0,0.4,S1,800,1201,408,408,0.51,0.51,89.60231382397092,89.53559999999999,0.2363927215556392,narrow_sensitivity
L50_Ts130_Tr60p0_dT5_F1p0_LP40,0.5,130.0,60.0,5.0,1.0,0.4,S2a,800,1201,418,418,0.5225,0.5225,91.79434889106086,91.7301,0.1637646082627225,narrow_sensitivity
L50_Ts130_Tr60p0_dT5_F1p0_LP40,0.5,130.0,60.0,5.0,1.0,0.4,S2b,800,1201,457,457,0.57125,0.57125,100.48571962434072,100.28865,0.1957214044708637,narrow_sensitivity
L50_Ts130_Tr60p0_dT5_F1p0_LP45,0.5,130.0,60.0,5.0,1.0,0.45,S1,800,1201,233,233,0.29125,0.29125,51.13724003828384,51.13185000000001,0.239485691731029,narrow_sensitivity
L50_Ts130_Tr60p0_dT5_F1p0_LP45,0.5,130.0,60.0,5.0,1.0,0.45,S2a,800,1201,242,242,0.3025,0.3025,53.29317674128019,53.1069,0.1430831509661297,narrow_sensitivity
L50_Ts130_Tr60p0_dT5_F1p0_LP45,0.5,130.0,60.0,5.0,1.0,0.45,S2b,800,1201,264,264,0.33,0.33,57.9712377407845,57.9348,0.1578929975994584,narrow_sensitivity
L50_Ts130_Tr60p0_dT5_F1p2_LP20,0.5,130.0,60.0,5.0,1.2,0.2,S1,800,1201,800,531,1.0,0.66375,140.0513994553712,139.83354,0.2323382795085855,narrow_sensitivity
L50_Ts130_Tr60p0_dT5_F1p2_LP20,0.5,130.0,60.0,5.0,1.2,0.2,S2a,800,1201,800,547,1.0,0.68375,144.26910317195177,144.04698,0.1759238536882839,narrow_sensitivity
L50_Ts130_Tr60p0_dT5_F1p2_LP20,0.5,130.0,60.0,5.0,1.2,0.2,S2b,800,1201,800,800,1.0,1.0,210.6719999998084,210.672,0.2360390851104945,narrow_sensitivity
L50_Ts130_Tr60p0_dT5_F1p2_LP30,0.5,130.0,60.0,5.0,1.2,0.3,S1,800,1201,632,531,0.79,0.66375,140.05139945553435,139.83354,0.2323382795085855,narrow_sensitivity
L50_Ts130_Tr60p0_dT5_F1p2_LP30,0.5,130.0,60.0,5.0,1.2,0.3,S2a,800,1201,640,547,0.8,0.68375,144.26910317198934,144.04698,0.1759238536882839,narrow_sensitivity
L50_Ts130_Tr60p0_dT5_F1p2_LP30,0.5,130.0,60.0,5.0,1.2,0.3,S2b,800,1201,704,704,0.88,0.88,185.48978373418555,185.39136,0.228773601850264,narrow_sensitivity
L50_Ts130_Tr60p0_dT5_F1p2_LP40,0.5,130.0,60.0,5.0,1.2,0.4,S1,800,1201,340,340,0.425,0.425,89.60231382397092,89.53559999999999,0.2363891867325816,narrow_sensitivity
L50_Ts130_Tr60p0_dT5_F1p2_LP40,0.5,130.0,60.0,5.0,1.2,0.4,S2a,800,1201,348,348,0.435,0.435,91.79434889106086,91.64232,0.1576879384543701,narrow_sensitivity
L50_Ts130_Tr60p0_dT5_F1p2_LP40,0.5,130.0,60.0,5.0,1.2,0.4,S2b,800,1201,381,381,0.47625,0.47625,100.48571962434072,100.33254,0.1852177052413127,narrow_sensitivity
L50_Ts130_Tr60p0_dT5_F1p2_LP45,0.5,130.0,60.0,5.0,1.2,0.45,S1,800,1201,194,194,0.2425,0.2425,51.13724003828384,51.08796,0.239485691731029,narrow_sensitivity
L50_Ts130_Tr60p0_dT5_F1p2_LP45,0.5,130.0,60.0,5.0,1.2,0.45,S2a,800,1201,202,202,0.2525,0.2525,53.29317674128019,53.19468,0.1393398281704303,narrow_sensitivity
L50_Ts130_Tr60p0_dT5_F1p2_LP45,0.5,130.0,60.0,5.0,1.2,0.45,S2b,800,1201,220,220,0.275,0.275,57.9712377407845,57.9348,0.1509675406696976,narrow_sensitivity
L50_Ts130_Tr60p0_dT10_F0p8_LP20,0.5,130.0,60.0,10.0,0.8,0.2,S1,800,1201,800,541,1.0,0.67625,95.08255495560348,94.97795999999998,0.2359579383195559,narrow_sensitivity
L50_Ts130_Tr60p0_dT10_F0p8_LP20,0.5,130.0,60.0,10.0,0.8,0.2,S2a,800,1201,800,550,1.0,0.6875,96.70550411174096,96.558,0.1873164150804759,narrow_sensitivity
L50_Ts130_Tr60p0_dT10_F0p8_LP20,0.5,130.0,60.0,10.0,0.8,0.2,S2b,800,1201,800,800,1.0,1.0,140.44799999987225,140.44799999999998,0.2527667487720248,narrow_sensitivity
L50_Ts130_Tr60p0_dT10_F0p8_LP30,0.5,130.0,60.0,10.0,0.8,0.3,S1,800,1201,800,541,1.0,0.67625,95.08255495560348,94.97795999999998,0.2359579383195559,narrow_sensitivity
L50_Ts130_Tr60p0_dT10_F0p8_LP30,0.5,130.0,60.0,10.0,0.8,0.3,S2a,800,1201,800,550,1.0,0.6875,96.70550411174096,96.558,0.1873164150804759,narrow_sensitivity
L50_Ts130_Tr60p0_dT10_F0p8_LP30,0.5,130.0,60.0,10.0,0.8,0.3,S2b,800,1201,800,800,1.0,1.0,140.44799999987225,140.44799999999998,0.2527667487720248,narrow_sensitivity
L50_Ts130_Tr60p0_dT10_F0p8_LP40,0.5,130.0,60.0,10.0,0.8,0.4,S1,800,1201,510,510,0.6375,0.6375,89.60231382397092,89.53559999999999,0.2363962563786968,narrow_sensitivity
L50_Ts130_Tr60p0_dT10_F0p8_LP40,0.5,130.0,60.0,10.0,0.8,0.4,S2a,800,1201,522,522,0.6525,0.6525,91.79434889106086,91.64231999999998,0.1855757995608421,narrow_sensitivity
L50_Ts130_Tr60p0_dT10_F0p8_LP40,0.5,130.0,60.0,10.0,0.8,0.4,S2b,800,1201,572,572,0.715,0.715,100.48571962434072,100.42032,0.234277343254795,narrow_sensitivity
L50_Ts130_Tr60p0_dT10_F0p8_LP45,0.5,130.0,60.0,10.0,0.8,0.45,S1,800,1201,291,291,0.36375,0.36375,51.13724003828384,51.08796,0.2394927613771441,narrow_sensitivity
L50_Ts130_Tr60p0_dT10_F0p8_LP45,0.5,130.0,60.0,10.0,0.8,0.45,S2a,800,1201,303,303,0.37875,0.37875,53.29317674128019,53.19467999999999,0.1645280640639548,narrow_sensitivity
L50_Ts130_Tr60p0_dT10_F0p8_LP45,0.5,130.0,60.0,10.0,0.8,0.45,S2b,800,1201,330,330,0.4125,0.4125,57.9712377407845,57.9348,0.1957512700734381,narrow_sensitivity
L50_Ts130_Tr60p0_dT10_F1p0_LP20,0.5,130.0,60.0,10.0,1.0,0.2,S1,800,1201,800,515,1.0,0.64375,113.20841475378047,113.01675,0.2345015912198295,narrow_sensitivity
L50_Ts130_Tr60p0_dT10_F1p0_LP20,0.5,130.0,60.0,10.0,1.0,0.2,S2a,800,1201,800,523,1.0,0.65375,114.85792615476606,114.77235,0.187261834870909,narrow_sensitivity
L50_Ts130_Tr60p0_dT10_F1p0_LP20,0.5,130.0,60.0,10.0,1.0,0.2,S2b,800,1201,800,800,1.0,1.0,175.55999999984033,175.56,0.2551368302683364,narrow_sensitivity
L50_Ts130_Tr60p0_dT10_F1p0_LP30,0.5,130.0,60.0,10.0,1.0,0.3,S1,800,1201,758,515,0.9475,0.64375,113.2084147537833,113.01675,0.2345015912198295,narrow_sensitivity
L50_Ts130_Tr60p0_dT10_F1p0_LP30,0.5,130.0,60.0,10.0,1.0,0.3,S2a,800,1201,769,523,0.96125,0.65375,114.85792615484075,114.77235,0.187261834870909,narrow_sensitivity
L50_Ts130_Tr60p0_dT10_F1p0_LP30,0.5,130.0,60.0,10.0,1.0,0.3,S2b,800,1201,800,800,1.0,1.0,175.55999999984033,175.56,0.2551368302683364,narrow_sensitivity
L50_Ts130_Tr60p0_dT10_F1p0_LP40,0.5,130.0,60.0,10.0,1.0,0.4,S1,800,1201,408,408,0.51,0.51,89.60231382397092,89.53559999999999,0.2363927215556392,narrow_sensitivity
L50_Ts130_Tr60p0_dT10_F1p0_LP40,0.5,130.0,60.0,10.0,1.0,0.4,S2a,800,1201,418,418,0.5225,0.5225,91.79434889106086,91.7301,0.1792913742739987,narrow_sensitivity
L50_Ts130_Tr60p0_dT10_F1p0_LP40,0.5,130.0,60.0,10.0,1.0,0.4,S2b,800,1201,457,457,0.57125,0.57125,100.48571962434072,100.28865,0.2230301552633327,narrow_sensitivity
L50_Ts130_Tr60p0_dT10_F1p0_LP45,0.5,130.0,60.0,10.0,1.0,0.45,S1,800,1201,233,233,0.29125,0.29125,51.13724003828384,51.13185000000001,0.239485691731029,narrow_sensitivity
L50_Ts130_Tr60p0_dT10_F1p0_LP45,0.5,130.0,60.0,10.0,1.0,0.45,S2a,800,1201,242,242,0.3025,0.3025,53.29317674128019,53.1069,0.1568120568614048,narrow_sensitivity
L50_Ts130_Tr60p0_dT10_F1p0_LP45,0.5,130.0,60.0,10.0,1.0,0.45,S2b,800,1201,264,264,0.33,0.33,57.9712377407845,57.9348,0.1822517351488322,narrow_sensitivity
L50_Ts130_Tr60p0_dT10_F1p2_LP20,0.5,130.0,60.0,10.0,1.2,0.2,S1,800,1201,800,491,1.0,0.61375,129.42464171898794,129.29994,0.2331866370424067,narrow_sensitivity
L50_Ts130_Tr60p0_dT10_F1p2_LP20,0.5,130.0,60.0,10.0,1.2,0.2,S2a,800,1201,800,496,1.0,0.62,130.63485321609303,130.61664000000002,0.1871282977785133,narrow_sensitivity
L50_Ts130_Tr60p0_dT10_F1p2_LP20,0.5,130.0,60.0,10.0,1.2,0.2,S2b,800,1201,800,765,1.0,0.95625,201.5332077911783,201.4551,0.2549074591596765,narrow_sensitivity
L50_Ts130_Tr60p0_dT10_F1p2_LP30,0.5,130.0,60.0,10.0,1.2,0.3,S1,800,1201,632,491,0.79,0.61375,129.42464171892664,129.29994,0.2331866370424067,narrow_sensitivity
L50_Ts130_Tr60p0_dT10_F1p2_LP30,0.5,130.0,60.0,10.0,1.2,0.3,S2a,800,1201,640,496,0.8,0.62,130.63485321605935,130.61664000000002,0.1871282977785133,narrow_sensitivity
L50_Ts130_Tr60p0_dT10_F1p2_LP30,0.5,130.0,60.0,10.0,1.2,0.3,S2b,800,1201,704,683,0.88,0.85375,179.88764051437306,179.86122,0.2502512496237314,narrow_sensitivity
L50_Ts130_Tr60p0_dT10_F1p2_LP40,0.5,130.0,60.0,10.0,1.2,0.4,S1,800,1201,340,340,0.425,0.425,89.60231382397092,89.53559999999999,0.2363891867325816,narrow_sensitivity
L50_Ts130_Tr60p0_dT10_F1p2_LP40,0.5,130.0,60.0,10.0,1.2,0.4,S2a,800,1201,348,348,0.435,0.435,91.79434889106086,91.64232,0.1738618621685914,narrow_sensitivity
L50_Ts130_Tr60p0_dT10_F1p2_LP40,0.5,130.0,60.0,10.0,1.2,0.4,S2b,800,1201,381,381,0.47625,0.47625,100.48571962434072,100.33254,0.2135822154412522,narrow_sensitivity
L50_Ts130_Tr60p0_dT10_F1p2_LP45,0.5,130.0,60.0,10.0,1.2,0.45,S1,800,1201,194,194,0.2425,0.2425,51.13724003828384,51.08796,0.239485691731029,narrow_sensitivity
L50_Ts130_Tr60p0_dT10_F1p2_LP45,0.5,130.0,60.0,10.0,1.2,0.45,S2a,800,1201,202,202,0.2525,0.2525,53.29317674128019,53.19468,0.1510513041624338,narrow_sensitivity
L50_Ts130_Tr60p0_dT10_F1p2_LP45,0.5,130.0,60.0,10.0,1.2,0.45,S2b,800,1201,220,220,0.275,0.275,57.9712377407845,57.9348,0.1717829675129089,narrow_sensitivity
L50_Ts130_Tr60p0_dT15_F0p8_LP20,0.5,130.0,60.0,15.0,0.8,0.2,S1,800,1201,800,495,1.0,0.61875,86.98454201891875,86.9022,0.2366083457621521,narrow_sensitivity
L50_Ts130_Tr60p0_dT15_F0p8_LP20,0.5,130.0,60.0,15.0,0.8,0.2,S2a,800,1201,800,496,1.0,0.62,87.10159813458938,87.07775999999998,0.2033844149663999,narrow_sensitivity
L50_Ts130_Tr60p0_dT15_F0p8_LP20,0.5,130.0,60.0,15.0,0.8,0.2,S2b,800,1201,800,800,1.0,1.0,140.44799999987225,140.44799999999998,0.2793356651709155,narrow_sensitivity
L50_Ts130_Tr60p0_dT15_F0p8_LP30,0.5,130.0,60.0,15.0,0.8,0.3,S1,800,1201,800,495,1.0,0.61875,86.98454201891875,86.9022,0.2366083457621521,narrow_sensitivity
L50_Ts130_Tr60p0_dT15_F0p8_LP30,0.5,130.0,60.0,15.0,0.8,0.3,S2a,800,1201,800,496,1.0,0.62,87.10159813458938,87.07775999999998,0.2033844149663999,narrow_sensitivity
L50_Ts130_Tr60p0_dT15_F0p8_LP30,0.5,130.0,60.0,15.0,0.8,0.3,S2b,800,1201,800,800,1.0,1.0,140.44799999987225,140.44799999999998,0.2793356651709155,narrow_sensitivity
L50_Ts130_Tr60p0_dT15_F0p8_LP40,0.5,130.0,60.0,15.0,0.8,0.4,S1,800,1201,510,495,0.6375,0.61875,86.98454201903367,86.9022,0.2366083457621521,narrow_sensitivity
L50_Ts130_Tr60p0_dT15_F0p8_LP40,0.5,130.0,60.0,15.0,0.8,0.4,S2a,800,1201,522,496,0.6525,0.62,87.10159813454598,87.07775999999998,0.2033844149663999,narrow_sensitivity
L50_Ts130_Tr60p0_dT15_F0p8_LP40,0.5,130.0,60.0,15.0,0.8,0.4,S2b,800,1201,572,545,0.715,0.68125,95.74649925663304,95.6802,0.2655813906419422,narrow_sensitivity
L50_Ts130_Tr60p0_dT15_F0p8_LP45,0.5,130.0,60.0,15.0,0.8,0.45,S1,800,1201,291,291,0.36375,0.36375,51.13724003828384,51.08796,0.2394927613771441,narrow_sensitivity
L50_Ts130_Tr60p0_dT15_F0p8_LP45,0.5,130.0,60.0,15.0,0.8,0.45,S2a,800,1201,303,303,0.37875,0.37875,53.29317674128019,53.19467999999999,0.1879312261371641,narrow_sensitivity
L50_Ts130_Tr60p0_dT15_F0p8_LP45,0.5,130.0,60.0,15.0,0.8,0.45,S2b,800,1201,330,330,0.4125,0.4125,57.9712377407845,57.9348,0.2371992143165092,narrow_sensitivity
L50_Ts130_Tr60p0_dT15_F1p0_LP20,0.5,130.0,60.0,15.0,1.0,0.2,S1,800,1201,800,472,1.0,0.59,103.6782352064712,103.5804,0.235261578177211,narrow_sensitivity
L50_Ts130_Tr60p0_dT15_F1p0_LP20,0.5,130.0,60.0,15.0,1.0,0.2,S2a,800,1201,800,472,1.0,0.59,103.6782352064712,103.5804,0.203633360523785,narrow_sensitivity
L50_Ts130_Tr60p0_dT15_F1p0_LP20,0.5,130.0,60.0,15.0,1.0,0.2,S2b,800,1201,800,772,1.0,0.965,169.56012229183312,169.4154,0.2786947291965366,narrow_sensitivity
L50_Ts130_Tr60p0_dT15_F1p0_LP30,0.5,130.0,60.0,15.0,1.0,0.3,S1,800,1201,758,472,0.9475,0.59,103.67823520636438,103.5804,0.235261578177211,narrow_sensitivity
L50_Ts130_Tr60p0_dT15_F1p0_LP30,0.5,130.0,60.0,15.0,1.0,0.3,S2a,800,1201,769,472,0.96125,0.59,103.67823520636438,103.5804,0.203633360523785,narrow_sensitivity
L50_Ts130_Tr60p0_dT15_F1p0_LP30,0.5,130.0,60.0,15.0,1.0,0.3,S2b,800,1201,800,772,1.0,0.965,169.56012229183312,169.4154,0.2786947291965366,narrow_sensitivity
L50_Ts130_Tr60p0_dT15_F1p0_LP40,0.5,130.0,60.0,15.0,1.0,0.4,S1,800,1201,408,408,0.51,0.51,89.60231382397092,89.53559999999999,0.2363927215556392,narrow_sensitivity
L50_Ts130_Tr60p0_dT15_F1p0_LP40,0.5,130.0,60.0,15.0,1.0,0.4,S2a,800,1201,418,409,0.5225,0.51125,89.89841872653602,89.75505000000001,0.199876840581386,narrow_sensitivity
L50_Ts130_Tr60p0_dT15_F1p0_LP40,0.5,130.0,60.0,15.0,1.0,0.4,S2b,800,1201,457,437,0.57125,0.54625,95.8998190863266,95.89965,0.2579819288227193,narrow_sensitivity
L50_Ts130_Tr60p0_dT15_F1p0_LP45,0.5,130.0,60.0,15.0,1.0,0.45,S1,800,1201,233,233,0.29125,0.29125,51.13724003828384,51.13185000000001,0.239485691731029,narrow_sensitivity
L50_Ts130_Tr60p0_dT15_F1p0_LP45,0.5,130.0,60.0,15.0,1.0,0.45,S2a,800,1201,242,242,0.3025,0.3025,53.29317674128019,53.1069,0.1814113375498927,narrow_sensitivity
L50_Ts130_Tr60p0_dT15_F1p0_LP45,0.5,130.0,60.0,15.0,1.0,0.45,S2b,800,1201,264,264,0.33,0.33,57.9712377407845,57.9348,0.2257817972206087,narrow_sensitivity
L50_Ts130_Tr60p0_dT15_F1p2_LP20,0.5,130.0,60.0,15.0,1.2,0.2,S1,800,1201,800,450,1.0,0.5625,118.67640423896346,118.503,0.2340562035145733,narrow_sensitivity
L50_Ts130_Tr60p0_dT15_F1p2_LP20,0.5,130.0,60.0,15.0,1.2,0.2,S2a,800,1201,800,450,1.0,0.5625,118.67640423896346,118.503,0.2036085963997253,narrow_sensitivity
L50_Ts130_Tr60p0_dT15_F1p2_LP20,0.5,130.0,60.0,15.0,1.2,0.2,S2b,800,1201,800,728,1.0,0.91,191.85989647227572,191.71152,0.2773343443361614,narrow_sensitivity
L50_Ts130_Tr60p0_dT15_F1p2_LP30,0.5,130.0,60.0,15.0,1.2,0.3,S1,800,1201,632,450,0.79,0.5625,118.67640423898726,118.503,0.2340562035145733,narrow_sensitivity
L50_Ts130_Tr60p0_dT15_F1p2_LP30,0.5,130.0,60.0,15.0,1.2,0.3,S2a,800,1201,640,450,0.8,0.5625,118.67640423898726,118.503,0.2036085963997253,narrow_sensitivity
L50_Ts130_Tr60p0_dT15_F1p2_LP30,0.5,130.0,60.0,15.0,1.2,0.3,S2b,800,1201,704,683,0.88,0.85375,179.88764051437306,179.86122,0.2761899548725194,narrow_sensitivity
L50_Ts130_Tr60p0_dT15_F1p2_LP40,0.5,130.0,60.0,15.0,1.2,0.4,S1,800,1201,340,340,0.425,0.425,89.60231382397092,89.53559999999999,0.2363891867325816,narrow_sensitivity
L50_Ts130_Tr60p0_dT15_F1p2_LP40,0.5,130.0,60.0,15.0,1.2,0.4,S2a,800,1201,348,341,0.435,0.42625,89.89841872653602,89.79894,0.1961898564072659,narrow_sensitivity
L50_Ts130_Tr60p0_dT15_F1p2_LP40,0.5,130.0,60.0,15.0,1.2,0.4,S2b,800,1201,381,364,0.47625,0.455,96.05363072872726,95.85576,0.2512720651229777,narrow_sensitivity
L50_Ts130_Tr60p0_dT15_F1p2_LP45,0.5,130.0,60.0,15.0,1.2,0.45,S1,800,1201,194,194,0.2425,0.2425,51.13724003828384,51.08796,0.239485691731029,narrow_sensitivity
L50_Ts130_Tr60p0_dT15_F1p2_LP45,0.5,130.0,60.0,15.0,1.2,0.45,S2a,800,1201,202,202,0.2525,0.2525,53.29317674128019,53.19468,0.1760205152805071,narrow_sensitivity
L50_Ts130_Tr60p0_dT15_F1p2_LP45,0.5,130.0,60.0,15.0,1.2,0.45,S2b,800,1201,220,220,0.275,0.275,57.9712377407845,57.9348,0.2160724505364126,narrow_sensitivity
L50_Ts150_Tr35p0_dT5_F0p8_LP20,0.5,150.0,35.0,5.0,0.8,0.2,S1,800,1201,800,494,1.0,0.6175,142.7577081498004,142.47948,0.2321231602767951,historical_extension
L50_Ts150_Tr35p0_dT5_F0p8_LP20,0.5,150.0,35.0,5.0,0.8,0.2,S2a,800,1201,800,534,1.0,0.6675,154.09501003388922,154.01627999999997,0.1509958235682894,historical_extension
L50_Ts150_Tr35p0_dT5_F0p8_LP20,0.5,150.0,35.0,5.0,0.8,0.2,S2b,800,1201,800,722,1.0,0.9025,208.35863314522527,208.23924,0.189574760911403,historical_extension
L50_Ts150_Tr35p0_dT5_F0p8_LP30,0.5,150.0,35.0,5.0,0.8,0.3,S1,800,1201,577,494,0.72125,0.6175,142.75770814986583,142.47948,0.2321231602767951,historical_extension
L50_Ts150_Tr35p0_dT5_F0p8_LP30,0.5,150.0,35.0,5.0,0.8,0.3,S2a,800,1201,585,534,0.73125,0.6675,154.09501003392495,154.01627999999997,0.1509958235682894,historical_extension
L50_Ts150_Tr35p0_dT5_F0p8_LP30,0.5,150.0,35.0,5.0,0.8,0.3,S2b,800,1201,643,643,0.80375,0.80375,185.48978373418555,185.45405999999997,0.1825415727642023,historical_extension
L50_Ts150_Tr35p0_dT5_F0p8_LP40,0.5,150.0,35.0,5.0,0.8,0.4,S1,800,1201,310,310,0.3875,0.3875,89.60231382397092,89.41019999999999,0.2363972663281418,historical_extension
L50_Ts150_Tr35p0_dT5_F0p8_LP40,0.5,150.0,35.0,5.0,0.8,0.4,S2a,800,1201,318,318,0.3975,0.3975,91.79434889106086,91.71755999999998,0.1365453261784022,historical_extension
L50_Ts150_Tr35p0_dT5_F0p8_LP40,0.5,150.0,35.0,5.0,0.8,0.4,S2b,800,1201,348,348,0.435,0.435,100.48571962434072,100.37015999999998,0.1483336973594246,historical_extension
L50_Ts150_Tr35p0_dT5_F0p8_LP45,0.5,150.0,35.0,5.0,0.8,0.45,S1,800,1201,177,177,0.22125,0.22125,51.13724003828384,51.050339999999984,0.239486701680474,historical_extension
L50_Ts150_Tr35p0_dT5_F0p8_LP45,0.5,150.0,35.0,5.0,0.8,0.45,S2a,800,1201,184,184,0.23,0.23,53.29317674128019,53.06927999999999,0.1370175436997487,historical_extension
L50_Ts150_Tr35p0_dT5_F0p8_LP45,0.5,150.0,35.0,5.0,0.8,0.45,S2b,800,1201,200,200,0.25,0.25,57.9712377407845,57.68399999999999,0.1465506877309355,historical_extension
L50_Ts150_Tr35p0_dT5_F1p0_LP20,0.5,150.0,35.0,5.0,1.0,0.2,S1,800,1201,675,467,0.84375,0.58375,168.6745533465179,168.36517500000002,0.2300325649255929,historical_extension
L50_Ts150_Tr35p0_dT5_F1p0_LP20,0.5,150.0,35.0,5.0,1.0,0.2,S2a,800,1201,681,512,0.85125,0.64,184.61397521567244,184.5888,0.1502482402890928,historical_extension
L50_Ts150_Tr35p0_dT5_F1p0_LP20,0.5,150.0,35.0,5.0,1.0,0.2,S2b,800,1201,750,679,0.9375,0.84875,245.0148195460064,244.796475,0.187974346423968,historical_extension
L50_Ts150_Tr35p0_dT5_F1p0_LP30,0.5,150.0,35.0,5.0,1.0,0.3,S1,800,1201,461,461,0.57625,0.57625,166.53246139534505,166.202025,0.2302067812048597,historical_extension
L50_Ts150_Tr35p0_dT5_F1p0_LP30,0.5,150.0,35.0,5.0,1.0,0.3,S2a,800,1201,468,468,0.585,0.585,168.7882421209241,168.7257,0.1473205524552434,historical_extension
L50_Ts150_Tr35p0_dT5_F1p0_LP30,0.5,150.0,35.0,5.0,1.0,0.3,S2b,800,1201,514,514,0.6425,0.6425,185.48978373418555,185.30985,0.1696311976047924,historical_extension
L50_Ts150_Tr35p0_dT5_F1p0_LP40,0.5,150.0,35.0,5.0,1.0,0.4,S1,800,1201,248,248,0.31,0.31,89.60231382397092,89.4102,0.2363914591188329,historical_extension
L50_Ts150_Tr35p0_dT5_F1p0_LP40,0.5,150.0,35.0,5.0,1.0,0.4,S2a,800,1201,254,254,0.3175,0.3175,91.79434889106086,91.57335,0.1348038352757294,historical_extension
L50_Ts150_Tr35p0_dT5_F1p0_LP40,0.5,150.0,35.0,5.0,1.0,0.4,S2b,800,1201,278,278,0.3475,0.3475,100.48571962434072,100.22595,0.1453490233302226,historical_extension
L50_Ts150_Tr35p0_dT5_F1p0_LP45,0.5,150.0,35.0,5.0,1.0,0.45,S1,800,1201,141,141,0.17625,0.17625,51.13724003828384,50.834025,0.2394983160990918,historical_extension
L50_Ts150_Tr35p0_dT5_F1p0_LP45,0.5,150.0,35.0,5.0,1.0,0.45,S2a,800,1201,147,147,0.18375,0.18375,53.29317674128019,52.997175000000006,0.1369578443876732,historical_extension
L50_Ts150_Tr35p0_dT5_F1p0_LP45,0.5,150.0,35.0,5.0,1.0,0.45,S2b,800,1201,160,160,0.2,0.2,57.9712377407845,57.684000000000005,0.1466584171954825,historical_extension
L50_Ts150_Tr35p0_dT5_F1p2_LP20,0.5,150.0,35.0,5.0,1.2,0.2,S1,800,1201,562,441,0.7025,0.55125,191.10616661831523,190.78983,0.2282207156212176,historical_extension
L50_Ts150_Tr35p0_dT5_F1p2_LP20,0.5,150.0,35.0,5.0,1.2,0.2,S2a,800,1201,568,488,0.71,0.61,211.30893836345277,211.12344,0.1494603761048709,historical_extension
L50_Ts150_Tr35p0_dT5_F1p2_LP20,0.5,150.0,35.0,5.0,1.2,0.2,S2b,800,1201,625,616,0.78125,0.77,266.56766574565177,266.50008,0.1842211582222785,historical_extension
L50_Ts150_Tr35p0_dT5_F1p2_LP30,0.5,150.0,35.0,5.0,1.2,0.3,S1,800,1201,384,384,0.48,0.48,166.53246139534505,166.12991999999997,0.2302067812048597,historical_extension
L50_Ts150_Tr35p0_dT5_F1p2_LP30,0.5,150.0,35.0,5.0,1.2,0.3,S2a,800,1201,390,390,0.4875,0.4875,168.7882421209241,168.7257,0.1415660123015296,historical_extension
L50_Ts150_Tr35p0_dT5_F1p2_LP30,0.5,150.0,35.0,5.0,1.2,0.3,S2b,800,1201,428,428,0.535,0.535,185.48978373418555,185.16564,0.159790465536986,historical_extension
L50_Ts150_Tr35p0_dT5_F1p2_LP40,0.5,150.0,35.0,5.0,1.2,0.4,S1,800,1201,207,207,0.25875,0.25875,89.60231382397092,89.55440999999999,0.2363740374909063,historical_extension
L50_Ts150_Tr35p0_dT5_F1p2_LP40,0.5,150.0,35.0,5.0,1.2,0.4,S2a,800,1201,212,212,0.265,0.265,91.79434889106086,91.71756,0.1349822995121742,historical_extension
L50_Ts150_Tr35p0_dT5_F1p2_LP40,0.5,150.0,35.0,5.0,1.2,0.4,S2b,800,1201,232,232,0.29,0.29,100.48571962434072,100.37016,0.1456340493545621,historical_extension
L50_Ts150_Tr35p0_dT5_F1p2_LP45,0.5,150.0,35.0,5.0,1.2,0.45,S1,800,1201,118,118,0.1475,0.1475,51.13724003828384,51.05034,0.2394750872618562,historical_extension
L50_Ts150_Tr35p0_dT5_F1p2_LP45,0.5,150.0,35.0,5.0,1.2,0.45,S2a,800,1201,123,123,0.15375,0.15375,53.29317674128019,53.21349,0.1373983600149965,historical_extension
L50_Ts150_Tr35p0_dT5_F1p2_LP45,0.5,150.0,35.0,5.0,1.2,0.45,S2b,800,1201,133,133,0.16625,0.16625,57.9712377407845,57.53979,0.1463644160879767,historical_extension
L50_Ts150_Tr35p0_dT10_F0p8_LP20,0.5,150.0,35.0,10.0,0.8,0.2,S1,800,1201,800,467,1.0,0.58375,134.93063543635844,134.69214,0.2327503388821558,historical_extension
L50_Ts150_Tr35p0_dT10_F0p8_LP20,0.5,150.0,35.0,10.0,0.8,0.2,S2a,800,1201,800,501,1.0,0.62625,144.57640845114094,144.49841999999998,0.1542191561770249,historical_extension
L50_Ts150_Tr35p0_dT10_F0p8_LP20,0.5,150.0,35.0,10.0,0.8,0.2,S2b,800,1201,800,689,1.0,0.86125,199.00025000746007,198.72137999999995,0.1961326029126172,historical_extension
L50_Ts150_Tr35p0_dT10_F0p8_LP30,0.5,150.0,35.0,10.0,0.8,0.3,S1,800,1201,577,467,0.72125,0.58375,134.9306354363519,134.69214,0.2327503388821558,historical_extension
L50_Ts150_Tr35p0_dT10_F0p8_LP30,0.5,150.0,35.0,10.0,0.8,0.3,S2a,800,1201,585,501,0.73125,0.62625,144.5764084513009,144.49841999999998,0.1542191561770249,historical_extension
L50_Ts150_Tr35p0_dT10_F0p8_LP30,0.5,150.0,35.0,10.0,0.8,0.3,S2b,800,1201,643,643,0.80375,0.80375,185.48978373418555,185.45405999999997,0.1920701987000006,historical_extension
L50_Ts150_Tr35p0_dT10_F0p8_LP40,0.5,150.0,35.0,10.0,0.8,0.4,S1,800,1201,310,310,0.3875,0.3875,89.60231382397092,89.41019999999999,0.2363972663281418,historical_extension
L50_Ts150_Tr35p0_dT10_F0p8_LP40,0.5,150.0,35.0,10.0,0.8,0.4,S2a,800,1201,318,318,0.3975,0.3975,91.79434889106086,91.71755999999998,0.1396179540035337,historical_extension
L50_Ts150_Tr35p0_dT10_F0p8_LP40,0.5,150.0,35.0,10.0,0.8,0.4,S2b,800,1201,348,348,0.435,0.435,100.48571962434072,100.37015999999998,0.1536570120821377,historical_extension
L50_Ts150_Tr35p0_dT10_F0p8_LP45,0.5,150.0,35.0,10.0,0.8,0.45,S1,800,1201,177,177,0.22125,0.22125,51.13724003828384,51.050339999999984,0.239486701680474,historical_extension
L50_Ts150_Tr35p0_dT10_F0p8_LP45,0.5,150.0,35.0,10.0,0.8,0.45,S2a,800,1201,184,184,0.23,0.23,53.29317674128019,53.06927999999999,0.1370175436997487,historical_extension
L50_Ts150_Tr35p0_dT10_F0p8_LP45,0.5,150.0,35.0,10.0,0.8,0.45,S2b,800,1201,200,200,0.25,0.25,57.9712377407845,57.68399999999999,0.1465506877309355,historical_extension
L50_Ts150_Tr35p0_dT10_F1p0_LP20,0.5,150.0,35.0,10.0,1.0,0.2,S1,800,1201,675,442,0.84375,0.5525,159.6564209257752,159.35205000000002,0.2307584660892047,historical_extension
L50_Ts150_Tr35p0_dT10_F1p0_LP20,0.5,150.0,35.0,10.0,1.0,0.2,S2a,800,1201,681,480,0.85125,0.6,173.08965040229785,173.05200000000002,0.1535497905648255,historical_extension
L50_Ts150_Tr35p0_dT10_F1p0_LP20,0.5,150.0,35.0,10.0,1.0,0.2,S2b,800,1201,750,648,0.9375,0.81,233.91090951828065,233.6202,0.1946086519607771,historical_extension
L50_Ts150_Tr35p0_dT10_F1p0_LP30,0.5,150.0,35.0,10.0,1.0,0.3,S1,800,1201,461,442,0.57625,0.5525,159.65642092574518,159.35205000000002,0.2307584660892047,historical_extension
L50_Ts150_Tr35p0_dT10_F1p0_LP30,0.5,150.0,35.0,10.0,1.0,0.3,S2a,800,1201,468,462,0.585,0.5775,166.6510480296252,166.56255000000002,0.1521560537138446,historical_extension
L50_Ts150_Tr35p0_dT10_F1p0_LP30,0.5,150.0,35.0,10.0,1.0,0.3,S2b,800,1201,514,514,0.6425,0.6425,185.48978373418555,185.30985,0.1791672559564475,historical_extension
L50_Ts150_Tr35p0_dT10_F1p0_LP40,0.5,150.0,35.0,10.0,1.0,0.4,S1,800,1201,248,248,0.31,0.31,89.60231382397092,89.4102,0.2363914591188329,historical_extension
L50_Ts150_Tr35p0_dT10_F1p0_LP40,0.5,150.0,35.0,10.0,1.0,0.4,S2a,800,1201,254,254,0.3175,0.3175,91.79434889106086,91.57335,0.1354831910831275,historical_extension
L50_Ts150_Tr35p0_dT10_F1p0_LP40,0.5,150.0,35.0,10.0,1.0,0.4,S2b,800,1201,278,278,0.3475,0.3475,100.48571962434072,100.22595,0.1465187615267014,historical_extension
L50_Ts150_Tr35p0_dT10_F1p0_LP45,0.5,150.0,35.0,10.0,1.0,0.45,S1,800,1201,141,141,0.17625,0.17625,51.13724003828384,50.834025,0.2394983160990918,historical_extension
L50_Ts150_Tr35p0_dT10_F1p0_LP45,0.5,150.0,35.0,10.0,1.0,0.45,S2a,800,1201,147,147,0.18375,0.18375,53.29317674128019,52.997175000000006,0.1369578443876732,historical_extension
L50_Ts150_Tr35p0_dT10_F1p0_LP45,0.5,150.0,35.0,10.0,1.0,0.45,S2b,800,1201,160,160,0.2,0.2,57.9712377407845,57.684000000000005,0.1466584171954825,historical_extension
L50_Ts150_Tr35p0_dT10_F1p2_LP20,0.5,150.0,35.0,10.0,1.2,0.2,S1,800,1201,562,418,0.7025,0.5225,181.1997316524322,180.83934,0.2290221105058451,historical_extension
L50_Ts150_Tr35p0_dT10_F1p2_LP20,0.5,150.0,35.0,10.0,1.2,0.2,S2a,800,1201,568,457,0.71,0.57125,198.09961274162805,197.71191,0.1527851574431695,historical_extension
L50_Ts150_Tr35p0_dT10_F1p2_LP20,0.5,150.0,35.0,10.0,1.2,0.2,S2b,800,1201,625,606,0.78125,0.7575,262.3890529271705,262.17378,0.1929233516710289,historical_extension
L50_Ts150_Tr35p0_dT10_F1p2_LP30,0.5,150.0,35.0,10.0,1.2,0.3,S1,800,1201,384,384,0.48,0.48,166.53246139534505,166.12991999999997,0.2302067812048597,historical_extension
L50_Ts150_Tr35p0_dT10_F1p2_LP30,0.5,150.0,35.0,10.0,1.2,0.3,S2a,800,1201,390,390,0.4875,0.4875,168.7882421209241,168.7257,0.1469642296740531,historical_extension
L50_Ts150_Tr35p0_dT10_F1p2_LP30,0.5,150.0,35.0,10.0,1.2,0.3,S2b,800,1201,428,428,0.535,0.535,185.48978373418555,185.16564,0.1689299909661731,historical_extension
L50_Ts150_Tr35p0_dT10_F1p2_LP40,0.5,150.0,35.0,10.0,1.2,0.4,S1,800,1201,207,207,0.25875,0.25875,89.60231382397092,89.55440999999999,0.2363740374909063,historical_extension
L50_Ts150_Tr35p0_dT10_F1p2_LP40,0.5,150.0,35.0,10.0,1.2,0.4,S2a,800,1201,212,212,0.265,0.265,91.79434889106086,91.71756,0.1349822995121742,historical_extension
L50_Ts150_Tr35p0_dT10_F1p2_LP40,0.5,150.0,35.0,10.0,1.2,0.4,S2b,800,1201,232,232,0.29,0.29,100.48571962434072,100.37016,0.1456340493545621,historical_extension
L50_Ts150_Tr35p0_dT10_F1p2_LP45,0.5,150.0,35.0,10.0,1.2,0.45,S1,800,1201,118,118,0.1475,0.1475,51.13724003828384,51.05034,0.2394750872618562,historical_extension
L50_Ts150_Tr35p0_dT10_F1p2_LP45,0.5,150.0,35.0,10.0,1.2,0.45,S2a,800,1201,123,123,0.15375,0.15375,53.29317674128019,53.21349,0.1373983600149965,historical_extension
L50_Ts150_Tr35p0_dT10_F1p2_LP45,0.5,150.0,35.0,10.0,1.2,0.45,S2b,800,1201,133,133,0.16625,0.16625,57.9712377407845,57.53979,0.1463644160879767,historical_extension
L50_Ts150_Tr35p0_dT15_F0p8_LP20,0.5,150.0,35.0,15.0,0.8,0.2,S1,800,1201,800,440,1.0,0.55,127.05313119094312,126.90479999999998,0.2333775174875164,historical_extension
L50_Ts150_Tr35p0_dT15_F0p8_LP20,0.5,150.0,35.0,15.0,0.8,0.2,S2a,800,1201,800,468,1.0,0.585,135.01275842025228,134.98055999999997,0.1580823226040334,historical_extension
L50_Ts150_Tr35p0_dT15_F0p8_LP20,0.5,150.0,35.0,15.0,0.8,0.2,S2b,800,1201,800,657,1.0,0.82125,189.60991026053017,189.49194,0.2039403653891335,historical_extension
L50_Ts150_Tr35p0_dT15_F0p8_LP30,0.5,150.0,35.0,15.0,0.8,0.3,S1,800,1201,577,440,0.72125,0.55,127.05313119095476,126.90479999999998,0.2333775174875164,historical_extension
L50_Ts150_Tr35p0_dT15_F0p8_LP30,0.5,150.0,35.0,15.0,0.8,0.3,S2a,800,1201,585,468,0.73125,0.585,135.0127584203303,134.98055999999997,0.1580823226040334,historical_extension
L50_Ts150_Tr35p0_dT15_F0p8_LP30,0.5,150.0,35.0,15.0,0.8,0.3,S2b,800,1201,643,639,0.80375,0.79875,184.43307411624795,184.30038,0.2023464941025248,historical_extension
L50_Ts150_Tr35p0_dT15_F0p8_LP40,0.5,150.0,35.0,15.0,0.8,0.4,S1,800,1201,310,310,0.3875,0.3875,89.60231382397092,89.41019999999999,0.2363972663281418,historical_extension
L50_Ts150_Tr35p0_dT15_F0p8_LP40,0.5,150.0,35.0,15.0,0.8,0.4,S2a,800,1201,318,318,0.3975,0.3975,91.79434889106086,91.71755999999998,0.1444057973705556,historical_extension
L50_Ts150_Tr35p0_dT15_F0p8_LP40,0.5,150.0,35.0,15.0,0.8,0.4,S2b,800,1201,348,348,0.435,0.435,100.48571962434072,100.37015999999998,0.1619749045301669,historical_extension
L50_Ts150_Tr35p0_dT15_F0p8_LP45,0.5,150.0,35.0,15.0,0.8,0.45,S1,800,1201,177,177,0.22125,0.22125,51.13724003828384,51.050339999999984,0.239486701680474,historical_extension
L50_Ts150_Tr35p0_dT15_F0p8_LP45,0.5,150.0,35.0,15.0,0.8,0.45,S2a,800,1201,184,184,0.23,0.23,53.29317674128019,53.06927999999999,0.1370175436997487,historical_extension
L50_Ts150_Tr35p0_dT15_F0p8_LP45,0.5,150.0,35.0,15.0,0.8,0.45,S2b,800,1201,200,200,0.25,0.25,57.9712377407845,57.68399999999999,0.1465506877309355,historical_extension
L50_Ts150_Tr35p0_dT15_F1p0_LP20,0.5,150.0,35.0,15.0,1.0,0.2,S1,800,1201,675,417,0.84375,0.52125,150.54137403284855,150.338925,0.2314843672528166,historical_extension
L50_Ts150_Tr35p0_dT15_F1p0_LP20,0.5,150.0,35.0,15.0,1.0,0.2,S2a,800,1201,681,448,0.85125,0.56,161.52291333392384,161.5152,0.1574996520625449,historical_extension
L50_Ts150_Tr35p0_dT15_F1p0_LP20,0.5,150.0,35.0,15.0,1.0,0.2,S2b,800,1201,750,617,0.9375,0.77125,222.7124138690769,222.443925,0.2024312988124319,historical_extension
L50_Ts150_Tr35p0_dT15_F1p0_LP30,0.5,150.0,35.0,15.0,1.0,0.3,S1,800,1201,461,417,0.57625,0.52125,150.54137403279054,150.338925,0.2314843672528166,historical_extension
L50_Ts150_Tr35p0_dT15_F1p0_LP30,0.5,150.0,35.0,15.0,1.0,0.3,S2a,800,1201,468,448,0.585,0.56,161.52291333406436,161.5152,0.1574996520625449,historical_extension
L50_Ts150_Tr35p0_dT15_F1p0_LP30,0.5,150.0,35.0,15.0,1.0,0.3,S2b,800,1201,514,514,0.6425,0.6425,185.48978373418555,185.30985,0.1903577269417446,historical_extension
L50_Ts150_Tr35p0_dT15_F1p0_LP40,0.5,150.0,35.0,15.0,1.0,0.4,S1,800,1201,248,248,0.31,0.31,89.60231382397092,89.4102,0.2363914591188329,historical_extension
L50_Ts150_Tr35p0_dT15_F1p0_LP40,0.5,150.0,35.0,15.0,1.0,0.4,S2a,800,1201,254,254,0.3175,0.3175,91.79434889106086,91.57335,0.1384481359722027,historical_extension
L50_Ts150_Tr35p0_dT15_F1p0_LP40,0.5,150.0,35.0,15.0,1.0,0.4,S2b,800,1201,278,278,0.3475,0.3475,100.48571962434072,100.22595,0.1516506327109665,historical_extension
L50_Ts150_Tr35p0_dT15_F1p0_LP45,0.5,150.0,35.0,15.0,1.0,0.45,S1,800,1201,141,141,0.17625,0.17625,51.13724003828384,50.834025,0.2394983160990918,historical_extension
L50_Ts150_Tr35p0_dT15_F1p0_LP45,0.5,150.0,35.0,15.0,1.0,0.45,S2a,800,1201,147,147,0.18375,0.18375,53.29317674128019,52.997175000000006,0.1369578443876732,historical_extension
L50_Ts150_Tr35p0_dT15_F1p0_LP45,0.5,150.0,35.0,15.0,1.0,0.45,S2b,800,1201,160,160,0.2,0.2,57.9712377407845,57.684000000000005,0.1466584171954825,historical_extension
L50_Ts150_Tr35p0_dT15_F1p2_LP20,0.5,150.0,35.0,15.0,1.2,0.2,S1,800,1201,562,395,0.7025,0.49375,171.13222527672588,170.88885,0.2298235053904727,historical_extension
L50_Ts150_Tr35p0_dT15_F1p2_LP20,0.5,150.0,35.0,15.0,1.2,0.2,S2a,800,1201,568,427,0.71,0.53375,184.76107643223224,184.73301,0.1568671263015439,historical_extension
L50_Ts150_Tr35p0_dT15_F1p2_LP20,0.5,150.0,35.0,15.0,1.2,0.2,S2b,800,1201,625,577,0.78125,0.72125,249.803091298762,249.62751,0.2008170058404679,historical_extension
L50_Ts150_Tr35p0_dT15_F1p2_LP30,0.5,150.0,35.0,15.0,1.2,0.3,S1,800,1201,384,384,0.48,0.48,166.53246139534505,166.12991999999997,0.2302067812048597,historical_extension
L50_Ts150_Tr35p0_dT15_F1p2_LP30,0.5,150.0,35.0,15.0,1.2,0.3,S2a,800,1201,390,390,0.4875,0.4875,168.7882421209241,168.7257,0.1535102530643551,historical_extension
L50_Ts150_Tr35p0_dT15_F1p2_LP30,0.5,150.0,35.0,15.0,1.2,0.3,S2b,800,1201,428,428,0.535,0.535,185.48978373418555,185.16564,0.1801084342740138,historical_extension
L50_Ts150_Tr35p0_dT15_F1p2_LP40,0.5,150.0,35.0,15.0,1.2,0.4,S1,800,1201,207,207,0.25875,0.25875,89.60231382397092,89.55440999999999,0.2363740374909063,historical_extension
L50_Ts150_Tr35p0_dT15_F1p2_LP40,0.5,150.0,35.0,15.0,1.2,0.4,S2a,800,1201,212,212,0.265,0.265,91.79434889106086,91.71756,0.1356357034299539,historical_extension
L50_Ts150_Tr35p0_dT15_F1p2_LP40,0.5,150.0,35.0,15.0,1.2,0.4,S2b,800,1201,232,232,0.29,0.29,100.48571962434072,100.37016,0.1467653532252591,historical_extension
L50_Ts150_Tr35p0_dT15_F1p2_LP45,0.5,150.0,35.0,15.0,1.2,0.45,S1,800,1201,118,118,0.1475,0.1475,51.13724003828384,51.05034,0.2394750872618562,historical_extension
L50_Ts150_Tr35p0_dT15_F1p2_LP45,0.5,150.0,35.0,15.0,1.2,0.45,S2a,800,1201,123,123,0.15375,0.15375,53.29317674128019,53.21349,0.1373983600149965,historical_extension
L50_Ts150_Tr35p0_dT15_F1p2_LP45,0.5,150.0,35.0,15.0,1.2,0.45,S2b,800,1201,133,133,0.16625,0.16625,57.9712377407845,57.53979,0.1463644160879767,historical_extension
L50_Ts150_Tr41p44_dT5_F0p8_LP20,0.5,150.0,41.44,5.0,0.8,0.2,S1,800,1201,800,487,1.0,0.60875,132.66698096604614,132.59474975999998,0.2329205598014181,historical_extension
L50_Ts150_Tr41p44_dT5_F0p8_LP20,0.5,150.0,41.44,5.0,0.8,0.2,S2a,800,1201,800,520,1.0,0.65,141.8174501012616,141.5796096,0.1552031107925866,historical_extension
L50_Ts150_Tr41p44_dT5_F0p8_LP20,0.5,150.0,41.44,5.0,0.8,0.2,S2b,800,1201,800,721,1.0,0.90125,196.30774722946492,196.30557408,0.1983259835980189,historical_extension
L50_Ts150_Tr41p44_dT5_F0p8_LP30,0.5,150.0,41.44,5.0,0.8,0.3,S1,800,1201,611,487,0.76375,0.60875,132.6669809659645,132.59474975999998,0.2329205598014181,historical_extension
L50_Ts150_Tr41p44_dT5_F0p8_LP30,0.5,150.0,41.44,5.0,0.8,0.3,S2a,800,1201,619,520,0.77375,0.65,141.81745010132238,141.5796096,0.1552031107925866,historical_extension
L50_Ts150_Tr41p44_dT5_F0p8_LP30,0.5,150.0,41.44,5.0,0.8,0.3,S2b,800,1201,681,681,0.85125,0.85125,185.48978373418555,185.41483488,0.1950186366880426,historical_extension
L50_Ts150_Tr41p44_dT5_F0p8_LP40,0.5,150.0,41.44,5.0,0.8,0.4,S1,800,1201,329,329,0.41125,0.41125,89.60231382397092,89.57632991999999,0.2363851873327793,historical_extension
L50_Ts150_Tr41p44_dT5_F0p8_LP40,0.5,150.0,41.44,5.0,0.8,0.4,S2a,800,1201,337,337,0.42125,0.42125,91.79434889106086,91.75447776,0.1408406528503772,historical_extension
L50_Ts150_Tr41p44_dT5_F0p8_LP40,0.5,150.0,41.44,5.0,0.8,0.4,S2b,800,1201,369,369,0.46125,0.46125,100.48571962434072,100.46706912,0.1558633699486329,historical_extension
L50_Ts150_Tr41p44_dT5_F0p8_LP45,0.5,150.0,41.44,5.0,0.8,0.45,S1,800,1201,187,187,0.23375,0.23375,51.13724003828384,50.91420576,0.2394989665065344,historical_extension
L50_Ts150_Tr41p44_dT5_F0p8_LP45,0.5,150.0,41.44,5.0,0.8,0.45,S2a,800,1201,195,195,0.24375,0.24375,53.29317674128019,53.0923536,0.1370473216945566,historical_extension
L50_Ts150_Tr41p44_dT5_F0p8_LP45,0.5,150.0,41.44,5.0,0.8,0.45,S2b,800,1201,212,212,0.265,0.265,57.9712377407845,57.72091775999999,0.1466303228644422,historical_extension
L50_Ts150_Tr41p44_dT5_F1p0_LP20,0.5,150.0,41.44,5.0,1.0,0.2,S1,800,1201,715,461,0.89375,0.57625,157.0409932319683,156.89471160000002,0.2309580018010584,historical_extension
L50_Ts150_Tr41p44_dT5_F1p0_LP20,0.5,150.0,41.44,5.0,1.0,0.2,S2a,800,1201,722,498,0.9025,0.6225,169.74961500656275,169.4871288,0.1545516106525528,historical_extension
L50_Ts150_Tr41p44_dT5_F1p0_LP20,0.5,150.0,41.44,5.0,1.0,0.2,S2b,800,1201,794,677,0.9925,0.84625,230.73091249979643,230.40720120000003,0.1967239048348212,historical_extension
L50_Ts150_Tr41p44_dT5_F1p0_LP30,0.5,150.0,41.44,5.0,1.0,0.3,S1,800,1201,489,461,0.61125,0.57625,157.0409932320539,156.89471160000002,0.2309580018010584,historical_extension
L50_Ts150_Tr41p44_dT5_F1p0_LP30,0.5,150.0,41.44,5.0,1.0,0.3,S2a,800,1201,495,487,0.61875,0.60875,165.9620614605037,165.74343720000002,0.1537043501480844,historical_extension
L50_Ts150_Tr41p44_dT5_F1p0_LP30,0.5,150.0,41.44,5.0,1.0,0.3,S2b,800,1201,545,545,0.68125,0.68125,185.48978373418555,185.482902,0.182307342794173,historical_extension
L50_Ts150_Tr41p44_dT5_F1p0_LP40,0.5,150.0,41.44,5.0,1.0,0.4,S1,800,1201,263,263,0.32875,0.32875,89.60231382397092,89.50826280000001,0.2363851873327793,historical_extension
L50_Ts150_Tr41p44_dT5_F1p0_LP40,0.5,150.0,41.44,5.0,1.0,0.4,S2a,800,1201,269,269,0.33625,0.33625,91.79434889106086,91.5502764,0.1360566937978548,historical_extension
L50_Ts150_Tr41p44_dT5_F1p0_LP40,0.5,150.0,41.44,5.0,1.0,0.4,S2b,800,1201,295,295,0.36875,0.36875,100.48571962434072,100.399002,0.1478173322139108,historical_extension
L50_Ts150_Tr41p44_dT5_F1p0_LP45,0.5,150.0,41.44,5.0,1.0,0.45,S1,800,1201,150,150,0.1875,0.1875,51.13724003828384,51.050340000000006,0.2394825204897716,historical_extension
L50_Ts150_Tr41p44_dT5_F1p0_LP45,0.5,150.0,41.44,5.0,1.0,0.45,S2a,800,1201,156,156,0.195,0.195,53.29317674128019,53.0923536,0.1371031452955121,historical_extension
L50_Ts150_Tr41p44_dT5_F1p0_LP45,0.5,150.0,41.44,5.0,1.0,0.45,S2b,800,1201,170,170,0.2125,0.2125,57.9712377407845,57.857052,0.1470951551350625,historical_extension
L50_Ts150_Tr41p44_dT5_F1p2_LP20,0.5,150.0,41.44,5.0,1.2,0.2,S1,800,1201,596,436,0.745,0.545,178.316389150223,178.06358592,0.2292476160577282,historical_extension
L50_Ts150_Tr41p44_dT5_F1p2_LP20,0.5,150.0,41.44,5.0,1.2,0.2,S2a,800,1201,601,475,0.75125,0.59375,194.2580421696917,193.991292,0.1538834269548454,historical_extension
L50_Ts150_Tr41p44_dT5_F1p2_LP20,0.5,150.0,41.44,5.0,1.2,0.2,S2b,800,1201,662,633,0.8275,0.79125,258.745067366313,258.51892176,0.1950405415136283,historical_extension
L50_Ts150_Tr41p44_dT5_F1p2_LP30,0.5,150.0,41.44,5.0,1.2,0.3,S1,800,1201,407,407,0.50875,0.50875,166.53246139534505,166.21990704,0.23020148502997,historical_extension
L50_Ts150_Tr41p44_dT5_F1p2_LP30,0.5,150.0,41.44,5.0,1.2,0.3,S2a,800,1201,413,413,0.51625,0.51625,168.7882421209241,168.67032336,0.1486995640961197,historical_extension
L50_Ts150_Tr41p44_dT5_F1p2_LP30,0.5,150.0,41.44,5.0,1.2,0.3,S2b,800,1201,454,454,0.5675,0.5675,185.48978373418555,185.41483488,0.1720816286359169,historical_extension
L50_Ts150_Tr41p44_dT5_F1p2_LP40,0.5,150.0,41.44,5.0,1.2,0.4,S1,800,1201,219,219,0.27375,0.27375,89.60231382397092,89.44019568,0.2363851873327793,historical_extension
L50_Ts150_Tr41p44_dT5_F1p2_LP40,0.5,150.0,41.44,5.0,1.2,0.4,S2a,800,1201,224,224,0.28,0.28,91.79434889106086,91.48220928,0.1347351577864949,historical_extension
L50_Ts150_Tr41p44_dT5_F1p2_LP40,0.5,150.0,41.44,5.0,1.2,0.4,S2b,800,1201,246,246,0.3075,0.3075,100.48571962434072,100.46706912,0.1457685123409473,historical_extension
L50_Ts150_Tr41p44_dT5_F1p2_LP45,0.5,150.0,41.44,5.0,1.2,0.45,S1,800,1201,125,125,0.15625,0.15625,51.13724003828384,51.05034,0.239477038484184,historical_extension
L50_Ts150_Tr41p44_dT5_F1p2_LP45,0.5,150.0,41.44,5.0,1.2,0.45,S2a,800,1201,130,130,0.1625,0.1625,53.29317674128019,53.0923536,0.1371670021782945,historical_extension
L50_Ts150_Tr41p44_dT5_F1p2_LP45,0.5,150.0,41.44,5.0,1.2,0.45,S2b,800,1201,141,141,0.17625,0.17625,57.9712377407845,57.58478352,0.1464589876071062,historical_extension
L50_Ts150_Tr41p44_dT10_F0p8_LP20,0.5,150.0,41.44,10.0,0.8,0.2,S1,800,1201,800,458,1.0,0.5725,124.77538469414502,124.69896383999998,0.2335564724495793,historical_extension
L50_Ts150_Tr41p44_dT10_F0p8_LP20,0.5,150.0,41.44,10.0,0.8,0.2,S2a,800,1201,800,485,1.0,0.60625,132.269443933481,132.0502128,0.1592858088656598,historical_extension
L50_Ts150_Tr41p44_dT10_F0p8_LP20,0.5,150.0,41.44,10.0,0.8,0.2,S2b,800,1201,800,686,1.0,0.8575,186.91761893615396,186.77617728,0.2064244482755964,historical_extension
L50_Ts150_Tr41p44_dT10_F0p8_LP30,0.5,150.0,41.44,10.0,0.8,0.3,S1,800,1201,611,458,0.76375,0.5725,124.77538469414787,124.69896383999998,0.2335564724495793,historical_extension
L50_Ts150_Tr41p44_dT10_F0p8_LP30,0.5,150.0,41.44,10.0,0.8,0.3,S2a,800,1201,619,485,0.77375,0.60625,132.26944393342836,132.0502128,0.1592858088656598,historical_extension
L50_Ts150_Tr41p44_dT10_F0p8_LP30,0.5,150.0,41.44,10.0,0.8,0.3,S2b,800,1201,681,673,0.85125,0.84125,183.4477165150426,183.23668704,0.2052813603963157,historical_extension
L50_Ts150_Tr41p44_dT10_F0p8_LP40,0.5,150.0,41.44,10.0,0.8,0.4,S1,800,1201,329,329,0.41125,0.41125,89.60231382397092,89.57632991999999,0.2363851873327793,historical_extension
L50_Ts150_Tr41p44_dT10_F0p8_LP40,0.5,150.0,41.44,10.0,0.8,0.4,S2a,800,1201,337,337,0.42125,0.42125,91.79434889106086,91.75447776,0.1461492518063517,historical_extension
L50_Ts150_Tr41p44_dT10_F0p8_LP40,0.5,150.0,41.44,10.0,0.8,0.4,S2b,800,1201,369,369,0.46125,0.46125,100.48571962434072,100.46706912,0.1650860215797603,historical_extension
L50_Ts150_Tr41p44_dT10_F0p8_LP45,0.5,150.0,41.44,10.0,0.8,0.45,S1,800,1201,187,187,0.23375,0.23375,51.13724003828384,50.91420576,0.2394989665065344,historical_extension
L50_Ts150_Tr41p44_dT10_F0p8_LP45,0.5,150.0,41.44,10.0,0.8,0.45,S2a,800,1201,195,195,0.24375,0.24375,53.29317674128019,53.0923536,0.1370473216945566,historical_extension
L50_Ts150_Tr41p44_dT10_F0p8_LP45,0.5,150.0,41.44,10.0,0.8,0.45,S2b,800,1201,212,212,0.265,0.265,57.9712377407845,57.72091775999999,0.1466303228644422,historical_extension
L50_Ts150_Tr41p44_dT10_F1p0_LP20,0.5,150.0,41.44,10.0,1.0,0.2,S1,800,1201,715,434,0.89375,0.5425,147.8989933133127,147.70565040000002,0.231698072555384,historical_extension
L50_Ts150_Tr41p44_dT10_F1p0_LP20,0.5,150.0,41.44,10.0,1.0,0.2,S2a,800,1201,722,464,0.9025,0.58,158.16044732709787,157.9157184,0.1587156246927165,historical_extension
L50_Ts150_Tr41p44_dT10_F1p0_LP20,0.5,150.0,41.44,10.0,1.0,0.2,S2b,800,1201,794,644,0.9925,0.805,219.48571879869056,219.1761264,0.204926245087374,historical_extension
L50_Ts150_Tr41p44_dT10_F1p0_LP30,0.5,150.0,41.44,10.0,1.0,0.3,S1,800,1201,489,434,0.61125,0.5425,147.89899331345734,147.70565040000002,0.231698072555384,historical_extension
L50_Ts150_Tr41p44_dT10_F1p0_LP30,0.5,150.0,41.44,10.0,1.0,0.3,S2a,800,1201,495,464,0.61875,0.58,158.16044732717071,157.9157184,0.1587156246927165,historical_extension
L50_Ts150_Tr41p44_dT10_F1p0_LP30,0.5,150.0,41.44,10.0,1.0,0.3,S2b,800,1201,545,545,0.68125,0.68125,185.48978373418555,185.482902,0.1939927062207802,historical_extension
L50_Ts150_Tr41p44_dT10_F1p0_LP40,0.5,150.0,41.44,10.0,1.0,0.4,S1,800,1201,263,263,0.32875,0.32875,89.60231382397092,89.50826280000001,0.2363851873327793,historical_extension
L50_Ts150_Tr41p44_dT10_F1p0_LP40,0.5,150.0,41.44,10.0,1.0,0.4,S2a,800,1201,269,269,0.33625,0.33625,91.79434889106086,91.5502764,0.1397261162659877,historical_extension
L50_Ts150_Tr41p44_dT10_F1p0_LP40,0.5,150.0,41.44,10.0,1.0,0.4,S2b,800,1201,295,295,0.36875,0.36875,100.48571962434072,100.399002,0.1541615749308736,historical_extension
L50_Ts150_Tr41p44_dT10_F1p0_LP45,0.5,150.0,41.44,10.0,1.0,0.45,S1,800,1201,150,150,0.1875,0.1875,51.13724003828384,51.050340000000006,0.2394825204897716,historical_extension
L50_Ts150_Tr41p44_dT10_F1p0_LP45,0.5,150.0,41.44,10.0,1.0,0.45,S2a,800,1201,156,156,0.195,0.195,53.29317674128019,53.0923536,0.1371031452955121,historical_extension
L50_Ts150_Tr41p44_dT10_F1p0_LP45,0.5,150.0,41.44,10.0,1.0,0.45,S2b,800,1201,170,170,0.2125,0.2125,57.9712377407845,57.857052,0.1470951551350625,historical_extension
L50_Ts150_Tr41p44_dT10_F1p2_LP20,0.5,150.0,41.44,10.0,1.2,0.2,S1,800,1201,596,411,0.745,0.51375,168.20421837163067,167.85351792,0.2300699168958677,historical_extension
L50_Ts150_Tr41p44_dT10_F1p2_LP20,0.5,150.0,41.44,10.0,1.2,0.2,S2a,800,1201,601,442,0.75125,0.5525,180.8984247168005,180.51400224,0.1580905046616151,historical_extension
L50_Ts150_Tr41p44_dT10_F1p2_LP20,0.5,150.0,41.44,10.0,1.2,0.2,S2b,800,1201,662,602,0.8275,0.7525,246.15282876873803,245.85843744,0.2033173348938749,historical_extension
L50_Ts150_Tr41p44_dT10_F1p2_LP30,0.5,150.0,41.44,10.0,1.2,0.3,S1,800,1201,407,407,0.50875,0.50875,166.53246139534505,166.21990704,0.23020148502997,historical_extension
L50_Ts150_Tr41p44_dT10_F1p2_LP30,0.5,150.0,41.44,10.0,1.2,0.3,S2a,800,1201,413,413,0.51625,0.51625,168.7882421209241,168.67032336,0.1555973202607309,historical_extension
L50_Ts150_Tr41p44_dT10_F1p2_LP30,0.5,150.0,41.44,10.0,1.2,0.3,S2b,800,1201,454,454,0.5675,0.5675,185.48978373418555,185.41483488,0.1838689780155297,historical_extension
L50_Ts150_Tr41p44_dT10_F1p2_LP40,0.5,150.0,41.44,10.0,1.2,0.4,S1,800,1201,219,219,0.27375,0.27375,89.60231382397092,89.44019568,0.2363851873327793,historical_extension
L50_Ts150_Tr41p44_dT10_F1p2_LP40,0.5,150.0,41.44,10.0,1.2,0.4,S2a,800,1201,224,224,0.28,0.28,91.79434889106086,91.48220928,0.1361182253769697,historical_extension
L50_Ts150_Tr41p44_dT10_F1p2_LP40,0.5,150.0,41.44,10.0,1.2,0.4,S2b,800,1201,246,246,0.3075,0.3075,100.48571962434072,100.46706912,0.1481460442794548,historical_extension
L50_Ts150_Tr41p44_dT10_F1p2_LP45,0.5,150.0,41.44,10.0,1.2,0.45,S1,800,1201,125,125,0.15625,0.15625,51.13724003828384,51.05034,0.239477038484184,historical_extension
L50_Ts150_Tr41p44_dT10_F1p2_LP45,0.5,150.0,41.44,10.0,1.2,0.45,S2a,800,1201,130,130,0.1625,0.1625,53.29317674128019,53.0923536,0.1371670021782945,historical_extension
L50_Ts150_Tr41p44_dT10_F1p2_LP45,0.5,150.0,41.44,10.0,1.2,0.45,S2b,800,1201,141,141,0.17625,0.17625,57.9712377407845,57.58478352,0.1464589876071062,historical_extension
L50_Ts150_Tr41p44_dT15_F0p8_LP20,0.5,150.0,41.44,15.0,0.8,0.2,S1,800,1201,800,429,1.0,0.53625,116.83628442001871,116.80317791999998,0.2341923850977406,historical_extension
L50_Ts150_Tr41p44_dT15_F0p8_LP20,0.5,150.0,41.44,15.0,0.8,0.2,S2a,800,1201,800,450,1.0,0.5625,122.71585998031505,122.52081599999998,0.1643343706916256,historical_extension
L50_Ts150_Tr41p44_dT15_F0p8_LP20,0.5,150.0,41.44,15.0,0.8,0.2,S2b,800,1201,800,651,1.0,0.81375,177.48996603053098,177.24678047999998,0.2161420256651094,historical_extension
L50_Ts150_Tr41p44_dT15_F0p8_LP30,0.5,150.0,41.44,15.0,0.8,0.3,S1,800,1201,611,429,0.76375,0.53625,116.83628442003588,116.80317791999998,0.2341923850977406,historical_extension
L50_Ts150_Tr41p44_dT15_F0p8_LP30,0.5,150.0,41.44,15.0,0.8,0.3,S2a,800,1201,619,450,0.77375,0.5625,122.71585998034884,122.52081599999998,0.1643343706916256,historical_extension
L50_Ts150_Tr41p44_dT15_F0p8_LP30,0.5,150.0,41.44,15.0,0.8,0.3,S2b,800,1201,681,651,0.85125,0.81375,177.4899660307023,177.24678047999998,0.2161420256651094,historical_extension
L50_Ts150_Tr41p44_dT15_F0p8_LP40,0.5,150.0,41.44,15.0,0.8,0.4,S1,800,1201,329,329,0.41125,0.41125,89.60231382397092,89.57632991999999,0.2363851873327793,historical_extension
L50_Ts150_Tr41p44_dT15_F0p8_LP40,0.5,150.0,41.44,15.0,0.8,0.4,S2a,800,1201,337,337,0.42125,0.42125,91.79434889106086,91.75447776,0.1533937477100205,historical_extension
L50_Ts150_Tr41p44_dT15_F0p8_LP40,0.5,150.0,41.44,15.0,0.8,0.4,S2b,800,1201,369,369,0.46125,0.46125,100.48571962434072,100.46706912,0.1777285052617646,historical_extension
L50_Ts150_Tr41p44_dT15_F0p8_LP45,0.5,150.0,41.44,15.0,0.8,0.45,S1,800,1201,187,187,0.23375,0.23375,51.13724003828384,50.91420576,0.2394989665065344,historical_extension
L50_Ts150_Tr41p44_dT15_F0p8_LP45,0.5,150.0,41.44,15.0,0.8,0.45,S2a,800,1201,195,195,0.24375,0.24375,53.29317674128019,53.0923536,0.1378399534127733,historical_extension
L50_Ts150_Tr41p44_dT15_F0p8_LP45,0.5,150.0,41.44,15.0,0.8,0.45,S2b,800,1201,212,212,0.265,0.265,57.9712377407845,57.72091775999999,0.1480498022743203,historical_extension
L50_Ts150_Tr41p44_dT15_F1p0_LP20,0.5,150.0,41.44,15.0,1.0,0.2,S1,800,1201,715,407,0.89375,0.50875,138.66655258722665,138.5165892,0.2324381433097096,historical_extension
L50_Ts150_Tr41p44_dT15_F1p0_LP20,0.5,150.0,41.44,15.0,1.0,0.2,S2a,800,1201,722,430,0.9025,0.5375,146.55839854262746,146.344308,0.1638639857849665,historical_extension
L50_Ts150_Tr41p44_dT15_F1p0_LP20,0.5,150.0,41.44,15.0,1.0,0.2,S2b,800,1201,794,611,0.9925,0.76375,208.2349394918816,207.9450516,0.2147996760461088,historical_extension
L50_Ts150_Tr41p44_dT15_F1p0_LP30,0.5,150.0,41.44,15.0,1.0,0.3,S1,800,1201,489,407,0.61125,0.50875,138.666552587191,138.5165892,0.2324381433097096,historical_extension
L50_Ts150_Tr41p44_dT15_F1p0_LP30,0.5,150.0,41.44,15.0,1.0,0.3,S2a,800,1201,495,430,0.61875,0.5375,146.5583985426726,146.344308,0.1638639857849665,historical_extension
L50_Ts150_Tr41p44_dT15_F1p0_LP30,0.5,150.0,41.44,15.0,1.0,0.3,S2b,800,1201,545,545,0.68125,0.68125,185.48978373418555,185.482902,0.2076115466457896,historical_extension
L50_Ts150_Tr41p44_dT15_F1p0_LP40,0.5,150.0,41.44,15.0,1.0,0.4,S1,800,1201,263,263,0.32875,0.32875,89.60231382397092,89.50826280000001,0.2363851873327793,historical_extension
L50_Ts150_Tr41p44_dT15_F1p0_LP40,0.5,150.0,41.44,15.0,1.0,0.4,S2a,800,1201,269,269,0.33625,0.33625,91.79434889106086,91.5502764,0.1459845679863544,historical_extension
L50_Ts150_Tr41p44_dT15_F1p0_LP40,0.5,150.0,41.44,15.0,1.0,0.4,S2b,800,1201,295,295,0.36875,0.36875,100.48571962434072,100.399002,0.1650197959685981,historical_extension
L50_Ts150_Tr41p44_dT15_F1p0_LP45,0.5,150.0,41.44,15.0,1.0,0.45,S1,800,1201,150,150,0.1875,0.1875,51.13724003828384,51.050340000000006,0.2394825204897716,historical_extension
L50_Ts150_Tr41p44_dT15_F1p0_LP45,0.5,150.0,41.44,15.0,1.0,0.45,S2a,800,1201,156,156,0.195,0.195,53.29317674128019,53.0923536,0.1371031452955121,historical_extension
L50_Ts150_Tr41p44_dT15_F1p0_LP45,0.5,150.0,41.44,15.0,1.0,0.45,S2b,800,1201,170,170,0.2125,0.2125,57.9712377407845,57.857052,0.1470951551350625,historical_extension
L50_Ts150_Tr41p44_dT15_F1p2_LP20,0.5,150.0,41.44,15.0,1.2,0.2,S1,800,1201,596,386,0.745,0.4825,157.94261860923086,157.64344992,0.2308922177340072,historical_extension
L50_Ts150_Tr41p44_dT15_F1p2_LP20,0.5,150.0,41.44,15.0,1.2,0.2,S2a,800,1201,601,410,0.75125,0.5125,167.4664862146389,167.4451152,0.1633904921423267,historical_extension
L50_Ts150_Tr41p44_dT15_F1p2_LP20,0.5,150.0,41.44,15.0,1.2,0.2,S2b,800,1201,662,571,0.8275,0.71375,233.37897186252889,233.19795312,0.213314577096556,historical_extension
L50_Ts150_Tr41p44_dT15_F1p2_LP30,0.5,150.0,41.44,15.0,1.2,0.3,S1,800,1201,407,386,0.50875,0.4825,157.94261860937667,157.64344992,0.2308922177340072,historical_extension
L50_Ts150_Tr41p44_dT15_F1p2_LP30,0.5,150.0,41.44,15.0,1.2,0.3,S2a,800,1201,413,407,0.51625,0.50875,166.47826563576922,166.21990704,0.1631006363878369,historical_extension
L50_Ts150_Tr41p44_dT15_F1p2_LP30,0.5,150.0,41.44,15.0,1.2,0.3,S2b,800,1201,454,454,0.5675,0.5675,185.48978373418555,185.41483488,0.1980034869439766,historical_extension
L50_Ts150_Tr41p44_dT15_F1p2_LP40,0.5,150.0,41.44,15.0,1.2,0.4,S1,800,1201,219,219,0.27375,0.27375,89.60231382397092,89.44019568,0.2363851873327793,historical_extension
L50_Ts150_Tr41p44_dT15_F1p2_LP40,0.5,150.0,41.44,15.0,1.2,0.4,S2a,800,1201,224,224,0.28,0.28,91.79434889106086,91.48220928,0.1408151702703579,historical_extension
L50_Ts150_Tr41p44_dT15_F1p2_LP40,0.5,150.0,41.44,15.0,1.2,0.4,S2b,800,1201,246,246,0.3075,0.3075,100.48571962434072,100.46706912,0.1562557394130629,historical_extension
L50_Ts150_Tr41p44_dT15_F1p2_LP45,0.5,150.0,41.44,15.0,1.2,0.45,S1,800,1201,125,125,0.15625,0.15625,51.13724003828384,51.05034,0.239477038484184,historical_extension
L50_Ts150_Tr41p44_dT15_F1p2_LP45,0.5,150.0,41.44,15.0,1.2,0.45,S2a,800,1201,130,130,0.1625,0.1625,53.29317674128019,53.0923536,0.1371670021782945,historical_extension
L50_Ts150_Tr41p44_dT15_F1p2_LP45,0.5,150.0,41.44,15.0,1.2,0.45,S2b,800,1201,141,141,0.17625,0.17625,57.9712377407845,57.58478352,0.1464589876071062,historical_extension
L50_Ts150_Tr50p0_dT5_F0p8_LP20,0.5,150.0,50.0,5.0,0.8,0.2,S1,800,1201,800,474,1.0,0.5925,119.12748989459736,118.8792,0.2340269149806676,historical_extension
L50_Ts150_Tr50p0_dT5_F0p8_LP20,0.5,150.0,50.0,5.0,0.8,0.2,S2a,800,1201,800,500,1.0,0.625,125.45783992218492,125.4,0.16279619666966,historical_extension
L50_Ts150_Tr50p0_dT5_F0p8_LP20,0.5,150.0,50.0,5.0,0.8,0.2,S2b,800,1201,800,718,1.0,0.8975,180.21092215715944,180.0744,0.2131697973350744,historical_extension
L50_Ts150_Tr50p0_dT5_F0p8_LP30,0.5,150.0,50.0,5.0,0.8,0.3,S1,800,1201,664,474,0.83,0.5925,119.12748989456408,118.8792,0.2340269149806676,historical_extension
L50_Ts150_Tr50p0_dT5_F0p8_LP30,0.5,150.0,50.0,5.0,0.8,0.3,S2a,800,1201,672,500,0.84,0.625,125.45783992220234,125.4,0.16279619666966,historical_extension
L50_Ts150_Tr50p0_dT5_F0p8_LP30,0.5,150.0,50.0,5.0,0.8,0.3,S2b,800,1201,739,718,0.92375,0.8975,180.21092215714071,180.0744,0.2131697973350744,historical_extension
L50_Ts150_Tr50p0_dT5_F0p8_LP40,0.5,150.0,50.0,5.0,0.8,0.4,S1,800,1201,357,357,0.44625,0.44625,89.60231382397092,89.53559999999999,0.2363901966820267,historical_extension
L50_Ts150_Tr50p0_dT5_F0p8_LP40,0.5,150.0,50.0,5.0,0.8,0.4,S2a,800,1201,366,366,0.4575,0.4575,91.79434889106086,91.7928,0.1511153654948347,historical_extension
L50_Ts150_Tr50p0_dT5_F0p8_LP40,0.5,150.0,50.0,5.0,0.8,0.4,S2b,800,1201,400,400,0.5,0.5,100.48571962434072,100.32,0.1735036864781214,historical_extension
L50_Ts150_Tr50p0_dT5_F0p8_LP45,0.5,150.0,50.0,5.0,0.8,0.45,S1,800,1201,203,203,0.25375,0.25375,51.13724003828384,50.9124,0.2395008409727043,historical_extension
L50_Ts150_Tr50p0_dT5_F0p8_LP45,0.5,150.0,50.0,5.0,0.8,0.45,S2a,800,1201,212,212,0.265,0.265,53.29317674128019,53.1696,0.1373823471974732,historical_extension
L50_Ts150_Tr50p0_dT5_F0p8_LP45,0.5,150.0,50.0,5.0,0.8,0.45,S2b,800,1201,231,231,0.28875,0.28875,57.9712377407845,57.9348,0.1475678723658421,historical_extension
L50_Ts150_Tr50p0_dT5_F1p0_LP20,0.5,150.0,50.0,5.0,1.0,0.2,S1,800,1201,776,450,0.97,0.5625,141.334491479652,141.075,0.2322342547157479,historical_extension
L50_Ts150_Tr50p0_dT5_F1p0_LP20,0.5,150.0,50.0,5.0,1.0,0.2,S2a,800,1201,784,478,0.98,0.5975,149.89721778655843,149.853,0.1622987798829365,historical_extension
L50_Ts150_Tr50p0_dT5_F1p0_LP20,0.5,150.0,50.0,5.0,1.0,0.2,S2b,800,1201,800,674,1.0,0.8425,211.50008468970083,211.299,0.2117831753707667,historical_extension
L50_Ts150_Tr50p0_dT5_F1p0_LP30,0.5,150.0,50.0,5.0,1.0,0.3,S1,800,1201,531,450,0.66375,0.5625,141.33449147980542,141.075,0.2322342547157479,historical_extension
L50_Ts150_Tr50p0_dT5_F1p0_LP30,0.5,150.0,50.0,5.0,1.0,0.3,S2a,800,1201,538,478,0.6725,0.5975,149.89721778660652,149.853,0.1622987798829365,historical_extension
L50_Ts150_Tr50p0_dT5_F1p0_LP30,0.5,150.0,50.0,5.0,1.0,0.3,S2b,800,1201,591,591,0.73875,0.73875,185.48978373418555,185.2785,0.2033673764303348,historical_extension
L50_Ts150_Tr50p0_dT5_F1p0_LP40,0.5,150.0,50.0,5.0,1.0,0.4,S1,800,1201,285,285,0.35625,0.35625,89.60231382397092,89.3475,0.2364002961764769,historical_extension
L50_Ts150_Tr50p0_dT5_F1p0_LP40,0.5,150.0,50.0,5.0,1.0,0.4,S2a,800,1201,292,292,0.365,0.365,91.79434889106086,91.542,0.1438803037127756,historical_extension
L50_Ts150_Tr50p0_dT5_F1p0_LP40,0.5,150.0,50.0,5.0,1.0,0.4,S2b,800,1201,320,320,0.4,0.4,100.48571962434072,100.32,0.1612654941496245,historical_extension
L50_Ts150_Tr50p0_dT5_F1p0_LP45,0.5,150.0,50.0,5.0,1.0,0.45,S1,800,1201,163,163,0.20375,0.20375,51.13724003828384,51.1005,0.2394806419838039,historical_extension
L50_Ts150_Tr50p0_dT5_F1p0_LP45,0.5,150.0,50.0,5.0,1.0,0.45,S2a,800,1201,169,169,0.21125,0.21125,53.29317674128019,52.9815,0.1368930943354731,historical_extension
L50_Ts150_Tr50p0_dT5_F1p0_LP45,0.5,150.0,50.0,5.0,1.0,0.45,S2b,800,1201,184,184,0.23,0.23,57.9712377407845,57.684000000000005,0.1465911316741529,historical_extension
L50_Ts150_Tr50p0_dT5_F1p2_LP20,0.5,150.0,50.0,5.0,1.2,0.2,S1,800,1201,647,427,0.80875,0.53375,160.91278280829368,160.6374,0.2306536838342834,historical_extension
L50_Ts150_Tr50p0_dT5_F1p2_LP20,0.5,150.0,50.0,5.0,1.2,0.2,S2a,800,1201,653,455,0.81625,0.56875,171.35684407725265,171.171,0.1617233250375473,historical_extension
L50_Ts150_Tr50p0_dT5_F1p2_LP20,0.5,150.0,50.0,5.0,1.2,0.2,S2b,800,1201,719,630,0.89875,0.7875,237.0194845188332,237.006,0.210264934519934,historical_extension
L50_Ts150_Tr50p0_dT5_F1p2_LP30,0.5,150.0,50.0,5.0,1.2,0.3,S1,800,1201,442,427,0.5525,0.53375,160.91278280833674,160.6374,0.2306536838342834,historical_extension
L50_Ts150_Tr50p0_dT5_F1p2_LP30,0.5,150.0,50.0,5.0,1.2,0.3,S2a,800,1201,448,444,0.56,0.555,167.17155383522032,167.03279999999998,0.1607787992830075,historical_extension
L50_Ts150_Tr50p0_dT5_F1p2_LP30,0.5,150.0,50.0,5.0,1.2,0.3,S2b,800,1201,493,493,0.61625,0.61625,185.48978373418555,185.4666,0.193689039177393,historical_extension
L50_Ts150_Tr50p0_dT5_F1p2_LP40,0.5,150.0,50.0,5.0,1.2,0.4,S1,800,1201,238,238,0.2975,0.2975,89.60231382397092,89.53559999999999,0.2363800971875764,historical_extension
L50_Ts150_Tr50p0_dT5_F1p2_LP40,0.5,150.0,50.0,5.0,1.2,0.4,S2a,800,1201,244,244,0.305,0.305,91.79434889106086,91.7928,0.1393865984416258,historical_extension
L50_Ts150_Tr50p0_dT5_F1p2_LP40,0.5,150.0,50.0,5.0,1.2,0.4,S2b,800,1201,267,267,0.33375,0.33375,100.48571962434072,100.4454,0.1532389859007419,historical_extension
L50_Ts150_Tr50p0_dT5_F1p2_LP45,0.5,150.0,50.0,5.0,1.2,0.45,S1,800,1201,135,135,0.16875,0.16875,51.13724003828384,50.787,0.2395008409727043,historical_extension
L50_Ts150_Tr50p0_dT5_F1p2_LP45,0.5,150.0,50.0,5.0,1.2,0.45,S2a,800,1201,141,141,0.17625,0.17625,53.29317674128019,53.0442,0.1370519623673485,historical_extension
L50_Ts150_Tr50p0_dT5_F1p2_LP45,0.5,150.0,50.0,5.0,1.2,0.45,S2b,800,1201,154,154,0.1925,0.1925,57.9712377407845,57.9348,0.1473608998173708,historical_extension
L50_Ts150_Tr50p0_dT10_F0p8_LP20,0.5,150.0,50.0,10.0,0.8,0.2,S1,800,1201,800,443,1.0,0.55375,111.1558592155884,111.10439999999998,0.2346530836365833,historical_extension
L50_Ts150_Tr50p0_dT10_F0p8_LP20,0.5,150.0,50.0,10.0,0.8,0.2,S2a,800,1201,800,462,1.0,0.5775,115.88361203122967,115.8696,0.1687814551177243,historical_extension
L50_Ts150_Tr50p0_dT10_F0p8_LP20,0.5,150.0,50.0,10.0,0.8,0.2,S2b,800,1201,800,680,1.0,0.85,170.7923975466602,170.54399999999998,0.2243612884995638,historical_extension
L50_Ts150_Tr50p0_dT10_F0p8_LP30,0.5,150.0,50.0,10.0,0.8,0.3,S1,800,1201,664,443,0.83,0.55375,111.1558592156945,111.10439999999998,0.2346530836365833,historical_extension
L50_Ts150_Tr50p0_dT10_F0p8_LP30,0.5,150.0,50.0,10.0,0.8,0.3,S2a,800,1201,672,462,0.84,0.5775,115.8836120312881,115.8696,0.1687814551177243,historical_extension
L50_Ts150_Tr50p0_dT10_F0p8_LP30,0.5,150.0,50.0,10.0,0.8,0.3,S2b,800,1201,739,680,0.92375,0.85,170.79239754667668,170.54399999999998,0.2243612884995638,historical_extension
L50_Ts150_Tr50p0_dT10_F0p8_LP40,0.5,150.0,50.0,10.0,0.8,0.4,S1,800,1201,357,357,0.44625,0.44625,89.60231382397092,89.53559999999999,0.2363901966820267,historical_extension
L50_Ts150_Tr50p0_dT10_F0p8_LP40,0.5,150.0,50.0,10.0,0.8,0.4,S2a,800,1201,366,366,0.4575,0.4575,91.79434889106086,91.7928,0.1598988665073296,historical_extension
L50_Ts150_Tr50p0_dT10_F0p8_LP40,0.5,150.0,50.0,10.0,0.8,0.4,S2b,800,1201,400,400,0.5,0.5,100.48571962434072,100.32,0.1888940896701942,historical_extension
L50_Ts150_Tr50p0_dT10_F0p8_LP45,0.5,150.0,50.0,10.0,0.8,0.45,S1,800,1201,203,203,0.25375,0.25375,51.13724003828384,50.9124,0.2395008409727043,historical_extension
L50_Ts150_Tr50p0_dT10_F0p8_LP45,0.5,150.0,50.0,10.0,0.8,0.45,S2a,800,1201,212,212,0.265,0.265,53.29317674128019,53.1696,0.1410228763432231,historical_extension
L50_Ts150_Tr50p0_dT10_F0p8_LP45,0.5,150.0,50.0,10.0,0.8,0.45,S2b,800,1201,231,231,0.28875,0.28875,57.9712377407845,57.9348,0.1540467890491356,historical_extension
L50_Ts150_Tr50p0_dT10_F1p0_LP20,0.5,150.0,50.0,10.0,1.0,0.2,S1,800,1201,776,421,0.97,0.52625,132.04049355258627,131.9835,0.2329664680633911,historical_extension
L50_Ts150_Tr50p0_dT10_F1p0_LP20,0.5,150.0,50.0,10.0,1.0,0.2,S2a,800,1201,784,440,0.98,0.55,138.24360985286833,137.94,0.1683010354340603,historical_extension
L50_Ts150_Tr50p0_dT10_F1p0_LP20,0.5,150.0,50.0,10.0,1.0,0.2,S2b,800,1201,800,638,1.0,0.7975,200.15744772205107,200.013,0.2231540319235136,historical_extension
L50_Ts150_Tr50p0_dT10_F1p0_LP30,0.5,150.0,50.0,10.0,1.0,0.3,S1,800,1201,531,421,0.66375,0.52625,132.0404935526044,131.9835,0.2329664680633911,historical_extension
L50_Ts150_Tr50p0_dT10_F1p0_LP30,0.5,150.0,50.0,10.0,1.0,0.3,S2a,800,1201,538,440,0.6725,0.55,138.2436098530295,137.94,0.1683010354340603,historical_extension
L50_Ts150_Tr50p0_dT10_F1p0_LP30,0.5,150.0,50.0,10.0,1.0,0.3,S2b,800,1201,591,591,0.73875,0.73875,185.48978373418555,185.2785,0.2185660655029835,historical_extension
L50_Ts150_Tr50p0_dT10_F1p0_LP40,0.5,150.0,50.0,10.0,1.0,0.4,S1,800,1201,285,285,0.35625,0.35625,89.60231382397092,89.3475,0.2364002961764769,historical_extension
L50_Ts150_Tr50p0_dT10_F1p0_LP40,0.5,150.0,50.0,10.0,1.0,0.4,S2a,800,1201,292,292,0.365,0.365,91.79434889106086,91.542,0.1521599135859931,historical_extension
L50_Ts150_Tr50p0_dT10_F1p0_LP40,0.5,150.0,50.0,10.0,1.0,0.4,S2b,800,1201,320,320,0.4,0.4,100.48571962434072,100.32,0.1756849143864627,historical_extension
L50_Ts150_Tr50p0_dT10_F1p0_LP45,0.5,150.0,50.0,10.0,1.0,0.45,S1,800,1201,163,163,0.20375,0.20375,51.13724003828384,51.1005,0.2394806419838039,historical_extension
L50_Ts150_Tr50p0_dT10_F1p0_LP45,0.5,150.0,50.0,10.0,1.0,0.45,S2a,800,1201,169,169,0.21125,0.21125,53.29317674128019,52.9815,0.1372562595394607,historical_extension
L50_Ts150_Tr50p0_dT10_F1p0_LP45,0.5,150.0,50.0,10.0,1.0,0.45,S2b,800,1201,184,184,0.23,0.23,57.9712377407845,57.684000000000005,0.1472348726410356,historical_extension
L50_Ts150_Tr50p0_dT10_F1p2_LP20,0.5,150.0,50.0,10.0,1.2,0.2,S1,800,1201,647,400,0.80875,0.5,150.54988352989406,150.48,0.2314717428847538,historical_extension
L50_Ts150_Tr50p0_dT10_F1p2_LP20,0.5,150.0,50.0,10.0,1.2,0.2,S2a,800,1201,653,419,0.81625,0.52375,157.8463153575239,157.62779999999998,0.167878783318657,historical_extension
L50_Ts150_Tr50p0_dT10_F1p2_LP20,0.5,150.0,50.0,10.0,1.2,0.2,S2b,800,1201,719,595,0.89875,0.74375,224.18869910018896,223.839,0.221697359948208,historical_extension
L50_Ts150_Tr50p0_dT10_F1p2_LP30,0.5,150.0,50.0,10.0,1.2,0.3,S1,800,1201,442,400,0.5525,0.5,150.5498835299866,150.48,0.2314717428847538,historical_extension
L50_Ts150_Tr50p0_dT10_F1p2_LP30,0.5,150.0,50.0,10.0,1.2,0.3,S2a,800,1201,448,419,0.56,0.52375,157.84631535768352,157.62779999999998,0.167878783318657,historical_extension
L50_Ts150_Tr50p0_dT10_F1p2_LP30,0.5,150.0,50.0,10.0,1.2,0.3,S2b,800,1201,493,493,0.61625,0.61625,185.48978373418555,185.4666,0.2097063005090443,historical_extension
L50_Ts150_Tr50p0_dT10_F1p2_LP40,0.5,150.0,50.0,10.0,1.2,0.4,S1,800,1201,238,238,0.2975,0.2975,89.60231382397092,89.53559999999999,0.2363800971875764,historical_extension
L50_Ts150_Tr50p0_dT10_F1p2_LP40,0.5,150.0,50.0,10.0,1.2,0.4,S2a,800,1201,244,244,0.305,0.305,91.79434889106086,91.7928,0.1466160475472366,historical_extension
L50_Ts150_Tr50p0_dT10_F1p2_LP40,0.5,150.0,50.0,10.0,1.2,0.4,S2b,800,1201,267,267,0.33375,0.33375,100.48571962434072,100.4454,0.1658078449229663,historical_extension
L50_Ts150_Tr50p0_dT10_F1p2_LP45,0.5,150.0,50.0,10.0,1.2,0.45,S1,800,1201,135,135,0.16875,0.16875,51.13724003828384,50.787,0.2395008409727043,historical_extension
L50_Ts150_Tr50p0_dT10_F1p2_LP45,0.5,150.0,50.0,10.0,1.2,0.45,S2a,800,1201,141,141,0.17625,0.17625,53.29317674128019,53.0442,0.1370519623673485,historical_extension
L50_Ts150_Tr50p0_dT10_F1p2_LP45,0.5,150.0,50.0,10.0,1.2,0.45,S2b,800,1201,154,154,0.1925,0.1925,57.9712377407845,57.9348,0.1473608998173708,historical_extension
L50_Ts150_Tr50p0_dT15_F0p8_LP20,0.5,150.0,50.0,15.0,0.8,0.2,S1,800,1201,800,411,1.0,0.51375,103.14025162444332,103.0788,0.2352994512813994,historical_extension
L50_Ts150_Tr50p0_dT15_F0p8_LP20,0.5,150.0,50.0,15.0,0.8,0.2,S2a,800,1201,800,423,1.0,0.52875,106.31448835475604,106.0884,0.1765433495218047,historical_extension
L50_Ts150_Tr50p0_dT15_F0p8_LP20,0.5,150.0,50.0,15.0,0.8,0.2,S2b,800,1201,800,643,1.0,0.80375,161.3205848199159,161.2644,0.2383884093816817,historical_extension
L50_Ts150_Tr50p0_dT15_F0p8_LP30,0.5,150.0,50.0,15.0,0.8,0.3,S1,800,1201,664,411,0.83,0.51375,103.14025162446876,103.0788,0.2352994512813994,historical_extension
L50_Ts150_Tr50p0_dT15_F0p8_LP30,0.5,150.0,50.0,15.0,0.8,0.3,S2a,800,1201,672,423,0.84,0.52875,106.31448835477497,106.0884,0.1765433495218047,historical_extension
L50_Ts150_Tr50p0_dT15_F0p8_LP30,0.5,150.0,50.0,15.0,0.8,0.3,S2b,800,1201,739,643,0.92375,0.80375,161.3205848200182,161.2644,0.2383884093816817,historical_extension
L50_Ts150_Tr50p0_dT15_F0p8_LP40,0.5,150.0,50.0,15.0,0.8,0.4,S1,800,1201,357,357,0.44625,0.44625,89.60231382397092,89.53559999999999,0.2363901966820267,historical_extension
L50_Ts150_Tr50p0_dT15_F0p8_LP40,0.5,150.0,50.0,15.0,0.8,0.4,S2a,800,1201,366,366,0.4575,0.4575,91.79434889106086,91.7928,0.1711958782440388,historical_extension
L50_Ts150_Tr50p0_dT15_F0p8_LP40,0.5,150.0,50.0,15.0,0.8,0.4,S2b,800,1201,400,400,0.5,0.5,100.48571962434072,100.32,0.2087525120909654,historical_extension
L50_Ts150_Tr50p0_dT15_F0p8_LP45,0.5,150.0,50.0,15.0,0.8,0.45,S1,800,1201,203,203,0.25375,0.25375,51.13724003828384,50.9124,0.2395008409727043,historical_extension
L50_Ts150_Tr50p0_dT15_F0p8_LP45,0.5,150.0,50.0,15.0,0.8,0.45,S2a,800,1201,212,212,0.265,0.265,53.29317674128019,53.1696,0.1497034827398934,historical_extension
L50_Ts150_Tr50p0_dT15_F0p8_LP45,0.5,150.0,50.0,15.0,0.8,0.45,S2b,800,1201,231,231,0.28875,0.28875,57.9712377407845,57.9348,0.1694721513655158,historical_extension
L50_Ts150_Tr50p0_dT15_F1p0_LP20,0.5,150.0,50.0,15.0,1.0,0.2,S1,800,1201,776,391,0.97,0.48875,122.66377154017866,122.5785,0.23372393014716,historical_extension
L50_Ts150_Tr50p0_dT15_F1p0_LP20,0.5,150.0,50.0,15.0,1.0,0.2,S2a,800,1201,784,403,0.98,0.50375,126.57559149163154,126.3405,0.1762813777480259,historical_extension
L50_Ts150_Tr50p0_dT15_F1p0_LP20,0.5,150.0,50.0,15.0,1.0,0.2,S2b,800,1201,800,602,1.0,0.7525,188.78957207387649,188.727,0.2373663206854832,historical_extension
L50_Ts150_Tr50p0_dT15_F1p0_LP30,0.5,150.0,50.0,15.0,1.0,0.3,S1,800,1201,531,391,0.66375,0.48875,122.66377154019212,122.5785,0.23372393014716,historical_extension
L50_Ts150_Tr50p0_dT15_F1p0_LP30,0.5,150.0,50.0,15.0,1.0,0.3,S2a,800,1201,538,403,0.6725,0.50375,126.57559149168034,126.3405,0.1762813777480259,historical_extension
L50_Ts150_Tr50p0_dT15_F1p0_LP30,0.5,150.0,50.0,15.0,1.0,0.3,S2b,800,1201,591,591,0.73875,0.73875,185.48978373418555,185.2785,0.2363855985822266,historical_extension
L50_Ts150_Tr50p0_dT15_F1p0_LP40,0.5,150.0,50.0,15.0,1.0,0.4,S1,800,1201,285,285,0.35625,0.35625,89.60231382397092,89.3475,0.2364002961764769,historical_extension
L50_Ts150_Tr50p0_dT15_F1p0_LP40,0.5,150.0,50.0,15.0,1.0,0.4,S2a,800,1201,292,292,0.365,0.365,91.79434889106086,91.542,0.1636826793815299,historical_extension
L50_Ts150_Tr50p0_dT15_F1p0_LP40,0.5,150.0,50.0,15.0,1.0,0.4,S2b,800,1201,320,320,0.4,0.4,100.48571962434072,100.32,0.1958295129144735,historical_extension
L50_Ts150_Tr50p0_dT15_F1p0_LP45,0.5,150.0,50.0,15.0,1.0,0.45,S1,800,1201,163,163,0.20375,0.20375,51.13724003828384,51.1005,0.2394806419838039,historical_extension
L50_Ts150_Tr50p0_dT15_F1p0_LP45,0.5,150.0,50.0,15.0,1.0,0.45,S2a,800,1201,169,169,0.21125,0.21125,53.29317674128019,52.9815,0.1429600376145504,historical_extension
L50_Ts150_Tr50p0_dT15_F1p0_LP45,0.5,150.0,50.0,15.0,1.0,0.45,S2b,800,1201,184,184,0.23,0.23,57.9712377407845,57.684000000000005,0.1573892543109779,historical_extension
L50_Ts150_Tr50p0_dT15_F1p2_LP20,0.5,150.0,50.0,15.0,1.2,0.2,S1,800,1201,647,372,0.80875,0.465,140.05139945546756,139.94639999999998,0.232320100418575,historical_extension
L50_Ts150_Tr50p0_dT15_F1p2_LP20,0.5,150.0,50.0,15.0,1.2,0.2,S2a,800,1201,653,383,0.81625,0.47875,144.26910317206438,144.0846,0.175962508832452,historical_extension
L50_Ts150_Tr50p0_dT15_F1p2_LP20,0.5,150.0,50.0,15.0,1.2,0.2,S2b,800,1201,719,561,0.89875,0.70125,211.18428809226333,211.0482,0.2361710247379911,historical_extension
L50_Ts150_Tr50p0_dT15_F1p2_LP30,0.5,150.0,50.0,15.0,1.2,0.3,S1,800,1201,442,372,0.5525,0.465,140.05139945553435,139.94639999999998,0.232320100418575,historical_extension
L50_Ts150_Tr50p0_dT15_F1p2_LP30,0.5,150.0,50.0,15.0,1.2,0.3,S2a,800,1201,448,383,0.56,0.47875,144.26910317198934,144.0846,0.175962508832452,historical_extension
L50_Ts150_Tr50p0_dT15_F1p2_LP30,0.5,150.0,50.0,15.0,1.2,0.3,S2b,800,1201,493,493,0.61625,0.61625,185.48978373418555,185.4666,0.2288416401249714,historical_extension
L50_Ts150_Tr50p0_dT15_F1p2_LP40,0.5,150.0,50.0,15.0,1.2,0.4,S1,800,1201,238,238,0.2975,0.2975,89.60231382397092,89.53559999999999,0.2363800971875764,historical_extension
L50_Ts150_Tr50p0_dT15_F1p2_LP40,0.5,150.0,50.0,15.0,1.2,0.4,S2a,800,1201,244,244,0.305,0.305,91.79434889106086,91.7928,0.1578579216705761,historical_extension
L50_Ts150_Tr50p0_dT15_F1p2_LP40,0.5,150.0,50.0,15.0,1.2,0.4,S2b,800,1201,267,267,0.33375,0.33375,100.48571962434072,100.4454,0.1854448180814903,historical_extension
L50_Ts150_Tr50p0_dT15_F1p2_LP45,0.5,150.0,50.0,15.0,1.2,0.45,S1,800,1201,135,135,0.16875,0.16875,51.13724003828384,50.787,0.2395008409727043,historical_extension
L50_Ts150_Tr50p0_dT15_F1p2_LP45,0.5,150.0,50.0,15.0,1.2,0.45,S2a,800,1201,141,141,0.17625,0.17625,53.29317674128019,53.0442,0.1391804390812503,historical_extension
L50_Ts150_Tr50p0_dT15_F1p2_LP45,0.5,150.0,50.0,15.0,1.2,0.45,S2b,800,1201,154,154,0.1925,0.1925,57.9712377407845,57.9348,0.1511363174869734,historical_extension
L50_Ts150_Tr60p0_dT5_F0p8_LP20,0.5,150.0,60.0,5.0,0.8,0.2,S1,800,1201,800,456,1.0,0.57,103.14025162440684,102.92832,0.2353135905736297,historical_extension
L50_Ts150_Tr60p0_dT5_F0p8_LP20,0.5,150.0,60.0,5.0,0.8,0.2,S2a,800,1201,800,471,1.0,0.58875,106.31448835470124,106.31412,0.1766113243235255,historical_extension
L50_Ts150_Tr60p0_dT5_F0p8_LP20,0.5,150.0,60.0,5.0,0.8,0.2,S2b,800,1201,800,714,1.0,0.8925,161.32058481997052,161.16407999999998,0.23834212778625,historical_extension
L50_Ts150_Tr60p0_dT5_F0p8_LP30,0.5,150.0,60.0,5.0,0.8,0.3,S1,800,1201,737,456,0.92125,0.57,103.14025162446876,102.92832,0.2353135905736297,historical_extension
L50_Ts150_Tr60p0_dT5_F0p8_LP30,0.5,150.0,60.0,5.0,0.8,0.3,S2a,800,1201,747,471,0.93375,0.58875,106.31448835477497,106.31412,0.1766113243235255,historical_extension
L50_Ts150_Tr60p0_dT5_F0p8_LP30,0.5,150.0,60.0,5.0,0.8,0.3,S2b,800,1201,800,714,1.0,0.8925,161.32058481997052,161.16407999999998,0.23834212778625,historical_extension
L50_Ts150_Tr60p0_dT5_F0p8_LP40,0.5,150.0,60.0,5.0,0.8,0.4,S1,800,1201,396,396,0.495,0.495,89.60231382397092,89.38511999999999,0.236404335974257,historical_extension
L50_Ts150_Tr60p0_dT5_F0p8_LP40,0.5,150.0,60.0,5.0,0.8,0.4,S2a,800,1201,406,406,0.5075,0.5075,91.79434889106086,91.64231999999998,0.1710925719450998,historical_extension
L50_Ts150_Tr60p0_dT5_F0p8_LP40,0.5,150.0,60.0,5.0,0.8,0.4,S2b,800,1201,445,445,0.55625,0.55625,100.48571962434072,100.44539999999998,0.2088469521843488,historical_extension
L50_Ts150_Tr60p0_dT5_F0p8_LP45,0.5,150.0,60.0,5.0,0.8,0.45,S1,800,1201,226,226,0.2825,0.2825,51.13724003828384,51.01271999999999,0.2394947812760342,historical_extension
L50_Ts150_Tr60p0_dT5_F0p8_LP45,0.5,150.0,60.0,5.0,0.8,0.45,S2a,800,1201,236,236,0.295,0.295,53.29317674128019,53.26991999999999,0.1498347772153682,historical_extension
L50_Ts150_Tr60p0_dT5_F0p8_LP45,0.5,150.0,60.0,5.0,0.8,0.45,S2b,800,1201,256,256,0.32,0.32,57.9712377407845,57.78431999999999,0.1690851253818566,historical_extension
L50_Ts150_Tr60p0_dT5_F1p0_LP20,0.5,150.0,60.0,5.0,1.0,0.2,S1,800,1201,800,434,1.0,0.5425,122.66377154013328,122.4531,0.2337365545152229,historical_extension
L50_Ts150_Tr60p0_dT5_F1p0_LP20,0.5,150.0,60.0,5.0,1.0,0.2,S2a,800,1201,800,448,1.0,0.56,126.57559149171796,126.4032,0.1762905561841201,historical_extension
L50_Ts150_Tr60p0_dT5_F1p0_LP20,0.5,150.0,60.0,5.0,1.0,0.2,S2b,800,1201,800,669,1.0,0.83625,188.78957207405887,188.75835,0.2373632965441797,historical_extension
L50_Ts150_Tr60p0_dT5_F1p0_LP30,0.5,150.0,60.0,5.0,1.0,0.3,S1,800,1201,590,434,0.7375,0.5425,122.66377154019212,122.4531,0.2337365545152229,historical_extension
L50_Ts150_Tr60p0_dT5_F1p0_LP30,0.5,150.0,60.0,5.0,1.0,0.3,S2a,800,1201,598,448,0.7475,0.56,126.57559149168034,126.4032,0.1762905561841201,historical_extension
L50_Ts150_Tr60p0_dT5_F1p0_LP30,0.5,150.0,60.0,5.0,1.0,0.3,S2b,800,1201,657,657,0.82125,0.82125,185.48978373418555,185.37255,0.2364011771882579,historical_extension
L50_Ts150_Tr60p0_dT5_F1p0_LP40,0.5,150.0,60.0,5.0,1.0,0.4,S1,800,1201,317,317,0.39625,0.39625,89.60231382397092,89.44155,0.2363952464292518,historical_extension
L50_Ts150_Tr60p0_dT5_F1p0_LP40,0.5,150.0,60.0,5.0,1.0,0.4,S2a,800,1201,325,325,0.40625,0.40625,91.79434889106086,91.69875,0.163775896564506,historical_extension
L50_Ts150_Tr60p0_dT5_F1p0_LP40,0.5,150.0,60.0,5.0,1.0,0.4,S2b,800,1201,356,356,0.445,0.445,100.48571962434072,100.4454,0.1959413254331365,historical_extension
L50_Ts150_Tr60p0_dT5_F1p0_LP45,0.5,150.0,60.0,5.0,1.0,0.45,S1,800,1201,181,181,0.22625,0.22625,51.13724003828384,51.06915,0.2394856917310289,historical_extension
L50_Ts150_Tr60p0_dT5_F1p0_LP45,0.5,150.0,60.0,5.0,1.0,0.45,S2a,800,1201,188,188,0.235,0.235,53.29317674128019,53.0442,0.1430366125080986,historical_extension
L50_Ts150_Tr60p0_dT5_F1p0_LP45,0.5,150.0,60.0,5.0,1.0,0.45,S2b,800,1201,205,205,0.25625,0.25625,57.9712377407845,57.84075,0.1577454704633142,historical_extension
L50_Ts150_Tr60p0_dT5_F1p2_LP20,0.5,150.0,60.0,5.0,1.2,0.2,S1,800,1201,719,413,0.89875,0.51625,140.05139945546756,139.83354,0.2323322198119153,historical_extension
L50_Ts150_Tr60p0_dT5_F1p2_LP20,0.5,150.0,60.0,5.0,1.2,0.2,S2a,800,1201,725,426,0.90625,0.5325,144.26910317206438,144.23507999999998,0.1759913451696593,historical_extension
L50_Ts150_Tr60p0_dT5_F1p2_LP20,0.5,150.0,60.0,5.0,1.2,0.2,S2b,800,1201,798,623,0.9975,0.77875,211.18428809226333,210.93534,0.2361302389016614,historical_extension
L50_Ts150_Tr60p0_dT5_F1p2_LP30,0.5,150.0,60.0,5.0,1.2,0.3,S1,800,1201,491,413,0.61375,0.51625,140.05139945553435,139.83354,0.2323322198119153,historical_extension
L50_Ts150_Tr60p0_dT5_F1p2_LP30,0.5,150.0,60.0,5.0,1.2,0.3,S2a,800,1201,498,426,0.6225,0.5325,144.26910317198934,144.23507999999998,0.1759913451696593,historical_extension
L50_Ts150_Tr60p0_dT5_F1p2_LP30,0.5,150.0,60.0,5.0,1.2,0.3,S2b,800,1201,547,547,0.68375,0.68375,185.48978373418555,185.20326,0.2287397602261179,historical_extension
L50_Ts150_Tr60p0_dT5_F1p2_LP40,0.5,150.0,60.0,5.0,1.2,0.4,S1,800,1201,264,264,0.33,0.33,89.60231382397092,89.38511999999999,0.2363952464292518,historical_extension
L50_Ts150_Tr60p0_dT5_F1p2_LP40,0.5,150.0,60.0,5.0,1.2,0.4,S2a,800,1201,271,271,0.33875,0.33875,91.79434889106086,91.75518,0.1578117010900106,historical_extension
L50_Ts150_Tr60p0_dT5_F1p2_LP40,0.5,150.0,60.0,5.0,1.2,0.4,S2b,800,1201,296,296,0.37,0.37,100.48571962434072,100.21967999999998,0.1851472128156514,historical_extension
L50_Ts150_Tr60p0_dT5_F1p2_LP45,0.5,150.0,60.0,5.0,1.2,0.45,S1,800,1201,151,151,0.18875,0.18875,51.13724003828384,51.12558,0.2394766021860237,historical_extension
L50_Ts150_Tr60p0_dT5_F1p2_LP45,0.5,150.0,60.0,5.0,1.2,0.45,S2a,800,1201,157,157,0.19625,0.19625,53.29317674128019,53.15706,0.1393408036123499,historical_extension
L50_Ts150_Tr60p0_dT5_F1p2_LP45,0.5,150.0,60.0,5.0,1.2,0.45,S2b,800,1201,171,171,0.21375,0.21375,57.9712377407845,57.89718,0.150976777359057,historical_extension
L50_Ts150_Tr60p0_dT10_F0p8_LP20,0.5,150.0,60.0,10.0,0.8,0.2,S1,800,1201,800,421,1.0,0.52625,95.08255495556698,95.02812,0.2359498587239956,historical_extension
L50_Ts150_Tr60p0_dT10_F0p8_LP20,0.5,150.0,60.0,10.0,0.8,0.2,S2a,800,1201,800,428,1.0,0.535,96.705504111668,96.60815999999998,0.187355940125607,historical_extension
L50_Ts150_Tr60p0_dT10_F0p8_LP20,0.5,150.0,60.0,10.0,0.8,0.2,S2b,800,1201,800,672,1.0,0.84,151.86356606089456,151.68383999999998,0.2563190527501965,historical_extension
L50_Ts150_Tr60p0_dT10_F0p8_LP30,0.5,150.0,60.0,10.0,0.8,0.3,S1,800,1201,737,421,0.92125,0.52625,95.0825549556167,95.02812,0.2359498587239956,historical_extension
L50_Ts150_Tr60p0_dT10_F0p8_LP30,0.5,150.0,60.0,10.0,0.8,0.3,S2a,800,1201,747,428,0.93375,0.535,96.70550411170407,96.60815999999998,0.187355940125607,historical_extension
L50_Ts150_Tr60p0_dT10_F0p8_LP30,0.5,150.0,60.0,10.0,0.8,0.3,S2b,800,1201,800,672,1.0,0.84,151.86356606089456,151.68383999999998,0.2563190527501965,historical_extension
L50_Ts150_Tr60p0_dT10_F0p8_LP40,0.5,150.0,60.0,10.0,0.8,0.4,S1,800,1201,396,396,0.495,0.495,89.60231382397092,89.38511999999999,0.236404335974257,historical_extension
L50_Ts150_Tr60p0_dT10_F0p8_LP40,0.5,150.0,60.0,10.0,0.8,0.4,S2a,800,1201,406,406,0.5075,0.5075,91.79434889106086,91.64231999999998,0.1856009431600249,historical_extension
L50_Ts150_Tr60p0_dT10_F0p8_LP40,0.5,150.0,60.0,10.0,0.8,0.4,S2b,800,1201,445,445,0.55625,0.55625,100.48571962434072,100.44539999999998,0.2343386331289334,historical_extension
L50_Ts150_Tr60p0_dT10_F0p8_LP45,0.5,150.0,60.0,10.0,0.8,0.45,S1,800,1201,226,226,0.2825,0.2825,51.13724003828384,51.01271999999999,0.2394947812760342,historical_extension
L50_Ts150_Tr60p0_dT10_F0p8_LP45,0.5,150.0,60.0,10.0,0.8,0.45,S2a,800,1201,236,236,0.295,0.295,53.29317674128019,53.26991999999999,0.1646673658704187,historical_extension
L50_Ts150_Tr60p0_dT10_F0p8_LP45,0.5,150.0,60.0,10.0,0.8,0.45,S2b,800,1201,256,256,0.32,0.32,57.9712377407845,57.78431999999999,0.1955407899637809,historical_extension
L50_Ts150_Tr60p0_dT10_F1p0_LP20,0.5,150.0,60.0,10.0,1.0,0.2,S1,800,1201,800,401,1.0,0.50125,113.20841475378046,113.14215,0.2344864419781541,historical_extension
L50_Ts150_Tr60p0_dT10_F1p0_LP20,0.5,150.0,60.0,10.0,1.0,0.2,S2a,800,1201,800,407,1.0,0.50875,114.85792615467486,114.83505,0.187304048567271,historical_extension
L50_Ts150_Tr60p0_dT10_F1p0_LP20,0.5,150.0,60.0,10.0,1.0,0.2,S2b,800,1201,800,632,1.0,0.79,178.3754053085811,178.3188,0.25580522592674,historical_extension
L50_Ts150_Tr60p0_dT10_F1p0_LP30,0.5,150.0,60.0,10.0,1.0,0.3,S1,800,1201,590,401,0.7375,0.50125,113.2084147537833,113.14215,0.2344864419781541,historical_extension
L50_Ts150_Tr60p0_dT10_F1p0_LP30,0.5,150.0,60.0,10.0,1.0,0.3,S2a,800,1201,598,407,0.7475,0.50875,114.85792615484075,114.83505,0.187304048567271,historical_extension
L50_Ts150_Tr60p0_dT10_F1p0_LP30,0.5,150.0,60.0,10.0,1.0,0.3,S2b,800,1201,657,632,0.82125,0.79,178.3754053084943,178.3188,0.25580522592674,historical_extension
L50_Ts150_Tr60p0_dT10_F1p0_LP40,0.5,150.0,60.0,10.0,1.0,0.4,S1,800,1201,317,317,0.39625,0.39625,89.60231382397092,89.44155,0.2363952464292518,historical_extension
L50_Ts150_Tr60p0_dT10_F1p0_LP40,0.5,150.0,60.0,10.0,1.0,0.4,S2a,800,1201,325,325,0.40625,0.40625,91.79434889106086,91.69875,0.1793076319259828,historical_extension
L50_Ts150_Tr60p0_dT10_F1p0_LP40,0.5,150.0,60.0,10.0,1.0,0.4,S2b,800,1201,356,356,0.445,0.445,100.48571962434072,100.4454,0.2232049183062659,historical_extension
L50_Ts150_Tr60p0_dT10_F1p0_LP45,0.5,150.0,60.0,10.0,1.0,0.45,S1,800,1201,181,181,0.22625,0.22625,51.13724003828384,51.06915,0.2394856917310289,historical_extension
L50_Ts150_Tr60p0_dT10_F1p0_LP45,0.5,150.0,60.0,10.0,1.0,0.45,S2a,800,1201,188,188,0.235,0.235,53.29317674128019,53.0442,0.156783983931497,historical_extension
L50_Ts150_Tr60p0_dT10_F1p0_LP45,0.5,150.0,60.0,10.0,1.0,0.45,S2b,800,1201,205,205,0.25625,0.25625,57.9712377407845,57.84075,0.1821446261806149,historical_extension
L50_Ts150_Tr60p0_dT10_F1p2_LP20,0.5,150.0,60.0,10.0,1.2,0.2,S1,800,1201,719,382,0.89875,0.4775,129.4246417188498,129.33756,0.2331775474974014,historical_extension
L50_Ts150_Tr60p0_dT10_F1p2_LP20,0.5,150.0,60.0,10.0,1.2,0.2,S2a,800,1201,725,385,0.90625,0.48125,130.63485321604864,130.3533,0.1870841645146342,historical_extension
L50_Ts150_Tr60p0_dT10_F1p2_LP20,0.5,150.0,60.0,10.0,1.2,0.2,S2b,800,1201,798,595,0.9975,0.74375,201.5332077911769,201.4551,0.2549406636127254,historical_extension
L50_Ts150_Tr60p0_dT10_F1p2_LP30,0.5,150.0,60.0,10.0,1.2,0.3,S1,800,1201,491,382,0.61375,0.4775,129.42464171892664,129.33756,0.2331775474974014,historical_extension
L50_Ts150_Tr60p0_dT10_F1p2_LP30,0.5,150.0,60.0,10.0,1.2,0.3,S2a,800,1201,498,385,0.6225,0.48125,130.63485321605935,130.3533,0.1870841645146342,historical_extension
L50_Ts150_Tr60p0_dT10_F1p2_LP30,0.5,150.0,60.0,10.0,1.2,0.3,S2b,800,1201,547,531,0.68375,0.66375,179.88764051437306,179.78598,0.2502702769914027,historical_extension
L50_Ts150_Tr60p0_dT10_F1p2_LP40,0.5,150.0,60.0,10.0,1.2,0.4,S1,800,1201,264,264,0.33,0.33,89.60231382397092,89.38511999999999,0.2363952464292518,historical_extension
L50_Ts150_Tr60p0_dT10_F1p2_LP40,0.5,150.0,60.0,10.0,1.2,0.4,S2a,800,1201,271,271,0.33875,0.33875,91.79434889106086,91.75518,0.1739620458536357,historical_extension
L50_Ts150_Tr60p0_dT10_F1p2_LP40,0.5,150.0,60.0,10.0,1.2,0.4,S2b,800,1201,296,296,0.37,0.37,100.48571962434072,100.21967999999998,0.213547284369365,historical_extension
L50_Ts150_Tr60p0_dT10_F1p2_LP45,0.5,150.0,60.0,10.0,1.2,0.45,S1,800,1201,151,151,0.18875,0.18875,51.13724003828384,51.12558,0.2394766021860237,historical_extension
L50_Ts150_Tr60p0_dT10_F1p2_LP45,0.5,150.0,60.0,10.0,1.2,0.45,S2a,800,1201,157,157,0.19625,0.19625,53.29317674128019,53.15706,0.1510521062425359,historical_extension
L50_Ts150_Tr60p0_dT10_F1p2_LP45,0.5,150.0,60.0,10.0,1.2,0.45,S2b,800,1201,171,171,0.21375,0.21375,57.9712377407845,57.89718,0.1718037598016551,historical_extension
L50_Ts150_Tr60p0_dT15_F0p8_LP20,0.5,150.0,60.0,15.0,0.8,0.2,S1,800,1201,800,385,1.0,0.48125,86.98454201902821,86.90219999999998,0.236604305964372,historical_extension
L50_Ts150_Tr60p0_dT15_F0p8_LP20,0.5,150.0,60.0,15.0,0.8,0.2,S2a,800,1201,800,385,1.0,0.48125,87.10159813447987,86.90219999999998,0.2033605732790042,historical_extension
L50_Ts150_Tr60p0_dT15_F0p8_LP20,0.5,150.0,60.0,15.0,0.8,0.2,S2b,800,1201,800,637,1.0,0.79625,143.82207828293025,143.78364,0.2799329469012422,historical_extension
L50_Ts150_Tr60p0_dT15_F0p8_LP30,0.5,150.0,60.0,15.0,0.8,0.3,S1,800,1201,737,385,0.92125,0.48125,86.98454201894003,86.90219999999998,0.236604305964372,historical_extension
L50_Ts150_Tr60p0_dT15_F0p8_LP30,0.5,150.0,60.0,15.0,0.8,0.3,S2a,800,1201,747,385,0.93375,0.48125,87.10159813457514,86.90219999999998,0.2033605732790042,historical_extension
L50_Ts150_Tr60p0_dT15_F0p8_LP30,0.5,150.0,60.0,15.0,0.8,0.3,S2b,800,1201,800,637,1.0,0.79625,143.82207828292354,143.78364,0.2799329469012422,historical_extension
L50_Ts150_Tr60p0_dT15_F0p8_LP40,0.5,150.0,60.0,15.0,0.8,0.4,S1,800,1201,396,385,0.495,0.48125,86.98454201903367,86.90219999999998,0.236604305964372,historical_extension
L50_Ts150_Tr60p0_dT15_F0p8_LP40,0.5,150.0,60.0,15.0,0.8,0.4,S2a,800,1201,406,385,0.5075,0.48125,87.10159813454598,86.90219999999998,0.2033605732790042,historical_extension
L50_Ts150_Tr60p0_dT15_F0p8_LP40,0.5,150.0,60.0,15.0,0.8,0.4,S2b,800,1201,445,424,0.55625,0.53,95.74649925663304,95.70528,0.2656401442976516,historical_extension
L50_Ts150_Tr60p0_dT15_F0p8_LP45,0.5,150.0,60.0,15.0,0.8,0.45,S1,800,1201,226,226,0.2825,0.2825,51.13724003828384,51.01271999999999,0.2394947812760342,historical_extension
L50_Ts150_Tr60p0_dT15_F0p8_LP45,0.5,150.0,60.0,15.0,0.8,0.45,S2a,800,1201,236,236,0.295,0.295,53.29317674128019,53.26991999999999,0.1880397807833926,historical_extension
L50_Ts150_Tr60p0_dT15_F0p8_LP45,0.5,150.0,60.0,15.0,0.8,0.45,S2b,800,1201,256,256,0.32,0.32,57.9712377407845,57.78431999999999,0.2371002190797338,historical_extension
L50_Ts150_Tr60p0_dT15_F1p0_LP20,0.5,150.0,60.0,15.0,1.0,0.2,S1,800,1201,800,367,1.0,0.45875,103.67823520647116,103.54905,0.2352590533035984,historical_extension
L50_Ts150_Tr60p0_dT15_F1p0_LP20,0.5,150.0,60.0,15.0,1.0,0.2,S2a,800,1201,800,367,1.0,0.45875,103.67823520647116,103.54905,0.2036549444642396,historical_extension
L50_Ts150_Tr60p0_dT15_F1p0_LP20,0.5,150.0,60.0,15.0,1.0,0.2,S2b,800,1201,800,600,1.0,0.75,169.56012229185598,169.29,0.2787105941486028,historical_extension
L50_Ts150_Tr60p0_dT15_F1p0_LP30,0.5,150.0,60.0,15.0,1.0,0.3,S1,800,1201,590,367,0.7375,0.45875,103.67823520636438,103.54905,0.2352590533035984,historical_extension
L50_Ts150_Tr60p0_dT15_F1p0_LP30,0.5,150.0,60.0,15.0,1.0,0.3,S2a,800,1201,598,367,0.7475,0.45875,103.67823520636438,103.54905,0.2036549444642396,historical_extension
L50_Ts150_Tr60p0_dT15_F1p0_LP30,0.5,150.0,60.0,15.0,1.0,0.3,S2b,800,1201,657,600,0.82125,0.75,169.56012229193945,169.29,0.2787105941486028,historical_extension
L50_Ts150_Tr60p0_dT15_F1p0_LP40,0.5,150.0,60.0,15.0,1.0,0.4,S1,800,1201,317,317,0.39625,0.39625,89.60231382397092,89.44155,0.2363952464292518,historical_extension
L50_Ts150_Tr60p0_dT15_F1p0_LP40,0.5,150.0,60.0,15.0,1.0,0.4,S2a,800,1201,325,318,0.40625,0.3975,89.89841872653602,89.72370000000001,0.1999003182095599,historical_extension
L50_Ts150_Tr60p0_dT15_F1p0_LP40,0.5,150.0,60.0,15.0,1.0,0.4,S2b,800,1201,356,339,0.445,0.42375,95.8998190863266,95.64885,0.2578994650004606,historical_extension
L50_Ts150_Tr60p0_dT15_F1p0_LP45,0.5,150.0,60.0,15.0,1.0,0.45,S1,800,1201,181,181,0.22625,0.22625,51.13724003828384,51.06915,0.2394856917310289,historical_extension
L50_Ts150_Tr60p0_dT15_F1p0_LP45,0.5,150.0,60.0,15.0,1.0,0.45,S2a,800,1201,188,188,0.235,0.235,53.29317674128019,53.0442,0.181410508792218,historical_extension
L50_Ts150_Tr60p0_dT15_F1p0_LP45,0.5,150.0,60.0,15.0,1.0,0.45,S2b,800,1201,205,205,0.25625,0.25625,57.9712377407845,57.84075,0.2257441989049657,historical_extension
L50_Ts150_Tr60p0_dT15_F1p2_LP20,0.5,150.0,60.0,15.0,1.2,0.2,S1,800,1201,719,350,0.89875,0.4375,118.67640423892108,118.503,0.2340501438179032,historical_extension
L50_Ts150_Tr60p0_dT15_F1p2_LP20,0.5,150.0,60.0,15.0,1.2,0.2,S2a,800,1201,725,350,0.90625,0.4375,118.67640423892108,118.503,0.203638200851962,historical_extension
L50_Ts150_Tr60p0_dT15_F1p2_LP20,0.5,150.0,60.0,15.0,1.2,0.2,S2b,800,1201,798,566,0.9975,0.7075,191.85989647227723,191.63628,0.2773597976865823,historical_extension
L50_Ts150_Tr60p0_dT15_F1p2_LP30,0.5,150.0,60.0,15.0,1.2,0.3,S1,800,1201,491,350,0.61375,0.4375,118.67640423898726,118.503,0.2340501438179032,historical_extension
L50_Ts150_Tr60p0_dT15_F1p2_LP30,0.5,150.0,60.0,15.0,1.2,0.3,S2a,800,1201,498,350,0.6225,0.4375,118.67640423898726,118.503,0.203638200851962,historical_extension
L50_Ts150_Tr60p0_dT15_F1p2_LP30,0.5,150.0,60.0,15.0,1.2,0.3,S2b,800,1201,547,531,0.68375,0.66375,179.88764051437306,179.78598,0.2762160912334441,historical_extension
L50_Ts150_Tr60p0_dT15_F1p2_LP40,0.5,150.0,60.0,15.0,1.2,0.4,S1,800,1201,264,264,0.33,0.33,89.60231382397092,89.38511999999999,0.2363952464292518,historical_extension
L50_Ts150_Tr60p0_dT15_F1p2_LP40,0.5,150.0,60.0,15.0,1.2,0.4,S2a,800,1201,271,265,0.33875,0.33125,89.89841872653602,89.7237,0.1962035831559002,historical_extension
L50_Ts150_Tr60p0_dT15_F1p2_LP40,0.5,150.0,60.0,15.0,1.2,0.4,S2b,800,1201,296,283,0.37,0.35375,96.05363072872726,95.81814,0.2513191831343997,historical_extension
L50_Ts150_Tr60p0_dT15_F1p2_LP45,0.5,150.0,60.0,15.0,1.2,0.45,S1,800,1201,151,151,0.18875,0.18875,51.13724003828384,51.12558,0.2394766021860237,historical_extension
L50_Ts150_Tr60p0_dT15_F1p2_LP45,0.5,150.0,60.0,15.0,1.2,0.45,S2a,800,1201,157,157,0.19625,0.19625,53.29317674128019,53.15706,0.1760517000766295,historical_extension
L50_Ts150_Tr60p0_dT15_F1p2_LP45,0.5,150.0,60.0,15.0,1.2,0.45,S2b,800,1201,171,171,0.21375,0.21375,57.9712377407845,57.89718,0.2161212501462725,historical_extension
L50_Ts180_Tr35p0_dT5_F0p8_LP20,0.5,180.0,35.0,5.0,0.8,0.2,S1,800,1201,669,392,0.83625,0.49,142.7577081499397,142.55471999999995,0.2321110408834548,historical_extension
L50_Ts180_Tr35p0_dT5_F0p8_LP20,0.5,180.0,35.0,5.0,0.8,0.2,S2a,800,1201,675,423,0.84375,0.52875,154.09501003385293,153.82817999999995,0.1509626789007827,historical_extension
L50_Ts180_Tr35p0_dT5_F0p8_LP20,0.5,180.0,35.0,5.0,0.8,0.2,S2b,800,1201,743,572,0.92875,0.715,208.35863314524656,208.01351999999997,0.1895228189821711,historical_extension
L50_Ts180_Tr35p0_dT5_F0p8_LP30,0.5,180.0,35.0,5.0,0.8,0.3,S1,800,1201,457,392,0.57125,0.49,142.75770814986583,142.55471999999995,0.2321110408834548,historical_extension
L50_Ts180_Tr35p0_dT5_F0p8_LP30,0.5,180.0,35.0,5.0,0.8,0.3,S2a,800,1201,464,423,0.58,0.52875,154.09501003392495,153.82817999999995,0.1509626789007827,historical_extension
L50_Ts180_Tr35p0_dT5_F0p8_LP30,0.5,180.0,35.0,5.0,0.8,0.3,S2b,800,1201,510,510,0.6375,0.6375,185.48978373418555,185.4666,0.1825802569768373,historical_extension
L50_Ts180_Tr35p0_dT5_F0p8_LP40,0.5,180.0,35.0,5.0,0.8,0.4,S1,800,1201,246,246,0.3075,0.3075,89.60231382397092,89.46035999999998,0.2363871668336916,historical_extension
L50_Ts180_Tr35p0_dT5_F0p8_LP40,0.5,180.0,35.0,5.0,0.8,0.4,S2a,800,1201,252,252,0.315,0.315,91.79434889106086,91.64231999999998,0.1365078004405511,historical_extension
L50_Ts180_Tr35p0_dT5_F0p8_LP40,0.5,180.0,35.0,5.0,0.8,0.4,S2b,800,1201,276,276,0.345,0.345,100.48571962434072,100.37015999999998,0.1483923643693034,historical_extension
L50_Ts180_Tr35p0_dT5_F0p8_LP45,0.5,180.0,35.0,5.0,0.8,0.45,S1,800,1201,140,140,0.175,0.175,51.13724003828384,50.91239999999999,0.2394917514276991,historical_extension
L50_Ts180_Tr35p0_dT5_F0p8_LP45,0.5,180.0,35.0,5.0,0.8,0.45,S2a,800,1201,146,146,0.1825,0.1825,53.29317674128019,53.09435999999999,0.1371346177533349,historical_extension
L50_Ts180_Tr35p0_dT5_F0p8_LP45,0.5,180.0,35.0,5.0,0.8,0.45,S2b,800,1201,159,159,0.19875,0.19875,57.9712377407845,57.821939999999984,0.1470374789509244,historical_extension
L50_Ts180_Tr35p0_dT5_F1p0_LP20,0.5,180.0,35.0,5.0,1.0,0.2,S1,800,1201,535,371,0.66875,0.46375,168.6745533465179,168.64732500000002,0.2300022664422421,historical_extension
L50_Ts180_Tr35p0_dT5_F1p0_LP20,0.5,180.0,35.0,5.0,1.0,0.2,S2a,800,1201,540,406,0.675,0.5075,184.61397521567244,184.55745,0.1502578810900639,historical_extension
L50_Ts180_Tr35p0_dT5_F1p0_LP20,0.5,180.0,35.0,5.0,1.0,0.2,S2b,800,1201,595,538,0.74375,0.6725,245.0148195460064,244.56135000000003,0.187931493835121,historical_extension
L50_Ts180_Tr35p0_dT5_F1p0_LP30,0.5,180.0,35.0,5.0,1.0,0.3,S1,800,1201,366,366,0.4575,0.4575,166.53246139534505,166.37445,0.230185319779153,historical_extension
L50_Ts180_Tr35p0_dT5_F1p0_LP30,0.5,180.0,35.0,5.0,1.0,0.3,S2a,800,1201,371,371,0.46375,0.46375,168.7882421209241,168.64732500000002,0.1473133854698022,historical_extension
L50_Ts180_Tr35p0_dT5_F1p0_LP30,0.5,180.0,35.0,5.0,1.0,0.3,S2b,800,1201,408,408,0.51,0.51,185.48978373418555,185.4666,0.1697731610273428,historical_extension
L50_Ts180_Tr35p0_dT5_F1p0_LP40,0.5,180.0,35.0,5.0,1.0,0.4,S1,800,1201,197,197,0.24625,0.24625,89.60231382397092,89.551275,0.2363725225667387,historical_extension
L50_Ts180_Tr35p0_dT5_F1p0_LP40,0.5,180.0,35.0,5.0,1.0,0.4,S2a,800,1201,201,201,0.25125,0.25125,91.79434889106086,91.369575,0.1346476749965828,historical_extension
L50_Ts180_Tr35p0_dT5_F1p0_LP40,0.5,180.0,35.0,5.0,1.0,0.4,S2b,800,1201,221,221,0.27625,0.27625,100.48571962434072,100.461075,0.1457974777144522,historical_extension
L50_Ts180_Tr35p0_dT5_F1p0_LP45,0.5,180.0,35.0,5.0,1.0,0.45,S1,800,1201,112,112,0.14,0.14,51.13724003828384,50.912400000000005,0.2394844292942227,historical_extension
L50_Ts180_Tr35p0_dT5_F1p0_LP45,0.5,180.0,35.0,5.0,1.0,0.45,S2a,800,1201,117,117,0.14625,0.14625,53.29317674128019,53.185275,0.1373787268480853,historical_extension
L50_Ts180_Tr35p0_dT5_F1p0_LP45,0.5,180.0,35.0,5.0,1.0,0.45,S2b,800,1201,127,127,0.15875,0.15875,57.9712377407845,57.731025,0.1469203658084076,historical_extension
L50_Ts180_Tr35p0_dT5_F1p2_LP20,0.5,180.0,35.0,5.0,1.2,0.2,S1,800,1201,446,350,0.5575,0.4375,191.10616661831523,190.9215,0.2282010216070396,historical_extension
L50_Ts180_Tr35p0_dT5_F1p2_LP20,0.5,180.0,35.0,5.0,1.2,0.2,S2a,800,1201,450,387,0.5625,0.48375,211.30893836345277,211.10463,0.1494715686882503,historical_extension
L50_Ts180_Tr35p0_dT5_F1p2_LP20,0.5,180.0,35.0,5.0,1.2,0.2,S2b,800,1201,495,488,0.61875,0.61,266.56766574565177,266.19912,0.1841571632949377,historical_extension
L50_Ts180_Tr35p0_dT5_F1p2_LP30,0.5,180.0,35.0,5.0,1.2,0.3,S1,800,1201,305,305,0.38125,0.38125,166.53246139534505,166.37445,0.2301779976456765,historical_extension
L50_Ts180_Tr35p0_dT5_F1p2_LP30,0.5,180.0,35.0,5.0,1.2,0.3,S2a,800,1201,309,309,0.38625,0.38625,168.7882421209241,168.55641,0.1415191037003346,historical_extension
L50_Ts180_Tr35p0_dT5_F1p2_LP30,0.5,180.0,35.0,5.0,1.2,0.3,S2b,800,1201,340,340,0.425,0.425,185.48978373418555,185.4666,0.160051224793301,historical_extension
L50_Ts180_Tr35p0_dT5_F1p2_LP40,0.5,180.0,35.0,5.0,1.2,0.4,S1,800,1201,164,164,0.205,0.205,89.60231382397092,89.46036,0.2363725225667387,historical_extension
L50_Ts180_Tr35p0_dT5_F1p2_LP40,0.5,180.0,35.0,5.0,1.2,0.4,S2a,800,1201,168,168,0.21,0.21,91.79434889106086,91.64232,0.1349655534075909,historical_extension
L50_Ts180_Tr35p0_dT5_F1p2_LP40,0.5,180.0,35.0,5.0,1.2,0.4,S2b,800,1201,184,184,0.23,0.23,100.48571962434072,100.37016,0.1457308176793335,historical_extension
L50_Ts180_Tr35p0_dT5_F1p2_LP45,0.5,180.0,35.0,5.0,1.2,0.45,S1,800,1201,93,93,0.11625,0.11625,51.13724003828384,50.73057,0.2394917514276991,historical_extension
L50_Ts180_Tr35p0_dT5_F1p2_LP45,0.5,180.0,35.0,5.0,1.2,0.45,S2a,800,1201,97,97,0.12125,0.12125,53.29317674128019,52.91253,0.1369774241878408,historical_extension
L50_Ts180_Tr35p0_dT5_F1p2_LP45,0.5,180.0,35.0,5.0,1.2,0.45,S2b,800,1201,106,106,0.1325,0.1325,57.9712377407845,57.82194,0.147303047694251,historical_extension
L50_Ts180_Tr35p0_dT10_F0p8_LP20,0.5,180.0,35.0,10.0,0.8,0.2,S1,800,1201,669,371,0.83625,0.46375,134.93063543630333,134.91785999999996,0.2327261000954752,historical_extension
L50_Ts180_Tr35p0_dT10_F0p8_LP20,0.5,180.0,35.0,10.0,0.8,0.2,S2a,800,1201,675,397,0.84375,0.49625,144.57640845125235,144.37301999999997,0.1542000130524253,historical_extension
L50_Ts180_Tr35p0_dT10_F0p8_LP20,0.5,180.0,35.0,10.0,0.8,0.2,S2b,800,1201,743,547,0.92875,0.68375,199.0002500073192,198.92202,0.1962195759171662,historical_extension
L50_Ts180_Tr35p0_dT10_F0p8_LP30,0.5,180.0,35.0,10.0,0.8,0.3,S1,800,1201,457,371,0.57125,0.46375,134.9306354363519,134.91785999999996,0.2327261000954752,historical_extension
L50_Ts180_Tr35p0_dT10_F0p8_LP30,0.5,180.0,35.0,10.0,0.8,0.3,S2a,800,1201,464,397,0.58,0.49625,144.5764084513009,144.37301999999997,0.1542000130524253,historical_extension
L50_Ts180_Tr35p0_dT10_F0p8_LP30,0.5,180.0,35.0,10.0,0.8,0.3,S2b,800,1201,510,510,0.6375,0.6375,185.48978373418555,185.4666,0.1921062996800419,historical_extension
L50_Ts180_Tr35p0_dT10_F0p8_LP40,0.5,180.0,35.0,10.0,0.8,0.4,S1,800,1201,246,246,0.3075,0.3075,89.60231382397092,89.46035999999998,0.2363871668336916,historical_extension
L50_Ts180_Tr35p0_dT10_F0p8_LP40,0.5,180.0,35.0,10.0,0.8,0.4,S2a,800,1201,252,252,0.315,0.315,91.79434889106086,91.64231999999998,0.139581274236207,historical_extension
L50_Ts180_Tr35p0_dT10_F0p8_LP40,0.5,180.0,35.0,10.0,0.8,0.4,S2b,800,1201,276,276,0.345,0.345,100.48571962434072,100.37015999999998,0.1537169675884025,historical_extension
L50_Ts180_Tr35p0_dT10_F0p8_LP45,0.5,180.0,35.0,10.0,0.8,0.45,S1,800,1201,140,140,0.175,0.175,51.13724003828384,50.91239999999999,0.2394917514276991,historical_extension
L50_Ts180_Tr35p0_dT10_F0p8_LP45,0.5,180.0,35.0,10.0,0.8,0.45,S2a,800,1201,146,146,0.1825,0.1825,53.29317674128019,53.09435999999999,0.1371346177533349,historical_extension
L50_Ts180_Tr35p0_dT10_F0p8_LP45,0.5,180.0,35.0,10.0,0.8,0.45,S2b,800,1201,159,159,0.19875,0.19875,57.9712377407845,57.821939999999984,0.1470374789509244,historical_extension
L50_Ts180_Tr35p0_dT10_F1p0_LP20,0.5,180.0,35.0,10.0,1.0,0.2,S1,800,1201,535,351,0.66875,0.43875,159.6564209257752,159.555825,0.2307344797898854,historical_extension
L50_Ts180_Tr35p0_dT10_F1p0_LP20,0.5,180.0,35.0,10.0,1.0,0.2,S2a,800,1201,540,380,0.675,0.475,173.08965040229785,172.73850000000002,0.1534921295020286,historical_extension
L50_Ts180_Tr35p0_dT10_F1p0_LP20,0.5,180.0,35.0,10.0,1.0,0.2,S2b,800,1201,595,514,0.74375,0.6425,233.91090951828065,233.65155,0.1946442474489431,historical_extension
L50_Ts180_Tr35p0_dT10_F1p0_LP30,0.5,180.0,35.0,10.0,1.0,0.3,S1,800,1201,366,351,0.4575,0.43875,159.65642092574518,159.555825,0.2307344797898854,historical_extension
L50_Ts180_Tr35p0_dT10_F1p0_LP30,0.5,180.0,35.0,10.0,1.0,0.3,S2a,800,1201,371,366,0.46375,0.4575,166.6510480296252,166.37445,0.1521129210649044,historical_extension
L50_Ts180_Tr35p0_dT10_F1p0_LP30,0.5,180.0,35.0,10.0,1.0,0.3,S2b,800,1201,408,408,0.51,0.51,185.48978373418555,185.4666,0.1793039569848004,historical_extension
L50_Ts180_Tr35p0_dT10_F1p0_LP40,0.5,180.0,35.0,10.0,1.0,0.4,S1,800,1201,197,197,0.24625,0.24625,89.60231382397092,89.551275,0.2363725225667387,historical_extension
L50_Ts180_Tr35p0_dT10_F1p0_LP40,0.5,180.0,35.0,10.0,1.0,0.4,S2a,800,1201,201,201,0.25125,0.25125,91.79434889106086,91.369575,0.1353268912456441,historical_extension
L50_Ts180_Tr35p0_dT10_F1p0_LP40,0.5,180.0,35.0,10.0,1.0,0.4,S2b,800,1201,221,221,0.27625,0.27625,100.48571962434072,100.461075,0.1469650427937639,historical_extension
L50_Ts180_Tr35p0_dT10_F1p0_LP45,0.5,180.0,35.0,10.0,1.0,0.45,S1,800,1201,112,112,0.14,0.14,51.13724003828384,50.912400000000005,0.2394844292942227,historical_extension
L50_Ts180_Tr35p0_dT10_F1p0_LP45,0.5,180.0,35.0,10.0,1.0,0.45,S2a,800,1201,117,117,0.14625,0.14625,53.29317674128019,53.185275,0.1373787268480853,historical_extension
L50_Ts180_Tr35p0_dT10_F1p0_LP45,0.5,180.0,35.0,10.0,1.0,0.45,S2b,800,1201,127,127,0.15875,0.15875,57.9712377407845,57.731025,0.1469203658084076,historical_extension
L50_Ts180_Tr35p0_dT10_F1p2_LP20,0.5,180.0,35.0,10.0,1.2,0.2,S1,800,1201,446,332,0.5575,0.415,181.1997316524322,181.10268,0.2289918120224944,historical_extension
L50_Ts180_Tr35p0_dT10_F1p2_LP20,0.5,180.0,35.0,10.0,1.2,0.2,S2a,800,1201,450,363,0.5625,0.45375,198.09961274162805,198.01287,0.1528627152194945,historical_extension
L50_Ts180_Tr35p0_dT10_F1p2_LP20,0.5,180.0,35.0,10.0,1.2,0.2,S2b,800,1201,495,481,0.61875,0.60125,262.3890529271705,262.38069,0.193005144071359,historical_extension
L50_Ts180_Tr35p0_dT10_F1p2_LP30,0.5,180.0,35.0,10.0,1.2,0.3,S1,800,1201,305,305,0.38125,0.38125,166.53246139534505,166.37445,0.2301779976456765,historical_extension
L50_Ts180_Tr35p0_dT10_F1p2_LP30,0.5,180.0,35.0,10.0,1.2,0.3,S2a,800,1201,309,309,0.38625,0.38625,168.7882421209241,168.55641,0.1469208624971177,historical_extension
L50_Ts180_Tr35p0_dT10_F1p2_LP30,0.5,180.0,35.0,10.0,1.2,0.3,S2b,800,1201,340,340,0.425,0.425,185.48978373418555,185.4666,0.1691752489547485,historical_extension
L50_Ts180_Tr35p0_dT10_F1p2_LP40,0.5,180.0,35.0,10.0,1.2,0.4,S1,800,1201,164,164,0.205,0.205,89.60231382397092,89.46036,0.2363725225667387,historical_extension
L50_Ts180_Tr35p0_dT10_F1p2_LP40,0.5,180.0,35.0,10.0,1.2,0.4,S2a,800,1201,168,168,0.21,0.21,91.79434889106086,91.64232,0.1349655534075909,historical_extension
L50_Ts180_Tr35p0_dT10_F1p2_LP40,0.5,180.0,35.0,10.0,1.2,0.4,S2b,800,1201,184,184,0.23,0.23,100.48571962434072,100.37016,0.1457308176793335,historical_extension
L50_Ts180_Tr35p0_dT10_F1p2_LP45,0.5,180.0,35.0,10.0,1.2,0.45,S1,800,1201,93,93,0.11625,0.11625,51.13724003828384,50.73057,0.2394917514276991,historical_extension
L50_Ts180_Tr35p0_dT10_F1p2_LP45,0.5,180.0,35.0,10.0,1.2,0.45,S2a,800,1201,97,97,0.12125,0.12125,53.29317674128019,52.91253,0.1369774241878408,historical_extension
L50_Ts180_Tr35p0_dT10_F1p2_LP45,0.5,180.0,35.0,10.0,1.2,0.45,S2b,800,1201,106,106,0.1325,0.1325,57.9712377407845,57.82194,0.147303047694251,historical_extension
L50_Ts180_Tr35p0_dT15_F0p8_LP20,0.5,180.0,35.0,15.0,0.8,0.2,S1,800,1201,669,349,0.83625,0.43625,127.05313119088264,126.91733999999995,0.2333704478414013,historical_extension
L50_Ts180_Tr35p0_dT15_F0p8_LP20,0.5,180.0,35.0,15.0,0.8,0.2,S2a,800,1201,675,371,0.84375,0.46375,135.01275842022596,134.91785999999996,0.1580808630633708,historical_extension
L50_Ts180_Tr35p0_dT15_F0p8_LP20,0.5,180.0,35.0,15.0,0.8,0.2,S2b,800,1201,743,521,0.92875,0.65125,189.60991026040105,189.46686,0.2039595471961627,historical_extension
L50_Ts180_Tr35p0_dT15_F0p8_LP30,0.5,180.0,35.0,15.0,0.8,0.3,S1,800,1201,457,349,0.57125,0.43625,127.05313119095476,126.91733999999995,0.2333704478414013,historical_extension
L50_Ts180_Tr35p0_dT15_F0p8_LP30,0.5,180.0,35.0,15.0,0.8,0.3,S2a,800,1201,464,371,0.58,0.46375,135.0127584203303,134.91785999999996,0.1580808630633708,historical_extension
L50_Ts180_Tr35p0_dT15_F0p8_LP30,0.5,180.0,35.0,15.0,0.8,0.3,S2b,800,1201,510,507,0.6375,0.63375,184.43307411624795,184.37561999999997,0.2024138138293372,historical_extension
L50_Ts180_Tr35p0_dT15_F0p8_LP40,0.5,180.0,35.0,15.0,0.8,0.4,S1,800,1201,246,246,0.3075,0.3075,89.60231382397092,89.46035999999998,0.2363871668336916,historical_extension
L50_Ts180_Tr35p0_dT15_F0p8_LP40,0.5,180.0,35.0,15.0,0.8,0.4,S2a,800,1201,252,252,0.315,0.315,91.79434889106086,91.64231999999998,0.144374618253047,historical_extension
L50_Ts180_Tr35p0_dT15_F0p8_LP40,0.5,180.0,35.0,15.0,0.8,0.4,S2b,800,1201,276,276,0.345,0.345,100.48571962434072,100.37015999999998,0.1620364417585892,historical_extension
L50_Ts180_Tr35p0_dT15_F0p8_LP45,0.5,180.0,35.0,15.0,0.8,0.45,S1,800,1201,140,140,0.175,0.175,51.13724003828384,50.91239999999999,0.2394917514276991,historical_extension
L50_Ts180_Tr35p0_dT15_F0p8_LP45,0.5,180.0,35.0,15.0,0.8,0.45,S2a,800,1201,146,146,0.1825,0.1825,53.29317674128019,53.09435999999999,0.1371346177533349,historical_extension
L50_Ts180_Tr35p0_dT15_F0p8_LP45,0.5,180.0,35.0,15.0,0.8,0.45,S2b,800,1201,159,159,0.19875,0.19875,57.9712377407845,57.821939999999984,0.1470374789509244,historical_extension
L50_Ts180_Tr35p0_dT15_F1p0_LP20,0.5,180.0,35.0,15.0,1.0,0.2,S1,800,1201,535,331,0.66875,0.41375,150.54137403284855,150.464325,0.2314666931375287,historical_extension
L50_Ts180_Tr35p0_dT15_F1p0_LP20,0.5,180.0,35.0,15.0,1.0,0.2,S2a,800,1201,540,355,0.675,0.44375,161.52291333392384,161.374125,0.1574811617337785,historical_extension
L50_Ts180_Tr35p0_dT15_F1p0_LP20,0.5,180.0,35.0,15.0,1.0,0.2,S2b,800,1201,595,489,0.74375,0.61125,222.7124138690769,222.287175,0.2024090916470009,historical_extension
L50_Ts180_Tr35p0_dT15_F1p0_LP30,0.5,180.0,35.0,15.0,1.0,0.3,S1,800,1201,366,331,0.4575,0.41375,150.54137403279054,150.464325,0.2314666931375287,historical_extension
L50_Ts180_Tr35p0_dT15_F1p0_LP30,0.5,180.0,35.0,15.0,1.0,0.3,S2a,800,1201,371,355,0.46375,0.44375,161.52291333406436,161.374125,0.1574811617337785,historical_extension
L50_Ts180_Tr35p0_dT15_F1p0_LP30,0.5,180.0,35.0,15.0,1.0,0.3,S2b,800,1201,408,408,0.51,0.51,185.48978373418555,185.4666,0.1904795434016838,historical_extension
L50_Ts180_Tr35p0_dT15_F1p0_LP40,0.5,180.0,35.0,15.0,1.0,0.4,S1,800,1201,197,197,0.24625,0.24625,89.60231382397092,89.551275,0.2363725225667387,historical_extension
L50_Ts180_Tr35p0_dT15_F1p0_LP40,0.5,180.0,35.0,15.0,1.0,0.4,S2a,800,1201,201,201,0.25125,0.25125,91.79434889106086,91.369575,0.1382978132928961,historical_extension
L50_Ts180_Tr35p0_dT15_F1p0_LP40,0.5,180.0,35.0,15.0,1.0,0.4,S2b,800,1201,221,221,0.27625,0.27625,100.48571962434072,100.461075,0.1520834540441445,historical_extension
L50_Ts180_Tr35p0_dT15_F1p0_LP45,0.5,180.0,35.0,15.0,1.0,0.45,S1,800,1201,112,112,0.14,0.14,51.13724003828384,50.912400000000005,0.2394844292942227,historical_extension
L50_Ts180_Tr35p0_dT15_F1p0_LP45,0.5,180.0,35.0,15.0,1.0,0.45,S2a,800,1201,117,117,0.14625,0.14625,53.29317674128019,53.185275,0.1373787268480853,historical_extension
L50_Ts180_Tr35p0_dT15_F1p0_LP45,0.5,180.0,35.0,15.0,1.0,0.45,S2b,800,1201,127,127,0.15875,0.15875,57.9712377407845,57.731025,0.1469203658084076,historical_extension
L50_Ts180_Tr35p0_dT15_F1p2_LP20,0.5,180.0,35.0,15.0,1.2,0.2,S1,800,1201,446,313,0.5575,0.39125,171.13222527672588,170.73837,0.2298265352388077,historical_extension
L50_Ts180_Tr35p0_dT15_F1p2_LP20,0.5,180.0,35.0,15.0,1.2,0.2,S2a,800,1201,450,338,0.5625,0.4225,184.76107643223224,184.37562,0.1568087466154908,historical_extension
L50_Ts180_Tr35p0_dT15_F1p2_LP20,0.5,180.0,35.0,15.0,1.2,0.2,S2b,800,1201,495,457,0.61875,0.57125,249.803091298762,249.28893,0.2007594909923333,historical_extension
L50_Ts180_Tr35p0_dT15_F1p2_LP30,0.5,180.0,35.0,15.0,1.2,0.3,S1,800,1201,305,305,0.38125,0.38125,166.53246139534505,166.37445,0.2301779976456765,historical_extension
L50_Ts180_Tr35p0_dT15_F1p2_LP30,0.5,180.0,35.0,15.0,1.2,0.3,S2a,800,1201,309,309,0.38625,0.38625,168.7882421209241,168.55641,0.1534740093948745,historical_extension
L50_Ts180_Tr35p0_dT15_F1p2_LP30,0.5,180.0,35.0,15.0,1.2,0.3,S2b,800,1201,340,340,0.425,0.425,185.48978373418555,185.4666,0.1803385217730082,historical_extension
L50_Ts180_Tr35p0_dT15_F1p2_LP40,0.5,180.0,35.0,15.0,1.2,0.4,S1,800,1201,164,164,0.205,0.205,89.60231382397092,89.46036,0.2363725225667387,historical_extension
L50_Ts180_Tr35p0_dT15_F1p2_LP40,0.5,180.0,35.0,15.0,1.2,0.4,S2a,800,1201,168,168,0.21,0.21,91.79434889106086,91.64232,0.13561522612711,historical_extension
L50_Ts180_Tr35p0_dT15_F1p2_LP40,0.5,180.0,35.0,15.0,1.2,0.4,S2b,800,1201,184,184,0.23,0.23,100.48571962434072,100.37016,0.1468545503056787,historical_extension
L50_Ts180_Tr35p0_dT15_F1p2_LP45,0.5,180.0,35.0,15.0,1.2,0.45,S1,800,1201,93,93,0.11625,0.11625,51.13724003828384,50.73057,0.2394917514276991,historical_extension
L50_Ts180_Tr35p0_dT15_F1p2_LP45,0.5,180.0,35.0,15.0,1.2,0.45,S2a,800,1201,97,97,0.12125,0.12125,53.29317674128019,52.91253,0.1369774241878408,historical_extension
L50_Ts180_Tr35p0_dT15_F1p2_LP45,0.5,180.0,35.0,15.0,1.2,0.45,S2b,800,1201,106,106,0.1325,0.1325,57.9712377407845,57.82194,0.147303047694251,historical_extension
L50_Ts180_Tr41p44_dT5_F0p8_LP20,0.5,180.0,41.44,5.0,0.8,0.2,S1,800,1201,700,381,0.875,0.47625,132.66698096602943,132.40073088,0.2329301260425614,historical_extension
L50_Ts180_Tr41p44_dT5_F0p8_LP20,0.5,180.0,41.44,5.0,0.8,0.2,S2a,800,1201,707,408,0.88375,0.51,141.8174501011771,141.78345984,0.155277212785024,historical_extension
L50_Ts180_Tr41p44_dT5_F0p8_LP20,0.5,180.0,41.44,5.0,0.8,0.2,S2b,800,1201,778,564,0.9725,0.705,196.307747229374,195.99478272,0.198245408947121,historical_extension
L50_Ts180_Tr41p44_dT5_F0p8_LP30,0.5,180.0,41.44,5.0,0.8,0.3,S1,800,1201,479,381,0.59875,0.47625,132.6669809659645,132.40073088,0.2329301260425614,historical_extension
L50_Ts180_Tr41p44_dT5_F0p8_LP30,0.5,180.0,41.44,5.0,0.8,0.3,S2a,800,1201,485,408,0.60625,0.51,141.81745010132238,141.78345984,0.155277212785024,historical_extension
L50_Ts180_Tr41p44_dT5_F0p8_LP30,0.5,180.0,41.44,5.0,0.8,0.3,S2b,800,1201,533,533,0.66625,0.66625,185.48978373418555,185.22201984,0.1949526467218937,historical_extension
L50_Ts180_Tr41p44_dT5_F0p8_LP40,0.5,180.0,41.44,5.0,0.8,0.4,S1,800,1201,257,257,0.32125,0.32125,89.60231382397092,89.30967935999999,0.2364006032011082,historical_extension
L50_Ts180_Tr41p44_dT5_F0p8_LP40,0.5,180.0,41.44,5.0,0.8,0.4,S2a,800,1201,264,264,0.33,0.33,91.79434889106086,91.74223872,0.1408671570234049,historical_extension
L50_Ts180_Tr41p44_dT5_F0p8_LP40,0.5,180.0,41.44,5.0,0.8,0.4,S2b,800,1201,289,289,0.36125,0.36125,100.48571962434072,100.42995072,0.1558737501523805,historical_extension
L50_Ts180_Tr41p44_dT5_F0p8_LP45,0.5,180.0,41.44,5.0,0.8,0.45,S1,800,1201,147,147,0.18375,0.18375,51.13724003828384,51.08374656,0.2394792522933674,historical_extension
L50_Ts180_Tr41p44_dT5_F0p8_LP45,0.5,180.0,41.44,5.0,0.8,0.45,S2a,800,1201,153,153,0.19125,0.19125,53.29317674128019,53.16879744,0.1372452143572867,historical_extension
L50_Ts180_Tr41p44_dT5_F0p8_LP45,0.5,180.0,41.44,5.0,0.8,0.45,S2b,800,1201,166,166,0.2075,0.2075,57.9712377407845,57.68640768,0.1466393299275893,historical_extension
L50_Ts180_Tr41p44_dT5_F1p0_LP20,0.5,180.0,41.44,5.0,1.0,0.2,S1,800,1201,560,361,0.7,0.45125,157.0409932319683,156.8132016,0.2309569918516134,historical_extension
L50_Ts180_Tr41p44_dT5_F1p0_LP20,0.5,180.0,41.44,5.0,1.0,0.2,S2a,800,1201,565,390,0.70625,0.4875,169.74961500656275,169.41038400000002,0.1545498866222273,historical_extension
L50_Ts180_Tr41p44_dT5_F1p0_LP20,0.5,180.0,41.44,5.0,1.0,0.2,S2b,800,1201,622,531,0.7775,0.66375,230.73091249979643,230.6587536,0.1968220137904202,historical_extension
L50_Ts180_Tr41p44_dT5_F1p0_LP30,0.5,180.0,41.44,5.0,1.0,0.3,S1,800,1201,383,361,0.47875,0.45125,157.0409932320539,156.8132016,0.2309569918516134,historical_extension
L50_Ts180_Tr41p44_dT5_F1p0_LP30,0.5,180.0,41.44,5.0,1.0,0.3,S2a,800,1201,388,382,0.485,0.4775,165.9620614605037,165.9352992,0.1537791690908447,historical_extension
L50_Ts180_Tr41p44_dT5_F1p0_LP30,0.5,180.0,41.44,5.0,1.0,0.3,S2b,800,1201,427,427,0.53375,0.53375,185.48978373418555,185.4826512,0.1823466674594278,historical_extension
L50_Ts180_Tr41p44_dT5_F1p0_LP40,0.5,180.0,41.44,5.0,1.0,0.4,S1,800,1201,206,206,0.2575,0.2575,89.60231382397092,89.48343360000001,0.2363796124118428,historical_extension
L50_Ts180_Tr41p44_dT5_F1p0_LP40,0.5,180.0,41.44,5.0,1.0,0.4,S2a,800,1201,211,211,0.26375,0.26375,91.79434889106086,91.6553616,0.1362060018833735,historical_extension
L50_Ts180_Tr41p44_dT5_F1p0_LP40,0.5,180.0,41.44,5.0,1.0,0.4,S2b,800,1201,231,231,0.28875,0.28875,100.48571962434072,100.3430736,0.1478100907080415,historical_extension
L50_Ts180_Tr41p44_dT5_F1p0_LP45,0.5,180.0,41.44,5.0,1.0,0.45,S1,800,1201,117,117,0.14625,0.14625,51.13724003828384,50.8231152,0.2394932461528777,historical_extension
L50_Ts180_Tr41p44_dT5_F1p0_LP45,0.5,180.0,41.44,5.0,1.0,0.45,S2a,800,1201,122,122,0.1525,0.1525,53.29317674128019,52.9950432,0.1370217696271315,historical_extension
L50_Ts180_Tr41p44_dT5_F1p0_LP45,0.5,180.0,41.44,5.0,1.0,0.45,S2b,800,1201,133,133,0.16625,0.16625,57.9712377407845,57.7732848,0.1470084101348879,historical_extension
L50_Ts180_Tr41p44_dT5_F1p2_LP20,0.5,180.0,41.44,5.0,1.2,0.2,S1,800,1201,467,342,0.58375,0.4275,178.316389150223,178.27185024,0.2292217532723399,historical_extension
L50_Ts180_Tr41p44_dT5_F1p2_LP20,0.5,180.0,41.44,5.0,1.2,0.2,S2a,800,1201,471,372,0.58875,0.465,194.2580421696917,193.90973184,0.1538825382454328,historical_extension
L50_Ts180_Tr41p44_dT5_F1p2_LP20,0.5,180.0,41.44,5.0,1.2,0.2,S2b,800,1201,518,496,0.6475,0.62,258.745067366313,258.54630912,0.19507620704117,historical_extension
L50_Ts180_Tr41p44_dT5_F1p2_LP30,0.5,180.0,41.44,5.0,1.2,0.3,S1,800,1201,319,319,0.39875,0.39875,166.53246139534505,166.28280768000002,0.2301873295785485,historical_extension
L50_Ts180_Tr41p44_dT5_F1p2_LP30,0.5,180.0,41.44,5.0,1.2,0.3,S2a,800,1201,323,323,0.40375,0.40375,168.7882421209241,168.36785855999997,0.1486059263901803,historical_extension
L50_Ts180_Tr41p44_dT5_F1p2_LP30,0.5,180.0,41.44,5.0,1.2,0.3,S2b,800,1201,355,355,0.44375,0.44375,185.48978373418555,185.0482656,0.1718951464840631,historical_extension
L50_Ts180_Tr41p44_dT5_F1p2_LP40,0.5,180.0,41.44,5.0,1.2,0.4,S1,800,1201,171,171,0.21375,0.21375,89.60231382397092,89.13592512,0.2364006032011082,historical_extension
L50_Ts180_Tr41p44_dT5_F1p2_LP40,0.5,180.0,41.44,5.0,1.2,0.4,S2a,800,1201,176,176,0.22,0.22,91.79434889106086,91.74223872,0.1350529757571798,historical_extension
L50_Ts180_Tr41p44_dT5_F1p2_LP40,0.5,180.0,41.44,5.0,1.2,0.4,S2b,800,1201,192,192,0.24,0.24,100.48571962434072,100.08244224,0.1452551490596534,historical_extension
L50_Ts180_Tr41p44_dT5_F1p2_LP45,0.5,180.0,41.44,5.0,1.2,0.45,S1,800,1201,98,98,0.1225,0.1225,51.13724003828384,51.08374656,0.2394652584338572,historical_extension
L50_Ts180_Tr41p44_dT5_F1p2_LP45,0.5,180.0,41.44,5.0,1.2,0.45,S2a,800,1201,102,102,0.1275,0.1275,53.29317674128019,53.16879744,0.1374098208185438,historical_extension
L50_Ts180_Tr41p44_dT5_F1p2_LP45,0.5,180.0,41.44,5.0,1.2,0.45,S2b,800,1201,111,111,0.13875,0.13875,57.9712377407845,57.86016192,0.1473687225171658,historical_extension
L50_Ts180_Tr41p44_dT10_F0p8_LP20,0.5,180.0,41.44,10.0,0.8,0.2,S1,800,1201,700,359,0.875,0.44875,124.77538469405631,124.75554431999998,0.2335458558610132,historical_extension
L50_Ts180_Tr41p44_dT10_F0p8_LP20,0.5,180.0,41.44,10.0,0.8,0.2,S2a,800,1201,707,380,0.88375,0.475,132.26944393343769,132.05322239999998,0.1593032053079336,historical_extension
L50_Ts180_Tr41p44_dT10_F0p8_LP20,0.5,180.0,41.44,10.0,0.8,0.2,S2b,800,1201,778,537,0.9725,0.67125,186.91761893618843,186.61205376,0.2063992817716135,historical_extension
L50_Ts180_Tr41p44_dT10_F0p8_LP30,0.5,180.0,41.44,10.0,0.8,0.3,S1,800,1201,479,359,0.59875,0.44875,124.77538469414787,124.75554431999998,0.2335458558610132,historical_extension
L50_Ts180_Tr41p44_dT10_F0p8_LP30,0.5,180.0,41.44,10.0,0.8,0.3,S2a,800,1201,485,380,0.60625,0.475,132.26944393342836,132.05322239999998,0.1593032053079336,historical_extension
L50_Ts180_Tr41p44_dT10_F0p8_LP30,0.5,180.0,41.44,10.0,0.8,0.3,S2b,800,1201,533,527,0.66625,0.65875,183.4477165150426,183.13696896,0.2052743888733871,historical_extension
L50_Ts180_Tr41p44_dT10_F0p8_LP40,0.5,180.0,41.44,10.0,0.8,0.4,S1,800,1201,257,257,0.32125,0.32125,89.60231382397092,89.30967935999999,0.2364006032011082,historical_extension
L50_Ts180_Tr41p44_dT10_F0p8_LP40,0.5,180.0,41.44,10.0,0.8,0.4,S2a,800,1201,264,264,0.33,0.33,91.79434889106086,91.74223872,0.1461756230888685,historical_extension
L50_Ts180_Tr41p44_dT10_F0p8_LP40,0.5,180.0,41.44,10.0,0.8,0.4,S2b,800,1201,289,289,0.36125,0.36125,100.48571962434072,100.42995072,0.165104819920338,historical_extension
L50_Ts180_Tr41p44_dT10_F0p8_LP45,0.5,180.0,41.44,10.0,0.8,0.45,S1,800,1201,147,147,0.18375,0.18375,51.13724003828384,51.08374656,0.2394792522933674,historical_extension
L50_Ts180_Tr41p44_dT10_F0p8_LP45,0.5,180.0,41.44,10.0,0.8,0.45,S2a,800,1201,153,153,0.19125,0.19125,53.29317674128019,53.16879744,0.1372452143572867,historical_extension
L50_Ts180_Tr41p44_dT10_F0p8_LP45,0.5,180.0,41.44,10.0,0.8,0.45,S2b,800,1201,166,166,0.2075,0.2075,57.9712377407845,57.68640768,0.1466393299275893,historical_extension
L50_Ts180_Tr41p44_dT10_F1p0_LP20,0.5,180.0,41.44,10.0,1.0,0.2,S1,800,1201,560,340,0.7,0.425,147.8989933133127,147.69110400000002,0.2316916694759025,historical_extension
L50_Ts180_Tr41p44_dT10_F1p0_LP20,0.5,180.0,41.44,10.0,1.0,0.2,S2a,800,1201,565,364,0.70625,0.455,158.16044732709787,158.1163584,0.1587847650250021,historical_extension
L50_Ts180_Tr41p44_dT10_F1p0_LP20,0.5,180.0,41.44,10.0,1.0,0.2,S2b,800,1201,622,505,0.7775,0.63125,219.48571879869056,219.364728,0.2050149273008699,historical_extension
L50_Ts180_Tr41p44_dT10_F1p0_LP30,0.5,180.0,41.44,10.0,1.0,0.3,S1,800,1201,383,340,0.47875,0.425,147.89899331345734,147.69110400000002,0.2316916694759025,historical_extension
L50_Ts180_Tr41p44_dT10_F1p0_LP30,0.5,180.0,41.44,10.0,1.0,0.3,S2a,800,1201,388,364,0.485,0.455,158.16044732717071,158.1163584,0.1587847650250021,historical_extension
L50_Ts180_Tr41p44_dT10_F1p0_LP30,0.5,180.0,41.44,10.0,1.0,0.3,S2b,800,1201,427,427,0.53375,0.53375,185.48978373418555,185.4826512,0.1940348598637448,historical_extension
L50_Ts180_Tr41p44_dT10_F1p0_LP40,0.5,180.0,41.44,10.0,1.0,0.4,S1,800,1201,206,206,0.2575,0.2575,89.60231382397092,89.48343360000001,0.2363796124118428,historical_extension
L50_Ts180_Tr41p44_dT10_F1p0_LP40,0.5,180.0,41.44,10.0,1.0,0.4,S2a,800,1201,211,211,0.26375,0.26375,91.79434889106086,91.6553616,0.139873100792587,historical_extension
L50_Ts180_Tr41p44_dT10_F1p0_LP40,0.5,180.0,41.44,10.0,1.0,0.4,S2b,800,1201,231,231,0.28875,0.28875,100.48571962434072,100.3430736,0.1541568154331864,historical_extension
L50_Ts180_Tr41p44_dT10_F1p0_LP45,0.5,180.0,41.44,10.0,1.0,0.45,S1,800,1201,117,117,0.14625,0.14625,51.13724003828384,50.8231152,0.2394932461528777,historical_extension
L50_Ts180_Tr41p44_dT10_F1p0_LP45,0.5,180.0,41.44,10.0,1.0,0.45,S2a,800,1201,122,122,0.1525,0.1525,53.29317674128019,52.9950432,0.1370217696271315,historical_extension
L50_Ts180_Tr41p44_dT10_F1p0_LP45,0.5,180.0,41.44,10.0,1.0,0.45,S2b,800,1201,133,133,0.16625,0.16625,57.9712377407845,57.7732848,0.1470084101348879,historical_extension
L50_Ts180_Tr41p44_dT10_F1p2_LP20,0.5,180.0,41.44,10.0,1.2,0.2,S1,800,1201,467,322,0.58375,0.4025,168.20421837163067,167.84659584000002,0.2300613848429561,historical_extension
L50_Ts180_Tr41p44_dT10_F1p2_LP20,0.5,180.0,41.44,10.0,1.2,0.2,S2a,800,1201,471,347,0.58875,0.43375,180.8984247168005,180.87816384,0.1581894700208496,historical_extension
L50_Ts180_Tr41p44_dT10_F1p2_LP20,0.5,180.0,41.44,10.0,1.2,0.2,S2b,800,1201,518,472,0.6475,0.59,246.15282876873803,246.03600384,0.2033937109568819,historical_extension
L50_Ts180_Tr41p44_dT10_F1p2_LP30,0.5,180.0,41.44,10.0,1.2,0.3,S1,800,1201,319,319,0.39875,0.39875,166.53246139534505,166.28280768000002,0.2301873295785485,historical_extension
L50_Ts180_Tr41p44_dT10_F1p2_LP30,0.5,180.0,41.44,10.0,1.2,0.3,S2a,800,1201,323,323,0.40375,0.40375,168.7882421209241,168.36785855999997,0.1555153833300739,historical_extension
L50_Ts180_Tr41p44_dT10_F1p2_LP30,0.5,180.0,41.44,10.0,1.2,0.3,S2b,800,1201,355,355,0.44375,0.44375,185.48978373418555,185.0482656,0.1837048167238371,historical_extension
L50_Ts180_Tr41p44_dT10_F1p2_LP40,0.5,180.0,41.44,10.0,1.2,0.4,S1,800,1201,171,171,0.21375,0.21375,89.60231382397092,89.13592512,0.2364006032011082,historical_extension
L50_Ts180_Tr41p44_dT10_F1p2_LP40,0.5,180.0,41.44,10.0,1.2,0.4,S2a,800,1201,176,176,0.22,0.22,91.79434889106086,91.74223872,0.1364274628445262,historical_extension
L50_Ts180_Tr41p44_dT10_F1p2_LP40,0.5,180.0,41.44,10.0,1.2,0.4,S2b,800,1201,192,192,0.24,0.24,100.48571962434072,100.08244224,0.1476375993795785,historical_extension
L50_Ts180_Tr41p44_dT10_F1p2_LP45,0.5,180.0,41.44,10.0,1.2,0.45,S1,800,1201,98,98,0.1225,0.1225,51.13724003828384,51.08374656,0.2394652584338572,historical_extension
L50_Ts180_Tr41p44_dT10_F1p2_LP45,0.5,180.0,41.44,10.0,1.2,0.45,S2a,800,1201,102,102,0.1275,0.1275,53.29317674128019,53.16879744,0.1374098208185438,historical_extension
L50_Ts180_Tr41p44_dT10_F1p2_LP45,0.5,180.0,41.44,10.0,1.2,0.45,S2b,800,1201,111,111,0.13875,0.13875,57.9712377407845,57.86016192,0.1473687225171658,historical_extension
L50_Ts180_Tr41p44_dT15_F0p8_LP20,0.5,180.0,41.44,15.0,0.8,0.2,S1,800,1201,700,336,0.875,0.42,116.83628442004304,116.76284928,0.2341895733984856,historical_extension
L50_Ts180_Tr41p44_dT15_F0p8_LP20,0.5,180.0,41.44,15.0,0.8,0.2,S2a,800,1201,707,353,0.88375,0.44125,122.71585998021072,122.67049344,0.1644020556585438,historical_extension
L50_Ts180_Tr41p44_dT15_F0p8_LP20,0.5,180.0,41.44,15.0,0.8,0.2,S2b,800,1201,778,510,0.9725,0.6375,177.48996603050375,177.2293248,0.2161683352383452,historical_extension
L50_Ts180_Tr41p44_dT15_F0p8_LP30,0.5,180.0,41.44,15.0,0.8,0.3,S1,800,1201,479,336,0.59875,0.42,116.83628442003588,116.76284928,0.2341895733984856,historical_extension
L50_Ts180_Tr41p44_dT15_F0p8_LP30,0.5,180.0,41.44,15.0,0.8,0.3,S2a,800,1201,485,353,0.60625,0.44125,122.71585998034884,122.67049344,0.1644020556585438,historical_extension
L50_Ts180_Tr41p44_dT15_F0p8_LP30,0.5,180.0,41.44,15.0,0.8,0.3,S2b,800,1201,533,510,0.66625,0.6375,177.4899660307023,177.2293248,0.2161683352383452,historical_extension
L50_Ts180_Tr41p44_dT15_F0p8_LP40,0.5,180.0,41.44,15.0,0.8,0.4,S1,800,1201,257,257,0.32125,0.32125,89.60231382397092,89.30967935999999,0.2364006032011082,historical_extension
L50_Ts180_Tr41p44_dT15_F0p8_LP40,0.5,180.0,41.44,15.0,0.8,0.4,S2a,800,1201,264,264,0.33,0.33,91.79434889106086,91.74223872,0.1534212405524952,historical_extension
L50_Ts180_Tr41p44_dT15_F0p8_LP40,0.5,180.0,41.44,15.0,0.8,0.4,S2b,800,1201,289,289,0.36125,0.36125,100.48571962434072,100.42995072,0.1777472037257352,historical_extension
L50_Ts180_Tr41p44_dT15_F0p8_LP45,0.5,180.0,41.44,15.0,0.8,0.45,S1,800,1201,147,147,0.18375,0.18375,51.13724003828384,51.08374656,0.2394792522933674,historical_extension
L50_Ts180_Tr41p44_dT15_F0p8_LP45,0.5,180.0,41.44,15.0,0.8,0.45,S2a,800,1201,153,153,0.19125,0.19125,53.29317674128019,53.16879744,0.1380451080800041,historical_extension
L50_Ts180_Tr41p44_dT15_F0p8_LP45,0.5,180.0,41.44,15.0,0.8,0.45,S2b,800,1201,166,166,0.2075,0.2075,57.9712377407845,57.68640768,0.1480638692609311,historical_extension
L50_Ts180_Tr41p44_dT15_F1p0_LP20,0.5,180.0,41.44,15.0,1.0,0.2,S1,800,1201,560,319,0.7,0.39875,138.66655258722665,138.5690064,0.2324263471001917,historical_extension
L50_Ts180_Tr41p44_dT15_F1p0_LP20,0.5,180.0,41.44,15.0,1.0,0.2,S2a,800,1201,565,337,0.70625,0.42125,146.55839854262746,146.3879472,0.1638969038915277,historical_extension
L50_Ts180_Tr41p44_dT15_F1p0_LP20,0.5,180.0,41.44,15.0,1.0,0.2,S2b,800,1201,622,479,0.7775,0.59875,208.2349394918816,208.0707024,0.2148637909687458,historical_extension
L50_Ts180_Tr41p44_dT15_F1p0_LP30,0.5,180.0,41.44,15.0,1.0,0.3,S1,800,1201,383,319,0.47875,0.39875,138.666552587191,138.5690064,0.2324263471001917,historical_extension
L50_Ts180_Tr41p44_dT15_F1p0_LP30,0.5,180.0,41.44,15.0,1.0,0.3,S2a,800,1201,388,337,0.485,0.42125,146.5583985426726,146.3879472,0.1638969038915277,historical_extension
L50_Ts180_Tr41p44_dT15_F1p0_LP30,0.5,180.0,41.44,15.0,1.0,0.3,S2b,800,1201,427,427,0.53375,0.53375,185.48978373418555,185.4826512,0.2076466834506213,historical_extension
L50_Ts180_Tr41p44_dT15_F1p0_LP40,0.5,180.0,41.44,15.0,1.0,0.4,S1,800,1201,206,206,0.2575,0.2575,89.60231382397092,89.48343360000001,0.2363796124118428,historical_extension
L50_Ts180_Tr41p44_dT15_F1p0_LP40,0.5,180.0,41.44,15.0,1.0,0.4,S2a,800,1201,211,211,0.26375,0.26375,91.79434889106086,91.6553616,0.1461224408498899,historical_extension
L50_Ts180_Tr41p44_dT15_F1p0_LP40,0.5,180.0,41.44,15.0,1.0,0.4,S2b,800,1201,231,231,0.28875,0.28875,100.48571962434072,100.3430736,0.1650172724236105,historical_extension
L50_Ts180_Tr41p44_dT15_F1p0_LP45,0.5,180.0,41.44,15.0,1.0,0.45,S1,800,1201,117,117,0.14625,0.14625,51.13724003828384,50.8231152,0.2394932461528777,historical_extension
L50_Ts180_Tr41p44_dT15_F1p0_LP45,0.5,180.0,41.44,15.0,1.0,0.45,S2a,800,1201,122,122,0.1525,0.1525,53.29317674128019,52.9950432,0.1370217696271315,historical_extension
L50_Ts180_Tr41p44_dT15_F1p0_LP45,0.5,180.0,41.44,15.0,1.0,0.45,S2b,800,1201,133,133,0.16625,0.16625,57.9712377407845,57.7732848,0.1470084101348879,historical_extension
L50_Ts180_Tr41p44_dT15_F1p2_LP20,0.5,180.0,41.44,15.0,1.2,0.2,S1,800,1201,467,303,0.58375,0.37875,157.94261860923086,157.94260416,0.2308590348350415,historical_extension
L50_Ts180_Tr41p44_dT15_F1p2_LP20,0.5,180.0,41.44,15.0,1.2,0.2,S2a,800,1201,471,321,0.58875,0.40125,167.4664862146389,167.32533311999998,0.1633844457078794,historical_extension
L50_Ts180_Tr41p44_dT15_F1p2_LP20,0.5,180.0,41.44,15.0,1.2,0.2,S2b,800,1201,518,447,0.6475,0.55875,233.37897186252889,233.00443584,0.2132962365537584,historical_extension
L50_Ts180_Tr41p44_dT15_F1p2_LP30,0.5,180.0,41.44,15.0,1.2,0.3,S1,800,1201,319,303,0.39875,0.37875,157.94261860937667,157.94260416,0.2308590348350415,historical_extension
L50_Ts180_Tr41p44_dT15_F1p2_LP30,0.5,180.0,41.44,15.0,1.2,0.3,S2a,800,1201,323,319,0.40375,0.39875,166.47826563576922,166.28280768000002,0.1631394969328089,historical_extension
L50_Ts180_Tr41p44_dT15_F1p2_LP30,0.5,180.0,41.44,15.0,1.2,0.3,S2b,800,1201,355,355,0.44375,0.44375,185.48978373418555,185.0482656,0.197867471103698,historical_extension
L50_Ts180_Tr41p44_dT15_F1p2_LP40,0.5,180.0,41.44,15.0,1.2,0.4,S1,800,1201,171,171,0.21375,0.21375,89.60231382397092,89.13592512,0.2364006032011082,historical_extension
L50_Ts180_Tr41p44_dT15_F1p2_LP40,0.5,180.0,41.44,15.0,1.2,0.4,S2a,800,1201,176,176,0.22,0.22,91.79434889106086,91.74223872,0.141117527564811,historical_extension
L50_Ts180_Tr41p44_dT15_F1p2_LP40,0.5,180.0,41.44,15.0,1.2,0.4,S2b,800,1201,192,192,0.24,0.24,100.48571962434072,100.08244224,0.1557816983348476,historical_extension
L50_Ts180_Tr41p44_dT15_F1p2_LP45,0.5,180.0,41.44,15.0,1.2,0.45,S1,800,1201,98,98,0.1225,0.1225,51.13724003828384,51.08374656,0.2394652584338572,historical_extension
L50_Ts180_Tr41p44_dT15_F1p2_LP45,0.5,180.0,41.44,15.0,1.2,0.45,S2a,800,1201,102,102,0.1275,0.1275,53.29317674128019,53.16879744,0.1374098208185438,historical_extension
L50_Ts180_Tr41p44_dT15_F1p2_LP45,0.5,180.0,41.44,15.0,1.2,0.45,S2b,800,1201,111,111,0.13875,0.13875,57.9712377407845,57.86016192,0.1473687225171658,historical_extension
L50_Ts180_Tr50p0_dT5_F0p8_LP20,0.5,180.0,50.0,5.0,0.8,0.2,S1,800,1201,746,365,0.9325,0.45625,119.12748989463282,119.0046,0.2340107557895472,historical_extension
L50_Ts180_Tr50p0_dT5_F0p8_LP20,0.5,180.0,50.0,5.0,0.8,0.2,S2a,800,1201,753,384,0.94125,0.48,125.45783992229802,125.19936,0.1627525532308892,historical_extension
L50_Ts180_Tr50p0_dT5_F0p8_LP20,0.5,180.0,50.0,5.0,0.8,0.2,S2b,800,1201,800,552,1.0,0.69,180.21092215726884,179.97408,0.2131658064873457,historical_extension
L50_Ts180_Tr50p0_dT5_F0p8_LP30,0.5,180.0,50.0,5.0,0.8,0.3,S1,800,1201,510,365,0.6375,0.45625,119.12748989456408,119.0046,0.2340107557895472,historical_extension
L50_Ts180_Tr50p0_dT5_F0p8_LP30,0.5,180.0,50.0,5.0,0.8,0.3,S2a,800,1201,517,384,0.64625,0.48,125.45783992220234,125.19936,0.1627525532308892,historical_extension
L50_Ts180_Tr50p0_dT5_F0p8_LP30,0.5,180.0,50.0,5.0,0.8,0.3,S2b,800,1201,568,552,0.71,0.69,180.21092215714071,179.97408,0.2131658064873457,historical_extension
L50_Ts180_Tr50p0_dT5_F0p8_LP40,0.5,180.0,50.0,5.0,0.8,0.4,S1,800,1201,274,274,0.3425,0.3425,89.60231382397092,89.33496,0.2364002961764769,historical_extension
L50_Ts180_Tr50p0_dT5_F0p8_LP40,0.5,180.0,50.0,5.0,0.8,0.4,S2a,800,1201,281,281,0.35125,0.35125,91.79434889106086,91.61724,0.151006290333838,historical_extension
L50_Ts180_Tr50p0_dT5_F0p8_LP40,0.5,180.0,50.0,5.0,0.8,0.4,S2b,800,1201,308,308,0.385,0.385,100.48571962434072,100.42032,0.1736999055639105,historical_extension
L50_Ts180_Tr50p0_dT5_F0p8_LP45,0.5,180.0,50.0,5.0,0.8,0.45,S1,800,1201,156,156,0.195,0.195,51.13724003828384,50.86224,0.2394988210738143,historical_extension
L50_Ts180_Tr50p0_dT5_F0p8_LP45,0.5,180.0,50.0,5.0,0.8,0.45,S2a,800,1201,163,163,0.20375,0.20375,53.29317674128019,53.14452,0.137401978698105,historical_extension
L50_Ts180_Tr50p0_dT5_F0p8_LP45,0.5,180.0,50.0,5.0,0.8,0.45,S2b,800,1201,177,177,0.22125,0.22125,57.9712377407845,57.70907999999999,0.1470590211895621,historical_extension
L50_Ts180_Tr50p0_dT5_F1p0_LP20,0.5,180.0,50.0,5.0,1.0,0.2,S1,800,1201,597,346,0.74625,0.4325,141.334491479652,141.0123,0.2322317298421353,historical_extension
L50_Ts180_Tr50p0_dT5_F1p0_LP20,0.5,180.0,50.0,5.0,1.0,0.2,S2a,800,1201,603,367,0.75375,0.45875,149.89721778655843,149.57085,0.1622455049710565,historical_extension
L50_Ts180_Tr50p0_dT5_F1p0_LP20,0.5,180.0,50.0,5.0,1.0,0.2,S2b,800,1201,663,518,0.82875,0.6475,211.5000846897921,211.1109,0.2117573053939588,historical_extension
L50_Ts180_Tr50p0_dT5_F1p0_LP30,0.5,180.0,50.0,5.0,1.0,0.3,S1,800,1201,408,346,0.51,0.4325,141.33449147980542,141.0123,0.2322317298421353,historical_extension
L50_Ts180_Tr50p0_dT5_F1p0_LP30,0.5,180.0,50.0,5.0,1.0,0.3,S2a,800,1201,414,367,0.5175,0.45875,149.89721778660652,149.57085,0.1622455049710565,historical_extension
L50_Ts180_Tr50p0_dT5_F1p0_LP30,0.5,180.0,50.0,5.0,1.0,0.3,S2b,800,1201,455,455,0.56875,0.56875,185.48978373418555,185.43525,0.2034789231129623,historical_extension
L50_Ts180_Tr50p0_dT5_F1p0_LP40,0.5,180.0,50.0,5.0,1.0,0.4,S1,800,1201,219,219,0.27375,0.27375,89.60231382397092,89.25345000000002,0.2364002961764769,historical_extension
L50_Ts180_Tr50p0_dT5_F1p0_LP40,0.5,180.0,50.0,5.0,1.0,0.4,S2a,800,1201,225,225,0.28125,0.28125,91.79434889106086,91.69875,0.1440676142882924,historical_extension
L50_Ts180_Tr50p0_dT5_F1p0_LP40,0.5,180.0,50.0,5.0,1.0,0.4,S2b,800,1201,246,246,0.3075,0.3075,100.48571962434072,100.2573,0.1612526898527859,historical_extension
L50_Ts180_Tr50p0_dT5_F1p0_LP45,0.5,180.0,50.0,5.0,1.0,0.45,S1,800,1201,125,125,0.15625,0.15625,51.13724003828384,50.94375,0.239485691731029,historical_extension
L50_Ts180_Tr50p0_dT5_F1p0_LP45,0.5,180.0,50.0,5.0,1.0,0.45,S2a,800,1201,130,130,0.1625,0.1625,53.29317674128019,52.9815,0.1369657218480723,historical_extension
L50_Ts180_Tr50p0_dT5_F1p0_LP45,0.5,180.0,50.0,5.0,1.0,0.45,S2b,800,1201,142,142,0.1775,0.1775,57.9712377407845,57.8721,0.1472297819932224,historical_extension
L50_Ts180_Tr50p0_dT5_F1p2_LP20,0.5,180.0,50.0,5.0,1.2,0.2,S1,800,1201,497,329,0.62125,0.41125,160.91278280829368,160.90073999999998,0.2306233853509326,historical_extension
L50_Ts180_Tr50p0_dT5_F1p2_LP20,0.5,180.0,50.0,5.0,1.2,0.2,S2a,800,1201,502,350,0.6275,0.4375,171.35684407725265,171.171,0.1617451672361351,historical_extension
L50_Ts180_Tr50p0_dT5_F1p2_LP20,0.5,180.0,50.0,5.0,1.2,0.2,S2b,800,1201,553,484,0.69125,0.605,237.0194845188332,236.70504,0.2102146362816823,historical_extension
L50_Ts180_Tr50p0_dT5_F1p2_LP30,0.5,180.0,50.0,5.0,1.2,0.3,S1,800,1201,340,329,0.425,0.41125,160.91278280833674,160.90073999999998,0.2306233853509326,historical_extension
L50_Ts180_Tr50p0_dT5_F1p2_LP30,0.5,180.0,50.0,5.0,1.2,0.3,S2a,800,1201,345,341,0.43125,0.42625,167.17155383522032,166.76946,0.160728162804955,historical_extension
L50_Ts180_Tr50p0_dT5_F1p2_LP30,0.5,180.0,50.0,5.0,1.2,0.3,S2b,800,1201,379,379,0.47375,0.47375,185.48978373418555,185.35374,0.1936749014821215,historical_extension
L50_Ts180_Tr50p0_dT5_F1p2_LP40,0.5,180.0,50.0,5.0,1.2,0.4,S1,800,1201,183,183,0.22875,0.22875,89.60231382397092,89.49798000000001,0.2363740374909062,historical_extension
L50_Ts180_Tr50p0_dT5_F1p2_LP40,0.5,180.0,50.0,5.0,1.2,0.4,S2a,800,1201,187,187,0.23375,0.23375,91.79434889106086,91.45422,0.1391195641022672,historical_extension
L50_Ts180_Tr50p0_dT5_F1p2_LP40,0.5,180.0,50.0,5.0,1.2,0.4,S2b,800,1201,205,205,0.25625,0.25625,100.48571962434072,100.2573,0.1530531129186469,historical_extension
L50_Ts180_Tr50p0_dT5_F1p2_LP45,0.5,180.0,50.0,5.0,1.2,0.45,S1,800,1201,104,104,0.13,0.13,51.13724003828384,50.86224,0.239485691731029,historical_extension
L50_Ts180_Tr50p0_dT5_F1p2_LP45,0.5,180.0,50.0,5.0,1.2,0.45,S2a,800,1201,108,108,0.135,0.135,53.29317674128019,52.81848,0.136757813754313,historical_extension
L50_Ts180_Tr50p0_dT5_F1p2_LP45,0.5,180.0,50.0,5.0,1.2,0.45,S2b,800,1201,118,118,0.1475,0.1475,57.9712377407845,57.70907999999999,0.1469045361313685,historical_extension
L50_Ts180_Tr50p0_dT10_F0p8_LP20,0.5,180.0,50.0,10.0,0.8,0.2,S1,800,1201,746,340,0.9325,0.425,111.1558592155763,110.8536,0.2346672229288136,historical_extension
L50_Ts180_Tr50p0_dT10_F0p8_LP20,0.5,180.0,50.0,10.0,0.8,0.2,S2a,800,1201,753,355,0.94125,0.44375,115.88361203124911,115.7442,0.1687629301287163,historical_extension
L50_Ts180_Tr50p0_dT10_F0p8_LP20,0.5,180.0,50.0,10.0,0.8,0.2,S2b,800,1201,800,523,1.0,0.65375,170.79239754669672,170.51892,0.2243869912051686,historical_extension
L50_Ts180_Tr50p0_dT10_F0p8_LP30,0.5,180.0,50.0,10.0,0.8,0.3,S1,800,1201,510,340,0.6375,0.425,111.1558592156945,110.8536,0.2346672229288136,historical_extension
L50_Ts180_Tr50p0_dT10_F0p8_LP30,0.5,180.0,50.0,10.0,0.8,0.3,S2a,800,1201,517,355,0.64625,0.44375,115.8836120312881,115.7442,0.1687629301287163,historical_extension
L50_Ts180_Tr50p0_dT10_F0p8_LP30,0.5,180.0,50.0,10.0,0.8,0.3,S2b,800,1201,568,523,0.71,0.65375,170.79239754667668,170.51892,0.2243869912051686,historical_extension
L50_Ts180_Tr50p0_dT10_F0p8_LP40,0.5,180.0,50.0,10.0,0.8,0.4,S1,800,1201,274,274,0.3425,0.3425,89.60231382397092,89.33496,0.2364002961764769,historical_extension
L50_Ts180_Tr50p0_dT10_F0p8_LP40,0.5,180.0,50.0,10.0,0.8,0.4,S2a,800,1201,281,281,0.35125,0.35125,91.79434889106086,91.61724,0.1598078830433881,historical_extension
L50_Ts180_Tr50p0_dT10_F0p8_LP40,0.5,180.0,50.0,10.0,0.8,0.4,S2b,800,1201,308,308,0.385,0.385,100.48571962434072,100.42032,0.1890753638994394,historical_extension
L50_Ts180_Tr50p0_dT10_F0p8_LP45,0.5,180.0,50.0,10.0,0.8,0.45,S1,800,1201,156,156,0.195,0.195,51.13724003828384,50.86224,0.2394988210738143,historical_extension
L50_Ts180_Tr50p0_dT10_F0p8_LP45,0.5,180.0,50.0,10.0,0.8,0.45,S2a,800,1201,163,163,0.20375,0.20375,53.29317674128019,53.14452,0.1410493794356037,historical_extension
L50_Ts180_Tr50p0_dT10_F0p8_LP45,0.5,180.0,50.0,10.0,0.8,0.45,S2b,800,1201,177,177,0.22125,0.22125,57.9712377407845,57.70907999999999,0.1535663627106657,historical_extension
L50_Ts180_Tr50p0_dT10_F1p0_LP20,0.5,180.0,50.0,10.0,1.0,0.2,S1,800,1201,597,323,0.74625,0.40375,132.04049355258627,131.63865,0.2329866670522917,historical_extension
L50_Ts180_Tr50p0_dT10_F1p0_LP20,0.5,180.0,50.0,10.0,1.0,0.2,S2a,800,1201,603,339,0.75375,0.42375,138.24360985286833,138.15945000000002,0.1683867090514074,historical_extension
L50_Ts180_Tr50p0_dT10_F1p0_LP20,0.5,180.0,50.0,10.0,1.0,0.2,S2b,800,1201,663,491,0.82875,0.61375,200.1574477219553,200.10705,0.2232154814983265,historical_extension
L50_Ts180_Tr50p0_dT10_F1p0_LP30,0.5,180.0,50.0,10.0,1.0,0.3,S1,800,1201,408,323,0.51,0.40375,132.0404935526044,131.63865,0.2329866670522917,historical_extension
L50_Ts180_Tr50p0_dT10_F1p0_LP30,0.5,180.0,50.0,10.0,1.0,0.3,S2a,800,1201,414,339,0.5175,0.42375,138.2436098530295,138.15945000000002,0.1683867090514074,historical_extension
L50_Ts180_Tr50p0_dT10_F1p0_LP30,0.5,180.0,50.0,10.0,1.0,0.3,S2b,800,1201,455,455,0.56875,0.56875,185.48978373418555,185.43525,0.2186658059943554,historical_extension
L50_Ts180_Tr50p0_dT10_F1p0_LP40,0.5,180.0,50.0,10.0,1.0,0.4,S1,800,1201,219,219,0.27375,0.27375,89.60231382397092,89.25345000000002,0.2364002961764769,historical_extension
L50_Ts180_Tr50p0_dT10_F1p0_LP40,0.5,180.0,50.0,10.0,1.0,0.4,S2a,800,1201,225,225,0.28125,0.28125,91.79434889106086,91.69875,0.1523324155875272,historical_extension
L50_Ts180_Tr50p0_dT10_F1p0_LP40,0.5,180.0,50.0,10.0,1.0,0.4,S2b,800,1201,246,246,0.3075,0.3075,100.48571962434072,100.2573,0.1756822067759822,historical_extension
L50_Ts180_Tr50p0_dT10_F1p0_LP45,0.5,180.0,50.0,10.0,1.0,0.45,S1,800,1201,125,125,0.15625,0.15625,51.13724003828384,50.94375,0.239485691731029,historical_extension
L50_Ts180_Tr50p0_dT10_F1p0_LP45,0.5,180.0,50.0,10.0,1.0,0.45,S2a,800,1201,130,130,0.1625,0.1625,53.29317674128019,52.9815,0.137333224889548,historical_extension
L50_Ts180_Tr50p0_dT10_F1p0_LP45,0.5,180.0,50.0,10.0,1.0,0.45,S2b,800,1201,142,142,0.1775,0.1775,57.9712377407845,57.8721,0.1478792659871333,historical_extension
L50_Ts180_Tr50p0_dT10_F1p2_LP20,0.5,180.0,50.0,10.0,1.2,0.2,S1,800,1201,497,307,0.62125,0.38375,150.54988352989406,150.14142,0.2314899219747643,historical_extension
L50_Ts180_Tr50p0_dT10_F1p2_LP20,0.5,180.0,50.0,10.0,1.2,0.2,S2a,800,1201,502,322,0.6275,0.4025,157.8463153575239,157.47732,0.1678650623804482,historical_extension
L50_Ts180_Tr50p0_dT10_F1p2_LP20,0.5,180.0,50.0,10.0,1.2,0.2,S2b,800,1201,553,458,0.69125,0.5725,224.18869910018896,223.98948,0.2217730956799546,historical_extension
L50_Ts180_Tr50p0_dT10_F1p2_LP30,0.5,180.0,50.0,10.0,1.2,0.3,S1,800,1201,340,307,0.425,0.38375,150.5498835299866,150.14142,0.2314899219747643,historical_extension
L50_Ts180_Tr50p0_dT10_F1p2_LP30,0.5,180.0,50.0,10.0,1.2,0.3,S2a,800,1201,345,322,0.43125,0.4025,157.84631535768352,157.47732,0.1678650623804482,historical_extension
L50_Ts180_Tr50p0_dT10_F1p2_LP30,0.5,180.0,50.0,10.0,1.2,0.3,S2b,800,1201,379,379,0.47375,0.47375,185.48978373418555,185.35374,0.2097026780609355,historical_extension
L50_Ts180_Tr50p0_dT10_F1p2_LP40,0.5,180.0,50.0,10.0,1.2,0.4,S1,800,1201,183,183,0.22875,0.22875,89.60231382397092,89.49798000000001,0.2363740374909062,historical_extension
L50_Ts180_Tr50p0_dT10_F1p2_LP40,0.5,180.0,50.0,10.0,1.2,0.4,S2a,800,1201,187,187,0.23375,0.23375,91.79434889106086,91.45422,0.1463734725832893,historical_extension
L50_Ts180_Tr50p0_dT10_F1p2_LP40,0.5,180.0,50.0,10.0,1.2,0.4,S2b,800,1201,205,205,0.25625,0.25625,100.48571962434072,100.2573,0.1656445766702566,historical_extension
L50_Ts180_Tr50p0_dT10_F1p2_LP45,0.5,180.0,50.0,10.0,1.2,0.45,S1,800,1201,104,104,0.13,0.13,51.13724003828384,50.86224,0.239485691731029,historical_extension
L50_Ts180_Tr50p0_dT10_F1p2_LP45,0.5,180.0,50.0,10.0,1.2,0.45,S2a,800,1201,108,108,0.135,0.135,53.29317674128019,52.81848,0.136757813754313,historical_extension
L50_Ts180_Tr50p0_dT10_F1p2_LP45,0.5,180.0,50.0,10.0,1.2,0.45,S2b,800,1201,118,118,0.1475,0.1475,57.9712377407845,57.70907999999999,0.1469045361313685,historical_extension
L50_Ts180_Tr50p0_dT15_F0p8_LP20,0.5,180.0,50.0,15.0,0.8,0.2,S1,800,1201,746,316,0.9325,0.395,103.14025162447064,103.02864,0.2352974313825093,historical_extension
L50_Ts180_Tr50p0_dT15_F0p8_LP20,0.5,180.0,50.0,15.0,0.8,0.2,S2a,800,1201,753,326,0.94125,0.4075,106.31448835457516,106.28904,0.1766382703115932,historical_extension
L50_Ts180_Tr50p0_dT15_F0p8_LP20,0.5,180.0,50.0,15.0,0.8,0.2,S2b,800,1201,800,494,1.0,0.6175,161.32058481987926,161.06376,0.2383574276644603,historical_extension
L50_Ts180_Tr50p0_dT15_F0p8_LP30,0.5,180.0,50.0,15.0,0.8,0.3,S1,800,1201,510,316,0.6375,0.395,103.14025162446876,103.02864,0.2352974313825093,historical_extension
L50_Ts180_Tr50p0_dT15_F0p8_LP30,0.5,180.0,50.0,15.0,0.8,0.3,S2a,800,1201,517,326,0.64625,0.4075,106.31448835477497,106.28904,0.1766382703115932,historical_extension
L50_Ts180_Tr50p0_dT15_F0p8_LP30,0.5,180.0,50.0,15.0,0.8,0.3,S2b,800,1201,568,494,0.71,0.6175,161.3205848200182,161.06376,0.2383574276644603,historical_extension
L50_Ts180_Tr50p0_dT15_F0p8_LP40,0.5,180.0,50.0,15.0,0.8,0.4,S1,800,1201,274,274,0.3425,0.3425,89.60231382397092,89.33496,0.2364002961764769,historical_extension
L50_Ts180_Tr50p0_dT15_F0p8_LP40,0.5,180.0,50.0,15.0,0.8,0.4,S2a,800,1201,281,281,0.35125,0.35125,91.79434889106086,91.61724,0.1711244822594869,historical_extension
L50_Ts180_Tr50p0_dT15_F0p8_LP40,0.5,180.0,50.0,15.0,0.8,0.4,S2b,800,1201,308,308,0.385,0.385,100.48571962434072,100.42032,0.2089109135796187,historical_extension
L50_Ts180_Tr50p0_dT15_F0p8_LP45,0.5,180.0,50.0,15.0,0.8,0.45,S1,800,1201,156,156,0.195,0.195,51.13724003828384,50.86224,0.2394988210738143,historical_extension
L50_Ts180_Tr50p0_dT15_F0p8_LP45,0.5,180.0,50.0,15.0,0.8,0.45,S2a,800,1201,163,163,0.20375,0.20375,53.29317674128019,53.14452,0.1497320895775388,historical_extension
L50_Ts180_Tr50p0_dT15_F0p8_LP45,0.5,180.0,50.0,15.0,0.8,0.45,S2b,800,1201,177,177,0.22125,0.22125,57.9712377407845,57.70907999999999,0.1690579084048017,historical_extension
L50_Ts180_Tr50p0_dT15_F1p0_LP20,0.5,180.0,50.0,15.0,1.0,0.2,S1,800,1201,597,300,0.74625,0.375,122.66377154017866,122.265,0.233741604262448,historical_extension
L50_Ts180_Tr50p0_dT15_F1p0_LP20,0.5,180.0,50.0,15.0,1.0,0.2,S2a,800,1201,603,310,0.75375,0.3875,126.57559149163154,126.3405,0.1763091697316083,historical_extension
L50_Ts180_Tr50p0_dT15_F1p0_LP20,0.5,180.0,50.0,15.0,1.0,0.2,S2b,800,1201,663,463,0.82875,0.57875,188.7895720740576,188.69565000000003,0.2373965782894791,historical_extension
L50_Ts180_Tr50p0_dT15_F1p0_LP30,0.5,180.0,50.0,15.0,1.0,0.3,S1,800,1201,408,300,0.51,0.375,122.66377154019212,122.265,0.233741604262448,historical_extension
L50_Ts180_Tr50p0_dT15_F1p0_LP30,0.5,180.0,50.0,15.0,1.0,0.3,S2a,800,1201,414,310,0.5175,0.3875,126.57559149168034,126.3405,0.1763091697316083,historical_extension
L50_Ts180_Tr50p0_dT15_F1p0_LP30,0.5,180.0,50.0,15.0,1.0,0.3,S2b,800,1201,455,455,0.56875,0.56875,185.48978373418555,185.43525,0.2364712916331194,historical_extension
L50_Ts180_Tr50p0_dT15_F1p0_LP40,0.5,180.0,50.0,15.0,1.0,0.4,S1,800,1201,219,219,0.27375,0.27375,89.60231382397092,89.25345000000002,0.2364002961764769,historical_extension
L50_Ts180_Tr50p0_dT15_F1p0_LP40,0.5,180.0,50.0,15.0,1.0,0.4,S2a,800,1201,225,225,0.28125,0.28125,91.79434889106086,91.69875,0.163835828291225,historical_extension
L50_Ts180_Tr50p0_dT15_F1p0_LP40,0.5,180.0,50.0,15.0,1.0,0.4,S2b,800,1201,246,246,0.3075,0.3075,100.48571962434072,100.2573,0.1958430572868303,historical_extension
L50_Ts180_Tr50p0_dT15_F1p0_LP45,0.5,180.0,50.0,15.0,1.0,0.45,S1,800,1201,125,125,0.15625,0.15625,51.13724003828384,50.94375,0.239485691731029,historical_extension
L50_Ts180_Tr50p0_dT15_F1p0_LP45,0.5,180.0,50.0,15.0,1.0,0.45,S2a,800,1201,130,130,0.1625,0.1625,53.29317674128019,52.9815,0.1430445822943611,historical_extension
L50_Ts180_Tr50p0_dT15_F1p0_LP45,0.5,180.0,50.0,15.0,1.0,0.45,S2b,800,1201,142,142,0.1775,0.1775,57.9712377407845,57.8721,0.1580061898139738,historical_extension
L50_Ts180_Tr50p0_dT15_F1p2_LP20,0.5,180.0,50.0,15.0,1.2,0.2,S1,800,1201,497,286,0.62125,0.3575,140.05139945546756,139.87116,0.2323170705702399,historical_extension
L50_Ts180_Tr50p0_dT15_F1p2_LP20,0.5,180.0,50.0,15.0,1.2,0.2,S2a,800,1201,502,294,0.6275,0.3675,144.26910317206438,143.78364,0.1759156655141489,historical_extension
L50_Ts180_Tr50p0_dT15_F1p2_LP20,0.5,180.0,50.0,15.0,1.2,0.2,S2b,800,1201,553,431,0.69125,0.53875,211.18428809226333,210.78486,0.2361484756670031,historical_extension
L50_Ts180_Tr50p0_dT15_F1p2_LP30,0.5,180.0,50.0,15.0,1.2,0.3,S1,800,1201,340,286,0.425,0.3575,140.05139945553435,139.87116,0.2323170705702399,historical_extension
L50_Ts180_Tr50p0_dT15_F1p2_LP30,0.5,180.0,50.0,15.0,1.2,0.3,S2a,800,1201,345,294,0.43125,0.3675,144.26910317198934,143.78364,0.1759156655141489,historical_extension
L50_Ts180_Tr50p0_dT15_F1p2_LP30,0.5,180.0,50.0,15.0,1.2,0.3,S2b,800,1201,379,379,0.47375,0.47375,185.48978373418555,185.35374,0.2288531555978009,historical_extension
L50_Ts180_Tr50p0_dT15_F1p2_LP40,0.5,180.0,50.0,15.0,1.2,0.4,S1,800,1201,183,183,0.22875,0.22875,89.60231382397092,89.49798000000001,0.2363740374909062,historical_extension
L50_Ts180_Tr50p0_dT15_F1p2_LP40,0.5,180.0,50.0,15.0,1.2,0.4,S2a,800,1201,187,187,0.23375,0.23375,91.79434889106086,91.45422,0.1576543997898394,historical_extension
L50_Ts180_Tr50p0_dT15_F1p2_LP40,0.5,180.0,50.0,15.0,1.2,0.4,S2b,800,1201,205,205,0.25625,0.25625,100.48571962434072,100.2573,0.1853142238570909,historical_extension
L50_Ts180_Tr50p0_dT15_F1p2_LP45,0.5,180.0,50.0,15.0,1.2,0.45,S1,800,1201,104,104,0.13,0.13,51.13724003828384,50.86224,0.239485691731029,historical_extension
L50_Ts180_Tr50p0_dT15_F1p2_LP45,0.5,180.0,50.0,15.0,1.2,0.45,S2a,800,1201,108,108,0.135,0.135,53.29317674128019,52.81848,0.13889575882954,historical_extension
L50_Ts180_Tr50p0_dT15_F1p2_LP45,0.5,180.0,50.0,15.0,1.2,0.45,S2b,800,1201,118,118,0.1475,0.1475,57.9712377407845,57.70907999999999,0.1506801226778854,historical_extension
L50_Ts180_Tr60p0_dT5_F0p8_LP20,0.5,180.0,60.0,5.0,0.8,0.2,S1,800,1201,800,342,1.0,0.4275,103.14025162451632,102.92832,0.2353075308769596,historical_extension
L50_Ts180_Tr60p0_dT5_F0p8_LP20,0.5,180.0,60.0,5.0,0.8,0.2,S2a,800,1201,800,353,1.0,0.44125,106.31448835475602,106.23888,0.1766129633800738,historical_extension
L50_Ts180_Tr60p0_dT5_F0p8_LP20,0.5,180.0,60.0,5.0,0.8,0.2,S2b,800,1201,800,536,1.0,0.67,161.32058481991578,161.31455999999997,0.2384287081714331,historical_extension
L50_Ts180_Tr60p0_dT5_F0p8_LP30,0.5,180.0,60.0,5.0,0.8,0.3,S1,800,1201,553,342,0.69125,0.4275,103.14025162446876,102.92832,0.2353075308769596,historical_extension
L50_Ts180_Tr60p0_dT5_F0p8_LP30,0.5,180.0,60.0,5.0,0.8,0.3,S2a,800,1201,560,353,0.7,0.44125,106.31448835477497,106.23888,0.1766129633800738,historical_extension
L50_Ts180_Tr60p0_dT5_F0p8_LP30,0.5,180.0,60.0,5.0,0.8,0.3,S2b,800,1201,616,536,0.77,0.67,161.3205848200182,161.31455999999997,0.2384287081714331,historical_extension
L50_Ts180_Tr60p0_dT5_F0p8_LP40,0.5,180.0,60.0,5.0,0.8,0.4,S1,800,1201,297,297,0.37125,0.37125,89.60231382397092,89.38511999999999,0.2363982762775869,historical_extension
L50_Ts180_Tr60p0_dT5_F0p8_LP40,0.5,180.0,60.0,5.0,0.8,0.4,S2a,800,1201,305,305,0.38125,0.38125,91.79434889106086,91.7928,0.1712213309827243,historical_extension
L50_Ts180_Tr60p0_dT5_F0p8_LP40,0.5,180.0,60.0,5.0,0.8,0.4,S2b,800,1201,333,333,0.41625,0.41625,100.48571962434072,100.21967999999998,0.208699859075905,historical_extension
L50_Ts180_Tr60p0_dT5_F0p8_LP45,0.5,180.0,60.0,5.0,0.8,0.45,S1,800,1201,169,169,0.21125,0.21125,51.13724003828384,50.86223999999999,0.2395008409727043,historical_extension
L50_Ts180_Tr60p0_dT5_F0p8_LP45,0.5,180.0,60.0,5.0,0.8,0.45,S2a,800,1201,177,177,0.22125,0.22125,53.29317674128019,53.26991999999999,0.149904233288429,historical_extension
L50_Ts180_Tr60p0_dT5_F0p8_LP45,0.5,180.0,60.0,5.0,0.8,0.45,S2b,800,1201,192,192,0.24,0.24,57.9712377407845,57.78431999999999,0.1691955497117823,historical_extension
L50_Ts180_Tr60p0_dT5_F1p0_LP20,0.5,180.0,60.0,5.0,1.0,0.2,S1,800,1201,647,326,0.80875,0.4075,122.66377154017866,122.64119999999998,0.2337138306527098,historical_extension
L50_Ts180_Tr60p0_dT5_F1p0_LP20,0.5,180.0,60.0,5.0,1.0,0.2,S2a,800,1201,653,336,0.81625,0.42,126.57559149163154,126.4032,0.1763175107903223,historical_extension
L50_Ts180_Tr60p0_dT5_F1p0_LP20,0.5,180.0,60.0,5.0,1.0,0.2,S2b,800,1201,719,501,0.89875,0.62625,188.7895720740576,188.4762,0.237321517743504,historical_extension
L50_Ts180_Tr60p0_dT5_F1p0_LP30,0.5,180.0,60.0,5.0,1.0,0.3,S1,800,1201,442,326,0.5525,0.4075,122.66377154019212,122.64119999999998,0.2337138306527098,historical_extension
L50_Ts180_Tr60p0_dT5_F1p0_LP30,0.5,180.0,60.0,5.0,1.0,0.3,S2a,800,1201,448,336,0.56,0.42,126.57559149168034,126.4032,0.1763175107903223,historical_extension
L50_Ts180_Tr60p0_dT5_F1p0_LP30,0.5,180.0,60.0,5.0,1.0,0.3,S2b,800,1201,493,493,0.61625,0.61625,185.48978373418555,185.4666,0.2364666587464987,historical_extension
L50_Ts180_Tr60p0_dT5_F1p0_LP40,0.5,180.0,60.0,5.0,1.0,0.4,S1,800,1201,238,238,0.2975,0.2975,89.60231382397092,89.53559999999999,0.2363800971875764,historical_extension
L50_Ts180_Tr60p0_dT5_F1p0_LP40,0.5,180.0,60.0,5.0,1.0,0.4,S2a,800,1201,244,244,0.305,0.305,91.79434889106086,91.7928,0.1638861112198358,historical_extension
L50_Ts180_Tr60p0_dT5_F1p0_LP40,0.5,180.0,60.0,5.0,1.0,0.4,S2b,800,1201,267,267,0.33375,0.33375,100.48571962434072,100.4454,0.1960168176996012,historical_extension
L50_Ts180_Tr60p0_dT5_F1p0_LP45,0.5,180.0,60.0,5.0,1.0,0.45,S1,800,1201,135,135,0.16875,0.16875,51.13724003828384,50.787,0.2395008409727043,historical_extension
L50_Ts180_Tr60p0_dT5_F1p0_LP45,0.5,180.0,60.0,5.0,1.0,0.45,S2a,800,1201,141,141,0.17625,0.17625,53.29317674128019,53.0442,0.1431148597382574,historical_extension
L50_Ts180_Tr60p0_dT5_F1p0_LP45,0.5,180.0,60.0,5.0,1.0,0.45,S2b,800,1201,154,154,0.1925,0.1925,57.9712377407845,57.9348,0.1581168769326815,historical_extension
L50_Ts180_Tr60p0_dT5_F1p2_LP20,0.5,180.0,60.0,5.0,1.2,0.2,S1,800,1201,539,310,0.67375,0.3875,140.05139945546756,139.94639999999998,0.2323140407219049,historical_extension
L50_Ts180_Tr60p0_dT5_F1p2_LP20,0.5,180.0,60.0,5.0,1.2,0.2,S2a,800,1201,544,319,0.68,0.39875,144.26910317206438,144.00936,0.1759626466822768,historical_extension
L50_Ts180_Tr60p0_dT5_F1p2_LP20,0.5,180.0,60.0,5.0,1.2,0.2,S2b,800,1201,599,467,0.74875,0.58375,211.18428809226333,210.82248,0.2361381238519184,historical_extension
L50_Ts180_Tr60p0_dT5_F1p2_LP30,0.5,180.0,60.0,5.0,1.2,0.3,S1,800,1201,368,310,0.46,0.3875,140.05139945553435,139.94639999999998,0.2323140407219049,historical_extension
L50_Ts180_Tr60p0_dT5_F1p2_LP30,0.5,180.0,60.0,5.0,1.2,0.3,S2a,800,1201,373,319,0.46625,0.39875,144.26910317198934,144.00936,0.1759626466822768,historical_extension
L50_Ts180_Tr60p0_dT5_F1p2_LP30,0.5,180.0,60.0,5.0,1.2,0.3,S2b,800,1201,410,410,0.5125,0.5125,185.48978373418555,185.0904,0.228743067932931,historical_extension
L50_Ts180_Tr60p0_dT5_F1p2_LP40,0.5,180.0,60.0,5.0,1.2,0.4,S1,800,1201,198,198,0.2475,0.2475,89.60231382397092,89.38511999999999,0.2363861568842466,historical_extension
L50_Ts180_Tr60p0_dT5_F1p2_LP40,0.5,180.0,60.0,5.0,1.2,0.4,S2a,800,1201,203,203,0.25375,0.25375,91.79434889106086,91.64232,0.157779039863173,historical_extension
L50_Ts180_Tr60p0_dT5_F1p2_LP40,0.5,180.0,60.0,5.0,1.2,0.4,S2b,800,1201,222,222,0.2775,0.2775,100.48571962434072,100.21967999999998,0.1852351357461837,historical_extension
L50_Ts180_Tr60p0_dT5_F1p2_LP45,0.5,180.0,60.0,5.0,1.2,0.45,S1,800,1201,113,113,0.14125,0.14125,51.13724003828384,51.01272,0.2394766021860238,historical_extension
L50_Ts180_Tr60p0_dT5_F1p2_LP45,0.5,180.0,60.0,5.0,1.2,0.45,S2a,800,1201,118,118,0.1475,0.1475,53.29317674128019,53.26992,0.1396378791894138,historical_extension
L50_Ts180_Tr60p0_dT5_F1p2_LP45,0.5,180.0,60.0,5.0,1.2,0.45,S2b,800,1201,128,128,0.16,0.16,57.9712377407845,57.78432,0.1508381595777078,historical_extension
L50_Ts180_Tr60p0_dT10_F0p8_LP20,0.5,180.0,60.0,10.0,0.8,0.2,S1,800,1201,800,315,1.0,0.39375,95.082554955567,94.8024,0.235961978117336,historical_extension
L50_Ts180_Tr60p0_dT10_F0p8_LP20,0.5,180.0,60.0,10.0,0.8,0.2,S2a,800,1201,800,321,1.0,0.40125,96.70550411161322,96.60815999999998,0.1873877626725424,historical_extension
L50_Ts180_Tr60p0_dT10_F0p8_LP20,0.5,180.0,60.0,10.0,0.8,0.2,S2b,800,1201,800,504,1.0,0.63,151.863566061004,151.68383999999998,0.2563597369533084,historical_extension
L50_Ts180_Tr60p0_dT10_F0p8_LP30,0.5,180.0,60.0,10.0,0.8,0.3,S1,800,1201,553,315,0.69125,0.39375,95.0825549556167,94.8024,0.235961978117336,historical_extension
L50_Ts180_Tr60p0_dT10_F0p8_LP30,0.5,180.0,60.0,10.0,0.8,0.3,S2a,800,1201,560,321,0.7,0.40125,96.70550411170407,96.60815999999998,0.1873877626725424,historical_extension
L50_Ts180_Tr60p0_dT10_F0p8_LP30,0.5,180.0,60.0,10.0,0.8,0.3,S2b,800,1201,616,504,0.77,0.63,151.86356606095154,151.68383999999998,0.2563597369533084,historical_extension
L50_Ts180_Tr60p0_dT10_F0p8_LP40,0.5,180.0,60.0,10.0,0.8,0.4,S1,800,1201,297,297,0.37125,0.37125,89.60231382397092,89.38511999999999,0.2363982762775869,historical_extension
L50_Ts180_Tr60p0_dT10_F0p8_LP40,0.5,180.0,60.0,10.0,0.8,0.4,S2a,800,1201,305,305,0.38125,0.38125,91.79434889106086,91.7928,0.1857067393739115,historical_extension
L50_Ts180_Tr60p0_dT10_F0p8_LP40,0.5,180.0,60.0,10.0,0.8,0.4,S2b,800,1201,333,333,0.41625,0.41625,100.48571962434072,100.21967999999998,0.2342451040044671,historical_extension
L50_Ts180_Tr60p0_dT10_F0p8_LP45,0.5,180.0,60.0,10.0,0.8,0.45,S1,800,1201,169,169,0.21125,0.21125,51.13724003828384,50.86223999999999,0.2395008409727043,historical_extension
L50_Ts180_Tr60p0_dT10_F0p8_LP45,0.5,180.0,60.0,10.0,0.8,0.45,S2a,800,1201,177,177,0.22125,0.22125,53.29317674128019,53.26991999999999,0.1647382417874845,historical_extension
L50_Ts180_Tr60p0_dT10_F0p8_LP45,0.5,180.0,60.0,10.0,0.8,0.45,S2b,800,1201,192,192,0.24,0.24,57.9712377407845,57.78431999999999,0.1956442719329444,historical_extension
L50_Ts180_Tr60p0_dT10_F1p0_LP20,0.5,180.0,60.0,10.0,1.0,0.2,S1,800,1201,647,300,0.80875,0.375,113.20841475371398,112.86,0.2345015912198295,historical_extension
L50_Ts180_Tr60p0_dT10_F1p0_LP20,0.5,180.0,60.0,10.0,1.0,0.2,S2a,800,1201,653,305,0.81625,0.38125,114.8579261547642,114.741,0.187307894967255,historical_extension
L50_Ts180_Tr60p0_dT10_F1p0_LP20,0.5,180.0,60.0,10.0,1.0,0.2,S2b,800,1201,719,474,0.89875,0.5925,178.37540530855296,178.31879999999998,0.2558464313726781,historical_extension
L50_Ts180_Tr60p0_dT10_F1p0_LP30,0.5,180.0,60.0,10.0,1.0,0.3,S1,800,1201,442,300,0.5525,0.375,113.2084147537833,112.86,0.2345015912198295,historical_extension
L50_Ts180_Tr60p0_dT10_F1p0_LP30,0.5,180.0,60.0,10.0,1.0,0.3,S2a,800,1201,448,305,0.56,0.38125,114.85792615484075,114.741,0.187307894967255,historical_extension
L50_Ts180_Tr60p0_dT10_F1p0_LP30,0.5,180.0,60.0,10.0,1.0,0.3,S2b,800,1201,493,474,0.61625,0.5925,178.3754053084943,178.31879999999998,0.2558464313726781,historical_extension
L50_Ts180_Tr60p0_dT10_F1p0_LP40,0.5,180.0,60.0,10.0,1.0,0.4,S1,800,1201,238,238,0.2975,0.2975,89.60231382397092,89.53559999999999,0.2363800971875764,historical_extension
L50_Ts180_Tr60p0_dT10_F1p0_LP40,0.5,180.0,60.0,10.0,1.0,0.4,S2a,800,1201,244,244,0.305,0.305,91.79434889106086,91.7928,0.1794006002407777,historical_extension
L50_Ts180_Tr60p0_dT10_F1p0_LP40,0.5,180.0,60.0,10.0,1.0,0.4,S2b,800,1201,267,267,0.33375,0.33375,100.48571962434072,100.4454,0.2232844417631884,historical_extension
L50_Ts180_Tr60p0_dT10_F1p0_LP45,0.5,180.0,60.0,10.0,1.0,0.45,S1,800,1201,135,135,0.16875,0.16875,51.13724003828384,50.787,0.2395008409727043,historical_extension
L50_Ts180_Tr60p0_dT10_F1p0_LP45,0.5,180.0,60.0,10.0,1.0,0.45,S2a,800,1201,141,141,0.17625,0.17625,53.29317674128019,53.0442,0.1568616475947216,historical_extension
L50_Ts180_Tr60p0_dT10_F1p0_LP45,0.5,180.0,60.0,10.0,1.0,0.45,S2b,800,1201,154,154,0.1925,0.1925,57.9712377407845,57.9348,0.1824760920951546,historical_extension
L50_Ts180_Tr60p0_dT10_F1p2_LP20,0.5,180.0,60.0,10.0,1.2,0.2,S1,800,1201,539,286,0.67375,0.3575,129.4246417188498,129.11184,0.2331866370424066,historical_extension
L50_Ts180_Tr60p0_dT10_F1p2_LP20,0.5,180.0,60.0,10.0,1.2,0.2,S2a,800,1201,544,289,0.68,0.36125,130.63485321604864,130.46616,0.187148353025784,historical_extension
L50_Ts180_Tr60p0_dT10_F1p2_LP20,0.5,180.0,60.0,10.0,1.2,0.2,S2b,800,1201,599,446,0.74875,0.5575,201.5332077911769,201.34224,0.2549633107287632,historical_extension
L50_Ts180_Tr60p0_dT10_F1p2_LP30,0.5,180.0,60.0,10.0,1.2,0.3,S1,800,1201,368,286,0.46,0.3575,129.42464171892664,129.11184,0.2331866370424066,historical_extension
L50_Ts180_Tr60p0_dT10_F1p2_LP30,0.5,180.0,60.0,10.0,1.2,0.3,S2a,800,1201,373,289,0.46625,0.36125,130.63485321605935,130.46616,0.187148353025784,historical_extension
L50_Ts180_Tr60p0_dT10_F1p2_LP30,0.5,180.0,60.0,10.0,1.2,0.3,S2b,800,1201,410,398,0.5125,0.4975,179.88764051437306,179.67311999999998,0.2502913061546725,historical_extension
L50_Ts180_Tr60p0_dT10_F1p2_LP40,0.5,180.0,60.0,10.0,1.2,0.4,S1,800,1201,198,198,0.2475,0.2475,89.60231382397092,89.38511999999999,0.2363861568842466,historical_extension
L50_Ts180_Tr60p0_dT10_F1p2_LP40,0.5,180.0,60.0,10.0,1.2,0.4,S2a,800,1201,203,203,0.25375,0.25375,91.79434889106086,91.64232,0.1739484850373304,historical_extension
L50_Ts180_Tr60p0_dT10_F1p2_LP40,0.5,180.0,60.0,10.0,1.2,0.4,S2b,800,1201,222,222,0.2775,0.2775,100.48571962434072,100.21967999999998,0.2136438954389683,historical_extension
L50_Ts180_Tr60p0_dT10_F1p2_LP45,0.5,180.0,60.0,10.0,1.2,0.45,S1,800,1201,113,113,0.14125,0.14125,51.13724003828384,51.01272,0.2394766021860238,historical_extension
L50_Ts180_Tr60p0_dT10_F1p2_LP45,0.5,180.0,60.0,10.0,1.2,0.45,S2a,800,1201,118,118,0.1475,0.1475,53.29317674128019,53.26992,0.1513217429132788,historical_extension
L50_Ts180_Tr60p0_dT10_F1p2_LP45,0.5,180.0,60.0,10.0,1.2,0.45,S2b,800,1201,128,128,0.16,0.16,57.9712377407845,57.78432,0.171710555028189,historical_extension
L50_Ts180_Tr60p0_dT15_F0p8_LP20,0.5,180.0,60.0,15.0,0.8,0.2,S1,800,1201,800,289,1.0,0.36125,86.98454201897349,86.97743999999999,0.2365921865710317,historical_extension
L50_Ts180_Tr60p0_dT15_F0p8_LP20,0.5,180.0,60.0,15.0,0.8,0.2,S2a,800,1201,800,289,1.0,0.36125,87.10159813458935,86.97743999999999,0.2034235335512259,historical_extension
L50_Ts180_Tr60p0_dT15_F0p8_LP20,0.5,180.0,60.0,15.0,0.8,0.2,S2b,800,1201,800,477,1.0,0.59625,143.822078282985,143.55791999999997,0.2799411585526473,historical_extension
L50_Ts180_Tr60p0_dT15_F0p8_LP30,0.5,180.0,60.0,15.0,0.8,0.3,S1,800,1201,553,289,0.69125,0.36125,86.98454201894003,86.97743999999999,0.2365921865710317,historical_extension
L50_Ts180_Tr60p0_dT15_F0p8_LP30,0.5,180.0,60.0,15.0,0.8,0.3,S2a,800,1201,560,289,0.7,0.36125,87.10159813457514,86.97743999999999,0.2034235335512259,historical_extension
L50_Ts180_Tr60p0_dT15_F0p8_LP30,0.5,180.0,60.0,15.0,0.8,0.3,S2b,800,1201,616,477,0.77,0.59625,143.82207828292354,143.55791999999997,0.2799411585526473,historical_extension
L50_Ts180_Tr60p0_dT15_F0p8_LP40,0.5,180.0,60.0,15.0,0.8,0.4,S1,800,1201,297,289,0.37125,0.36125,86.98454201903367,86.97743999999999,0.2365921865710317,historical_extension
L50_Ts180_Tr60p0_dT15_F0p8_LP40,0.5,180.0,60.0,15.0,0.8,0.4,S2a,800,1201,305,289,0.38125,0.36125,87.10159813454598,86.97743999999999,0.2034235335512259,historical_extension
L50_Ts180_Tr60p0_dT15_F0p8_LP40,0.5,180.0,60.0,15.0,0.8,0.4,S2b,800,1201,333,318,0.41625,0.3975,95.74649925663304,95.70528,0.2657113489736779,historical_extension
L50_Ts180_Tr60p0_dT15_F0p8_LP45,0.5,180.0,60.0,15.0,0.8,0.45,S1,800,1201,169,169,0.21125,0.21125,51.13724003828384,50.86223999999999,0.2395008409727043,historical_extension
L50_Ts180_Tr60p0_dT15_F0p8_LP45,0.5,180.0,60.0,15.0,0.8,0.45,S2a,800,1201,177,177,0.22125,0.22125,53.29317674128019,53.26991999999999,0.1881064347361904,historical_extension
L50_Ts180_Tr60p0_dT15_F0p8_LP45,0.5,180.0,60.0,15.0,0.8,0.45,S2b,800,1201,192,192,0.24,0.24,57.9712377407845,57.78431999999999,0.2372083313306089,historical_extension
L50_Ts180_Tr60p0_dT15_F1p0_LP20,0.5,180.0,60.0,15.0,1.0,0.2,S1,800,1201,647,275,0.80875,0.34375,103.67823520626592,103.455,0.2352590533035984,historical_extension
L50_Ts180_Tr60p0_dT15_F1p0_LP20,0.5,180.0,60.0,15.0,1.0,0.2,S2a,800,1201,653,275,0.81625,0.34375,103.67823520626592,103.455,0.2036736039443943,historical_extension
L50_Ts180_Tr60p0_dT15_F1p0_LP20,0.5,180.0,60.0,15.0,1.0,0.2,S2b,800,1201,719,450,0.89875,0.5625,169.56012229179635,169.29,0.2787561587012663,historical_extension
L50_Ts180_Tr60p0_dT15_F1p0_LP30,0.5,180.0,60.0,15.0,1.0,0.3,S1,800,1201,442,275,0.5525,0.34375,103.67823520636438,103.455,0.2352590533035984,historical_extension
L50_Ts180_Tr60p0_dT15_F1p0_LP30,0.5,180.0,60.0,15.0,1.0,0.3,S2a,800,1201,448,275,0.56,0.34375,103.67823520636438,103.455,0.2036736039443943,historical_extension
L50_Ts180_Tr60p0_dT15_F1p0_LP30,0.5,180.0,60.0,15.0,1.0,0.3,S2b,800,1201,493,450,0.61625,0.5625,169.56012229193945,169.29,0.2787561587012663,historical_extension
L50_Ts180_Tr60p0_dT15_F1p0_LP40,0.5,180.0,60.0,15.0,1.0,0.4,S1,800,1201,238,238,0.2975,0.2975,89.60231382397092,89.53559999999999,0.2363800971875764,historical_extension
L50_Ts180_Tr60p0_dT15_F1p0_LP40,0.5,180.0,60.0,15.0,1.0,0.4,S2a,800,1201,244,238,0.305,0.2975,89.89841872653602,89.53559999999999,0.1998860294335976,historical_extension
L50_Ts180_Tr60p0_dT15_F1p0_LP40,0.5,180.0,60.0,15.0,1.0,0.4,S2b,800,1201,267,254,0.33375,0.3175,95.8998190863266,95.5548,0.2579338497625546,historical_extension
L50_Ts180_Tr60p0_dT15_F1p0_LP45,0.5,180.0,60.0,15.0,1.0,0.45,S1,800,1201,135,135,0.16875,0.16875,51.13724003828384,50.787,0.2395008409727043,historical_extension
L50_Ts180_Tr60p0_dT15_F1p0_LP45,0.5,180.0,60.0,15.0,1.0,0.45,S2a,800,1201,141,141,0.17625,0.17625,53.29317674128019,53.0442,0.1814923285931931,historical_extension
L50_Ts180_Tr60p0_dT15_F1p0_LP45,0.5,180.0,60.0,15.0,1.0,0.45,S2b,800,1201,154,154,0.1925,0.1925,57.9712377407845,57.9348,0.2260067598755727,historical_extension
L50_Ts180_Tr60p0_dT15_F1p2_LP20,0.5,180.0,60.0,15.0,1.2,0.2,S1,800,1201,539,262,0.67375,0.3275,118.67640423892108,118.27728,0.2340592333629085,historical_extension
L50_Ts180_Tr60p0_dT15_F1p2_LP20,0.5,180.0,60.0,15.0,1.2,0.2,S2a,800,1201,544,262,0.68,0.3275,118.67640423892108,118.27728,0.2036397809558242,historical_extension
L50_Ts180_Tr60p0_dT15_F1p2_LP20,0.5,180.0,60.0,15.0,1.2,0.2,S2b,800,1201,599,424,0.74875,0.53,191.85989647227723,191.41056,0.2773874723061076,historical_extension
L50_Ts180_Tr60p0_dT15_F1p2_LP30,0.5,180.0,60.0,15.0,1.2,0.3,S1,800,1201,368,262,0.46,0.3275,118.67640423898726,118.27728,0.2340592333629085,historical_extension
L50_Ts180_Tr60p0_dT15_F1p2_LP30,0.5,180.0,60.0,15.0,1.2,0.3,S2a,800,1201,373,262,0.46625,0.3275,118.67640423898726,118.27728,0.2036397809558242,historical_extension
L50_Ts180_Tr60p0_dT15_F1p2_LP30,0.5,180.0,60.0,15.0,1.2,0.3,S2b,800,1201,410,398,0.5125,0.4975,179.88764051437306,179.67311999999998,0.2762542210482591,historical_extension
L50_Ts180_Tr60p0_dT15_F1p2_LP40,0.5,180.0,60.0,15.0,1.2,0.4,S1,800,1201,198,198,0.2475,0.2475,89.60231382397092,89.38511999999999,0.2363861568842466,historical_extension
L50_Ts180_Tr60p0_dT15_F1p2_LP40,0.5,180.0,60.0,15.0,1.2,0.4,S2a,800,1201,203,199,0.25375,0.24875,89.89841872653602,89.83655999999999,0.1963017845256123,historical_extension
L50_Ts180_Tr60p0_dT15_F1p2_LP40,0.5,180.0,60.0,15.0,1.2,0.4,S2b,800,1201,222,212,0.2775,0.265,96.05363072872726,95.70528,0.2513517463700368,historical_extension
L50_Ts180_Tr60p0_dT15_F1p2_LP45,0.5,180.0,60.0,15.0,1.2,0.45,S1,800,1201,113,113,0.14125,0.14125,51.13724003828384,51.01272,0.2394766021860238,historical_extension
L50_Ts180_Tr60p0_dT15_F1p2_LP45,0.5,180.0,60.0,15.0,1.2,0.45,S2a,800,1201,118,118,0.1475,0.1475,53.29317674128019,53.26992,0.176271333238509,historical_extension
L50_Ts180_Tr60p0_dT15_F1p2_LP45,0.5,180.0,60.0,15.0,1.2,0.45,S2b,800,1201,128,128,0.16,0.16,57.9712377407845,57.78432,0.2161118860311089,historical_extension
L75_Ts120_Tr35p0_dT5_F0p8_LP20,0.75,120.0,35.0,5.0,0.8,0.2,S1,800,1201,800,800,1.0,1.0,170.54399999984486,170.54399999999998,0.24373552178563,historical_extension
L75_Ts120_Tr35p0_dT5_F0p8_LP20,0.75,120.0,35.0,5.0,0.8,0.2,S2a,800,1201,800,800,1.0,1.0,170.54399999984486,170.54399999999998,0.1522638537706633,historical_extension
L75_Ts120_Tr35p0_dT5_F0p8_LP20,0.75,120.0,35.0,5.0,0.8,0.2,S2b,800,1201,800,800,1.0,1.0,170.54399999984486,170.54399999999998,0.164117923302816,historical_extension
L75_Ts120_Tr35p0_dT5_F0p8_LP30,0.75,120.0,35.0,5.0,0.8,0.3,S1,800,1201,800,800,1.0,1.0,170.54399999984486,170.54399999999998,0.24373552178563,historical_extension
L75_Ts120_Tr35p0_dT5_F0p8_LP30,0.75,120.0,35.0,5.0,0.8,0.3,S2a,800,1201,800,800,1.0,1.0,170.54399999984486,170.54399999999998,0.1522638537706633,historical_extension
L75_Ts120_Tr35p0_dT5_F0p8_LP30,0.75,120.0,35.0,5.0,0.8,0.3,S2b,800,1201,800,800,1.0,1.0,170.54399999984486,170.54399999999998,0.164117923302816,historical_extension
L75_Ts120_Tr35p0_dT5_F0p8_LP40,0.75,120.0,35.0,5.0,0.8,0.4,S1,800,1201,800,800,1.0,1.0,170.54399999984486,170.54399999999998,0.24373552178563,historical_extension
L75_Ts120_Tr35p0_dT5_F0p8_LP40,0.75,120.0,35.0,5.0,0.8,0.4,S2a,800,1201,800,800,1.0,1.0,170.54399999984486,170.54399999999998,0.1522638537706633,historical_extension
L75_Ts120_Tr35p0_dT5_F0p8_LP40,0.75,120.0,35.0,5.0,0.8,0.4,S2b,800,1201,800,800,1.0,1.0,170.54399999984486,170.54399999999998,0.164117923302816,historical_extension
L75_Ts120_Tr35p0_dT5_F0p8_LP45,0.75,120.0,35.0,5.0,0.8,0.45,S1,800,1201,800,800,1.0,1.0,170.54399999984486,170.54399999999998,0.24373552178563,historical_extension
L75_Ts120_Tr35p0_dT5_F0p8_LP45,0.75,120.0,35.0,5.0,0.8,0.45,S2a,800,1201,800,800,1.0,1.0,170.54399999984486,170.54399999999998,0.1522638537706633,historical_extension
L75_Ts120_Tr35p0_dT5_F0p8_LP45,0.75,120.0,35.0,5.0,0.8,0.45,S2b,800,1201,800,800,1.0,1.0,170.54399999984486,170.54399999999998,0.164117923302816,historical_extension
L75_Ts120_Tr35p0_dT5_F1p0_LP20,0.75,120.0,35.0,5.0,1.0,0.2,S1,800,1201,800,792,1.0,0.99,211.30705340177693,211.0482,0.241668511376881,historical_extension
L75_Ts120_Tr35p0_dT5_F1p0_LP20,0.75,120.0,35.0,5.0,1.0,0.2,S2a,800,1201,800,800,1.0,1.0,213.1799999998061,213.18,0.1527730612209923,historical_extension
L75_Ts120_Tr35p0_dT5_F1p0_LP20,0.75,120.0,35.0,5.0,1.0,0.2,S2b,800,1201,800,800,1.0,1.0,213.1799999998061,213.18,0.1657060016523259,historical_extension
L75_Ts120_Tr35p0_dT5_F1p0_LP30,0.75,120.0,35.0,5.0,1.0,0.3,S1,800,1201,800,792,1.0,0.99,211.30705340177693,211.0482,0.241668511376881,historical_extension
L75_Ts120_Tr35p0_dT5_F1p0_LP30,0.75,120.0,35.0,5.0,1.0,0.3,S2a,800,1201,800,800,1.0,1.0,213.1799999998061,213.18,0.1527730612209923,historical_extension
L75_Ts120_Tr35p0_dT5_F1p0_LP30,0.75,120.0,35.0,5.0,1.0,0.3,S2b,800,1201,800,800,1.0,1.0,213.1799999998061,213.18,0.1657060016523259,historical_extension
L75_Ts120_Tr35p0_dT5_F1p0_LP40,0.75,120.0,35.0,5.0,1.0,0.4,S1,800,1201,800,792,1.0,0.99,211.30705340177693,211.0482,0.241668511376881,historical_extension
L75_Ts120_Tr35p0_dT5_F1p0_LP40,0.75,120.0,35.0,5.0,1.0,0.4,S2a,800,1201,800,800,1.0,1.0,213.1799999998061,213.18,0.1527730612209923,historical_extension
L75_Ts120_Tr35p0_dT5_F1p0_LP40,0.75,120.0,35.0,5.0,1.0,0.4,S2b,800,1201,800,800,1.0,1.0,213.1799999998061,213.18,0.1657060016523259,historical_extension
L75_Ts120_Tr35p0_dT5_F1p0_LP45,0.75,120.0,35.0,5.0,1.0,0.45,S1,800,1201,800,792,1.0,0.99,211.30705340177693,211.0482,0.241668511376881,historical_extension
L75_Ts120_Tr35p0_dT5_F1p0_LP45,0.75,120.0,35.0,5.0,1.0,0.45,S2a,800,1201,800,800,1.0,1.0,213.1799999998061,213.18,0.1527730612209923,historical_extension
L75_Ts120_Tr35p0_dT5_F1p0_LP45,0.75,120.0,35.0,5.0,1.0,0.45,S2b,800,1201,800,800,1.0,1.0,213.1799999998061,213.18,0.1657060016523259,historical_extension
L75_Ts120_Tr35p0_dT5_F1p2_LP20,0.75,120.0,35.0,5.0,1.2,0.2,S1,800,1201,800,760,1.0,0.95,243.25511451863247,243.0252,0.2400360892275272,historical_extension
L75_Ts120_Tr35p0_dT5_F1p2_LP20,0.75,120.0,35.0,5.0,1.2,0.2,S2a,800,1201,800,800,1.0,1.0,255.8159999997673,255.816,0.1534611977215627,historical_extension
L75_Ts120_Tr35p0_dT5_F1p2_LP20,0.75,120.0,35.0,5.0,1.2,0.2,S2b,800,1201,800,800,1.0,1.0,255.8159999997673,255.816,0.1675278155867948,historical_extension
L75_Ts120_Tr35p0_dT5_F1p2_LP30,0.75,120.0,35.0,5.0,1.2,0.3,S1,800,1201,800,760,1.0,0.95,243.25511451863247,243.0252,0.2400360892275272,historical_extension
L75_Ts120_Tr35p0_dT5_F1p2_LP30,0.75,120.0,35.0,5.0,1.2,0.3,S2a,800,1201,800,800,1.0,1.0,255.8159999997673,255.816,0.1534611977215627,historical_extension
L75_Ts120_Tr35p0_dT5_F1p2_LP30,0.75,120.0,35.0,5.0,1.2,0.3,S2b,800,1201,800,800,1.0,1.0,255.8159999997673,255.816,0.1675278155867948,historical_extension
L75_Ts120_Tr35p0_dT5_F1p2_LP40,0.75,120.0,35.0,5.0,1.2,0.4,S1,800,1201,800,760,1.0,0.95,243.25511451863247,243.0252,0.2400360892275272,historical_extension
L75_Ts120_Tr35p0_dT5_F1p2_LP40,0.75,120.0,35.0,5.0,1.2,0.4,S2a,800,1201,800,800,1.0,1.0,255.8159999997673,255.816,0.1534611977215627,historical_extension
L75_Ts120_Tr35p0_dT5_F1p2_LP40,0.75,120.0,35.0,5.0,1.2,0.4,S2b,800,1201,800,800,1.0,1.0,255.8159999997673,255.816,0.1675278155867948,historical_extension
L75_Ts120_Tr35p0_dT5_F1p2_LP45,0.75,120.0,35.0,5.0,1.2,0.45,S1,800,1201,747,747,0.93375,0.93375,238.8769345397216,238.86819,0.2402479510039825,historical_extension
L75_Ts120_Tr35p0_dT5_F1p2_LP45,0.75,120.0,35.0,5.0,1.2,0.45,S2a,800,1201,753,753,0.94125,0.94125,240.82293047969688,240.78681,0.1519662177376123,historical_extension
L75_Ts120_Tr35p0_dT5_F1p2_LP45,0.75,120.0,35.0,5.0,1.2,0.45,S2b,800,1201,800,800,1.0,1.0,255.8159999997673,255.816,0.1683528138902483,historical_extension
L75_Ts120_Tr35p0_dT10_F0p8_LP20,0.75,120.0,35.0,10.0,0.8,0.2,S1,800,1201,800,786,1.0,0.9825,167.56046805247507,167.55947999999998,0.2438876276764184,historical_extension
L75_Ts120_Tr35p0_dT10_F0p8_LP20,0.75,120.0,35.0,10.0,0.8,0.2,S2a,800,1201,800,800,1.0,1.0,170.54399999984486,170.54399999999998,0.1565960455357567,historical_extension
L75_Ts120_Tr35p0_dT10_F0p8_LP20,0.75,120.0,35.0,10.0,0.8,0.2,S2b,800,1201,800,800,1.0,1.0,170.54399999984486,170.54399999999998,0.1717435659330612,historical_extension
L75_Ts120_Tr35p0_dT10_F0p8_LP30,0.75,120.0,35.0,10.0,0.8,0.3,S1,800,1201,800,786,1.0,0.9825,167.56046805247507,167.55947999999998,0.2438876276764184,historical_extension
L75_Ts120_Tr35p0_dT10_F0p8_LP30,0.75,120.0,35.0,10.0,0.8,0.3,S2a,800,1201,800,800,1.0,1.0,170.54399999984486,170.54399999999998,0.1565960455357567,historical_extension
L75_Ts120_Tr35p0_dT10_F0p8_LP30,0.75,120.0,35.0,10.0,0.8,0.3,S2b,800,1201,800,800,1.0,1.0,170.54399999984486,170.54399999999998,0.1717435659330612,historical_extension
L75_Ts120_Tr35p0_dT10_F0p8_LP40,0.75,120.0,35.0,10.0,0.8,0.4,S1,800,1201,800,786,1.0,0.9825,167.56046805247507,167.55947999999998,0.2438876276764184,historical_extension
L75_Ts120_Tr35p0_dT10_F0p8_LP40,0.75,120.0,35.0,10.0,0.8,0.4,S2a,800,1201,800,800,1.0,1.0,170.54399999984486,170.54399999999998,0.1565960455357567,historical_extension
L75_Ts120_Tr35p0_dT10_F0p8_LP40,0.75,120.0,35.0,10.0,0.8,0.4,S2b,800,1201,800,800,1.0,1.0,170.54399999984486,170.54399999999998,0.1717435659330612,historical_extension
L75_Ts120_Tr35p0_dT10_F0p8_LP45,0.75,120.0,35.0,10.0,0.8,0.45,S1,800,1201,800,786,1.0,0.9825,167.56046805247507,167.55947999999998,0.2438876276764184,historical_extension
L75_Ts120_Tr35p0_dT10_F0p8_LP45,0.75,120.0,35.0,10.0,0.8,0.45,S2a,800,1201,800,800,1.0,1.0,170.54399999984486,170.54399999999998,0.1565960455357567,historical_extension
L75_Ts120_Tr35p0_dT10_F0p8_LP45,0.75,120.0,35.0,10.0,0.8,0.45,S2b,800,1201,800,800,1.0,1.0,170.54399999984486,170.54399999999998,0.1717435659330612,historical_extension
L75_Ts120_Tr35p0_dT10_F1p0_LP20,0.75,120.0,35.0,10.0,1.0,0.2,S1,800,1201,800,755,1.0,0.94375,201.31017833673891,201.188625,0.2421710040518068,historical_extension
L75_Ts120_Tr35p0_dT10_F1p0_LP20,0.75,120.0,35.0,10.0,1.0,0.2,S2a,800,1201,800,800,1.0,1.0,213.1799999998061,213.18,0.157264291624134,historical_extension
L75_Ts120_Tr35p0_dT10_F1p0_LP20,0.75,120.0,35.0,10.0,1.0,0.2,S2b,800,1201,800,800,1.0,1.0,213.1799999998061,213.18,0.1735559100076594,historical_extension
L75_Ts120_Tr35p0_dT10_F1p0_LP30,0.75,120.0,35.0,10.0,1.0,0.3,S1,800,1201,800,755,1.0,0.94375,201.31017833673891,201.188625,0.2421710040518068,historical_extension
L75_Ts120_Tr35p0_dT10_F1p0_LP30,0.75,120.0,35.0,10.0,1.0,0.3,S2a,800,1201,800,800,1.0,1.0,213.1799999998061,213.18,0.157264291624134,historical_extension
L75_Ts120_Tr35p0_dT10_F1p0_LP30,0.75,120.0,35.0,10.0,1.0,0.3,S2b,800,1201,800,800,1.0,1.0,213.1799999998061,213.18,0.1735559100076594,historical_extension
L75_Ts120_Tr35p0_dT10_F1p0_LP40,0.75,120.0,35.0,10.0,1.0,0.4,S1,800,1201,800,755,1.0,0.94375,201.31017833673891,201.188625,0.2421710040518068,historical_extension
L75_Ts120_Tr35p0_dT10_F1p0_LP40,0.75,120.0,35.0,10.0,1.0,0.4,S2a,800,1201,800,800,1.0,1.0,213.1799999998061,213.18,0.157264291624134,historical_extension
L75_Ts120_Tr35p0_dT10_F1p0_LP40,0.75,120.0,35.0,10.0,1.0,0.4,S2b,800,1201,800,800,1.0,1.0,213.1799999998061,213.18,0.1735559100076594,historical_extension
L75_Ts120_Tr35p0_dT10_F1p0_LP45,0.75,120.0,35.0,10.0,1.0,0.45,S1,800,1201,800,755,1.0,0.94375,201.31017833673891,201.188625,0.2421710040518068,historical_extension
L75_Ts120_Tr35p0_dT10_F1p0_LP45,0.75,120.0,35.0,10.0,1.0,0.45,S2a,800,1201,800,800,1.0,1.0,213.1799999998061,213.18,0.157264291624134,historical_extension
L75_Ts120_Tr35p0_dT10_F1p0_LP45,0.75,120.0,35.0,10.0,1.0,0.45,S2b,800,1201,800,800,1.0,1.0,213.1799999998061,213.18,0.1735559100076594,historical_extension
L75_Ts120_Tr35p0_dT10_F1p2_LP20,0.75,120.0,35.0,10.0,1.2,0.2,S1,800,1201,800,725,1.0,0.90625,231.9578016653853,231.83325,0.2406064863179836,historical_extension
L75_Ts120_Tr35p0_dT10_F1p2_LP20,0.75,120.0,35.0,10.0,1.2,0.2,S2a,800,1201,800,788,1.0,0.985,252.2302312153209,251.97876,0.157462025035757,historical_extension
L75_Ts120_Tr35p0_dT10_F1p2_LP20,0.75,120.0,35.0,10.0,1.2,0.2,S2b,800,1201,800,800,1.0,1.0,255.8159999997673,255.816,0.1755734322367914,historical_extension
L75_Ts120_Tr35p0_dT10_F1p2_LP30,0.75,120.0,35.0,10.0,1.2,0.3,S1,800,1201,800,725,1.0,0.90625,231.9578016653853,231.83325,0.2406064863179836,historical_extension
L75_Ts120_Tr35p0_dT10_F1p2_LP30,0.75,120.0,35.0,10.0,1.2,0.3,S2a,800,1201,800,788,1.0,0.985,252.2302312153209,251.97876,0.157462025035757,historical_extension
L75_Ts120_Tr35p0_dT10_F1p2_LP30,0.75,120.0,35.0,10.0,1.2,0.3,S2b,800,1201,800,800,1.0,1.0,255.8159999997673,255.816,0.1755734322367914,historical_extension
L75_Ts120_Tr35p0_dT10_F1p2_LP40,0.75,120.0,35.0,10.0,1.2,0.4,S1,800,1201,800,725,1.0,0.90625,231.9578016653853,231.83325,0.2406064863179836,historical_extension
L75_Ts120_Tr35p0_dT10_F1p2_LP40,0.75,120.0,35.0,10.0,1.2,0.4,S2a,800,1201,800,788,1.0,0.985,252.2302312153209,251.97876,0.157462025035757,historical_extension
L75_Ts120_Tr35p0_dT10_F1p2_LP40,0.75,120.0,35.0,10.0,1.2,0.4,S2b,800,1201,800,800,1.0,1.0,255.8159999997673,255.816,0.1755734322367914,historical_extension
L75_Ts120_Tr35p0_dT10_F1p2_LP45,0.75,120.0,35.0,10.0,1.2,0.45,S1,800,1201,747,725,0.93375,0.90625,231.9578016652844,231.83325,0.2406064863179836,historical_extension
L75_Ts120_Tr35p0_dT10_F1p2_LP45,0.75,120.0,35.0,10.0,1.2,0.45,S2a,800,1201,753,745,0.94125,0.93125,238.3373209822446,238.22865,0.1555338423268358,historical_extension
L75_Ts120_Tr35p0_dT10_F1p2_LP45,0.75,120.0,35.0,10.0,1.2,0.45,S2b,800,1201,800,800,1.0,1.0,255.8159999997673,255.816,0.1759825525189131,historical_extension
L75_Ts120_Tr35p0_dT15_F0p8_LP20,0.75,120.0,35.0,15.0,0.8,0.2,S1,800,1201,800,746,1.0,0.9325,159.0852323169311,159.03228,0.2443222159358137,historical_extension
L75_Ts120_Tr35p0_dT15_F0p8_LP20,0.75,120.0,35.0,15.0,0.8,0.2,S2a,800,1201,800,788,1.0,0.985,168.0385860742208,167.98584,0.1609304849695051,historical_extension
L75_Ts120_Tr35p0_dT15_F0p8_LP20,0.75,120.0,35.0,15.0,0.8,0.2,S2b,800,1201,800,800,1.0,1.0,170.54399999984486,170.54399999999998,0.1805216014261728,historical_extension
L75_Ts120_Tr35p0_dT15_F0p8_LP30,0.75,120.0,35.0,15.0,0.8,0.3,S1,800,1201,800,746,1.0,0.9325,159.0852323169311,159.03228,0.2443222159358137,historical_extension
L75_Ts120_Tr35p0_dT15_F0p8_LP30,0.75,120.0,35.0,15.0,0.8,0.3,S2a,800,1201,800,788,1.0,0.985,168.0385860742208,167.98584,0.1609304849695051,historical_extension
L75_Ts120_Tr35p0_dT15_F0p8_LP30,0.75,120.0,35.0,15.0,0.8,0.3,S2b,800,1201,800,800,1.0,1.0,170.54399999984486,170.54399999999998,0.1805216014261728,historical_extension
L75_Ts120_Tr35p0_dT15_F0p8_LP40,0.75,120.0,35.0,15.0,0.8,0.4,S1,800,1201,800,746,1.0,0.9325,159.0852323169311,159.03228,0.2443222159358137,historical_extension
L75_Ts120_Tr35p0_dT15_F0p8_LP40,0.75,120.0,35.0,15.0,0.8,0.4,S2a,800,1201,800,788,1.0,0.985,168.0385860742208,167.98584,0.1609304849695051,historical_extension
L75_Ts120_Tr35p0_dT15_F0p8_LP40,0.75,120.0,35.0,15.0,0.8,0.4,S2b,800,1201,800,800,1.0,1.0,170.54399999984486,170.54399999999998,0.1805216014261728,historical_extension
L75_Ts120_Tr35p0_dT15_F0p8_LP45,0.75,120.0,35.0,15.0,0.8,0.45,S1,800,1201,800,746,1.0,0.9325,159.0852323169311,159.03228,0.2443222159358137,historical_extension
L75_Ts120_Tr35p0_dT15_F0p8_LP45,0.75,120.0,35.0,15.0,0.8,0.45,S2a,800,1201,800,788,1.0,0.985,168.0385860742208,167.98584,0.1609304849695051,historical_extension
L75_Ts120_Tr35p0_dT15_F0p8_LP45,0.75,120.0,35.0,15.0,0.8,0.45,S2b,800,1201,800,800,1.0,1.0,170.54399999984486,170.54399999999998,0.1805216014261728,historical_extension
L75_Ts120_Tr35p0_dT15_F1p0_LP20,0.75,120.0,35.0,15.0,1.0,0.2,S1,800,1201,800,717,1.0,0.89625,191.26278616558997,191.062575,0.2426870776098388,historical_extension
L75_Ts120_Tr35p0_dT15_F1p0_LP20,0.75,120.0,35.0,15.0,1.0,0.2,S2a,800,1201,800,766,1.0,0.9575,204.38180588263668,204.11985,0.1605679226116868,historical_extension
L75_Ts120_Tr35p0_dT15_F1p0_LP20,0.75,120.0,35.0,15.0,1.0,0.2,S2b,800,1201,800,800,1.0,1.0,213.1799999998061,213.18,0.1825219529705018,historical_extension
L75_Ts120_Tr35p0_dT15_F1p0_LP30,0.75,120.0,35.0,15.0,1.0,0.3,S1,800,1201,800,717,1.0,0.89625,191.26278616558997,191.062575,0.2426870776098388,historical_extension
L75_Ts120_Tr35p0_dT15_F1p0_LP30,0.75,120.0,35.0,15.0,1.0,0.3,S2a,800,1201,800,766,1.0,0.9575,204.38180588263668,204.11985,0.1605679226116868,historical_extension
L75_Ts120_Tr35p0_dT15_F1p0_LP30,0.75,120.0,35.0,15.0,1.0,0.3,S2b,800,1201,800,800,1.0,1.0,213.1799999998061,213.18,0.1825219529705018,historical_extension
L75_Ts120_Tr35p0_dT15_F1p0_LP40,0.75,120.0,35.0,15.0,1.0,0.4,S1,800,1201,800,717,1.0,0.89625,191.26278616558997,191.062575,0.2426870776098388,historical_extension
L75_Ts120_Tr35p0_dT15_F1p0_LP40,0.75,120.0,35.0,15.0,1.0,0.4,S2a,800,1201,800,766,1.0,0.9575,204.38180588263668,204.11985,0.1605679226116868,historical_extension
L75_Ts120_Tr35p0_dT15_F1p0_LP40,0.75,120.0,35.0,15.0,1.0,0.4,S2b,800,1201,800,800,1.0,1.0,213.1799999998061,213.18,0.1825219529705018,historical_extension
L75_Ts120_Tr35p0_dT15_F1p0_LP45,0.75,120.0,35.0,15.0,1.0,0.45,S1,800,1201,800,717,1.0,0.89625,191.26278616558997,191.062575,0.2426870776098388,historical_extension
L75_Ts120_Tr35p0_dT15_F1p0_LP45,0.75,120.0,35.0,15.0,1.0,0.45,S2a,800,1201,800,766,1.0,0.9575,204.38180588263668,204.11985,0.1605679226116868,historical_extension
L75_Ts120_Tr35p0_dT15_F1p0_LP45,0.75,120.0,35.0,15.0,1.0,0.45,S2b,800,1201,800,800,1.0,1.0,213.1799999998061,213.18,0.1825219529705018,historical_extension
L75_Ts120_Tr35p0_dT15_F1p2_LP20,0.75,120.0,35.0,15.0,1.2,0.2,S1,800,1201,800,689,1.0,0.86125,220.57267229695685,220.32153,0.2411931804681673,historical_extension
L75_Ts120_Tr35p0_dT15_F1p2_LP20,0.75,120.0,35.0,15.0,1.2,0.2,S2a,800,1201,800,744,1.0,0.93,238.124345796255,237.90888,0.1602647102117866,historical_extension
L75_Ts120_Tr35p0_dT15_F1p2_LP20,0.75,120.0,35.0,15.0,1.2,0.2,S2b,800,1201,800,800,1.0,1.0,255.8159999997673,255.816,0.1846877411111565,historical_extension
L75_Ts120_Tr35p0_dT15_F1p2_LP30,0.75,120.0,35.0,15.0,1.2,0.3,S1,800,1201,800,689,1.0,0.86125,220.57267229695685,220.32153,0.2411931804681673,historical_extension
L75_Ts120_Tr35p0_dT15_F1p2_LP30,0.75,120.0,35.0,15.0,1.2,0.3,S2a,800,1201,800,744,1.0,0.93,238.124345796255,237.90888,0.1602647102117866,historical_extension
L75_Ts120_Tr35p0_dT15_F1p2_LP30,0.75,120.0,35.0,15.0,1.2,0.3,S2b,800,1201,800,800,1.0,1.0,255.8159999997673,255.816,0.1846877411111565,historical_extension
L75_Ts120_Tr35p0_dT15_F1p2_LP40,0.75,120.0,35.0,15.0,1.2,0.4,S1,800,1201,800,689,1.0,0.86125,220.57267229695685,220.32153,0.2411931804681673,historical_extension
L75_Ts120_Tr35p0_dT15_F1p2_LP40,0.75,120.0,35.0,15.0,1.2,0.4,S2a,800,1201,800,744,1.0,0.93,238.124345796255,237.90888,0.1602647102117866,historical_extension
L75_Ts120_Tr35p0_dT15_F1p2_LP40,0.75,120.0,35.0,15.0,1.2,0.4,S2b,800,1201,800,800,1.0,1.0,255.8159999997673,255.816,0.1846877411111565,historical_extension
L75_Ts120_Tr35p0_dT15_F1p2_LP45,0.75,120.0,35.0,15.0,1.2,0.45,S1,800,1201,747,689,0.93375,0.86125,220.5726722969229,220.32153,0.2411931804681673,historical_extension
L75_Ts120_Tr35p0_dT15_F1p2_LP45,0.75,120.0,35.0,15.0,1.2,0.45,S2a,800,1201,753,734,0.94125,0.9175,234.7784910630303,234.71118,0.159730762002289,historical_extension
L75_Ts120_Tr35p0_dT15_F1p2_LP45,0.75,120.0,35.0,15.0,1.2,0.45,S2b,800,1201,800,800,1.0,1.0,255.8159999997673,255.816,0.1848322054914512,historical_extension
L75_Ts120_Tr41p44_dT5_F0p8_LP20,0.75,120.0,41.44,5.0,0.8,0.2,S1,800,1201,800,800,1.0,1.0,157.6227839998567,157.622784,0.2443948739799815,historical_extension
L75_Ts120_Tr41p44_dT5_F0p8_LP20,0.75,120.0,41.44,5.0,0.8,0.2,S2a,800,1201,800,800,1.0,1.0,157.6227839998567,157.622784,0.1548382771096045,historical_extension
L75_Ts120_Tr41p44_dT5_F0p8_LP20,0.75,120.0,41.44,5.0,0.8,0.2,S2b,800,1201,800,800,1.0,1.0,157.6227839998567,157.622784,0.1684065495352206,historical_extension
L75_Ts120_Tr41p44_dT5_F0p8_LP30,0.75,120.0,41.44,5.0,0.8,0.3,S1,800,1201,800,800,1.0,1.0,157.6227839998567,157.622784,0.2443948739799815,historical_extension
L75_Ts120_Tr41p44_dT5_F0p8_LP30,0.75,120.0,41.44,5.0,0.8,0.3,S2a,800,1201,800,800,1.0,1.0,157.6227839998567,157.622784,0.1548382771096045,historical_extension
L75_Ts120_Tr41p44_dT5_F0p8_LP30,0.75,120.0,41.44,5.0,0.8,0.3,S2b,800,1201,800,800,1.0,1.0,157.6227839998567,157.622784,0.1684065495352206,historical_extension
L75_Ts120_Tr41p44_dT5_F0p8_LP40,0.75,120.0,41.44,5.0,0.8,0.4,S1,800,1201,800,800,1.0,1.0,157.6227839998567,157.622784,0.2443948739799815,historical_extension
L75_Ts120_Tr41p44_dT5_F0p8_LP40,0.75,120.0,41.44,5.0,0.8,0.4,S2a,800,1201,800,800,1.0,1.0,157.6227839998567,157.622784,0.1548382771096045,historical_extension
L75_Ts120_Tr41p44_dT5_F0p8_LP40,0.75,120.0,41.44,5.0,0.8,0.4,S2b,800,1201,800,800,1.0,1.0,157.6227839998567,157.622784,0.1684065495352206,historical_extension
L75_Ts120_Tr41p44_dT5_F0p8_LP45,0.75,120.0,41.44,5.0,0.8,0.45,S1,800,1201,800,800,1.0,1.0,157.6227839998567,157.622784,0.2443948739799815,historical_extension
L75_Ts120_Tr41p44_dT5_F0p8_LP45,0.75,120.0,41.44,5.0,0.8,0.45,S2a,800,1201,800,800,1.0,1.0,157.6227839998567,157.622784,0.1548382771096045,historical_extension
L75_Ts120_Tr41p44_dT5_F0p8_LP45,0.75,120.0,41.44,5.0,0.8,0.45,S2b,800,1201,800,800,1.0,1.0,157.6227839998567,157.622784,0.1684065495352206,historical_extension
L75_Ts120_Tr41p44_dT5_F1p0_LP20,0.75,120.0,41.44,5.0,1.0,0.2,S1,800,1201,800,800,1.0,1.0,197.0284799998208,197.02848000000003,0.2423840545549715,historical_extension
L75_Ts120_Tr41p44_dT5_F1p0_LP20,0.75,120.0,41.44,5.0,1.0,0.2,S2a,800,1201,800,800,1.0,1.0,197.0284799998208,197.02848000000003,0.155482297978923,historical_extension
L75_Ts120_Tr41p44_dT5_F1p0_LP20,0.75,120.0,41.44,5.0,1.0,0.2,S2b,800,1201,800,800,1.0,1.0,197.0284799998208,197.02848000000003,0.1701558982523192,historical_extension
L75_Ts120_Tr41p44_dT5_F1p0_LP30,0.75,120.0,41.44,5.0,1.0,0.3,S1,800,1201,800,800,1.0,1.0,197.0284799998208,197.02848000000003,0.2423840545549715,historical_extension
L75_Ts120_Tr41p44_dT5_F1p0_LP30,0.75,120.0,41.44,5.0,1.0,0.3,S2a,800,1201,800,800,1.0,1.0,197.0284799998208,197.02848000000003,0.155482297978923,historical_extension
L75_Ts120_Tr41p44_dT5_F1p0_LP30,0.75,120.0,41.44,5.0,1.0,0.3,S2b,800,1201,800,800,1.0,1.0,197.0284799998208,197.02848000000003,0.1701558982523192,historical_extension
L75_Ts120_Tr41p44_dT5_F1p0_LP40,0.75,120.0,41.44,5.0,1.0,0.4,S1,800,1201,800,800,1.0,1.0,197.0284799998208,197.02848000000003,0.2423840545549715,historical_extension
L75_Ts120_Tr41p44_dT5_F1p0_LP40,0.75,120.0,41.44,5.0,1.0,0.4,S2a,800,1201,800,800,1.0,1.0,197.0284799998208,197.02848000000003,0.155482297978923,historical_extension
L75_Ts120_Tr41p44_dT5_F1p0_LP40,0.75,120.0,41.44,5.0,1.0,0.4,S2b,800,1201,800,800,1.0,1.0,197.0284799998208,197.02848000000003,0.1701558982523192,historical_extension
L75_Ts120_Tr41p44_dT5_F1p0_LP45,0.75,120.0,41.44,5.0,1.0,0.45,S1,800,1201,800,800,1.0,1.0,197.0284799998208,197.02848000000003,0.2423840545549715,historical_extension
L75_Ts120_Tr41p44_dT5_F1p0_LP45,0.75,120.0,41.44,5.0,1.0,0.45,S2a,800,1201,800,800,1.0,1.0,197.0284799998208,197.02848000000003,0.155482297978923,historical_extension
L75_Ts120_Tr41p44_dT5_F1p0_LP45,0.75,120.0,41.44,5.0,1.0,0.45,S2b,800,1201,800,800,1.0,1.0,197.0284799998208,197.02848000000003,0.1701558982523192,historical_extension
L75_Ts120_Tr41p44_dT5_F1p2_LP20,0.75,120.0,41.44,5.0,1.2,0.2,S1,800,1201,800,773,1.0,0.96625,228.68770511700484,228.45452256,0.2407799177103007,historical_extension
L75_Ts120_Tr41p44_dT5_F1p2_LP20,0.75,120.0,41.44,5.0,1.2,0.2,S2a,800,1201,800,800,1.0,1.0,236.4341759997849,236.434176,0.1562740811611946,historical_extension
L75_Ts120_Tr41p44_dT5_F1p2_LP20,0.75,120.0,41.44,5.0,1.2,0.2,S2b,800,1201,800,800,1.0,1.0,236.4341759997849,236.434176,0.1721010750324024,historical_extension
L75_Ts120_Tr41p44_dT5_F1p2_LP30,0.75,120.0,41.44,5.0,1.2,0.3,S1,800,1201,800,773,1.0,0.96625,228.68770511700484,228.45452256,0.2407799177103007,historical_extension
L75_Ts120_Tr41p44_dT5_F1p2_LP30,0.75,120.0,41.44,5.0,1.2,0.3,S2a,800,1201,800,800,1.0,1.0,236.4341759997849,236.434176,0.1562740811611946,historical_extension
L75_Ts120_Tr41p44_dT5_F1p2_LP30,0.75,120.0,41.44,5.0,1.2,0.3,S2b,800,1201,800,800,1.0,1.0,236.4341759997849,236.434176,0.1721010750324024,historical_extension
L75_Ts120_Tr41p44_dT5_F1p2_LP40,0.75,120.0,41.44,5.0,1.2,0.4,S1,800,1201,800,773,1.0,0.96625,228.68770511700484,228.45452256,0.2407799177103007,historical_extension
L75_Ts120_Tr41p44_dT5_F1p2_LP40,0.75,120.0,41.44,5.0,1.2,0.4,S2a,800,1201,800,800,1.0,1.0,236.4341759997849,236.434176,0.1562740811611946,historical_extension
L75_Ts120_Tr41p44_dT5_F1p2_LP40,0.75,120.0,41.44,5.0,1.2,0.4,S2b,800,1201,800,800,1.0,1.0,236.4341759997849,236.434176,0.1721010750324024,historical_extension
L75_Ts120_Tr41p44_dT5_F1p2_LP45,0.75,120.0,41.44,5.0,1.2,0.45,S1,800,1201,800,773,1.0,0.96625,228.68770511700484,228.45452256,0.2407799177103007,historical_extension
L75_Ts120_Tr41p44_dT5_F1p2_LP45,0.75,120.0,41.44,5.0,1.2,0.45,S2a,800,1201,800,800,1.0,1.0,236.4341759997849,236.434176,0.1564424585628465,historical_extension
L75_Ts120_Tr41p44_dT5_F1p2_LP45,0.75,120.0,41.44,5.0,1.2,0.45,S2b,800,1201,800,800,1.0,1.0,236.4341759997849,236.434176,0.1721010750324024,historical_extension
L75_Ts120_Tr41p44_dT10_F0p8_LP20,0.75,120.0,41.44,10.0,0.8,0.2,S1,800,1201,800,795,1.0,0.99375,156.63978027579782,156.6376416,0.2444450817059493,historical_extension
L75_Ts120_Tr41p44_dT10_F0p8_LP20,0.75,120.0,41.44,10.0,0.8,0.2,S2a,800,1201,800,800,1.0,1.0,157.6227839998567,157.622784,0.1598938837923456,historical_extension
L75_Ts120_Tr41p44_dT10_F0p8_LP20,0.75,120.0,41.44,10.0,0.8,0.2,S2b,800,1201,800,800,1.0,1.0,157.6227839998567,157.622784,0.1773651699957888,historical_extension
L75_Ts120_Tr41p44_dT10_F0p8_LP30,0.75,120.0,41.44,10.0,0.8,0.3,S1,800,1201,800,795,1.0,0.99375,156.63978027579782,156.6376416,0.2444450817059493,historical_extension
L75_Ts120_Tr41p44_dT10_F0p8_LP30,0.75,120.0,41.44,10.0,0.8,0.3,S2a,800,1201,800,800,1.0,1.0,157.6227839998567,157.622784,0.1598938837923456,historical_extension
L75_Ts120_Tr41p44_dT10_F0p8_LP30,0.75,120.0,41.44,10.0,0.8,0.3,S2b,800,1201,800,800,1.0,1.0,157.6227839998567,157.622784,0.1773651699957888,historical_extension
L75_Ts120_Tr41p44_dT10_F0p8_LP40,0.75,120.0,41.44,10.0,0.8,0.4,S1,800,1201,800,795,1.0,0.99375,156.63978027579782,156.6376416,0.2444450817059493,historical_extension
L75_Ts120_Tr41p44_dT10_F0p8_LP40,0.75,120.0,41.44,10.0,0.8,0.4,S2a,800,1201,800,800,1.0,1.0,157.6227839998567,157.622784,0.1598938837923456,historical_extension
L75_Ts120_Tr41p44_dT10_F0p8_LP40,0.75,120.0,41.44,10.0,0.8,0.4,S2b,800,1201,800,800,1.0,1.0,157.6227839998567,157.622784,0.1773651699957888,historical_extension
L75_Ts120_Tr41p44_dT10_F0p8_LP45,0.75,120.0,41.44,10.0,0.8,0.45,S1,800,1201,800,795,1.0,0.99375,156.63978027579782,156.6376416,0.2444450817059493,historical_extension
L75_Ts120_Tr41p44_dT10_F0p8_LP45,0.75,120.0,41.44,10.0,0.8,0.45,S2a,800,1201,800,800,1.0,1.0,157.6227839998567,157.622784,0.1598938837923456,historical_extension
L75_Ts120_Tr41p44_dT10_F0p8_LP45,0.75,120.0,41.44,10.0,0.8,0.45,S2b,800,1201,800,800,1.0,1.0,157.6227839998567,157.622784,0.1773651699957888,historical_extension
L75_Ts120_Tr41p44_dT10_F1p0_LP20,0.75,120.0,41.44,10.0,1.0,0.2,S1,800,1201,800,764,1.0,0.955,188.3600585021925,188.1621984,0.2428359240886817,historical_extension
L75_Ts120_Tr41p44_dT10_F1p0_LP20,0.75,120.0,41.44,10.0,1.0,0.2,S2a,800,1201,800,800,1.0,1.0,197.0284799998208,197.02848000000003,0.1606937485062064,historical_extension
L75_Ts120_Tr41p44_dT10_F1p0_LP20,0.75,120.0,41.44,10.0,1.0,0.2,S2b,800,1201,800,800,1.0,1.0,197.0284799998208,197.02848000000003,0.1793358125743946,historical_extension
L75_Ts120_Tr41p44_dT10_F1p0_LP30,0.75,120.0,41.44,10.0,1.0,0.3,S1,800,1201,800,764,1.0,0.955,188.3600585021925,188.1621984,0.2428359240886817,historical_extension
L75_Ts120_Tr41p44_dT10_F1p0_LP30,0.75,120.0,41.44,10.0,1.0,0.3,S2a,800,1201,800,800,1.0,1.0,197.0284799998208,197.02848000000003,0.1606937485062064,historical_extension
L75_Ts120_Tr41p44_dT10_F1p0_LP30,0.75,120.0,41.44,10.0,1.0,0.3,S2b,800,1201,800,800,1.0,1.0,197.0284799998208,197.02848000000003,0.1793358125743946,historical_extension
L75_Ts120_Tr41p44_dT10_F1p0_LP40,0.75,120.0,41.44,10.0,1.0,0.4,S1,800,1201,800,764,1.0,0.955,188.3600585021925,188.1621984,0.2428359240886817,historical_extension
L75_Ts120_Tr41p44_dT10_F1p0_LP40,0.75,120.0,41.44,10.0,1.0,0.4,S2a,800,1201,800,800,1.0,1.0,197.0284799998208,197.02848000000003,0.1606937485062064,historical_extension
L75_Ts120_Tr41p44_dT10_F1p0_LP40,0.75,120.0,41.44,10.0,1.0,0.4,S2b,800,1201,800,800,1.0,1.0,197.0284799998208,197.02848000000003,0.1793358125743946,historical_extension
L75_Ts120_Tr41p44_dT10_F1p0_LP45,0.75,120.0,41.44,10.0,1.0,0.45,S1,800,1201,800,764,1.0,0.955,188.3600585021925,188.1621984,0.2428359240886817,historical_extension
L75_Ts120_Tr41p44_dT10_F1p0_LP45,0.75,120.0,41.44,10.0,1.0,0.45,S2a,800,1201,800,800,1.0,1.0,197.0284799998208,197.02848000000003,0.1606937485062064,historical_extension
L75_Ts120_Tr41p44_dT10_F1p0_LP45,0.75,120.0,41.44,10.0,1.0,0.45,S2b,800,1201,800,800,1.0,1.0,197.0284799998208,197.02848000000003,0.1793358125743946,historical_extension
L75_Ts120_Tr41p44_dT10_F1p2_LP20,0.75,120.0,41.44,10.0,1.2,0.2,S1,800,1201,800,735,1.0,0.91875,217.2780457916369,217.2238992,0.2413522857863335,historical_extension
L75_Ts120_Tr41p44_dT10_F1p2_LP20,0.75,120.0,41.44,10.0,1.2,0.2,S2a,800,1201,800,791,1.0,0.98875,234.04476457740856,233.77429152,0.1611411314137844,historical_extension
L75_Ts120_Tr41p44_dT10_F1p2_LP20,0.75,120.0,41.44,10.0,1.2,0.2,S2b,800,1201,800,800,1.0,1.0,236.4341759997849,236.434176,0.1814728751948067,historical_extension
L75_Ts120_Tr41p44_dT10_F1p2_LP30,0.75,120.0,41.44,10.0,1.2,0.3,S1,800,1201,800,735,1.0,0.91875,217.2780457916369,217.2238992,0.2413522857863335,historical_extension
L75_Ts120_Tr41p44_dT10_F1p2_LP30,0.75,120.0,41.44,10.0,1.2,0.3,S2a,800,1201,800,791,1.0,0.98875,234.04476457740856,233.77429152,0.1611411314137844,historical_extension
L75_Ts120_Tr41p44_dT10_F1p2_LP30,0.75,120.0,41.44,10.0,1.2,0.3,S2b,800,1201,800,800,1.0,1.0,236.4341759997849,236.434176,0.1814728751948067,historical_extension
L75_Ts120_Tr41p44_dT10_F1p2_LP40,0.75,120.0,41.44,10.0,1.2,0.4,S1,800,1201,800,735,1.0,0.91875,217.2780457916369,217.2238992,0.2413522857863335,historical_extension
L75_Ts120_Tr41p44_dT10_F1p2_LP40,0.75,120.0,41.44,10.0,1.2,0.4,S2a,800,1201,800,791,1.0,0.98875,234.04476457740856,233.77429152,0.1611411314137844,historical_extension
L75_Ts120_Tr41p44_dT10_F1p2_LP40,0.75,120.0,41.44,10.0,1.2,0.4,S2b,800,1201,800,800,1.0,1.0,236.4341759997849,236.434176,0.1814728751948067,historical_extension
L75_Ts120_Tr41p44_dT10_F1p2_LP45,0.75,120.0,41.44,10.0,1.2,0.45,S1,800,1201,800,735,1.0,0.91875,217.2780457916369,217.2238992,0.2413522857863335,historical_extension
L75_Ts120_Tr41p44_dT10_F1p2_LP45,0.75,120.0,41.44,10.0,1.2,0.45,S2a,800,1201,800,790,1.0,0.9875,233.7078548114295,233.4787488,0.1610887307273461,historical_extension
L75_Ts120_Tr41p44_dT10_F1p2_LP45,0.75,120.0,41.44,10.0,1.2,0.45,S2b,800,1201,800,800,1.0,1.0,236.4341759997849,236.434176,0.1814728751948067,historical_extension
L75_Ts120_Tr41p44_dT15_F0p8_LP20,0.75,120.0,41.44,15.0,0.8,0.2,S1,800,1201,800,751,1.0,0.93875,148.13311328196318,147.96838848,0.2448869096944659,historical_extension
L75_Ts120_Tr41p44_dT15_F0p8_LP20,0.75,120.0,41.44,15.0,0.8,0.2,S2a,800,1201,800,788,1.0,0.985,155.45530284683278,155.25844224,0.1650997274720174,historical_extension
L75_Ts120_Tr41p44_dT15_F0p8_LP20,0.75,120.0,41.44,15.0,0.8,0.2,S2b,800,1201,800,800,1.0,1.0,157.6227839998567,157.622784,0.1877699310579637,historical_extension
L75_Ts120_Tr41p44_dT15_F0p8_LP30,0.75,120.0,41.44,15.0,0.8,0.3,S1,800,1201,800,751,1.0,0.93875,148.13311328196318,147.96838848,0.2448869096944659,historical_extension
L75_Ts120_Tr41p44_dT15_F0p8_LP30,0.75,120.0,41.44,15.0,0.8,0.3,S2a,800,1201,800,788,1.0,0.985,155.45530284683278,155.25844224,0.1650997274720174,historical_extension
L75_Ts120_Tr41p44_dT15_F0p8_LP30,0.75,120.0,41.44,15.0,0.8,0.3,S2b,800,1201,800,800,1.0,1.0,157.6227839998567,157.622784,0.1877699310579637,historical_extension
L75_Ts120_Tr41p44_dT15_F0p8_LP40,0.75,120.0,41.44,15.0,0.8,0.4,S1,800,1201,800,751,1.0,0.93875,148.13311328196318,147.96838848,0.2448869096944659,historical_extension
L75_Ts120_Tr41p44_dT15_F0p8_LP40,0.75,120.0,41.44,15.0,0.8,0.4,S2a,800,1201,800,788,1.0,0.985,155.45530284683278,155.25844224,0.1650997274720174,historical_extension
L75_Ts120_Tr41p44_dT15_F0p8_LP40,0.75,120.0,41.44,15.0,0.8,0.4,S2b,800,1201,800,800,1.0,1.0,157.6227839998567,157.622784,0.1877699310579637,historical_extension
L75_Ts120_Tr41p44_dT15_F0p8_LP45,0.75,120.0,41.44,15.0,0.8,0.45,S1,800,1201,800,751,1.0,0.93875,148.13311328196318,147.96838848,0.2448869096944659,historical_extension
L75_Ts120_Tr41p44_dT15_F0p8_LP45,0.75,120.0,41.44,15.0,0.8,0.45,S2a,800,1201,800,788,1.0,0.985,155.45530284683278,155.25844224,0.1650997274720174,historical_extension
L75_Ts120_Tr41p44_dT15_F0p8_LP45,0.75,120.0,41.44,15.0,0.8,0.45,S2b,800,1201,800,800,1.0,1.0,157.6227839998567,157.622784,0.1877699310579637,historical_extension
L75_Ts120_Tr41p44_dT15_F1p0_LP20,0.75,120.0,41.44,15.0,1.0,0.2,S1,800,1201,800,723,1.0,0.90375,178.2505812019541,178.0644888,0.2433505532798515,historical_extension
L75_Ts120_Tr41p44_dT15_F1p0_LP20,0.75,120.0,41.44,15.0,1.0,0.2,S2a,800,1201,800,766,1.0,0.9575,188.8927948280607,188.6547696,0.1648543413317824,historical_extension
L75_Ts120_Tr41p44_dT15_F1p0_LP20,0.75,120.0,41.44,15.0,1.0,0.2,S2b,800,1201,800,800,1.0,1.0,197.0284799998208,197.02848000000003,0.1899219309318991,historical_extension
L75_Ts120_Tr41p44_dT15_F1p0_LP30,0.75,120.0,41.44,15.0,1.0,0.3,S1,800,1201,800,723,1.0,0.90375,178.2505812019541,178.0644888,0.2433505532798515,historical_extension
L75_Ts120_Tr41p44_dT15_F1p0_LP30,0.75,120.0,41.44,15.0,1.0,0.3,S2a,800,1201,800,766,1.0,0.9575,188.8927948280607,188.6547696,0.1648543413317824,historical_extension
L75_Ts120_Tr41p44_dT15_F1p0_LP30,0.75,120.0,41.44,15.0,1.0,0.3,S2b,800,1201,800,800,1.0,1.0,197.0284799998208,197.02848000000003,0.1899219309318991,historical_extension
L75_Ts120_Tr41p44_dT15_F1p0_LP40,0.75,120.0,41.44,15.0,1.0,0.4,S1,800,1201,800,723,1.0,0.90375,178.2505812019541,178.0644888,0.2433505532798515,historical_extension
L75_Ts120_Tr41p44_dT15_F1p0_LP40,0.75,120.0,41.44,15.0,1.0,0.4,S2a,800,1201,800,766,1.0,0.9575,188.8927948280607,188.6547696,0.1648543413317824,historical_extension
L75_Ts120_Tr41p44_dT15_F1p0_LP40,0.75,120.0,41.44,15.0,1.0,0.4,S2b,800,1201,800,800,1.0,1.0,197.0284799998208,197.02848000000003,0.1899219309318991,historical_extension
L75_Ts120_Tr41p44_dT15_F1p0_LP45,0.75,120.0,41.44,15.0,1.0,0.45,S1,800,1201,800,723,1.0,0.90375,178.2505812019541,178.0644888,0.2433505532798515,historical_extension
L75_Ts120_Tr41p44_dT15_F1p0_LP45,0.75,120.0,41.44,15.0,1.0,0.45,S2a,800,1201,800,766,1.0,0.9575,188.8927948280607,188.6547696,0.1648543413317824,historical_extension
L75_Ts120_Tr41p44_dT15_F1p0_LP45,0.75,120.0,41.44,15.0,1.0,0.45,S2b,800,1201,800,800,1.0,1.0,197.0284799998208,197.02848000000003,0.1899219309318991,historical_extension
L75_Ts120_Tr41p44_dT15_F1p2_LP20,0.75,120.0,41.44,15.0,1.2,0.2,S1,800,1201,800,696,1.0,0.87,205.78572586830276,205.69773312,0.2419397161801566,historical_extension
L75_Ts120_Tr41p44_dT15_F1p2_LP20,0.75,120.0,41.44,15.0,1.2,0.2,S2a,800,1201,800,744,1.0,0.93,219.89974133808244,219.88378368,0.164649044501918,historical_extension
L75_Ts120_Tr41p44_dT15_F1p2_LP20,0.75,120.0,41.44,15.0,1.2,0.2,S2b,800,1201,800,800,1.0,1.0,236.4341759997849,236.434176,0.1921960623602429,historical_extension
L75_Ts120_Tr41p44_dT15_F1p2_LP30,0.75,120.0,41.44,15.0,1.2,0.3,S1,800,1201,800,696,1.0,0.87,205.78572586830276,205.69773312,0.2419397161801566,historical_extension
L75_Ts120_Tr41p44_dT15_F1p2_LP30,0.75,120.0,41.44,15.0,1.2,0.3,S2a,800,1201,800,744,1.0,0.93,219.89974133808244,219.88378368,0.164649044501918,historical_extension
L75_Ts120_Tr41p44_dT15_F1p2_LP30,0.75,120.0,41.44,15.0,1.2,0.3,S2b,800,1201,800,800,1.0,1.0,236.4341759997849,236.434176,0.1921960623602429,historical_extension
L75_Ts120_Tr41p44_dT15_F1p2_LP40,0.75,120.0,41.44,15.0,1.2,0.4,S1,800,1201,800,696,1.0,0.87,205.78572586830276,205.69773312,0.2419397161801566,historical_extension
L75_Ts120_Tr41p44_dT15_F1p2_LP40,0.75,120.0,41.44,15.0,1.2,0.4,S2a,800,1201,800,744,1.0,0.93,219.89974133808244,219.88378368,0.164649044501918,historical_extension
L75_Ts120_Tr41p44_dT15_F1p2_LP40,0.75,120.0,41.44,15.0,1.2,0.4,S2b,800,1201,800,800,1.0,1.0,236.4341759997849,236.434176,0.1921960623602429,historical_extension
L75_Ts120_Tr41p44_dT15_F1p2_LP45,0.75,120.0,41.44,15.0,1.2,0.45,S1,800,1201,800,696,1.0,0.87,205.78572586830276,205.69773312,0.2419397161801566,historical_extension
L75_Ts120_Tr41p44_dT15_F1p2_LP45,0.75,120.0,41.44,15.0,1.2,0.45,S2a,800,1201,800,744,1.0,0.93,219.89974133820067,219.88378368,0.164649044501918,historical_extension
L75_Ts120_Tr41p44_dT15_F1p2_LP45,0.75,120.0,41.44,15.0,1.2,0.45,S2b,800,1201,800,800,1.0,1.0,236.4341759997849,236.434176,0.1921960623602429,historical_extension
L75_Ts120_Tr50p0_dT5_F0p8_LP20,0.75,120.0,50.0,5.0,0.8,0.2,S1,800,1201,800,800,1.0,1.0,140.44799999987225,140.44799999999998,0.2452712800022873,narrow_sensitivity
L75_Ts120_Tr50p0_dT5_F0p8_LP20,0.75,120.0,50.0,5.0,0.8,0.2,S2a,800,1201,800,800,1.0,1.0,140.44799999987225,140.44799999999998,0.159253233967142,narrow_sensitivity
L75_Ts120_Tr50p0_dT5_F0p8_LP20,0.75,120.0,50.0,5.0,0.8,0.2,S2b,800,1201,800,800,1.0,1.0,140.44799999987225,140.44799999999998,0.1759289310063511,narrow_sensitivity
L75_Ts120_Tr50p0_dT5_F0p8_LP30,0.75,120.0,50.0,5.0,0.8,0.3,S1,800,1201,800,800,1.0,1.0,140.44799999987225,140.44799999999998,0.2452712800022873,narrow_sensitivity
L75_Ts120_Tr50p0_dT5_F0p8_LP30,0.75,120.0,50.0,5.0,0.8,0.3,S2a,800,1201,800,800,1.0,1.0,140.44799999987225,140.44799999999998,0.159253233967142,narrow_sensitivity
L75_Ts120_Tr50p0_dT5_F0p8_LP30,0.75,120.0,50.0,5.0,0.8,0.3,S2b,800,1201,800,800,1.0,1.0,140.44799999987225,140.44799999999998,0.1759289310063511,narrow_sensitivity
L75_Ts120_Tr50p0_dT5_F0p8_LP40,0.75,120.0,50.0,5.0,0.8,0.4,S1,800,1201,800,800,1.0,1.0,140.44799999987225,140.44799999999998,0.2452712800022873,narrow_sensitivity
L75_Ts120_Tr50p0_dT5_F0p8_LP40,0.75,120.0,50.0,5.0,0.8,0.4,S2a,800,1201,800,800,1.0,1.0,140.44799999987225,140.44799999999998,0.159253233967142,narrow_sensitivity
L75_Ts120_Tr50p0_dT5_F0p8_LP40,0.75,120.0,50.0,5.0,0.8,0.4,S2b,800,1201,800,800,1.0,1.0,140.44799999987225,140.44799999999998,0.1759289310063511,narrow_sensitivity
L75_Ts120_Tr50p0_dT5_F0p8_LP45,0.75,120.0,50.0,5.0,0.8,0.45,S1,800,1201,800,800,1.0,1.0,140.44799999987225,140.44799999999998,0.2452712800022873,narrow_sensitivity
L75_Ts120_Tr50p0_dT5_F0p8_LP45,0.75,120.0,50.0,5.0,0.8,0.45,S2a,800,1201,800,800,1.0,1.0,140.44799999987225,140.44799999999998,0.159253233967142,narrow_sensitivity
L75_Ts120_Tr50p0_dT5_F0p8_LP45,0.75,120.0,50.0,5.0,0.8,0.45,S2b,800,1201,800,800,1.0,1.0,140.44799999987225,140.44799999999998,0.1759289310063511,narrow_sensitivity
L75_Ts120_Tr50p0_dT5_F1p0_LP20,0.75,120.0,50.0,5.0,1.0,0.2,S1,800,1201,800,800,1.0,1.0,175.55999999984033,175.56,0.2434795620828538,narrow_sensitivity
L75_Ts120_Tr50p0_dT5_F1p0_LP20,0.75,120.0,50.0,5.0,1.0,0.2,S2a,800,1201,800,800,1.0,1.0,175.55999999984033,175.56,0.16008859851184,narrow_sensitivity
L75_Ts120_Tr50p0_dT5_F1p0_LP20,0.75,120.0,50.0,5.0,1.0,0.2,S2b,800,1201,800,800,1.0,1.0,175.55999999984033,175.56,0.1779123450317278,narrow_sensitivity
L75_Ts120_Tr50p0_dT5_F1p0_LP30,0.75,120.0,50.0,5.0,1.0,0.3,S1,800,1201,800,800,1.0,1.0,175.55999999984033,175.56,0.2434795620828538,main_reference
L75_Ts120_Tr50p0_dT5_F1p0_LP30,0.75,120.0,50.0,5.0,1.0,0.3,S2a,800,1201,800,800,1.0,1.0,175.55999999984033,175.56,0.16008859851184,main_reference
L75_Ts120_Tr50p0_dT5_F1p0_LP30,0.75,120.0,50.0,5.0,1.0,0.3,S2b,800,1201,800,800,1.0,1.0,175.55999999984033,175.56,0.1779123450317278,main_reference
L75_Ts120_Tr50p0_dT5_F1p0_LP40,0.75,120.0,50.0,5.0,1.0,0.4,S1,800,1201,800,800,1.0,1.0,175.55999999984033,175.56,0.2434795620828538,narrow_sensitivity
L75_Ts120_Tr50p0_dT5_F1p0_LP40,0.75,120.0,50.0,5.0,1.0,0.4,S2a,800,1201,800,800,1.0,1.0,175.55999999984033,175.56,0.16008859851184,narrow_sensitivity
L75_Ts120_Tr50p0_dT5_F1p0_LP40,0.75,120.0,50.0,5.0,1.0,0.4,S2b,800,1201,800,800,1.0,1.0,175.55999999984033,175.56,0.1779123450317278,narrow_sensitivity
L75_Ts120_Tr50p0_dT5_F1p0_LP45,0.75,120.0,50.0,5.0,1.0,0.45,S1,800,1201,800,800,1.0,1.0,175.55999999984033,175.56,0.2434795620828538,narrow_sensitivity
L75_Ts120_Tr50p0_dT5_F1p0_LP45,0.75,120.0,50.0,5.0,1.0,0.45,S2a,800,1201,800,800,1.0,1.0,175.55999999984033,175.56,0.16008859851184,narrow_sensitivity
L75_Ts120_Tr50p0_dT5_F1p0_LP45,0.75,120.0,50.0,5.0,1.0,0.45,S2b,800,1201,800,800,1.0,1.0,175.55999999984033,175.56,0.1779123450317278,narrow_sensitivity
L75_Ts120_Tr50p0_dT5_F1p2_LP20,0.75,120.0,50.0,5.0,1.2,0.2,S1,800,1201,800,794,1.0,0.9925,209.10376726267705,209.09196,0.2417683708114847,narrow_sensitivity
L75_Ts120_Tr50p0_dT5_F1p2_LP20,0.75,120.0,50.0,5.0,1.2,0.2,S2a,800,1201,800,800,1.0,1.0,210.6719999998084,210.672,0.1610346293771164,narrow_sensitivity
L75_Ts120_Tr50p0_dT5_F1p2_LP20,0.75,120.0,50.0,5.0,1.2,0.2,S2b,800,1201,800,800,1.0,1.0,210.6719999998084,210.672,0.1800465937024988,narrow_sensitivity
L75_Ts120_Tr50p0_dT5_F1p2_LP30,0.75,120.0,50.0,5.0,1.2,0.3,S1,800,1201,800,794,1.0,0.9925,209.10376726267705,209.09196,0.2417683708114847,narrow_sensitivity
L75_Ts120_Tr50p0_dT5_F1p2_LP30,0.75,120.0,50.0,5.0,1.2,0.3,S2a,800,1201,800,800,1.0,1.0,210.6719999998084,210.672,0.1610346293771164,narrow_sensitivity
L75_Ts120_Tr50p0_dT5_F1p2_LP30,0.75,120.0,50.0,5.0,1.2,0.3,S2b,800,1201,800,800,1.0,1.0,210.6719999998084,210.672,0.1800465937024988,narrow_sensitivity
L75_Ts120_Tr50p0_dT5_F1p2_LP40,0.75,120.0,50.0,5.0,1.2,0.4,S1,800,1201,800,794,1.0,0.9925,209.10376726267705,209.09196,0.2417683708114847,narrow_sensitivity
L75_Ts120_Tr50p0_dT5_F1p2_LP40,0.75,120.0,50.0,5.0,1.2,0.4,S2a,800,1201,800,800,1.0,1.0,210.6719999998084,210.672,0.1610346293771164,narrow_sensitivity
L75_Ts120_Tr50p0_dT5_F1p2_LP40,0.75,120.0,50.0,5.0,1.2,0.4,S2b,800,1201,800,800,1.0,1.0,210.6719999998084,210.672,0.1800465937024988,narrow_sensitivity
L75_Ts120_Tr50p0_dT5_F1p2_LP45,0.75,120.0,50.0,5.0,1.2,0.45,S1,800,1201,800,794,1.0,0.9925,209.10376726267705,209.09196,0.2417683708114847,narrow_sensitivity
L75_Ts120_Tr50p0_dT5_F1p2_LP45,0.75,120.0,50.0,5.0,1.2,0.45,S2a,800,1201,800,800,1.0,1.0,210.6719999998084,210.672,0.1610346293771164,narrow_sensitivity
L75_Ts120_Tr50p0_dT5_F1p2_LP45,0.75,120.0,50.0,5.0,1.2,0.45,S2b,800,1201,800,800,1.0,1.0,210.6719999998084,210.672,0.1800465937024988,narrow_sensitivity
L75_Ts120_Tr50p0_dT10_F0p8_LP20,0.75,120.0,50.0,10.0,0.8,0.2,S1,800,1201,800,800,1.0,1.0,140.44799999987225,140.44799999999998,0.2452712800022873,narrow_sensitivity
L75_Ts120_Tr50p0_dT10_F0p8_LP20,0.75,120.0,50.0,10.0,0.8,0.2,S2a,800,1201,800,800,1.0,1.0,140.44799999987225,140.44799999999998,0.1656601420685918,narrow_sensitivity
L75_Ts120_Tr50p0_dT10_F0p8_LP20,0.75,120.0,50.0,10.0,0.8,0.2,S2b,800,1201,800,800,1.0,1.0,140.44799999987225,140.44799999999998,0.1873874362813752,narrow_sensitivity
L75_Ts120_Tr50p0_dT10_F0p8_LP30,0.75,120.0,50.0,10.0,0.8,0.3,S1,800,1201,800,800,1.0,1.0,140.44799999987225,140.44799999999998,0.2452712800022873,narrow_sensitivity
L75_Ts120_Tr50p0_dT10_F0p8_LP30,0.75,120.0,50.0,10.0,0.8,0.3,S2a,800,1201,800,800,1.0,1.0,140.44799999987225,140.44799999999998,0.1656601420685918,narrow_sensitivity
L75_Ts120_Tr50p0_dT10_F0p8_LP30,0.75,120.0,50.0,10.0,0.8,0.3,S2b,800,1201,800,800,1.0,1.0,140.44799999987225,140.44799999999998,0.1873874362813752,narrow_sensitivity
L75_Ts120_Tr50p0_dT10_F0p8_LP40,0.75,120.0,50.0,10.0,0.8,0.4,S1,800,1201,800,800,1.0,1.0,140.44799999987225,140.44799999999998,0.2452712800022873,narrow_sensitivity
L75_Ts120_Tr50p0_dT10_F0p8_LP40,0.75,120.0,50.0,10.0,0.8,0.4,S2a,800,1201,800,800,1.0,1.0,140.44799999987225,140.44799999999998,0.1656601420685918,narrow_sensitivity
L75_Ts120_Tr50p0_dT10_F0p8_LP40,0.75,120.0,50.0,10.0,0.8,0.4,S2b,800,1201,800,800,1.0,1.0,140.44799999987225,140.44799999999998,0.1873874362813752,narrow_sensitivity
L75_Ts120_Tr50p0_dT10_F0p8_LP45,0.75,120.0,50.0,10.0,0.8,0.45,S1,800,1201,800,800,1.0,1.0,140.44799999987225,140.44799999999998,0.2452712800022873,narrow_sensitivity
L75_Ts120_Tr50p0_dT10_F0p8_LP45,0.75,120.0,50.0,10.0,0.8,0.45,S2a,800,1201,800,800,1.0,1.0,140.44799999987225,140.44799999999998,0.1656601420685918,narrow_sensitivity
L75_Ts120_Tr50p0_dT10_F0p8_LP45,0.75,120.0,50.0,10.0,0.8,0.45,S2b,800,1201,800,800,1.0,1.0,140.44799999987225,140.44799999999998,0.1873874362813752,narrow_sensitivity
L75_Ts120_Tr50p0_dT10_F1p0_LP20,0.75,120.0,50.0,10.0,1.0,0.2,S1,800,1201,800,779,1.0,0.97375,171.02447133024327,170.95155,0.2437144314730417,narrow_sensitivity
L75_Ts120_Tr50p0_dT10_F1p0_LP20,0.75,120.0,50.0,10.0,1.0,0.2,S2a,800,1201,800,800,1.0,1.0,175.55999999984033,175.56,0.1666413153113167,narrow_sensitivity
L75_Ts120_Tr50p0_dT10_F1p0_LP20,0.75,120.0,50.0,10.0,1.0,0.2,S2b,800,1201,800,800,1.0,1.0,175.55999999984033,175.56,0.1895904881401817,narrow_sensitivity
L75_Ts120_Tr50p0_dT10_F1p0_LP30,0.75,120.0,50.0,10.0,1.0,0.3,S1,800,1201,800,779,1.0,0.97375,171.02447133024327,170.95155,0.2437144314730417,narrow_sensitivity
L75_Ts120_Tr50p0_dT10_F1p0_LP30,0.75,120.0,50.0,10.0,1.0,0.3,S2a,800,1201,800,800,1.0,1.0,175.55999999984033,175.56,0.1666413153113167,narrow_sensitivity
L75_Ts120_Tr50p0_dT10_F1p0_LP30,0.75,120.0,50.0,10.0,1.0,0.3,S2b,800,1201,800,800,1.0,1.0,175.55999999984033,175.56,0.1895904881401817,narrow_sensitivity
L75_Ts120_Tr50p0_dT10_F1p0_LP40,0.75,120.0,50.0,10.0,1.0,0.4,S1,800,1201,800,779,1.0,0.97375,171.02447133024327,170.95155,0.2437144314730417,narrow_sensitivity
L75_Ts120_Tr50p0_dT10_F1p0_LP40,0.75,120.0,50.0,10.0,1.0,0.4,S2a,800,1201,800,800,1.0,1.0,175.55999999984033,175.56,0.1666413153113167,narrow_sensitivity
L75_Ts120_Tr50p0_dT10_F1p0_LP40,0.75,120.0,50.0,10.0,1.0,0.4,S2b,800,1201,800,800,1.0,1.0,175.55999999984033,175.56,0.1895904881401817,narrow_sensitivity
L75_Ts120_Tr50p0_dT10_F1p0_LP45,0.75,120.0,50.0,10.0,1.0,0.45,S1,800,1201,800,779,1.0,0.97375,171.02447133024327,170.95155,0.2437144314730417,narrow_sensitivity
L75_Ts120_Tr50p0_dT10_F1p0_LP45,0.75,120.0,50.0,10.0,1.0,0.45,S2a,800,1201,800,800,1.0,1.0,175.55999999984033,175.56,0.1666413153113167,narrow_sensitivity
L75_Ts120_Tr50p0_dT10_F1p0_LP45,0.75,120.0,50.0,10.0,1.0,0.45,S2b,800,1201,800,800,1.0,1.0,175.55999999984033,175.56,0.1895904881401817,narrow_sensitivity
L75_Ts120_Tr50p0_dT10_F1p2_LP20,0.75,120.0,50.0,10.0,1.2,0.2,S1,800,1201,800,750,1.0,0.9375,197.55486976530307,197.505,0.2423588995639572,narrow_sensitivity
L75_Ts120_Tr50p0_dT10_F1p2_LP20,0.75,120.0,50.0,10.0,1.2,0.2,S2a,800,1201,800,796,1.0,0.995,209.80241259712272,209.61864000000003,0.1674935785154798,narrow_sensitivity
L75_Ts120_Tr50p0_dT10_F1p2_LP20,0.75,120.0,50.0,10.0,1.2,0.2,S2b,800,1201,800,800,1.0,1.0,210.6719999998084,210.672,0.1919006213767461,narrow_sensitivity
L75_Ts120_Tr50p0_dT10_F1p2_LP30,0.75,120.0,50.0,10.0,1.2,0.3,S1,800,1201,800,750,1.0,0.9375,197.55486976530307,197.505,0.2423588995639572,narrow_sensitivity
L75_Ts120_Tr50p0_dT10_F1p2_LP30,0.75,120.0,50.0,10.0,1.2,0.3,S2a,800,1201,800,796,1.0,0.995,209.80241259712272,209.61864000000003,0.1674935785154798,narrow_sensitivity
L75_Ts120_Tr50p0_dT10_F1p2_LP30,0.75,120.0,50.0,10.0,1.2,0.3,S2b,800,1201,800,800,1.0,1.0,210.6719999998084,210.672,0.1919006213767461,narrow_sensitivity
L75_Ts120_Tr50p0_dT10_F1p2_LP40,0.75,120.0,50.0,10.0,1.2,0.4,S1,800,1201,800,750,1.0,0.9375,197.55486976530307,197.505,0.2423588995639572,narrow_sensitivity
L75_Ts120_Tr50p0_dT10_F1p2_LP40,0.75,120.0,50.0,10.0,1.2,0.4,S2a,800,1201,800,796,1.0,0.995,209.80241259712272,209.61864000000003,0.1674935785154798,narrow_sensitivity
L75_Ts120_Tr50p0_dT10_F1p2_LP40,0.75,120.0,50.0,10.0,1.2,0.4,S2b,800,1201,800,800,1.0,1.0,210.6719999998084,210.672,0.1919006213767461,narrow_sensitivity
L75_Ts120_Tr50p0_dT10_F1p2_LP45,0.75,120.0,50.0,10.0,1.2,0.45,S1,800,1201,800,750,1.0,0.9375,197.55486976530307,197.505,0.2423588995639572,narrow_sensitivity
L75_Ts120_Tr50p0_dT10_F1p2_LP45,0.75,120.0,50.0,10.0,1.2,0.45,S2a,800,1201,800,796,1.0,0.995,209.80241259712272,209.61864000000003,0.1674935785154798,narrow_sensitivity
L75_Ts120_Tr50p0_dT10_F1p2_LP45,0.75,120.0,50.0,10.0,1.2,0.45,S2b,800,1201,800,800,1.0,1.0,210.6719999998084,210.672,0.1919006213767461,narrow_sensitivity
L75_Ts120_Tr50p0_dT15_F0p8_LP20,0.75,120.0,50.0,15.0,0.8,0.2,S1,800,1201,800,760,1.0,0.95,133.51558843265906,133.42559999999995,0.245629176215907,narrow_sensitivity
L75_Ts120_Tr50p0_dT15_F0p8_LP20,0.75,120.0,50.0,15.0,0.8,0.2,S2a,800,1201,800,790,1.0,0.9875,138.72612196683485,138.6924,0.1726514513551227,narrow_sensitivity
L75_Ts120_Tr50p0_dT15_F0p8_LP20,0.75,120.0,50.0,15.0,0.8,0.2,S2b,800,1201,800,800,1.0,1.0,140.44799999987225,140.44799999999998,0.2009174821824898,narrow_sensitivity
L75_Ts120_Tr50p0_dT15_F0p8_LP30,0.75,120.0,50.0,15.0,0.8,0.3,S1,800,1201,800,760,1.0,0.95,133.51558843265906,133.42559999999995,0.245629176215907,narrow_sensitivity
L75_Ts120_Tr50p0_dT15_F0p8_LP30,0.75,120.0,50.0,15.0,0.8,0.3,S2a,800,1201,800,790,1.0,0.9875,138.72612196683485,138.6924,0.1726514513551227,narrow_sensitivity
L75_Ts120_Tr50p0_dT15_F0p8_LP30,0.75,120.0,50.0,15.0,0.8,0.3,S2b,800,1201,800,800,1.0,1.0,140.44799999987225,140.44799999999998,0.2009174821824898,narrow_sensitivity
L75_Ts120_Tr50p0_dT15_F0p8_LP40,0.75,120.0,50.0,15.0,0.8,0.4,S1,800,1201,800,760,1.0,0.95,133.51558843265906,133.42559999999995,0.245629176215907,narrow_sensitivity
L75_Ts120_Tr50p0_dT15_F0p8_LP40,0.75,120.0,50.0,15.0,0.8,0.4,S2a,800,1201,800,790,1.0,0.9875,138.72612196683485,138.6924,0.1726514513551227,narrow_sensitivity
L75_Ts120_Tr50p0_dT15_F0p8_LP40,0.75,120.0,50.0,15.0,0.8,0.4,S2b,800,1201,800,800,1.0,1.0,140.44799999987225,140.44799999999998,0.2009174821824898,narrow_sensitivity
L75_Ts120_Tr50p0_dT15_F0p8_LP45,0.75,120.0,50.0,15.0,0.8,0.45,S1,800,1201,800,760,1.0,0.95,133.51558843265906,133.42559999999995,0.245629176215907,narrow_sensitivity
L75_Ts120_Tr50p0_dT15_F0p8_LP45,0.75,120.0,50.0,15.0,0.8,0.45,S2a,800,1201,800,790,1.0,0.9875,138.72612196683485,138.6924,0.1726514513551227,narrow_sensitivity
L75_Ts120_Tr50p0_dT15_F0p8_LP45,0.75,120.0,50.0,15.0,0.8,0.45,S2b,800,1201,800,800,1.0,1.0,140.44799999987225,140.44799999999998,0.2009174821824898,narrow_sensitivity
L75_Ts120_Tr50p0_dT15_F1p0_LP20,0.75,120.0,50.0,15.0,1.0,0.2,S1,800,1201,800,732,1.0,0.915,160.83727546073197,160.6374,0.2442400915367956,narrow_sensitivity
L75_Ts120_Tr50p0_dT15_F1p0_LP20,0.75,120.0,50.0,15.0,1.0,0.2,S2a,800,1201,800,766,1.0,0.9575,168.26269758447137,168.09869999999998,0.1724814688029206,narrow_sensitivity
L75_Ts120_Tr50p0_dT15_F1p0_LP20,0.75,120.0,50.0,15.0,1.0,0.2,S2b,800,1201,800,800,1.0,1.0,175.55999999984033,175.56,0.2032724042387739,narrow_sensitivity
L75_Ts120_Tr50p0_dT15_F1p0_LP30,0.75,120.0,50.0,15.0,1.0,0.3,S1,800,1201,800,732,1.0,0.915,160.83727546073197,160.6374,0.2442400915367956,narrow_sensitivity
L75_Ts120_Tr50p0_dT15_F1p0_LP30,0.75,120.0,50.0,15.0,1.0,0.3,S2a,800,1201,800,766,1.0,0.9575,168.26269758447137,168.09869999999998,0.1724814688029206,narrow_sensitivity
L75_Ts120_Tr50p0_dT15_F1p0_LP30,0.75,120.0,50.0,15.0,1.0,0.3,S2b,800,1201,800,800,1.0,1.0,175.55999999984033,175.56,0.2032724042387739,narrow_sensitivity
L75_Ts120_Tr50p0_dT15_F1p0_LP40,0.75,120.0,50.0,15.0,1.0,0.4,S1,800,1201,800,732,1.0,0.915,160.83727546073197,160.6374,0.2442400915367956,narrow_sensitivity
L75_Ts120_Tr50p0_dT15_F1p0_LP40,0.75,120.0,50.0,15.0,1.0,0.4,S2a,800,1201,800,766,1.0,0.9575,168.26269758447137,168.09869999999998,0.1724814688029206,narrow_sensitivity
L75_Ts120_Tr50p0_dT15_F1p0_LP40,0.75,120.0,50.0,15.0,1.0,0.4,S2b,800,1201,800,800,1.0,1.0,175.55999999984033,175.56,0.2032724042387739,narrow_sensitivity
L75_Ts120_Tr50p0_dT15_F1p0_LP45,0.75,120.0,50.0,15.0,1.0,0.45,S1,800,1201,800,732,1.0,0.915,160.83727546073197,160.6374,0.2442400915367956,narrow_sensitivity
L75_Ts120_Tr50p0_dT15_F1p0_LP45,0.75,120.0,50.0,15.0,1.0,0.45,S2a,800,1201,800,766,1.0,0.9575,168.26269758447137,168.09869999999998,0.1724814688029206,narrow_sensitivity
L75_Ts120_Tr50p0_dT15_F1p0_LP45,0.75,120.0,50.0,15.0,1.0,0.45,S2b,800,1201,800,800,1.0,1.0,175.55999999984033,175.56,0.2032724042387739,narrow_sensitivity
L75_Ts120_Tr50p0_dT15_F1p2_LP20,0.75,120.0,50.0,15.0,1.2,0.2,S1,800,1201,800,706,1.0,0.8825,185.9295252717708,185.91804,0.2429494283164296,narrow_sensitivity
L75_Ts120_Tr50p0_dT15_F1p2_LP20,0.75,120.0,50.0,15.0,1.2,0.2,S2a,800,1201,800,742,1.0,0.9275,195.59491571821889,195.39828,0.1723155685912202,narrow_sensitivity
L75_Ts120_Tr50p0_dT15_F1p2_LP20,0.75,120.0,50.0,15.0,1.2,0.2,S2b,800,1201,800,800,1.0,1.0,210.6719999998084,210.672,0.2056978417771718,narrow_sensitivity
L75_Ts120_Tr50p0_dT15_F1p2_LP30,0.75,120.0,50.0,15.0,1.2,0.3,S1,800,1201,800,706,1.0,0.8825,185.9295252717708,185.91804,0.2429494283164296,narrow_sensitivity
L75_Ts120_Tr50p0_dT15_F1p2_LP30,0.75,120.0,50.0,15.0,1.2,0.3,S2a,800,1201,800,742,1.0,0.9275,195.59491571821889,195.39828,0.1723155685912202,narrow_sensitivity
L75_Ts120_Tr50p0_dT15_F1p2_LP30,0.75,120.0,50.0,15.0,1.2,0.3,S2b,800,1201,800,800,1.0,1.0,210.6719999998084,210.672,0.2056978417771718,narrow_sensitivity
L75_Ts120_Tr50p0_dT15_F1p2_LP40,0.75,120.0,50.0,15.0,1.2,0.4,S1,800,1201,800,706,1.0,0.8825,185.9295252717708,185.91804,0.2429494283164296,narrow_sensitivity
L75_Ts120_Tr50p0_dT15_F1p2_LP40,0.75,120.0,50.0,15.0,1.2,0.4,S2a,800,1201,800,742,1.0,0.9275,195.59491571821889,195.39828,0.1723155685912202,narrow_sensitivity
L75_Ts120_Tr50p0_dT15_F1p2_LP40,0.75,120.0,50.0,15.0,1.2,0.4,S2b,800,1201,800,800,1.0,1.0,210.6719999998084,210.672,0.2056978417771718,narrow_sensitivity
L75_Ts120_Tr50p0_dT15_F1p2_LP45,0.75,120.0,50.0,15.0,1.2,0.45,S1,800,1201,800,706,1.0,0.8825,185.9295252717708,185.91804,0.2429494283164296,narrow_sensitivity
L75_Ts120_Tr50p0_dT15_F1p2_LP45,0.75,120.0,50.0,15.0,1.2,0.45,S2a,800,1201,800,742,1.0,0.9275,195.59491571821889,195.39828,0.1723155685912202,narrow_sensitivity
L75_Ts120_Tr50p0_dT15_F1p2_LP45,0.75,120.0,50.0,15.0,1.2,0.45,S2b,800,1201,800,800,1.0,1.0,210.6719999998084,210.672,0.2056978417771718,narrow_sensitivity
L75_Ts120_Tr60p0_dT5_F0p8_LP20,0.75,120.0,60.0,5.0,0.8,0.2,S1,800,1201,800,800,1.0,1.0,120.3839999998905,120.38399999999996,0.2462951188133922,narrow_sensitivity
L75_Ts120_Tr60p0_dT5_F0p8_LP20,0.75,120.0,60.0,5.0,0.8,0.2,S2a,800,1201,800,800,1.0,1.0,120.3839999998905,120.38399999999996,0.1668086935006755,narrow_sensitivity
L75_Ts120_Tr60p0_dT5_F0p8_LP20,0.75,120.0,60.0,5.0,0.8,0.2,S2b,800,1201,800,800,1.0,1.0,120.3839999998905,120.38399999999996,0.1891215971026238,narrow_sensitivity
L75_Ts120_Tr60p0_dT5_F0p8_LP30,0.75,120.0,60.0,5.0,0.8,0.3,S1,800,1201,800,800,1.0,1.0,120.3839999998905,120.38399999999996,0.2462951188133922,narrow_sensitivity
L75_Ts120_Tr60p0_dT5_F0p8_LP30,0.75,120.0,60.0,5.0,0.8,0.3,S2a,800,1201,800,800,1.0,1.0,120.3839999998905,120.38399999999996,0.1668086935006755,narrow_sensitivity
L75_Ts120_Tr60p0_dT5_F0p8_LP30,0.75,120.0,60.0,5.0,0.8,0.3,S2b,800,1201,800,800,1.0,1.0,120.3839999998905,120.38399999999996,0.1891215971026238,narrow_sensitivity
L75_Ts120_Tr60p0_dT5_F0p8_LP40,0.75,120.0,60.0,5.0,0.8,0.4,S1,800,1201,800,800,1.0,1.0,120.3839999998905,120.38399999999996,0.2462951188133922,narrow_sensitivity
L75_Ts120_Tr60p0_dT5_F0p8_LP40,0.75,120.0,60.0,5.0,0.8,0.4,S2a,800,1201,800,800,1.0,1.0,120.3839999998905,120.38399999999996,0.1668086935006755,narrow_sensitivity
L75_Ts120_Tr60p0_dT5_F0p8_LP40,0.75,120.0,60.0,5.0,0.8,0.4,S2b,800,1201,800,800,1.0,1.0,120.3839999998905,120.38399999999996,0.1891215971026238,narrow_sensitivity
L75_Ts120_Tr60p0_dT5_F0p8_LP45,0.75,120.0,60.0,5.0,0.8,0.45,S1,800,1201,800,800,1.0,1.0,120.3839999998905,120.38399999999996,0.2462951188133922,narrow_sensitivity
L75_Ts120_Tr60p0_dT5_F0p8_LP45,0.75,120.0,60.0,5.0,0.8,0.45,S2a,800,1201,800,800,1.0,1.0,120.3839999998905,120.38399999999996,0.1668086935006755,narrow_sensitivity
L75_Ts120_Tr60p0_dT5_F0p8_LP45,0.75,120.0,60.0,5.0,0.8,0.45,S2b,800,1201,800,800,1.0,1.0,120.3839999998905,120.38399999999996,0.1891215971026238,narrow_sensitivity
L75_Ts120_Tr60p0_dT5_F1p0_LP20,0.75,120.0,60.0,5.0,1.0,0.2,S1,800,1201,800,800,1.0,1.0,150.47999999986314,150.48,0.2447593605967349,narrow_sensitivity
L75_Ts120_Tr60p0_dT5_F1p0_LP20,0.75,120.0,60.0,5.0,1.0,0.2,S2a,800,1201,800,800,1.0,1.0,150.47999999986314,150.48,0.1678866714017879,narrow_sensitivity
L75_Ts120_Tr60p0_dT5_F1p0_LP20,0.75,120.0,60.0,5.0,1.0,0.2,S2b,800,1201,800,800,1.0,1.0,150.47999999986314,150.48,0.191418791007519,narrow_sensitivity
L75_Ts120_Tr60p0_dT5_F1p0_LP30,0.75,120.0,60.0,5.0,1.0,0.3,S1,800,1201,800,800,1.0,1.0,150.47999999986314,150.48,0.2447593605967349,main_reference
L75_Ts120_Tr60p0_dT5_F1p0_LP30,0.75,120.0,60.0,5.0,1.0,0.3,S2a,800,1201,800,800,1.0,1.0,150.47999999986314,150.48,0.1678866714017879,main_reference
L75_Ts120_Tr60p0_dT5_F1p0_LP30,0.75,120.0,60.0,5.0,1.0,0.3,S2b,800,1201,800,800,1.0,1.0,150.47999999986314,150.48,0.191418791007519,main_reference
L75_Ts120_Tr60p0_dT5_F1p0_LP40,0.75,120.0,60.0,5.0,1.0,0.4,S1,800,1201,800,800,1.0,1.0,150.47999999986314,150.48,0.2447593605967349,narrow_sensitivity
L75_Ts120_Tr60p0_dT5_F1p0_LP40,0.75,120.0,60.0,5.0,1.0,0.4,S2a,800,1201,800,800,1.0,1.0,150.47999999986314,150.48,0.1678866714017879,narrow_sensitivity
L75_Ts120_Tr60p0_dT5_F1p0_LP40,0.75,120.0,60.0,5.0,1.0,0.4,S2b,800,1201,800,800,1.0,1.0,150.47999999986314,150.48,0.191418791007519,narrow_sensitivity
L75_Ts120_Tr60p0_dT5_F1p0_LP45,0.75,120.0,60.0,5.0,1.0,0.45,S1,800,1201,800,800,1.0,1.0,150.47999999986314,150.48,0.2447593605967349,narrow_sensitivity
L75_Ts120_Tr60p0_dT5_F1p0_LP45,0.75,120.0,60.0,5.0,1.0,0.45,S2a,800,1201,800,800,1.0,1.0,150.47999999986314,150.48,0.1678866714017879,narrow_sensitivity
L75_Ts120_Tr60p0_dT5_F1p0_LP45,0.75,120.0,60.0,5.0,1.0,0.45,S2b,800,1201,800,800,1.0,1.0,150.47999999986314,150.48,0.191418791007519,narrow_sensitivity
L75_Ts120_Tr60p0_dT5_F1p2_LP20,0.75,120.0,60.0,5.0,1.2,0.2,S1,800,1201,800,800,1.0,1.0,180.57599999983572,180.576,0.2432236023800776,narrow_sensitivity
L75_Ts120_Tr60p0_dT5_F1p2_LP20,0.75,120.0,60.0,5.0,1.2,0.2,S2a,800,1201,800,800,1.0,1.0,180.57599999983572,180.576,0.1690269795890435,narrow_sensitivity
L75_Ts120_Tr60p0_dT5_F1p2_LP20,0.75,120.0,60.0,5.0,1.2,0.2,S2b,800,1201,800,800,1.0,1.0,180.57599999983572,180.576,0.1938076212469876,narrow_sensitivity
L75_Ts120_Tr60p0_dT5_F1p2_LP30,0.75,120.0,60.0,5.0,1.2,0.3,S1,800,1201,800,800,1.0,1.0,180.57599999983572,180.576,0.2432236023800776,narrow_sensitivity
L75_Ts120_Tr60p0_dT5_F1p2_LP30,0.75,120.0,60.0,5.0,1.2,0.3,S2a,800,1201,800,800,1.0,1.0,180.57599999983572,180.576,0.1690269795890435,narrow_sensitivity
L75_Ts120_Tr60p0_dT5_F1p2_LP30,0.75,120.0,60.0,5.0,1.2,0.3,S2b,800,1201,800,800,1.0,1.0,180.57599999983572,180.576,0.1938076212469876,narrow_sensitivity
L75_Ts120_Tr60p0_dT5_F1p2_LP40,0.75,120.0,60.0,5.0,1.2,0.4,S1,800,1201,800,800,1.0,1.0,180.57599999983572,180.576,0.2432236023800776,narrow_sensitivity
L75_Ts120_Tr60p0_dT5_F1p2_LP40,0.75,120.0,60.0,5.0,1.2,0.4,S2a,800,1201,800,800,1.0,1.0,180.57599999983572,180.576,0.1690269795890435,narrow_sensitivity
L75_Ts120_Tr60p0_dT5_F1p2_LP40,0.75,120.0,60.0,5.0,1.2,0.4,S2b,800,1201,800,800,1.0,1.0,180.57599999983572,180.576,0.1938076212469876,narrow_sensitivity
L75_Ts120_Tr60p0_dT5_F1p2_LP45,0.75,120.0,60.0,5.0,1.2,0.45,S1,800,1201,800,800,1.0,1.0,180.57599999983572,180.576,0.2432236023800776,narrow_sensitivity
L75_Ts120_Tr60p0_dT5_F1p2_LP45,0.75,120.0,60.0,5.0,1.2,0.45,S2a,800,1201,800,800,1.0,1.0,180.57599999983572,180.576,0.1690269795890435,narrow_sensitivity
L75_Ts120_Tr60p0_dT5_F1p2_LP45,0.75,120.0,60.0,5.0,1.2,0.45,S2b,800,1201,800,800,1.0,1.0,180.57599999983572,180.576,0.1938076212469876,narrow_sensitivity
L75_Ts120_Tr60p0_dT10_F0p8_LP20,0.75,120.0,60.0,10.0,0.8,0.2,S1,800,1201,800,800,1.0,1.0,120.3839999998905,120.38399999999996,0.2462951188133922,narrow_sensitivity
L75_Ts120_Tr60p0_dT10_F0p8_LP20,0.75,120.0,60.0,10.0,0.8,0.2,S2a,800,1201,800,800,1.0,1.0,120.3839999998905,120.38399999999996,0.1758310005947652,narrow_sensitivity
L75_Ts120_Tr60p0_dT10_F0p8_LP20,0.75,120.0,60.0,10.0,0.8,0.2,S2b,800,1201,800,800,1.0,1.0,120.3839999998905,120.38399999999996,0.2054315988983199,narrow_sensitivity
L75_Ts120_Tr60p0_dT10_F0p8_LP30,0.75,120.0,60.0,10.0,0.8,0.3,S1,800,1201,800,800,1.0,1.0,120.3839999998905,120.38399999999996,0.2462951188133922,narrow_sensitivity
L75_Ts120_Tr60p0_dT10_F0p8_LP30,0.75,120.0,60.0,10.0,0.8,0.3,S2a,800,1201,800,800,1.0,1.0,120.3839999998905,120.38399999999996,0.1758310005947652,narrow_sensitivity
L75_Ts120_Tr60p0_dT10_F0p8_LP30,0.75,120.0,60.0,10.0,0.8,0.3,S2b,800,1201,800,800,1.0,1.0,120.3839999998905,120.38399999999996,0.2054315988983199,narrow_sensitivity
L75_Ts120_Tr60p0_dT10_F0p8_LP40,0.75,120.0,60.0,10.0,0.8,0.4,S1,800,1201,800,800,1.0,1.0,120.3839999998905,120.38399999999996,0.2462951188133922,narrow_sensitivity
L75_Ts120_Tr60p0_dT10_F0p8_LP40,0.75,120.0,60.0,10.0,0.8,0.4,S2a,800,1201,800,800,1.0,1.0,120.3839999998905,120.38399999999996,0.1758310005947652,narrow_sensitivity
L75_Ts120_Tr60p0_dT10_F0p8_LP40,0.75,120.0,60.0,10.0,0.8,0.4,S2b,800,1201,800,800,1.0,1.0,120.3839999998905,120.38399999999996,0.2054315988983199,narrow_sensitivity
L75_Ts120_Tr60p0_dT10_F0p8_LP45,0.75,120.0,60.0,10.0,0.8,0.45,S1,800,1201,800,800,1.0,1.0,120.3839999998905,120.38399999999996,0.2462951188133922,narrow_sensitivity
L75_Ts120_Tr60p0_dT10_F0p8_LP45,0.75,120.0,60.0,10.0,0.8,0.45,S2a,800,1201,800,800,1.0,1.0,120.3839999998905,120.38399999999996,0.1758310005947652,narrow_sensitivity
L75_Ts120_Tr60p0_dT10_F0p8_LP45,0.75,120.0,60.0,10.0,0.8,0.45,S2b,800,1201,800,800,1.0,1.0,120.3839999998905,120.38399999999996,0.2054315988983199,narrow_sensitivity
L75_Ts120_Tr60p0_dT10_F1p0_LP20,0.75,120.0,60.0,10.0,1.0,0.2,S1,800,1201,800,800,1.0,1.0,150.47999999986314,150.48,0.2447593605967349,narrow_sensitivity
L75_Ts120_Tr60p0_dT10_F1p0_LP20,0.75,120.0,60.0,10.0,1.0,0.2,S2a,800,1201,800,800,1.0,1.0,150.47999999986314,150.48,0.1770267209436915,narrow_sensitivity
L75_Ts120_Tr60p0_dT10_F1p0_LP20,0.75,120.0,60.0,10.0,1.0,0.2,S2b,800,1201,800,800,1.0,1.0,150.47999999986314,150.48,0.2079228104377261,narrow_sensitivity
L75_Ts120_Tr60p0_dT10_F1p0_LP30,0.75,120.0,60.0,10.0,1.0,0.3,S1,800,1201,800,800,1.0,1.0,150.47999999986314,150.48,0.2447593605967349,narrow_sensitivity
L75_Ts120_Tr60p0_dT10_F1p0_LP30,0.75,120.0,60.0,10.0,1.0,0.3,S2a,800,1201,800,800,1.0,1.0,150.47999999986314,150.48,0.1770267209436915,narrow_sensitivity
L75_Ts120_Tr60p0_dT10_F1p0_LP30,0.75,120.0,60.0,10.0,1.0,0.3,S2b,800,1201,800,800,1.0,1.0,150.47999999986314,150.48,0.2079228104377261,narrow_sensitivity
L75_Ts120_Tr60p0_dT10_F1p0_LP40,0.75,120.0,60.0,10.0,1.0,0.4,S1,800,1201,800,800,1.0,1.0,150.47999999986314,150.48,0.2447593605967349,narrow_sensitivity
L75_Ts120_Tr60p0_dT10_F1p0_LP40,0.75,120.0,60.0,10.0,1.0,0.4,S2a,800,1201,800,800,1.0,1.0,150.47999999986314,150.48,0.1770267209436915,narrow_sensitivity
L75_Ts120_Tr60p0_dT10_F1p0_LP40,0.75,120.0,60.0,10.0,1.0,0.4,S2b,800,1201,800,800,1.0,1.0,150.47999999986314,150.48,0.2079228104377261,narrow_sensitivity
L75_Ts120_Tr60p0_dT10_F1p0_LP45,0.75,120.0,60.0,10.0,1.0,0.45,S1,800,1201,800,800,1.0,1.0,150.47999999986314,150.48,0.2447593605967349,narrow_sensitivity
L75_Ts120_Tr60p0_dT10_F1p0_LP45,0.75,120.0,60.0,10.0,1.0,0.45,S2a,800,1201,800,800,1.0,1.0,150.47999999986314,150.48,0.1770267209436915,narrow_sensitivity
L75_Ts120_Tr60p0_dT10_F1p0_LP45,0.75,120.0,60.0,10.0,1.0,0.45,S2b,800,1201,800,800,1.0,1.0,150.47999999986314,150.48,0.2079228104377261,narrow_sensitivity
L75_Ts120_Tr60p0_dT10_F1p2_LP20,0.75,120.0,60.0,10.0,1.2,0.2,S1,800,1201,800,771,1.0,0.96375,174.2310597172631,174.03011999999998,0.2435572127792016,narrow_sensitivity
L75_Ts120_Tr60p0_dT10_F1p2_LP20,0.75,120.0,60.0,10.0,1.2,0.2,S2a,800,1201,800,800,1.0,1.0,180.57599999983572,180.576,0.1782517877112844,narrow_sensitivity
L75_Ts120_Tr60p0_dT10_F1p2_LP20,0.75,120.0,60.0,10.0,1.2,0.2,S2b,800,1201,800,800,1.0,1.0,180.57599999983572,180.576,0.2104547216647638,narrow_sensitivity
L75_Ts120_Tr60p0_dT10_F1p2_LP30,0.75,120.0,60.0,10.0,1.2,0.3,S1,800,1201,800,771,1.0,0.96375,174.2310597172631,174.03011999999998,0.2435572127792016,narrow_sensitivity
L75_Ts120_Tr60p0_dT10_F1p2_LP30,0.75,120.0,60.0,10.0,1.2,0.3,S2a,800,1201,800,800,1.0,1.0,180.57599999983572,180.576,0.1782517877112844,narrow_sensitivity
L75_Ts120_Tr60p0_dT10_F1p2_LP30,0.75,120.0,60.0,10.0,1.2,0.3,S2b,800,1201,800,800,1.0,1.0,180.57599999983572,180.576,0.2104547216647638,narrow_sensitivity
L75_Ts120_Tr60p0_dT10_F1p2_LP40,0.75,120.0,60.0,10.0,1.2,0.4,S1,800,1201,800,771,1.0,0.96375,174.2310597172631,174.03011999999998,0.2435572127792016,narrow_sensitivity
L75_Ts120_Tr60p0_dT10_F1p2_LP40,0.75,120.0,60.0,10.0,1.2,0.4,S2a,800,1201,800,800,1.0,1.0,180.57599999983572,180.576,0.1782517877112844,narrow_sensitivity
L75_Ts120_Tr60p0_dT10_F1p2_LP40,0.75,120.0,60.0,10.0,1.2,0.4,S2b,800,1201,800,800,1.0,1.0,180.57599999983572,180.576,0.2104547216647638,narrow_sensitivity
L75_Ts120_Tr60p0_dT10_F1p2_LP45,0.75,120.0,60.0,10.0,1.2,0.45,S1,800,1201,800,771,1.0,0.96375,174.2310597172631,174.03011999999998,0.2435572127792016,narrow_sensitivity
L75_Ts120_Tr60p0_dT10_F1p2_LP45,0.75,120.0,60.0,10.0,1.2,0.45,S2a,800,1201,800,800,1.0,1.0,180.57599999983572,180.576,0.1782517877112844,narrow_sensitivity
L75_Ts120_Tr60p0_dT10_F1p2_LP45,0.75,120.0,60.0,10.0,1.2,0.45,S2b,800,1201,800,800,1.0,1.0,180.57599999983572,180.576,0.2104547216647638,narrow_sensitivity
L75_Ts120_Tr60p0_dT15_F0p8_LP20,0.75,120.0,60.0,15.0,0.8,0.2,S1,800,1201,800,773,1.0,0.96625,116.35680664094096,116.32104,0.2465021873369864,narrow_sensitivity
L75_Ts120_Tr60p0_dT15_F0p8_LP20,0.75,120.0,60.0,15.0,0.8,0.2,S2a,800,1201,800,791,1.0,0.98875,119.171861938135,119.02967999999998,0.1862957487551275,narrow_sensitivity
L75_Ts120_Tr60p0_dT15_F0p8_LP20,0.75,120.0,60.0,15.0,0.8,0.2,S2b,800,1201,800,800,1.0,1.0,120.3839999998905,120.38399999999996,0.2252910505422952,narrow_sensitivity
L75_Ts120_Tr60p0_dT15_F0p8_LP30,0.75,120.0,60.0,15.0,0.8,0.3,S1,800,1201,800,773,1.0,0.96625,116.35680664094096,116.32104,0.2465021873369864,narrow_sensitivity
L75_Ts120_Tr60p0_dT15_F0p8_LP30,0.75,120.0,60.0,15.0,0.8,0.3,S2a,800,1201,800,791,1.0,0.98875,119.171861938135,119.02967999999998,0.1862957487551275,narrow_sensitivity
L75_Ts120_Tr60p0_dT15_F0p8_LP30,0.75,120.0,60.0,15.0,0.8,0.3,S2b,800,1201,800,800,1.0,1.0,120.3839999998905,120.38399999999996,0.2252910505422952,narrow_sensitivity
L75_Ts120_Tr60p0_dT15_F0p8_LP40,0.75,120.0,60.0,15.0,0.8,0.4,S1,800,1201,800,773,1.0,0.96625,116.35680664094096,116.32104,0.2465021873369864,narrow_sensitivity
L75_Ts120_Tr60p0_dT15_F0p8_LP40,0.75,120.0,60.0,15.0,0.8,0.4,S2a,800,1201,800,791,1.0,0.98875,119.171861938135,119.02967999999998,0.1862957487551275,narrow_sensitivity
L75_Ts120_Tr60p0_dT15_F0p8_LP40,0.75,120.0,60.0,15.0,0.8,0.4,S2b,800,1201,800,800,1.0,1.0,120.3839999998905,120.38399999999996,0.2252910505422952,narrow_sensitivity
L75_Ts120_Tr60p0_dT15_F0p8_LP45,0.75,120.0,60.0,15.0,0.8,0.45,S1,800,1201,800,773,1.0,0.96625,116.35680664094096,116.32104,0.2465021873369864,narrow_sensitivity
L75_Ts120_Tr60p0_dT15_F0p8_LP45,0.75,120.0,60.0,15.0,0.8,0.45,S2a,800,1201,800,791,1.0,0.98875,119.171861938135,119.02967999999998,0.1862957487551275,narrow_sensitivity
L75_Ts120_Tr60p0_dT15_F0p8_LP45,0.75,120.0,60.0,15.0,0.8,0.45,S2b,800,1201,800,800,1.0,1.0,120.3839999998905,120.38399999999996,0.2252910505422952,narrow_sensitivity
L75_Ts120_Tr60p0_dT15_F1p0_LP20,0.75,120.0,60.0,15.0,1.0,0.2,S1,800,1201,800,746,1.0,0.9325,140.3353563902644,140.3226,0.2452770319057205,narrow_sensitivity
L75_Ts120_Tr60p0_dT15_F1p0_LP20,0.75,120.0,60.0,15.0,1.0,0.2,S2a,800,1201,800,766,1.0,0.9575,144.13335606540113,144.0846,0.1863446108549549,narrow_sensitivity
L75_Ts120_Tr60p0_dT15_F1p0_LP20,0.75,120.0,60.0,15.0,1.0,0.2,S2b,800,1201,800,800,1.0,1.0,150.47999999986314,150.48,0.2278729225591965,narrow_sensitivity
L75_Ts120_Tr60p0_dT15_F1p0_LP30,0.75,120.0,60.0,15.0,1.0,0.3,S1,800,1201,800,746,1.0,0.9325,140.3353563902644,140.3226,0.2452770319057205,narrow_sensitivity
L75_Ts120_Tr60p0_dT15_F1p0_LP30,0.75,120.0,60.0,15.0,1.0,0.3,S2a,800,1201,800,766,1.0,0.9575,144.13335606540113,144.0846,0.1863446108549549,narrow_sensitivity
L75_Ts120_Tr60p0_dT15_F1p0_LP30,0.75,120.0,60.0,15.0,1.0,0.3,S2b,800,1201,800,800,1.0,1.0,150.47999999986314,150.48,0.2278729225591965,narrow_sensitivity
L75_Ts120_Tr60p0_dT15_F1p0_LP40,0.75,120.0,60.0,15.0,1.0,0.4,S1,800,1201,800,746,1.0,0.9325,140.3353563902644,140.3226,0.2452770319057205,narrow_sensitivity
L75_Ts120_Tr60p0_dT15_F1p0_LP40,0.75,120.0,60.0,15.0,1.0,0.4,S2a,800,1201,800,766,1.0,0.9575,144.13335606540113,144.0846,0.1863446108549549,narrow_sensitivity
L75_Ts120_Tr60p0_dT15_F1p0_LP40,0.75,120.0,60.0,15.0,1.0,0.4,S2b,800,1201,800,800,1.0,1.0,150.47999999986314,150.48,0.2278729225591965,narrow_sensitivity
L75_Ts120_Tr60p0_dT15_F1p0_LP45,0.75,120.0,60.0,15.0,1.0,0.45,S1,800,1201,800,746,1.0,0.9325,140.3353563902644,140.3226,0.2452770319057205,narrow_sensitivity
L75_Ts120_Tr60p0_dT15_F1p0_LP45,0.75,120.0,60.0,15.0,1.0,0.45,S2a,800,1201,800,766,1.0,0.9575,144.13335606540113,144.0846,0.1863446108549549,narrow_sensitivity
L75_Ts120_Tr60p0_dT15_F1p0_LP45,0.75,120.0,60.0,15.0,1.0,0.45,S2b,800,1201,800,800,1.0,1.0,150.47999999986314,150.48,0.2278729225591965,narrow_sensitivity
L75_Ts120_Tr60p0_dT15_F1p2_LP20,0.75,120.0,60.0,15.0,1.2,0.2,S1,800,1201,800,719,1.0,0.89875,162.46259614821787,162.29268,0.2441554107362516,narrow_sensitivity
L75_Ts120_Tr60p0_dT15_F1p2_LP20,0.75,120.0,60.0,15.0,1.2,0.2,S2a,800,1201,800,740,1.0,0.925,167.09521642254708,167.03279999999998,0.1863197912344918,narrow_sensitivity
L75_Ts120_Tr60p0_dT15_F1p2_LP20,0.75,120.0,60.0,15.0,1.2,0.2,S2b,800,1201,800,800,1.0,1.0,180.57599999983572,180.576,0.2304532003517857,narrow_sensitivity
L75_Ts120_Tr60p0_dT15_F1p2_LP30,0.75,120.0,60.0,15.0,1.2,0.3,S1,800,1201,800,719,1.0,0.89875,162.46259614821787,162.29268,0.2441554107362516,narrow_sensitivity
L75_Ts120_Tr60p0_dT15_F1p2_LP30,0.75,120.0,60.0,15.0,1.2,0.3,S2a,800,1201,800,740,1.0,0.925,167.09521642254708,167.03279999999998,0.1863197912344918,narrow_sensitivity
L75_Ts120_Tr60p0_dT15_F1p2_LP30,0.75,120.0,60.0,15.0,1.2,0.3,S2b,800,1201,800,800,1.0,1.0,180.57599999983572,180.576,0.2304532003517857,narrow_sensitivity
L75_Ts120_Tr60p0_dT15_F1p2_LP40,0.75,120.0,60.0,15.0,1.2,0.4,S1,800,1201,800,719,1.0,0.89875,162.46259614821787,162.29268,0.2441554107362516,narrow_sensitivity
L75_Ts120_Tr60p0_dT15_F1p2_LP40,0.75,120.0,60.0,15.0,1.2,0.4,S2a,800,1201,800,740,1.0,0.925,167.09521642254708,167.03279999999998,0.1863197912344918,narrow_sensitivity
L75_Ts120_Tr60p0_dT15_F1p2_LP40,0.75,120.0,60.0,15.0,1.2,0.4,S2b,800,1201,800,800,1.0,1.0,180.57599999983572,180.576,0.2304532003517857,narrow_sensitivity
L75_Ts120_Tr60p0_dT15_F1p2_LP45,0.75,120.0,60.0,15.0,1.2,0.45,S1,800,1201,800,719,1.0,0.89875,162.46259614821787,162.29268,0.2441554107362516,narrow_sensitivity
L75_Ts120_Tr60p0_dT15_F1p2_LP45,0.75,120.0,60.0,15.0,1.2,0.45,S2a,800,1201,800,740,1.0,0.925,167.09521642254708,167.03279999999998,0.1863197912344918,narrow_sensitivity
L75_Ts120_Tr60p0_dT15_F1p2_LP45,0.75,120.0,60.0,15.0,1.2,0.45,S2b,800,1201,800,800,1.0,1.0,180.57599999983572,180.576,0.2304532003517857,narrow_sensitivity
L75_Ts130_Tr35p0_dT5_F0p8_LP20,0.75,130.0,35.0,5.0,0.8,0.2,S1,800,1201,800,738,1.0,0.9225,176.01033532198585,175.83587999999995,0.2434645432238894,historical_extension
L75_Ts130_Tr35p0_dT5_F0p8_LP20,0.75,130.0,35.0,5.0,0.8,0.2,S2a,800,1201,800,787,1.0,0.98375,187.55216431569917,187.51062,0.1559338594351211,historical_extension
L75_Ts130_Tr35p0_dT5_F0p8_LP20,0.75,130.0,35.0,5.0,0.8,0.2,S2b,800,1201,800,800,1.0,1.0,190.60799999982663,190.608,0.1720662196992868,historical_extension
L75_Ts130_Tr35p0_dT5_F0p8_LP30,0.75,130.0,35.0,5.0,0.8,0.3,S1,800,1201,800,738,1.0,0.9225,176.01033532198585,175.83587999999995,0.2434645432238894,historical_extension
L75_Ts130_Tr35p0_dT5_F0p8_LP30,0.75,130.0,35.0,5.0,0.8,0.3,S2a,800,1201,800,787,1.0,0.98375,187.55216431569917,187.51062,0.1559338594351211,historical_extension
L75_Ts130_Tr35p0_dT5_F0p8_LP30,0.75,130.0,35.0,5.0,0.8,0.3,S2b,800,1201,800,800,1.0,1.0,190.60799999982663,190.608,0.1720662196992868,historical_extension
L75_Ts130_Tr35p0_dT5_F0p8_LP40,0.75,130.0,35.0,5.0,0.8,0.4,S1,800,1201,800,738,1.0,0.9225,176.01033532198585,175.83587999999995,0.2434645432238894,historical_extension
L75_Ts130_Tr35p0_dT5_F0p8_LP40,0.75,130.0,35.0,5.0,0.8,0.4,S2a,800,1201,800,787,1.0,0.98375,187.55216431569917,187.51062,0.1559338594351211,historical_extension
L75_Ts130_Tr35p0_dT5_F0p8_LP40,0.75,130.0,35.0,5.0,0.8,0.4,S2b,800,1201,800,800,1.0,1.0,190.60799999982663,190.608,0.1720662196992868,historical_extension
L75_Ts130_Tr35p0_dT5_F0p8_LP45,0.75,130.0,35.0,5.0,0.8,0.45,S1,800,1201,800,738,1.0,0.9225,176.01033532198585,175.83587999999995,0.2434645432238894,historical_extension
L75_Ts130_Tr35p0_dT5_F0p8_LP45,0.75,130.0,35.0,5.0,0.8,0.45,S2a,800,1201,800,787,1.0,0.98375,187.55216431569917,187.51062,0.1559338594351211,historical_extension
L75_Ts130_Tr35p0_dT5_F0p8_LP45,0.75,130.0,35.0,5.0,0.8,0.45,S2b,800,1201,800,800,1.0,1.0,190.60799999982663,190.608,0.1720662196992868,historical_extension
L75_Ts130_Tr35p0_dT5_F1p0_LP20,0.75,130.0,35.0,5.0,1.0,0.2,S1,800,1201,800,709,1.0,0.88625,211.30705340183405,211.157925,0.2416613214975895,historical_extension
L75_Ts130_Tr35p0_dT5_F1p0_LP20,0.75,130.0,35.0,5.0,1.0,0.2,S2a,800,1201,800,766,1.0,0.9575,228.4039187769988,228.13395,0.1554571056961467,historical_extension
L75_Ts130_Tr35p0_dT5_F1p0_LP20,0.75,130.0,35.0,5.0,1.0,0.2,S2b,800,1201,800,800,1.0,1.0,238.2599999997833,238.26,0.1738510838715054,historical_extension
L75_Ts130_Tr35p0_dT5_F1p0_LP30,0.75,130.0,35.0,5.0,1.0,0.3,S1,800,1201,800,709,1.0,0.88625,211.30705340183405,211.157925,0.2416613214975895,historical_extension
L75_Ts130_Tr35p0_dT5_F1p0_LP30,0.75,130.0,35.0,5.0,1.0,0.3,S2a,800,1201,800,766,1.0,0.9575,228.4039187769988,228.13395,0.1554571056961467,historical_extension
L75_Ts130_Tr35p0_dT5_F1p0_LP30,0.75,130.0,35.0,5.0,1.0,0.3,S2b,800,1201,800,800,1.0,1.0,238.2599999997833,238.26,0.1738510838715054,historical_extension
L75_Ts130_Tr35p0_dT5_F1p0_LP40,0.75,130.0,35.0,5.0,1.0,0.4,S1,800,1201,800,709,1.0,0.88625,211.30705340183405,211.157925,0.2416613214975895,historical_extension
L75_Ts130_Tr35p0_dT5_F1p0_LP40,0.75,130.0,35.0,5.0,1.0,0.4,S2a,800,1201,800,766,1.0,0.9575,228.4039187769988,228.13395,0.1554571056961467,historical_extension
L75_Ts130_Tr35p0_dT5_F1p0_LP40,0.75,130.0,35.0,5.0,1.0,0.4,S2b,800,1201,800,800,1.0,1.0,238.2599999997833,238.26,0.1738510838715054,historical_extension
L75_Ts130_Tr35p0_dT5_F1p0_LP45,0.75,130.0,35.0,5.0,1.0,0.45,S1,800,1201,800,709,1.0,0.88625,211.30705340183405,211.157925,0.2416613214975895,historical_extension
L75_Ts130_Tr35p0_dT5_F1p0_LP45,0.75,130.0,35.0,5.0,1.0,0.45,S2a,800,1201,800,766,1.0,0.9575,228.4039187769553,228.13395,0.1554571056961467,historical_extension
L75_Ts130_Tr35p0_dT5_F1p0_LP45,0.75,130.0,35.0,5.0,1.0,0.45,S2b,800,1201,800,800,1.0,1.0,238.2599999997833,238.26,0.1738510838715054,historical_extension
L75_Ts130_Tr35p0_dT5_F1p2_LP20,0.75,130.0,35.0,5.0,1.2,0.2,S1,800,1201,800,680,1.0,0.85,243.25511451865992,243.0252,0.2400341719263829,historical_extension
L75_Ts130_Tr35p0_dT5_F1p2_LP20,0.75,130.0,35.0,5.0,1.2,0.2,S2a,800,1201,800,745,1.0,0.93125,266.34390915256324,266.25555,0.1550820297103567,historical_extension
L75_Ts130_Tr35p0_dT5_F1p2_LP20,0.75,130.0,35.0,5.0,1.2,0.2,S2b,800,1201,800,800,1.0,1.0,285.9119999997399,285.912,0.1758705989533572,historical_extension
L75_Ts130_Tr35p0_dT5_F1p2_LP30,0.75,130.0,35.0,5.0,1.2,0.3,S1,800,1201,800,680,1.0,0.85,243.25511451865992,243.0252,0.2400341719263829,historical_extension
L75_Ts130_Tr35p0_dT5_F1p2_LP30,0.75,130.0,35.0,5.0,1.2,0.3,S2a,800,1201,800,745,1.0,0.93125,266.34390915256324,266.25555,0.1550820297103567,historical_extension
L75_Ts130_Tr35p0_dT5_F1p2_LP30,0.75,130.0,35.0,5.0,1.2,0.3,S2b,800,1201,800,800,1.0,1.0,285.9119999997399,285.912,0.1758705989533572,historical_extension
L75_Ts130_Tr35p0_dT5_F1p2_LP40,0.75,130.0,35.0,5.0,1.2,0.4,S1,800,1201,776,680,0.97,0.85,243.2551145184713,243.0252,0.2400341719263829,historical_extension
L75_Ts130_Tr35p0_dT5_F1p2_LP40,0.75,130.0,35.0,5.0,1.2,0.4,S2a,800,1201,782,745,0.9775,0.93125,266.3439091527289,266.25555,0.1550820297103567,historical_extension
L75_Ts130_Tr35p0_dT5_F1p2_LP40,0.75,130.0,35.0,5.0,1.2,0.4,S2b,800,1201,800,800,1.0,1.0,285.9119999997399,285.912,0.1758705989533572,historical_extension
L75_Ts130_Tr35p0_dT5_F1p2_LP45,0.75,130.0,35.0,5.0,1.2,0.45,S1,800,1201,668,668,0.835,0.835,238.8769345397216,238.73652,0.2402527442568435,historical_extension
L75_Ts130_Tr35p0_dT5_F1p2_LP45,0.75,130.0,35.0,5.0,1.2,0.45,S2a,800,1201,673,673,0.84125,0.84125,240.82293047969688,240.52347,0.1518900233435129,historical_extension
L75_Ts130_Tr35p0_dT5_F1p2_LP45,0.75,130.0,35.0,5.0,1.2,0.45,S2b,800,1201,751,751,0.93875,0.93875,268.4339509023942,268.39989,0.1741651652263751,historical_extension
L75_Ts130_Tr35p0_dT10_F0p8_LP20,0.75,130.0,35.0,10.0,0.8,0.2,S1,800,1201,800,703,1.0,0.87875,167.5604680524203,167.49677999999997,0.2438895449775628,historical_extension
L75_Ts130_Tr35p0_dT10_F0p8_LP20,0.75,130.0,35.0,10.0,0.8,0.2,S2a,800,1201,800,746,1.0,0.9325,177.80196736818027,177.74195999999995,0.1582424531213516,historical_extension
L75_Ts130_Tr35p0_dT10_F0p8_LP20,0.75,130.0,35.0,10.0,0.8,0.2,S2b,800,1201,800,800,1.0,1.0,190.60799999982663,190.608,0.179965026902782,historical_extension
L75_Ts130_Tr35p0_dT10_F0p8_LP30,0.75,130.0,35.0,10.0,0.8,0.3,S1,800,1201,800,703,1.0,0.87875,167.5604680524203,167.49677999999997,0.2438895449775628,historical_extension
L75_Ts130_Tr35p0_dT10_F0p8_LP30,0.75,130.0,35.0,10.0,0.8,0.3,S2a,800,1201,800,746,1.0,0.9325,177.80196736818027,177.74195999999995,0.1582424531213516,historical_extension
L75_Ts130_Tr35p0_dT10_F0p8_LP30,0.75,130.0,35.0,10.0,0.8,0.3,S2b,800,1201,800,800,1.0,1.0,190.60799999982663,190.608,0.179965026902782,historical_extension
L75_Ts130_Tr35p0_dT10_F0p8_LP40,0.75,130.0,35.0,10.0,0.8,0.4,S1,800,1201,800,703,1.0,0.87875,167.5604680524203,167.49677999999997,0.2438895449775628,historical_extension
L75_Ts130_Tr35p0_dT10_F0p8_LP40,0.75,130.0,35.0,10.0,0.8,0.4,S2a,800,1201,800,746,1.0,0.9325,177.80196736818027,177.74195999999995,0.1582424531213516,historical_extension
L75_Ts130_Tr35p0_dT10_F0p8_LP40,0.75,130.0,35.0,10.0,0.8,0.4,S2b,800,1201,800,800,1.0,1.0,190.60799999982663,190.608,0.179965026902782,historical_extension
L75_Ts130_Tr35p0_dT10_F0p8_LP45,0.75,130.0,35.0,10.0,0.8,0.45,S1,800,1201,800,703,1.0,0.87875,167.5604680524203,167.49677999999997,0.2438895449775628,historical_extension
L75_Ts130_Tr35p0_dT10_F0p8_LP45,0.75,130.0,35.0,10.0,0.8,0.45,S2a,800,1201,800,746,1.0,0.9325,177.80196736818027,177.74195999999995,0.1582424531213516,historical_extension
L75_Ts130_Tr35p0_dT10_F0p8_LP45,0.75,130.0,35.0,10.0,0.8,0.45,S2b,800,1201,800,800,1.0,1.0,190.60799999982663,190.608,0.179965026902782,historical_extension
L75_Ts130_Tr35p0_dT10_F1p0_LP20,0.75,130.0,35.0,10.0,1.0,0.2,S1,800,1201,800,675,1.0,0.84375,201.31017833668187,201.031875,0.2421773950556215,historical_extension
L75_Ts130_Tr35p0_dT10_F1p0_LP20,0.75,130.0,35.0,10.0,1.0,0.2,S2a,800,1201,800,726,1.0,0.9075,216.387825959657,216.22095,0.157840566819148,historical_extension
L75_Ts130_Tr35p0_dT10_F1p0_LP20,0.75,130.0,35.0,10.0,1.0,0.2,S2b,800,1201,800,800,1.0,1.0,238.2599999997833,238.26,0.1819066182852553,historical_extension
L75_Ts130_Tr35p0_dT10_F1p0_LP30,0.75,130.0,35.0,10.0,1.0,0.3,S1,800,1201,800,675,1.0,0.84375,201.31017833668187,201.031875,0.2421773950556215,historical_extension
L75_Ts130_Tr35p0_dT10_F1p0_LP30,0.75,130.0,35.0,10.0,1.0,0.3,S2a,800,1201,800,726,1.0,0.9075,216.387825959657,216.22095,0.157840566819148,historical_extension
L75_Ts130_Tr35p0_dT10_F1p0_LP30,0.75,130.0,35.0,10.0,1.0,0.3,S2b,800,1201,800,800,1.0,1.0,238.2599999997833,238.26,0.1819066182852553,historical_extension
L75_Ts130_Tr35p0_dT10_F1p0_LP40,0.75,130.0,35.0,10.0,1.0,0.4,S1,800,1201,800,675,1.0,0.84375,201.31017833668187,201.031875,0.2421773950556215,historical_extension
L75_Ts130_Tr35p0_dT10_F1p0_LP40,0.75,130.0,35.0,10.0,1.0,0.4,S2a,800,1201,800,726,1.0,0.9075,216.387825959657,216.22095,0.157840566819148,historical_extension
L75_Ts130_Tr35p0_dT10_F1p0_LP40,0.75,130.0,35.0,10.0,1.0,0.4,S2b,800,1201,800,800,1.0,1.0,238.2599999997833,238.26,0.1819066182852553,historical_extension
L75_Ts130_Tr35p0_dT10_F1p0_LP45,0.75,130.0,35.0,10.0,1.0,0.45,S1,800,1201,800,675,1.0,0.84375,201.31017833668187,201.031875,0.2421773950556215,historical_extension
L75_Ts130_Tr35p0_dT10_F1p0_LP45,0.75,130.0,35.0,10.0,1.0,0.45,S2a,800,1201,800,726,1.0,0.9075,216.38782595968308,216.22095,0.157840566819148,historical_extension
L75_Ts130_Tr35p0_dT10_F1p0_LP45,0.75,130.0,35.0,10.0,1.0,0.45,S2b,800,1201,800,800,1.0,1.0,238.2599999997833,238.26,0.1819066182852553,historical_extension
L75_Ts130_Tr35p0_dT10_F1p2_LP20,0.75,130.0,35.0,10.0,1.2,0.2,S1,800,1201,800,649,1.0,0.81125,231.9578016651663,231.94611,0.2405988171134061,historical_extension
L75_Ts130_Tr35p0_dT10_F1p2_LP20,0.75,130.0,35.0,10.0,1.2,0.2,S2a,800,1201,800,705,1.0,0.88125,252.23023121522505,251.95995,0.157463385780523,historical_extension
L75_Ts130_Tr35p0_dT10_F1p2_LP20,0.75,130.0,35.0,10.0,1.2,0.2,S2b,800,1201,800,800,1.0,1.0,285.9119999997399,285.912,0.1840438564166093,historical_extension
L75_Ts130_Tr35p0_dT10_F1p2_LP30,0.75,130.0,35.0,10.0,1.2,0.3,S1,800,1201,800,649,1.0,0.81125,231.9578016651663,231.94611,0.2405988171134061,historical_extension
L75_Ts130_Tr35p0_dT10_F1p2_LP30,0.75,130.0,35.0,10.0,1.2,0.3,S2a,800,1201,800,705,1.0,0.88125,252.23023121522505,251.95995,0.157463385780523,historical_extension
L75_Ts130_Tr35p0_dT10_F1p2_LP30,0.75,130.0,35.0,10.0,1.2,0.3,S2b,800,1201,800,800,1.0,1.0,285.9119999997399,285.912,0.1840438564166093,historical_extension
L75_Ts130_Tr35p0_dT10_F1p2_LP40,0.75,130.0,35.0,10.0,1.2,0.4,S1,800,1201,776,649,0.97,0.81125,231.95780166522,231.94611,0.2405988171134061,historical_extension
L75_Ts130_Tr35p0_dT10_F1p2_LP40,0.75,130.0,35.0,10.0,1.2,0.4,S2a,800,1201,782,705,0.9775,0.88125,252.23023121522152,251.95995,0.157463385780523,historical_extension
L75_Ts130_Tr35p0_dT10_F1p2_LP40,0.75,130.0,35.0,10.0,1.2,0.4,S2b,800,1201,800,800,1.0,1.0,285.9119999997399,285.912,0.1840438564166093,historical_extension
L75_Ts130_Tr35p0_dT10_F1p2_LP45,0.75,130.0,35.0,10.0,1.2,0.45,S1,800,1201,668,649,0.835,0.81125,231.9578016652844,231.94611,0.2405988171134061,historical_extension
L75_Ts130_Tr35p0_dT10_F1p2_LP45,0.75,130.0,35.0,10.0,1.2,0.45,S2a,800,1201,673,666,0.84125,0.8325,238.3373209822446,238.02174,0.1554837068741202,historical_extension
L75_Ts130_Tr35p0_dT10_F1p2_LP45,0.75,130.0,35.0,10.0,1.2,0.45,S2b,800,1201,751,751,0.93875,0.93875,268.4339509023942,268.39989,0.1814392567497596,historical_extension
L75_Ts130_Tr35p0_dT15_F0p8_LP20,0.75,130.0,35.0,15.0,0.8,0.2,S1,800,1201,800,667,1.0,0.83375,159.08523231696756,158.91941999999997,0.2443266896384839,historical_extension
L75_Ts130_Tr35p0_dT15_F0p8_LP20,0.75,130.0,35.0,15.0,0.8,0.2,S2a,800,1201,800,705,1.0,0.88125,168.03858607419335,167.9733,0.160931090304988,historical_extension
L75_Ts130_Tr35p0_dT15_F0p8_LP20,0.75,130.0,35.0,15.0,0.8,0.2,S2b,800,1201,800,800,1.0,1.0,190.60799999982663,190.608,0.1888737910825836,historical_extension
L75_Ts130_Tr35p0_dT15_F0p8_LP30,0.75,130.0,35.0,15.0,0.8,0.3,S1,800,1201,800,667,1.0,0.83375,159.08523231696756,158.91941999999997,0.2443266896384839,historical_extension
L75_Ts130_Tr35p0_dT15_F0p8_LP30,0.75,130.0,35.0,15.0,0.8,0.3,S2a,800,1201,800,705,1.0,0.88125,168.03858607419335,167.9733,0.160931090304988,historical_extension
L75_Ts130_Tr35p0_dT15_F0p8_LP30,0.75,130.0,35.0,15.0,0.8,0.3,S2b,800,1201,800,800,1.0,1.0,190.60799999982663,190.608,0.1888737910825836,historical_extension
L75_Ts130_Tr35p0_dT15_F0p8_LP40,0.75,130.0,35.0,15.0,0.8,0.4,S1,800,1201,800,667,1.0,0.83375,159.08523231696756,158.91941999999997,0.2443266896384839,historical_extension
L75_Ts130_Tr35p0_dT15_F0p8_LP40,0.75,130.0,35.0,15.0,0.8,0.4,S2a,800,1201,800,705,1.0,0.88125,168.03858607419335,167.9733,0.160931090304988,historical_extension
L75_Ts130_Tr35p0_dT15_F0p8_LP40,0.75,130.0,35.0,15.0,0.8,0.4,S2b,800,1201,800,800,1.0,1.0,190.60799999982663,190.608,0.1888737910825836,historical_extension
L75_Ts130_Tr35p0_dT15_F0p8_LP45,0.75,130.0,35.0,15.0,0.8,0.45,S1,800,1201,800,667,1.0,0.83375,159.08523231696756,158.91941999999997,0.2443266896384839,historical_extension
L75_Ts130_Tr35p0_dT15_F0p8_LP45,0.75,130.0,35.0,15.0,0.8,0.45,S2a,800,1201,800,705,1.0,0.88125,168.03858607419335,167.9733,0.160931090304988,historical_extension
L75_Ts130_Tr35p0_dT15_F0p8_LP45,0.75,130.0,35.0,15.0,0.8,0.45,S2b,800,1201,800,800,1.0,1.0,190.60799999982663,190.608,0.1888737910825836,historical_extension
L75_Ts130_Tr35p0_dT15_F1p0_LP20,0.75,130.0,35.0,15.0,1.0,0.2,S1,800,1201,800,642,1.0,0.8025,191.2627861657496,191.20365,0.2426782899795937,historical_extension
L75_Ts130_Tr35p0_dT15_F1p0_LP20,0.75,130.0,35.0,15.0,1.0,0.2,S2a,800,1201,800,686,1.0,0.8575,204.3818058826253,204.30795,0.1606094591692164,historical_extension
L75_Ts130_Tr35p0_dT15_F1p0_LP20,0.75,130.0,35.0,15.0,1.0,0.2,S2b,800,1201,800,800,1.0,1.0,238.2599999997833,238.26,0.1909319163540997,historical_extension
L75_Ts130_Tr35p0_dT15_F1p0_LP30,0.75,130.0,35.0,15.0,1.0,0.3,S1,800,1201,800,642,1.0,0.8025,191.2627861657496,191.20365,0.2426782899795937,historical_extension
L75_Ts130_Tr35p0_dT15_F1p0_LP30,0.75,130.0,35.0,15.0,1.0,0.3,S2a,800,1201,800,686,1.0,0.8575,204.3818058826253,204.30795,0.1606094591692164,historical_extension
L75_Ts130_Tr35p0_dT15_F1p0_LP30,0.75,130.0,35.0,15.0,1.0,0.3,S2b,800,1201,800,800,1.0,1.0,238.2599999997833,238.26,0.1909319163540997,historical_extension
L75_Ts130_Tr35p0_dT15_F1p0_LP40,0.75,130.0,35.0,15.0,1.0,0.4,S1,800,1201,800,642,1.0,0.8025,191.2627861657496,191.20365,0.2426782899795937,historical_extension
L75_Ts130_Tr35p0_dT15_F1p0_LP40,0.75,130.0,35.0,15.0,1.0,0.4,S2a,800,1201,800,686,1.0,0.8575,204.3818058826253,204.30795,0.1606094591692164,historical_extension
L75_Ts130_Tr35p0_dT15_F1p0_LP40,0.75,130.0,35.0,15.0,1.0,0.4,S2b,800,1201,800,800,1.0,1.0,238.2599999997833,238.26,0.1909319163540997,historical_extension
L75_Ts130_Tr35p0_dT15_F1p0_LP45,0.75,130.0,35.0,15.0,1.0,0.45,S1,800,1201,800,642,1.0,0.8025,191.2627861657496,191.20365,0.2426782899795937,historical_extension
L75_Ts130_Tr35p0_dT15_F1p0_LP45,0.75,130.0,35.0,15.0,1.0,0.45,S2a,800,1201,800,686,1.0,0.8575,204.381805882604,204.30795,0.1606094591692164,historical_extension
L75_Ts130_Tr35p0_dT15_F1p0_LP45,0.75,130.0,35.0,15.0,1.0,0.45,S2b,800,1201,800,800,1.0,1.0,238.2599999997833,238.26,0.1909319163540997,historical_extension
L75_Ts130_Tr35p0_dT15_F1p2_LP20,0.75,130.0,35.0,15.0,1.2,0.2,S1,800,1201,800,617,1.0,0.77125,220.5726722970801,220.50963,0.241181676661301,historical_extension
L75_Ts130_Tr35p0_dT15_F1p2_LP20,0.75,130.0,35.0,15.0,1.2,0.2,S2a,800,1201,800,666,1.0,0.8325,238.12434579607708,238.02174,0.1602895823400485,historical_extension
L75_Ts130_Tr35p0_dT15_F1p2_LP20,0.75,130.0,35.0,15.0,1.2,0.2,S2b,800,1201,800,800,1.0,1.0,285.9119999997399,285.912,0.193140411798551,historical_extension
L75_Ts130_Tr35p0_dT15_F1p2_LP30,0.75,130.0,35.0,15.0,1.2,0.3,S1,800,1201,800,617,1.0,0.77125,220.5726722970801,220.50963,0.241181676661301,historical_extension
L75_Ts130_Tr35p0_dT15_F1p2_LP30,0.75,130.0,35.0,15.0,1.2,0.3,S2a,800,1201,800,666,1.0,0.8325,238.12434579607708,238.02174,0.1602895823400485,historical_extension
L75_Ts130_Tr35p0_dT15_F1p2_LP30,0.75,130.0,35.0,15.0,1.2,0.3,S2b,800,1201,800,800,1.0,1.0,285.9119999997399,285.912,0.193140411798551,historical_extension
L75_Ts130_Tr35p0_dT15_F1p2_LP40,0.75,130.0,35.0,15.0,1.2,0.4,S1,800,1201,776,617,0.97,0.77125,220.57267229694213,220.50963,0.241181676661301,historical_extension
L75_Ts130_Tr35p0_dT15_F1p2_LP40,0.75,130.0,35.0,15.0,1.2,0.4,S2a,800,1201,782,666,0.9775,0.8325,238.12434579614995,238.02174,0.1602895823400485,historical_extension
L75_Ts130_Tr35p0_dT15_F1p2_LP40,0.75,130.0,35.0,15.0,1.2,0.4,S2b,800,1201,800,800,1.0,1.0,285.9119999997399,285.912,0.193140411798551,historical_extension
L75_Ts130_Tr35p0_dT15_F1p2_LP45,0.75,130.0,35.0,15.0,1.2,0.45,S1,800,1201,668,617,0.835,0.77125,220.5726722969229,220.50963,0.241181676661301,historical_extension
L75_Ts130_Tr35p0_dT15_F1p2_LP45,0.75,130.0,35.0,15.0,1.2,0.45,S2a,800,1201,673,656,0.84125,0.82,234.7784910630303,234.44784,0.1596831662908643,historical_extension
L75_Ts130_Tr35p0_dT15_F1p2_LP45,0.75,130.0,35.0,15.0,1.2,0.45,S2b,800,1201,751,751,0.93875,0.93875,268.4339509023942,268.39989,0.1898712736555948,historical_extension
L75_Ts130_Tr41p44_dT5_F0p8_LP20,0.75,130.0,41.44,5.0,0.8,0.2,S1,800,1201,800,743,1.0,0.92875,165.12216301225016,165.02660064,0.2440162606883963,historical_extension
L75_Ts130_Tr41p44_dT5_F0p8_LP20,0.75,130.0,41.44,5.0,0.8,0.2,S2a,800,1201,800,787,1.0,0.98375,174.9927640378271,174.79937375999998,0.1589402052964023,historical_extension
L75_Ts130_Tr41p44_dT5_F0p8_LP20,0.75,130.0,41.44,5.0,0.8,0.2,S2b,800,1201,800,800,1.0,1.0,177.68678399983838,177.68678399999996,0.1771842622679209,historical_extension
L75_Ts130_Tr41p44_dT5_F0p8_LP30,0.75,130.0,41.44,5.0,0.8,0.3,S1,800,1201,800,743,1.0,0.92875,165.12216301225016,165.02660064,0.2440162606883963,historical_extension
L75_Ts130_Tr41p44_dT5_F0p8_LP30,0.75,130.0,41.44,5.0,0.8,0.3,S2a,800,1201,800,787,1.0,0.98375,174.9927640378271,174.79937375999998,0.1589402052964023,historical_extension
L75_Ts130_Tr41p44_dT5_F0p8_LP30,0.75,130.0,41.44,5.0,0.8,0.3,S2b,800,1201,800,800,1.0,1.0,177.68678399983838,177.68678399999996,0.1771842622679209,historical_extension
L75_Ts130_Tr41p44_dT5_F0p8_LP40,0.75,130.0,41.44,5.0,0.8,0.4,S1,800,1201,800,743,1.0,0.92875,165.12216301225016,165.02660064,0.2440162606883963,historical_extension
L75_Ts130_Tr41p44_dT5_F0p8_LP40,0.75,130.0,41.44,5.0,0.8,0.4,S2a,800,1201,800,787,1.0,0.98375,174.9927640378271,174.79937375999998,0.1589402052964023,historical_extension
L75_Ts130_Tr41p44_dT5_F0p8_LP40,0.75,130.0,41.44,5.0,0.8,0.4,S2b,800,1201,800,800,1.0,1.0,177.68678399983838,177.68678399999996,0.1771842622679209,historical_extension
L75_Ts130_Tr41p44_dT5_F0p8_LP45,0.75,130.0,41.44,5.0,0.8,0.45,S1,800,1201,800,743,1.0,0.92875,165.12216301225016,165.02660064,0.2440162606883963,historical_extension
L75_Ts130_Tr41p44_dT5_F0p8_LP45,0.75,130.0,41.44,5.0,0.8,0.45,S2a,800,1201,800,787,1.0,0.98375,174.9927640378271,174.79937375999998,0.1589402052964023,historical_extension
L75_Ts130_Tr41p44_dT5_F0p8_LP45,0.75,130.0,41.44,5.0,0.8,0.45,S2b,800,1201,800,800,1.0,1.0,177.68678399983838,177.68678399999996,0.1771842622679209,historical_extension
L75_Ts130_Tr41p44_dT5_F1p0_LP20,0.75,130.0,41.44,5.0,1.0,0.2,S1,800,1201,800,714,1.0,0.8925,198.4216169657916,198.2318184,0.2423211287314126,historical_extension
L75_Ts130_Tr41p44_dT5_F1p0_LP20,0.75,130.0,41.44,5.0,1.0,0.2,S2a,800,1201,800,766,1.0,0.9575,212.92546824270448,212.6688696,0.1585694746895708,historical_extension
L75_Ts130_Tr41p44_dT5_F1p0_LP20,0.75,130.0,41.44,5.0,1.0,0.2,S2b,800,1201,800,800,1.0,1.0,222.108479999798,222.10848,0.1791049155267742,historical_extension
L75_Ts130_Tr41p44_dT5_F1p0_LP30,0.75,130.0,41.44,5.0,1.0,0.3,S1,800,1201,800,714,1.0,0.8925,198.4216169657916,198.2318184,0.2423211287314126,historical_extension
L75_Ts130_Tr41p44_dT5_F1p0_LP30,0.75,130.0,41.44,5.0,1.0,0.3,S2a,800,1201,800,766,1.0,0.9575,212.92546824270448,212.6688696,0.1585694746895708,historical_extension
L75_Ts130_Tr41p44_dT5_F1p0_LP30,0.75,130.0,41.44,5.0,1.0,0.3,S2b,800,1201,800,800,1.0,1.0,222.108479999798,222.10848,0.1791049155267742,historical_extension
L75_Ts130_Tr41p44_dT5_F1p0_LP40,0.75,130.0,41.44,5.0,1.0,0.4,S1,800,1201,800,714,1.0,0.8925,198.4216169657916,198.2318184,0.2423211287314126,historical_extension
L75_Ts130_Tr41p44_dT5_F1p0_LP40,0.75,130.0,41.44,5.0,1.0,0.4,S2a,800,1201,800,766,1.0,0.9575,212.92546824270448,212.6688696,0.1585694746895708,historical_extension
L75_Ts130_Tr41p44_dT5_F1p0_LP40,0.75,130.0,41.44,5.0,1.0,0.4,S2b,800,1201,800,800,1.0,1.0,222.108479999798,222.10848,0.1791049155267742,historical_extension
L75_Ts130_Tr41p44_dT5_F1p0_LP45,0.75,130.0,41.44,5.0,1.0,0.45,S1,800,1201,800,714,1.0,0.8925,198.4216169657916,198.2318184,0.2423211287314126,historical_extension
L75_Ts130_Tr41p44_dT5_F1p0_LP45,0.75,130.0,41.44,5.0,1.0,0.45,S2a,800,1201,800,766,1.0,0.9575,212.92546824270448,212.6688696,0.1585694746895708,historical_extension
L75_Ts130_Tr41p44_dT5_F1p0_LP45,0.75,130.0,41.44,5.0,1.0,0.45,S2b,800,1201,800,800,1.0,1.0,222.108479999798,222.10848,0.1791049155267742,historical_extension
L75_Ts130_Tr41p44_dT5_F1p2_LP20,0.75,130.0,41.44,5.0,1.2,0.2,S1,800,1201,800,686,1.0,0.8575,228.6877051170473,228.54962592,0.2407731534718633,historical_extension
L75_Ts130_Tr41p44_dT5_F1p2_LP20,0.75,130.0,41.44,5.0,1.2,0.2,S2a,800,1201,800,744,1.0,0.93,248.19398603975085,247.87306368,0.1582183720868535,historical_extension
L75_Ts130_Tr41p44_dT5_F1p2_LP20,0.75,130.0,41.44,5.0,1.2,0.2,S2b,800,1201,800,800,1.0,1.0,266.5301759997576,266.530176,0.1812153611906052,historical_extension
L75_Ts130_Tr41p44_dT5_F1p2_LP30,0.75,130.0,41.44,5.0,1.2,0.3,S1,800,1201,800,686,1.0,0.8575,228.6877051170473,228.54962592,0.2407731534718633,historical_extension
L75_Ts130_Tr41p44_dT5_F1p2_LP30,0.75,130.0,41.44,5.0,1.2,0.3,S2a,800,1201,800,744,1.0,0.93,248.19398603975085,247.87306368,0.1582183720868535,historical_extension
L75_Ts130_Tr41p44_dT5_F1p2_LP30,0.75,130.0,41.44,5.0,1.2,0.3,S2b,800,1201,800,800,1.0,1.0,266.5301759997576,266.530176,0.1812153611906052,historical_extension
L75_Ts130_Tr41p44_dT5_F1p2_LP40,0.75,130.0,41.44,5.0,1.2,0.4,S1,800,1201,800,686,1.0,0.8575,228.6877051170473,228.54962592,0.2407731534718633,historical_extension
L75_Ts130_Tr41p44_dT5_F1p2_LP40,0.75,130.0,41.44,5.0,1.2,0.4,S2a,800,1201,800,744,1.0,0.93,248.19398603975085,247.87306368,0.1582183720868535,historical_extension
L75_Ts130_Tr41p44_dT5_F1p2_LP40,0.75,130.0,41.44,5.0,1.2,0.4,S2b,800,1201,800,800,1.0,1.0,266.5301759997576,266.530176,0.1812153611906052,historical_extension
L75_Ts130_Tr41p44_dT5_F1p2_LP45,0.75,130.0,41.44,5.0,1.2,0.45,S1,800,1201,716,686,0.895,0.8575,228.68770511711807,228.54962592,0.2407731534718633,historical_extension
L75_Ts130_Tr41p44_dT5_F1p2_LP45,0.75,130.0,41.44,5.0,1.2,0.45,S2a,800,1201,722,712,0.9025,0.89,237.33520879186756,237.21185664,0.1566423901230038,historical_extension
L75_Ts130_Tr41p44_dT5_F1p2_LP45,0.75,130.0,41.44,5.0,1.2,0.45,S2b,800,1201,800,800,1.0,1.0,266.5301759997576,266.530176,0.1828834453323685,historical_extension
L75_Ts130_Tr41p44_dT10_F0p8_LP20,0.75,130.0,41.44,10.0,0.8,0.2,S1,800,1201,800,705,1.0,0.88125,156.63978027581646,156.5864784,0.2444464110347428,historical_extension
L75_Ts130_Tr41p44_dT10_F0p8_LP20,0.75,130.0,41.44,10.0,0.8,0.2,S2a,800,1201,800,743,1.0,0.92875,165.23092419738543,165.02660064,0.1617549869213181,historical_extension
L75_Ts130_Tr41p44_dT10_F0p8_LP20,0.75,130.0,41.44,10.0,0.8,0.2,S2b,800,1201,800,800,1.0,1.0,177.68678399983838,177.68678399999996,0.1863697629855326,historical_extension
L75_Ts130_Tr41p44_dT10_F0p8_LP30,0.75,130.0,41.44,10.0,0.8,0.3,S1,800,1201,800,705,1.0,0.88125,156.63978027581646,156.5864784,0.2444464110347428,historical_extension
L75_Ts130_Tr41p44_dT10_F0p8_LP30,0.75,130.0,41.44,10.0,0.8,0.3,S2a,800,1201,800,743,1.0,0.92875,165.23092419738543,165.02660064,0.1617549869213181,historical_extension
L75_Ts130_Tr41p44_dT10_F0p8_LP30,0.75,130.0,41.44,10.0,0.8,0.3,S2b,800,1201,800,800,1.0,1.0,177.68678399983838,177.68678399999996,0.1863697629855326,historical_extension
L75_Ts130_Tr41p44_dT10_F0p8_LP40,0.75,130.0,41.44,10.0,0.8,0.4,S1,800,1201,800,705,1.0,0.88125,156.63978027581646,156.5864784,0.2444464110347428,historical_extension
L75_Ts130_Tr41p44_dT10_F0p8_LP40,0.75,130.0,41.44,10.0,0.8,0.4,S2a,800,1201,800,743,1.0,0.92875,165.23092419738543,165.02660064,0.1617549869213181,historical_extension
L75_Ts130_Tr41p44_dT10_F0p8_LP40,0.75,130.0,41.44,10.0,0.8,0.4,S2b,800,1201,800,800,1.0,1.0,177.68678399983838,177.68678399999996,0.1863697629855326,historical_extension
L75_Ts130_Tr41p44_dT10_F0p8_LP45,0.75,130.0,41.44,10.0,0.8,0.45,S1,800,1201,800,705,1.0,0.88125,156.63978027581646,156.5864784,0.2444464110347428,historical_extension
L75_Ts130_Tr41p44_dT10_F0p8_LP45,0.75,130.0,41.44,10.0,0.8,0.45,S2a,800,1201,800,743,1.0,0.92875,165.23092419738543,165.02660064,0.1617549869213181,historical_extension
L75_Ts130_Tr41p44_dT10_F0p8_LP45,0.75,130.0,41.44,10.0,0.8,0.45,S2b,800,1201,800,800,1.0,1.0,177.68678399983838,177.68678399999996,0.1863697629855326,historical_extension
L75_Ts130_Tr41p44_dT10_F1p0_LP20,0.75,130.0,41.44,10.0,1.0,0.2,S1,800,1201,800,678,1.0,0.8475,188.3600585022257,188.2369368,0.2428305172994545,historical_extension
L75_Ts130_Tr41p44_dT10_F1p0_LP20,0.75,130.0,41.44,10.0,1.0,0.2,S2a,800,1201,800,723,1.0,0.90375,200.92142065739165,200.7305388,0.1614600770611741,historical_extension
L75_Ts130_Tr41p44_dT10_F1p0_LP20,0.75,130.0,41.44,10.0,1.0,0.2,S2b,800,1201,800,800,1.0,1.0,222.108479999798,222.10848,0.188438418633167,historical_extension
L75_Ts130_Tr41p44_dT10_F1p0_LP30,0.75,130.0,41.44,10.0,1.0,0.3,S1,800,1201,800,678,1.0,0.8475,188.3600585022257,188.2369368,0.2428305172994545,historical_extension
L75_Ts130_Tr41p44_dT10_F1p0_LP30,0.75,130.0,41.44,10.0,1.0,0.3,S2a,800,1201,800,723,1.0,0.90375,200.92142065739165,200.7305388,0.1614600770611741,historical_extension
L75_Ts130_Tr41p44_dT10_F1p0_LP30,0.75,130.0,41.44,10.0,1.0,0.3,S2b,800,1201,800,800,1.0,1.0,222.108479999798,222.10848,0.188438418633167,historical_extension
L75_Ts130_Tr41p44_dT10_F1p0_LP40,0.75,130.0,41.44,10.0,1.0,0.4,S1,800,1201,800,678,1.0,0.8475,188.3600585022257,188.2369368,0.2428305172994545,historical_extension
L75_Ts130_Tr41p44_dT10_F1p0_LP40,0.75,130.0,41.44,10.0,1.0,0.4,S2a,800,1201,800,723,1.0,0.90375,200.92142065739165,200.7305388,0.1614600770611741,historical_extension
L75_Ts130_Tr41p44_dT10_F1p0_LP40,0.75,130.0,41.44,10.0,1.0,0.4,S2b,800,1201,800,800,1.0,1.0,222.108479999798,222.10848,0.188438418633167,historical_extension
L75_Ts130_Tr41p44_dT10_F1p0_LP45,0.75,130.0,41.44,10.0,1.0,0.45,S1,800,1201,800,678,1.0,0.8475,188.3600585022257,188.2369368,0.2428305172994545,historical_extension
L75_Ts130_Tr41p44_dT10_F1p0_LP45,0.75,130.0,41.44,10.0,1.0,0.45,S2a,800,1201,800,723,1.0,0.90375,200.92142065739165,200.7305388,0.1614600770611741,historical_extension
L75_Ts130_Tr41p44_dT10_F1p0_LP45,0.75,130.0,41.44,10.0,1.0,0.45,S2b,800,1201,800,800,1.0,1.0,222.108479999798,222.10848,0.188438418633167,historical_extension
L75_Ts130_Tr41p44_dT10_F1p2_LP20,0.75,130.0,41.44,10.0,1.2,0.2,S1,800,1201,800,652,1.0,0.815,217.2780457915163,217.22209344,0.241350460515644,historical_extension
L75_Ts130_Tr41p44_dT10_F1p2_LP20,0.75,130.0,41.44,10.0,1.2,0.2,S2a,800,1201,800,702,1.0,0.8775,234.04476457729,233.88022944,0.1611668984402476,historical_extension
L75_Ts130_Tr41p44_dT10_F1p2_LP20,0.75,130.0,41.44,10.0,1.2,0.2,S2b,800,1201,800,800,1.0,1.0,266.5301759997576,266.530176,0.1906547947285922,historical_extension
L75_Ts130_Tr41p44_dT10_F1p2_LP30,0.75,130.0,41.44,10.0,1.2,0.3,S1,800,1201,800,652,1.0,0.815,217.2780457915163,217.22209344,0.241350460515644,historical_extension
L75_Ts130_Tr41p44_dT10_F1p2_LP30,0.75,130.0,41.44,10.0,1.2,0.3,S2a,800,1201,800,702,1.0,0.8775,234.04476457729,233.88022944,0.1611668984402476,historical_extension
L75_Ts130_Tr41p44_dT10_F1p2_LP30,0.75,130.0,41.44,10.0,1.2,0.3,S2b,800,1201,800,800,1.0,1.0,266.5301759997576,266.530176,0.1906547947285922,historical_extension
L75_Ts130_Tr41p44_dT10_F1p2_LP40,0.75,130.0,41.44,10.0,1.2,0.4,S1,800,1201,800,652,1.0,0.815,217.2780457915163,217.22209344,0.241350460515644,historical_extension
L75_Ts130_Tr41p44_dT10_F1p2_LP40,0.75,130.0,41.44,10.0,1.2,0.4,S2a,800,1201,800,702,1.0,0.8775,234.04476457729,233.88022944,0.1611668984402476,historical_extension
L75_Ts130_Tr41p44_dT10_F1p2_LP40,0.75,130.0,41.44,10.0,1.2,0.4,S2b,800,1201,800,800,1.0,1.0,266.5301759997576,266.530176,0.1906547947285922,historical_extension
L75_Ts130_Tr41p44_dT10_F1p2_LP45,0.75,130.0,41.44,10.0,1.2,0.45,S1,800,1201,716,652,0.895,0.815,217.2780457916013,217.22209344,0.241350460515644,historical_extension
L75_Ts130_Tr41p44_dT10_F1p2_LP45,0.75,130.0,41.44,10.0,1.2,0.45,S2a,800,1201,722,701,0.9025,0.87625,233.7078548114295,233.54706672,0.1611079979787014,historical_extension
L75_Ts130_Tr41p44_dT10_F1p2_LP45,0.75,130.0,41.44,10.0,1.2,0.45,S2b,800,1201,800,800,1.0,1.0,266.5301759997576,266.530176,0.1917295080530761,historical_extension
L75_Ts130_Tr41p44_dT15_F0p8_LP20,0.75,130.0,41.44,15.0,0.8,0.2,S1,800,1201,800,666,1.0,0.8325,148.13311328202138,147.92424767999998,0.2448878811270457,historical_extension
L75_Ts130_Tr41p44_dT15_F0p8_LP20,0.75,130.0,41.44,15.0,0.8,0.2,S2a,800,1201,800,699,1.0,0.87375,155.4553028468094,155.25382752,0.1651039097873215,historical_extension
L75_Ts130_Tr41p44_dT15_F0p8_LP20,0.75,130.0,41.44,15.0,0.8,0.2,S2b,800,1201,800,800,1.0,1.0,177.68678399983838,177.68678399999996,0.1968144925561754,historical_extension
L75_Ts130_Tr41p44_dT15_F0p8_LP30,0.75,130.0,41.44,15.0,0.8,0.3,S1,800,1201,800,666,1.0,0.8325,148.13311328202138,147.92424767999998,0.2448878811270457,historical_extension
L75_Ts130_Tr41p44_dT15_F0p8_LP30,0.75,130.0,41.44,15.0,0.8,0.3,S2a,800,1201,800,699,1.0,0.87375,155.4553028468094,155.25382752,0.1651039097873215,historical_extension
L75_Ts130_Tr41p44_dT15_F0p8_LP30,0.75,130.0,41.44,15.0,0.8,0.3,S2b,800,1201,800,800,1.0,1.0,177.68678399983838,177.68678399999996,0.1968144925561754,historical_extension
L75_Ts130_Tr41p44_dT15_F0p8_LP40,0.75,130.0,41.44,15.0,0.8,0.4,S1,800,1201,800,666,1.0,0.8325,148.13311328202138,147.92424767999998,0.2448878811270457,historical_extension
L75_Ts130_Tr41p44_dT15_F0p8_LP40,0.75,130.0,41.44,15.0,0.8,0.4,S2a,800,1201,800,699,1.0,0.87375,155.4553028468094,155.25382752,0.1651039097873215,historical_extension
L75_Ts130_Tr41p44_dT15_F0p8_LP40,0.75,130.0,41.44,15.0,0.8,0.4,S2b,800,1201,800,800,1.0,1.0,177.68678399983838,177.68678399999996,0.1968144925561754,historical_extension
L75_Ts130_Tr41p44_dT15_F0p8_LP45,0.75,130.0,41.44,15.0,0.8,0.45,S1,800,1201,800,666,1.0,0.8325,148.13311328202138,147.92424767999998,0.2448878811270457,historical_extension
L75_Ts130_Tr41p44_dT15_F0p8_LP45,0.75,130.0,41.44,15.0,0.8,0.45,S2a,800,1201,800,699,1.0,0.87375,155.4553028468094,155.25382752,0.1651039097873215,historical_extension
L75_Ts130_Tr41p44_dT15_F0p8_LP45,0.75,130.0,41.44,15.0,0.8,0.45,S2b,800,1201,800,800,1.0,1.0,177.68678399983838,177.68678399999996,0.1968144925561754,historical_extension
L75_Ts130_Tr41p44_dT15_F1p0_LP20,0.75,130.0,41.44,15.0,1.0,0.2,S1,800,1201,800,642,1.0,0.8025,178.25058120184406,178.24205519999998,0.2433399058674963,historical_extension
L75_Ts130_Tr41p44_dT15_F1p0_LP20,0.75,130.0,41.44,15.0,1.0,0.2,S2a,800,1201,800,680,1.0,0.85,188.8927948280125,188.792208,0.1648896662813335,historical_extension
L75_Ts130_Tr41p44_dT15_F1p0_LP20,0.75,130.0,41.44,15.0,1.0,0.2,S2b,800,1201,800,800,1.0,1.0,222.108479999798,222.10848,0.198981549954342,historical_extension
L75_Ts130_Tr41p44_dT15_F1p0_LP30,0.75,130.0,41.44,15.0,1.0,0.3,S1,800,1201,800,642,1.0,0.8025,178.25058120184406,178.24205519999998,0.2433399058674963,historical_extension
L75_Ts130_Tr41p44_dT15_F1p0_LP30,0.75,130.0,41.44,15.0,1.0,0.3,S2a,800,1201,800,680,1.0,0.85,188.8927948280125,188.792208,0.1648896662813335,historical_extension
L75_Ts130_Tr41p44_dT15_F1p0_LP30,0.75,130.0,41.44,15.0,1.0,0.3,S2b,800,1201,800,800,1.0,1.0,222.108479999798,222.10848,0.198981549954342,historical_extension
L75_Ts130_Tr41p44_dT15_F1p0_LP40,0.75,130.0,41.44,15.0,1.0,0.4,S1,800,1201,800,642,1.0,0.8025,178.25058120184406,178.24205519999998,0.2433399058674963,historical_extension
L75_Ts130_Tr41p44_dT15_F1p0_LP40,0.75,130.0,41.44,15.0,1.0,0.4,S2a,800,1201,800,680,1.0,0.85,188.8927948280125,188.792208,0.1648896662813335,historical_extension
L75_Ts130_Tr41p44_dT15_F1p0_LP40,0.75,130.0,41.44,15.0,1.0,0.4,S2b,800,1201,800,800,1.0,1.0,222.108479999798,222.10848,0.198981549954342,historical_extension
L75_Ts130_Tr41p44_dT15_F1p0_LP45,0.75,130.0,41.44,15.0,1.0,0.45,S1,800,1201,800,642,1.0,0.8025,178.25058120184406,178.24205519999998,0.2433399058674963,historical_extension
L75_Ts130_Tr41p44_dT15_F1p0_LP45,0.75,130.0,41.44,15.0,1.0,0.45,S2a,800,1201,800,680,1.0,0.85,188.8927948280125,188.792208,0.1648896662813335,historical_extension
L75_Ts130_Tr41p44_dT15_F1p0_LP45,0.75,130.0,41.44,15.0,1.0,0.45,S2b,800,1201,800,800,1.0,1.0,222.108479999798,222.10848,0.198981549954342,historical_extension
L75_Ts130_Tr41p44_dT15_F1p2_LP20,0.75,130.0,41.44,15.0,1.2,0.2,S1,800,1201,800,617,1.0,0.77125,205.78572586821596,205.56139824,0.2419447471783595,historical_extension
L75_Ts130_Tr41p44_dT15_F1p2_LP20,0.75,130.0,41.44,15.0,1.2,0.2,S2a,800,1201,800,660,1.0,0.825,219.8997413381335,219.8873952,0.1646547481907984,historical_extension
L75_Ts130_Tr41p44_dT15_F1p2_LP20,0.75,130.0,41.44,15.0,1.2,0.2,S2b,800,1201,800,800,1.0,1.0,266.5301759997576,266.530176,0.2012544903356854,historical_extension
L75_Ts130_Tr41p44_dT15_F1p2_LP30,0.75,130.0,41.44,15.0,1.2,0.3,S1,800,1201,800,617,1.0,0.77125,205.78572586821596,205.56139824,0.2419447471783595,historical_extension
L75_Ts130_Tr41p44_dT15_F1p2_LP30,0.75,130.0,41.44,15.0,1.2,0.3,S2a,800,1201,800,660,1.0,0.825,219.8997413381335,219.8873952,0.1646547481907984,historical_extension
L75_Ts130_Tr41p44_dT15_F1p2_LP30,0.75,130.0,41.44,15.0,1.2,0.3,S2b,800,1201,800,800,1.0,1.0,266.5301759997576,266.530176,0.2012544903356854,historical_extension
L75_Ts130_Tr41p44_dT15_F1p2_LP40,0.75,130.0,41.44,15.0,1.2,0.4,S1,800,1201,800,617,1.0,0.77125,205.78572586821596,205.56139824,0.2419447471783595,historical_extension
L75_Ts130_Tr41p44_dT15_F1p2_LP40,0.75,130.0,41.44,15.0,1.2,0.4,S2a,800,1201,800,660,1.0,0.825,219.8997413381335,219.8873952,0.1646547481907984,historical_extension
L75_Ts130_Tr41p44_dT15_F1p2_LP40,0.75,130.0,41.44,15.0,1.2,0.4,S2b,800,1201,800,800,1.0,1.0,266.5301759997576,266.530176,0.2012544903356854,historical_extension
L75_Ts130_Tr41p44_dT15_F1p2_LP45,0.75,130.0,41.44,15.0,1.2,0.45,S1,800,1201,716,617,0.895,0.77125,205.78572586830995,205.56139824,0.2419447471783595,historical_extension
L75_Ts130_Tr41p44_dT15_F1p2_LP45,0.75,130.0,41.44,15.0,1.2,0.45,S2a,800,1201,722,660,0.9025,0.825,219.89974133820067,219.8873952,0.1646547481907984,historical_extension
L75_Ts130_Tr41p44_dT15_F1p2_LP45,0.75,130.0,41.44,15.0,1.2,0.45,S2b,800,1201,800,800,1.0,1.0,266.5301759997576,266.530176,0.2018768105845715,historical_extension
L75_Ts130_Tr50p0_dT5_F0p8_LP20,0.75,130.0,50.0,5.0,0.8,0.2,S1,800,1201,800,750,1.0,0.9375,150.5854759358265,150.48,0.2447587214963534,narrow_sensitivity
L75_Ts130_Tr50p0_dT5_F0p8_LP20,0.75,130.0,50.0,5.0,0.8,0.2,S2a,800,1201,800,788,1.0,0.985,158.2757335195828,158.10431999999997,0.1640809820798746,narrow_sensitivity
L75_Ts130_Tr50p0_dT5_F0p8_LP20,0.75,130.0,50.0,5.0,0.8,0.2,S2b,800,1201,800,800,1.0,1.0,160.51199999985397,160.51199999999997,0.1859909903523885,narrow_sensitivity
L75_Ts130_Tr50p0_dT5_F0p8_LP30,0.75,130.0,50.0,5.0,0.8,0.3,S1,800,1201,800,750,1.0,0.9375,150.5854759358265,150.48,0.2447587214963534,narrow_sensitivity
L75_Ts130_Tr50p0_dT5_F0p8_LP30,0.75,130.0,50.0,5.0,0.8,0.3,S2a,800,1201,800,788,1.0,0.985,158.2757335195828,158.10431999999997,0.1640809820798746,narrow_sensitivity
L75_Ts130_Tr50p0_dT5_F0p8_LP30,0.75,130.0,50.0,5.0,0.8,0.3,S2b,800,1201,800,800,1.0,1.0,160.51199999985397,160.51199999999997,0.1859909903523885,narrow_sensitivity
L75_Ts130_Tr50p0_dT5_F0p8_LP40,0.75,130.0,50.0,5.0,0.8,0.4,S1,800,1201,800,750,1.0,0.9375,150.5854759358265,150.48,0.2447587214963534,narrow_sensitivity
L75_Ts130_Tr50p0_dT5_F0p8_LP40,0.75,130.0,50.0,5.0,0.8,0.4,S2a,800,1201,800,788,1.0,0.985,158.2757335195828,158.10431999999997,0.1640809820798746,narrow_sensitivity
L75_Ts130_Tr50p0_dT5_F0p8_LP40,0.75,130.0,50.0,5.0,0.8,0.4,S2b,800,1201,800,800,1.0,1.0,160.51199999985397,160.51199999999997,0.1859909903523885,narrow_sensitivity
L75_Ts130_Tr50p0_dT5_F0p8_LP45,0.75,130.0,50.0,5.0,0.8,0.45,S1,800,1201,800,750,1.0,0.9375,150.5854759358265,150.48,0.2447587214963534,narrow_sensitivity
L75_Ts130_Tr50p0_dT5_F0p8_LP45,0.75,130.0,50.0,5.0,0.8,0.45,S2a,800,1201,800,788,1.0,0.985,158.2757335195828,158.10431999999997,0.1640809820798746,narrow_sensitivity
L75_Ts130_Tr50p0_dT5_F0p8_LP45,0.75,130.0,50.0,5.0,0.8,0.45,S2b,800,1201,800,800,1.0,1.0,160.51199999985397,160.51199999999997,0.1859909903523885,narrow_sensitivity
L75_Ts130_Tr50p0_dT5_F1p0_LP20,0.75,130.0,50.0,5.0,1.0,0.2,S1,800,1201,800,722,1.0,0.9025,181.16691129766696,181.0776,0.2431967601640561,narrow_sensitivity
L75_Ts130_Tr50p0_dT5_F1p0_LP20,0.75,130.0,50.0,5.0,1.0,0.2,S2a,800,1201,800,766,1.0,0.9575,192.3470194530409,192.1128,0.1638084974134753,narrow_sensitivity
L75_Ts130_Tr50p0_dT5_F1p0_LP20,0.75,130.0,50.0,5.0,1.0,0.2,S2b,800,1201,800,800,1.0,1.0,200.63999999981752,200.64,0.1881091712203977,narrow_sensitivity
L75_Ts130_Tr50p0_dT5_F1p0_LP30,0.75,130.0,50.0,5.0,1.0,0.3,S1,800,1201,800,722,1.0,0.9025,181.16691129766696,181.0776,0.2431967601640561,main_reference
L75_Ts130_Tr50p0_dT5_F1p0_LP30,0.75,130.0,50.0,5.0,1.0,0.3,S2a,800,1201,800,766,1.0,0.9575,192.3470194530409,192.1128,0.1638084974134753,main_reference
L75_Ts130_Tr50p0_dT5_F1p0_LP30,0.75,130.0,50.0,5.0,1.0,0.3,S2b,800,1201,800,800,1.0,1.0,200.63999999981752,200.64,0.1881091712203977,main_reference
L75_Ts130_Tr50p0_dT5_F1p0_LP40,0.75,130.0,50.0,5.0,1.0,0.4,S1,800,1201,800,722,1.0,0.9025,181.16691129766696,181.0776,0.2431967601640561,narrow_sensitivity
L75_Ts130_Tr50p0_dT5_F1p0_LP40,0.75,130.0,50.0,5.0,1.0,0.4,S2a,800,1201,800,766,1.0,0.9575,192.3470194530409,192.1128,0.1638084974134753,narrow_sensitivity
L75_Ts130_Tr50p0_dT5_F1p0_LP40,0.75,130.0,50.0,5.0,1.0,0.4,S2b,800,1201,800,800,1.0,1.0,200.63999999981752,200.64,0.1881091712203977,narrow_sensitivity
L75_Ts130_Tr50p0_dT5_F1p0_LP45,0.75,130.0,50.0,5.0,1.0,0.45,S1,800,1201,800,722,1.0,0.9025,181.16691129766696,181.0776,0.2431967601640561,narrow_sensitivity
L75_Ts130_Tr50p0_dT5_F1p0_LP45,0.75,130.0,50.0,5.0,1.0,0.45,S2a,800,1201,800,766,1.0,0.9575,192.3470194530409,192.1128,0.1638084974134753,narrow_sensitivity
L75_Ts130_Tr50p0_dT5_F1p0_LP45,0.75,130.0,50.0,5.0,1.0,0.45,S2b,800,1201,800,800,1.0,1.0,200.63999999981752,200.64,0.1881091712203977,narrow_sensitivity
L75_Ts130_Tr50p0_dT5_F1p2_LP20,0.75,130.0,50.0,5.0,1.2,0.2,S1,800,1201,800,694,1.0,0.8675,209.10376726273176,208.86623999999995,0.2417779573172067,narrow_sensitivity
L75_Ts130_Tr50p0_dT5_F1p2_LP20,0.75,130.0,50.0,5.0,1.2,0.2,S2a,800,1201,800,744,1.0,0.93,223.9686756015848,223.91424,0.1635800148866343,narrow_sensitivity
L75_Ts130_Tr50p0_dT5_F1p2_LP20,0.75,130.0,50.0,5.0,1.2,0.2,S2b,800,1201,800,800,1.0,1.0,240.767999999781,240.76799999999997,0.1903582064103104,narrow_sensitivity
L75_Ts130_Tr50p0_dT5_F1p2_LP30,0.75,130.0,50.0,5.0,1.2,0.3,S1,800,1201,800,694,1.0,0.8675,209.10376726273176,208.86623999999995,0.2417779573172067,narrow_sensitivity
L75_Ts130_Tr50p0_dT5_F1p2_LP30,0.75,130.0,50.0,5.0,1.2,0.3,S2a,800,1201,800,744,1.0,0.93,223.9686756015848,223.91424,0.1635800148866343,narrow_sensitivity
L75_Ts130_Tr50p0_dT5_F1p2_LP30,0.75,130.0,50.0,5.0,1.2,0.3,S2b,800,1201,800,800,1.0,1.0,240.767999999781,240.76799999999997,0.1903582064103104,narrow_sensitivity
L75_Ts130_Tr50p0_dT5_F1p2_LP40,0.75,130.0,50.0,5.0,1.2,0.4,S1,800,1201,800,694,1.0,0.8675,209.10376726273176,208.86623999999995,0.2417779573172067,narrow_sensitivity
L75_Ts130_Tr50p0_dT5_F1p2_LP40,0.75,130.0,50.0,5.0,1.2,0.4,S2a,800,1201,800,744,1.0,0.93,223.9686756015848,223.91424,0.1635800148866343,narrow_sensitivity
L75_Ts130_Tr50p0_dT5_F1p2_LP40,0.75,130.0,50.0,5.0,1.2,0.4,S2b,800,1201,800,800,1.0,1.0,240.767999999781,240.76799999999997,0.1903582064103104,narrow_sensitivity
L75_Ts130_Tr50p0_dT5_F1p2_LP45,0.75,130.0,50.0,5.0,1.2,0.45,S1,800,1201,793,694,0.99125,0.8675,209.10376726265892,208.86623999999995,0.2417779573172067,narrow_sensitivity
L75_Ts130_Tr50p0_dT5_F1p2_LP45,0.75,130.0,50.0,5.0,1.2,0.45,S2a,800,1201,800,744,1.0,0.93,223.96867560145017,223.91424,0.1635800148866343,narrow_sensitivity
L75_Ts130_Tr50p0_dT5_F1p2_LP45,0.75,130.0,50.0,5.0,1.2,0.45,S2b,800,1201,800,800,1.0,1.0,240.767999999781,240.76799999999997,0.1903582064103104,narrow_sensitivity
L75_Ts130_Tr50p0_dT10_F0p8_LP20,0.75,130.0,50.0,10.0,0.8,0.2,S1,800,1201,800,708,1.0,0.885,142.06200539490993,142.05311999999998,0.245188196952697,narrow_sensitivity
L75_Ts130_Tr50p0_dT10_F0p8_LP20,0.75,130.0,50.0,10.0,0.8,0.2,S2a,800,1201,800,740,1.0,0.925,148.50982378364307,148.47359999999998,0.1679475989424478,narrow_sensitivity
L75_Ts130_Tr50p0_dT10_F0p8_LP20,0.75,130.0,50.0,10.0,0.8,0.2,S2b,800,1201,800,800,1.0,1.0,160.51199999985397,160.51199999999997,0.1975375221178262,narrow_sensitivity
L75_Ts130_Tr50p0_dT10_F0p8_LP30,0.75,130.0,50.0,10.0,0.8,0.3,S1,800,1201,800,708,1.0,0.885,142.06200539490993,142.05311999999998,0.245188196952697,narrow_sensitivity
L75_Ts130_Tr50p0_dT10_F0p8_LP30,0.75,130.0,50.0,10.0,0.8,0.3,S2a,800,1201,800,740,1.0,0.925,148.50982378364307,148.47359999999998,0.1679475989424478,narrow_sensitivity
L75_Ts130_Tr50p0_dT10_F0p8_LP30,0.75,130.0,50.0,10.0,0.8,0.3,S2b,800,1201,800,800,1.0,1.0,160.51199999985397,160.51199999999997,0.1975375221178262,narrow_sensitivity
L75_Ts130_Tr50p0_dT10_F0p8_LP40,0.75,130.0,50.0,10.0,0.8,0.4,S1,800,1201,800,708,1.0,0.885,142.06200539490993,142.05311999999998,0.245188196952697,narrow_sensitivity
L75_Ts130_Tr50p0_dT10_F0p8_LP40,0.75,130.0,50.0,10.0,0.8,0.4,S2a,800,1201,800,740,1.0,0.925,148.50982378364307,148.47359999999998,0.1679475989424478,narrow_sensitivity
L75_Ts130_Tr50p0_dT10_F0p8_LP40,0.75,130.0,50.0,10.0,0.8,0.4,S2b,800,1201,800,800,1.0,1.0,160.51199999985397,160.51199999999997,0.1975375221178262,narrow_sensitivity
L75_Ts130_Tr50p0_dT10_F0p8_LP45,0.75,130.0,50.0,10.0,0.8,0.45,S1,800,1201,800,708,1.0,0.885,142.06200539490993,142.05311999999998,0.245188196952697,narrow_sensitivity
L75_Ts130_Tr50p0_dT10_F0p8_LP45,0.75,130.0,50.0,10.0,0.8,0.45,S2a,800,1201,800,740,1.0,0.925,148.50982378364307,148.47359999999998,0.1679475989424478,narrow_sensitivity
L75_Ts130_Tr50p0_dT10_F0p8_LP45,0.75,130.0,50.0,10.0,0.8,0.45,S2b,800,1201,800,800,1.0,1.0,160.51199999985397,160.51199999999997,0.1975375221178262,narrow_sensitivity
L75_Ts130_Tr50p0_dT10_F1p0_LP20,0.75,130.0,50.0,10.0,1.0,0.2,S1,800,1201,800,681,1.0,0.85125,171.0244713303345,170.7948,0.2437208224768563,narrow_sensitivity
L75_Ts130_Tr50p0_dT10_F1p0_LP20,0.75,130.0,50.0,10.0,1.0,0.2,S2a,800,1201,800,719,1.0,0.89875,180.33089651197224,180.3252,0.1677543776355283,narrow_sensitivity
L75_Ts130_Tr50p0_dT10_F1p0_LP20,0.75,130.0,50.0,10.0,1.0,0.2,S2b,800,1201,800,800,1.0,1.0,200.63999999981752,200.64,0.1997802932153985,narrow_sensitivity
L75_Ts130_Tr50p0_dT10_F1p0_LP30,0.75,130.0,50.0,10.0,1.0,0.3,S1,800,1201,800,681,1.0,0.85125,171.0244713303345,170.7948,0.2437208224768563,narrow_sensitivity
L75_Ts130_Tr50p0_dT10_F1p0_LP30,0.75,130.0,50.0,10.0,1.0,0.3,S2a,800,1201,800,719,1.0,0.89875,180.33089651197224,180.3252,0.1677543776355283,narrow_sensitivity
L75_Ts130_Tr50p0_dT10_F1p0_LP30,0.75,130.0,50.0,10.0,1.0,0.3,S2b,800,1201,800,800,1.0,1.0,200.63999999981752,200.64,0.1997802932153985,narrow_sensitivity
L75_Ts130_Tr50p0_dT10_F1p0_LP40,0.75,130.0,50.0,10.0,1.0,0.4,S1,800,1201,800,681,1.0,0.85125,171.0244713303345,170.7948,0.2437208224768563,narrow_sensitivity
L75_Ts130_Tr50p0_dT10_F1p0_LP40,0.75,130.0,50.0,10.0,1.0,0.4,S2a,800,1201,800,719,1.0,0.89875,180.33089651197224,180.3252,0.1677543776355283,narrow_sensitivity
L75_Ts130_Tr50p0_dT10_F1p0_LP40,0.75,130.0,50.0,10.0,1.0,0.4,S2b,800,1201,800,800,1.0,1.0,200.63999999981752,200.64,0.1997802932153985,narrow_sensitivity
L75_Ts130_Tr50p0_dT10_F1p0_LP45,0.75,130.0,50.0,10.0,1.0,0.45,S1,800,1201,800,681,1.0,0.85125,171.0244713303345,170.7948,0.2437208224768563,narrow_sensitivity
L75_Ts130_Tr50p0_dT10_F1p0_LP45,0.75,130.0,50.0,10.0,1.0,0.45,S2a,800,1201,800,719,1.0,0.89875,180.33089651197224,180.3252,0.1677543776355283,narrow_sensitivity
L75_Ts130_Tr50p0_dT10_F1p0_LP45,0.75,130.0,50.0,10.0,1.0,0.45,S2b,800,1201,800,800,1.0,1.0,200.63999999981752,200.64,0.1997802932153985,narrow_sensitivity
L75_Ts130_Tr50p0_dT10_F1p2_LP20,0.75,130.0,50.0,10.0,1.2,0.2,S1,800,1201,800,656,1.0,0.82,197.55486976530307,197.42976,0.2423608168651016,narrow_sensitivity
L75_Ts130_Tr50p0_dT10_F1p2_LP20,0.75,130.0,50.0,10.0,1.2,0.2,S2a,800,1201,800,697,1.0,0.87125,209.80241259720472,209.76912,0.167527978261009,narrow_sensitivity
L75_Ts130_Tr50p0_dT10_F1p2_LP20,0.75,130.0,50.0,10.0,1.2,0.2,S2b,800,1201,800,800,1.0,1.0,240.767999999781,240.76799999999997,0.2021149017556759,narrow_sensitivity
L75_Ts130_Tr50p0_dT10_F1p2_LP30,0.75,130.0,50.0,10.0,1.2,0.3,S1,800,1201,800,656,1.0,0.82,197.55486976530307,197.42976,0.2423608168651016,narrow_sensitivity
L75_Ts130_Tr50p0_dT10_F1p2_LP30,0.75,130.0,50.0,10.0,1.2,0.3,S2a,800,1201,800,697,1.0,0.87125,209.80241259720472,209.76912,0.167527978261009,narrow_sensitivity
L75_Ts130_Tr50p0_dT10_F1p2_LP30,0.75,130.0,50.0,10.0,1.2,0.3,S2b,800,1201,800,800,1.0,1.0,240.767999999781,240.76799999999997,0.2021149017556759,narrow_sensitivity
L75_Ts130_Tr50p0_dT10_F1p2_LP40,0.75,130.0,50.0,10.0,1.2,0.4,S1,800,1201,800,656,1.0,0.82,197.55486976530307,197.42976,0.2423608168651016,narrow_sensitivity
L75_Ts130_Tr50p0_dT10_F1p2_LP40,0.75,130.0,50.0,10.0,1.2,0.4,S2a,800,1201,800,697,1.0,0.87125,209.80241259720472,209.76912,0.167527978261009,narrow_sensitivity
L75_Ts130_Tr50p0_dT10_F1p2_LP40,0.75,130.0,50.0,10.0,1.2,0.4,S2b,800,1201,800,800,1.0,1.0,240.767999999781,240.76799999999997,0.2021149017556759,narrow_sensitivity
L75_Ts130_Tr50p0_dT10_F1p2_LP45,0.75,130.0,50.0,10.0,1.2,0.45,S1,800,1201,793,656,0.99125,0.82,197.5548697652099,197.42976,0.2423608168651016,narrow_sensitivity
L75_Ts130_Tr50p0_dT10_F1p2_LP45,0.75,130.0,50.0,10.0,1.2,0.45,S2a,800,1201,800,697,1.0,0.87125,209.802412597144,209.76912,0.167527978261009,narrow_sensitivity
L75_Ts130_Tr50p0_dT10_F1p2_LP45,0.75,130.0,50.0,10.0,1.2,0.45,S2b,800,1201,800,800,1.0,1.0,240.767999999781,240.76799999999997,0.2021149017556759,narrow_sensitivity
L75_Ts130_Tr50p0_dT15_F0p8_LP20,0.75,130.0,50.0,15.0,0.8,0.2,S1,800,1201,800,665,1.0,0.83125,133.51558843253133,133.42559999999995,0.245627898015144,narrow_sensitivity
L75_Ts130_Tr50p0_dT15_F0p8_LP20,0.75,130.0,50.0,15.0,0.8,0.2,S2a,800,1201,800,691,1.0,0.86375,138.7261219667983,138.64224,0.1726436286589229,narrow_sensitivity
L75_Ts130_Tr50p0_dT15_F0p8_LP20,0.75,130.0,50.0,15.0,0.8,0.2,S2b,800,1201,800,800,1.0,1.0,160.51199999985397,160.51199999999997,0.2108617450168081,narrow_sensitivity
L75_Ts130_Tr50p0_dT15_F0p8_LP30,0.75,130.0,50.0,15.0,0.8,0.3,S1,800,1201,800,665,1.0,0.83125,133.51558843253133,133.42559999999995,0.245627898015144,narrow_sensitivity
L75_Ts130_Tr50p0_dT15_F0p8_LP30,0.75,130.0,50.0,15.0,0.8,0.3,S2a,800,1201,800,691,1.0,0.86375,138.7261219667983,138.64224,0.1726436286589229,narrow_sensitivity
L75_Ts130_Tr50p0_dT15_F0p8_LP30,0.75,130.0,50.0,15.0,0.8,0.3,S2b,800,1201,800,800,1.0,1.0,160.51199999985397,160.51199999999997,0.2108617450168081,narrow_sensitivity
L75_Ts130_Tr50p0_dT15_F0p8_LP40,0.75,130.0,50.0,15.0,0.8,0.4,S1,800,1201,800,665,1.0,0.83125,133.51558843253133,133.42559999999995,0.245627898015144,narrow_sensitivity
L75_Ts130_Tr50p0_dT15_F0p8_LP40,0.75,130.0,50.0,15.0,0.8,0.4,S2a,800,1201,800,691,1.0,0.86375,138.7261219667983,138.64224,0.1726436286589229,narrow_sensitivity
L75_Ts130_Tr50p0_dT15_F0p8_LP40,0.75,130.0,50.0,15.0,0.8,0.4,S2b,800,1201,800,800,1.0,1.0,160.51199999985397,160.51199999999997,0.2108617450168081,narrow_sensitivity
L75_Ts130_Tr50p0_dT15_F0p8_LP45,0.75,130.0,50.0,15.0,0.8,0.45,S1,800,1201,800,665,1.0,0.83125,133.51558843253133,133.42559999999995,0.245627898015144,narrow_sensitivity
L75_Ts130_Tr50p0_dT15_F0p8_LP45,0.75,130.0,50.0,15.0,0.8,0.45,S2a,800,1201,800,691,1.0,0.86375,138.7261219667983,138.64224,0.1726436286589229,narrow_sensitivity
L75_Ts130_Tr50p0_dT15_F0p8_LP45,0.75,130.0,50.0,15.0,0.8,0.45,S2b,800,1201,800,800,1.0,1.0,160.51199999985397,160.51199999999997,0.2108617450168081,narrow_sensitivity
L75_Ts130_Tr50p0_dT15_F1p0_LP20,0.75,130.0,50.0,15.0,1.0,0.2,S1,800,1201,800,641,1.0,0.80125,160.8372754607547,160.7628,0.2442321027820273,narrow_sensitivity
L75_Ts130_Tr50p0_dT15_F1p0_LP20,0.75,130.0,50.0,15.0,1.0,0.2,S2a,800,1201,800,670,1.0,0.8375,168.26269758444852,168.03599999999997,0.1724718879298287,narrow_sensitivity
L75_Ts130_Tr50p0_dT15_F1p0_LP20,0.75,130.0,50.0,15.0,1.0,0.2,S2b,800,1201,800,800,1.0,1.0,200.63999999981752,200.64,0.2131680870283593,narrow_sensitivity
L75_Ts130_Tr50p0_dT15_F1p0_LP30,0.75,130.0,50.0,15.0,1.0,0.3,S1,800,1201,800,641,1.0,0.80125,160.8372754607547,160.7628,0.2442321027820273,narrow_sensitivity
L75_Ts130_Tr50p0_dT15_F1p0_LP30,0.75,130.0,50.0,15.0,1.0,0.3,S2a,800,1201,800,670,1.0,0.8375,168.26269758444852,168.03599999999997,0.1724718879298287,narrow_sensitivity
L75_Ts130_Tr50p0_dT15_F1p0_LP30,0.75,130.0,50.0,15.0,1.0,0.3,S2b,800,1201,800,800,1.0,1.0,200.63999999981752,200.64,0.2131680870283593,narrow_sensitivity
L75_Ts130_Tr50p0_dT15_F1p0_LP40,0.75,130.0,50.0,15.0,1.0,0.4,S1,800,1201,800,641,1.0,0.80125,160.8372754607547,160.7628,0.2442321027820273,narrow_sensitivity
L75_Ts130_Tr50p0_dT15_F1p0_LP40,0.75,130.0,50.0,15.0,1.0,0.4,S2a,800,1201,800,670,1.0,0.8375,168.26269758444852,168.03599999999997,0.1724718879298287,narrow_sensitivity
L75_Ts130_Tr50p0_dT15_F1p0_LP40,0.75,130.0,50.0,15.0,1.0,0.4,S2b,800,1201,800,800,1.0,1.0,200.63999999981752,200.64,0.2131680870283593,narrow_sensitivity
L75_Ts130_Tr50p0_dT15_F1p0_LP45,0.75,130.0,50.0,15.0,1.0,0.45,S1,800,1201,800,641,1.0,0.80125,160.8372754607547,160.7628,0.2442321027820273,narrow_sensitivity
L75_Ts130_Tr50p0_dT15_F1p0_LP45,0.75,130.0,50.0,15.0,1.0,0.45,S2a,800,1201,800,670,1.0,0.8375,168.26269758444852,168.03599999999997,0.1724718879298287,narrow_sensitivity
L75_Ts130_Tr50p0_dT15_F1p0_LP45,0.75,130.0,50.0,15.0,1.0,0.45,S2b,800,1201,800,800,1.0,1.0,200.63999999981752,200.64,0.2131680870283593,narrow_sensitivity
L75_Ts130_Tr50p0_dT15_F1p2_LP20,0.75,130.0,50.0,15.0,1.2,0.2,S1,800,1201,800,617,1.0,0.77125,185.929525271935,185.69232,0.2429590148221516,narrow_sensitivity
L75_Ts130_Tr50p0_dT15_F1p2_LP20,0.75,130.0,50.0,15.0,1.2,0.2,S2a,800,1201,800,649,1.0,0.81125,195.59491571821889,195.32304,0.1723086687672376,narrow_sensitivity
L75_Ts130_Tr50p0_dT15_F1p2_LP20,0.75,130.0,50.0,15.0,1.2,0.2,S2b,800,1201,800,800,1.0,1.0,240.767999999781,240.76799999999997,0.2155180574711032,narrow_sensitivity
L75_Ts130_Tr50p0_dT15_F1p2_LP30,0.75,130.0,50.0,15.0,1.2,0.3,S1,800,1201,800,617,1.0,0.77125,185.929525271935,185.69232,0.2429590148221516,narrow_sensitivity
L75_Ts130_Tr50p0_dT15_F1p2_LP30,0.75,130.0,50.0,15.0,1.2,0.3,S2a,800,1201,800,649,1.0,0.81125,195.59491571821889,195.32304,0.1723086687672376,narrow_sensitivity
L75_Ts130_Tr50p0_dT15_F1p2_LP30,0.75,130.0,50.0,15.0,1.2,0.3,S2b,800,1201,800,800,1.0,1.0,240.767999999781,240.76799999999997,0.2155180574711032,narrow_sensitivity
L75_Ts130_Tr50p0_dT15_F1p2_LP40,0.75,130.0,50.0,15.0,1.2,0.4,S1,800,1201,800,617,1.0,0.77125,185.929525271935,185.69232,0.2429590148221516,narrow_sensitivity
L75_Ts130_Tr50p0_dT15_F1p2_LP40,0.75,130.0,50.0,15.0,1.2,0.4,S2a,800,1201,800,649,1.0,0.81125,195.59491571821889,195.32304,0.1723086687672376,narrow_sensitivity
L75_Ts130_Tr50p0_dT15_F1p2_LP40,0.75,130.0,50.0,15.0,1.2,0.4,S2b,800,1201,800,800,1.0,1.0,240.767999999781,240.76799999999997,0.2155180574711032,narrow_sensitivity
L75_Ts130_Tr50p0_dT15_F1p2_LP45,0.75,130.0,50.0,15.0,1.2,0.45,S1,800,1201,793,617,0.99125,0.77125,185.92952527174725,185.69232,0.2429590148221516,narrow_sensitivity
L75_Ts130_Tr50p0_dT15_F1p2_LP45,0.75,130.0,50.0,15.0,1.2,0.45,S2a,800,1201,800,649,1.0,0.81125,195.59491571816372,195.32304,0.1723086687672376,narrow_sensitivity
L75_Ts130_Tr50p0_dT15_F1p2_LP45,0.75,130.0,50.0,15.0,1.2,0.45,S2b,800,1201,800,800,1.0,1.0,240.767999999781,240.76799999999997,0.2155180574711032,narrow_sensitivity
L75_Ts130_Tr60p0_dT5_F0p8_LP20,0.75,130.0,60.0,5.0,0.8,0.2,S1,800,1201,800,760,1.0,0.95,133.51558843265906,133.42559999999995,0.245629176215907,narrow_sensitivity
L75_Ts130_Tr60p0_dT5_F0p8_LP20,0.75,130.0,60.0,5.0,0.8,0.2,S2a,800,1201,800,790,1.0,0.9875,138.72612196683485,138.6924,0.1726514513551227,narrow_sensitivity
L75_Ts130_Tr60p0_dT5_F0p8_LP20,0.75,130.0,60.0,5.0,0.8,0.2,S2b,800,1201,800,800,1.0,1.0,140.44799999987225,140.44799999999998,0.2009174821824898,narrow_sensitivity
L75_Ts130_Tr60p0_dT5_F0p8_LP30,0.75,130.0,60.0,5.0,0.8,0.3,S1,800,1201,800,760,1.0,0.95,133.51558843265906,133.42559999999995,0.245629176215907,narrow_sensitivity
L75_Ts130_Tr60p0_dT5_F0p8_LP30,0.75,130.0,60.0,5.0,0.8,0.3,S2a,800,1201,800,790,1.0,0.9875,138.72612196683485,138.6924,0.1726514513551227,narrow_sensitivity
L75_Ts130_Tr60p0_dT5_F0p8_LP30,0.75,130.0,60.0,5.0,0.8,0.3,S2b,800,1201,800,800,1.0,1.0,140.44799999987225,140.44799999999998,0.2009174821824898,narrow_sensitivity
L75_Ts130_Tr60p0_dT5_F0p8_LP40,0.75,130.0,60.0,5.0,0.8,0.4,S1,800,1201,800,760,1.0,0.95,133.51558843265906,133.42559999999995,0.245629176215907,narrow_sensitivity
L75_Ts130_Tr60p0_dT5_F0p8_LP40,0.75,130.0,60.0,5.0,0.8,0.4,S2a,800,1201,800,790,1.0,0.9875,138.72612196683485,138.6924,0.1726514513551227,narrow_sensitivity
L75_Ts130_Tr60p0_dT5_F0p8_LP40,0.75,130.0,60.0,5.0,0.8,0.4,S2b,800,1201,800,800,1.0,1.0,140.44799999987225,140.44799999999998,0.2009174821824898,narrow_sensitivity
L75_Ts130_Tr60p0_dT5_F0p8_LP45,0.75,130.0,60.0,5.0,0.8,0.45,S1,800,1201,800,760,1.0,0.95,133.51558843265906,133.42559999999995,0.245629176215907,narrow_sensitivity
L75_Ts130_Tr60p0_dT5_F0p8_LP45,0.75,130.0,60.0,5.0,0.8,0.45,S2a,800,1201,800,790,1.0,0.9875,138.72612196683485,138.6924,0.1726514513551227,narrow_sensitivity
L75_Ts130_Tr60p0_dT5_F0p8_LP45,0.75,130.0,60.0,5.0,0.8,0.45,S2b,800,1201,800,800,1.0,1.0,140.44799999987225,140.44799999999998,0.2009174821824898,narrow_sensitivity
L75_Ts130_Tr60p0_dT5_F1p0_LP20,0.75,130.0,60.0,5.0,1.0,0.2,S1,800,1201,800,732,1.0,0.915,160.83727546073197,160.6374,0.2442400915367956,narrow_sensitivity
L75_Ts130_Tr60p0_dT5_F1p0_LP20,0.75,130.0,60.0,5.0,1.0,0.2,S2a,800,1201,800,766,1.0,0.9575,168.26269758447137,168.09869999999998,0.1724814688029206,narrow_sensitivity
L75_Ts130_Tr60p0_dT5_F1p0_LP20,0.75,130.0,60.0,5.0,1.0,0.2,S2b,800,1201,800,800,1.0,1.0,175.55999999984033,175.56,0.2032724042387739,narrow_sensitivity
L75_Ts130_Tr60p0_dT5_F1p0_LP30,0.75,130.0,60.0,5.0,1.0,0.3,S1,800,1201,800,732,1.0,0.915,160.83727546073197,160.6374,0.2442400915367956,main_reference
L75_Ts130_Tr60p0_dT5_F1p0_LP30,0.75,130.0,60.0,5.0,1.0,0.3,S2a,800,1201,800,766,1.0,0.9575,168.26269758447137,168.09869999999998,0.1724814688029206,main_reference
L75_Ts130_Tr60p0_dT5_F1p0_LP30,0.75,130.0,60.0,5.0,1.0,0.3,S2b,800,1201,800,800,1.0,1.0,175.55999999984033,175.56,0.2032724042387739,main_reference
L75_Ts130_Tr60p0_dT5_F1p0_LP40,0.75,130.0,60.0,5.0,1.0,0.4,S1,800,1201,800,732,1.0,0.915,160.83727546073197,160.6374,0.2442400915367956,narrow_sensitivity
L75_Ts130_Tr60p0_dT5_F1p0_LP40,0.75,130.0,60.0,5.0,1.0,0.4,S2a,800,1201,800,766,1.0,0.9575,168.26269758447137,168.09869999999998,0.1724814688029206,narrow_sensitivity
L75_Ts130_Tr60p0_dT5_F1p0_LP40,0.75,130.0,60.0,5.0,1.0,0.4,S2b,800,1201,800,800,1.0,1.0,175.55999999984033,175.56,0.2032724042387739,narrow_sensitivity
L75_Ts130_Tr60p0_dT5_F1p0_LP45,0.75,130.0,60.0,5.0,1.0,0.45,S1,800,1201,800,732,1.0,0.915,160.83727546073197,160.6374,0.2442400915367956,narrow_sensitivity
L75_Ts130_Tr60p0_dT5_F1p0_LP45,0.75,130.0,60.0,5.0,1.0,0.45,S2a,800,1201,800,766,1.0,0.9575,168.26269758447137,168.09869999999998,0.1724814688029206,narrow_sensitivity
L75_Ts130_Tr60p0_dT5_F1p0_LP45,0.75,130.0,60.0,5.0,1.0,0.45,S2b,800,1201,800,800,1.0,1.0,175.55999999984033,175.56,0.2032724042387739,narrow_sensitivity
L75_Ts130_Tr60p0_dT5_F1p2_LP20,0.75,130.0,60.0,5.0,1.2,0.2,S1,800,1201,800,706,1.0,0.8825,185.9295252717708,185.91804,0.2429494283164296,narrow_sensitivity
L75_Ts130_Tr60p0_dT5_F1p2_LP20,0.75,130.0,60.0,5.0,1.2,0.2,S2a,800,1201,800,742,1.0,0.9275,195.59491571821889,195.39828,0.1723155685912202,narrow_sensitivity
L75_Ts130_Tr60p0_dT5_F1p2_LP20,0.75,130.0,60.0,5.0,1.2,0.2,S2b,800,1201,800,800,1.0,1.0,210.6719999998084,210.672,0.2056978417771718,narrow_sensitivity
L75_Ts130_Tr60p0_dT5_F1p2_LP30,0.75,130.0,60.0,5.0,1.2,0.3,S1,800,1201,800,706,1.0,0.8825,185.9295252717708,185.91804,0.2429494283164296,narrow_sensitivity
L75_Ts130_Tr60p0_dT5_F1p2_LP30,0.75,130.0,60.0,5.0,1.2,0.3,S2a,800,1201,800,742,1.0,0.9275,195.59491571821889,195.39828,0.1723155685912202,narrow_sensitivity
L75_Ts130_Tr60p0_dT5_F1p2_LP30,0.75,130.0,60.0,5.0,1.2,0.3,S2b,800,1201,800,800,1.0,1.0,210.6719999998084,210.672,0.2056978417771718,narrow_sensitivity
L75_Ts130_Tr60p0_dT5_F1p2_LP40,0.75,130.0,60.0,5.0,1.2,0.4,S1,800,1201,800,706,1.0,0.8825,185.9295252717708,185.91804,0.2429494283164296,narrow_sensitivity
L75_Ts130_Tr60p0_dT5_F1p2_LP40,0.75,130.0,60.0,5.0,1.2,0.4,S2a,800,1201,800,742,1.0,0.9275,195.59491571821889,195.39828,0.1723155685912202,narrow_sensitivity
L75_Ts130_Tr60p0_dT5_F1p2_LP40,0.75,130.0,60.0,5.0,1.2,0.4,S2b,800,1201,800,800,1.0,1.0,210.6719999998084,210.672,0.2056978417771718,narrow_sensitivity
L75_Ts130_Tr60p0_dT5_F1p2_LP45,0.75,130.0,60.0,5.0,1.2,0.45,S1,800,1201,800,706,1.0,0.8825,185.9295252717708,185.91804,0.2429494283164296,narrow_sensitivity
L75_Ts130_Tr60p0_dT5_F1p2_LP45,0.75,130.0,60.0,5.0,1.2,0.45,S2a,800,1201,800,742,1.0,0.9275,195.59491571821889,195.39828,0.1723155685912202,narrow_sensitivity
L75_Ts130_Tr60p0_dT5_F1p2_LP45,0.75,130.0,60.0,5.0,1.2,0.45,S2b,800,1201,800,800,1.0,1.0,210.6719999998084,210.672,0.2056978417771718,narrow_sensitivity
L75_Ts130_Tr60p0_dT10_F0p8_LP20,0.75,130.0,60.0,10.0,0.8,0.2,S1,800,1201,800,711,1.0,0.88875,124.94695643286198,124.82316,0.2460675990775911,narrow_sensitivity
L75_Ts130_Tr60p0_dT10_F0p8_LP20,0.75,130.0,60.0,10.0,0.8,0.2,S2a,800,1201,800,734,1.0,0.9175,128.94807208062355,128.86103999999995,0.1785752416618099,narrow_sensitivity
L75_Ts130_Tr60p0_dT10_F0p8_LP20,0.75,130.0,60.0,10.0,0.8,0.2,S2b,800,1201,800,800,1.0,1.0,140.44799999987225,140.44799999999998,0.2168829130029411,narrow_sensitivity
L75_Ts130_Tr60p0_dT10_F0p8_LP30,0.75,130.0,60.0,10.0,0.8,0.3,S1,800,1201,800,711,1.0,0.88875,124.94695643286198,124.82316,0.2460675990775911,narrow_sensitivity
L75_Ts130_Tr60p0_dT10_F0p8_LP30,0.75,130.0,60.0,10.0,0.8,0.3,S2a,800,1201,800,734,1.0,0.9175,128.94807208062355,128.86103999999995,0.1785752416618099,narrow_sensitivity
L75_Ts130_Tr60p0_dT10_F0p8_LP30,0.75,130.0,60.0,10.0,0.8,0.3,S2b,800,1201,800,800,1.0,1.0,140.44799999987225,140.44799999999998,0.2168829130029411,narrow_sensitivity
L75_Ts130_Tr60p0_dT10_F0p8_LP40,0.75,130.0,60.0,10.0,0.8,0.4,S1,800,1201,800,711,1.0,0.88875,124.94695643286198,124.82316,0.2460675990775911,narrow_sensitivity
L75_Ts130_Tr60p0_dT10_F0p8_LP40,0.75,130.0,60.0,10.0,0.8,0.4,S2a,800,1201,800,734,1.0,0.9175,128.94807208062355,128.86103999999995,0.1785752416618099,narrow_sensitivity
L75_Ts130_Tr60p0_dT10_F0p8_LP40,0.75,130.0,60.0,10.0,0.8,0.4,S2b,800,1201,800,800,1.0,1.0,140.44799999987225,140.44799999999998,0.2168829130029411,narrow_sensitivity
L75_Ts130_Tr60p0_dT10_F0p8_LP45,0.75,130.0,60.0,10.0,0.8,0.45,S1,800,1201,800,711,1.0,0.88875,124.94695643286198,124.82316,0.2460675990775911,narrow_sensitivity
L75_Ts130_Tr60p0_dT10_F0p8_LP45,0.75,130.0,60.0,10.0,0.8,0.45,S2a,800,1201,800,734,1.0,0.9175,128.94807208062355,128.86103999999995,0.1785752416618099,narrow_sensitivity
L75_Ts130_Tr60p0_dT10_F0p8_LP45,0.75,130.0,60.0,10.0,0.8,0.45,S2b,800,1201,800,800,1.0,1.0,140.44799999987225,140.44799999999998,0.2168829130029411,narrow_sensitivity
L75_Ts130_Tr60p0_dT10_F1p0_LP20,0.75,130.0,60.0,10.0,1.0,0.2,S1,800,1201,800,686,1.0,0.8575,150.60703219078374,150.5427,0.2447545673438739,narrow_sensitivity
L75_Ts130_Tr60p0_dT10_F1p0_LP20,0.75,130.0,60.0,10.0,1.0,0.2,S2a,800,1201,800,711,1.0,0.88875,156.20531705336782,156.02895,0.1784904135902544,narrow_sensitivity
L75_Ts130_Tr60p0_dT10_F1p0_LP20,0.75,130.0,60.0,10.0,1.0,0.2,S2b,800,1201,800,800,1.0,1.0,175.55999999984033,175.56,0.2193220284551691,narrow_sensitivity
L75_Ts130_Tr60p0_dT10_F1p0_LP30,0.75,130.0,60.0,10.0,1.0,0.3,S1,800,1201,800,686,1.0,0.8575,150.60703219078374,150.5427,0.2447545673438739,narrow_sensitivity
L75_Ts130_Tr60p0_dT10_F1p0_LP30,0.75,130.0,60.0,10.0,1.0,0.3,S2a,800,1201,800,711,1.0,0.88875,156.20531705336782,156.02895,0.1784904135902544,narrow_sensitivity
L75_Ts130_Tr60p0_dT10_F1p0_LP30,0.75,130.0,60.0,10.0,1.0,0.3,S2b,800,1201,800,800,1.0,1.0,175.55999999984033,175.56,0.2193220284551691,narrow_sensitivity
L75_Ts130_Tr60p0_dT10_F1p0_LP40,0.75,130.0,60.0,10.0,1.0,0.4,S1,800,1201,800,686,1.0,0.8575,150.60703219078374,150.5427,0.2447545673438739,narrow_sensitivity
L75_Ts130_Tr60p0_dT10_F1p0_LP40,0.75,130.0,60.0,10.0,1.0,0.4,S2a,800,1201,800,711,1.0,0.88875,156.20531705336782,156.02895,0.1784904135902544,narrow_sensitivity
L75_Ts130_Tr60p0_dT10_F1p0_LP40,0.75,130.0,60.0,10.0,1.0,0.4,S2b,800,1201,800,800,1.0,1.0,175.55999999984033,175.56,0.2193220284551691,narrow_sensitivity
L75_Ts130_Tr60p0_dT10_F1p0_LP45,0.75,130.0,60.0,10.0,1.0,0.45,S1,800,1201,800,686,1.0,0.8575,150.60703219078374,150.5427,0.2447545673438739,narrow_sensitivity
L75_Ts130_Tr60p0_dT10_F1p0_LP45,0.75,130.0,60.0,10.0,1.0,0.45,S2a,800,1201,800,711,1.0,0.88875,156.20531705336782,156.02895,0.1784904135902544,narrow_sensitivity
L75_Ts130_Tr60p0_dT10_F1p0_LP45,0.75,130.0,60.0,10.0,1.0,0.45,S2b,800,1201,800,800,1.0,1.0,175.55999999984033,175.56,0.2193220284551691,narrow_sensitivity
L75_Ts130_Tr60p0_dT10_F1p2_LP20,0.75,130.0,60.0,10.0,1.2,0.2,S1,800,1201,800,661,1.0,0.82625,174.23105971726312,174.06774,0.2435533781769128,narrow_sensitivity
L75_Ts130_Tr60p0_dT10_F1p2_LP20,0.75,130.0,60.0,10.0,1.2,0.2,S2a,800,1201,800,688,1.0,0.86,181.33685906507537,181.17792,0.178391873773534,narrow_sensitivity
L75_Ts130_Tr60p0_dT10_F1p2_LP20,0.75,130.0,60.0,10.0,1.2,0.2,S2b,800,1201,800,800,1.0,1.0,210.6719999998084,210.672,0.2217775205824649,narrow_sensitivity
L75_Ts130_Tr60p0_dT10_F1p2_LP30,0.75,130.0,60.0,10.0,1.2,0.3,S1,800,1201,800,661,1.0,0.82625,174.23105971726312,174.06774,0.2435533781769128,narrow_sensitivity
L75_Ts130_Tr60p0_dT10_F1p2_LP30,0.75,130.0,60.0,10.0,1.2,0.3,S2a,800,1201,800,688,1.0,0.86,181.33685906507537,181.17792,0.178391873773534,narrow_sensitivity
L75_Ts130_Tr60p0_dT10_F1p2_LP30,0.75,130.0,60.0,10.0,1.2,0.3,S2b,800,1201,800,800,1.0,1.0,210.6719999998084,210.672,0.2217775205824649,narrow_sensitivity
L75_Ts130_Tr60p0_dT10_F1p2_LP40,0.75,130.0,60.0,10.0,1.2,0.4,S1,800,1201,800,661,1.0,0.82625,174.23105971726312,174.06774,0.2435533781769128,narrow_sensitivity
L75_Ts130_Tr60p0_dT10_F1p2_LP40,0.75,130.0,60.0,10.0,1.2,0.4,S2a,800,1201,800,688,1.0,0.86,181.33685906507537,181.17792,0.178391873773534,narrow_sensitivity
L75_Ts130_Tr60p0_dT10_F1p2_LP40,0.75,130.0,60.0,10.0,1.2,0.4,S2b,800,1201,800,800,1.0,1.0,210.6719999998084,210.672,0.2217775205824649,narrow_sensitivity
L75_Ts130_Tr60p0_dT10_F1p2_LP45,0.75,130.0,60.0,10.0,1.2,0.45,S1,800,1201,800,661,1.0,0.82625,174.23105971726312,174.06774,0.2435533781769128,narrow_sensitivity
L75_Ts130_Tr60p0_dT10_F1p2_LP45,0.75,130.0,60.0,10.0,1.2,0.45,S2a,800,1201,800,688,1.0,0.86,181.33685906507537,181.17792,0.178391873773534,narrow_sensitivity
L75_Ts130_Tr60p0_dT10_F1p2_LP45,0.75,130.0,60.0,10.0,1.2,0.45,S2b,800,1201,800,800,1.0,1.0,210.6719999998084,210.672,0.2217775205824649,narrow_sensitivity
L75_Ts130_Tr60p0_dT15_F0p8_LP20,0.75,130.0,60.0,15.0,0.8,0.2,S1,800,1201,800,662,1.0,0.8275,116.35680664094092,116.22072,0.2465060219392752,narrow_sensitivity
L75_Ts130_Tr60p0_dT15_F0p8_LP20,0.75,130.0,60.0,15.0,0.8,0.2,S2a,800,1201,800,678,1.0,0.8475,119.17186193811672,119.02967999999998,0.1863039338115118,narrow_sensitivity
L75_Ts130_Tr60p0_dT15_F0p8_LP20,0.75,130.0,60.0,15.0,0.8,0.2,S2b,800,1201,800,800,1.0,1.0,140.44799999987225,140.44799999999998,0.2358507544216474,narrow_sensitivity
L75_Ts130_Tr60p0_dT15_F0p8_LP30,0.75,130.0,60.0,15.0,0.8,0.3,S1,800,1201,800,662,1.0,0.8275,116.35680664094092,116.22072,0.2465060219392752,narrow_sensitivity
L75_Ts130_Tr60p0_dT15_F0p8_LP30,0.75,130.0,60.0,15.0,0.8,0.3,S2a,800,1201,800,678,1.0,0.8475,119.17186193811672,119.02967999999998,0.1863039338115118,narrow_sensitivity
L75_Ts130_Tr60p0_dT15_F0p8_LP30,0.75,130.0,60.0,15.0,0.8,0.3,S2b,800,1201,800,800,1.0,1.0,140.44799999987225,140.44799999999998,0.2358507544216474,narrow_sensitivity
L75_Ts130_Tr60p0_dT15_F0p8_LP40,0.75,130.0,60.0,15.0,0.8,0.4,S1,800,1201,800,662,1.0,0.8275,116.35680664094092,116.22072,0.2465060219392752,narrow_sensitivity
L75_Ts130_Tr60p0_dT15_F0p8_LP40,0.75,130.0,60.0,15.0,0.8,0.4,S2a,800,1201,800,678,1.0,0.8475,119.17186193811672,119.02967999999998,0.1863039338115118,narrow_sensitivity
L75_Ts130_Tr60p0_dT15_F0p8_LP40,0.75,130.0,60.0,15.0,0.8,0.4,S2b,800,1201,800,800,1.0,1.0,140.44799999987225,140.44799999999998,0.2358507544216474,narrow_sensitivity
L75_Ts130_Tr60p0_dT15_F0p8_LP45,0.75,130.0,60.0,15.0,0.8,0.45,S1,800,1201,800,662,1.0,0.8275,116.35680664094092,116.22072,0.2465060219392752,narrow_sensitivity
L75_Ts130_Tr60p0_dT15_F0p8_LP45,0.75,130.0,60.0,15.0,0.8,0.45,S2a,800,1201,800,678,1.0,0.8475,119.17186193811672,119.02967999999998,0.1863039338115118,narrow_sensitivity
L75_Ts130_Tr60p0_dT15_F0p8_LP45,0.75,130.0,60.0,15.0,0.8,0.45,S2b,800,1201,800,800,1.0,1.0,140.44799999987225,140.44799999999998,0.2358507544216474,narrow_sensitivity
L75_Ts130_Tr60p0_dT15_F1p0_LP20,0.75,130.0,60.0,15.0,1.0,0.2,S1,800,1201,800,639,1.0,0.79875,140.33535639026437,140.22854999999998,0.2452802274076278,narrow_sensitivity
L75_Ts130_Tr60p0_dT15_F1p0_LP20,0.75,130.0,60.0,15.0,1.0,0.2,S2a,800,1201,800,656,1.0,0.82,144.13335606542398,143.9592,0.1863207776888048,narrow_sensitivity
L75_Ts130_Tr60p0_dT15_F1p0_LP20,0.75,130.0,60.0,15.0,1.0,0.2,S2b,800,1201,800,800,1.0,1.0,175.55999999984033,175.56,0.2382731497760472,narrow_sensitivity
L75_Ts130_Tr60p0_dT15_F1p0_LP30,0.75,130.0,60.0,15.0,1.0,0.3,S1,800,1201,800,639,1.0,0.79875,140.33535639026437,140.22854999999998,0.2452802274076278,narrow_sensitivity
L75_Ts130_Tr60p0_dT15_F1p0_LP30,0.75,130.0,60.0,15.0,1.0,0.3,S2a,800,1201,800,656,1.0,0.82,144.13335606542398,143.9592,0.1863207776888048,narrow_sensitivity
L75_Ts130_Tr60p0_dT15_F1p0_LP30,0.75,130.0,60.0,15.0,1.0,0.3,S2b,800,1201,800,800,1.0,1.0,175.55999999984033,175.56,0.2382731497760472,narrow_sensitivity
L75_Ts130_Tr60p0_dT15_F1p0_LP40,0.75,130.0,60.0,15.0,1.0,0.4,S1,800,1201,800,639,1.0,0.79875,140.33535639026437,140.22854999999998,0.2452802274076278,narrow_sensitivity
L75_Ts130_Tr60p0_dT15_F1p0_LP40,0.75,130.0,60.0,15.0,1.0,0.4,S2a,800,1201,800,656,1.0,0.82,144.13335606542398,143.9592,0.1863207776888048,narrow_sensitivity
L75_Ts130_Tr60p0_dT15_F1p0_LP40,0.75,130.0,60.0,15.0,1.0,0.4,S2b,800,1201,800,800,1.0,1.0,175.55999999984033,175.56,0.2382731497760472,narrow_sensitivity
L75_Ts130_Tr60p0_dT15_F1p0_LP45,0.75,130.0,60.0,15.0,1.0,0.45,S1,800,1201,800,639,1.0,0.79875,140.33535639026437,140.22854999999998,0.2452802274076278,narrow_sensitivity
L75_Ts130_Tr60p0_dT15_F1p0_LP45,0.75,130.0,60.0,15.0,1.0,0.45,S2a,800,1201,800,656,1.0,0.82,144.13335606542398,143.9592,0.1863207776888048,narrow_sensitivity
L75_Ts130_Tr60p0_dT15_F1p0_LP45,0.75,130.0,60.0,15.0,1.0,0.45,S2b,800,1201,800,800,1.0,1.0,175.55999999984033,175.56,0.2382731497760472,narrow_sensitivity
L75_Ts130_Tr60p0_dT15_F1p2_LP20,0.75,130.0,60.0,15.0,1.2,0.2,S1,800,1201,800,616,1.0,0.77,162.4625961482726,162.21744,0.2441573280373961,narrow_sensitivity
L75_Ts130_Tr60p0_dT15_F1p2_LP20,0.75,130.0,60.0,15.0,1.2,0.2,S2a,800,1201,800,634,1.0,0.7925,167.0952164225471,166.95756,0.1863104611522374,narrow_sensitivity
L75_Ts130_Tr60p0_dT15_F1p2_LP20,0.75,130.0,60.0,15.0,1.2,0.2,S2b,800,1201,800,800,1.0,1.0,210.6719999998084,210.672,0.2406708094474268,narrow_sensitivity
L75_Ts130_Tr60p0_dT15_F1p2_LP30,0.75,130.0,60.0,15.0,1.2,0.3,S1,800,1201,800,616,1.0,0.77,162.4625961482726,162.21744,0.2441573280373961,narrow_sensitivity
L75_Ts130_Tr60p0_dT15_F1p2_LP30,0.75,130.0,60.0,15.0,1.2,0.3,S2a,800,1201,800,634,1.0,0.7925,167.0952164225471,166.95756,0.1863104611522374,narrow_sensitivity
L75_Ts130_Tr60p0_dT15_F1p2_LP30,0.75,130.0,60.0,15.0,1.2,0.3,S2b,800,1201,800,800,1.0,1.0,210.6719999998084,210.672,0.2406708094474268,narrow_sensitivity
L75_Ts130_Tr60p0_dT15_F1p2_LP40,0.75,130.0,60.0,15.0,1.2,0.4,S1,800,1201,800,616,1.0,0.77,162.4625961482726,162.21744,0.2441573280373961,narrow_sensitivity
L75_Ts130_Tr60p0_dT15_F1p2_LP40,0.75,130.0,60.0,15.0,1.2,0.4,S2a,800,1201,800,634,1.0,0.7925,167.0952164225471,166.95756,0.1863104611522374,narrow_sensitivity
L75_Ts130_Tr60p0_dT15_F1p2_LP40,0.75,130.0,60.0,15.0,1.2,0.4,S2b,800,1201,800,800,1.0,1.0,210.6719999998084,210.672,0.2406708094474268,narrow_sensitivity
L75_Ts130_Tr60p0_dT15_F1p2_LP45,0.75,130.0,60.0,15.0,1.2,0.45,S1,800,1201,800,616,1.0,0.77,162.4625961482726,162.21744,0.2441573280373961,narrow_sensitivity
L75_Ts130_Tr60p0_dT15_F1p2_LP45,0.75,130.0,60.0,15.0,1.2,0.45,S2a,800,1201,800,634,1.0,0.7925,167.0952164225471,166.95756,0.1863104611522374,narrow_sensitivity
L75_Ts130_Tr60p0_dT15_F1p2_LP45,0.75,130.0,60.0,15.0,1.2,0.45,S2b,800,1201,800,800,1.0,1.0,210.6719999998084,210.672,0.2406708094474268,narrow_sensitivity
L75_Ts150_Tr35p0_dT5_F0p8_LP20,0.75,150.0,35.0,5.0,0.8,0.2,S1,800,1201,800,610,1.0,0.7625,176.01033532209527,175.93619999999996,0.2434568740193118,historical_extension
L75_Ts150_Tr35p0_dT5_F0p8_LP20,0.75,150.0,35.0,5.0,0.8,0.2,S2a,800,1201,800,650,1.0,0.8125,187.5521643156809,187.473,0.1559322645918494,historical_extension
L75_Ts150_Tr35p0_dT5_F0p8_LP20,0.75,150.0,35.0,5.0,0.8,0.2,S2b,800,1201,800,800,1.0,1.0,230.73599999979007,230.736,0.1861675745561319,historical_extension
L75_Ts150_Tr35p0_dT5_F0p8_LP30,0.75,150.0,35.0,5.0,0.8,0.3,S1,800,1201,800,610,1.0,0.7625,176.01033532209527,175.93619999999996,0.2434568740193118,historical_extension
L75_Ts150_Tr35p0_dT5_F0p8_LP30,0.75,150.0,35.0,5.0,0.8,0.3,S2a,800,1201,800,650,1.0,0.8125,187.5521643156809,187.473,0.1559322645918494,historical_extension
L75_Ts150_Tr35p0_dT5_F0p8_LP30,0.75,150.0,35.0,5.0,0.8,0.3,S2b,800,1201,800,800,1.0,1.0,230.73599999979007,230.736,0.1861675745561319,historical_extension
L75_Ts150_Tr35p0_dT5_F0p8_LP40,0.75,150.0,35.0,5.0,0.8,0.4,S1,800,1201,800,610,1.0,0.7625,176.01033532209527,175.93619999999996,0.2434568740193118,historical_extension
L75_Ts150_Tr35p0_dT5_F0p8_LP40,0.75,150.0,35.0,5.0,0.8,0.4,S2a,800,1201,800,650,1.0,0.8125,187.5521643156809,187.473,0.1559322645918494,historical_extension
L75_Ts150_Tr35p0_dT5_F0p8_LP40,0.75,150.0,35.0,5.0,0.8,0.4,S2b,800,1201,800,800,1.0,1.0,230.73599999979007,230.736,0.1861675745561319,historical_extension
L75_Ts150_Tr35p0_dT5_F0p8_LP45,0.75,150.0,35.0,5.0,0.8,0.45,S1,800,1201,800,610,1.0,0.7625,176.01033532209527,175.93619999999996,0.2434568740193118,historical_extension
L75_Ts150_Tr35p0_dT5_F0p8_LP45,0.75,150.0,35.0,5.0,0.8,0.45,S2a,800,1201,800,650,1.0,0.8125,187.5521643156809,187.473,0.1559322645918494,historical_extension
L75_Ts150_Tr35p0_dT5_F0p8_LP45,0.75,150.0,35.0,5.0,0.8,0.45,S2b,800,1201,800,800,1.0,1.0,230.73599999979007,230.736,0.1861675745561319,historical_extension
L75_Ts150_Tr35p0_dT5_F1p0_LP20,0.75,150.0,35.0,5.0,1.0,0.2,S1,800,1201,800,586,1.0,0.7325,211.30705340173137,211.26765,0.2416525338673444,historical_extension
L75_Ts150_Tr35p0_dT5_F1p0_LP20,0.75,150.0,35.0,5.0,1.0,0.2,S2a,800,1201,800,633,1.0,0.79125,228.4039187768277,228.212325,0.1554785929687589,historical_extension
L75_Ts150_Tr35p0_dT5_F1p0_LP20,0.75,150.0,35.0,5.0,1.0,0.2,S2b,800,1201,800,800,1.0,1.0,288.4199999997377,288.42,0.1880909501843879,historical_extension
L75_Ts150_Tr35p0_dT5_F1p0_LP30,0.75,150.0,35.0,5.0,1.0,0.3,S1,800,1201,800,586,1.0,0.7325,211.30705340173137,211.26765,0.2416525338673444,historical_extension
L75_Ts150_Tr35p0_dT5_F1p0_LP30,0.75,150.0,35.0,5.0,1.0,0.3,S2a,800,1201,800,633,1.0,0.79125,228.4039187768277,228.212325,0.1554785929687589,historical_extension
L75_Ts150_Tr35p0_dT5_F1p0_LP30,0.75,150.0,35.0,5.0,1.0,0.3,S2b,800,1201,800,800,1.0,1.0,288.4199999997377,288.42,0.1880909501843879,historical_extension
L75_Ts150_Tr35p0_dT5_F1p0_LP40,0.75,150.0,35.0,5.0,1.0,0.4,S1,800,1201,770,586,0.9625,0.7325,211.3070534019461,211.26765,0.2416525338673444,historical_extension
L75_Ts150_Tr35p0_dT5_F1p0_LP40,0.75,150.0,35.0,5.0,1.0,0.4,S2a,800,1201,775,633,0.96875,0.79125,228.40391877693747,228.212325,0.1554785929687589,historical_extension
L75_Ts150_Tr35p0_dT5_F1p0_LP40,0.75,150.0,35.0,5.0,1.0,0.4,S2b,800,1201,800,800,1.0,1.0,288.4199999997377,288.42,0.1880909501843879,historical_extension
L75_Ts150_Tr35p0_dT5_F1p0_LP45,0.75,150.0,35.0,5.0,1.0,0.45,S1,800,1201,662,586,0.8275,0.7325,211.30705340181825,211.26765,0.2416525338673444,historical_extension
L75_Ts150_Tr35p0_dT5_F1p0_LP45,0.75,150.0,35.0,5.0,1.0,0.45,S2a,800,1201,667,633,0.83375,0.79125,228.4039187769553,228.212325,0.1554785929687589,historical_extension
L75_Ts150_Tr35p0_dT5_F1p0_LP45,0.75,150.0,35.0,5.0,1.0,0.45,S2b,800,1201,744,744,0.93,0.93,268.4339509023942,268.23060000000004,0.1846962008752452,historical_extension
L75_Ts150_Tr35p0_dT5_F1p2_LP20,0.75,150.0,35.0,5.0,1.2,0.2,S1,800,1201,800,562,1.0,0.7025,243.25511451860515,243.13806,0.2400245854206609,historical_extension
L75_Ts150_Tr35p0_dT5_F1p2_LP20,0.75,150.0,35.0,5.0,1.2,0.2,S2a,800,1201,800,615,1.0,0.76875,266.3439091526317,266.06745,0.1550597907858907,historical_extension
L75_Ts150_Tr35p0_dT5_F1p2_LP20,0.75,150.0,35.0,5.0,1.2,0.2,S2b,800,1201,800,800,1.0,1.0,346.10399999968524,346.10400000000004,0.1902361298062645,historical_extension
L75_Ts150_Tr35p0_dT5_F1p2_LP30,0.75,150.0,35.0,5.0,1.2,0.3,S1,800,1201,800,562,1.0,0.7025,243.25511451860515,243.13806,0.2400245854206609,historical_extension
L75_Ts150_Tr35p0_dT5_F1p2_LP30,0.75,150.0,35.0,5.0,1.2,0.3,S2a,800,1201,800,615,1.0,0.76875,266.34390915268466,266.06745,0.1550597907858907,historical_extension
L75_Ts150_Tr35p0_dT5_F1p2_LP30,0.75,150.0,35.0,5.0,1.2,0.3,S2b,800,1201,800,800,1.0,1.0,346.10399999968524,346.10400000000004,0.1902361298062645,historical_extension
L75_Ts150_Tr35p0_dT5_F1p2_LP40,0.75,150.0,35.0,5.0,1.2,0.4,S1,800,1201,641,562,0.80125,0.7025,243.2551145184713,243.13806,0.2400245854206609,historical_extension
L75_Ts150_Tr35p0_dT5_F1p2_LP40,0.75,150.0,35.0,5.0,1.2,0.4,S2a,800,1201,646,615,0.8075,0.76875,266.3439091527289,266.06745,0.1550597907858907,historical_extension
L75_Ts150_Tr35p0_dT5_F1p2_LP40,0.75,150.0,35.0,5.0,1.2,0.4,S2b,800,1201,720,720,0.9,0.9,311.85381371632855,311.4936,0.1840283946679858,historical_extension
L75_Ts150_Tr35p0_dT5_F1p2_LP45,0.75,150.0,35.0,5.0,1.2,0.45,S1,800,1201,552,552,0.69,0.69,238.8769345397216,238.81176,0.2402450750522659,historical_extension
L75_Ts150_Tr35p0_dT5_F1p2_LP45,0.75,150.0,35.0,5.0,1.2,0.45,S2a,800,1201,556,556,0.695,0.695,240.82293047969688,240.54228,0.151908916708829,historical_extension
L75_Ts150_Tr35p0_dT5_F1p2_LP45,0.75,150.0,35.0,5.0,1.2,0.45,S2b,800,1201,620,620,0.775,0.775,268.4339509023942,268.2306,0.1741051380648698,historical_extension
L75_Ts150_Tr35p0_dT10_F0p8_LP20,0.75,150.0,35.0,10.0,0.8,0.2,S1,800,1201,800,580,1.0,0.725,167.5604680523929,167.28359999999998,0.2438978532825218,historical_extension
L75_Ts150_Tr35p0_dT10_F0p8_LP20,0.75,150.0,35.0,10.0,0.8,0.2,S2a,800,1201,800,616,1.0,0.77,177.80196736799775,177.66672,0.1582318133418359,historical_extension
L75_Ts150_Tr35p0_dT10_F0p8_LP20,0.75,150.0,35.0,10.0,0.8,0.2,S2b,800,1201,800,800,1.0,1.0,230.73599999979007,230.736,0.1941462671233783,historical_extension
L75_Ts150_Tr35p0_dT10_F0p8_LP30,0.75,150.0,35.0,10.0,0.8,0.3,S1,800,1201,800,580,1.0,0.725,167.5604680523929,167.28359999999998,0.2438978532825218,historical_extension
L75_Ts150_Tr35p0_dT10_F0p8_LP30,0.75,150.0,35.0,10.0,0.8,0.3,S2a,800,1201,800,616,1.0,0.77,177.80196736799775,177.66672,0.1582318133418359,historical_extension
L75_Ts150_Tr35p0_dT10_F0p8_LP30,0.75,150.0,35.0,10.0,0.8,0.3,S2b,800,1201,800,800,1.0,1.0,230.73599999979007,230.736,0.1941462671233783,historical_extension
L75_Ts150_Tr35p0_dT10_F0p8_LP40,0.75,150.0,35.0,10.0,0.8,0.4,S1,800,1201,800,580,1.0,0.725,167.5604680523929,167.28359999999998,0.2438978532825218,historical_extension
L75_Ts150_Tr35p0_dT10_F0p8_LP40,0.75,150.0,35.0,10.0,0.8,0.4,S2a,800,1201,800,616,1.0,0.77,177.80196736799775,177.66672,0.1582318133418359,historical_extension
L75_Ts150_Tr35p0_dT10_F0p8_LP40,0.75,150.0,35.0,10.0,0.8,0.4,S2b,800,1201,800,800,1.0,1.0,230.73599999979007,230.736,0.1941462671233783,historical_extension
L75_Ts150_Tr35p0_dT10_F0p8_LP45,0.75,150.0,35.0,10.0,0.8,0.45,S1,800,1201,800,580,1.0,0.725,167.5604680523929,167.28359999999998,0.2438978532825218,historical_extension
L75_Ts150_Tr35p0_dT10_F0p8_LP45,0.75,150.0,35.0,10.0,0.8,0.45,S2a,800,1201,800,616,1.0,0.77,177.80196736799775,177.66672,0.1582318133418359,historical_extension
L75_Ts150_Tr35p0_dT10_F0p8_LP45,0.75,150.0,35.0,10.0,0.8,0.45,S2b,800,1201,800,800,1.0,1.0,230.73599999979007,230.736,0.1941462671233783,historical_extension
L75_Ts150_Tr35p0_dT10_F1p0_LP20,0.75,150.0,35.0,10.0,1.0,0.2,S1,800,1201,800,558,1.0,0.6975,201.31017833676165,201.17295,0.2421670096744227,historical_extension
L75_Ts150_Tr35p0_dT10_F1p0_LP20,0.75,150.0,35.0,10.0,1.0,0.2,S2a,800,1201,800,600,1.0,0.75,216.3878259597596,216.315,0.1578655205670127,historical_extension
L75_Ts150_Tr35p0_dT10_F1p0_LP20,0.75,150.0,35.0,10.0,1.0,0.2,S2b,800,1201,800,800,1.0,1.0,288.4199999997377,288.42,0.1961126361589044,historical_extension
L75_Ts150_Tr35p0_dT10_F1p0_LP30,0.75,150.0,35.0,10.0,1.0,0.3,S1,800,1201,800,558,1.0,0.6975,201.31017833676165,201.17295,0.2421670096744227,historical_extension
L75_Ts150_Tr35p0_dT10_F1p0_LP30,0.75,150.0,35.0,10.0,1.0,0.3,S2a,800,1201,800,600,1.0,0.75,216.3878259597596,216.315,0.1578655205670127,historical_extension
L75_Ts150_Tr35p0_dT10_F1p0_LP30,0.75,150.0,35.0,10.0,1.0,0.3,S2b,800,1201,800,800,1.0,1.0,288.4199999997377,288.42,0.1961126361589044,historical_extension
L75_Ts150_Tr35p0_dT10_F1p0_LP40,0.75,150.0,35.0,10.0,1.0,0.4,S1,800,1201,770,558,0.9625,0.6975,201.31017833681875,201.17295,0.2421670096744227,historical_extension
L75_Ts150_Tr35p0_dT10_F1p0_LP40,0.75,150.0,35.0,10.0,1.0,0.4,S2a,800,1201,775,600,0.96875,0.75,216.38782595976048,216.315,0.1578655205670127,historical_extension
L75_Ts150_Tr35p0_dT10_F1p0_LP40,0.75,150.0,35.0,10.0,1.0,0.4,S2b,800,1201,800,800,1.0,1.0,288.4199999997377,288.42,0.1961126361589044,historical_extension
L75_Ts150_Tr35p0_dT10_F1p0_LP45,0.75,150.0,35.0,10.0,1.0,0.45,S1,800,1201,662,558,0.8275,0.6975,201.31017833671055,201.17295,0.2421670096744227,historical_extension
L75_Ts150_Tr35p0_dT10_F1p0_LP45,0.75,150.0,35.0,10.0,1.0,0.45,S2a,800,1201,667,600,0.83375,0.75,216.38782595968308,216.315,0.1578655205670127,historical_extension
L75_Ts150_Tr35p0_dT10_F1p0_LP45,0.75,150.0,35.0,10.0,1.0,0.45,S2b,800,1201,744,744,0.93,0.93,268.4339509023942,268.23060000000004,0.1922243220419785,historical_extension
L75_Ts150_Tr35p0_dT10_F1p2_LP20,0.75,150.0,35.0,10.0,1.2,0.2,S1,800,1201,800,536,1.0,0.67,231.9578016651252,231.88968,0.2405978584628339,historical_extension
L75_Ts150_Tr35p0_dT10_F1p2_LP20,0.75,150.0,35.0,10.0,1.2,0.2,S2a,800,1201,800,583,1.0,0.72875,252.23023121536195,252.22329,0.1575149547528355,historical_extension
L75_Ts150_Tr35p0_dT10_F1p2_LP20,0.75,150.0,35.0,10.0,1.2,0.2,S2b,800,1201,800,781,1.0,0.97625,338.2853765858351,337.88403,0.1965085499289149,historical_extension
L75_Ts150_Tr35p0_dT10_F1p2_LP30,0.75,150.0,35.0,10.0,1.2,0.3,S1,800,1201,800,536,1.0,0.67,231.9578016651252,231.88968,0.2405978584628339,historical_extension
L75_Ts150_Tr35p0_dT10_F1p2_LP30,0.75,150.0,35.0,10.0,1.2,0.3,S2a,800,1201,800,583,1.0,0.72875,252.23023121526452,252.22329,0.1575149547528355,historical_extension
L75_Ts150_Tr35p0_dT10_F1p2_LP30,0.75,150.0,35.0,10.0,1.2,0.3,S2b,800,1201,800,781,1.0,0.97625,338.2853765858351,337.88403,0.1965085499289149,historical_extension
L75_Ts150_Tr35p0_dT10_F1p2_LP40,0.75,150.0,35.0,10.0,1.2,0.4,S1,800,1201,641,536,0.80125,0.67,231.95780166522,231.88968,0.2405978584628339,historical_extension
L75_Ts150_Tr35p0_dT10_F1p2_LP40,0.75,150.0,35.0,10.0,1.2,0.4,S2a,800,1201,646,583,0.8075,0.72875,252.23023121522152,252.22329,0.1575149547528355,historical_extension
L75_Ts150_Tr35p0_dT10_F1p2_LP40,0.75,150.0,35.0,10.0,1.2,0.4,S2b,800,1201,720,720,0.9,0.9,311.85381371632855,311.4936,0.1916727228968893,historical_extension
L75_Ts150_Tr35p0_dT10_F1p2_LP45,0.75,150.0,35.0,10.0,1.2,0.45,S1,800,1201,552,536,0.69,0.67,231.9578016652844,231.88968,0.2405978584628339,historical_extension
L75_Ts150_Tr35p0_dT10_F1p2_LP45,0.75,150.0,35.0,10.0,1.2,0.45,S2a,800,1201,556,550,0.695,0.6875,238.3373209822446,237.9465,0.1554764025412134,historical_extension
L75_Ts150_Tr35p0_dT10_F1p2_LP45,0.75,150.0,35.0,10.0,1.2,0.45,S2b,800,1201,620,620,0.775,0.775,268.4339509023942,268.2306,0.1813815419363023,historical_extension
L75_Ts150_Tr35p0_dT15_F0p8_LP20,0.75,150.0,35.0,15.0,0.8,0.2,S1,800,1201,800,551,1.0,0.68875,159.08523231694016,158.91941999999997,0.2443241332369581,historical_extension
L75_Ts150_Tr35p0_dT15_F0p8_LP20,0.75,150.0,35.0,15.0,0.8,0.2,S2a,800,1201,800,582,1.0,0.7275,168.03858607407477,167.86043999999998,0.160914127550686,historical_extension
L75_Ts150_Tr35p0_dT15_F0p8_LP20,0.75,150.0,35.0,15.0,0.8,0.2,S2b,800,1201,800,800,1.0,1.0,230.73599999979007,230.736,0.2029336429922904,historical_extension
L75_Ts150_Tr35p0_dT15_F0p8_LP30,0.75,150.0,35.0,15.0,0.8,0.3,S1,800,1201,800,551,1.0,0.68875,159.08523231694016,158.91941999999997,0.2443241332369581,historical_extension
L75_Ts150_Tr35p0_dT15_F0p8_LP30,0.75,150.0,35.0,15.0,0.8,0.3,S2a,800,1201,800,582,1.0,0.7275,168.03858607407477,167.86043999999998,0.160914127550686,historical_extension
L75_Ts150_Tr35p0_dT15_F0p8_LP30,0.75,150.0,35.0,15.0,0.8,0.3,S2b,800,1201,800,800,1.0,1.0,230.73599999979007,230.736,0.2029336429922904,historical_extension
L75_Ts150_Tr35p0_dT15_F0p8_LP40,0.75,150.0,35.0,15.0,0.8,0.4,S1,800,1201,800,551,1.0,0.68875,159.08523231694016,158.91941999999997,0.2443241332369581,historical_extension
L75_Ts150_Tr35p0_dT15_F0p8_LP40,0.75,150.0,35.0,15.0,0.8,0.4,S2a,800,1201,800,582,1.0,0.7275,168.03858607407477,167.86043999999998,0.160914127550686,historical_extension
L75_Ts150_Tr35p0_dT15_F0p8_LP40,0.75,150.0,35.0,15.0,0.8,0.4,S2b,800,1201,800,800,1.0,1.0,230.73599999979007,230.736,0.2029336429922904,historical_extension
L75_Ts150_Tr35p0_dT15_F0p8_LP45,0.75,150.0,35.0,15.0,0.8,0.45,S1,800,1201,800,551,1.0,0.68875,159.08523231694016,158.91941999999997,0.2443241332369581,historical_extension
L75_Ts150_Tr35p0_dT15_F0p8_LP45,0.75,150.0,35.0,15.0,0.8,0.45,S2a,800,1201,800,582,1.0,0.7275,168.03858607407477,167.86043999999998,0.160914127550686,historical_extension
L75_Ts150_Tr35p0_dT15_F0p8_LP45,0.75,150.0,35.0,15.0,0.8,0.45,S2b,800,1201,800,800,1.0,1.0,230.73599999979007,230.736,0.2029336429922904,historical_extension
L75_Ts150_Tr35p0_dT15_F1p0_LP20,0.75,150.0,35.0,15.0,1.0,0.2,S1,800,1201,800,530,1.0,0.6625,191.2627861655785,191.07825,0.2426814854815009,historical_extension
L75_Ts150_Tr35p0_dT15_F1p0_LP20,0.75,150.0,35.0,15.0,1.0,0.2,S2a,800,1201,800,566,1.0,0.7075,204.38180588261392,204.05715,0.1605681466819262,historical_extension
L75_Ts150_Tr35p0_dT15_F1p0_LP20,0.75,150.0,35.0,15.0,1.0,0.2,S2b,800,1201,800,781,1.0,0.97625,281.86348585121914,281.57002500000004,0.2031954945616255,historical_extension
L75_Ts150_Tr35p0_dT15_F1p0_LP30,0.75,150.0,35.0,15.0,1.0,0.3,S1,800,1201,800,530,1.0,0.6625,191.2627861655785,191.07825,0.2426814854815009,historical_extension
L75_Ts150_Tr35p0_dT15_F1p0_LP30,0.75,150.0,35.0,15.0,1.0,0.3,S2a,800,1201,800,566,1.0,0.7075,204.38180588261392,204.05715,0.1605681466819262,historical_extension
L75_Ts150_Tr35p0_dT15_F1p0_LP30,0.75,150.0,35.0,15.0,1.0,0.3,S2b,800,1201,800,781,1.0,0.97625,281.86348585121914,281.57002500000004,0.2031954945616255,historical_extension
L75_Ts150_Tr35p0_dT15_F1p0_LP40,0.75,150.0,35.0,15.0,1.0,0.4,S1,800,1201,770,530,0.9625,0.6625,191.26278616555567,191.07825,0.2426814854815009,historical_extension
L75_Ts150_Tr35p0_dT15_F1p0_LP40,0.75,150.0,35.0,15.0,1.0,0.4,S2a,800,1201,775,566,0.96875,0.7075,204.38180588266863,204.05715,0.1605681466819262,historical_extension
L75_Ts150_Tr35p0_dT15_F1p0_LP40,0.75,150.0,35.0,15.0,1.0,0.4,S2b,800,1201,800,781,1.0,0.97625,281.86348585121914,281.57002500000004,0.2031954945616255,historical_extension
L75_Ts150_Tr35p0_dT15_F1p0_LP45,0.75,150.0,35.0,15.0,1.0,0.45,S1,800,1201,662,530,0.8275,0.6625,191.26278616561103,191.07825,0.2426814854815009,historical_extension
L75_Ts150_Tr35p0_dT15_F1p0_LP45,0.75,150.0,35.0,15.0,1.0,0.45,S2a,800,1201,667,566,0.83375,0.7075,204.381805882604,204.05715,0.1605681466819262,historical_extension
L75_Ts150_Tr35p0_dT15_F1p0_LP45,0.75,150.0,35.0,15.0,1.0,0.45,S2b,800,1201,744,744,0.93,0.93,268.4339509023942,268.23060000000004,0.2006875728529936,historical_extension
L75_Ts150_Tr35p0_dT15_F1p2_LP20,0.75,150.0,35.0,15.0,1.2,0.2,S1,800,1201,800,509,1.0,0.63625,220.57267229710752,220.20867,0.2411931804681673,historical_extension
L75_Ts150_Tr35p0_dT15_F1p2_LP20,0.75,150.0,35.0,15.0,1.2,0.2,S2a,800,1201,800,550,1.0,0.6875,238.12434579602237,237.9465,0.1602852237935778,historical_extension
L75_Ts150_Tr35p0_dT15_F1p2_LP20,0.75,150.0,35.0,15.0,1.2,0.2,S2b,800,1201,800,750,1.0,0.9375,324.47671145281214,324.4725,0.2024410296443215,historical_extension
L75_Ts150_Tr35p0_dT15_F1p2_LP30,0.75,150.0,35.0,15.0,1.2,0.3,S1,800,1201,800,509,1.0,0.63625,220.57267229710752,220.20867,0.2411931804681673,historical_extension
L75_Ts150_Tr35p0_dT15_F1p2_LP30,0.75,150.0,35.0,15.0,1.2,0.3,S2a,800,1201,800,550,1.0,0.6875,238.12434579602237,237.9465,0.1602852237935778,historical_extension
L75_Ts150_Tr35p0_dT15_F1p2_LP30,0.75,150.0,35.0,15.0,1.2,0.3,S2b,800,1201,800,750,1.0,0.9375,324.47671145281214,324.4725,0.2024410296443215,historical_extension
L75_Ts150_Tr35p0_dT15_F1p2_LP40,0.75,150.0,35.0,15.0,1.2,0.4,S1,800,1201,641,509,0.80125,0.63625,220.57267229694213,220.20867,0.2411931804681673,historical_extension
L75_Ts150_Tr35p0_dT15_F1p2_LP40,0.75,150.0,35.0,15.0,1.2,0.4,S2a,800,1201,646,550,0.8075,0.6875,238.12434579614995,237.9465,0.1602852237935778,historical_extension
L75_Ts150_Tr35p0_dT15_F1p2_LP40,0.75,150.0,35.0,15.0,1.2,0.4,S2b,800,1201,720,717,0.9,0.89625,310.2243713785483,310.19571,0.1998291055142335,historical_extension
L75_Ts150_Tr35p0_dT15_F1p2_LP45,0.75,150.0,35.0,15.0,1.2,0.45,S1,800,1201,552,509,0.69,0.63625,220.5726722969229,220.20867,0.2411931804681673,historical_extension
L75_Ts150_Tr35p0_dT15_F1p2_LP45,0.75,150.0,35.0,15.0,1.2,0.45,S2a,800,1201,556,542,0.695,0.6775,234.7784910630303,234.48546,0.1597002558072098,historical_extension
L75_Ts150_Tr35p0_dT15_F1p2_LP45,0.75,150.0,35.0,15.0,1.2,0.45,S2b,800,1201,620,620,0.775,0.775,268.4339509023942,268.2306,0.189820592394964,historical_extension
L75_Ts150_Tr41p44_dT5_F0p8_LP20,0.75,150.0,41.44,5.0,0.8,0.2,S1,800,1201,800,606,1.0,0.7575,165.12216301216324,164.99469888,0.2440153301582409,historical_extension
L75_Ts150_Tr41p44_dT5_F0p8_LP20,0.75,150.0,41.44,5.0,0.8,0.2,S2a,800,1201,800,642,1.0,0.8025,174.99276403771728,174.79636415999997,0.1589485313633074,historical_extension
L75_Ts150_Tr41p44_dT5_F0p8_LP20,0.75,150.0,41.44,5.0,0.8,0.2,S2b,800,1201,800,800,1.0,1.0,217.81478399980188,217.814784,0.192361460845791,historical_extension
L75_Ts150_Tr41p44_dT5_F0p8_LP30,0.75,150.0,41.44,5.0,0.8,0.3,S1,800,1201,800,606,1.0,0.7575,165.12216301216324,164.99469888,0.2440153301582409,historical_extension
L75_Ts150_Tr41p44_dT5_F0p8_LP30,0.75,150.0,41.44,5.0,0.8,0.3,S2a,800,1201,800,642,1.0,0.8025,174.99276403771728,174.79636415999997,0.1589485313633074,historical_extension
L75_Ts150_Tr41p44_dT5_F0p8_LP30,0.75,150.0,41.44,5.0,0.8,0.3,S2b,800,1201,800,800,1.0,1.0,217.81478399980188,217.814784,0.192361460845791,historical_extension
L75_Ts150_Tr41p44_dT5_F0p8_LP40,0.75,150.0,41.44,5.0,0.8,0.4,S1,800,1201,800,606,1.0,0.7575,165.12216301216324,164.99469888,0.2440153301582409,historical_extension
L75_Ts150_Tr41p44_dT5_F0p8_LP40,0.75,150.0,41.44,5.0,0.8,0.4,S2a,800,1201,800,642,1.0,0.8025,174.99276403771728,174.79636415999997,0.1589485313633074,historical_extension
L75_Ts150_Tr41p44_dT5_F0p8_LP40,0.75,150.0,41.44,5.0,0.8,0.4,S2b,800,1201,800,800,1.0,1.0,217.81478399980188,217.814784,0.192361460845791,historical_extension
L75_Ts150_Tr41p44_dT5_F0p8_LP45,0.75,150.0,41.44,5.0,0.8,0.45,S1,800,1201,800,606,1.0,0.7575,165.12216301216324,164.99469888,0.2440153301582409,historical_extension
L75_Ts150_Tr41p44_dT5_F0p8_LP45,0.75,150.0,41.44,5.0,0.8,0.45,S2a,800,1201,800,642,1.0,0.8025,174.99276403771728,174.79636415999997,0.1589485313633074,historical_extension
L75_Ts150_Tr41p44_dT5_F0p8_LP45,0.75,150.0,41.44,5.0,0.8,0.45,S2b,800,1201,800,800,1.0,1.0,217.81478399980188,217.814784,0.192361460845791,historical_extension
L75_Ts150_Tr41p44_dT5_F1p0_LP20,0.75,150.0,41.44,5.0,1.0,0.2,S1,800,1201,800,583,1.0,0.72875,198.42161696578535,198.4156548,0.2423085640179131,historical_extension
L75_Ts150_Tr41p44_dT5_F1p0_LP20,0.75,150.0,41.44,5.0,1.0,0.2,S2a,800,1201,800,625,1.0,0.78125,212.9254682427411,212.70975,0.1585845069360865,historical_extension
L75_Ts150_Tr41p44_dT5_F1p0_LP20,0.75,150.0,41.44,5.0,1.0,0.2,S2b,800,1201,800,800,1.0,1.0,272.26847999975234,272.26848,0.1943637875270487,historical_extension
L75_Ts150_Tr41p44_dT5_F1p0_LP30,0.75,150.0,41.44,5.0,1.0,0.3,S1,800,1201,800,583,1.0,0.72875,198.42161696578535,198.4156548,0.2423085640179131,historical_extension
L75_Ts150_Tr41p44_dT5_F1p0_LP30,0.75,150.0,41.44,5.0,1.0,0.3,S2a,800,1201,800,625,1.0,0.78125,212.9254682427411,212.70975,0.1585845069360865,historical_extension
L75_Ts150_Tr41p44_dT5_F1p0_LP30,0.75,150.0,41.44,5.0,1.0,0.3,S2b,800,1201,800,800,1.0,1.0,272.26847999975234,272.26848,0.1943637875270487,historical_extension
L75_Ts150_Tr41p44_dT5_F1p0_LP40,0.75,150.0,41.44,5.0,1.0,0.4,S1,800,1201,800,583,1.0,0.72875,198.42161696578535,198.4156548,0.2423085640179131,historical_extension
L75_Ts150_Tr41p44_dT5_F1p0_LP40,0.75,150.0,41.44,5.0,1.0,0.4,S2a,800,1201,800,625,1.0,0.78125,212.92546824269732,212.70975,0.1585845069360865,historical_extension
L75_Ts150_Tr41p44_dT5_F1p0_LP40,0.75,150.0,41.44,5.0,1.0,0.4,S2b,800,1201,800,800,1.0,1.0,272.26847999975234,272.26848,0.1943637875270487,historical_extension
L75_Ts150_Tr41p44_dT5_F1p0_LP45,0.75,150.0,41.44,5.0,1.0,0.45,S1,800,1201,701,583,0.87625,0.72875,198.421616965882,198.4156548,0.2423085640179131,historical_extension
L75_Ts150_Tr41p44_dT5_F1p0_LP45,0.75,150.0,41.44,5.0,1.0,0.45,S2a,800,1201,707,625,0.88375,0.78125,212.9254682428792,212.70975,0.1585845069360865,historical_extension
L75_Ts150_Tr41p44_dT5_F1p0_LP45,0.75,150.0,41.44,5.0,1.0,0.45,S2b,800,1201,788,788,0.985,0.985,268.4339509023942,268.1844528,0.1945398015755033,historical_extension
L75_Ts150_Tr41p44_dT5_F1p2_LP20,0.75,150.0,41.44,5.0,1.2,0.2,S1,800,1201,800,559,1.0,0.69875,228.6877051171279,228.29712048,0.2407821877948557,historical_extension
L75_Ts150_Tr41p44_dT5_F1p2_LP20,0.75,150.0,41.44,5.0,1.2,0.2,S2a,800,1201,800,607,1.0,0.75875,248.1939860397631,247.90045104,0.1582304668842517,historical_extension
L75_Ts150_Tr41p44_dT5_F1p2_LP20,0.75,150.0,41.44,5.0,1.2,0.2,S2b,800,1201,800,800,1.0,1.0,326.7221759997028,326.722176,0.1965236801636742,historical_extension
L75_Ts150_Tr41p44_dT5_F1p2_LP30,0.75,150.0,41.44,5.0,1.2,0.3,S1,800,1201,800,559,1.0,0.69875,228.6877051171279,228.29712048,0.2407821877948557,historical_extension
L75_Ts150_Tr41p44_dT5_F1p2_LP30,0.75,150.0,41.44,5.0,1.2,0.3,S2a,800,1201,800,607,1.0,0.75875,248.1939860397631,247.90045104,0.1582304668842517,historical_extension
L75_Ts150_Tr41p44_dT5_F1p2_LP30,0.75,150.0,41.44,5.0,1.2,0.3,S2b,800,1201,800,800,1.0,1.0,326.7221759997028,326.722176,0.1965236801636742,historical_extension
L75_Ts150_Tr41p44_dT5_F1p2_LP40,0.75,150.0,41.44,5.0,1.2,0.4,S1,800,1201,679,559,0.84875,0.69875,228.6877051169202,228.29712048,0.2407821877948557,historical_extension
L75_Ts150_Tr41p44_dT5_F1p2_LP40,0.75,150.0,41.44,5.0,1.2,0.4,S2a,800,1201,684,607,0.855,0.75875,248.1939860397946,247.90045104,0.1582304668842517,historical_extension
L75_Ts150_Tr41p44_dT5_F1p2_LP40,0.75,150.0,41.44,5.0,1.2,0.4,S2b,800,1201,763,763,0.95375,0.95375,311.85381371632855,311.61127536,0.1940775347188464,historical_extension
L75_Ts150_Tr41p44_dT5_F1p2_LP45,0.75,150.0,41.44,5.0,1.2,0.45,S1,800,1201,584,559,0.73,0.69875,228.68770511711807,228.29712048,0.2407821877948557,historical_extension
L75_Ts150_Tr41p44_dT5_F1p2_LP45,0.75,150.0,41.44,5.0,1.2,0.45,S2a,800,1201,589,581,0.73625,0.72625,237.33520879186756,237.28198032,0.156671281443157,historical_extension
L75_Ts150_Tr41p44_dT5_F1p2_LP45,0.75,150.0,41.44,5.0,1.2,0.45,S2b,800,1201,657,657,0.82125,0.82125,268.4339509023942,268.32058704,0.18372484975743,historical_extension
L75_Ts150_Tr41p44_dT10_F0p8_LP20,0.75,150.0,41.44,10.0,0.8,0.2,S1,800,1201,800,575,1.0,0.71875,156.63978027579157,156.55437599999996,0.2444454907301934,historical_extension
L75_Ts150_Tr41p44_dT10_F0p8_LP20,0.75,150.0,41.44,10.0,0.8,0.2,S2a,800,1201,800,606,1.0,0.7575,165.23092419743404,164.99469888,0.1617579440190076,historical_extension
L75_Ts150_Tr41p44_dT10_F0p8_LP20,0.75,150.0,41.44,10.0,0.8,0.2,S2b,800,1201,800,800,1.0,1.0,217.81478399980188,217.814784,0.2014854452657305,historical_extension
L75_Ts150_Tr41p44_dT10_F0p8_LP30,0.75,150.0,41.44,10.0,0.8,0.3,S1,800,1201,800,575,1.0,0.71875,156.63978027579157,156.55437599999996,0.2444454907301934,historical_extension
L75_Ts150_Tr41p44_dT10_F0p8_LP30,0.75,150.0,41.44,10.0,0.8,0.3,S2a,800,1201,800,606,1.0,0.7575,165.23092419743404,164.99469888,0.1617579440190076,historical_extension
L75_Ts150_Tr41p44_dT10_F0p8_LP30,0.75,150.0,41.44,10.0,0.8,0.3,S2b,800,1201,800,800,1.0,1.0,217.81478399980188,217.814784,0.2014854452657305,historical_extension
L75_Ts150_Tr41p44_dT10_F0p8_LP40,0.75,150.0,41.44,10.0,0.8,0.4,S1,800,1201,800,575,1.0,0.71875,156.63978027579157,156.55437599999996,0.2444454907301934,historical_extension
L75_Ts150_Tr41p44_dT10_F0p8_LP40,0.75,150.0,41.44,10.0,0.8,0.4,S2a,800,1201,800,606,1.0,0.7575,165.23092419743404,164.99469888,0.1617579440190076,historical_extension
L75_Ts150_Tr41p44_dT10_F0p8_LP40,0.75,150.0,41.44,10.0,0.8,0.4,S2b,800,1201,800,800,1.0,1.0,217.81478399980188,217.814784,0.2014854452657305,historical_extension
L75_Ts150_Tr41p44_dT10_F0p8_LP45,0.75,150.0,41.44,10.0,0.8,0.45,S1,800,1201,800,575,1.0,0.71875,156.63978027579157,156.55437599999996,0.2444454907301934,historical_extension
L75_Ts150_Tr41p44_dT10_F0p8_LP45,0.75,150.0,41.44,10.0,0.8,0.45,S2a,800,1201,800,606,1.0,0.7575,165.23092419743404,164.99469888,0.1617579440190076,historical_extension
L75_Ts150_Tr41p44_dT10_F0p8_LP45,0.75,150.0,41.44,10.0,0.8,0.45,S2b,800,1201,800,800,1.0,1.0,217.81478399980188,217.814784,0.2014854452657305,historical_extension
L75_Ts150_Tr41p44_dT10_F1p0_LP20,0.75,150.0,41.44,10.0,1.0,0.2,S1,800,1201,800,553,1.0,0.69125,188.3600585021084,188.2055868,0.2428289195485008,historical_extension
L75_Ts150_Tr41p44_dT10_F1p0_LP20,0.75,150.0,41.44,10.0,1.0,0.2,S2a,800,1201,800,590,1.0,0.7375,200.921420657412,200.798004,0.1614847479157838,historical_extension
L75_Ts150_Tr41p44_dT10_F1p0_LP20,0.75,150.0,41.44,10.0,1.0,0.2,S2b,800,1201,800,800,1.0,1.0,272.26847999975234,272.26848,0.2035081202366249,historical_extension
L75_Ts150_Tr41p44_dT10_F1p0_LP30,0.75,150.0,41.44,10.0,1.0,0.3,S1,800,1201,800,553,1.0,0.69125,188.3600585021084,188.2055868,0.2428289195485008,historical_extension
L75_Ts150_Tr41p44_dT10_F1p0_LP30,0.75,150.0,41.44,10.0,1.0,0.3,S2a,800,1201,800,590,1.0,0.7375,200.921420657412,200.798004,0.1614847479157838,historical_extension
L75_Ts150_Tr41p44_dT10_F1p0_LP30,0.75,150.0,41.44,10.0,1.0,0.3,S2b,800,1201,800,800,1.0,1.0,272.26847999975234,272.26848,0.2035081202366249,historical_extension
L75_Ts150_Tr41p44_dT10_F1p0_LP40,0.75,150.0,41.44,10.0,1.0,0.4,S1,800,1201,800,553,1.0,0.69125,188.3600585021084,188.2055868,0.2428289195485008,historical_extension
L75_Ts150_Tr41p44_dT10_F1p0_LP40,0.75,150.0,41.44,10.0,1.0,0.4,S2a,800,1201,800,590,1.0,0.7375,200.9214206573257,200.798004,0.1614847479157838,historical_extension
L75_Ts150_Tr41p44_dT10_F1p0_LP40,0.75,150.0,41.44,10.0,1.0,0.4,S2b,800,1201,800,800,1.0,1.0,272.26847999975234,272.26848,0.2035081202366249,historical_extension
L75_Ts150_Tr41p44_dT10_F1p0_LP45,0.75,150.0,41.44,10.0,1.0,0.45,S1,800,1201,701,553,0.87625,0.69125,188.3600585021411,188.2055868,0.2428289195485008,historical_extension
L75_Ts150_Tr41p44_dT10_F1p0_LP45,0.75,150.0,41.44,10.0,1.0,0.45,S2a,800,1201,707,590,0.88375,0.7375,200.92142065737696,200.798004,0.1614847479157838,historical_extension
L75_Ts150_Tr41p44_dT10_F1p0_LP45,0.75,150.0,41.44,10.0,1.0,0.45,S2b,800,1201,788,785,0.985,0.98125,267.44986417774965,267.163446,0.2028950072707999,historical_extension
L75_Ts150_Tr41p44_dT10_F1p2_LP20,0.75,150.0,41.44,10.0,1.2,0.2,S1,800,1201,800,532,1.0,0.665,217.2780457914867,217.27024704,0.2413441717678904,historical_extension
L75_Ts150_Tr41p44_dT10_F1p2_LP20,0.75,150.0,41.44,10.0,1.2,0.2,S2a,800,1201,800,573,1.0,0.71625,234.0447645774184,234.01475856,0.1611988249892101,historical_extension
L75_Ts150_Tr41p44_dT10_F1p2_LP20,0.75,150.0,41.44,10.0,1.2,0.2,S2b,800,1201,800,784,1.0,0.98,320.4853492347043,320.18773248,0.2042152694492934,historical_extension
L75_Ts150_Tr41p44_dT10_F1p2_LP30,0.75,150.0,41.44,10.0,1.2,0.3,S1,800,1201,800,532,1.0,0.665,217.2780457914867,217.27024704,0.2413441717678904,historical_extension
L75_Ts150_Tr41p44_dT10_F1p2_LP30,0.75,150.0,41.44,10.0,1.2,0.3,S2a,800,1201,800,573,1.0,0.71625,234.0447645774184,234.01475856,0.1611988249892101,historical_extension
L75_Ts150_Tr41p44_dT10_F1p2_LP30,0.75,150.0,41.44,10.0,1.2,0.3,S2b,800,1201,800,784,1.0,0.98,320.4853492347043,320.18773248,0.2042152694492934,historical_extension
L75_Ts150_Tr41p44_dT10_F1p2_LP40,0.75,150.0,41.44,10.0,1.2,0.4,S1,800,1201,679,532,0.84875,0.665,217.27804579160372,217.27024704,0.2413441717678904,historical_extension
L75_Ts150_Tr41p44_dT10_F1p2_LP40,0.75,150.0,41.44,10.0,1.2,0.4,S2a,800,1201,684,573,0.855,0.71625,234.0447645773147,234.01475856,0.1611988249892101,historical_extension
L75_Ts150_Tr41p44_dT10_F1p2_LP40,0.75,150.0,41.44,10.0,1.2,0.4,S2b,800,1201,763,756,0.95375,0.945,308.8079602626708,308.75245632,0.2020432131338167,historical_extension
L75_Ts150_Tr41p44_dT10_F1p2_LP45,0.75,150.0,41.44,10.0,1.2,0.45,S1,800,1201,584,532,0.73,0.665,217.2780457916013,217.27024704,0.2413441717678904,historical_extension
L75_Ts150_Tr41p44_dT10_F1p2_LP45,0.75,150.0,41.44,10.0,1.2,0.45,S2a,800,1201,589,572,0.73625,0.715,233.7078548114295,233.60635584,0.1611268416509489,historical_extension
L75_Ts150_Tr41p44_dT10_F1p2_LP45,0.75,150.0,41.44,10.0,1.2,0.45,S2b,800,1201,657,657,0.82125,0.82125,268.4339509023942,268.32058704,0.1925104043486816,historical_extension
L75_Ts150_Tr41p44_dT15_F0p8_LP20,0.75,150.0,41.44,15.0,0.8,0.2,S1,800,1201,800,544,1.0,0.68,148.13311328186438,148.11405312,0.244875651302146,historical_extension
L75_Ts150_Tr41p44_dT15_F0p8_LP20,0.75,150.0,41.44,15.0,0.8,0.2,S2a,800,1201,800,570,1.0,0.7125,155.4553028468407,155.19303359999998,0.1650971342947588,historical_extension
L75_Ts150_Tr41p44_dT15_F0p8_LP20,0.75,150.0,41.44,15.0,0.8,0.2,S2b,800,1201,800,800,1.0,1.0,217.81478399980188,217.814784,0.2116065135484246,historical_extension
L75_Ts150_Tr41p44_dT15_F0p8_LP30,0.75,150.0,41.44,15.0,0.8,0.3,S1,800,1201,800,544,1.0,0.68,148.13311328186438,148.11405312,0.244875651302146,historical_extension
L75_Ts150_Tr41p44_dT15_F0p8_LP30,0.75,150.0,41.44,15.0,0.8,0.3,S2a,800,1201,800,570,1.0,0.7125,155.4553028468407,155.19303359999998,0.1650971342947588,historical_extension
L75_Ts150_Tr41p44_dT15_F0p8_LP30,0.75,150.0,41.44,15.0,0.8,0.3,S2b,800,1201,800,800,1.0,1.0,217.81478399980188,217.814784,0.2116065135484246,historical_extension
L75_Ts150_Tr41p44_dT15_F0p8_LP40,0.75,150.0,41.44,15.0,0.8,0.4,S1,800,1201,800,544,1.0,0.68,148.13311328186438,148.11405312,0.244875651302146,historical_extension
L75_Ts150_Tr41p44_dT15_F0p8_LP40,0.75,150.0,41.44,15.0,0.8,0.4,S2a,800,1201,800,570,1.0,0.7125,155.4553028468407,155.19303359999998,0.1650971342947588,historical_extension
L75_Ts150_Tr41p44_dT15_F0p8_LP40,0.75,150.0,41.44,15.0,0.8,0.4,S2b,800,1201,800,800,1.0,1.0,217.81478399980188,217.814784,0.2116065135484246,historical_extension
L75_Ts150_Tr41p44_dT15_F0p8_LP45,0.75,150.0,41.44,15.0,0.8,0.45,S1,800,1201,800,544,1.0,0.68,148.13311328186438,148.11405312,0.244875651302146,historical_extension
L75_Ts150_Tr41p44_dT15_F0p8_LP45,0.75,150.0,41.44,15.0,0.8,0.45,S2a,800,1201,800,570,1.0,0.7125,155.4553028468407,155.19303359999998,0.1650971342947588,historical_extension
L75_Ts150_Tr41p44_dT15_F0p8_LP45,0.75,150.0,41.44,15.0,0.8,0.45,S2b,800,1201,800,800,1.0,1.0,217.81478399980188,217.814784,0.2116065135484246,historical_extension
L75_Ts150_Tr41p44_dT15_F1p0_LP20,0.75,150.0,41.44,15.0,1.0,0.2,S1,800,1201,800,523,1.0,0.65375,178.2505812018376,177.9955188,0.2433492750790886,historical_extension
L75_Ts150_Tr41p44_dT15_F1p0_LP20,0.75,150.0,41.44,15.0,1.0,0.2,S2a,800,1201,800,555,1.0,0.69375,188.8927948280005,188.88625800000003,0.1649191265477429,historical_extension
L75_Ts150_Tr41p44_dT15_F1p0_LP20,0.75,150.0,41.44,15.0,1.0,0.2,S2b,800,1201,800,783,1.0,0.97875,266.5889251064989,266.4827748,0.2121258810465705,historical_extension
L75_Ts150_Tr41p44_dT15_F1p0_LP30,0.75,150.0,41.44,15.0,1.0,0.3,S1,800,1201,800,523,1.0,0.65375,178.2505812018376,177.9955188,0.2433492750790886,historical_extension
L75_Ts150_Tr41p44_dT15_F1p0_LP30,0.75,150.0,41.44,15.0,1.0,0.3,S2a,800,1201,800,555,1.0,0.69375,188.8927948280005,188.88625800000003,0.1649191265477429,historical_extension
L75_Ts150_Tr41p44_dT15_F1p0_LP30,0.75,150.0,41.44,15.0,1.0,0.3,S2b,800,1201,800,783,1.0,0.97875,266.5889251064989,266.4827748,0.2121258810465705,historical_extension
L75_Ts150_Tr41p44_dT15_F1p0_LP40,0.75,150.0,41.44,15.0,1.0,0.4,S1,800,1201,800,523,1.0,0.65375,178.2505812018376,177.9955188,0.2433492750790886,historical_extension
L75_Ts150_Tr41p44_dT15_F1p0_LP40,0.75,150.0,41.44,15.0,1.0,0.4,S2a,800,1201,800,555,1.0,0.69375,188.89279482790727,188.88625800000003,0.1649191265477429,historical_extension
L75_Ts150_Tr41p44_dT15_F1p0_LP40,0.75,150.0,41.44,15.0,1.0,0.4,S2b,800,1201,800,783,1.0,0.97875,266.5889251064989,266.4827748,0.2121258810465705,historical_extension
L75_Ts150_Tr41p44_dT15_F1p0_LP45,0.75,150.0,41.44,15.0,1.0,0.45,S1,800,1201,701,523,0.87625,0.65375,178.25058120182769,177.9955188,0.2433492750790886,historical_extension
L75_Ts150_Tr41p44_dT15_F1p0_LP45,0.75,150.0,41.44,15.0,1.0,0.45,S2a,800,1201,707,555,0.88375,0.69375,188.89279482809823,188.88625800000003,0.1649191265477429,historical_extension
L75_Ts150_Tr41p44_dT15_F1p0_LP45,0.75,150.0,41.44,15.0,1.0,0.45,S2b,800,1201,788,771,0.985,0.96375,262.45121012011106,262.39874760000004,0.2111729699579742,historical_extension
L75_Ts150_Tr41p44_dT15_F1p2_LP20,0.75,150.0,41.44,15.0,1.2,0.2,S1,800,1201,800,503,1.0,0.62875,205.78572586818404,205.42656816,0.2419477841833722,historical_extension
L75_Ts150_Tr41p44_dT15_F1p2_LP20,0.75,150.0,41.44,15.0,1.2,0.2,S2a,800,1201,800,538,1.0,0.6725,219.89974133801505,219.72066336,0.1646339897538663,historical_extension
L75_Ts150_Tr41p44_dT15_F1p2_LP20,0.75,150.0,41.44,15.0,1.2,0.2,S2b,800,1201,800,750,1.0,0.9375,306.6263066452268,306.30204,0.2112739226155538,historical_extension
L75_Ts150_Tr41p44_dT15_F1p2_LP30,0.75,150.0,41.44,15.0,1.2,0.3,S1,800,1201,800,503,1.0,0.62875,205.78572586818404,205.42656816,0.2419477841833722,historical_extension
L75_Ts150_Tr41p44_dT15_F1p2_LP30,0.75,150.0,41.44,15.0,1.2,0.3,S2a,800,1201,800,538,1.0,0.6725,219.89974133801505,219.72066336,0.1646339897538663,historical_extension
L75_Ts150_Tr41p44_dT15_F1p2_LP30,0.75,150.0,41.44,15.0,1.2,0.3,S2b,800,1201,800,750,1.0,0.9375,306.6263066452268,306.30204,0.2112739226155538,historical_extension
L75_Ts150_Tr41p44_dT15_F1p2_LP40,0.75,150.0,41.44,15.0,1.2,0.4,S1,800,1201,679,503,0.84875,0.62875,205.78572586837248,205.42656816,0.2419477841833722,historical_extension
L75_Ts150_Tr41p44_dT15_F1p2_LP40,0.75,150.0,41.44,15.0,1.2,0.4,S2a,800,1201,684,538,0.855,0.6725,219.8997413380212,219.72066336,0.1646339897538663,historical_extension
L75_Ts150_Tr41p44_dT15_F1p2_LP40,0.75,150.0,41.44,15.0,1.2,0.4,S2b,800,1201,763,743,0.95375,0.92875,303.7147759986032,303.44322096,0.2106486269235925,historical_extension
L75_Ts150_Tr41p44_dT15_F1p2_LP45,0.75,150.0,41.44,15.0,1.2,0.45,S1,800,1201,584,503,0.73,0.62875,205.78572586830995,205.42656816,0.2419477841833722,historical_extension
L75_Ts150_Tr41p44_dT15_F1p2_LP45,0.75,150.0,41.44,15.0,1.2,0.45,S2a,800,1201,589,538,0.73625,0.6725,219.89974133820067,219.72066336,0.1646339897538663,historical_extension
L75_Ts150_Tr41p44_dT15_F1p2_LP45,0.75,150.0,41.44,15.0,1.2,0.45,S2b,800,1201,657,657,0.82125,0.82125,268.4339509023942,268.32058704,0.2025908674581093,historical_extension
L75_Ts150_Tr50p0_dT5_F0p8_LP20,0.75,150.0,50.0,5.0,0.8,0.2,S1,800,1201,800,600,1.0,0.75,150.58547593582654,150.48,0.2447561650948276,historical_extension
L75_Ts150_Tr50p0_dT5_F0p8_LP20,0.75,150.0,50.0,5.0,0.8,0.2,S2a,800,1201,800,631,1.0,0.78875,158.27573351947325,158.2548,0.1641301428444888,historical_extension
L75_Ts150_Tr50p0_dT5_F0p8_LP20,0.75,150.0,50.0,5.0,0.8,0.2,S2b,800,1201,800,800,1.0,1.0,200.63999999981752,200.64,0.2026740865884524,historical_extension
L75_Ts150_Tr50p0_dT5_F0p8_LP30,0.75,150.0,50.0,5.0,0.8,0.3,S1,800,1201,800,600,1.0,0.75,150.58547593582654,150.48,0.2447561650948276,historical_extension
L75_Ts150_Tr50p0_dT5_F0p8_LP30,0.75,150.0,50.0,5.0,0.8,0.3,S2a,800,1201,800,631,1.0,0.78875,158.27573351947325,158.2548,0.1641301428444888,historical_extension
L75_Ts150_Tr50p0_dT5_F0p8_LP30,0.75,150.0,50.0,5.0,0.8,0.3,S2b,800,1201,800,800,1.0,1.0,200.63999999981752,200.64,0.2026740865884524,historical_extension
L75_Ts150_Tr50p0_dT5_F0p8_LP40,0.75,150.0,50.0,5.0,0.8,0.4,S1,800,1201,800,600,1.0,0.75,150.58547593582654,150.48,0.2447561650948276,historical_extension
L75_Ts150_Tr50p0_dT5_F0p8_LP40,0.75,150.0,50.0,5.0,0.8,0.4,S2a,800,1201,800,631,1.0,0.78875,158.27573351947325,158.2548,0.1641301428444888,historical_extension
L75_Ts150_Tr50p0_dT5_F0p8_LP40,0.75,150.0,50.0,5.0,0.8,0.4,S2b,800,1201,800,800,1.0,1.0,200.63999999981752,200.64,0.2026740865884524,historical_extension
L75_Ts150_Tr50p0_dT5_F0p8_LP45,0.75,150.0,50.0,5.0,0.8,0.45,S1,800,1201,800,600,1.0,0.75,150.58547593582654,150.48,0.2447561650948276,historical_extension
L75_Ts150_Tr50p0_dT5_F0p8_LP45,0.75,150.0,50.0,5.0,0.8,0.45,S2a,800,1201,800,631,1.0,0.78875,158.27573351947325,158.2548,0.1641301428444888,historical_extension
L75_Ts150_Tr50p0_dT5_F0p8_LP45,0.75,150.0,50.0,5.0,0.8,0.45,S2b,800,1201,800,800,1.0,1.0,200.63999999981752,200.64,0.2026740865884524,historical_extension
L75_Ts150_Tr50p0_dT5_F1p0_LP20,0.75,150.0,50.0,5.0,1.0,0.2,S1,800,1201,800,577,1.0,0.72125,181.16691129766696,180.8895,0.2432031511678707,historical_extension
L75_Ts150_Tr50p0_dT5_F1p0_LP20,0.75,150.0,50.0,5.0,1.0,0.2,S2a,800,1201,800,613,1.0,0.76625,192.34701945313213,192.1755,0.1638324038584292,historical_extension
L75_Ts150_Tr50p0_dT5_F1p0_LP20,0.75,150.0,50.0,5.0,1.0,0.2,S2b,800,1201,800,800,1.0,1.0,250.7999999997719,250.8,0.2047719556586022,historical_extension
L75_Ts150_Tr50p0_dT5_F1p0_LP30,0.75,150.0,50.0,5.0,1.0,0.3,S1,800,1201,800,577,1.0,0.72125,181.16691129766696,180.8895,0.2432031511678707,historical_extension
L75_Ts150_Tr50p0_dT5_F1p0_LP30,0.75,150.0,50.0,5.0,1.0,0.3,S2a,800,1201,800,613,1.0,0.76625,192.34701945313213,192.1755,0.1638324038584292,historical_extension
L75_Ts150_Tr50p0_dT5_F1p0_LP30,0.75,150.0,50.0,5.0,1.0,0.3,S2b,800,1201,800,800,1.0,1.0,250.7999999997719,250.8,0.2047719556586022,historical_extension
L75_Ts150_Tr50p0_dT5_F1p0_LP40,0.75,150.0,50.0,5.0,1.0,0.4,S1,800,1201,800,577,1.0,0.72125,181.16691129766696,180.8895,0.2432031511678707,historical_extension
L75_Ts150_Tr50p0_dT5_F1p0_LP40,0.75,150.0,50.0,5.0,1.0,0.4,S2a,800,1201,800,613,1.0,0.76625,192.34701945313213,192.1755,0.1638324038584292,historical_extension
L75_Ts150_Tr50p0_dT5_F1p0_LP40,0.75,150.0,50.0,5.0,1.0,0.4,S2b,800,1201,800,800,1.0,1.0,250.7999999997719,250.8,0.2047719556586022,historical_extension
L75_Ts150_Tr50p0_dT5_F1p0_LP45,0.75,150.0,50.0,5.0,1.0,0.45,S1,800,1201,761,577,0.95125,0.72125,181.1669112976682,180.8895,0.2432031511678707,historical_extension
L75_Ts150_Tr50p0_dT5_F1p0_LP45,0.75,150.0,50.0,5.0,1.0,0.45,S2a,800,1201,768,613,0.96,0.76625,192.34701945317173,192.1755,0.1638324038584292,historical_extension
L75_Ts150_Tr50p0_dT5_F1p0_LP45,0.75,150.0,50.0,5.0,1.0,0.45,S2b,800,1201,800,800,1.0,1.0,250.7999999997719,250.8,0.2047719556586022,historical_extension
L75_Ts150_Tr50p0_dT5_F1p2_LP20,0.75,150.0,50.0,5.0,1.2,0.2,S1,800,1201,800,555,1.0,0.69375,209.1037672625676,208.791,0.2417779573172066,historical_extension
L75_Ts150_Tr50p0_dT5_F1p2_LP20,0.75,150.0,50.0,5.0,1.2,0.2,S2a,800,1201,800,595,1.0,0.74375,223.9686756015848,223.839,0.1635755561548549,historical_extension
L75_Ts150_Tr50p0_dT5_F1p2_LP20,0.75,150.0,50.0,5.0,1.2,0.2,S2b,800,1201,800,800,1.0,1.0,300.9599999997263,300.96,0.2069635531421088,historical_extension
L75_Ts150_Tr50p0_dT5_F1p2_LP30,0.75,150.0,50.0,5.0,1.2,0.3,S1,800,1201,800,555,1.0,0.69375,209.1037672625676,208.791,0.2417779573172066,historical_extension
L75_Ts150_Tr50p0_dT5_F1p2_LP30,0.75,150.0,50.0,5.0,1.2,0.3,S2a,800,1201,800,595,1.0,0.74375,223.9686756015848,223.839,0.1635755561548549,historical_extension
L75_Ts150_Tr50p0_dT5_F1p2_LP30,0.75,150.0,50.0,5.0,1.2,0.3,S2b,800,1201,800,800,1.0,1.0,300.9599999997263,300.96,0.2069635531421088,historical_extension
L75_Ts150_Tr50p0_dT5_F1p2_LP40,0.75,150.0,50.0,5.0,1.2,0.4,S1,800,1201,737,555,0.92125,0.69375,209.1037672626569,208.791,0.2417779573172066,historical_extension
L75_Ts150_Tr50p0_dT5_F1p2_LP40,0.75,150.0,50.0,5.0,1.2,0.4,S2a,800,1201,743,595,0.92875,0.74375,223.96867560147396,223.839,0.1635755561548549,historical_extension
L75_Ts150_Tr50p0_dT5_F1p2_LP40,0.75,150.0,50.0,5.0,1.2,0.4,S2b,800,1201,800,800,1.0,1.0,300.9599999997263,300.96,0.2069691782548983,historical_extension
L75_Ts150_Tr50p0_dT5_F1p2_LP45,0.75,150.0,50.0,5.0,1.2,0.45,S1,800,1201,634,555,0.7925,0.69375,209.10376726265892,208.791,0.2417779573172066,historical_extension
L75_Ts150_Tr50p0_dT5_F1p2_LP45,0.75,150.0,50.0,5.0,1.2,0.45,S2a,800,1201,640,595,0.8,0.74375,223.96867560145017,223.839,0.1635755561548549,historical_extension
L75_Ts150_Tr50p0_dT5_F1p2_LP45,0.75,150.0,50.0,5.0,1.2,0.45,S2b,800,1201,713,713,0.89125,0.89125,268.4339509023942,268.2306,0.1995010552535268,historical_extension
L75_Ts150_Tr50p0_dT10_F0p8_LP20,0.75,150.0,50.0,10.0,0.8,0.2,S1,800,1201,800,566,1.0,0.7075,142.062005394983,141.9528,0.2451907533542229,historical_extension
L75_Ts150_Tr50p0_dT10_F0p8_LP20,0.75,150.0,50.0,10.0,0.8,0.2,S2a,800,1201,800,592,1.0,0.74,148.509823783643,148.47359999999998,0.1679601824236035,historical_extension
L75_Ts150_Tr50p0_dT10_F0p8_LP20,0.75,150.0,50.0,10.0,0.8,0.2,S2b,800,1201,800,800,1.0,1.0,200.63999999981752,200.64,0.2138449849264091,historical_extension
L75_Ts150_Tr50p0_dT10_F0p8_LP30,0.75,150.0,50.0,10.0,0.8,0.3,S1,800,1201,800,566,1.0,0.7075,142.062005394983,141.9528,0.2451907533542229,historical_extension
L75_Ts150_Tr50p0_dT10_F0p8_LP30,0.75,150.0,50.0,10.0,0.8,0.3,S2a,800,1201,800,592,1.0,0.74,148.509823783643,148.47359999999998,0.1679601824236035,historical_extension
L75_Ts150_Tr50p0_dT10_F0p8_LP30,0.75,150.0,50.0,10.0,0.8,0.3,S2b,800,1201,800,800,1.0,1.0,200.63999999981752,200.64,0.2138449849264091,historical_extension
L75_Ts150_Tr50p0_dT10_F0p8_LP40,0.75,150.0,50.0,10.0,0.8,0.4,S1,800,1201,800,566,1.0,0.7075,142.062005394983,141.9528,0.2451907533542229,historical_extension
L75_Ts150_Tr50p0_dT10_F0p8_LP40,0.75,150.0,50.0,10.0,0.8,0.4,S2a,800,1201,800,592,1.0,0.74,148.509823783643,148.47359999999998,0.1679601824236035,historical_extension
L75_Ts150_Tr50p0_dT10_F0p8_LP40,0.75,150.0,50.0,10.0,0.8,0.4,S2b,800,1201,800,800,1.0,1.0,200.63999999981752,200.64,0.2138449849264091,historical_extension
L75_Ts150_Tr50p0_dT10_F0p8_LP45,0.75,150.0,50.0,10.0,0.8,0.45,S1,800,1201,800,566,1.0,0.7075,142.062005394983,141.9528,0.2451907533542229,historical_extension
L75_Ts150_Tr50p0_dT10_F0p8_LP45,0.75,150.0,50.0,10.0,0.8,0.45,S2a,800,1201,800,592,1.0,0.74,148.509823783643,148.47359999999998,0.1679601824236035,historical_extension
L75_Ts150_Tr50p0_dT10_F0p8_LP45,0.75,150.0,50.0,10.0,0.8,0.45,S2b,800,1201,800,800,1.0,1.0,200.63999999981752,200.64,0.2138449849264091,historical_extension
L75_Ts150_Tr50p0_dT10_F1p0_LP20,0.75,150.0,50.0,10.0,1.0,0.2,S1,800,1201,800,545,1.0,0.68125,171.0244713302433,170.8575,0.2437144314730417,historical_extension
L75_Ts150_Tr50p0_dT10_F1p0_LP20,0.75,150.0,50.0,10.0,1.0,0.2,S2a,800,1201,800,575,1.0,0.71875,180.33089651197224,180.2625,0.1677509769586428,historical_extension
L75_Ts150_Tr50p0_dT10_F1p0_LP20,0.75,150.0,50.0,10.0,1.0,0.2,S2b,800,1201,800,800,1.0,1.0,250.7999999997719,250.8,0.2159262521345385,historical_extension
L75_Ts150_Tr50p0_dT10_F1p0_LP30,0.75,150.0,50.0,10.0,1.0,0.3,S1,800,1201,800,545,1.0,0.68125,171.0244713302433,170.8575,0.2437144314730417,historical_extension
L75_Ts150_Tr50p0_dT10_F1p0_LP30,0.75,150.0,50.0,10.0,1.0,0.3,S2a,800,1201,800,575,1.0,0.71875,180.33089651197224,180.2625,0.1677509769586428,historical_extension
L75_Ts150_Tr50p0_dT10_F1p0_LP30,0.75,150.0,50.0,10.0,1.0,0.3,S2b,800,1201,800,800,1.0,1.0,250.7999999997719,250.8,0.2159262521345385,historical_extension
L75_Ts150_Tr50p0_dT10_F1p0_LP40,0.75,150.0,50.0,10.0,1.0,0.4,S1,800,1201,800,545,1.0,0.68125,171.0244713302433,170.8575,0.2437144314730417,historical_extension
L75_Ts150_Tr50p0_dT10_F1p0_LP40,0.75,150.0,50.0,10.0,1.0,0.4,S2a,800,1201,800,575,1.0,0.71875,180.33089651197224,180.2625,0.1677509769586428,historical_extension
L75_Ts150_Tr50p0_dT10_F1p0_LP40,0.75,150.0,50.0,10.0,1.0,0.4,S2b,800,1201,800,800,1.0,1.0,250.7999999997719,250.8,0.2159262521345385,historical_extension
L75_Ts150_Tr50p0_dT10_F1p0_LP45,0.75,150.0,50.0,10.0,1.0,0.45,S1,800,1201,761,545,0.95125,0.68125,171.02447133016352,170.8575,0.2437144314730417,historical_extension
L75_Ts150_Tr50p0_dT10_F1p0_LP45,0.75,150.0,50.0,10.0,1.0,0.45,S2a,800,1201,768,575,0.96,0.71875,180.33089651187197,180.2625,0.1677509769586428,historical_extension
L75_Ts150_Tr50p0_dT10_F1p0_LP45,0.75,150.0,50.0,10.0,1.0,0.45,S2b,800,1201,800,800,1.0,1.0,250.7999999997719,250.8,0.2159262521345385,historical_extension
L75_Ts150_Tr50p0_dT10_F1p2_LP20,0.75,150.0,50.0,10.0,1.2,0.2,S1,800,1201,800,525,1.0,0.65625,197.55486976541252,197.505,0.242353147660524,historical_extension
L75_Ts150_Tr50p0_dT10_F1p2_LP20,0.75,150.0,50.0,10.0,1.2,0.2,S2a,800,1201,800,557,1.0,0.69625,209.8024125972595,209.5434,0.1674946484733207,historical_extension
L75_Ts150_Tr50p0_dT10_F1p2_LP20,0.75,150.0,50.0,10.0,1.2,0.2,S2b,800,1201,800,788,1.0,0.985,296.7472607246045,296.4456,0.21703356477316,historical_extension
L75_Ts150_Tr50p0_dT10_F1p2_LP30,0.75,150.0,50.0,10.0,1.2,0.3,S1,800,1201,800,525,1.0,0.65625,197.55486976541252,197.505,0.242353147660524,historical_extension
L75_Ts150_Tr50p0_dT10_F1p2_LP30,0.75,150.0,50.0,10.0,1.2,0.3,S2a,800,1201,800,557,1.0,0.69625,209.8024125972595,209.5434,0.1674946484733207,historical_extension
L75_Ts150_Tr50p0_dT10_F1p2_LP30,0.75,150.0,50.0,10.0,1.2,0.3,S2b,800,1201,800,788,1.0,0.985,296.7472607246045,296.4456,0.21703356477316,historical_extension
L75_Ts150_Tr50p0_dT10_F1p2_LP40,0.75,150.0,50.0,10.0,1.2,0.4,S1,800,1201,737,525,0.92125,0.65625,197.5548697653608,197.505,0.242353147660524,historical_extension
L75_Ts150_Tr50p0_dT10_F1p2_LP40,0.75,150.0,50.0,10.0,1.2,0.4,S2a,800,1201,743,557,0.92875,0.69625,209.80241259711624,209.5434,0.1674946484733207,historical_extension
L75_Ts150_Tr50p0_dT10_F1p2_LP40,0.75,150.0,50.0,10.0,1.2,0.4,S2b,800,1201,800,788,1.0,0.985,296.7472607246045,296.4456,0.21703356477316,historical_extension
L75_Ts150_Tr50p0_dT10_F1p2_LP45,0.75,150.0,50.0,10.0,1.2,0.45,S1,800,1201,634,525,0.7925,0.65625,197.5548697652099,197.505,0.242353147660524,historical_extension
L75_Ts150_Tr50p0_dT10_F1p2_LP45,0.75,150.0,50.0,10.0,1.2,0.45,S2a,800,1201,640,557,0.8,0.69625,209.802412597144,209.5434,0.1674946484733207,historical_extension
L75_Ts150_Tr50p0_dT10_F1p2_LP45,0.75,150.0,50.0,10.0,1.2,0.45,S2b,800,1201,713,713,0.89125,0.89125,268.4339509023942,268.2306,0.210587204834785,historical_extension
L75_Ts150_Tr50p0_dT15_F0p8_LP20,0.75,150.0,50.0,15.0,0.8,0.2,S1,800,1201,800,532,1.0,0.665,133.5155884324949,133.4256,0.2456253416136182,historical_extension
L75_Ts150_Tr50p0_dT15_F0p8_LP20,0.75,150.0,50.0,15.0,0.8,0.2,S2a,800,1201,800,553,1.0,0.69125,138.72612196690784,138.6924,0.1726717832741868,historical_extension
L75_Ts150_Tr50p0_dT15_F0p8_LP20,0.75,150.0,50.0,15.0,0.8,0.2,S2b,800,1201,800,800,1.0,1.0,200.63999999981752,200.64,0.2263962596615902,historical_extension
L75_Ts150_Tr50p0_dT15_F0p8_LP30,0.75,150.0,50.0,15.0,0.8,0.3,S1,800,1201,800,532,1.0,0.665,133.5155884324949,133.4256,0.2456253416136182,historical_extension
L75_Ts150_Tr50p0_dT15_F0p8_LP30,0.75,150.0,50.0,15.0,0.8,0.3,S2a,800,1201,800,553,1.0,0.69125,138.72612196690784,138.6924,0.1726717832741868,historical_extension
L75_Ts150_Tr50p0_dT15_F0p8_LP30,0.75,150.0,50.0,15.0,0.8,0.3,S2b,800,1201,800,800,1.0,1.0,200.63999999981752,200.64,0.2263962596615902,historical_extension
L75_Ts150_Tr50p0_dT15_F0p8_LP40,0.75,150.0,50.0,15.0,0.8,0.4,S1,800,1201,800,532,1.0,0.665,133.5155884324949,133.4256,0.2456253416136182,historical_extension
L75_Ts150_Tr50p0_dT15_F0p8_LP40,0.75,150.0,50.0,15.0,0.8,0.4,S2a,800,1201,800,553,1.0,0.69125,138.72612196690784,138.6924,0.1726717832741868,historical_extension
L75_Ts150_Tr50p0_dT15_F0p8_LP40,0.75,150.0,50.0,15.0,0.8,0.4,S2b,800,1201,800,800,1.0,1.0,200.63999999981752,200.64,0.2263962596615902,historical_extension
L75_Ts150_Tr50p0_dT15_F0p8_LP45,0.75,150.0,50.0,15.0,0.8,0.45,S1,800,1201,800,532,1.0,0.665,133.5155884324949,133.4256,0.2456253416136182,historical_extension
L75_Ts150_Tr50p0_dT15_F0p8_LP45,0.75,150.0,50.0,15.0,0.8,0.45,S2a,800,1201,800,553,1.0,0.69125,138.72612196690784,138.6924,0.1726717832741868,historical_extension
L75_Ts150_Tr50p0_dT15_F0p8_LP45,0.75,150.0,50.0,15.0,0.8,0.45,S2b,800,1201,800,800,1.0,1.0,200.63999999981752,200.64,0.2263962596615902,historical_extension
L75_Ts150_Tr50p0_dT15_F1p0_LP20,0.75,150.0,50.0,15.0,1.0,0.2,S1,800,1201,800,513,1.0,0.64125,160.8372754607091,160.8255,0.2442257117782127,historical_extension
L75_Ts150_Tr50p0_dT15_F1p0_LP20,0.75,150.0,50.0,15.0,1.0,0.2,S2a,800,1201,800,536,1.0,0.67,168.26269758435745,168.03600000000003,0.1724852526377495,historical_extension
L75_Ts150_Tr50p0_dT15_F1p0_LP20,0.75,150.0,50.0,15.0,1.0,0.2,S2b,800,1201,800,785,1.0,0.98125,246.1890989282976,246.0975,0.2271854779382792,historical_extension
L75_Ts150_Tr50p0_dT15_F1p0_LP30,0.75,150.0,50.0,15.0,1.0,0.3,S1,800,1201,800,513,1.0,0.64125,160.8372754607091,160.8255,0.2442257117782127,historical_extension
L75_Ts150_Tr50p0_dT15_F1p0_LP30,0.75,150.0,50.0,15.0,1.0,0.3,S2a,800,1201,800,536,1.0,0.67,168.26269758435745,168.03600000000003,0.1724852526377495,historical_extension
L75_Ts150_Tr50p0_dT15_F1p0_LP30,0.75,150.0,50.0,15.0,1.0,0.3,S2b,800,1201,800,785,1.0,0.98125,246.1890989282976,246.0975,0.2271854779382792,historical_extension
L75_Ts150_Tr50p0_dT15_F1p0_LP40,0.75,150.0,50.0,15.0,1.0,0.4,S1,800,1201,800,513,1.0,0.64125,160.8372754607091,160.8255,0.2442257117782127,historical_extension
L75_Ts150_Tr50p0_dT15_F1p0_LP40,0.75,150.0,50.0,15.0,1.0,0.4,S2a,800,1201,800,536,1.0,0.67,168.26269758435745,168.03600000000003,0.1724852526377495,historical_extension
L75_Ts150_Tr50p0_dT15_F1p0_LP40,0.75,150.0,50.0,15.0,1.0,0.4,S2b,800,1201,800,785,1.0,0.98125,246.1890989282976,246.0975,0.2271854779382792,historical_extension
L75_Ts150_Tr50p0_dT15_F1p0_LP45,0.75,150.0,50.0,15.0,1.0,0.45,S1,800,1201,761,513,0.95125,0.64125,160.83727546071464,160.8255,0.2442257117782127,historical_extension
L75_Ts150_Tr50p0_dT15_F1p0_LP45,0.75,150.0,50.0,15.0,1.0,0.45,S2a,800,1201,768,536,0.96,0.67,168.2626975843284,168.03600000000003,0.1724852526377495,historical_extension
L75_Ts150_Tr50p0_dT15_F1p0_LP45,0.75,150.0,50.0,15.0,1.0,0.45,S2b,800,1201,800,785,1.0,0.98125,246.1890989282976,246.0975,0.2271854779382792,historical_extension
L75_Ts150_Tr50p0_dT15_F1p2_LP20,0.75,150.0,50.0,15.0,1.2,0.2,S1,800,1201,800,494,1.0,0.6175,185.92952527182547,185.8428,0.2429475110152853,historical_extension
L75_Ts150_Tr50p0_dT15_F1p2_LP20,0.75,150.0,50.0,15.0,1.2,0.2,S2a,800,1201,800,519,1.0,0.64875,195.59491571810932,195.2478,0.1723038481419025,historical_extension
L75_Ts150_Tr50p0_dT15_F1p2_LP20,0.75,150.0,50.0,15.0,1.2,0.2,S2b,800,1201,800,751,1.0,0.93875,282.8232231058643,282.5262,0.2264226364080447,historical_extension
L75_Ts150_Tr50p0_dT15_F1p2_LP30,0.75,150.0,50.0,15.0,1.2,0.3,S1,800,1201,800,494,1.0,0.6175,185.92952527182547,185.8428,0.2429475110152853,historical_extension
L75_Ts150_Tr50p0_dT15_F1p2_LP30,0.75,150.0,50.0,15.0,1.2,0.3,S2a,800,1201,800,519,1.0,0.64875,195.59491571810932,195.2478,0.1723038481419025,historical_extension
L75_Ts150_Tr50p0_dT15_F1p2_LP30,0.75,150.0,50.0,15.0,1.2,0.3,S2b,800,1201,800,751,1.0,0.93875,282.8232231058643,282.5262,0.2264226364080447,historical_extension
L75_Ts150_Tr50p0_dT15_F1p2_LP40,0.75,150.0,50.0,15.0,1.2,0.4,S1,800,1201,737,494,0.92125,0.6175,185.92952527185207,185.8428,0.2429475110152853,historical_extension
L75_Ts150_Tr50p0_dT15_F1p2_LP40,0.75,150.0,50.0,15.0,1.2,0.4,S2a,800,1201,743,519,0.92875,0.64875,195.5949157181905,195.2478,0.1723038481419025,historical_extension
L75_Ts150_Tr50p0_dT15_F1p2_LP40,0.75,150.0,50.0,15.0,1.2,0.4,S2b,800,1201,800,751,1.0,0.93875,282.8232231058643,282.5262,0.2264226364080447,historical_extension
L75_Ts150_Tr50p0_dT15_F1p2_LP45,0.75,150.0,50.0,15.0,1.2,0.45,S1,800,1201,634,494,0.7925,0.6175,185.92952527174725,185.8428,0.2429475110152853,historical_extension
L75_Ts150_Tr50p0_dT15_F1p2_LP45,0.75,150.0,50.0,15.0,1.2,0.45,S2a,800,1201,640,519,0.8,0.64875,195.59491571816372,195.2478,0.1723038481419025,historical_extension
L75_Ts150_Tr50p0_dT15_F1p2_LP45,0.75,150.0,50.0,15.0,1.2,0.45,S2b,800,1201,713,713,0.89125,0.89125,268.4339509023942,268.2306,0.2232512998979842,historical_extension
L75_Ts150_Tr60p0_dT5_F0p8_LP20,0.75,150.0,60.0,5.0,0.8,0.2,S1,800,1201,800,591,1.0,0.73875,133.51558843264073,133.40051999999997,0.245627898015144,historical_extension
L75_Ts150_Tr60p0_dT5_F0p8_LP20,0.75,150.0,60.0,5.0,0.8,0.2,S2a,800,1201,800,614,1.0,0.7675,138.72612196678006,138.59207999999998,0.172634261484596,historical_extension
L75_Ts150_Tr60p0_dT5_F0p8_LP20,0.75,150.0,60.0,5.0,0.8,0.2,S2b,800,1201,800,800,1.0,1.0,180.57599999983572,180.57599999999996,0.219261120878725,historical_extension
L75_Ts150_Tr60p0_dT5_F0p8_LP30,0.75,150.0,60.0,5.0,0.8,0.3,S1,800,1201,800,591,1.0,0.73875,133.51558843264073,133.40051999999997,0.245627898015144,historical_extension
L75_Ts150_Tr60p0_dT5_F0p8_LP30,0.75,150.0,60.0,5.0,0.8,0.3,S2a,800,1201,800,614,1.0,0.7675,138.72612196678006,138.59207999999998,0.172634261484596,historical_extension
L75_Ts150_Tr60p0_dT5_F0p8_LP30,0.75,150.0,60.0,5.0,0.8,0.3,S2b,800,1201,800,800,1.0,1.0,180.57599999983572,180.57599999999996,0.219261120878725,historical_extension
L75_Ts150_Tr60p0_dT5_F0p8_LP40,0.75,150.0,60.0,5.0,0.8,0.4,S1,800,1201,800,591,1.0,0.73875,133.51558843264073,133.40051999999997,0.245627898015144,historical_extension
L75_Ts150_Tr60p0_dT5_F0p8_LP40,0.75,150.0,60.0,5.0,0.8,0.4,S2a,800,1201,800,614,1.0,0.7675,138.72612196678006,138.59207999999998,0.172634261484596,historical_extension
L75_Ts150_Tr60p0_dT5_F0p8_LP40,0.75,150.0,60.0,5.0,0.8,0.4,S2b,800,1201,800,800,1.0,1.0,180.57599999983572,180.57599999999996,0.219261120878725,historical_extension
L75_Ts150_Tr60p0_dT5_F0p8_LP45,0.75,150.0,60.0,5.0,0.8,0.45,S1,800,1201,800,591,1.0,0.73875,133.51558843264073,133.40051999999997,0.245627898015144,historical_extension
L75_Ts150_Tr60p0_dT5_F0p8_LP45,0.75,150.0,60.0,5.0,0.8,0.45,S2a,800,1201,800,614,1.0,0.7675,138.72612196678006,138.59207999999998,0.172634261484596,historical_extension
L75_Ts150_Tr60p0_dT5_F0p8_LP45,0.75,150.0,60.0,5.0,0.8,0.45,S2b,800,1201,800,800,1.0,1.0,180.57599999983572,180.57599999999996,0.219261120878725,historical_extension
L75_Ts150_Tr60p0_dT5_F1p0_LP20,0.75,150.0,60.0,5.0,1.0,0.2,S1,800,1201,800,570,1.0,0.7125,160.8372754607319,160.8255,0.2442273095291663,historical_extension
L75_Ts150_Tr60p0_dT5_F1p0_LP20,0.75,150.0,60.0,5.0,1.0,0.2,S2a,800,1201,800,596,1.0,0.745,168.26269758438022,168.1614,0.1725076330905305,historical_extension
L75_Ts150_Tr60p0_dT5_F1p0_LP20,0.75,150.0,60.0,5.0,1.0,0.2,S2b,800,1201,800,800,1.0,1.0,225.7199999997947,225.72,0.2214466908534476,historical_extension
L75_Ts150_Tr60p0_dT5_F1p0_LP30,0.75,150.0,60.0,5.0,1.0,0.3,S1,800,1201,800,570,1.0,0.7125,160.8372754607319,160.8255,0.2442273095291663,historical_extension
L75_Ts150_Tr60p0_dT5_F1p0_LP30,0.75,150.0,60.0,5.0,1.0,0.3,S2a,800,1201,800,596,1.0,0.745,168.26269758438022,168.1614,0.1725076330905305,historical_extension
L75_Ts150_Tr60p0_dT5_F1p0_LP30,0.75,150.0,60.0,5.0,1.0,0.3,S2b,800,1201,800,800,1.0,1.0,225.7199999997947,225.72,0.2214466908534476,historical_extension
L75_Ts150_Tr60p0_dT5_F1p0_LP40,0.75,150.0,60.0,5.0,1.0,0.4,S1,800,1201,800,570,1.0,0.7125,160.8372754607319,160.8255,0.2442273095291663,historical_extension
L75_Ts150_Tr60p0_dT5_F1p0_LP40,0.75,150.0,60.0,5.0,1.0,0.4,S2a,800,1201,800,596,1.0,0.745,168.26269758438022,168.1614,0.1725076330905305,historical_extension
L75_Ts150_Tr60p0_dT5_F1p0_LP40,0.75,150.0,60.0,5.0,1.0,0.4,S2b,800,1201,800,800,1.0,1.0,225.7199999997947,225.72,0.2214466908534476,historical_extension
L75_Ts150_Tr60p0_dT5_F1p0_LP45,0.75,150.0,60.0,5.0,1.0,0.45,S1,800,1201,800,570,1.0,0.7125,160.8372754607319,160.8255,0.2442273095291663,historical_extension
L75_Ts150_Tr60p0_dT5_F1p0_LP45,0.75,150.0,60.0,5.0,1.0,0.45,S2a,800,1201,800,596,1.0,0.745,168.26269758438022,168.1614,0.1725076330905305,historical_extension
L75_Ts150_Tr60p0_dT5_F1p0_LP45,0.75,150.0,60.0,5.0,1.0,0.45,S2b,800,1201,800,800,1.0,1.0,225.7199999997947,225.72,0.2214466908534476,historical_extension
L75_Ts150_Tr60p0_dT5_F1p2_LP20,0.75,150.0,60.0,5.0,1.2,0.2,S1,800,1201,800,549,1.0,0.68625,185.92952527174344,185.88042,0.2429475110152853,historical_extension
L75_Ts150_Tr60p0_dT5_F1p2_LP20,0.75,150.0,60.0,5.0,1.2,0.2,S2a,800,1201,800,577,1.0,0.72125,195.59491571821889,195.36066,0.1723233486190103,historical_extension
L75_Ts150_Tr60p0_dT5_F1p2_LP20,0.75,150.0,60.0,5.0,1.2,0.2,S2b,800,1201,800,800,1.0,1.0,270.8639999997537,270.864,0.2236501209920108,historical_extension
L75_Ts150_Tr60p0_dT5_F1p2_LP30,0.75,150.0,60.0,5.0,1.2,0.3,S1,800,1201,800,549,1.0,0.68625,185.92952527174344,185.88042,0.2429475110152853,historical_extension
L75_Ts150_Tr60p0_dT5_F1p2_LP30,0.75,150.0,60.0,5.0,1.2,0.3,S2a,800,1201,800,577,1.0,0.72125,195.59491571821889,195.36066,0.1723233486190103,historical_extension
L75_Ts150_Tr60p0_dT5_F1p2_LP30,0.75,150.0,60.0,5.0,1.2,0.3,S2b,800,1201,800,800,1.0,1.0,270.8639999997537,270.864,0.2236501209920108,historical_extension
L75_Ts150_Tr60p0_dT5_F1p2_LP40,0.75,150.0,60.0,5.0,1.2,0.4,S1,800,1201,800,549,1.0,0.68625,185.92952527174344,185.88042,0.2429475110152853,historical_extension
L75_Ts150_Tr60p0_dT5_F1p2_LP40,0.75,150.0,60.0,5.0,1.2,0.4,S2a,800,1201,800,577,1.0,0.72125,195.59491571821889,195.36066,0.1723233486190103,historical_extension
L75_Ts150_Tr60p0_dT5_F1p2_LP40,0.75,150.0,60.0,5.0,1.2,0.4,S2b,800,1201,800,800,1.0,1.0,270.8639999997537,270.864,0.2236501209920108,historical_extension
L75_Ts150_Tr60p0_dT5_F1p2_LP45,0.75,150.0,60.0,5.0,1.2,0.45,S1,800,1201,705,549,0.88125,0.68625,185.92952527174725,185.88042,0.2429475110152853,historical_extension
L75_Ts150_Tr60p0_dT5_F1p2_LP45,0.75,150.0,60.0,5.0,1.2,0.45,S2a,800,1201,711,577,0.88875,0.72125,195.59491571816372,195.36066,0.1723233486190103,historical_extension
L75_Ts150_Tr60p0_dT5_F1p2_LP45,0.75,150.0,60.0,5.0,1.2,0.45,S2b,800,1201,792,792,0.99,0.99,268.4339509023942,268.15536,0.2232161673952103,historical_extension
L75_Ts150_Tr60p0_dT10_F0p8_LP20,0.75,150.0,60.0,10.0,0.8,0.2,S1,800,1201,800,553,1.0,0.69125,124.94695643282552,124.82315999999996,0.2460650426760653,historical_extension
L75_Ts150_Tr60p0_dT10_F0p8_LP20,0.75,150.0,60.0,10.0,0.8,0.2,S2a,800,1201,800,571,1.0,0.71375,128.9480720805323,128.88611999999998,0.1785998958539695,historical_extension
L75_Ts150_Tr60p0_dT10_F0p8_LP20,0.75,150.0,60.0,10.0,0.8,0.2,S2b,800,1201,800,800,1.0,1.0,180.57599999983572,180.57599999999996,0.2340767736441532,historical_extension
L75_Ts150_Tr60p0_dT10_F0p8_LP30,0.75,150.0,60.0,10.0,0.8,0.3,S1,800,1201,800,553,1.0,0.69125,124.94695643282552,124.82315999999996,0.2460650426760653,historical_extension
L75_Ts150_Tr60p0_dT10_F0p8_LP30,0.75,150.0,60.0,10.0,0.8,0.3,S2a,800,1201,800,571,1.0,0.71375,128.9480720805323,128.88611999999998,0.1785998958539695,historical_extension
L75_Ts150_Tr60p0_dT10_F0p8_LP30,0.75,150.0,60.0,10.0,0.8,0.3,S2b,800,1201,800,800,1.0,1.0,180.57599999983572,180.57599999999996,0.2340767736441532,historical_extension
L75_Ts150_Tr60p0_dT10_F0p8_LP40,0.75,150.0,60.0,10.0,0.8,0.4,S1,800,1201,800,553,1.0,0.69125,124.94695643282552,124.82315999999996,0.2460650426760653,historical_extension
L75_Ts150_Tr60p0_dT10_F0p8_LP40,0.75,150.0,60.0,10.0,0.8,0.4,S2a,800,1201,800,571,1.0,0.71375,128.9480720805323,128.88611999999998,0.1785998958539695,historical_extension
L75_Ts150_Tr60p0_dT10_F0p8_LP40,0.75,150.0,60.0,10.0,0.8,0.4,S2b,800,1201,800,800,1.0,1.0,180.57599999983572,180.57599999999996,0.2340767736441532,historical_extension
L75_Ts150_Tr60p0_dT10_F0p8_LP45,0.75,150.0,60.0,10.0,0.8,0.45,S1,800,1201,800,553,1.0,0.69125,124.94695643282552,124.82315999999996,0.2460650426760653,historical_extension
L75_Ts150_Tr60p0_dT10_F0p8_LP45,0.75,150.0,60.0,10.0,0.8,0.45,S2a,800,1201,800,571,1.0,0.71375,128.9480720805323,128.88611999999998,0.1785998958539695,historical_extension
L75_Ts150_Tr60p0_dT10_F0p8_LP45,0.75,150.0,60.0,10.0,0.8,0.45,S2b,800,1201,800,800,1.0,1.0,180.57599999983572,180.57599999999996,0.2340767736441532,historical_extension
L75_Ts150_Tr60p0_dT10_F1p0_LP20,0.75,150.0,60.0,10.0,1.0,0.2,S1,800,1201,800,533,1.0,0.66625,150.60703219066983,150.38594999999998,0.2447593605967349,historical_extension
L75_Ts150_Tr60p0_dT10_F1p0_LP20,0.75,150.0,60.0,10.0,1.0,0.2,S2a,800,1201,800,553,1.0,0.69125,156.205317053345,156.02895,0.1785069235848962,historical_extension
L75_Ts150_Tr60p0_dT10_F1p0_LP20,0.75,150.0,60.0,10.0,1.0,0.2,S2b,800,1201,800,800,1.0,1.0,225.7199999997947,225.72,0.2361820306305428,historical_extension
L75_Ts150_Tr60p0_dT10_F1p0_LP30,0.75,150.0,60.0,10.0,1.0,0.3,S1,800,1201,800,533,1.0,0.66625,150.60703219066983,150.38594999999998,0.2447593605967349,historical_extension
L75_Ts150_Tr60p0_dT10_F1p0_LP30,0.75,150.0,60.0,10.0,1.0,0.3,S2a,800,1201,800,553,1.0,0.69125,156.205317053345,156.02895,0.1785069235848962,historical_extension
L75_Ts150_Tr60p0_dT10_F1p0_LP30,0.75,150.0,60.0,10.0,1.0,0.3,S2b,800,1201,800,800,1.0,1.0,225.7199999997947,225.72,0.2361820306305428,historical_extension
L75_Ts150_Tr60p0_dT10_F1p0_LP40,0.75,150.0,60.0,10.0,1.0,0.4,S1,800,1201,800,533,1.0,0.66625,150.60703219066983,150.38594999999998,0.2447593605967349,historical_extension
L75_Ts150_Tr60p0_dT10_F1p0_LP40,0.75,150.0,60.0,10.0,1.0,0.4,S2a,800,1201,800,553,1.0,0.69125,156.205317053345,156.02895,0.1785069235848962,historical_extension
L75_Ts150_Tr60p0_dT10_F1p0_LP40,0.75,150.0,60.0,10.0,1.0,0.4,S2b,800,1201,800,800,1.0,1.0,225.7199999997947,225.72,0.2361820306305428,historical_extension
L75_Ts150_Tr60p0_dT10_F1p0_LP45,0.75,150.0,60.0,10.0,1.0,0.45,S1,800,1201,800,533,1.0,0.66625,150.60703219066983,150.38594999999998,0.2447593605967349,historical_extension
L75_Ts150_Tr60p0_dT10_F1p0_LP45,0.75,150.0,60.0,10.0,1.0,0.45,S2a,800,1201,800,553,1.0,0.69125,156.205317053345,156.02895,0.1785069235848962,historical_extension
L75_Ts150_Tr60p0_dT10_F1p0_LP45,0.75,150.0,60.0,10.0,1.0,0.45,S2b,800,1201,800,800,1.0,1.0,225.7199999997947,225.72,0.2361820306305428,historical_extension
L75_Ts150_Tr60p0_dT10_F1p2_LP20,0.75,150.0,60.0,10.0,1.2,0.2,S1,800,1201,800,514,1.0,0.6425,174.2310597173451,174.03011999999998,0.2435514608757684,historical_extension
L75_Ts150_Tr60p0_dT10_F1p2_LP20,0.75,150.0,60.0,10.0,1.2,0.2,S2a,800,1201,800,535,1.0,0.66875,181.33685906502055,181.1403,0.1784009086636945,historical_extension
L75_Ts150_Tr60p0_dT10_F1p2_LP20,0.75,150.0,60.0,10.0,1.2,0.2,S2b,800,1201,800,794,1.0,0.9925,268.8708646374239,268.83252,0.2378023705150707,historical_extension
L75_Ts150_Tr60p0_dT10_F1p2_LP30,0.75,150.0,60.0,10.0,1.2,0.3,S1,800,1201,800,514,1.0,0.6425,174.2310597173451,174.03011999999998,0.2435514608757684,historical_extension
L75_Ts150_Tr60p0_dT10_F1p2_LP30,0.75,150.0,60.0,10.0,1.2,0.3,S2a,800,1201,800,535,1.0,0.66875,181.33685906502055,181.1403,0.1784009086636945,historical_extension
L75_Ts150_Tr60p0_dT10_F1p2_LP30,0.75,150.0,60.0,10.0,1.2,0.3,S2b,800,1201,800,794,1.0,0.9925,268.8708646374239,268.83252,0.2378023705150707,historical_extension
L75_Ts150_Tr60p0_dT10_F1p2_LP40,0.75,150.0,60.0,10.0,1.2,0.4,S1,800,1201,800,514,1.0,0.6425,174.2310597173451,174.03011999999998,0.2435514608757684,historical_extension
L75_Ts150_Tr60p0_dT10_F1p2_LP40,0.75,150.0,60.0,10.0,1.2,0.4,S2a,800,1201,800,535,1.0,0.66875,181.33685906502055,181.1403,0.1784009086636945,historical_extension
L75_Ts150_Tr60p0_dT10_F1p2_LP40,0.75,150.0,60.0,10.0,1.2,0.4,S2b,800,1201,800,794,1.0,0.9925,268.8708646374239,268.83252,0.2378023705150707,historical_extension
L75_Ts150_Tr60p0_dT10_F1p2_LP45,0.75,150.0,60.0,10.0,1.2,0.45,S1,800,1201,705,514,0.88125,0.6425,174.23105971723538,174.03011999999998,0.2435514608757684,historical_extension
L75_Ts150_Tr60p0_dT10_F1p2_LP45,0.75,150.0,60.0,10.0,1.2,0.45,S2a,800,1201,711,535,0.88875,0.66875,181.33685906516692,181.1403,0.1784009086636945,historical_extension
L75_Ts150_Tr60p0_dT10_F1p2_LP45,0.75,150.0,60.0,10.0,1.2,0.45,S2b,800,1201,792,787,0.99,0.98375,266.6221243160595,266.46246,0.2372910058979416,historical_extension
L75_Ts150_Tr60p0_dT15_F0p8_LP20,0.75,150.0,60.0,15.0,0.8,0.2,S1,800,1201,800,515,1.0,0.64375,116.35680664088616,116.24579999999996,0.2465021873369865,historical_extension
L75_Ts150_Tr60p0_dT15_F0p8_LP20,0.75,150.0,60.0,15.0,0.8,0.2,S2a,800,1201,800,527,1.0,0.65875,119.17186193813497,118.95443999999998,0.1862985082294543,historical_extension
L75_Ts150_Tr60p0_dT15_F0p8_LP20,0.75,150.0,60.0,15.0,0.8,0.2,S2b,800,1201,800,800,1.0,1.0,180.57599999983572,180.57599999999996,0.2511733733877222,historical_extension
L75_Ts150_Tr60p0_dT15_F0p8_LP30,0.75,150.0,60.0,15.0,0.8,0.3,S1,800,1201,800,515,1.0,0.64375,116.35680664088616,116.24579999999996,0.2465021873369865,historical_extension
L75_Ts150_Tr60p0_dT15_F0p8_LP30,0.75,150.0,60.0,15.0,0.8,0.3,S2a,800,1201,800,527,1.0,0.65875,119.17186193813497,118.95443999999998,0.1862985082294543,historical_extension
L75_Ts150_Tr60p0_dT15_F0p8_LP30,0.75,150.0,60.0,15.0,0.8,0.3,S2b,800,1201,800,800,1.0,1.0,180.57599999983572,180.57599999999996,0.2511733733877222,historical_extension
L75_Ts150_Tr60p0_dT15_F0p8_LP40,0.75,150.0,60.0,15.0,0.8,0.4,S1,800,1201,800,515,1.0,0.64375,116.35680664088616,116.24579999999996,0.2465021873369865,historical_extension
L75_Ts150_Tr60p0_dT15_F0p8_LP40,0.75,150.0,60.0,15.0,0.8,0.4,S2a,800,1201,800,527,1.0,0.65875,119.17186193813497,118.95443999999998,0.1862985082294543,historical_extension
L75_Ts150_Tr60p0_dT15_F0p8_LP40,0.75,150.0,60.0,15.0,0.8,0.4,S2b,800,1201,800,800,1.0,1.0,180.57599999983572,180.57599999999996,0.2511733733877222,historical_extension
L75_Ts150_Tr60p0_dT15_F0p8_LP45,0.75,150.0,60.0,15.0,0.8,0.45,S1,800,1201,800,515,1.0,0.64375,116.35680664088616,116.24579999999996,0.2465021873369865,historical_extension
L75_Ts150_Tr60p0_dT15_F0p8_LP45,0.75,150.0,60.0,15.0,0.8,0.45,S2a,800,1201,800,527,1.0,0.65875,119.17186193813497,118.95443999999998,0.1862985082294543,historical_extension
L75_Ts150_Tr60p0_dT15_F0p8_LP45,0.75,150.0,60.0,15.0,0.8,0.45,S2b,800,1201,800,800,1.0,1.0,180.57599999983572,180.57599999999996,0.2511733733877222,historical_extension
L75_Ts150_Tr60p0_dT15_F1p0_LP20,0.75,150.0,60.0,15.0,1.0,0.2,S1,800,1201,800,497,1.0,0.62125,140.33535639019587,140.22854999999998,0.2452770319057205,historical_extension
L75_Ts150_Tr60p0_dT15_F1p0_LP20,0.75,150.0,60.0,15.0,1.0,0.2,S2a,800,1201,800,510,1.0,0.6375,144.13335606533278,143.8965,0.1863223046698257,historical_extension
L75_Ts150_Tr60p0_dT15_F1p0_LP20,0.75,150.0,60.0,15.0,1.0,0.2,S2b,800,1201,800,787,1.0,0.98375,222.3275282627425,222.05205,0.252238163616526,historical_extension
L75_Ts150_Tr60p0_dT15_F1p0_LP30,0.75,150.0,60.0,15.0,1.0,0.3,S1,800,1201,800,497,1.0,0.62125,140.33535639019587,140.22854999999998,0.2452770319057205,historical_extension
L75_Ts150_Tr60p0_dT15_F1p0_LP30,0.75,150.0,60.0,15.0,1.0,0.3,S2a,800,1201,800,510,1.0,0.6375,144.13335606533278,143.8965,0.1863223046698257,historical_extension
L75_Ts150_Tr60p0_dT15_F1p0_LP30,0.75,150.0,60.0,15.0,1.0,0.3,S2b,800,1201,800,787,1.0,0.98375,222.3275282627425,222.05205,0.252238163616526,historical_extension
L75_Ts150_Tr60p0_dT15_F1p0_LP40,0.75,150.0,60.0,15.0,1.0,0.4,S1,800,1201,800,497,1.0,0.62125,140.33535639019587,140.22854999999998,0.2452770319057205,historical_extension
L75_Ts150_Tr60p0_dT15_F1p0_LP40,0.75,150.0,60.0,15.0,1.0,0.4,S2a,800,1201,800,510,1.0,0.6375,144.13335606533278,143.8965,0.1863223046698257,historical_extension
L75_Ts150_Tr60p0_dT15_F1p0_LP40,0.75,150.0,60.0,15.0,1.0,0.4,S2b,800,1201,800,787,1.0,0.98375,222.3275282627425,222.05205,0.252238163616526,historical_extension
L75_Ts150_Tr60p0_dT15_F1p0_LP45,0.75,150.0,60.0,15.0,1.0,0.45,S1,800,1201,800,497,1.0,0.62125,140.33535639019587,140.22854999999998,0.2452770319057205,historical_extension
L75_Ts150_Tr60p0_dT15_F1p0_LP45,0.75,150.0,60.0,15.0,1.0,0.45,S2a,800,1201,800,510,1.0,0.6375,144.13335606533278,143.8965,0.1863223046698257,historical_extension
L75_Ts150_Tr60p0_dT15_F1p0_LP45,0.75,150.0,60.0,15.0,1.0,0.45,S2b,800,1201,800,787,1.0,0.98375,222.3275282627425,222.05205,0.252238163616526,historical_extension
L75_Ts150_Tr60p0_dT15_F1p2_LP20,0.75,150.0,60.0,15.0,1.2,0.2,S1,800,1201,800,479,1.0,0.59875,162.4625961481358,162.17981999999998,0.2441554107362517,historical_extension
L75_Ts150_Tr60p0_dT15_F1p2_LP20,0.75,150.0,60.0,15.0,1.2,0.2,S2a,800,1201,800,493,1.0,0.61625,167.0952164224649,166.91994,0.186321168309586,historical_extension
L75_Ts150_Tr60p0_dT15_F1p2_LP20,0.75,150.0,60.0,15.0,1.2,0.2,S2b,800,1201,800,752,1.0,0.94,254.8506548797516,254.61216,0.2517503981038424,historical_extension
L75_Ts150_Tr60p0_dT15_F1p2_LP30,0.75,150.0,60.0,15.0,1.2,0.3,S1,800,1201,800,479,1.0,0.59875,162.4625961481358,162.17981999999998,0.2441554107362517,historical_extension
L75_Ts150_Tr60p0_dT15_F1p2_LP30,0.75,150.0,60.0,15.0,1.2,0.3,S2a,800,1201,800,493,1.0,0.61625,167.0952164224649,166.91994,0.186321168309586,historical_extension
L75_Ts150_Tr60p0_dT15_F1p2_LP30,0.75,150.0,60.0,15.0,1.2,0.3,S2b,800,1201,800,752,1.0,0.94,254.8506548797516,254.61216,0.2517503981038424,historical_extension
L75_Ts150_Tr60p0_dT15_F1p2_LP40,0.75,150.0,60.0,15.0,1.2,0.4,S1,800,1201,800,479,1.0,0.59875,162.4625961481358,162.17981999999998,0.2441554107362517,historical_extension
L75_Ts150_Tr60p0_dT15_F1p2_LP40,0.75,150.0,60.0,15.0,1.2,0.4,S2a,800,1201,800,493,1.0,0.61625,167.0952164224649,166.91994,0.186321168309586,historical_extension
L75_Ts150_Tr60p0_dT15_F1p2_LP40,0.75,150.0,60.0,15.0,1.2,0.4,S2b,800,1201,800,752,1.0,0.94,254.8506548797516,254.61216,0.2517503981038424,historical_extension
L75_Ts150_Tr60p0_dT15_F1p2_LP45,0.75,150.0,60.0,15.0,1.2,0.45,S1,800,1201,705,479,0.88125,0.59875,162.46259614829546,162.17981999999998,0.2441554107362517,historical_extension
L75_Ts150_Tr60p0_dT15_F1p2_LP45,0.75,150.0,60.0,15.0,1.2,0.45,S2a,800,1201,711,493,0.88875,0.61625,167.09521642258267,166.91994,0.186321168309586,historical_extension
L75_Ts150_Tr60p0_dT15_F1p2_LP45,0.75,150.0,60.0,15.0,1.2,0.45,S2b,800,1201,792,752,0.99,0.94,254.8506548797189,254.61216,0.2517503981038424,historical_extension
L75_Ts180_Tr35p0_dT5_F0p8_LP20,0.75,180.0,35.0,5.0,0.8,0.2,S1,800,1201,800,483,1.0,0.60375,176.01033532208618,175.64777999999995,0.2434677387257967,historical_extension
L75_Ts180_Tr35p0_dT5_F0p8_LP20,0.75,180.0,35.0,5.0,0.8,0.2,S2a,800,1201,800,515,1.0,0.64375,187.5521643155531,187.2849,0.1559017919605689,historical_extension
L75_Ts180_Tr35p0_dT5_F0p8_LP20,0.75,180.0,35.0,5.0,0.8,0.2,S2b,800,1201,800,697,1.0,0.87125,253.6467722158004,253.47101999999995,0.193068430197721,historical_extension
L75_Ts180_Tr35p0_dT5_F0p8_LP30,0.75,180.0,35.0,5.0,0.8,0.3,S1,800,1201,800,483,1.0,0.60375,176.01033532208618,175.64777999999995,0.2434677387257967,historical_extension
L75_Ts180_Tr35p0_dT5_F0p8_LP30,0.75,180.0,35.0,5.0,0.8,0.3,S2a,800,1201,800,515,1.0,0.64375,187.5521643155531,187.2849,0.1559017919605689,historical_extension
L75_Ts180_Tr35p0_dT5_F0p8_LP30,0.75,180.0,35.0,5.0,0.8,0.3,S2b,800,1201,800,697,1.0,0.87125,253.6467722158004,253.47101999999995,0.193068430197721,historical_extension
L75_Ts180_Tr35p0_dT5_F0p8_LP40,0.75,180.0,35.0,5.0,0.8,0.4,S1,800,1201,763,483,0.95375,0.60375,176.0103353220328,175.64777999999995,0.2434677387257967,historical_extension
L75_Ts180_Tr35p0_dT5_F0p8_LP40,0.75,180.0,35.0,5.0,0.8,0.4,S2a,800,1201,769,515,0.96125,0.64375,187.5521643156592,187.2849,0.1559017919605689,historical_extension
L75_Ts180_Tr35p0_dT5_F0p8_LP40,0.75,180.0,35.0,5.0,0.8,0.4,S2b,800,1201,800,697,1.0,0.87125,253.6467722158004,253.47101999999995,0.193068430197721,historical_extension
L75_Ts180_Tr35p0_dT5_F0p8_LP45,0.75,180.0,35.0,5.0,0.8,0.45,S1,800,1201,656,483,0.82,0.60375,176.01033532206048,175.64777999999995,0.2434677387257967,historical_extension
L75_Ts180_Tr35p0_dT5_F0p8_LP45,0.75,180.0,35.0,5.0,0.8,0.45,S2a,800,1201,662,515,0.8275,0.64375,187.55216431575465,187.2849,0.1559017919605689,historical_extension
L75_Ts180_Tr35p0_dT5_F0p8_LP45,0.75,180.0,35.0,5.0,0.8,0.45,S2b,800,1201,738,696,0.9225,0.87,253.2383169715731,253.10735999999997,0.1929668090294935,historical_extension
L75_Ts180_Tr35p0_dT5_F1p0_LP20,0.75,180.0,35.0,5.0,1.0,0.2,S1,800,1201,800,464,1.0,0.58,211.30705340187967,210.9228,0.2416653158749737,historical_extension
L75_Ts180_Tr35p0_dT5_F1p0_LP20,0.75,180.0,35.0,5.0,1.0,0.2,S2a,800,1201,800,502,1.0,0.6275,228.4039187768277,228.19665,0.1554859654854871,historical_extension
L75_Ts180_Tr35p0_dT5_F1p0_LP20,0.75,180.0,35.0,5.0,1.0,0.2,S2b,800,1201,800,672,1.0,0.84,305.5220241219199,305.4744,0.1923218694056249,historical_extension
L75_Ts180_Tr35p0_dT5_F1p0_LP30,0.75,180.0,35.0,5.0,1.0,0.3,S1,800,1201,781,464,0.97625,0.58,211.3070534019332,210.9228,0.2416653158749737,historical_extension
L75_Ts180_Tr35p0_dT5_F1p0_LP30,0.75,180.0,35.0,5.0,1.0,0.3,S2a,800,1201,786,502,0.9825,0.6275,228.40391877682475,228.19665,0.1554859654854871,historical_extension
L75_Ts180_Tr35p0_dT5_F1p0_LP30,0.75,180.0,35.0,5.0,1.0,0.3,S2b,800,1201,800,672,1.0,0.84,305.5220241219199,305.4744,0.1923218694056249,historical_extension
L75_Ts180_Tr35p0_dT5_F1p0_LP40,0.75,180.0,35.0,5.0,1.0,0.4,S1,800,1201,610,464,0.7625,0.58,211.3070534019461,210.9228,0.2416653158749737,historical_extension
L75_Ts180_Tr35p0_dT5_F1p0_LP40,0.75,180.0,35.0,5.0,1.0,0.4,S2a,800,1201,615,502,0.76875,0.6275,228.40391877693747,228.19665,0.1554859654854871,historical_extension
L75_Ts180_Tr35p0_dT5_F1p0_LP40,0.75,180.0,35.0,5.0,1.0,0.4,S2b,800,1201,686,660,0.8575,0.825,300.0439231527429,300.0195,0.1911730673391535,historical_extension
L75_Ts180_Tr35p0_dT5_F1p0_LP45,0.75,180.0,35.0,5.0,1.0,0.45,S1,800,1201,525,464,0.65625,0.58,211.30705340181825,210.9228,0.2416653158749737,historical_extension
L75_Ts180_Tr35p0_dT5_F1p0_LP45,0.75,180.0,35.0,5.0,1.0,0.45,S2a,800,1201,529,502,0.66125,0.6275,228.4039187769553,228.19665,0.1554859654854871,historical_extension
L75_Ts180_Tr35p0_dT5_F1p0_LP45,0.75,180.0,35.0,5.0,1.0,0.45,S2b,800,1201,590,590,0.7375,0.7375,268.4339509023942,268.19925,0.1847114566970197,historical_extension
L75_Ts180_Tr35p0_dT5_F1p2_LP20,0.75,180.0,35.0,5.0,1.2,0.2,S1,800,1201,793,445,0.99125,0.55625,243.25511451839577,242.74305,0.2400389651792439,historical_extension
L75_Ts180_Tr35p0_dT5_F1p2_LP20,0.75,180.0,35.0,5.0,1.2,0.2,S2a,800,1201,797,488,0.99625,0.61,266.3439091526992,266.19912,0.155092728252236,historical_extension
L75_Ts180_Tr35p0_dT5_F1p2_LP20,0.75,180.0,35.0,5.0,1.2,0.2,S2b,800,1201,800,645,1.0,0.80625,351.9856794434279,351.84105000000005,0.1914657145858866,historical_extension
L75_Ts180_Tr35p0_dT5_F1p2_LP30,0.75,180.0,35.0,5.0,1.2,0.3,S1,800,1201,651,445,0.81375,0.55625,243.2551145186833,242.74305,0.2400389651792439,historical_extension
L75_Ts180_Tr35p0_dT5_F1p2_LP30,0.75,180.0,35.0,5.0,1.2,0.3,S2a,800,1201,655,488,0.81875,0.61,266.34390915268466,266.19912,0.155092728252236,historical_extension
L75_Ts180_Tr35p0_dT5_F1p2_LP30,0.75,180.0,35.0,5.0,1.2,0.3,S2b,800,1201,730,645,0.9125,0.80625,351.9856794433646,351.84105000000005,0.1914657145858866,historical_extension
L75_Ts180_Tr35p0_dT5_F1p2_LP40,0.75,180.0,35.0,5.0,1.2,0.4,S1,800,1201,508,445,0.635,0.55625,243.2551145184713,242.74305,0.2400389651792439,historical_extension
L75_Ts180_Tr35p0_dT5_F1p2_LP40,0.75,180.0,35.0,5.0,1.2,0.4,S2a,800,1201,512,488,0.64,0.61,266.3439091527289,266.19912,0.155092728252236,historical_extension
L75_Ts180_Tr35p0_dT5_F1p2_LP40,0.75,180.0,35.0,5.0,1.2,0.4,S2b,800,1201,571,571,0.71375,0.71375,311.85381371632855,311.47479,0.1840517289722604,historical_extension
L75_Ts180_Tr35p0_dT5_F1p2_LP45,0.75,180.0,35.0,5.0,1.2,0.45,S1,800,1201,437,437,0.54625,0.54625,238.8769345397216,238.37913,0.2402613721119932,historical_extension
L75_Ts180_Tr35p0_dT5_F1p2_LP45,0.75,180.0,35.0,5.0,1.2,0.45,S2a,800,1201,441,441,0.55125,0.55125,240.82293047969688,240.56109,0.1519351813539615,historical_extension
L75_Ts180_Tr35p0_dT5_F1p2_LP45,0.75,180.0,35.0,5.0,1.2,0.45,S2b,800,1201,492,492,0.615,0.615,268.4339509023942,268.38108,0.1742147829662761,historical_extension
L75_Ts180_Tr35p0_dT10_F0p8_LP20,0.75,180.0,35.0,10.0,0.8,0.2,S1,800,1201,800,460,1.0,0.575,167.56046805251157,167.28359999999998,0.243894018680233,historical_extension
L75_Ts180_Tr35p0_dT10_F0p8_LP20,0.75,180.0,35.0,10.0,0.8,0.2,S2a,800,1201,800,488,1.0,0.61,177.80196736800687,177.46607999999998,0.1581989481771063,historical_extension
L75_Ts180_Tr35p0_dT10_F0p8_LP20,0.75,180.0,35.0,10.0,0.8,0.2,S2b,800,1201,800,670,1.0,0.8375,243.9801509114805,243.65219999999997,0.1981215493888582,historical_extension
L75_Ts180_Tr35p0_dT10_F0p8_LP30,0.75,180.0,35.0,10.0,0.8,0.3,S1,800,1201,800,460,1.0,0.575,167.56046805251157,167.28359999999998,0.243894018680233,historical_extension
L75_Ts180_Tr35p0_dT10_F0p8_LP30,0.75,180.0,35.0,10.0,0.8,0.3,S2a,800,1201,800,488,1.0,0.61,177.80196736800687,177.46607999999998,0.1581989481771063,historical_extension
L75_Ts180_Tr35p0_dT10_F0p8_LP30,0.75,180.0,35.0,10.0,0.8,0.3,S2b,800,1201,800,670,1.0,0.8375,243.9801509114805,243.65219999999997,0.1981215493888582,historical_extension
L75_Ts180_Tr35p0_dT10_F0p8_LP40,0.75,180.0,35.0,10.0,0.8,0.4,S1,800,1201,763,460,0.95375,0.575,167.56046805240692,167.28359999999998,0.243894018680233,historical_extension
L75_Ts180_Tr35p0_dT10_F0p8_LP40,0.75,180.0,35.0,10.0,0.8,0.4,S2a,800,1201,769,488,0.96125,0.61,177.80196736798302,177.46607999999998,0.1581989481771063,historical_extension
L75_Ts180_Tr35p0_dT10_F0p8_LP40,0.75,180.0,35.0,10.0,0.8,0.4,S2b,800,1201,800,670,1.0,0.8375,243.9801509114805,243.65219999999997,0.1981215493888582,historical_extension
L75_Ts180_Tr35p0_dT10_F0p8_LP45,0.75,180.0,35.0,10.0,0.8,0.45,S1,800,1201,656,460,0.82,0.575,167.5604680523943,167.28359999999998,0.243894018680233,historical_extension
L75_Ts180_Tr35p0_dT10_F0p8_LP45,0.75,180.0,35.0,10.0,0.8,0.45,S2a,800,1201,662,488,0.8275,0.61,177.80196736816828,177.46607999999998,0.1581989481771063,historical_extension
L75_Ts180_Tr35p0_dT10_F0p8_LP45,0.75,180.0,35.0,10.0,0.8,0.45,S2b,800,1201,738,670,0.9225,0.8375,243.9801509114298,243.65219999999997,0.1981215493888582,historical_extension
L75_Ts180_Tr35p0_dT10_F1p0_LP20,0.75,180.0,35.0,10.0,1.0,0.2,S1,800,1201,800,442,1.0,0.5525,201.3101783366021,200.92215,0.242174998429191,historical_extension
L75_Ts180_Tr35p0_dT10_F1p0_LP20,0.75,180.0,35.0,10.0,1.0,0.2,S2a,800,1201,800,476,1.0,0.595,216.3878259595658,216.3777,0.1578897080752796,historical_extension
L75_Ts180_Tr35p0_dT10_F1p0_LP20,0.75,180.0,35.0,10.0,1.0,0.2,S2b,800,1201,800,646,1.0,0.8075,293.70377718278473,293.65545000000003,0.1974339207126653,historical_extension
L75_Ts180_Tr35p0_dT10_F1p0_LP30,0.75,180.0,35.0,10.0,1.0,0.3,S1,800,1201,781,442,0.97625,0.5525,201.3101783366758,200.92215,0.242174998429191,historical_extension
L75_Ts180_Tr35p0_dT10_F1p0_LP30,0.75,180.0,35.0,10.0,1.0,0.3,S2a,800,1201,786,476,0.9825,0.595,216.38782595953296,216.3777,0.1578897080752796,historical_extension
L75_Ts180_Tr35p0_dT10_F1p0_LP30,0.75,180.0,35.0,10.0,1.0,0.3,S2b,800,1201,800,646,1.0,0.8075,293.70377718278473,293.65545000000003,0.1974339207126653,historical_extension
L75_Ts180_Tr35p0_dT10_F1p0_LP40,0.75,180.0,35.0,10.0,1.0,0.4,S1,800,1201,610,442,0.7625,0.5525,201.31017833681875,200.92215,0.242174998429191,historical_extension
L75_Ts180_Tr35p0_dT10_F1p0_LP40,0.75,180.0,35.0,10.0,1.0,0.4,S2a,800,1201,615,476,0.76875,0.595,216.38782595976048,216.3777,0.1578897080752796,historical_extension
L75_Ts180_Tr35p0_dT10_F1p0_LP40,0.75,180.0,35.0,10.0,1.0,0.4,S2b,800,1201,686,646,0.8575,0.8075,293.70377718280025,293.65545000000003,0.1974339207126653,historical_extension
L75_Ts180_Tr35p0_dT10_F1p0_LP45,0.75,180.0,35.0,10.0,1.0,0.45,S1,800,1201,525,442,0.65625,0.5525,201.31017833671055,200.92215,0.242174998429191,historical_extension
L75_Ts180_Tr35p0_dT10_F1p0_LP45,0.75,180.0,35.0,10.0,1.0,0.45,S2a,800,1201,529,476,0.66125,0.595,216.38782595968308,216.3777,0.1578897080752796,historical_extension
L75_Ts180_Tr35p0_dT10_F1p0_LP45,0.75,180.0,35.0,10.0,1.0,0.45,S2b,800,1201,590,590,0.7375,0.7375,268.4339509023942,268.19925,0.1922384578947293,historical_extension
L75_Ts180_Tr35p0_dT10_F1p2_LP20,0.75,180.0,35.0,10.0,1.2,0.2,S1,800,1201,793,425,0.99125,0.53125,231.95780166535732,231.83325,0.2405949825111173,historical_extension
L75_Ts180_Tr35p0_dT10_F1p2_LP20,0.75,180.0,35.0,10.0,1.2,0.2,S2a,800,1201,797,462,0.99625,0.5775,252.23023121504872,252.01638,0.1574935599590497,historical_extension
L75_Ts180_Tr35p0_dT10_F1p2_LP20,0.75,180.0,35.0,10.0,1.2,0.2,S2b,800,1201,800,620,1.0,0.775,338.2853765858625,338.2038,0.1965969850691342,historical_extension
L75_Ts180_Tr35p0_dT10_F1p2_LP30,0.75,180.0,35.0,10.0,1.2,0.3,S1,800,1201,651,425,0.81375,0.53125,231.9578016651212,231.83325,0.2405949825111173,historical_extension
L75_Ts180_Tr35p0_dT10_F1p2_LP30,0.75,180.0,35.0,10.0,1.2,0.3,S2a,800,1201,655,462,0.81875,0.5775,252.23023121526452,252.01638,0.1574935599590497,historical_extension
L75_Ts180_Tr35p0_dT10_F1p2_LP30,0.75,180.0,35.0,10.0,1.2,0.3,S2b,800,1201,730,620,0.9125,0.775,338.28537658587004,338.2038,0.1965969850691342,historical_extension
L75_Ts180_Tr35p0_dT10_F1p2_LP40,0.75,180.0,35.0,10.0,1.2,0.4,S1,800,1201,508,425,0.635,0.53125,231.95780166522,231.83325,0.2405949825111173,historical_extension
L75_Ts180_Tr35p0_dT10_F1p2_LP40,0.75,180.0,35.0,10.0,1.2,0.4,S2a,800,1201,512,462,0.64,0.5775,252.23023121522152,252.01638,0.1574935599590497,historical_extension
L75_Ts180_Tr35p0_dT10_F1p2_LP40,0.75,180.0,35.0,10.0,1.2,0.4,S2b,800,1201,571,571,0.71375,0.71375,311.85381371632855,311.47479,0.1916930676860557,historical_extension
L75_Ts180_Tr35p0_dT10_F1p2_LP45,0.75,180.0,35.0,10.0,1.2,0.45,S1,800,1201,437,425,0.54625,0.53125,231.9578016652844,231.83325,0.2405949825111173,historical_extension
L75_Ts180_Tr35p0_dT10_F1p2_LP45,0.75,180.0,35.0,10.0,1.2,0.45,S2a,800,1201,441,436,0.55125,0.545,238.3373209822446,237.83364,0.1554637012244995,historical_extension
L75_Ts180_Tr35p0_dT10_F1p2_LP45,0.75,180.0,35.0,10.0,1.2,0.45,S2b,800,1201,492,492,0.615,0.615,268.4339509023942,268.38108,0.1814847831590221,historical_extension
L75_Ts180_Tr35p0_dT15_F0p8_LP20,0.75,180.0,35.0,15.0,0.8,0.2,S1,800,1201,800,437,1.0,0.54625,159.0852323169584,158.91941999999997,0.2443202986346693,historical_extension
L75_Ts180_Tr35p0_dT15_F0p8_LP20,0.75,180.0,35.0,15.0,0.8,0.2,S2a,800,1201,800,462,1.0,0.5775,168.038586074166,168.01091999999997,0.1609633082614769,historical_extension
L75_Ts180_Tr35p0_dT15_F0p8_LP20,0.75,180.0,35.0,15.0,0.8,0.2,S2b,800,1201,800,644,1.0,0.805,234.2875787719308,234.19703999999996,0.2040159527983664,historical_extension
L75_Ts180_Tr35p0_dT15_F0p8_LP30,0.75,180.0,35.0,15.0,0.8,0.3,S1,800,1201,800,437,1.0,0.54625,159.0852323169584,158.91941999999997,0.2443202986346693,historical_extension
L75_Ts180_Tr35p0_dT15_F0p8_LP30,0.75,180.0,35.0,15.0,0.8,0.3,S2a,800,1201,800,462,1.0,0.5775,168.038586074166,168.01091999999997,0.1609633082614769,historical_extension
L75_Ts180_Tr35p0_dT15_F0p8_LP30,0.75,180.0,35.0,15.0,0.8,0.3,S2b,800,1201,800,644,1.0,0.805,234.2875787719308,234.19703999999996,0.2040159527983664,historical_extension
L75_Ts180_Tr35p0_dT15_F0p8_LP40,0.75,180.0,35.0,15.0,0.8,0.4,S1,800,1201,763,437,0.95375,0.54625,159.08523231688156,158.91941999999997,0.2443202986346693,historical_extension
L75_Ts180_Tr35p0_dT15_F0p8_LP40,0.75,180.0,35.0,15.0,0.8,0.4,S2a,800,1201,769,462,0.96125,0.5775,168.0385860740608,168.01091999999997,0.1609633082614769,historical_extension
L75_Ts180_Tr35p0_dT15_F0p8_LP40,0.75,180.0,35.0,15.0,0.8,0.4,S2b,800,1201,800,644,1.0,0.805,234.2875787719308,234.19703999999996,0.2040159527983664,historical_extension
L75_Ts180_Tr35p0_dT15_F0p8_LP45,0.75,180.0,35.0,15.0,0.8,0.45,S1,800,1201,656,437,0.82,0.54625,159.08523231687104,158.91941999999997,0.2443202986346693,historical_extension
L75_Ts180_Tr35p0_dT15_F0p8_LP45,0.75,180.0,35.0,15.0,0.8,0.45,S2a,800,1201,662,462,0.8275,0.5775,168.038586074208,168.01091999999997,0.1609633082614769,historical_extension
L75_Ts180_Tr35p0_dT15_F0p8_LP45,0.75,180.0,35.0,15.0,0.8,0.45,S2b,800,1201,738,644,0.9225,0.805,234.28757877183372,234.19703999999996,0.2040159527983664,historical_extension
L75_Ts180_Tr35p0_dT15_F1p0_LP20,0.75,180.0,35.0,15.0,1.0,0.2,S1,800,1201,800,420,1.0,0.525,191.26278616569255,190.9215,0.2426846809834083,historical_extension
L75_Ts180_Tr35p0_dT15_F1p0_LP20,0.75,180.0,35.0,15.0,1.0,0.2,S2a,800,1201,800,449,1.0,0.56125,204.38180588262532,204.10417500000003,0.1605915451867985,historical_extension
L75_Ts180_Tr35p0_dT15_F1p0_LP20,0.75,180.0,35.0,15.0,1.0,0.2,S2b,800,1201,800,620,1.0,0.775,281.8634858511166,281.8365,0.2032856173997318,historical_extension
L75_Ts180_Tr35p0_dT15_F1p0_LP30,0.75,180.0,35.0,15.0,1.0,0.3,S1,800,1201,781,420,0.97625,0.525,191.2627861654783,190.9215,0.2426846809834083,historical_extension
L75_Ts180_Tr35p0_dT15_F1p0_LP30,0.75,180.0,35.0,15.0,1.0,0.3,S2a,800,1201,786,449,0.9825,0.56125,204.381805882598,204.10417500000003,0.1605915451867985,historical_extension
L75_Ts180_Tr35p0_dT15_F1p0_LP30,0.75,180.0,35.0,15.0,1.0,0.3,S2b,800,1201,800,620,1.0,0.775,281.8634858511166,281.8365,0.2032856173997318,historical_extension
L75_Ts180_Tr35p0_dT15_F1p0_LP40,0.75,180.0,35.0,15.0,1.0,0.4,S1,800,1201,610,420,0.7625,0.525,191.26278616555567,190.9215,0.2426846809834083,historical_extension
L75_Ts180_Tr35p0_dT15_F1p0_LP40,0.75,180.0,35.0,15.0,1.0,0.4,S2a,800,1201,615,449,0.76875,0.56125,204.38180588266863,204.10417500000003,0.1605915451867985,historical_extension
L75_Ts180_Tr35p0_dT15_F1p0_LP40,0.75,180.0,35.0,15.0,1.0,0.4,S2b,800,1201,686,620,0.8575,0.775,281.8634858511221,281.8365,0.2032856173997318,historical_extension
L75_Ts180_Tr35p0_dT15_F1p0_LP45,0.75,180.0,35.0,15.0,1.0,0.45,S1,800,1201,525,420,0.65625,0.525,191.26278616561103,190.9215,0.2426846809834083,historical_extension
L75_Ts180_Tr35p0_dT15_F1p0_LP45,0.75,180.0,35.0,15.0,1.0,0.45,S2a,800,1201,529,449,0.66125,0.56125,204.381805882604,204.10417500000003,0.1605915451867985,historical_extension
L75_Ts180_Tr35p0_dT15_F1p0_LP45,0.75,180.0,35.0,15.0,1.0,0.45,S2b,800,1201,590,590,0.7375,0.7375,268.4339509023942,268.19925,0.2007049847682525,historical_extension
L75_Ts180_Tr35p0_dT15_F1p2_LP20,0.75,180.0,35.0,15.0,1.2,0.2,S1,800,1201,793,404,0.99125,0.505,220.5726722967673,220.37796,0.2411788007095844,historical_extension
L75_Ts180_Tr35p0_dT15_F1p2_LP20,0.75,180.0,35.0,15.0,1.2,0.2,S2a,800,1201,797,436,0.99625,0.545,238.1243457961725,237.83364,0.1602781839742239,historical_extension
L75_Ts180_Tr35p0_dT15_F1p2_LP20,0.75,180.0,35.0,15.0,1.2,0.2,S2b,800,1201,800,594,1.0,0.7425,324.4767114527985,324.02106,0.2023669036664233,historical_extension
L75_Ts180_Tr35p0_dT15_F1p2_LP30,0.75,180.0,35.0,15.0,1.2,0.3,S1,800,1201,651,404,0.81375,0.505,220.57267229696288,220.37796,0.2411788007095844,historical_extension
L75_Ts180_Tr35p0_dT15_F1p2_LP30,0.75,180.0,35.0,15.0,1.2,0.3,S2a,800,1201,655,436,0.81875,0.545,238.12434579616024,237.83364,0.1602781839742239,historical_extension
L75_Ts180_Tr35p0_dT15_F1p2_LP30,0.75,180.0,35.0,15.0,1.2,0.3,S2b,800,1201,730,594,0.9125,0.7425,324.4767114529167,324.02106,0.2023669036664233,historical_extension
L75_Ts180_Tr35p0_dT15_F1p2_LP40,0.75,180.0,35.0,15.0,1.2,0.4,S1,800,1201,508,404,0.635,0.505,220.57267229694213,220.37796,0.2411788007095844,historical_extension
L75_Ts180_Tr35p0_dT15_F1p2_LP40,0.75,180.0,35.0,15.0,1.2,0.4,S2a,800,1201,512,436,0.64,0.545,238.12434579614995,237.83364,0.1602781839742239,historical_extension
L75_Ts180_Tr35p0_dT15_F1p2_LP40,0.75,180.0,35.0,15.0,1.2,0.4,S2b,800,1201,571,568,0.71375,0.71,310.2243713785483,309.83832,0.1997445196854752,historical_extension
L75_Ts180_Tr35p0_dT15_F1p2_LP45,0.75,180.0,35.0,15.0,1.2,0.45,S1,800,1201,437,404,0.54625,0.505,220.5726722969229,220.37796,0.2411788007095844,historical_extension
L75_Ts180_Tr35p0_dT15_F1p2_LP45,0.75,180.0,35.0,15.0,1.2,0.45,S2a,800,1201,441,430,0.55125,0.5375,234.7784910630303,234.5607,0.1597300681368587,historical_extension
L75_Ts180_Tr35p0_dT15_F1p2_LP45,0.75,180.0,35.0,15.0,1.2,0.45,S2b,800,1201,492,492,0.615,0.615,268.4339509023942,268.38108,0.1899218600290307,historical_extension
L75_Ts180_Tr41p44_dT5_F0p8_LP20,0.75,180.0,41.44,5.0,0.8,0.2,S1,800,1201,800,475,1.0,0.59375,165.12216301219183,165.066528,0.2440078347889671,historical_extension
L75_Ts180_Tr41p44_dT5_F0p8_LP20,0.75,180.0,41.44,5.0,0.8,0.2,S2a,800,1201,800,503,1.0,0.62875,174.99276403772103,174.79676543999997,0.1589609616065993,historical_extension
L75_Ts180_Tr41p44_dT5_F0p8_LP20,0.75,180.0,41.44,5.0,0.8,0.2,S2b,800,1201,800,694,1.0,0.8675,241.18531505182767,241.17088512,0.1998034017645015,historical_extension
L75_Ts180_Tr41p44_dT5_F0p8_LP30,0.75,180.0,41.44,5.0,0.8,0.3,S1,800,1201,800,475,1.0,0.59375,165.12216301219183,165.066528,0.2440078347889671,historical_extension
L75_Ts180_Tr41p44_dT5_F0p8_LP30,0.75,180.0,41.44,5.0,0.8,0.3,S2a,800,1201,800,503,1.0,0.62875,174.99276403772103,174.79676543999997,0.1589609616065993,historical_extension
L75_Ts180_Tr41p44_dT5_F0p8_LP30,0.75,180.0,41.44,5.0,0.8,0.3,S2b,800,1201,800,694,1.0,0.8675,241.18531505182767,241.17088512,0.1998034017645015,historical_extension
L75_Ts180_Tr41p44_dT5_F0p8_LP40,0.75,180.0,41.44,5.0,0.8,0.4,S1,800,1201,798,475,0.9975,0.59375,165.122163012224,165.066528,0.2440078347889671,historical_extension
L75_Ts180_Tr41p44_dT5_F0p8_LP40,0.75,180.0,41.44,5.0,0.8,0.4,S2a,800,1201,800,503,1.0,0.62875,174.99276403767743,174.79676543999997,0.1589609616065993,historical_extension
L75_Ts180_Tr41p44_dT5_F0p8_LP40,0.75,180.0,41.44,5.0,0.8,0.4,S2b,800,1201,800,694,1.0,0.8675,241.18531505182767,241.17088512,0.1998034017645015,historical_extension
L75_Ts180_Tr41p44_dT5_F0p8_LP45,0.75,180.0,41.44,5.0,0.8,0.45,S1,800,1201,687,475,0.85875,0.59375,165.12216301216665,165.066528,0.2440078347889671,historical_extension
L75_Ts180_Tr41p44_dT5_F0p8_LP45,0.75,180.0,41.44,5.0,0.8,0.45,S2a,800,1201,692,503,0.865,0.62875,174.9927640377285,174.79676543999997,0.1589609616065993,historical_extension
L75_Ts180_Tr41p44_dT5_F0p8_LP45,0.75,180.0,41.44,5.0,0.8,0.45,S2b,800,1201,772,694,0.965,0.8675,241.18531505179945,241.17088512,0.1998034017645015,historical_extension
L75_Ts180_Tr41p44_dT5_F1p0_LP20,0.75,180.0,41.44,5.0,1.0,0.2,S1,800,1201,800,456,1.0,0.57,198.42161696596293,198.07983360000003,0.2423208858732677,historical_extension
L75_Ts180_Tr41p44_dT5_F1p0_LP20,0.75,180.0,41.44,5.0,1.0,0.2,S2a,800,1201,800,490,1.0,0.6125,212.92546824270903,212.848944,0.1586235252682844,historical_extension
L75_Ts180_Tr41p44_dT5_F1p0_LP20,0.75,180.0,41.44,5.0,1.0,0.2,S2b,800,1201,800,668,1.0,0.835,290.2883637669641,290.1695808,0.1990119476709553,historical_extension
L75_Ts180_Tr41p44_dT5_F1p0_LP30,0.75,180.0,41.44,5.0,1.0,0.3,S1,800,1201,800,456,1.0,0.57,198.42161696596293,198.07983360000003,0.2423208858732677,historical_extension
L75_Ts180_Tr41p44_dT5_F1p0_LP30,0.75,180.0,41.44,5.0,1.0,0.3,S2a,800,1201,800,490,1.0,0.6125,212.9254682427297,212.848944,0.1586235252682844,historical_extension
L75_Ts180_Tr41p44_dT5_F1p0_LP30,0.75,180.0,41.44,5.0,1.0,0.3,S2b,800,1201,800,668,1.0,0.835,290.2883637669641,290.1695808,0.1990119476709553,historical_extension
L75_Ts180_Tr41p44_dT5_F1p0_LP40,0.75,180.0,41.44,5.0,1.0,0.4,S1,800,1201,639,456,0.79875,0.57,198.42161696592444,198.07983360000003,0.2423208858732677,historical_extension
L75_Ts180_Tr41p44_dT5_F1p0_LP40,0.75,180.0,41.44,5.0,1.0,0.4,S2a,800,1201,643,490,0.80375,0.6125,212.92546824269732,212.848944,0.1586235252682844,historical_extension
L75_Ts180_Tr41p44_dT5_F1p0_LP40,0.75,180.0,41.44,5.0,1.0,0.4,S2b,800,1201,717,668,0.89625,0.835,290.28836376706244,290.1695808,0.1990119476709553,historical_extension
L75_Ts180_Tr41p44_dT5_F1p0_LP45,0.75,180.0,41.44,5.0,1.0,0.45,S1,800,1201,549,456,0.68625,0.57,198.421616965882,198.07983360000003,0.2423208858732677,historical_extension
L75_Ts180_Tr41p44_dT5_F1p0_LP45,0.75,180.0,41.44,5.0,1.0,0.45,S2a,800,1201,554,490,0.6925,0.6125,212.9254682428792,212.848944,0.1586235252682844,historical_extension
L75_Ts180_Tr41p44_dT5_F1p0_LP45,0.75,180.0,41.44,5.0,1.0,0.45,S2b,800,1201,617,617,0.77125,0.77125,268.4339509023942,268.0159152,0.194495492934325,historical_extension
L75_Ts180_Tr41p44_dT5_F1p2_LP20,0.75,180.0,41.44,5.0,1.2,0.2,S1,800,1201,800,438,1.0,0.5475,228.68770511683795,228.31307136,0.2407756229557373,historical_extension
L75_Ts180_Tr41p44_dT5_F1p2_LP20,0.75,180.0,41.44,5.0,1.2,0.2,S2a,800,1201,800,476,1.0,0.595,248.1939860399347,248.12105472,0.158280113763985,historical_extension
L75_Ts180_Tr41p44_dT5_F1p2_LP20,0.75,180.0,41.44,5.0,1.2,0.2,S2b,800,1201,800,641,1.0,0.80125,334.3172197616518,334.12940352,0.1981754202389039,historical_extension
L75_Ts180_Tr41p44_dT5_F1p2_LP30,0.75,180.0,41.44,5.0,1.2,0.3,S1,800,1201,681,438,0.85125,0.5475,228.6877051171088,228.31307136,0.2407756229557373,historical_extension
L75_Ts180_Tr41p44_dT5_F1p2_LP30,0.75,180.0,41.44,5.0,1.2,0.3,S2a,800,1201,685,476,0.85625,0.595,248.19398603969395,248.12105472,0.158280113763985,historical_extension
L75_Ts180_Tr41p44_dT5_F1p2_LP30,0.75,180.0,41.44,5.0,1.2,0.3,S2b,800,1201,764,641,0.955,0.80125,334.31721976173293,334.12940352,0.1981754202389039,historical_extension
L75_Ts180_Tr41p44_dT5_F1p2_LP40,0.75,180.0,41.44,5.0,1.2,0.4,S1,800,1201,532,438,0.665,0.5475,228.6877051169202,228.31307136,0.2407756229557373,historical_extension
L75_Ts180_Tr41p44_dT5_F1p2_LP40,0.75,180.0,41.44,5.0,1.2,0.4,S2a,800,1201,536,476,0.67,0.595,248.1939860397946,248.12105472,0.158280113763985,historical_extension
L75_Ts180_Tr41p44_dT5_F1p2_LP40,0.75,180.0,41.44,5.0,1.2,0.4,S2b,800,1201,598,598,0.7475,0.7475,311.85381371632855,311.71510656,0.1941435149550578,historical_extension
L75_Ts180_Tr41p44_dT5_F1p2_LP45,0.75,180.0,41.44,5.0,1.2,0.45,S1,800,1201,458,438,0.5725,0.5475,228.68770511711807,228.31307136,0.2407756229557373,historical_extension
L75_Ts180_Tr41p44_dT5_F1p2_LP45,0.75,180.0,41.44,5.0,1.2,0.45,S2a,800,1201,461,455,0.57625,0.56875,237.33520879186756,237.1745376,0.15666184539583,historical_extension
L75_Ts180_Tr41p44_dT5_F1p2_LP45,0.75,180.0,41.44,5.0,1.2,0.45,S2b,800,1201,514,514,0.6425,0.6425,268.4339509023942,267.92903808,0.1835795478039634,historical_extension
L75_Ts180_Tr41p44_dT10_F0p8_LP20,0.75,180.0,41.44,10.0,0.8,0.2,S1,800,1201,800,450,1.0,0.5625,156.6397802758509,156.378816,0.2444506035332452,historical_extension
L75_Ts180_Tr41p44_dT10_F0p8_LP20,0.75,180.0,41.44,10.0,0.8,0.2,S2a,800,1201,800,475,1.0,0.59375,165.23092419739638,165.066528,0.1617895109449189,historical_extension
L75_Ts180_Tr41p44_dT10_F0p8_LP20,0.75,180.0,41.44,10.0,0.8,0.2,S2b,800,1201,800,666,1.0,0.8325,231.49929738976465,231.44064768,0.2058551563537359,historical_extension
L75_Ts180_Tr41p44_dT10_F0p8_LP30,0.75,180.0,41.44,10.0,0.8,0.3,S1,800,1201,800,450,1.0,0.5625,156.6397802758509,156.378816,0.2444506035332452,historical_extension
L75_Ts180_Tr41p44_dT10_F0p8_LP30,0.75,180.0,41.44,10.0,0.8,0.3,S2a,800,1201,800,475,1.0,0.59375,165.23092419739638,165.066528,0.1617895109449189,historical_extension
L75_Ts180_Tr41p44_dT10_F0p8_LP30,0.75,180.0,41.44,10.0,0.8,0.3,S2b,800,1201,800,666,1.0,0.8325,231.49929738976465,231.44064768,0.2058551563537359,historical_extension
L75_Ts180_Tr41p44_dT10_F0p8_LP40,0.75,180.0,41.44,10.0,0.8,0.4,S1,800,1201,798,450,0.9975,0.5625,156.63978027587808,156.378816,0.2444506035332452,historical_extension
L75_Ts180_Tr41p44_dT10_F0p8_LP40,0.75,180.0,41.44,10.0,0.8,0.4,S2a,800,1201,800,475,1.0,0.59375,165.23092419732063,165.066528,0.1617895109449189,historical_extension
L75_Ts180_Tr41p44_dT10_F0p8_LP40,0.75,180.0,41.44,10.0,0.8,0.4,S2b,800,1201,800,666,1.0,0.8325,231.49929738976465,231.44064768,0.2058551563537359,historical_extension
L75_Ts180_Tr41p44_dT10_F0p8_LP45,0.75,180.0,41.44,10.0,0.8,0.45,S1,800,1201,687,450,0.85875,0.5625,156.63978027579327,156.378816,0.2444506035332452,historical_extension
L75_Ts180_Tr41p44_dT10_F0p8_LP45,0.75,180.0,41.44,10.0,0.8,0.45,S2a,800,1201,692,475,0.865,0.59375,165.23092419749668,165.066528,0.1617895109449189,historical_extension
L75_Ts180_Tr41p44_dT10_F0p8_LP45,0.75,180.0,41.44,10.0,0.8,0.45,S2b,800,1201,772,666,0.965,0.8325,231.4992973896589,231.44064768,0.2058551563537359,historical_extension
L75_Ts180_Tr41p44_dT10_F1p0_LP20,0.75,180.0,41.44,10.0,1.0,0.2,S1,800,1201,800,433,1.0,0.54125,188.36005850198845,188.0889648,0.2428300699291875,historical_extension
L75_Ts180_Tr41p44_dT10_F1p0_LP20,0.75,180.0,41.44,10.0,1.0,0.2,S2a,800,1201,800,462,1.0,0.5775,200.9214206573028,200.6861472,0.1614725068047226,historical_extension
L75_Ts180_Tr41p44_dT10_F1p0_LP20,0.75,180.0,41.44,10.0,1.0,0.2,S2b,800,1201,800,641,1.0,0.80125,278.44806547665166,278.4411696,0.2051262170229735,historical_extension
L75_Ts180_Tr41p44_dT10_F1p0_LP30,0.75,180.0,41.44,10.0,1.0,0.3,S1,800,1201,800,433,1.0,0.54125,188.36005850198845,188.0889648,0.2428300699291875,historical_extension
L75_Ts180_Tr41p44_dT10_F1p0_LP30,0.75,180.0,41.44,10.0,1.0,0.3,S2a,800,1201,800,462,1.0,0.5775,200.92142065750957,200.6861472,0.1614725068047226,historical_extension
L75_Ts180_Tr41p44_dT10_F1p0_LP30,0.75,180.0,41.44,10.0,1.0,0.3,S2b,800,1201,800,641,1.0,0.80125,278.44806547665166,278.4411696,0.2051262170229735,historical_extension
L75_Ts180_Tr41p44_dT10_F1p0_LP40,0.75,180.0,41.44,10.0,1.0,0.4,S1,800,1201,639,433,0.79875,0.54125,188.3600585021308,188.0889648,0.2428300699291875,historical_extension
L75_Ts180_Tr41p44_dT10_F1p0_LP40,0.75,180.0,41.44,10.0,1.0,0.4,S2a,800,1201,643,462,0.80375,0.5775,200.9214206573257,200.6861472,0.1614725068047226,historical_extension
L75_Ts180_Tr41p44_dT10_F1p0_LP40,0.75,180.0,41.44,10.0,1.0,0.4,S2b,800,1201,717,641,0.89625,0.80125,278.4480654767857,278.4411696,0.2051262170229735,historical_extension
L75_Ts180_Tr41p44_dT10_F1p0_LP45,0.75,180.0,41.44,10.0,1.0,0.45,S1,800,1201,549,433,0.68625,0.54125,188.3600585021411,188.0889648,0.2428300699291875,historical_extension
L75_Ts180_Tr41p44_dT10_F1p0_LP45,0.75,180.0,41.44,10.0,1.0,0.45,S2a,800,1201,554,462,0.6925,0.5775,200.92142065737696,200.6861472,0.1614725068047226,historical_extension
L75_Ts180_Tr41p44_dT10_F1p0_LP45,0.75,180.0,41.44,10.0,1.0,0.45,S2b,800,1201,617,615,0.77125,0.76875,267.44986417774965,267.147144,0.2029182672897491,historical_extension
L75_Ts180_Tr41p44_dT10_F1p2_LP20,0.75,180.0,41.44,10.0,1.2,0.2,S1,800,1201,800,416,1.0,0.52,217.27804579162813,216.84529152,0.2413600776981843,historical_extension
L75_Ts180_Tr41p44_dT10_F1p2_LP20,0.75,180.0,41.44,10.0,1.2,0.2,S2a,800,1201,800,448,1.0,0.56,234.0447645773372,233.52569856,0.1611262316769095,historical_extension
L75_Ts180_Tr41p44_dT10_F1p2_LP20,0.75,180.0,41.44,10.0,1.2,0.2,S2b,800,1201,800,614,1.0,0.7675,320.4853492346488,320.05531008,0.204206941441716,historical_extension
L75_Ts180_Tr41p44_dT10_F1p2_LP30,0.75,180.0,41.44,10.0,1.2,0.3,S1,800,1201,681,416,0.85125,0.52,217.27804579156367,216.84529152,0.2413600776981843,historical_extension
L75_Ts180_Tr41p44_dT10_F1p2_LP30,0.75,180.0,41.44,10.0,1.2,0.3,S2a,800,1201,685,448,0.85625,0.56,234.04476457716896,233.52569856,0.1611262316769095,historical_extension
L75_Ts180_Tr41p44_dT10_F1p2_LP30,0.75,180.0,41.44,10.0,1.2,0.3,S2b,800,1201,764,614,0.955,0.7675,320.48534923481736,320.05531008,0.204206941441716,historical_extension
L75_Ts180_Tr41p44_dT10_F1p2_LP40,0.75,180.0,41.44,10.0,1.2,0.4,S1,800,1201,532,416,0.665,0.52,217.27804579160372,216.84529152,0.2413600776981843,historical_extension
L75_Ts180_Tr41p44_dT10_F1p2_LP40,0.75,180.0,41.44,10.0,1.2,0.4,S2a,800,1201,536,448,0.67,0.56,234.0447645773147,233.52569856,0.1611262316769095,historical_extension
L75_Ts180_Tr41p44_dT10_F1p2_LP40,0.75,180.0,41.44,10.0,1.2,0.4,S2b,800,1201,598,592,0.7475,0.74,308.8079602626708,308.58753024000004,0.2020183654981321,historical_extension
L75_Ts180_Tr41p44_dT10_F1p2_LP45,0.75,180.0,41.44,10.0,1.2,0.45,S1,800,1201,458,416,0.5725,0.52,217.2780457916013,216.84529152,0.2413600776981843,historical_extension
L75_Ts180_Tr41p44_dT10_F1p2_LP45,0.75,180.0,41.44,10.0,1.2,0.45,S2a,800,1201,461,448,0.57625,0.56,233.7078548114295,233.52569856,0.1611262316769095,historical_extension
L75_Ts180_Tr41p44_dT10_F1p2_LP45,0.75,180.0,41.44,10.0,1.2,0.45,S2b,800,1201,514,514,0.6425,0.6425,268.4339509023942,267.92903808,0.1923774677885235,historical_extension
L75_Ts180_Tr41p44_dT15_F0p8_LP20,0.75,180.0,41.44,15.0,0.8,0.2,S1,800,1201,800,426,1.0,0.5325,148.1331132819921,148.03861247999998,0.2448756615277521,historical_extension
L75_Ts180_Tr41p44_dT15_F0p8_LP20,0.75,180.0,41.44,15.0,0.8,0.2,S2a,800,1201,800,447,1.0,0.55875,155.45530284685077,155.33629056,0.1651519822448874,historical_extension
L75_Ts180_Tr41p44_dT15_F0p8_LP20,0.75,180.0,41.44,15.0,0.8,0.2,S2b,800,1201,800,638,1.0,0.7975,221.7871546794248,221.71041024,0.2128654687931239,historical_extension
L75_Ts180_Tr41p44_dT15_F0p8_LP30,0.75,180.0,41.44,15.0,0.8,0.3,S1,800,1201,800,426,1.0,0.5325,148.1331132819921,148.03861247999998,0.2448756615277521,historical_extension
L75_Ts180_Tr41p44_dT15_F0p8_LP30,0.75,180.0,41.44,15.0,0.8,0.3,S2a,800,1201,800,447,1.0,0.55875,155.45530284685077,155.33629056,0.1651519822448874,historical_extension
L75_Ts180_Tr41p44_dT15_F0p8_LP30,0.75,180.0,41.44,15.0,0.8,0.3,S2b,800,1201,800,638,1.0,0.7975,221.7871546794248,221.71041024,0.2128654687931239,historical_extension
L75_Ts180_Tr41p44_dT15_F0p8_LP40,0.75,180.0,41.44,15.0,0.8,0.4,S1,800,1201,798,426,0.9975,0.5325,148.1331132820152,148.03861247999998,0.2448756615277521,historical_extension
L75_Ts180_Tr41p44_dT15_F0p8_LP40,0.75,180.0,41.44,15.0,0.8,0.4,S2a,800,1201,800,447,1.0,0.55875,155.4553028468821,155.33629056,0.1651519822448874,historical_extension
L75_Ts180_Tr41p44_dT15_F0p8_LP40,0.75,180.0,41.44,15.0,0.8,0.4,S2b,800,1201,800,638,1.0,0.7975,221.7871546794248,221.71041024,0.2128654687931239,historical_extension
L75_Ts180_Tr41p44_dT15_F0p8_LP45,0.75,180.0,41.44,15.0,0.8,0.45,S1,800,1201,687,426,0.85875,0.5325,148.13311328202843,148.03861247999998,0.2448756615277521,historical_extension
L75_Ts180_Tr41p44_dT15_F0p8_LP45,0.75,180.0,41.44,15.0,0.8,0.45,S2a,800,1201,692,447,0.865,0.55875,155.4553028467629,155.33629056,0.1651519822448874,historical_extension
L75_Ts180_Tr41p44_dT15_F0p8_LP45,0.75,180.0,41.44,15.0,0.8,0.45,S2b,800,1201,772,638,0.965,0.7975,221.7871546795668,221.71041024,0.2128654687931239,historical_extension
L75_Ts180_Tr41p44_dT15_F1p0_LP20,0.75,180.0,41.44,15.0,1.0,0.2,S1,800,1201,800,410,1.0,0.5125,178.2505812019055,178.098096,0.2433392539851072,historical_extension
L75_Ts180_Tr41p44_dT15_F1p0_LP20,0.75,180.0,41.44,15.0,1.0,0.2,S2a,800,1201,800,434,1.0,0.5425,188.8927948279051,188.52335040000003,0.1648570354648118,historical_extension
L75_Ts180_Tr41p44_dT15_F1p0_LP20,0.75,180.0,41.44,15.0,1.0,0.2,S2b,800,1201,800,613,1.0,0.76625,266.58892510665964,266.2783728,0.2120984022662897,historical_extension
L75_Ts180_Tr41p44_dT15_F1p0_LP30,0.75,180.0,41.44,15.0,1.0,0.3,S1,800,1201,800,410,1.0,0.5125,178.2505812019055,178.098096,0.2433392539851072,historical_extension
L75_Ts180_Tr41p44_dT15_F1p0_LP30,0.75,180.0,41.44,15.0,1.0,0.3,S2a,800,1201,800,434,1.0,0.5425,188.8927948279184,188.52335040000003,0.1648570354648118,historical_extension
L75_Ts180_Tr41p44_dT15_F1p0_LP30,0.75,180.0,41.44,15.0,1.0,0.3,S2b,800,1201,800,613,1.0,0.76625,266.58892510665964,266.2783728,0.2120984022662897,historical_extension
L75_Ts180_Tr41p44_dT15_F1p0_LP40,0.75,180.0,41.44,15.0,1.0,0.4,S1,800,1201,639,410,0.79875,0.5125,178.25058120180324,178.098096,0.2433392539851072,historical_extension
L75_Ts180_Tr41p44_dT15_F1p0_LP40,0.75,180.0,41.44,15.0,1.0,0.4,S2a,800,1201,643,434,0.80375,0.5425,188.89279482790727,188.52335040000003,0.1648570354648118,historical_extension
L75_Ts180_Tr41p44_dT15_F1p0_LP40,0.75,180.0,41.44,15.0,1.0,0.4,S2b,800,1201,717,613,0.89625,0.76625,266.5889251067206,266.2783728,0.2120984022662897,historical_extension
L75_Ts180_Tr41p44_dT15_F1p0_LP45,0.75,180.0,41.44,15.0,1.0,0.45,S1,800,1201,549,410,0.68625,0.5125,178.25058120182769,178.098096,0.2433392539851072,historical_extension
L75_Ts180_Tr41p44_dT15_F1p0_LP45,0.75,180.0,41.44,15.0,1.0,0.45,S2a,800,1201,554,434,0.6925,0.5425,188.89279482809823,188.52335040000003,0.1648570354648118,historical_extension
L75_Ts180_Tr41p44_dT15_F1p0_LP45,0.75,180.0,41.44,15.0,1.0,0.45,S2b,800,1201,617,604,0.77125,0.755,262.45121012011106,262.3689024,0.2111918705680291,historical_extension
L75_Ts180_Tr41p44_dT15_F1p2_LP20,0.75,180.0,41.44,15.0,1.2,0.2,S1,800,1201,800,394,1.0,0.4925,205.78572586806,205.37751168,0.2419445324406314,historical_extension
L75_Ts180_Tr41p44_dT15_F1p2_LP20,0.75,180.0,41.44,15.0,1.2,0.2,S2a,800,1201,800,421,1.0,0.52625,219.89974133801903,219.45160512,0.1645998037993157,historical_extension
L75_Ts180_Tr41p44_dT15_F1p2_LP20,0.75,180.0,41.44,15.0,1.2,0.2,S2b,800,1201,800,588,1.0,0.735,306.62630664531184,306.50247936,0.211342461547145,historical_extension
L75_Ts180_Tr41p44_dT15_F1p2_LP30,0.75,180.0,41.44,15.0,1.2,0.3,S1,800,1201,681,394,0.85125,0.4925,205.78572586808,205.37751168,0.2419445324406314,historical_extension
L75_Ts180_Tr41p44_dT15_F1p2_LP30,0.75,180.0,41.44,15.0,1.2,0.3,S2a,800,1201,685,421,0.85625,0.52625,219.8997413379263,219.45160512,0.1645998037993157,historical_extension
L75_Ts180_Tr41p44_dT15_F1p2_LP30,0.75,180.0,41.44,15.0,1.2,0.3,S2b,800,1201,764,588,0.955,0.735,306.6263066452808,306.50247936,0.211342461547145,historical_extension
L75_Ts180_Tr41p44_dT15_F1p2_LP40,0.75,180.0,41.44,15.0,1.2,0.4,S1,800,1201,532,394,0.665,0.4925,205.78572586837248,205.37751168,0.2419445324406314,historical_extension
L75_Ts180_Tr41p44_dT15_F1p2_LP40,0.75,180.0,41.44,15.0,1.2,0.4,S2a,800,1201,536,421,0.67,0.52625,219.8997413380212,219.45160512,0.1645998037993157,historical_extension
L75_Ts180_Tr41p44_dT15_F1p2_LP40,0.75,180.0,41.44,15.0,1.2,0.4,S2b,800,1201,598,582,0.7475,0.7275,303.7147759986032,303.37490304,0.2106556601661871,historical_extension
L75_Ts180_Tr41p44_dT15_F1p2_LP45,0.75,180.0,41.44,15.0,1.2,0.45,S1,800,1201,458,394,0.5725,0.4925,205.78572586830995,205.37751168,0.2419445324406314,historical_extension
L75_Ts180_Tr41p44_dT15_F1p2_LP45,0.75,180.0,41.44,15.0,1.2,0.45,S2a,800,1201,461,421,0.57625,0.52625,219.89974133820067,219.45160512,0.1645998037993157,historical_extension
L75_Ts180_Tr41p44_dT15_F1p2_LP45,0.75,180.0,41.44,15.0,1.2,0.45,S2b,800,1201,514,514,0.6425,0.6425,268.4339509023942,267.92903808,0.2024711788342367,historical_extension
L75_Ts180_Tr50p0_dT5_F0p8_LP20,0.75,180.0,50.0,5.0,0.8,0.2,S1,800,1201,800,461,1.0,0.57625,150.5854759358448,150.30444,0.2447612778978793,historical_extension
L75_Ts180_Tr50p0_dT5_F0p8_LP20,0.75,180.0,50.0,5.0,0.8,0.2,S2a,800,1201,800,485,1.0,0.60625,158.2757335194732,158.1294,0.1641128916119236,historical_extension
L75_Ts180_Tr50p0_dT5_F0p8_LP20,0.75,180.0,50.0,5.0,0.8,0.2,S2b,800,1201,800,688,1.0,0.86,224.58147850773548,224.31552,0.2106689321258775,historical_extension
L75_Ts180_Tr50p0_dT5_F0p8_LP30,0.75,180.0,50.0,5.0,0.8,0.3,S1,800,1201,800,461,1.0,0.57625,150.5854759358448,150.30444,0.2447612778978793,historical_extension
L75_Ts180_Tr50p0_dT5_F0p8_LP30,0.75,180.0,50.0,5.0,0.8,0.3,S2a,800,1201,800,485,1.0,0.60625,158.2757335194732,158.1294,0.1641128916119236,historical_extension
L75_Ts180_Tr50p0_dT5_F0p8_LP30,0.75,180.0,50.0,5.0,0.8,0.3,S2b,800,1201,800,688,1.0,0.86,224.58147850773548,224.31552,0.2106689321258775,historical_extension
L75_Ts180_Tr50p0_dT5_F0p8_LP40,0.75,180.0,50.0,5.0,0.8,0.4,S1,800,1201,800,461,1.0,0.57625,150.5854759358448,150.30444,0.2447612778978793,historical_extension
L75_Ts180_Tr50p0_dT5_F0p8_LP40,0.75,180.0,50.0,5.0,0.8,0.4,S2a,800,1201,800,485,1.0,0.60625,158.2757335194732,158.1294,0.1641128916119236,historical_extension
L75_Ts180_Tr50p0_dT5_F0p8_LP40,0.75,180.0,50.0,5.0,0.8,0.4,S2b,800,1201,800,688,1.0,0.86,224.58147850773548,224.31552,0.2106689321258775,historical_extension
L75_Ts180_Tr50p0_dT5_F0p8_LP45,0.75,180.0,50.0,5.0,0.8,0.45,S1,800,1201,732,461,0.915,0.57625,150.58547593584063,150.30444,0.2447612778978793,historical_extension
L75_Ts180_Tr50p0_dT5_F0p8_LP45,0.75,180.0,50.0,5.0,0.8,0.45,S2a,800,1201,738,485,0.9225,0.60625,158.27573351957437,158.1294,0.1641128916119236,historical_extension
L75_Ts180_Tr50p0_dT5_F0p8_LP45,0.75,180.0,50.0,5.0,0.8,0.45,S2b,800,1201,800,688,1.0,0.86,224.58147850750848,224.31552,0.2106689321258775,historical_extension
L75_Ts180_Tr50p0_dT5_F1p0_LP20,0.75,180.0,50.0,5.0,1.0,0.2,S1,800,1201,800,444,1.0,0.555,181.16691129757575,180.9522,0.2431951624131024,historical_extension
L75_Ts180_Tr50p0_dT5_F1p0_LP20,0.75,180.0,50.0,5.0,1.0,0.2,S2a,800,1201,800,471,1.0,0.58875,192.34701945315496,191.95605,0.1637999936328474,historical_extension
L75_Ts180_Tr50p0_dT5_F1p0_LP20,0.75,180.0,50.0,5.0,1.0,0.2,S2b,800,1201,800,662,1.0,0.8275,270.01410449347463,269.79810000000003,0.2099776090290576,historical_extension
L75_Ts180_Tr50p0_dT5_F1p0_LP30,0.75,180.0,50.0,5.0,1.0,0.3,S1,800,1201,800,444,1.0,0.555,181.16691129757575,180.9522,0.2431951624131024,historical_extension
L75_Ts180_Tr50p0_dT5_F1p0_LP30,0.75,180.0,50.0,5.0,1.0,0.3,S2a,800,1201,800,471,1.0,0.58875,192.34701945315496,191.95605,0.1637999936328474,historical_extension
L75_Ts180_Tr50p0_dT5_F1p0_LP30,0.75,180.0,50.0,5.0,1.0,0.3,S2b,800,1201,800,662,1.0,0.8275,270.01410449347463,269.79810000000003,0.2099776090290576,historical_extension
L75_Ts180_Tr50p0_dT5_F1p0_LP40,0.75,180.0,50.0,5.0,1.0,0.4,S1,800,1201,681,444,0.85125,0.555,181.16691129772028,180.9522,0.2431951624131024,historical_extension
L75_Ts180_Tr50p0_dT5_F1p0_LP40,0.75,180.0,50.0,5.0,1.0,0.4,S2a,800,1201,686,471,0.8575,0.58875,192.34701945313125,191.95605,0.1637999936328474,historical_extension
L75_Ts180_Tr50p0_dT5_F1p0_LP40,0.75,180.0,50.0,5.0,1.0,0.4,S2b,800,1201,765,662,0.95625,0.8275,270.01410449327875,269.79810000000003,0.2099776090290576,historical_extension
L75_Ts180_Tr50p0_dT5_F1p0_LP45,0.75,180.0,50.0,5.0,1.0,0.45,S1,800,1201,586,444,0.7325,0.555,181.1669112976682,180.9522,0.2431951624131024,historical_extension
L75_Ts180_Tr50p0_dT5_F1p0_LP45,0.75,180.0,50.0,5.0,1.0,0.45,S2a,800,1201,590,471,0.7375,0.58875,192.34701945317173,191.95605,0.1637999936328474,historical_extension
L75_Ts180_Tr50p0_dT5_F1p0_LP45,0.75,180.0,50.0,5.0,1.0,0.45,S2b,800,1201,658,647,0.8225,0.80875,263.9081369287791,263.68485,0.2086137737123227,historical_extension
L75_Ts180_Tr50p0_dT5_F1p2_LP20,0.75,180.0,50.0,5.0,1.2,0.2,S1,800,1201,800,427,1.0,0.53375,209.10376726267708,208.82862,0.2417702881126291,historical_extension
L75_Ts180_Tr50p0_dT5_F1p2_LP20,0.75,180.0,50.0,5.0,1.2,0.2,S2a,800,1201,800,457,1.0,0.57125,223.96867560147533,223.50042,0.1635286047731334,historical_extension
L75_Ts180_Tr50p0_dT5_F1p2_LP20,0.75,180.0,50.0,5.0,1.2,0.2,S2b,800,1201,800,635,1.0,0.79375,310.63156709609086,310.5531,0.2092025377267473,historical_extension
L75_Ts180_Tr50p0_dT5_F1p2_LP30,0.75,180.0,50.0,5.0,1.2,0.3,S1,800,1201,726,427,0.9075,0.53375,209.10376726274524,208.82862,0.2417702881126291,historical_extension
L75_Ts180_Tr50p0_dT5_F1p2_LP30,0.75,180.0,50.0,5.0,1.2,0.3,S2a,800,1201,730,457,0.9125,0.57125,223.96867560150469,223.50042,0.1635286047731334,historical_extension
L75_Ts180_Tr50p0_dT5_F1p2_LP30,0.75,180.0,50.0,5.0,1.2,0.3,S2b,800,1201,800,635,1.0,0.79375,310.6315670963314,310.5531,0.2092025377267473,historical_extension
L75_Ts180_Tr50p0_dT5_F1p2_LP40,0.75,180.0,50.0,5.0,1.2,0.4,S1,800,1201,567,427,0.70875,0.53375,209.1037672626569,208.82862,0.2417702881126291,historical_extension
L75_Ts180_Tr50p0_dT5_F1p2_LP40,0.75,180.0,50.0,5.0,1.2,0.4,S2a,800,1201,571,457,0.71375,0.57125,223.96867560147396,223.50042,0.1635286047731334,historical_extension
L75_Ts180_Tr50p0_dT5_F1p2_LP40,0.75,180.0,50.0,5.0,1.2,0.4,S2b,800,1201,637,624,0.79625,0.78,305.20832559894166,305.17344,0.2080790884606408,historical_extension
L75_Ts180_Tr50p0_dT5_F1p2_LP45,0.75,180.0,50.0,5.0,1.2,0.45,S1,800,1201,488,427,0.61,0.53375,209.10376726265892,208.82862,0.2417702881126291,historical_extension
L75_Ts180_Tr50p0_dT5_F1p2_LP45,0.75,180.0,50.0,5.0,1.2,0.45,S2a,800,1201,492,457,0.615,0.57125,223.96867560145017,223.50042,0.1635286047731334,historical_extension
L75_Ts180_Tr50p0_dT5_F1p2_LP45,0.75,180.0,50.0,5.0,1.2,0.45,S2b,800,1201,548,548,0.685,0.685,268.4339509023942,268.00488,0.19944689233833,historical_extension
L75_Ts180_Tr50p0_dT10_F0p8_LP20,0.75,180.0,50.0,10.0,0.8,0.2,S1,800,1201,800,435,1.0,0.54375,142.0620053948735,141.8274,0.2451933097557487,historical_extension
L75_Ts180_Tr50p0_dT10_F0p8_LP20,0.75,180.0,50.0,10.0,0.8,0.2,S2a,800,1201,800,455,1.0,0.56875,148.50982378357008,148.3482,0.1679415629681352,historical_extension
L75_Ts180_Tr50p0_dT10_F0p8_LP20,0.75,180.0,50.0,10.0,0.8,0.2,S2b,800,1201,800,659,1.0,0.82375,214.873951780352,214.86036,0.218589707115467,historical_extension
L75_Ts180_Tr50p0_dT10_F0p8_LP30,0.75,180.0,50.0,10.0,0.8,0.3,S1,800,1201,800,435,1.0,0.54375,142.0620053948735,141.8274,0.2451933097557487,historical_extension
L75_Ts180_Tr50p0_dT10_F0p8_LP30,0.75,180.0,50.0,10.0,0.8,0.3,S2a,800,1201,800,455,1.0,0.56875,148.50982378357008,148.3482,0.1679415629681352,historical_extension
L75_Ts180_Tr50p0_dT10_F0p8_LP30,0.75,180.0,50.0,10.0,0.8,0.3,S2b,800,1201,800,659,1.0,0.82375,214.873951780352,214.86036,0.218589707115467,historical_extension
L75_Ts180_Tr50p0_dT10_F0p8_LP40,0.75,180.0,50.0,10.0,0.8,0.4,S1,800,1201,800,435,1.0,0.54375,142.0620053948735,141.8274,0.2451933097557487,historical_extension
L75_Ts180_Tr50p0_dT10_F0p8_LP40,0.75,180.0,50.0,10.0,0.8,0.4,S2a,800,1201,800,455,1.0,0.56875,148.50982378357008,148.3482,0.1679415629681352,historical_extension
L75_Ts180_Tr50p0_dT10_F0p8_LP40,0.75,180.0,50.0,10.0,0.8,0.4,S2b,800,1201,800,659,1.0,0.82375,214.873951780352,214.86036,0.218589707115467,historical_extension
L75_Ts180_Tr50p0_dT10_F0p8_LP45,0.75,180.0,50.0,10.0,0.8,0.45,S1,800,1201,732,435,0.915,0.54375,142.06200539492954,141.8274,0.2451933097557487,historical_extension
L75_Ts180_Tr50p0_dT10_F0p8_LP45,0.75,180.0,50.0,10.0,0.8,0.45,S2a,800,1201,738,455,0.9225,0.56875,148.5098237837126,148.3482,0.1679415629681352,historical_extension
L75_Ts180_Tr50p0_dT10_F0p8_LP45,0.75,180.0,50.0,10.0,0.8,0.45,S2b,800,1201,800,659,1.0,0.82375,214.87395178030252,214.86036,0.218589707115467,historical_extension
L75_Ts180_Tr50p0_dT10_F1p0_LP20,0.75,180.0,50.0,10.0,1.0,0.2,S1,800,1201,800,419,1.0,0.52375,171.02447133015204,170.76345,0.2437144314730417,historical_extension
L75_Ts180_Tr50p0_dT10_F1p0_LP20,0.75,180.0,50.0,10.0,1.0,0.2,S2a,800,1201,800,442,1.0,0.5525,180.3308965119267,180.13710000000003,0.1677408295325798,historical_extension
L75_Ts180_Tr50p0_dT10_F1p0_LP20,0.75,180.0,50.0,10.0,1.0,0.2,S2b,800,1201,800,633,1.0,0.79125,258.113929436025,257.97915,0.2178759485549255,historical_extension
L75_Ts180_Tr50p0_dT10_F1p0_LP30,0.75,180.0,50.0,10.0,1.0,0.3,S1,800,1201,800,419,1.0,0.52375,171.02447133015204,170.76345,0.2437144314730417,historical_extension
L75_Ts180_Tr50p0_dT10_F1p0_LP30,0.75,180.0,50.0,10.0,1.0,0.3,S2a,800,1201,800,442,1.0,0.5525,180.3308965119267,180.13710000000003,0.1677408295325798,historical_extension
L75_Ts180_Tr50p0_dT10_F1p0_LP30,0.75,180.0,50.0,10.0,1.0,0.3,S2b,800,1201,800,633,1.0,0.79125,258.113929436025,257.97915,0.2178759485549255,historical_extension
L75_Ts180_Tr50p0_dT10_F1p0_LP40,0.75,180.0,50.0,10.0,1.0,0.4,S1,800,1201,681,419,0.85125,0.52375,171.0244713301219,170.76345,0.2437144314730417,historical_extension
L75_Ts180_Tr50p0_dT10_F1p0_LP40,0.75,180.0,50.0,10.0,1.0,0.4,S2a,800,1201,686,442,0.8575,0.5525,180.3308965118244,180.13710000000003,0.1677408295325798,historical_extension
L75_Ts180_Tr50p0_dT10_F1p0_LP40,0.75,180.0,50.0,10.0,1.0,0.4,S2b,800,1201,765,633,0.95625,0.79125,258.1139294360507,257.97915,0.2178759485549255,historical_extension
L75_Ts180_Tr50p0_dT10_F1p0_LP45,0.75,180.0,50.0,10.0,1.0,0.45,S1,800,1201,586,419,0.7325,0.52375,171.02447133016352,170.76345,0.2437144314730417,historical_extension
L75_Ts180_Tr50p0_dT10_F1p0_LP45,0.75,180.0,50.0,10.0,1.0,0.45,S2a,800,1201,590,442,0.7375,0.5525,180.33089651187197,180.13710000000003,0.1677408295325798,historical_extension
L75_Ts180_Tr50p0_dT10_F1p0_LP45,0.75,180.0,50.0,10.0,1.0,0.45,S2b,800,1201,658,633,0.8225,0.79125,258.113929436169,257.97915,0.2178759485549255,historical_extension
L75_Ts180_Tr50p0_dT10_F1p2_LP20,0.75,180.0,50.0,10.0,1.2,0.2,S1,800,1201,800,403,1.0,0.50375,197.55486976527575,197.09118,0.2423684860696791,historical_extension
L75_Ts180_Tr50p0_dT10_F1p2_LP20,0.75,180.0,50.0,10.0,1.2,0.2,S2a,800,1201,800,428,1.0,0.535,209.8024125970406,209.31768,0.1674704300637676,historical_extension
L75_Ts180_Tr50p0_dT10_F1p2_LP20,0.75,180.0,50.0,10.0,1.2,0.2,S2b,800,1201,800,606,1.0,0.7575,296.747260724577,296.37036,0.217043628383317,historical_extension
L75_Ts180_Tr50p0_dT10_F1p2_LP30,0.75,180.0,50.0,10.0,1.2,0.3,S1,800,1201,726,403,0.9075,0.50375,197.55486976522985,197.09118,0.2423684860696791,historical_extension
L75_Ts180_Tr50p0_dT10_F1p2_LP30,0.75,180.0,50.0,10.0,1.2,0.3,S2a,800,1201,730,428,0.9125,0.535,209.80241259712503,209.31768,0.1674704300637676,historical_extension
L75_Ts180_Tr50p0_dT10_F1p2_LP30,0.75,180.0,50.0,10.0,1.2,0.3,S2b,800,1201,800,606,1.0,0.7575,296.7472607243253,296.37036,0.217043628383317,historical_extension
L75_Ts180_Tr50p0_dT10_F1p2_LP40,0.75,180.0,50.0,10.0,1.2,0.4,S1,800,1201,567,403,0.70875,0.50375,197.5548697653608,197.09118,0.2423684860696791,historical_extension
L75_Ts180_Tr50p0_dT10_F1p2_LP40,0.75,180.0,50.0,10.0,1.2,0.4,S2a,800,1201,571,428,0.71375,0.535,209.80241259711624,209.31768,0.1674704300637676,historical_extension
L75_Ts180_Tr50p0_dT10_F1p2_LP40,0.75,180.0,50.0,10.0,1.2,0.4,S2b,800,1201,637,606,0.79625,0.7575,296.7472607244823,296.37036,0.217043628383317,historical_extension
L75_Ts180_Tr50p0_dT10_F1p2_LP45,0.75,180.0,50.0,10.0,1.2,0.45,S1,800,1201,488,403,0.61,0.50375,197.5548697652099,197.09118,0.2423684860696791,historical_extension
L75_Ts180_Tr50p0_dT10_F1p2_LP45,0.75,180.0,50.0,10.0,1.2,0.45,S2a,800,1201,492,428,0.615,0.535,209.802412597144,209.31768,0.1674704300637676,historical_extension
L75_Ts180_Tr50p0_dT10_F1p2_LP45,0.75,180.0,50.0,10.0,1.2,0.45,S2b,800,1201,548,548,0.685,0.685,268.4339509023942,268.00488,0.2105416126897469,historical_extension
L75_Ts180_Tr50p0_dT15_F0p8_LP20,0.75,180.0,50.0,15.0,0.8,0.2,S1,800,1201,800,409,1.0,0.51125,133.51558843256782,133.35036,0.2456253416136182,historical_extension
L75_Ts180_Tr50p0_dT15_F0p8_LP20,0.75,180.0,50.0,15.0,0.8,0.2,S2a,800,1201,800,425,1.0,0.53125,138.72612196679836,138.56699999999998,0.1726528778726158,historical_extension
L75_Ts180_Tr50p0_dT15_F0p8_LP20,0.75,180.0,50.0,15.0,0.8,0.2,S2b,800,1201,800,629,1.0,0.78625,205.17674874219745,205.07916,0.2278488951849061,historical_extension
L75_Ts180_Tr50p0_dT15_F0p8_LP30,0.75,180.0,50.0,15.0,0.8,0.3,S1,800,1201,800,409,1.0,0.51125,133.51558843256782,133.35036,0.2456253416136182,historical_extension
L75_Ts180_Tr50p0_dT15_F0p8_LP30,0.75,180.0,50.0,15.0,0.8,0.3,S2a,800,1201,800,425,1.0,0.53125,138.72612196679836,138.56699999999998,0.1726528778726158,historical_extension
L75_Ts180_Tr50p0_dT15_F0p8_LP30,0.75,180.0,50.0,15.0,0.8,0.3,S2b,800,1201,800,629,1.0,0.78625,205.17674874219745,205.07916,0.2278488951849061,historical_extension
L75_Ts180_Tr50p0_dT15_F0p8_LP40,0.75,180.0,50.0,15.0,0.8,0.4,S1,800,1201,800,409,1.0,0.51125,133.51558843256782,133.35036,0.2456253416136182,historical_extension
L75_Ts180_Tr50p0_dT15_F0p8_LP40,0.75,180.0,50.0,15.0,0.8,0.4,S2a,800,1201,800,425,1.0,0.53125,138.72612196679836,138.56699999999998,0.1726528778726158,historical_extension
L75_Ts180_Tr50p0_dT15_F0p8_LP40,0.75,180.0,50.0,15.0,0.8,0.4,S2b,800,1201,800,629,1.0,0.78625,205.17674874219745,205.07916,0.2278488951849061,historical_extension
L75_Ts180_Tr50p0_dT15_F0p8_LP45,0.75,180.0,50.0,15.0,0.8,0.45,S1,800,1201,732,409,0.915,0.51125,133.5155884325755,133.35036,0.2456253416136182,historical_extension
L75_Ts180_Tr50p0_dT15_F0p8_LP45,0.75,180.0,50.0,15.0,0.8,0.45,S2a,800,1201,738,425,0.9225,0.53125,138.72612196678938,138.56699999999998,0.1726528778726158,historical_extension
L75_Ts180_Tr50p0_dT15_F0p8_LP45,0.75,180.0,50.0,15.0,0.8,0.45,S2b,800,1201,800,629,1.0,0.78625,205.1767487422971,205.07916,0.2278488951849061,historical_extension
L75_Ts180_Tr50p0_dT15_F1p0_LP20,0.75,180.0,50.0,15.0,1.0,0.2,S1,800,1201,800,394,1.0,0.4925,160.8372754605495,160.5747,0.2442337005329809,historical_extension
L75_Ts180_Tr50p0_dT15_F1p0_LP20,0.75,180.0,50.0,15.0,1.0,0.2,S2a,800,1201,800,412,1.0,0.515,168.26269758422052,167.91060000000002,0.1724747146796326,historical_extension
L75_Ts180_Tr50p0_dT15_F1p0_LP20,0.75,180.0,50.0,15.0,1.0,0.2,S2b,800,1201,800,604,1.0,0.755,246.18909892813795,246.1602,0.2272364022176662,historical_extension
L75_Ts180_Tr50p0_dT15_F1p0_LP30,0.75,180.0,50.0,15.0,1.0,0.3,S1,800,1201,800,394,1.0,0.4925,160.8372754605495,160.5747,0.2442337005329809,historical_extension
L75_Ts180_Tr50p0_dT15_F1p0_LP30,0.75,180.0,50.0,15.0,1.0,0.3,S2a,800,1201,800,412,1.0,0.515,168.26269758422052,167.91060000000002,0.1724747146796326,historical_extension
L75_Ts180_Tr50p0_dT15_F1p0_LP30,0.75,180.0,50.0,15.0,1.0,0.3,S2b,800,1201,800,604,1.0,0.755,246.18909892813795,246.1602,0.2272364022176662,historical_extension
L75_Ts180_Tr50p0_dT15_F1p0_LP40,0.75,180.0,50.0,15.0,1.0,0.4,S1,800,1201,681,394,0.85125,0.4925,160.8372754605977,160.5747,0.2442337005329809,historical_extension
L75_Ts180_Tr50p0_dT15_F1p0_LP40,0.75,180.0,50.0,15.0,1.0,0.4,S2a,800,1201,686,412,0.8575,0.515,168.2626975842876,167.91060000000002,0.1724747146796326,historical_extension
L75_Ts180_Tr50p0_dT15_F1p0_LP40,0.75,180.0,50.0,15.0,1.0,0.4,S2b,800,1201,765,604,0.95625,0.755,246.1890989282462,246.1602,0.2272364022176662,historical_extension
L75_Ts180_Tr50p0_dT15_F1p0_LP45,0.75,180.0,50.0,15.0,1.0,0.45,S1,800,1201,586,394,0.7325,0.4925,160.83727546071464,160.5747,0.2442337005329809,historical_extension
L75_Ts180_Tr50p0_dT15_F1p0_LP45,0.75,180.0,50.0,15.0,1.0,0.45,S2a,800,1201,590,412,0.7375,0.515,168.2626975843284,167.91060000000002,0.1724747146796326,historical_extension
L75_Ts180_Tr50p0_dT15_F1p0_LP45,0.75,180.0,50.0,15.0,1.0,0.45,S2b,800,1201,658,604,0.8225,0.755,246.18909892814227,246.1602,0.2272364022176662,historical_extension
L75_Ts180_Tr50p0_dT15_F1p2_LP20,0.75,180.0,50.0,15.0,1.2,0.2,S1,800,1201,800,380,1.0,0.475,185.92952527177084,185.8428,0.2429417591118521,historical_extension
L75_Ts180_Tr50p0_dT15_F1p2_LP20,0.75,180.0,50.0,15.0,1.2,0.2,S2a,800,1201,800,399,1.0,0.49875,195.59491571802727,195.13494,0.1723037437970564,historical_extension
L75_Ts180_Tr50p0_dT15_F1p2_LP20,0.75,180.0,50.0,15.0,1.2,0.2,S2b,800,1201,800,578,1.0,0.7225,282.8232231057822,282.67668,0.2264860002112489,historical_extension
L75_Ts180_Tr50p0_dT15_F1p2_LP30,0.75,180.0,50.0,15.0,1.2,0.3,S1,800,1201,726,380,0.9075,0.475,185.9295252717137,185.8428,0.2429417591118521,historical_extension
L75_Ts180_Tr50p0_dT15_F1p2_LP30,0.75,180.0,50.0,15.0,1.2,0.3,S2a,800,1201,730,399,0.9125,0.49875,195.59491571817352,195.13494,0.1723037437970564,historical_extension
L75_Ts180_Tr50p0_dT15_F1p2_LP30,0.75,180.0,50.0,15.0,1.2,0.3,S2b,800,1201,800,578,1.0,0.7225,282.8232231059333,282.67668,0.2264860002112489,historical_extension
L75_Ts180_Tr50p0_dT15_F1p2_LP40,0.75,180.0,50.0,15.0,1.2,0.4,S1,800,1201,567,380,0.70875,0.475,185.92952527185207,185.8428,0.2429417591118521,historical_extension
L75_Ts180_Tr50p0_dT15_F1p2_LP40,0.75,180.0,50.0,15.0,1.2,0.4,S2a,800,1201,571,399,0.71375,0.49875,195.5949157181905,195.13494,0.1723037437970564,historical_extension
L75_Ts180_Tr50p0_dT15_F1p2_LP40,0.75,180.0,50.0,15.0,1.2,0.4,S2b,800,1201,637,578,0.79625,0.7225,282.82322310579366,282.67668,0.2264860002112489,historical_extension
L75_Ts180_Tr50p0_dT15_F1p2_LP45,0.75,180.0,50.0,15.0,1.2,0.45,S1,800,1201,488,380,0.61,0.475,185.92952527174725,185.8428,0.2429417591118521,historical_extension
L75_Ts180_Tr50p0_dT15_F1p2_LP45,0.75,180.0,50.0,15.0,1.2,0.45,S2a,800,1201,492,399,0.615,0.49875,195.59491571816372,195.13494,0.1723037437970564,historical_extension
L75_Ts180_Tr50p0_dT15_F1p2_LP45,0.75,180.0,50.0,15.0,1.2,0.45,S2b,800,1201,548,548,0.685,0.685,268.4339509023942,268.00488,0.2232160144578859,historical_extension
L75_Ts180_Tr60p0_dT5_F0p8_LP20,0.75,180.0,60.0,5.0,0.8,0.2,S1,800,1201,800,443,1.0,0.55375,133.51558843253127,133.32528,0.2456278980151441,historical_extension
L75_Ts180_Tr60p0_dT5_F0p8_LP20,0.75,180.0,60.0,5.0,0.8,0.2,S2a,800,1201,800,460,1.0,0.575,138.72612196672532,138.4416,0.1726096939100725,historical_extension
L75_Ts180_Tr60p0_dT5_F0p8_LP20,0.75,180.0,60.0,5.0,0.8,0.2,S2b,800,1201,800,681,1.0,0.85125,205.17674874216092,204.95376,0.227802101015498,historical_extension
L75_Ts180_Tr60p0_dT5_F0p8_LP30,0.75,180.0,60.0,5.0,0.8,0.3,S1,800,1201,800,443,1.0,0.55375,133.51558843253127,133.32528,0.2456278980151441,historical_extension
L75_Ts180_Tr60p0_dT5_F0p8_LP30,0.75,180.0,60.0,5.0,0.8,0.3,S2a,800,1201,800,460,1.0,0.575,138.72612196672532,138.4416,0.1726096939100725,historical_extension
L75_Ts180_Tr60p0_dT5_F0p8_LP30,0.75,180.0,60.0,5.0,0.8,0.3,S2b,800,1201,800,681,1.0,0.85125,205.17674874216092,204.95376,0.227802101015498,historical_extension
L75_Ts180_Tr60p0_dT5_F0p8_LP40,0.75,180.0,60.0,5.0,0.8,0.4,S1,800,1201,800,443,1.0,0.55375,133.51558843253127,133.32528,0.2456278980151441,historical_extension
L75_Ts180_Tr60p0_dT5_F0p8_LP40,0.75,180.0,60.0,5.0,0.8,0.4,S2a,800,1201,800,460,1.0,0.575,138.72612196672532,138.4416,0.1726096939100725,historical_extension
L75_Ts180_Tr60p0_dT5_F0p8_LP40,0.75,180.0,60.0,5.0,0.8,0.4,S2b,800,1201,800,681,1.0,0.85125,205.17674874216092,204.95376,0.227802101015498,historical_extension
L75_Ts180_Tr60p0_dT5_F0p8_LP45,0.75,180.0,60.0,5.0,0.8,0.45,S1,800,1201,793,443,0.99125,0.55375,133.5155884325755,133.32528,0.2456278980151441,historical_extension
L75_Ts180_Tr60p0_dT5_F0p8_LP45,0.75,180.0,60.0,5.0,0.8,0.45,S2a,800,1201,800,460,1.0,0.575,138.72612196678938,138.4416,0.1726096939100725,historical_extension
L75_Ts180_Tr60p0_dT5_F0p8_LP45,0.75,180.0,60.0,5.0,0.8,0.45,S2b,800,1201,800,681,1.0,0.85125,205.17674874216092,204.95376,0.227802101015498,historical_extension
L75_Ts180_Tr60p0_dT5_F1p0_LP20,0.75,180.0,60.0,5.0,1.0,0.2,S1,800,1201,800,427,1.0,0.53375,160.83727546066345,160.6374,0.2442321027820273,historical_extension
L75_Ts180_Tr60p0_dT5_F1p0_LP20,0.75,180.0,60.0,5.0,1.0,0.2,S2a,800,1201,800,447,1.0,0.55875,168.26269758444857,168.1614,0.1725284030375143,historical_extension
L75_Ts180_Tr60p0_dT5_F1p0_LP20,0.75,180.0,60.0,5.0,1.0,0.2,S2b,800,1201,800,654,1.0,0.8175,246.1890989282976,246.0348,0.2271918664376394,historical_extension
L75_Ts180_Tr60p0_dT5_F1p0_LP30,0.75,180.0,60.0,5.0,1.0,0.3,S1,800,1201,800,427,1.0,0.53375,160.83727546066345,160.6374,0.2442321027820273,historical_extension
L75_Ts180_Tr60p0_dT5_F1p0_LP30,0.75,180.0,60.0,5.0,1.0,0.3,S2a,800,1201,800,447,1.0,0.55875,168.26269758444857,168.1614,0.1725284030375143,historical_extension
L75_Ts180_Tr60p0_dT5_F1p0_LP30,0.75,180.0,60.0,5.0,1.0,0.3,S2b,800,1201,800,654,1.0,0.8175,246.1890989282976,246.0348,0.2271918664376394,historical_extension
L75_Ts180_Tr60p0_dT5_F1p0_LP40,0.75,180.0,60.0,5.0,1.0,0.4,S1,800,1201,737,427,0.92125,0.53375,160.8372754605977,160.6374,0.2442321027820273,historical_extension
L75_Ts180_Tr60p0_dT5_F1p0_LP40,0.75,180.0,60.0,5.0,1.0,0.4,S2a,800,1201,743,447,0.92875,0.55875,168.2626975842876,168.1614,0.1725284030375143,historical_extension
L75_Ts180_Tr60p0_dT5_F1p0_LP40,0.75,180.0,60.0,5.0,1.0,0.4,S2b,800,1201,800,654,1.0,0.8175,246.1890989282976,246.0348,0.2271918664376394,historical_extension
L75_Ts180_Tr60p0_dT5_F1p0_LP45,0.75,180.0,60.0,5.0,1.0,0.45,S1,800,1201,634,427,0.7925,0.53375,160.83727546071464,160.6374,0.2442321027820273,historical_extension
L75_Ts180_Tr60p0_dT5_F1p0_LP45,0.75,180.0,60.0,5.0,1.0,0.45,S2a,800,1201,640,447,0.8,0.55875,168.2626975843284,168.1614,0.1725284030375143,historical_extension
L75_Ts180_Tr60p0_dT5_F1p0_LP45,0.75,180.0,60.0,5.0,1.0,0.45,S2b,800,1201,713,654,0.89125,0.8175,246.18909892814227,246.0348,0.2271918664376394,historical_extension
L75_Ts180_Tr60p0_dT5_F1p2_LP20,0.75,180.0,60.0,5.0,1.2,0.2,S1,800,1201,800,411,1.0,0.51375,185.92952527182555,185.54184,0.2429590148221516,historical_extension
L75_Ts180_Tr60p0_dT5_F1p2_LP20,0.75,180.0,60.0,5.0,1.2,0.2,S2a,800,1201,800,433,1.0,0.54125,195.59491571821889,195.47352,0.1723654303165996,historical_extension
L75_Ts180_Tr60p0_dT5_F1p2_LP20,0.75,180.0,60.0,5.0,1.2,0.2,S2b,800,1201,800,626,1.0,0.7825,282.8232231057547,282.60144,0.2264592779033117,historical_extension
L75_Ts180_Tr60p0_dT5_F1p2_LP30,0.75,180.0,60.0,5.0,1.2,0.3,S1,800,1201,786,411,0.9825,0.51375,185.9295252717137,185.54184,0.2429590148221516,historical_extension
L75_Ts180_Tr60p0_dT5_F1p2_LP30,0.75,180.0,60.0,5.0,1.2,0.3,S2a,800,1201,791,433,0.98875,0.54125,195.59491571817352,195.47352,0.1723654303165996,historical_extension
L75_Ts180_Tr60p0_dT5_F1p2_LP30,0.75,180.0,60.0,5.0,1.2,0.3,S2b,800,1201,800,626,1.0,0.7825,282.8232231057547,282.60144,0.2264592779033117,historical_extension
L75_Ts180_Tr60p0_dT5_F1p2_LP40,0.75,180.0,60.0,5.0,1.2,0.4,S1,800,1201,614,411,0.7675,0.51375,185.92952527185207,185.54184,0.2429590148221516,historical_extension
L75_Ts180_Tr60p0_dT5_F1p2_LP40,0.75,180.0,60.0,5.0,1.2,0.4,S2a,800,1201,619,433,0.77375,0.54125,195.5949157181905,195.47352,0.1723654303165996,historical_extension
L75_Ts180_Tr60p0_dT5_F1p2_LP40,0.75,180.0,60.0,5.0,1.2,0.4,S2b,800,1201,690,626,0.8625,0.7825,282.82322310579366,282.60144,0.2264592779033117,historical_extension
L75_Ts180_Tr60p0_dT5_F1p2_LP45,0.75,180.0,60.0,5.0,1.2,0.45,S1,800,1201,529,411,0.66125,0.51375,185.92952527174725,185.54184,0.2429590148221516,historical_extension
L75_Ts180_Tr60p0_dT5_F1p2_LP45,0.75,180.0,60.0,5.0,1.2,0.45,S2a,800,1201,533,433,0.66625,0.54125,195.59491571816372,195.47352,0.1723654303165996,historical_extension
L75_Ts180_Tr60p0_dT5_F1p2_LP45,0.75,180.0,60.0,5.0,1.2,0.45,S2b,800,1201,594,594,0.7425,0.7425,268.4339509023942,268.15536,0.2232504828085621,historical_extension
L75_Ts180_Tr60p0_dT10_F0p8_LP20,0.75,180.0,60.0,10.0,0.8,0.2,S1,800,1201,800,415,1.0,0.51875,124.94695643282552,124.89839999999998,0.2460573734714877,historical_extension
L75_Ts180_Tr60p0_dT10_F0p8_LP20,0.75,180.0,60.0,10.0,0.8,0.2,S2a,800,1201,800,428,1.0,0.535,128.94807208047763,128.81087999999997,0.1785997597262612,historical_extension
L75_Ts180_Tr60p0_dT10_F0p8_LP20,0.75,180.0,60.0,10.0,0.8,0.2,S2b,800,1201,800,649,1.0,0.81125,195.44923014395377,195.32304,0.2389935415544801,historical_extension
L75_Ts180_Tr60p0_dT10_F0p8_LP30,0.75,180.0,60.0,10.0,0.8,0.3,S1,800,1201,800,415,1.0,0.51875,124.94695643282552,124.89839999999998,0.2460573734714877,historical_extension
L75_Ts180_Tr60p0_dT10_F0p8_LP30,0.75,180.0,60.0,10.0,0.8,0.3,S2a,800,1201,800,428,1.0,0.535,128.94807208047763,128.81087999999997,0.1785997597262612,historical_extension
L75_Ts180_Tr60p0_dT10_F0p8_LP30,0.75,180.0,60.0,10.0,0.8,0.3,S2b,800,1201,800,649,1.0,0.81125,195.44923014395377,195.32304,0.2389935415544801,historical_extension
L75_Ts180_Tr60p0_dT10_F0p8_LP40,0.75,180.0,60.0,10.0,0.8,0.4,S1,800,1201,800,415,1.0,0.51875,124.94695643282552,124.89839999999998,0.2460573734714877,historical_extension
L75_Ts180_Tr60p0_dT10_F0p8_LP40,0.75,180.0,60.0,10.0,0.8,0.4,S2a,800,1201,800,428,1.0,0.535,128.94807208047763,128.81087999999997,0.1785997597262612,historical_extension
L75_Ts180_Tr60p0_dT10_F0p8_LP40,0.75,180.0,60.0,10.0,0.8,0.4,S2b,800,1201,800,649,1.0,0.81125,195.44923014395377,195.32304,0.2389935415544801,historical_extension
L75_Ts180_Tr60p0_dT10_F0p8_LP45,0.75,180.0,60.0,10.0,0.8,0.45,S1,800,1201,793,415,0.99125,0.51875,124.94695643289948,124.89839999999998,0.2460573734714877,historical_extension
L75_Ts180_Tr60p0_dT10_F0p8_LP45,0.75,180.0,60.0,10.0,0.8,0.45,S2a,800,1201,800,428,1.0,0.535,128.94807208045063,128.81087999999997,0.1785997597262612,historical_extension
L75_Ts180_Tr60p0_dT10_F0p8_LP45,0.75,180.0,60.0,10.0,0.8,0.45,S2b,800,1201,800,649,1.0,0.81125,195.44923014395377,195.32304,0.2389935415544801,historical_extension
L75_Ts180_Tr60p0_dT10_F1p0_LP20,0.75,180.0,60.0,10.0,1.0,0.2,S1,800,1201,800,400,1.0,0.5,150.6070321908066,150.48,0.2447497740910129,historical_extension
L75_Ts180_Tr60p0_dT10_F1p0_LP20,0.75,180.0,60.0,10.0,1.0,0.2,S2a,800,1201,800,415,1.0,0.51875,156.20531705313977,156.123,0.1785514915094083,historical_extension
L75_Ts180_Tr60p0_dT10_F1p0_LP20,0.75,180.0,60.0,10.0,1.0,0.2,S2b,800,1201,800,622,1.0,0.7775,234.26474727596388,233.9964,0.2384115172550803,historical_extension
L75_Ts180_Tr60p0_dT10_F1p0_LP30,0.75,180.0,60.0,10.0,1.0,0.3,S1,800,1201,800,400,1.0,0.5,150.6070321908066,150.48,0.2447497740910129,historical_extension
L75_Ts180_Tr60p0_dT10_F1p0_LP30,0.75,180.0,60.0,10.0,1.0,0.3,S2a,800,1201,800,415,1.0,0.51875,156.20531705313977,156.123,0.1785514915094083,historical_extension
L75_Ts180_Tr60p0_dT10_F1p0_LP30,0.75,180.0,60.0,10.0,1.0,0.3,S2b,800,1201,800,622,1.0,0.7775,234.26474727596388,233.9964,0.2384115172550803,historical_extension
L75_Ts180_Tr60p0_dT10_F1p0_LP40,0.75,180.0,60.0,10.0,1.0,0.4,S1,800,1201,737,400,0.92125,0.5,150.60703219075776,150.48,0.2447497740910129,historical_extension
L75_Ts180_Tr60p0_dT10_F1p0_LP40,0.75,180.0,60.0,10.0,1.0,0.4,S2a,800,1201,743,415,0.92875,0.51875,156.20531705327818,156.123,0.1785514915094083,historical_extension
L75_Ts180_Tr60p0_dT10_F1p0_LP40,0.75,180.0,60.0,10.0,1.0,0.4,S2b,800,1201,800,622,1.0,0.7775,234.26474727596388,233.9964,0.2384115172550803,historical_extension
L75_Ts180_Tr60p0_dT10_F1p0_LP45,0.75,180.0,60.0,10.0,1.0,0.45,S1,800,1201,634,400,0.7925,0.5,150.60703219078482,150.48,0.2447497740910129,historical_extension
L75_Ts180_Tr60p0_dT10_F1p0_LP45,0.75,180.0,60.0,10.0,1.0,0.45,S2a,800,1201,640,415,0.8,0.51875,156.2053170533378,156.123,0.1785514915094083,historical_extension
L75_Ts180_Tr60p0_dT10_F1p0_LP45,0.75,180.0,60.0,10.0,1.0,0.45,S2b,800,1201,713,622,0.89125,0.7775,234.26474727580933,233.9964,0.2384115172550803,historical_extension
L75_Ts180_Tr60p0_dT10_F1p2_LP20,0.75,180.0,60.0,10.0,1.2,0.2,S1,800,1201,800,385,1.0,0.48125,174.2310597172631,173.8044,0.2435572127792016,historical_extension
L75_Ts180_Tr60p0_dT10_F1p2_LP20,0.75,180.0,60.0,10.0,1.2,0.2,S2a,800,1201,800,401,1.0,0.50125,181.33685906510271,181.02744,0.1783993463430452,historical_extension
L75_Ts180_Tr60p0_dT10_F1p2_LP20,0.75,180.0,60.0,10.0,1.2,0.2,S2b,800,1201,800,595,1.0,0.74375,268.8708646373417,268.6068,0.2377859061200003,historical_extension
L75_Ts180_Tr60p0_dT10_F1p2_LP30,0.75,180.0,60.0,10.0,1.2,0.3,S1,800,1201,786,385,0.9825,0.48125,174.23105971704905,173.8044,0.2435572127792016,historical_extension
L75_Ts180_Tr60p0_dT10_F1p2_LP30,0.75,180.0,60.0,10.0,1.2,0.3,S2a,800,1201,791,401,0.98875,0.50125,181.33685906514492,181.02744,0.1783993463430452,historical_extension
L75_Ts180_Tr60p0_dT10_F1p2_LP30,0.75,180.0,60.0,10.0,1.2,0.3,S2b,800,1201,800,595,1.0,0.74375,268.8708646373417,268.6068,0.2377859061200003,historical_extension
L75_Ts180_Tr60p0_dT10_F1p2_LP40,0.75,180.0,60.0,10.0,1.2,0.4,S1,800,1201,614,385,0.7675,0.48125,174.2310597171757,173.8044,0.2435572127792016,historical_extension
L75_Ts180_Tr60p0_dT10_F1p2_LP40,0.75,180.0,60.0,10.0,1.2,0.4,S2a,800,1201,619,401,0.77375,0.50125,181.33685906503135,181.02744,0.1783993463430452,historical_extension
L75_Ts180_Tr60p0_dT10_F1p2_LP40,0.75,180.0,60.0,10.0,1.2,0.4,S2b,800,1201,690,595,0.8625,0.74375,268.8708646372846,268.6068,0.2377859061200003,historical_extension
L75_Ts180_Tr60p0_dT10_F1p2_LP45,0.75,180.0,60.0,10.0,1.2,0.45,S1,800,1201,529,385,0.66125,0.48125,174.23105971723538,173.8044,0.2435572127792016,historical_extension
L75_Ts180_Tr60p0_dT10_F1p2_LP45,0.75,180.0,60.0,10.0,1.2,0.45,S2a,800,1201,533,401,0.66625,0.50125,181.33685906516692,181.02744,0.1783993463430452,historical_extension
L75_Ts180_Tr60p0_dT10_F1p2_LP45,0.75,180.0,60.0,10.0,1.2,0.45,S2b,800,1201,594,590,0.7425,0.7375,266.6221243160595,266.3496,0.2372985890796479,historical_extension
L75_Ts180_Tr60p0_dT15_F0p8_LP20,0.75,180.0,60.0,15.0,0.8,0.2,S1,800,1201,800,386,1.0,0.4825,116.35680664094096,116.17055999999998,0.2465021873369864,historical_extension
L75_Ts180_Tr60p0_dT15_F0p8_LP20,0.75,180.0,60.0,15.0,0.8,0.2,S2a,800,1201,800,395,1.0,0.49375,119.171861938135,118.87919999999998,0.186299216253107,historical_extension
L75_Ts180_Tr60p0_dT15_F0p8_LP20,0.75,180.0,60.0,15.0,0.8,0.2,S2b,800,1201,800,617,1.0,0.77125,185.73587103784968,185.69232,0.2527458918435457,historical_extension
L75_Ts180_Tr60p0_dT15_F0p8_LP30,0.75,180.0,60.0,15.0,0.8,0.3,S1,800,1201,800,386,1.0,0.4825,116.35680664094096,116.17055999999998,0.2465021873369864,historical_extension
L75_Ts180_Tr60p0_dT15_F0p8_LP30,0.75,180.0,60.0,15.0,0.8,0.3,S2a,800,1201,800,395,1.0,0.49375,119.171861938135,118.87919999999998,0.186299216253107,historical_extension
L75_Ts180_Tr60p0_dT15_F0p8_LP30,0.75,180.0,60.0,15.0,0.8,0.3,S2b,800,1201,800,617,1.0,0.77125,185.73587103784968,185.69232,0.2527458918435457,historical_extension
L75_Ts180_Tr60p0_dT15_F0p8_LP40,0.75,180.0,60.0,15.0,0.8,0.4,S1,800,1201,800,386,1.0,0.4825,116.35680664094096,116.17055999999998,0.2465021873369864,historical_extension
L75_Ts180_Tr60p0_dT15_F0p8_LP40,0.75,180.0,60.0,15.0,0.8,0.4,S2a,800,1201,800,395,1.0,0.49375,119.171861938135,118.87919999999998,0.186299216253107,historical_extension
L75_Ts180_Tr60p0_dT15_F0p8_LP40,0.75,180.0,60.0,15.0,0.8,0.4,S2b,800,1201,800,617,1.0,0.77125,185.73587103784968,185.69232,0.2527458918435457,historical_extension
L75_Ts180_Tr60p0_dT15_F0p8_LP45,0.75,180.0,60.0,15.0,0.8,0.45,S1,800,1201,793,386,0.99125,0.4825,116.3568066408608,116.17055999999998,0.2465021873369864,historical_extension
L75_Ts180_Tr60p0_dT15_F0p8_LP45,0.75,180.0,60.0,15.0,0.8,0.45,S2a,800,1201,800,395,1.0,0.49375,119.1718619381212,118.87919999999998,0.186299216253107,historical_extension
L75_Ts180_Tr60p0_dT15_F0p8_LP45,0.75,180.0,60.0,15.0,0.8,0.45,S2b,800,1201,800,617,1.0,0.77125,185.73587103784968,185.69232,0.2527458918435457,historical_extension
L75_Ts180_Tr60p0_dT15_F1p0_LP20,0.75,180.0,60.0,15.0,1.0,0.2,S1,800,1201,800,373,1.0,0.46625,140.3353563902644,140.3226,0.2452674453999986,historical_extension
L75_Ts180_Tr60p0_dT15_F1p0_LP20,0.75,180.0,60.0,15.0,1.0,0.2,S2a,800,1201,800,383,1.0,0.47875,144.13335606540113,144.0846,0.1863988416753658,historical_extension
L75_Ts180_Tr60p0_dT15_F1p0_LP20,0.75,180.0,60.0,15.0,1.0,0.2,S2b,800,1201,800,590,1.0,0.7375,222.327528262674,221.958,0.2522460884204566,historical_extension
L75_Ts180_Tr60p0_dT15_F1p0_LP30,0.75,180.0,60.0,15.0,1.0,0.3,S1,800,1201,800,373,1.0,0.46625,140.3353563902644,140.3226,0.2452674453999986,historical_extension
L75_Ts180_Tr60p0_dT15_F1p0_LP30,0.75,180.0,60.0,15.0,1.0,0.3,S2a,800,1201,800,383,1.0,0.47875,144.13335606540113,144.0846,0.1863988416753658,historical_extension
L75_Ts180_Tr60p0_dT15_F1p0_LP30,0.75,180.0,60.0,15.0,1.0,0.3,S2b,800,1201,800,590,1.0,0.7375,222.327528262674,221.958,0.2522460884204566,historical_extension
L75_Ts180_Tr60p0_dT15_F1p0_LP40,0.75,180.0,60.0,15.0,1.0,0.4,S1,800,1201,737,373,0.92125,0.46625,140.3353563901586,140.3226,0.2452674453999986,historical_extension
L75_Ts180_Tr60p0_dT15_F1p0_LP40,0.75,180.0,60.0,15.0,1.0,0.4,S2a,800,1201,743,383,0.92875,0.47875,144.13335606536853,144.0846,0.1863988416753658,historical_extension
L75_Ts180_Tr60p0_dT15_F1p0_LP40,0.75,180.0,60.0,15.0,1.0,0.4,S2b,800,1201,800,590,1.0,0.7375,222.327528262674,221.958,0.2522460884204566,historical_extension
L75_Ts180_Tr60p0_dT15_F1p0_LP45,0.75,180.0,60.0,15.0,1.0,0.45,S1,800,1201,634,373,0.7925,0.46625,140.3353563902388,140.3226,0.2452674453999986,historical_extension
L75_Ts180_Tr60p0_dT15_F1p0_LP45,0.75,180.0,60.0,15.0,1.0,0.45,S2a,800,1201,640,383,0.8,0.47875,144.13335606526476,144.0846,0.1863988416753658,historical_extension
L75_Ts180_Tr60p0_dT15_F1p0_LP45,0.75,180.0,60.0,15.0,1.0,0.45,S2b,800,1201,713,590,0.89125,0.7375,222.3275282626215,221.958,0.2522460884204566,historical_extension
L75_Ts180_Tr60p0_dT15_F1p2_LP20,0.75,180.0,60.0,15.0,1.2,0.2,S1,800,1201,800,359,1.0,0.44875,162.46259614805365,162.06696,0.2441554107362517,historical_extension
L75_Ts180_Tr60p0_dT15_F1p2_LP20,0.75,180.0,60.0,15.0,1.2,0.2,S2a,800,1201,800,370,1.0,0.4625,167.09521642238286,167.03279999999998,0.1863749130457586,historical_extension
L75_Ts180_Tr60p0_dT15_F1p2_LP20,0.75,180.0,60.0,15.0,1.2,0.2,S2b,800,1201,800,564,1.0,0.705,254.85065487983368,254.61216,0.2517878697366008,historical_extension
L75_Ts180_Tr60p0_dT15_F1p2_LP30,0.75,180.0,60.0,15.0,1.2,0.3,S1,800,1201,786,359,0.9825,0.44875,162.46259614826852,162.06696,0.2441554107362517,historical_extension
L75_Ts180_Tr60p0_dT15_F1p2_LP30,0.75,180.0,60.0,15.0,1.2,0.3,S2a,800,1201,791,370,0.98875,0.4625,167.09521642237712,167.03279999999998,0.1863749130457586,historical_extension
L75_Ts180_Tr60p0_dT15_F1p2_LP30,0.75,180.0,60.0,15.0,1.2,0.3,S2b,800,1201,800,564,1.0,0.705,254.85065487983368,254.61216,0.2517878697366008,historical_extension
L75_Ts180_Tr60p0_dT15_F1p2_LP40,0.75,180.0,60.0,15.0,1.2,0.4,S1,800,1201,614,359,0.7675,0.44875,162.4625961481157,162.06696,0.2441554107362517,historical_extension
L75_Ts180_Tr60p0_dT15_F1p2_LP40,0.75,180.0,60.0,15.0,1.2,0.4,S2a,800,1201,619,370,0.77375,0.4625,167.09521642242282,167.03279999999998,0.1863749130457586,historical_extension
L75_Ts180_Tr60p0_dT15_F1p2_LP40,0.75,180.0,60.0,15.0,1.2,0.4,S2b,800,1201,690,564,0.8625,0.705,254.85065487966904,254.61216,0.2517878697366008,historical_extension
L75_Ts180_Tr60p0_dT15_F1p2_LP45,0.75,180.0,60.0,15.0,1.2,0.45,S1,800,1201,529,359,0.66125,0.44875,162.46259614829546,162.06696,0.2441554107362517,historical_extension
L75_Ts180_Tr60p0_dT15_F1p2_LP45,0.75,180.0,60.0,15.0,1.2,0.45,S2a,800,1201,533,370,0.66625,0.4625,167.09521642258267,167.03279999999998,0.1863749130457586,historical_extension
L75_Ts180_Tr60p0_dT15_F1p2_LP45,0.75,180.0,60.0,15.0,1.2,0.45,S2b,800,1201,594,564,0.7425,0.705,254.8506548797189,254.61216,0.2517878697366008,historical_extension
L100_Ts120_Tr35p0_dT5_F0p8_LP20,1.0,120.0,35.0,5.0,0.8,0.2,S1,800,1201,800,800,1.0,1.0,170.54399999984486,170.54399999999998,0.2496382976911314,historical_extension
L100_Ts120_Tr35p0_dT5_F0p8_LP20,1.0,120.0,35.0,5.0,0.8,0.2,S2a,800,1201,800,800,1.0,1.0,170.54399999984486,170.54399999999998,0.1492867153942806,historical_extension
L100_Ts120_Tr35p0_dT5_F0p8_LP20,1.0,120.0,35.0,5.0,0.8,0.2,S2b,800,1201,800,800,1.0,1.0,170.54399999984486,170.54399999999998,0.1563556632874439,historical_extension
L100_Ts120_Tr35p0_dT5_F0p8_LP30,1.0,120.0,35.0,5.0,0.8,0.3,S1,800,1201,800,800,1.0,1.0,170.54399999984486,170.54399999999998,0.2496382976911314,historical_extension
L100_Ts120_Tr35p0_dT5_F0p8_LP30,1.0,120.0,35.0,5.0,0.8,0.3,S2a,800,1201,800,800,1.0,1.0,170.54399999984486,170.54399999999998,0.1492867153942806,historical_extension
L100_Ts120_Tr35p0_dT5_F0p8_LP30,1.0,120.0,35.0,5.0,0.8,0.3,S2b,800,1201,800,800,1.0,1.0,170.54399999984486,170.54399999999998,0.1563556632874439,historical_extension
L100_Ts120_Tr35p0_dT5_F0p8_LP40,1.0,120.0,35.0,5.0,0.8,0.4,S1,800,1201,800,800,1.0,1.0,170.54399999984486,170.54399999999998,0.2496382976911314,historical_extension
L100_Ts120_Tr35p0_dT5_F0p8_LP40,1.0,120.0,35.0,5.0,0.8,0.4,S2a,800,1201,800,800,1.0,1.0,170.54399999984486,170.54399999999998,0.1492867153942806,historical_extension
L100_Ts120_Tr35p0_dT5_F0p8_LP40,1.0,120.0,35.0,5.0,0.8,0.4,S2b,800,1201,800,800,1.0,1.0,170.54399999984486,170.54399999999998,0.1563556632874439,historical_extension
L100_Ts120_Tr35p0_dT5_F0p8_LP45,1.0,120.0,35.0,5.0,0.8,0.45,S1,800,1201,800,800,1.0,1.0,170.54399999984486,170.54399999999998,0.2496382976911314,historical_extension
L100_Ts120_Tr35p0_dT5_F0p8_LP45,1.0,120.0,35.0,5.0,0.8,0.45,S2a,800,1201,800,800,1.0,1.0,170.54399999984486,170.54399999999998,0.1492867153942806,historical_extension
L100_Ts120_Tr35p0_dT5_F0p8_LP45,1.0,120.0,35.0,5.0,0.8,0.45,S2b,800,1201,800,800,1.0,1.0,170.54399999984486,170.54399999999998,0.1563556632874439,historical_extension
L100_Ts120_Tr35p0_dT5_F1p0_LP20,1.0,120.0,35.0,5.0,1.0,0.2,S1,800,1201,800,800,1.0,1.0,213.1799999998061,213.18,0.2481161510286865,historical_extension
L100_Ts120_Tr35p0_dT5_F1p0_LP20,1.0,120.0,35.0,5.0,1.0,0.2,S2a,800,1201,800,800,1.0,1.0,213.1799999998061,213.18,0.1495829725076827,historical_extension
L100_Ts120_Tr35p0_dT5_F1p0_LP20,1.0,120.0,35.0,5.0,1.0,0.2,S2b,800,1201,800,800,1.0,1.0,213.1799999998061,213.18,0.1573515739456311,historical_extension
L100_Ts120_Tr35p0_dT5_F1p0_LP30,1.0,120.0,35.0,5.0,1.0,0.3,S1,800,1201,800,800,1.0,1.0,213.1799999998061,213.18,0.2481161510286865,historical_extension
L100_Ts120_Tr35p0_dT5_F1p0_LP30,1.0,120.0,35.0,5.0,1.0,0.3,S2a,800,1201,800,800,1.0,1.0,213.1799999998061,213.18,0.1495829725076827,historical_extension
L100_Ts120_Tr35p0_dT5_F1p0_LP30,1.0,120.0,35.0,5.0,1.0,0.3,S2b,800,1201,800,800,1.0,1.0,213.1799999998061,213.18,0.1573515739456311,historical_extension
L100_Ts120_Tr35p0_dT5_F1p0_LP40,1.0,120.0,35.0,5.0,1.0,0.4,S1,800,1201,800,800,1.0,1.0,213.1799999998061,213.18,0.2481161510286865,historical_extension
L100_Ts120_Tr35p0_dT5_F1p0_LP40,1.0,120.0,35.0,5.0,1.0,0.4,S2a,800,1201,800,800,1.0,1.0,213.1799999998061,213.18,0.1495829725076827,historical_extension
L100_Ts120_Tr35p0_dT5_F1p0_LP40,1.0,120.0,35.0,5.0,1.0,0.4,S2b,800,1201,800,800,1.0,1.0,213.1799999998061,213.18,0.1573515739456311,historical_extension
L100_Ts120_Tr35p0_dT5_F1p0_LP45,1.0,120.0,35.0,5.0,1.0,0.45,S1,800,1201,800,800,1.0,1.0,213.1799999998061,213.18,0.2481161510286865,historical_extension
L100_Ts120_Tr35p0_dT5_F1p0_LP45,1.0,120.0,35.0,5.0,1.0,0.45,S2a,800,1201,800,800,1.0,1.0,213.1799999998061,213.18,0.1495829725076827,historical_extension
L100_Ts120_Tr35p0_dT5_F1p0_LP45,1.0,120.0,35.0,5.0,1.0,0.45,S2b,800,1201,800,800,1.0,1.0,213.1799999998061,213.18,0.1573515739456311,historical_extension
L100_Ts120_Tr35p0_dT5_F1p2_LP20,1.0,120.0,35.0,5.0,1.2,0.2,S1,800,1201,800,800,1.0,1.0,255.8159999997673,255.816,0.2465940043662418,historical_extension
L100_Ts120_Tr35p0_dT5_F1p2_LP20,1.0,120.0,35.0,5.0,1.2,0.2,S2a,800,1201,800,800,1.0,1.0,255.8159999997673,255.816,0.1499994738447074,historical_extension
L100_Ts120_Tr35p0_dT5_F1p2_LP20,1.0,120.0,35.0,5.0,1.2,0.2,S2b,800,1201,800,800,1.0,1.0,255.8159999997673,255.816,0.158506316519036,historical_extension
L100_Ts120_Tr35p0_dT5_F1p2_LP30,1.0,120.0,35.0,5.0,1.2,0.3,S1,800,1201,800,800,1.0,1.0,255.8159999997673,255.816,0.2465940043662418,historical_extension
L100_Ts120_Tr35p0_dT5_F1p2_LP30,1.0,120.0,35.0,5.0,1.2,0.3,S2a,800,1201,800,800,1.0,1.0,255.8159999997673,255.816,0.1499994738447074,historical_extension
L100_Ts120_Tr35p0_dT5_F1p2_LP30,1.0,120.0,35.0,5.0,1.2,0.3,S2b,800,1201,800,800,1.0,1.0,255.8159999997673,255.816,0.158506316519036,historical_extension
L100_Ts120_Tr35p0_dT5_F1p2_LP40,1.0,120.0,35.0,5.0,1.2,0.4,S1,800,1201,800,800,1.0,1.0,255.8159999997673,255.816,0.2465940043662418,historical_extension
L100_Ts120_Tr35p0_dT5_F1p2_LP40,1.0,120.0,35.0,5.0,1.2,0.4,S2a,800,1201,800,800,1.0,1.0,255.8159999997673,255.816,0.1499994738447074,historical_extension
L100_Ts120_Tr35p0_dT5_F1p2_LP40,1.0,120.0,35.0,5.0,1.2,0.4,S2b,800,1201,800,800,1.0,1.0,255.8159999997673,255.816,0.158506316519036,historical_extension
L100_Ts120_Tr35p0_dT5_F1p2_LP45,1.0,120.0,35.0,5.0,1.2,0.45,S1,800,1201,800,800,1.0,1.0,255.8159999997673,255.816,0.2465940043662418,historical_extension
L100_Ts120_Tr35p0_dT5_F1p2_LP45,1.0,120.0,35.0,5.0,1.2,0.45,S2a,800,1201,800,800,1.0,1.0,255.8159999997673,255.816,0.1499994738447074,historical_extension
L100_Ts120_Tr35p0_dT5_F1p2_LP45,1.0,120.0,35.0,5.0,1.2,0.45,S2b,800,1201,800,800,1.0,1.0,255.8159999997673,255.816,0.158506316519036,historical_extension
L100_Ts120_Tr35p0_dT10_F0p8_LP20,1.0,120.0,35.0,10.0,0.8,0.2,S1,800,1201,800,800,1.0,1.0,170.54399999984486,170.54399999999998,0.2496382976911314,historical_extension
L100_Ts120_Tr35p0_dT10_F0p8_LP20,1.0,120.0,35.0,10.0,0.8,0.2,S2a,800,1201,800,800,1.0,1.0,170.54399999984486,170.54399999999998,0.1526122719268628,historical_extension
L100_Ts120_Tr35p0_dT10_F0p8_LP20,1.0,120.0,35.0,10.0,0.8,0.2,S2b,800,1201,800,800,1.0,1.0,170.54399999984486,170.54399999999998,0.162206875489319,historical_extension
L100_Ts120_Tr35p0_dT10_F0p8_LP30,1.0,120.0,35.0,10.0,0.8,0.3,S1,800,1201,800,800,1.0,1.0,170.54399999984486,170.54399999999998,0.2496382976911314,historical_extension
L100_Ts120_Tr35p0_dT10_F0p8_LP30,1.0,120.0,35.0,10.0,0.8,0.3,S2a,800,1201,800,800,1.0,1.0,170.54399999984486,170.54399999999998,0.1526122719268628,historical_extension
L100_Ts120_Tr35p0_dT10_F0p8_LP30,1.0,120.0,35.0,10.0,0.8,0.3,S2b,800,1201,800,800,1.0,1.0,170.54399999984486,170.54399999999998,0.162206875489319,historical_extension
L100_Ts120_Tr35p0_dT10_F0p8_LP40,1.0,120.0,35.0,10.0,0.8,0.4,S1,800,1201,800,800,1.0,1.0,170.54399999984486,170.54399999999998,0.2496382976911314,historical_extension
L100_Ts120_Tr35p0_dT10_F0p8_LP40,1.0,120.0,35.0,10.0,0.8,0.4,S2a,800,1201,800,800,1.0,1.0,170.54399999984486,170.54399999999998,0.1526122719268628,historical_extension
L100_Ts120_Tr35p0_dT10_F0p8_LP40,1.0,120.0,35.0,10.0,0.8,0.4,S2b,800,1201,800,800,1.0,1.0,170.54399999984486,170.54399999999998,0.162206875489319,historical_extension
L100_Ts120_Tr35p0_dT10_F0p8_LP45,1.0,120.0,35.0,10.0,0.8,0.45,S1,800,1201,800,800,1.0,1.0,170.54399999984486,170.54399999999998,0.2496382976911314,historical_extension
L100_Ts120_Tr35p0_dT10_F0p8_LP45,1.0,120.0,35.0,10.0,0.8,0.45,S2a,800,1201,800,800,1.0,1.0,170.54399999984486,170.54399999999998,0.1526122719268628,historical_extension
L100_Ts120_Tr35p0_dT10_F0p8_LP45,1.0,120.0,35.0,10.0,0.8,0.45,S2b,800,1201,800,800,1.0,1.0,170.54399999984486,170.54399999999998,0.162206875489319,historical_extension
L100_Ts120_Tr35p0_dT10_F1p0_LP20,1.0,120.0,35.0,10.0,1.0,0.2,S1,800,1201,800,800,1.0,1.0,213.1799999998061,213.18,0.2481161510286865,historical_extension
L100_Ts120_Tr35p0_dT10_F1p0_LP20,1.0,120.0,35.0,10.0,1.0,0.2,S2a,800,1201,800,800,1.0,1.0,213.1799999998061,213.18,0.1530733002290134,historical_extension
L100_Ts120_Tr35p0_dT10_F1p0_LP20,1.0,120.0,35.0,10.0,1.0,0.2,S2b,800,1201,800,800,1.0,1.0,213.1799999998061,213.18,0.1634345276624879,historical_extension
L100_Ts120_Tr35p0_dT10_F1p0_LP30,1.0,120.0,35.0,10.0,1.0,0.3,S1,800,1201,800,800,1.0,1.0,213.1799999998061,213.18,0.2481161510286865,historical_extension
L100_Ts120_Tr35p0_dT10_F1p0_LP30,1.0,120.0,35.0,10.0,1.0,0.3,S2a,800,1201,800,800,1.0,1.0,213.1799999998061,213.18,0.1530733002290134,historical_extension
L100_Ts120_Tr35p0_dT10_F1p0_LP30,1.0,120.0,35.0,10.0,1.0,0.3,S2b,800,1201,800,800,1.0,1.0,213.1799999998061,213.18,0.1634345276624879,historical_extension
L100_Ts120_Tr35p0_dT10_F1p0_LP40,1.0,120.0,35.0,10.0,1.0,0.4,S1,800,1201,800,800,1.0,1.0,213.1799999998061,213.18,0.2481161510286865,historical_extension
L100_Ts120_Tr35p0_dT10_F1p0_LP40,1.0,120.0,35.0,10.0,1.0,0.4,S2a,800,1201,800,800,1.0,1.0,213.1799999998061,213.18,0.1530733002290134,historical_extension
L100_Ts120_Tr35p0_dT10_F1p0_LP40,1.0,120.0,35.0,10.0,1.0,0.4,S2b,800,1201,800,800,1.0,1.0,213.1799999998061,213.18,0.1634345276624879,historical_extension
L100_Ts120_Tr35p0_dT10_F1p0_LP45,1.0,120.0,35.0,10.0,1.0,0.45,S1,800,1201,800,800,1.0,1.0,213.1799999998061,213.18,0.2481161510286865,historical_extension
L100_Ts120_Tr35p0_dT10_F1p0_LP45,1.0,120.0,35.0,10.0,1.0,0.45,S2a,800,1201,800,800,1.0,1.0,213.1799999998061,213.18,0.1530733002290134,historical_extension
L100_Ts120_Tr35p0_dT10_F1p0_LP45,1.0,120.0,35.0,10.0,1.0,0.45,S2b,800,1201,800,800,1.0,1.0,213.1799999998061,213.18,0.1634345276624879,historical_extension
L100_Ts120_Tr35p0_dT10_F1p2_LP20,1.0,120.0,35.0,10.0,1.2,0.2,S1,800,1201,800,800,1.0,1.0,255.8159999997673,255.816,0.2465940043662418,historical_extension
L100_Ts120_Tr35p0_dT10_F1p2_LP20,1.0,120.0,35.0,10.0,1.2,0.2,S2a,800,1201,800,800,1.0,1.0,255.8159999997673,255.816,0.1536456425942596,historical_extension
L100_Ts120_Tr35p0_dT10_F1p2_LP20,1.0,120.0,35.0,10.0,1.2,0.2,S2b,800,1201,800,800,1.0,1.0,255.8159999997673,255.816,0.1648110670675596,historical_extension
L100_Ts120_Tr35p0_dT10_F1p2_LP30,1.0,120.0,35.0,10.0,1.2,0.3,S1,800,1201,800,800,1.0,1.0,255.8159999997673,255.816,0.2465940043662418,historical_extension
L100_Ts120_Tr35p0_dT10_F1p2_LP30,1.0,120.0,35.0,10.0,1.2,0.3,S2a,800,1201,800,800,1.0,1.0,255.8159999997673,255.816,0.1536456425942596,historical_extension
L100_Ts120_Tr35p0_dT10_F1p2_LP30,1.0,120.0,35.0,10.0,1.2,0.3,S2b,800,1201,800,800,1.0,1.0,255.8159999997673,255.816,0.1648110670675596,historical_extension
L100_Ts120_Tr35p0_dT10_F1p2_LP40,1.0,120.0,35.0,10.0,1.2,0.4,S1,800,1201,800,800,1.0,1.0,255.8159999997673,255.816,0.2465940043662418,historical_extension
L100_Ts120_Tr35p0_dT10_F1p2_LP40,1.0,120.0,35.0,10.0,1.2,0.4,S2a,800,1201,800,800,1.0,1.0,255.8159999997673,255.816,0.1536456425942596,historical_extension
L100_Ts120_Tr35p0_dT10_F1p2_LP40,1.0,120.0,35.0,10.0,1.2,0.4,S2b,800,1201,800,800,1.0,1.0,255.8159999997673,255.816,0.1648110670675596,historical_extension
L100_Ts120_Tr35p0_dT10_F1p2_LP45,1.0,120.0,35.0,10.0,1.2,0.45,S1,800,1201,800,800,1.0,1.0,255.8159999997673,255.816,0.2465940043662418,historical_extension
L100_Ts120_Tr35p0_dT10_F1p2_LP45,1.0,120.0,35.0,10.0,1.2,0.45,S2a,800,1201,800,800,1.0,1.0,255.8159999997673,255.816,0.1536456425942596,historical_extension
L100_Ts120_Tr35p0_dT10_F1p2_LP45,1.0,120.0,35.0,10.0,1.2,0.45,S2b,800,1201,800,800,1.0,1.0,255.8159999997673,255.816,0.1648110670675596,historical_extension
L100_Ts120_Tr35p0_dT15_F0p8_LP20,1.0,120.0,35.0,15.0,0.8,0.2,S1,800,1201,800,800,1.0,1.0,170.54399999984486,170.54399999999998,0.2496382976911314,historical_extension
L100_Ts120_Tr35p0_dT15_F0p8_LP20,1.0,120.0,35.0,15.0,0.8,0.2,S2a,800,1201,800,800,1.0,1.0,170.54399999984486,170.54399999999998,0.1565094209372557,historical_extension
L100_Ts120_Tr35p0_dT15_F0p8_LP20,1.0,120.0,35.0,15.0,0.8,0.2,S2b,800,1201,800,800,1.0,1.0,170.54399999984486,170.54399999999998,0.1691056400008072,historical_extension
L100_Ts120_Tr35p0_dT15_F0p8_LP30,1.0,120.0,35.0,15.0,0.8,0.3,S1,800,1201,800,800,1.0,1.0,170.54399999984486,170.54399999999998,0.2496382976911314,historical_extension
L100_Ts120_Tr35p0_dT15_F0p8_LP30,1.0,120.0,35.0,15.0,0.8,0.3,S2a,800,1201,800,800,1.0,1.0,170.54399999984486,170.54399999999998,0.1565094209372557,historical_extension
L100_Ts120_Tr35p0_dT15_F0p8_LP30,1.0,120.0,35.0,15.0,0.8,0.3,S2b,800,1201,800,800,1.0,1.0,170.54399999984486,170.54399999999998,0.1691056400008072,historical_extension
L100_Ts120_Tr35p0_dT15_F0p8_LP40,1.0,120.0,35.0,15.0,0.8,0.4,S1,800,1201,800,800,1.0,1.0,170.54399999984486,170.54399999999998,0.2496382976911314,historical_extension
L100_Ts120_Tr35p0_dT15_F0p8_LP40,1.0,120.0,35.0,15.0,0.8,0.4,S2a,800,1201,800,800,1.0,1.0,170.54399999984486,170.54399999999998,0.1565094209372557,historical_extension
L100_Ts120_Tr35p0_dT15_F0p8_LP40,1.0,120.0,35.0,15.0,0.8,0.4,S2b,800,1201,800,800,1.0,1.0,170.54399999984486,170.54399999999998,0.1691056400008072,historical_extension
L100_Ts120_Tr35p0_dT15_F0p8_LP45,1.0,120.0,35.0,15.0,0.8,0.45,S1,800,1201,800,800,1.0,1.0,170.54399999984486,170.54399999999998,0.2496382976911314,historical_extension
L100_Ts120_Tr35p0_dT15_F0p8_LP45,1.0,120.0,35.0,15.0,0.8,0.45,S2a,800,1201,800,800,1.0,1.0,170.54399999984486,170.54399999999998,0.1565094209372557,historical_extension
L100_Ts120_Tr35p0_dT15_F0p8_LP45,1.0,120.0,35.0,15.0,0.8,0.45,S2b,800,1201,800,800,1.0,1.0,170.54399999984486,170.54399999999998,0.1691056400008072,historical_extension
L100_Ts120_Tr35p0_dT15_F1p0_LP20,1.0,120.0,35.0,15.0,1.0,0.2,S1,800,1201,800,800,1.0,1.0,213.1799999998061,213.18,0.2481161510286865,historical_extension
L100_Ts120_Tr35p0_dT15_F1p0_LP20,1.0,120.0,35.0,15.0,1.0,0.2,S2a,800,1201,800,800,1.0,1.0,213.1799999998061,213.18,0.1571217904448417,historical_extension
L100_Ts120_Tr35p0_dT15_F1p0_LP20,1.0,120.0,35.0,15.0,1.0,0.2,S2b,800,1201,800,800,1.0,1.0,213.1799999998061,213.18,0.1705487000233686,historical_extension
L100_Ts120_Tr35p0_dT15_F1p0_LP30,1.0,120.0,35.0,15.0,1.0,0.3,S1,800,1201,800,800,1.0,1.0,213.1799999998061,213.18,0.2481161510286865,historical_extension
L100_Ts120_Tr35p0_dT15_F1p0_LP30,1.0,120.0,35.0,15.0,1.0,0.3,S2a,800,1201,800,800,1.0,1.0,213.1799999998061,213.18,0.1571217904448417,historical_extension
L100_Ts120_Tr35p0_dT15_F1p0_LP30,1.0,120.0,35.0,15.0,1.0,0.3,S2b,800,1201,800,800,1.0,1.0,213.1799999998061,213.18,0.1705487000233686,historical_extension
L100_Ts120_Tr35p0_dT15_F1p0_LP40,1.0,120.0,35.0,15.0,1.0,0.4,S1,800,1201,800,800,1.0,1.0,213.1799999998061,213.18,0.2481161510286865,historical_extension
L100_Ts120_Tr35p0_dT15_F1p0_LP40,1.0,120.0,35.0,15.0,1.0,0.4,S2a,800,1201,800,800,1.0,1.0,213.1799999998061,213.18,0.1571217904448417,historical_extension
L100_Ts120_Tr35p0_dT15_F1p0_LP40,1.0,120.0,35.0,15.0,1.0,0.4,S2b,800,1201,800,800,1.0,1.0,213.1799999998061,213.18,0.1705487000233686,historical_extension
L100_Ts120_Tr35p0_dT15_F1p0_LP45,1.0,120.0,35.0,15.0,1.0,0.45,S1,800,1201,800,800,1.0,1.0,213.1799999998061,213.18,0.2481161510286865,historical_extension
L100_Ts120_Tr35p0_dT15_F1p0_LP45,1.0,120.0,35.0,15.0,1.0,0.45,S2a,800,1201,800,800,1.0,1.0,213.1799999998061,213.18,0.1571217904448417,historical_extension
L100_Ts120_Tr35p0_dT15_F1p0_LP45,1.0,120.0,35.0,15.0,1.0,0.45,S2b,800,1201,800,800,1.0,1.0,213.1799999998061,213.18,0.1705487000233686,historical_extension
L100_Ts120_Tr35p0_dT15_F1p2_LP20,1.0,120.0,35.0,15.0,1.2,0.2,S1,800,1201,800,800,1.0,1.0,255.8159999997673,255.816,0.2465940043662418,historical_extension
L100_Ts120_Tr35p0_dT15_F1p2_LP20,1.0,120.0,35.0,15.0,1.2,0.2,S2a,800,1201,800,800,1.0,1.0,255.8159999997673,255.816,0.157828834962,historical_extension
L100_Ts120_Tr35p0_dT15_F1p2_LP20,1.0,120.0,35.0,15.0,1.2,0.2,S2b,800,1201,800,800,1.0,1.0,255.8159999997673,255.816,0.17212193349051,historical_extension
L100_Ts120_Tr35p0_dT15_F1p2_LP30,1.0,120.0,35.0,15.0,1.2,0.3,S1,800,1201,800,800,1.0,1.0,255.8159999997673,255.816,0.2465940043662418,historical_extension
L100_Ts120_Tr35p0_dT15_F1p2_LP30,1.0,120.0,35.0,15.0,1.2,0.3,S2a,800,1201,800,800,1.0,1.0,255.8159999997673,255.816,0.157828834962,historical_extension
L100_Ts120_Tr35p0_dT15_F1p2_LP30,1.0,120.0,35.0,15.0,1.2,0.3,S2b,800,1201,800,800,1.0,1.0,255.8159999997673,255.816,0.17212193349051,historical_extension
L100_Ts120_Tr35p0_dT15_F1p2_LP40,1.0,120.0,35.0,15.0,1.2,0.4,S1,800,1201,800,800,1.0,1.0,255.8159999997673,255.816,0.2465940043662418,historical_extension
L100_Ts120_Tr35p0_dT15_F1p2_LP40,1.0,120.0,35.0,15.0,1.2,0.4,S2a,800,1201,800,800,1.0,1.0,255.8159999997673,255.816,0.157828834962,historical_extension
L100_Ts120_Tr35p0_dT15_F1p2_LP40,1.0,120.0,35.0,15.0,1.2,0.4,S2b,800,1201,800,800,1.0,1.0,255.8159999997673,255.816,0.17212193349051,historical_extension
L100_Ts120_Tr35p0_dT15_F1p2_LP45,1.0,120.0,35.0,15.0,1.2,0.45,S1,800,1201,800,800,1.0,1.0,255.8159999997673,255.816,0.2465940043662418,historical_extension
L100_Ts120_Tr35p0_dT15_F1p2_LP45,1.0,120.0,35.0,15.0,1.2,0.45,S2a,800,1201,800,800,1.0,1.0,255.8159999997673,255.816,0.157828834962,historical_extension
L100_Ts120_Tr35p0_dT15_F1p2_LP45,1.0,120.0,35.0,15.0,1.2,0.45,S2b,800,1201,800,800,1.0,1.0,255.8159999997673,255.816,0.17212193349051,historical_extension
L100_Ts120_Tr41p44_dT5_F0p8_LP20,1.0,120.0,41.44,5.0,0.8,0.2,S1,800,1201,800,800,1.0,1.0,157.6227839998567,157.622784,0.2500995976678911,historical_extension
L100_Ts120_Tr41p44_dT5_F0p8_LP20,1.0,120.0,41.44,5.0,0.8,0.2,S2a,800,1201,800,800,1.0,1.0,157.6227839998567,157.622784,0.1507992523997337,historical_extension
L100_Ts120_Tr41p44_dT5_F0p8_LP20,1.0,120.0,41.44,5.0,0.8,0.2,S2b,800,1201,800,800,1.0,1.0,157.6227839998567,157.622784,0.1588566708766063,historical_extension
L100_Ts120_Tr41p44_dT5_F0p8_LP30,1.0,120.0,41.44,5.0,0.8,0.3,S1,800,1201,800,800,1.0,1.0,157.6227839998567,157.622784,0.2500995976678911,historical_extension
L100_Ts120_Tr41p44_dT5_F0p8_LP30,1.0,120.0,41.44,5.0,0.8,0.3,S2a,800,1201,800,800,1.0,1.0,157.6227839998567,157.622784,0.1507992523997337,historical_extension
L100_Ts120_Tr41p44_dT5_F0p8_LP30,1.0,120.0,41.44,5.0,0.8,0.3,S2b,800,1201,800,800,1.0,1.0,157.6227839998567,157.622784,0.1588566708766063,historical_extension
L100_Ts120_Tr41p44_dT5_F0p8_LP40,1.0,120.0,41.44,5.0,0.8,0.4,S1,800,1201,800,800,1.0,1.0,157.6227839998567,157.622784,0.2500995976678911,historical_extension
L100_Ts120_Tr41p44_dT5_F0p8_LP40,1.0,120.0,41.44,5.0,0.8,0.4,S2a,800,1201,800,800,1.0,1.0,157.6227839998567,157.622784,0.1507992523997337,historical_extension
L100_Ts120_Tr41p44_dT5_F0p8_LP40,1.0,120.0,41.44,5.0,0.8,0.4,S2b,800,1201,800,800,1.0,1.0,157.6227839998567,157.622784,0.1588566708766063,historical_extension
L100_Ts120_Tr41p44_dT5_F0p8_LP45,1.0,120.0,41.44,5.0,0.8,0.45,S1,800,1201,800,800,1.0,1.0,157.6227839998567,157.622784,0.2500995976678911,historical_extension
L100_Ts120_Tr41p44_dT5_F0p8_LP45,1.0,120.0,41.44,5.0,0.8,0.45,S2a,800,1201,800,800,1.0,1.0,157.6227839998567,157.622784,0.1507992523997337,historical_extension
L100_Ts120_Tr41p44_dT5_F0p8_LP45,1.0,120.0,41.44,5.0,0.8,0.45,S2b,800,1201,800,800,1.0,1.0,157.6227839998567,157.622784,0.1588566708766063,historical_extension
L100_Ts120_Tr41p44_dT5_F1p0_LP20,1.0,120.0,41.44,5.0,1.0,0.2,S1,800,1201,800,800,1.0,1.0,197.0284799998208,197.02848000000003,0.2486927759996362,historical_extension
L100_Ts120_Tr41p44_dT5_F1p0_LP20,1.0,120.0,41.44,5.0,1.0,0.2,S2a,800,1201,800,800,1.0,1.0,197.0284799998208,197.02848000000003,0.1511990279268321,historical_extension
L100_Ts120_Tr41p44_dT5_F1p0_LP20,1.0,120.0,41.44,5.0,1.0,0.2,S2b,800,1201,800,800,1.0,1.0,197.0284799998208,197.02848000000003,0.1599778647284326,historical_extension
L100_Ts120_Tr41p44_dT5_F1p0_LP30,1.0,120.0,41.44,5.0,1.0,0.3,S1,800,1201,800,800,1.0,1.0,197.0284799998208,197.02848000000003,0.2486927759996362,historical_extension
L100_Ts120_Tr41p44_dT5_F1p0_LP30,1.0,120.0,41.44,5.0,1.0,0.3,S2a,800,1201,800,800,1.0,1.0,197.0284799998208,197.02848000000003,0.1511990279268321,historical_extension
L100_Ts120_Tr41p44_dT5_F1p0_LP30,1.0,120.0,41.44,5.0,1.0,0.3,S2b,800,1201,800,800,1.0,1.0,197.0284799998208,197.02848000000003,0.1599778647284326,historical_extension
L100_Ts120_Tr41p44_dT5_F1p0_LP40,1.0,120.0,41.44,5.0,1.0,0.4,S1,800,1201,800,800,1.0,1.0,197.0284799998208,197.02848000000003,0.2486927759996362,historical_extension
L100_Ts120_Tr41p44_dT5_F1p0_LP40,1.0,120.0,41.44,5.0,1.0,0.4,S2a,800,1201,800,800,1.0,1.0,197.0284799998208,197.02848000000003,0.1511990279268321,historical_extension
L100_Ts120_Tr41p44_dT5_F1p0_LP40,1.0,120.0,41.44,5.0,1.0,0.4,S2b,800,1201,800,800,1.0,1.0,197.0284799998208,197.02848000000003,0.1599778647284326,historical_extension
L100_Ts120_Tr41p44_dT5_F1p0_LP45,1.0,120.0,41.44,5.0,1.0,0.45,S1,800,1201,800,800,1.0,1.0,197.0284799998208,197.02848000000003,0.2486927759996362,historical_extension
L100_Ts120_Tr41p44_dT5_F1p0_LP45,1.0,120.0,41.44,5.0,1.0,0.45,S2a,800,1201,800,800,1.0,1.0,197.0284799998208,197.02848000000003,0.1511990279268321,historical_extension
L100_Ts120_Tr41p44_dT5_F1p0_LP45,1.0,120.0,41.44,5.0,1.0,0.45,S2b,800,1201,800,800,1.0,1.0,197.0284799998208,197.02848000000003,0.1599778647284326,historical_extension
L100_Ts120_Tr41p44_dT5_F1p2_LP20,1.0,120.0,41.44,5.0,1.2,0.2,S1,800,1201,800,800,1.0,1.0,236.4341759997849,236.434176,0.2472859543313814,historical_extension
L100_Ts120_Tr41p44_dT5_F1p2_LP20,1.0,120.0,41.44,5.0,1.2,0.2,S2a,800,1201,800,800,1.0,1.0,236.4341759997849,236.434176,0.1517040230814731,historical_extension
L100_Ts120_Tr41p44_dT5_F1p2_LP20,1.0,120.0,41.44,5.0,1.2,0.2,S2b,800,1201,800,800,1.0,1.0,236.4341759997849,236.434176,0.1612404777618802,historical_extension
L100_Ts120_Tr41p44_dT5_F1p2_LP30,1.0,120.0,41.44,5.0,1.2,0.3,S1,800,1201,800,800,1.0,1.0,236.4341759997849,236.434176,0.2472859543313814,historical_extension
L100_Ts120_Tr41p44_dT5_F1p2_LP30,1.0,120.0,41.44,5.0,1.2,0.3,S2a,800,1201,800,800,1.0,1.0,236.4341759997849,236.434176,0.1517040230814731,historical_extension
L100_Ts120_Tr41p44_dT5_F1p2_LP30,1.0,120.0,41.44,5.0,1.2,0.3,S2b,800,1201,800,800,1.0,1.0,236.4341759997849,236.434176,0.1612404777618802,historical_extension
L100_Ts120_Tr41p44_dT5_F1p2_LP40,1.0,120.0,41.44,5.0,1.2,0.4,S1,800,1201,800,800,1.0,1.0,236.4341759997849,236.434176,0.2472859543313814,historical_extension
L100_Ts120_Tr41p44_dT5_F1p2_LP40,1.0,120.0,41.44,5.0,1.2,0.4,S2a,800,1201,800,800,1.0,1.0,236.4341759997849,236.434176,0.1517040230814731,historical_extension
L100_Ts120_Tr41p44_dT5_F1p2_LP40,1.0,120.0,41.44,5.0,1.2,0.4,S2b,800,1201,800,800,1.0,1.0,236.4341759997849,236.434176,0.1612404777618802,historical_extension
L100_Ts120_Tr41p44_dT5_F1p2_LP45,1.0,120.0,41.44,5.0,1.2,0.45,S1,800,1201,800,800,1.0,1.0,236.4341759997849,236.434176,0.2472859543313814,historical_extension
L100_Ts120_Tr41p44_dT5_F1p2_LP45,1.0,120.0,41.44,5.0,1.2,0.45,S2a,800,1201,800,800,1.0,1.0,236.4341759997849,236.434176,0.1517040230814731,historical_extension
L100_Ts120_Tr41p44_dT5_F1p2_LP45,1.0,120.0,41.44,5.0,1.2,0.45,S2b,800,1201,800,800,1.0,1.0,236.4341759997849,236.434176,0.1612404777618802,historical_extension
L100_Ts120_Tr41p44_dT10_F0p8_LP20,1.0,120.0,41.44,10.0,0.8,0.2,S1,800,1201,800,800,1.0,1.0,157.6227839998567,157.622784,0.2500995976678911,historical_extension
L100_Ts120_Tr41p44_dT10_F0p8_LP20,1.0,120.0,41.44,10.0,0.8,0.2,S2a,800,1201,800,800,1.0,1.0,157.6227839998567,157.622784,0.1546594319186894,historical_extension
L100_Ts120_Tr41p44_dT10_F0p8_LP20,1.0,120.0,41.44,10.0,0.8,0.2,S2b,800,1201,800,800,1.0,1.0,157.6227839998567,157.622784,0.165678492590425,historical_extension
L100_Ts120_Tr41p44_dT10_F0p8_LP30,1.0,120.0,41.44,10.0,0.8,0.3,S1,800,1201,800,800,1.0,1.0,157.6227839998567,157.622784,0.2500995976678911,historical_extension
L100_Ts120_Tr41p44_dT10_F0p8_LP30,1.0,120.0,41.44,10.0,0.8,0.3,S2a,800,1201,800,800,1.0,1.0,157.6227839998567,157.622784,0.1546594319186894,historical_extension
L100_Ts120_Tr41p44_dT10_F0p8_LP30,1.0,120.0,41.44,10.0,0.8,0.3,S2b,800,1201,800,800,1.0,1.0,157.6227839998567,157.622784,0.165678492590425,historical_extension
L100_Ts120_Tr41p44_dT10_F0p8_LP40,1.0,120.0,41.44,10.0,0.8,0.4,S1,800,1201,800,800,1.0,1.0,157.6227839998567,157.622784,0.2500995976678911,historical_extension
L100_Ts120_Tr41p44_dT10_F0p8_LP40,1.0,120.0,41.44,10.0,0.8,0.4,S2a,800,1201,800,800,1.0,1.0,157.6227839998567,157.622784,0.1546594319186894,historical_extension
L100_Ts120_Tr41p44_dT10_F0p8_LP40,1.0,120.0,41.44,10.0,0.8,0.4,S2b,800,1201,800,800,1.0,1.0,157.6227839998567,157.622784,0.165678492590425,historical_extension
L100_Ts120_Tr41p44_dT10_F0p8_LP45,1.0,120.0,41.44,10.0,0.8,0.45,S1,800,1201,800,800,1.0,1.0,157.6227839998567,157.622784,0.2500995976678911,historical_extension
L100_Ts120_Tr41p44_dT10_F0p8_LP45,1.0,120.0,41.44,10.0,0.8,0.45,S2a,800,1201,800,800,1.0,1.0,157.6227839998567,157.622784,0.1546594319186894,historical_extension
L100_Ts120_Tr41p44_dT10_F0p8_LP45,1.0,120.0,41.44,10.0,0.8,0.45,S2b,800,1201,800,800,1.0,1.0,157.6227839998567,157.622784,0.165678492590425,historical_extension
L100_Ts120_Tr41p44_dT10_F1p0_LP20,1.0,120.0,41.44,10.0,1.0,0.2,S1,800,1201,800,800,1.0,1.0,197.0284799998208,197.02848000000003,0.2486927759996362,historical_extension
L100_Ts120_Tr41p44_dT10_F1p0_LP20,1.0,120.0,41.44,10.0,1.0,0.2,S2a,800,1201,800,800,1.0,1.0,197.0284799998208,197.02848000000003,0.1552267993466072,historical_extension
L100_Ts120_Tr41p44_dT10_F1p0_LP20,1.0,120.0,41.44,10.0,1.0,0.2,S2b,800,1201,800,800,1.0,1.0,197.0284799998208,197.02848000000003,0.1670435022219293,historical_extension
L100_Ts120_Tr41p44_dT10_F1p0_LP30,1.0,120.0,41.44,10.0,1.0,0.3,S1,800,1201,800,800,1.0,1.0,197.0284799998208,197.02848000000003,0.2486927759996362,historical_extension
L100_Ts120_Tr41p44_dT10_F1p0_LP30,1.0,120.0,41.44,10.0,1.0,0.3,S2a,800,1201,800,800,1.0,1.0,197.0284799998208,197.02848000000003,0.1552267993466072,historical_extension
L100_Ts120_Tr41p44_dT10_F1p0_LP30,1.0,120.0,41.44,10.0,1.0,0.3,S2b,800,1201,800,800,1.0,1.0,197.0284799998208,197.02848000000003,0.1670435022219293,historical_extension
L100_Ts120_Tr41p44_dT10_F1p0_LP40,1.0,120.0,41.44,10.0,1.0,0.4,S1,800,1201,800,800,1.0,1.0,197.0284799998208,197.02848000000003,0.2486927759996362,historical_extension
L100_Ts120_Tr41p44_dT10_F1p0_LP40,1.0,120.0,41.44,10.0,1.0,0.4,S2a,800,1201,800,800,1.0,1.0,197.0284799998208,197.02848000000003,0.1552267993466072,historical_extension
L100_Ts120_Tr41p44_dT10_F1p0_LP40,1.0,120.0,41.44,10.0,1.0,0.4,S2b,800,1201,800,800,1.0,1.0,197.0284799998208,197.02848000000003,0.1670435022219293,historical_extension
L100_Ts120_Tr41p44_dT10_F1p0_LP45,1.0,120.0,41.44,10.0,1.0,0.45,S1,800,1201,800,800,1.0,1.0,197.0284799998208,197.02848000000003,0.2486927759996362,historical_extension
L100_Ts120_Tr41p44_dT10_F1p0_LP45,1.0,120.0,41.44,10.0,1.0,0.45,S2a,800,1201,800,800,1.0,1.0,197.0284799998208,197.02848000000003,0.1552267993466072,historical_extension
L100_Ts120_Tr41p44_dT10_F1p0_LP45,1.0,120.0,41.44,10.0,1.0,0.45,S2b,800,1201,800,800,1.0,1.0,197.0284799998208,197.02848000000003,0.1670435022219293,historical_extension
L100_Ts120_Tr41p44_dT10_F1p2_LP20,1.0,120.0,41.44,10.0,1.2,0.2,S1,800,1201,800,800,1.0,1.0,236.4341759997849,236.434176,0.2472859543313814,historical_extension
L100_Ts120_Tr41p44_dT10_F1p2_LP20,1.0,120.0,41.44,10.0,1.2,0.2,S2a,800,1201,800,800,1.0,1.0,236.4341759997849,236.434176,0.1558874823131672,historical_extension
L100_Ts120_Tr41p44_dT10_F1p2_LP20,1.0,120.0,41.44,10.0,1.2,0.2,S2b,800,1201,800,800,1.0,1.0,236.4341759997849,236.434176,0.1685358859445142,historical_extension
L100_Ts120_Tr41p44_dT10_F1p2_LP30,1.0,120.0,41.44,10.0,1.2,0.3,S1,800,1201,800,800,1.0,1.0,236.4341759997849,236.434176,0.2472859543313814,historical_extension
L100_Ts120_Tr41p44_dT10_F1p2_LP30,1.0,120.0,41.44,10.0,1.2,0.3,S2a,800,1201,800,800,1.0,1.0,236.4341759997849,236.434176,0.1558874823131672,historical_extension
L100_Ts120_Tr41p44_dT10_F1p2_LP30,1.0,120.0,41.44,10.0,1.2,0.3,S2b,800,1201,800,800,1.0,1.0,236.4341759997849,236.434176,0.1685358859445142,historical_extension
L100_Ts120_Tr41p44_dT10_F1p2_LP40,1.0,120.0,41.44,10.0,1.2,0.4,S1,800,1201,800,800,1.0,1.0,236.4341759997849,236.434176,0.2472859543313814,historical_extension
L100_Ts120_Tr41p44_dT10_F1p2_LP40,1.0,120.0,41.44,10.0,1.2,0.4,S2a,800,1201,800,800,1.0,1.0,236.4341759997849,236.434176,0.1558874823131672,historical_extension
L100_Ts120_Tr41p44_dT10_F1p2_LP40,1.0,120.0,41.44,10.0,1.2,0.4,S2b,800,1201,800,800,1.0,1.0,236.4341759997849,236.434176,0.1685358859445142,historical_extension
L100_Ts120_Tr41p44_dT10_F1p2_LP45,1.0,120.0,41.44,10.0,1.2,0.45,S1,800,1201,800,800,1.0,1.0,236.4341759997849,236.434176,0.2472859543313814,historical_extension
L100_Ts120_Tr41p44_dT10_F1p2_LP45,1.0,120.0,41.44,10.0,1.2,0.45,S2a,800,1201,800,800,1.0,1.0,236.4341759997849,236.434176,0.1558874823131672,historical_extension
L100_Ts120_Tr41p44_dT10_F1p2_LP45,1.0,120.0,41.44,10.0,1.2,0.45,S2b,800,1201,800,800,1.0,1.0,236.4341759997849,236.434176,0.1685358859445142,historical_extension
L100_Ts120_Tr41p44_dT15_F0p8_LP20,1.0,120.0,41.44,15.0,0.8,0.2,S1,800,1201,800,800,1.0,1.0,157.6227839998567,157.622784,0.2500995976678911,historical_extension
L100_Ts120_Tr41p44_dT15_F0p8_LP20,1.0,120.0,41.44,15.0,0.8,0.2,S2a,800,1201,800,800,1.0,1.0,157.6227839998567,157.622784,0.1592158982961082,historical_extension
L100_Ts120_Tr41p44_dT15_F0p8_LP20,1.0,120.0,41.44,15.0,0.8,0.2,S2b,800,1201,800,800,1.0,1.0,157.6227839998567,157.622784,0.1737908721281661,historical_extension
L100_Ts120_Tr41p44_dT15_F0p8_LP30,1.0,120.0,41.44,15.0,0.8,0.3,S1,800,1201,800,800,1.0,1.0,157.6227839998567,157.622784,0.2500995976678911,historical_extension
L100_Ts120_Tr41p44_dT15_F0p8_LP30,1.0,120.0,41.44,15.0,0.8,0.3,S2a,800,1201,800,800,1.0,1.0,157.6227839998567,157.622784,0.1592158982961082,historical_extension
L100_Ts120_Tr41p44_dT15_F0p8_LP30,1.0,120.0,41.44,15.0,0.8,0.3,S2b,800,1201,800,800,1.0,1.0,157.6227839998567,157.622784,0.1737908721281661,historical_extension
L100_Ts120_Tr41p44_dT15_F0p8_LP40,1.0,120.0,41.44,15.0,0.8,0.4,S1,800,1201,800,800,1.0,1.0,157.6227839998567,157.622784,0.2500995976678911,historical_extension
L100_Ts120_Tr41p44_dT15_F0p8_LP40,1.0,120.0,41.44,15.0,0.8,0.4,S2a,800,1201,800,800,1.0,1.0,157.6227839998567,157.622784,0.1592158982961082,historical_extension
L100_Ts120_Tr41p44_dT15_F0p8_LP40,1.0,120.0,41.44,15.0,0.8,0.4,S2b,800,1201,800,800,1.0,1.0,157.6227839998567,157.622784,0.1737908721281661,historical_extension
L100_Ts120_Tr41p44_dT15_F0p8_LP45,1.0,120.0,41.44,15.0,0.8,0.45,S1,800,1201,800,800,1.0,1.0,157.6227839998567,157.622784,0.2500995976678911,historical_extension
L100_Ts120_Tr41p44_dT15_F0p8_LP45,1.0,120.0,41.44,15.0,0.8,0.45,S2a,800,1201,800,800,1.0,1.0,157.6227839998567,157.622784,0.1592158982961082,historical_extension
L100_Ts120_Tr41p44_dT15_F0p8_LP45,1.0,120.0,41.44,15.0,0.8,0.45,S2b,800,1201,800,800,1.0,1.0,157.6227839998567,157.622784,0.1737908721281661,historical_extension
L100_Ts120_Tr41p44_dT15_F1p0_LP20,1.0,120.0,41.44,15.0,1.0,0.2,S1,800,1201,800,800,1.0,1.0,197.0284799998208,197.02848000000003,0.2486927759996362,historical_extension
L100_Ts120_Tr41p44_dT15_F1p0_LP20,1.0,120.0,41.44,15.0,1.0,0.2,S2a,800,1201,800,800,1.0,1.0,197.0284799998208,197.02848000000003,0.1599335709157222,historical_extension
L100_Ts120_Tr41p44_dT15_F1p0_LP20,1.0,120.0,41.44,15.0,1.0,0.2,S2b,800,1201,800,800,1.0,1.0,197.0284799998208,197.02848000000003,0.1753703274618318,historical_extension
L100_Ts120_Tr41p44_dT15_F1p0_LP30,1.0,120.0,41.44,15.0,1.0,0.3,S1,800,1201,800,800,1.0,1.0,197.0284799998208,197.02848000000003,0.2486927759996362,historical_extension
L100_Ts120_Tr41p44_dT15_F1p0_LP30,1.0,120.0,41.44,15.0,1.0,0.3,S2a,800,1201,800,800,1.0,1.0,197.0284799998208,197.02848000000003,0.1599335709157222,historical_extension
L100_Ts120_Tr41p44_dT15_F1p0_LP30,1.0,120.0,41.44,15.0,1.0,0.3,S2b,800,1201,800,800,1.0,1.0,197.0284799998208,197.02848000000003,0.1753703274618318,historical_extension
L100_Ts120_Tr41p44_dT15_F1p0_LP40,1.0,120.0,41.44,15.0,1.0,0.4,S1,800,1201,800,800,1.0,1.0,197.0284799998208,197.02848000000003,0.2486927759996362,historical_extension
L100_Ts120_Tr41p44_dT15_F1p0_LP40,1.0,120.0,41.44,15.0,1.0,0.4,S2a,800,1201,800,800,1.0,1.0,197.0284799998208,197.02848000000003,0.1599335709157222,historical_extension
L100_Ts120_Tr41p44_dT15_F1p0_LP40,1.0,120.0,41.44,15.0,1.0,0.4,S2b,800,1201,800,800,1.0,1.0,197.0284799998208,197.02848000000003,0.1753703274618318,historical_extension
L100_Ts120_Tr41p44_dT15_F1p0_LP45,1.0,120.0,41.44,15.0,1.0,0.45,S1,800,1201,800,800,1.0,1.0,197.0284799998208,197.02848000000003,0.2486927759996362,historical_extension
L100_Ts120_Tr41p44_dT15_F1p0_LP45,1.0,120.0,41.44,15.0,1.0,0.45,S2a,800,1201,800,800,1.0,1.0,197.0284799998208,197.02848000000003,0.1599335709157222,historical_extension
L100_Ts120_Tr41p44_dT15_F1p0_LP45,1.0,120.0,41.44,15.0,1.0,0.45,S2b,800,1201,800,800,1.0,1.0,197.0284799998208,197.02848000000003,0.1753703274618318,historical_extension
L100_Ts120_Tr41p44_dT15_F1p2_LP20,1.0,120.0,41.44,15.0,1.2,0.2,S1,800,1201,800,800,1.0,1.0,236.4341759997849,236.434176,0.2472859543313814,historical_extension
L100_Ts120_Tr41p44_dT15_F1p2_LP20,1.0,120.0,41.44,15.0,1.2,0.2,S2a,800,1201,800,800,1.0,1.0,236.4341759997849,236.434176,0.1607312148961024,historical_extension
L100_Ts120_Tr41p44_dT15_F1p2_LP20,1.0,120.0,41.44,15.0,1.2,0.2,S2b,800,1201,800,800,1.0,1.0,236.4341759997849,236.434176,0.1770571261787881,historical_extension
L100_Ts120_Tr41p44_dT15_F1p2_LP30,1.0,120.0,41.44,15.0,1.2,0.3,S1,800,1201,800,800,1.0,1.0,236.4341759997849,236.434176,0.2472859543313814,historical_extension
L100_Ts120_Tr41p44_dT15_F1p2_LP30,1.0,120.0,41.44,15.0,1.2,0.3,S2a,800,1201,800,800,1.0,1.0,236.4341759997849,236.434176,0.1607312148961024,historical_extension
L100_Ts120_Tr41p44_dT15_F1p2_LP30,1.0,120.0,41.44,15.0,1.2,0.3,S2b,800,1201,800,800,1.0,1.0,236.4341759997849,236.434176,0.1770571261787881,historical_extension
L100_Ts120_Tr41p44_dT15_F1p2_LP40,1.0,120.0,41.44,15.0,1.2,0.4,S1,800,1201,800,800,1.0,1.0,236.4341759997849,236.434176,0.2472859543313814,historical_extension
L100_Ts120_Tr41p44_dT15_F1p2_LP40,1.0,120.0,41.44,15.0,1.2,0.4,S2a,800,1201,800,800,1.0,1.0,236.4341759997849,236.434176,0.1607312148961024,historical_extension
L100_Ts120_Tr41p44_dT15_F1p2_LP40,1.0,120.0,41.44,15.0,1.2,0.4,S2b,800,1201,800,800,1.0,1.0,236.4341759997849,236.434176,0.1770571261787881,historical_extension
L100_Ts120_Tr41p44_dT15_F1p2_LP45,1.0,120.0,41.44,15.0,1.2,0.45,S1,800,1201,800,800,1.0,1.0,236.4341759997849,236.434176,0.2472859543313814,historical_extension
L100_Ts120_Tr41p44_dT15_F1p2_LP45,1.0,120.0,41.44,15.0,1.2,0.45,S2a,800,1201,800,800,1.0,1.0,236.4341759997849,236.434176,0.1607312148961024,historical_extension
L100_Ts120_Tr41p44_dT15_F1p2_LP45,1.0,120.0,41.44,15.0,1.2,0.45,S2b,800,1201,800,800,1.0,1.0,236.4341759997849,236.434176,0.1770571261787881,historical_extension
L100_Ts120_Tr50p0_dT5_F0p8_LP20,1.0,120.0,50.0,5.0,0.8,0.2,S1,800,1201,800,800,1.0,1.0,140.44799999987225,140.44799999999998,0.2507127541587395,narrow_sensitivity
L100_Ts120_Tr50p0_dT5_F0p8_LP20,1.0,120.0,50.0,5.0,0.8,0.2,S2a,800,1201,800,800,1.0,1.0,140.44799999987225,140.44799999999998,0.1533619581719285,narrow_sensitivity
L100_Ts120_Tr50p0_dT5_F0p8_LP20,1.0,120.0,50.0,5.0,0.8,0.2,S2b,800,1201,800,800,1.0,1.0,140.44799999987225,140.44799999999998,0.163184987030997,narrow_sensitivity
L100_Ts120_Tr50p0_dT5_F0p8_LP30,1.0,120.0,50.0,5.0,0.8,0.3,S1,800,1201,800,800,1.0,1.0,140.44799999987225,140.44799999999998,0.2507127541587395,narrow_sensitivity
L100_Ts120_Tr50p0_dT5_F0p8_LP30,1.0,120.0,50.0,5.0,0.8,0.3,S2a,800,1201,800,800,1.0,1.0,140.44799999987225,140.44799999999998,0.1533619581719285,narrow_sensitivity
L100_Ts120_Tr50p0_dT5_F0p8_LP30,1.0,120.0,50.0,5.0,0.8,0.3,S2b,800,1201,800,800,1.0,1.0,140.44799999987225,140.44799999999998,0.163184987030997,narrow_sensitivity
L100_Ts120_Tr50p0_dT5_F0p8_LP40,1.0,120.0,50.0,5.0,0.8,0.4,S1,800,1201,800,800,1.0,1.0,140.44799999987225,140.44799999999998,0.2507127541587395,narrow_sensitivity
L100_Ts120_Tr50p0_dT5_F0p8_LP40,1.0,120.0,50.0,5.0,0.8,0.4,S2a,800,1201,800,800,1.0,1.0,140.44799999987225,140.44799999999998,0.1533619581719285,narrow_sensitivity
L100_Ts120_Tr50p0_dT5_F0p8_LP40,1.0,120.0,50.0,5.0,0.8,0.4,S2b,800,1201,800,800,1.0,1.0,140.44799999987225,140.44799999999998,0.163184987030997,narrow_sensitivity
L100_Ts120_Tr50p0_dT5_F0p8_LP45,1.0,120.0,50.0,5.0,0.8,0.45,S1,800,1201,800,800,1.0,1.0,140.44799999987225,140.44799999999998,0.2507127541587395,narrow_sensitivity
L100_Ts120_Tr50p0_dT5_F0p8_LP45,1.0,120.0,50.0,5.0,0.8,0.45,S2a,800,1201,800,800,1.0,1.0,140.44799999987225,140.44799999999998,0.1533619581719285,narrow_sensitivity
L100_Ts120_Tr50p0_dT5_F0p8_LP45,1.0,120.0,50.0,5.0,0.8,0.45,S2b,800,1201,800,800,1.0,1.0,140.44799999987225,140.44799999999998,0.163184987030997,narrow_sensitivity
L100_Ts120_Tr50p0_dT5_F1p0_LP20,1.0,120.0,50.0,5.0,1.0,0.2,S1,800,1201,800,800,1.0,1.0,175.55999999984033,175.56,0.2494592216131967,narrow_sensitivity
L100_Ts120_Tr50p0_dT5_F1p0_LP20,1.0,120.0,50.0,5.0,1.0,0.2,S2a,800,1201,800,800,1.0,1.0,175.55999999984033,175.56,0.1539092224039206,narrow_sensitivity
L100_Ts120_Tr50p0_dT5_F1p0_LP20,1.0,120.0,50.0,5.0,1.0,0.2,S2b,800,1201,800,800,1.0,1.0,175.55999999984033,175.56,0.1644943814140709,narrow_sensitivity
L100_Ts120_Tr50p0_dT5_F1p0_LP30,1.0,120.0,50.0,5.0,1.0,0.3,S1,800,1201,800,800,1.0,1.0,175.55999999984033,175.56,0.2494592216131967,main_reference
L100_Ts120_Tr50p0_dT5_F1p0_LP30,1.0,120.0,50.0,5.0,1.0,0.3,S2a,800,1201,800,800,1.0,1.0,175.55999999984033,175.56,0.1539092224039206,main_reference
L100_Ts120_Tr50p0_dT5_F1p0_LP30,1.0,120.0,50.0,5.0,1.0,0.3,S2b,800,1201,800,800,1.0,1.0,175.55999999984033,175.56,0.1644943814140709,main_reference
L100_Ts120_Tr50p0_dT5_F1p0_LP40,1.0,120.0,50.0,5.0,1.0,0.4,S1,800,1201,800,800,1.0,1.0,175.55999999984033,175.56,0.2494592216131967,narrow_sensitivity
L100_Ts120_Tr50p0_dT5_F1p0_LP40,1.0,120.0,50.0,5.0,1.0,0.4,S2a,800,1201,800,800,1.0,1.0,175.55999999984033,175.56,0.1539092224039206,narrow_sensitivity
L100_Ts120_Tr50p0_dT5_F1p0_LP40,1.0,120.0,50.0,5.0,1.0,0.4,S2b,800,1201,800,800,1.0,1.0,175.55999999984033,175.56,0.1644943814140709,narrow_sensitivity
L100_Ts120_Tr50p0_dT5_F1p0_LP45,1.0,120.0,50.0,5.0,1.0,0.45,S1,800,1201,800,800,1.0,1.0,175.55999999984033,175.56,0.2494592216131967,narrow_sensitivity
L100_Ts120_Tr50p0_dT5_F1p0_LP45,1.0,120.0,50.0,5.0,1.0,0.45,S2a,800,1201,800,800,1.0,1.0,175.55999999984033,175.56,0.1539092224039206,narrow_sensitivity
L100_Ts120_Tr50p0_dT5_F1p0_LP45,1.0,120.0,50.0,5.0,1.0,0.45,S2b,800,1201,800,800,1.0,1.0,175.55999999984033,175.56,0.1644943814140709,narrow_sensitivity
L100_Ts120_Tr50p0_dT5_F1p2_LP20,1.0,120.0,50.0,5.0,1.2,0.2,S1,800,1201,800,800,1.0,1.0,210.6719999998084,210.672,0.2482056890676539,narrow_sensitivity
L100_Ts120_Tr50p0_dT5_F1p2_LP20,1.0,120.0,50.0,5.0,1.2,0.2,S2a,800,1201,800,800,1.0,1.0,210.6719999998084,210.672,0.1545432044249186,narrow_sensitivity
L100_Ts120_Tr50p0_dT5_F1p2_LP20,1.0,120.0,50.0,5.0,1.2,0.2,S2b,800,1201,800,800,1.0,1.0,210.6719999998084,210.672,0.1659199470962618,narrow_sensitivity
L100_Ts120_Tr50p0_dT5_F1p2_LP30,1.0,120.0,50.0,5.0,1.2,0.3,S1,800,1201,800,800,1.0,1.0,210.6719999998084,210.672,0.2482056890676539,narrow_sensitivity
L100_Ts120_Tr50p0_dT5_F1p2_LP30,1.0,120.0,50.0,5.0,1.2,0.3,S2a,800,1201,800,800,1.0,1.0,210.6719999998084,210.672,0.1545432044249186,narrow_sensitivity
L100_Ts120_Tr50p0_dT5_F1p2_LP30,1.0,120.0,50.0,5.0,1.2,0.3,S2b,800,1201,800,800,1.0,1.0,210.6719999998084,210.672,0.1659199470962618,narrow_sensitivity
L100_Ts120_Tr50p0_dT5_F1p2_LP40,1.0,120.0,50.0,5.0,1.2,0.4,S1,800,1201,800,800,1.0,1.0,210.6719999998084,210.672,0.2482056890676539,narrow_sensitivity
L100_Ts120_Tr50p0_dT5_F1p2_LP40,1.0,120.0,50.0,5.0,1.2,0.4,S2a,800,1201,800,800,1.0,1.0,210.6719999998084,210.672,0.1545432044249186,narrow_sensitivity
L100_Ts120_Tr50p0_dT5_F1p2_LP40,1.0,120.0,50.0,5.0,1.2,0.4,S2b,800,1201,800,800,1.0,1.0,210.6719999998084,210.672,0.1659199470962618,narrow_sensitivity
L100_Ts120_Tr50p0_dT5_F1p2_LP45,1.0,120.0,50.0,5.0,1.2,0.45,S1,800,1201,800,800,1.0,1.0,210.6719999998084,210.672,0.2482056890676539,narrow_sensitivity
L100_Ts120_Tr50p0_dT5_F1p2_LP45,1.0,120.0,50.0,5.0,1.2,0.45,S2a,800,1201,800,800,1.0,1.0,210.6719999998084,210.672,0.1545432044249186,narrow_sensitivity
L100_Ts120_Tr50p0_dT5_F1p2_LP45,1.0,120.0,50.0,5.0,1.2,0.45,S2b,800,1201,800,800,1.0,1.0,210.6719999998084,210.672,0.1659199470962618,narrow_sensitivity
L100_Ts120_Tr50p0_dT10_F0p8_LP20,1.0,120.0,50.0,10.0,0.8,0.2,S1,800,1201,800,800,1.0,1.0,140.44799999987225,140.44799999999998,0.2507127541587395,narrow_sensitivity
L100_Ts120_Tr50p0_dT10_F0p8_LP20,1.0,120.0,50.0,10.0,0.8,0.2,S2a,800,1201,800,800,1.0,1.0,140.44799999987225,140.44799999999998,0.1581948226792938,narrow_sensitivity
L100_Ts120_Tr50p0_dT10_F0p8_LP20,1.0,120.0,50.0,10.0,0.8,0.2,S2b,800,1201,800,800,1.0,1.0,140.44799999987225,140.44799999999998,0.1717923893778691,narrow_sensitivity
L100_Ts120_Tr50p0_dT10_F0p8_LP30,1.0,120.0,50.0,10.0,0.8,0.3,S1,800,1201,800,800,1.0,1.0,140.44799999987225,140.44799999999998,0.2507127541587395,narrow_sensitivity
L100_Ts120_Tr50p0_dT10_F0p8_LP30,1.0,120.0,50.0,10.0,0.8,0.3,S2a,800,1201,800,800,1.0,1.0,140.44799999987225,140.44799999999998,0.1581948226792938,narrow_sensitivity
L100_Ts120_Tr50p0_dT10_F0p8_LP30,1.0,120.0,50.0,10.0,0.8,0.3,S2b,800,1201,800,800,1.0,1.0,140.44799999987225,140.44799999999998,0.1717923893778691,narrow_sensitivity
L100_Ts120_Tr50p0_dT10_F0p8_LP40,1.0,120.0,50.0,10.0,0.8,0.4,S1,800,1201,800,800,1.0,1.0,140.44799999987225,140.44799999999998,0.2507127541587395,narrow_sensitivity
L100_Ts120_Tr50p0_dT10_F0p8_LP40,1.0,120.0,50.0,10.0,0.8,0.4,S2a,800,1201,800,800,1.0,1.0,140.44799999987225,140.44799999999998,0.1581948226792938,narrow_sensitivity
L100_Ts120_Tr50p0_dT10_F0p8_LP40,1.0,120.0,50.0,10.0,0.8,0.4,S2b,800,1201,800,800,1.0,1.0,140.44799999987225,140.44799999999998,0.1717923893778691,narrow_sensitivity
L100_Ts120_Tr50p0_dT10_F0p8_LP45,1.0,120.0,50.0,10.0,0.8,0.45,S1,800,1201,800,800,1.0,1.0,140.44799999987225,140.44799999999998,0.2507127541587395,narrow_sensitivity
L100_Ts120_Tr50p0_dT10_F0p8_LP45,1.0,120.0,50.0,10.0,0.8,0.45,S2a,800,1201,800,800,1.0,1.0,140.44799999987225,140.44799999999998,0.1581948226792938,narrow_sensitivity
L100_Ts120_Tr50p0_dT10_F0p8_LP45,1.0,120.0,50.0,10.0,0.8,0.45,S2b,800,1201,800,800,1.0,1.0,140.44799999987225,140.44799999999998,0.1717923893778691,narrow_sensitivity
L100_Ts120_Tr50p0_dT10_F1p0_LP20,1.0,120.0,50.0,10.0,1.0,0.2,S1,800,1201,800,800,1.0,1.0,175.55999999984033,175.56,0.2494592216131967,narrow_sensitivity
L100_Ts120_Tr50p0_dT10_F1p0_LP20,1.0,120.0,50.0,10.0,1.0,0.2,S2a,800,1201,800,800,1.0,1.0,175.55999999984033,175.56,0.1589151363956274,narrow_sensitivity
L100_Ts120_Tr50p0_dT10_F1p0_LP20,1.0,120.0,50.0,10.0,1.0,0.2,S2b,800,1201,800,800,1.0,1.0,175.55999999984033,175.56,0.1733558390542279,narrow_sensitivity
L100_Ts120_Tr50p0_dT10_F1p0_LP30,1.0,120.0,50.0,10.0,1.0,0.3,S1,800,1201,800,800,1.0,1.0,175.55999999984033,175.56,0.2494592216131967,narrow_sensitivity
L100_Ts120_Tr50p0_dT10_F1p0_LP30,1.0,120.0,50.0,10.0,1.0,0.3,S2a,800,1201,800,800,1.0,1.0,175.55999999984033,175.56,0.1589151363956274,narrow_sensitivity
L100_Ts120_Tr50p0_dT10_F1p0_LP30,1.0,120.0,50.0,10.0,1.0,0.3,S2b,800,1201,800,800,1.0,1.0,175.55999999984033,175.56,0.1733558390542279,narrow_sensitivity
L100_Ts120_Tr50p0_dT10_F1p0_LP40,1.0,120.0,50.0,10.0,1.0,0.4,S1,800,1201,800,800,1.0,1.0,175.55999999984033,175.56,0.2494592216131967,narrow_sensitivity
L100_Ts120_Tr50p0_dT10_F1p0_LP40,1.0,120.0,50.0,10.0,1.0,0.4,S2a,800,1201,800,800,1.0,1.0,175.55999999984033,175.56,0.1589151363956274,narrow_sensitivity
L100_Ts120_Tr50p0_dT10_F1p0_LP40,1.0,120.0,50.0,10.0,1.0,0.4,S2b,800,1201,800,800,1.0,1.0,175.55999999984033,175.56,0.1733558390542279,narrow_sensitivity
L100_Ts120_Tr50p0_dT10_F1p0_LP45,1.0,120.0,50.0,10.0,1.0,0.45,S1,800,1201,800,800,1.0,1.0,175.55999999984033,175.56,0.2494592216131967,narrow_sensitivity
L100_Ts120_Tr50p0_dT10_F1p0_LP45,1.0,120.0,50.0,10.0,1.0,0.45,S2a,800,1201,800,800,1.0,1.0,175.55999999984033,175.56,0.1589151363956274,narrow_sensitivity
L100_Ts120_Tr50p0_dT10_F1p0_LP45,1.0,120.0,50.0,10.0,1.0,0.45,S2b,800,1201,800,800,1.0,1.0,175.55999999984033,175.56,0.1733558390542279,narrow_sensitivity
L100_Ts120_Tr50p0_dT10_F1p2_LP20,1.0,120.0,50.0,10.0,1.2,0.2,S1,800,1201,800,800,1.0,1.0,210.6719999998084,210.672,0.2482056890676539,narrow_sensitivity
L100_Ts120_Tr50p0_dT10_F1p2_LP20,1.0,120.0,50.0,10.0,1.2,0.2,S2a,800,1201,800,800,1.0,1.0,210.6719999998084,210.672,0.1597083902482668,narrow_sensitivity
L100_Ts120_Tr50p0_dT10_F1p2_LP20,1.0,120.0,50.0,10.0,1.2,0.2,S2b,800,1201,800,800,1.0,1.0,210.6719999998084,210.672,0.1750162217389201,narrow_sensitivity
L100_Ts120_Tr50p0_dT10_F1p2_LP30,1.0,120.0,50.0,10.0,1.2,0.3,S1,800,1201,800,800,1.0,1.0,210.6719999998084,210.672,0.2482056890676539,narrow_sensitivity
L100_Ts120_Tr50p0_dT10_F1p2_LP30,1.0,120.0,50.0,10.0,1.2,0.3,S2a,800,1201,800,800,1.0,1.0,210.6719999998084,210.672,0.1597083902482668,narrow_sensitivity
L100_Ts120_Tr50p0_dT10_F1p2_LP30,1.0,120.0,50.0,10.0,1.2,0.3,S2b,800,1201,800,800,1.0,1.0,210.6719999998084,210.672,0.1750162217389201,narrow_sensitivity
L100_Ts120_Tr50p0_dT10_F1p2_LP40,1.0,120.0,50.0,10.0,1.2,0.4,S1,800,1201,800,800,1.0,1.0,210.6719999998084,210.672,0.2482056890676539,narrow_sensitivity
L100_Ts120_Tr50p0_dT10_F1p2_LP40,1.0,120.0,50.0,10.0,1.2,0.4,S2a,800,1201,800,800,1.0,1.0,210.6719999998084,210.672,0.1597083902482668,narrow_sensitivity
L100_Ts120_Tr50p0_dT10_F1p2_LP40,1.0,120.0,50.0,10.0,1.2,0.4,S2b,800,1201,800,800,1.0,1.0,210.6719999998084,210.672,0.1750162217389201,narrow_sensitivity
L100_Ts120_Tr50p0_dT10_F1p2_LP45,1.0,120.0,50.0,10.0,1.2,0.45,S1,800,1201,800,800,1.0,1.0,210.6719999998084,210.672,0.2482056890676539,narrow_sensitivity
L100_Ts120_Tr50p0_dT10_F1p2_LP45,1.0,120.0,50.0,10.0,1.2,0.45,S2a,800,1201,800,800,1.0,1.0,210.6719999998084,210.672,0.1597083902482668,narrow_sensitivity
L100_Ts120_Tr50p0_dT10_F1p2_LP45,1.0,120.0,50.0,10.0,1.2,0.45,S2b,800,1201,800,800,1.0,1.0,210.6719999998084,210.672,0.1750162217389201,narrow_sensitivity
L100_Ts120_Tr50p0_dT15_F0p8_LP20,1.0,120.0,50.0,15.0,0.8,0.2,S1,800,1201,800,800,1.0,1.0,140.44799999987225,140.44799999999998,0.2507127541587395,narrow_sensitivity
L100_Ts120_Tr50p0_dT15_F0p8_LP20,1.0,120.0,50.0,15.0,0.8,0.2,S2a,800,1201,800,800,1.0,1.0,140.44799999987225,140.44799999999998,0.1639736928982983,narrow_sensitivity
L100_Ts120_Tr50p0_dT15_F0p8_LP20,1.0,120.0,50.0,15.0,0.8,0.2,S2b,800,1201,800,800,1.0,1.0,140.44799999987225,140.44799999999998,0.1821578581542517,narrow_sensitivity
L100_Ts120_Tr50p0_dT15_F0p8_LP30,1.0,120.0,50.0,15.0,0.8,0.3,S1,800,1201,800,800,1.0,1.0,140.44799999987225,140.44799999999998,0.2507127541587395,narrow_sensitivity
L100_Ts120_Tr50p0_dT15_F0p8_LP30,1.0,120.0,50.0,15.0,0.8,0.3,S2a,800,1201,800,800,1.0,1.0,140.44799999987225,140.44799999999998,0.1639736928982983,narrow_sensitivity
L100_Ts120_Tr50p0_dT15_F0p8_LP30,1.0,120.0,50.0,15.0,0.8,0.3,S2b,800,1201,800,800,1.0,1.0,140.44799999987225,140.44799999999998,0.1821578581542517,narrow_sensitivity
L100_Ts120_Tr50p0_dT15_F0p8_LP40,1.0,120.0,50.0,15.0,0.8,0.4,S1,800,1201,800,800,1.0,1.0,140.44799999987225,140.44799999999998,0.2507127541587395,narrow_sensitivity
L100_Ts120_Tr50p0_dT15_F0p8_LP40,1.0,120.0,50.0,15.0,0.8,0.4,S2a,800,1201,800,800,1.0,1.0,140.44799999987225,140.44799999999998,0.1639736928982983,narrow_sensitivity
L100_Ts120_Tr50p0_dT15_F0p8_LP40,1.0,120.0,50.0,15.0,0.8,0.4,S2b,800,1201,800,800,1.0,1.0,140.44799999987225,140.44799999999998,0.1821578581542517,narrow_sensitivity
L100_Ts120_Tr50p0_dT15_F0p8_LP45,1.0,120.0,50.0,15.0,0.8,0.45,S1,800,1201,800,800,1.0,1.0,140.44799999987225,140.44799999999998,0.2507127541587395,narrow_sensitivity
L100_Ts120_Tr50p0_dT15_F0p8_LP45,1.0,120.0,50.0,15.0,0.8,0.45,S2a,800,1201,800,800,1.0,1.0,140.44799999987225,140.44799999999998,0.1639736928982983,narrow_sensitivity
L100_Ts120_Tr50p0_dT15_F0p8_LP45,1.0,120.0,50.0,15.0,0.8,0.45,S2b,800,1201,800,800,1.0,1.0,140.44799999987225,140.44799999999998,0.1821578581542517,narrow_sensitivity
L100_Ts120_Tr50p0_dT15_F1p0_LP20,1.0,120.0,50.0,15.0,1.0,0.2,S1,800,1201,800,800,1.0,1.0,175.55999999984033,175.56,0.2494592216131967,narrow_sensitivity
L100_Ts120_Tr50p0_dT15_F1p0_LP20,1.0,120.0,50.0,15.0,1.0,0.2,S2a,800,1201,800,800,1.0,1.0,175.55999999984033,175.56,0.1648413321237098,narrow_sensitivity
L100_Ts120_Tr50p0_dT15_F1p0_LP20,1.0,120.0,50.0,15.0,1.0,0.2,S2b,800,1201,800,800,1.0,1.0,175.55999999984033,175.56,0.1839338065956728,narrow_sensitivity
L100_Ts120_Tr50p0_dT15_F1p0_LP30,1.0,120.0,50.0,15.0,1.0,0.3,S1,800,1201,800,800,1.0,1.0,175.55999999984033,175.56,0.2494592216131967,narrow_sensitivity
L100_Ts120_Tr50p0_dT15_F1p0_LP30,1.0,120.0,50.0,15.0,1.0,0.3,S2a,800,1201,800,800,1.0,1.0,175.55999999984033,175.56,0.1648413321237098,narrow_sensitivity
L100_Ts120_Tr50p0_dT15_F1p0_LP30,1.0,120.0,50.0,15.0,1.0,0.3,S2b,800,1201,800,800,1.0,1.0,175.55999999984033,175.56,0.1839338065956728,narrow_sensitivity
L100_Ts120_Tr50p0_dT15_F1p0_LP40,1.0,120.0,50.0,15.0,1.0,0.4,S1,800,1201,800,800,1.0,1.0,175.55999999984033,175.56,0.2494592216131967,narrow_sensitivity
L100_Ts120_Tr50p0_dT15_F1p0_LP40,1.0,120.0,50.0,15.0,1.0,0.4,S2a,800,1201,800,800,1.0,1.0,175.55999999984033,175.56,0.1648413321237098,narrow_sensitivity
L100_Ts120_Tr50p0_dT15_F1p0_LP40,1.0,120.0,50.0,15.0,1.0,0.4,S2b,800,1201,800,800,1.0,1.0,175.55999999984033,175.56,0.1839338065956728,narrow_sensitivity
L100_Ts120_Tr50p0_dT15_F1p0_LP45,1.0,120.0,50.0,15.0,1.0,0.45,S1,800,1201,800,800,1.0,1.0,175.55999999984033,175.56,0.2494592216131967,narrow_sensitivity
L100_Ts120_Tr50p0_dT15_F1p0_LP45,1.0,120.0,50.0,15.0,1.0,0.45,S2a,800,1201,800,800,1.0,1.0,175.55999999984033,175.56,0.1648413321237098,narrow_sensitivity
L100_Ts120_Tr50p0_dT15_F1p0_LP45,1.0,120.0,50.0,15.0,1.0,0.45,S2b,800,1201,800,800,1.0,1.0,175.55999999984033,175.56,0.1839338065956728,narrow_sensitivity
L100_Ts120_Tr50p0_dT15_F1p2_LP20,1.0,120.0,50.0,15.0,1.2,0.2,S1,800,1201,800,800,1.0,1.0,210.6719999998084,210.672,0.2482056890676539,narrow_sensitivity
L100_Ts120_Tr50p0_dT15_F1p2_LP20,1.0,120.0,50.0,15.0,1.2,0.2,S2a,800,1201,800,800,1.0,1.0,210.6719999998084,210.672,0.1657670063232803,narrow_sensitivity
L100_Ts120_Tr50p0_dT15_F1p2_LP20,1.0,120.0,50.0,15.0,1.2,0.2,S2b,800,1201,800,800,1.0,1.0,210.6719999998084,210.672,0.1857901590441488,narrow_sensitivity
L100_Ts120_Tr50p0_dT15_F1p2_LP30,1.0,120.0,50.0,15.0,1.2,0.3,S1,800,1201,800,800,1.0,1.0,210.6719999998084,210.672,0.2482056890676539,narrow_sensitivity
L100_Ts120_Tr50p0_dT15_F1p2_LP30,1.0,120.0,50.0,15.0,1.2,0.3,S2a,800,1201,800,800,1.0,1.0,210.6719999998084,210.672,0.1657670063232803,narrow_sensitivity
L100_Ts120_Tr50p0_dT15_F1p2_LP30,1.0,120.0,50.0,15.0,1.2,0.3,S2b,800,1201,800,800,1.0,1.0,210.6719999998084,210.672,0.1857901590441488,narrow_sensitivity
L100_Ts120_Tr50p0_dT15_F1p2_LP40,1.0,120.0,50.0,15.0,1.2,0.4,S1,800,1201,800,800,1.0,1.0,210.6719999998084,210.672,0.2482056890676539,narrow_sensitivity
L100_Ts120_Tr50p0_dT15_F1p2_LP40,1.0,120.0,50.0,15.0,1.2,0.4,S2a,800,1201,800,800,1.0,1.0,210.6719999998084,210.672,0.1657670063232803,narrow_sensitivity
L100_Ts120_Tr50p0_dT15_F1p2_LP40,1.0,120.0,50.0,15.0,1.2,0.4,S2b,800,1201,800,800,1.0,1.0,210.6719999998084,210.672,0.1857901590441488,narrow_sensitivity
L100_Ts120_Tr50p0_dT15_F1p2_LP45,1.0,120.0,50.0,15.0,1.2,0.45,S1,800,1201,800,800,1.0,1.0,210.6719999998084,210.672,0.2482056890676539,narrow_sensitivity
L100_Ts120_Tr50p0_dT15_F1p2_LP45,1.0,120.0,50.0,15.0,1.2,0.45,S2a,800,1201,800,800,1.0,1.0,210.6719999998084,210.672,0.1657670063232803,narrow_sensitivity
L100_Ts120_Tr50p0_dT15_F1p2_LP45,1.0,120.0,50.0,15.0,1.2,0.45,S2b,800,1201,800,800,1.0,1.0,210.6719999998084,210.672,0.1857901590441488,narrow_sensitivity
L100_Ts120_Tr60p0_dT5_F0p8_LP20,1.0,120.0,60.0,5.0,0.8,0.2,S1,800,1201,800,800,1.0,1.0,120.3839999998905,120.38399999999996,0.2514290584704782,narrow_sensitivity
L100_Ts120_Tr60p0_dT5_F0p8_LP20,1.0,120.0,60.0,5.0,0.8,0.2,S2a,800,1201,800,800,1.0,1.0,120.3839999998905,120.38399999999996,0.1576494863062719,narrow_sensitivity
L100_Ts120_Tr60p0_dT5_F0p8_LP20,1.0,120.0,60.0,5.0,0.8,0.2,S2b,800,1201,800,800,1.0,1.0,120.3839999998905,120.38399999999996,0.1706081544141595,narrow_sensitivity
L100_Ts120_Tr60p0_dT5_F0p8_LP30,1.0,120.0,60.0,5.0,0.8,0.3,S1,800,1201,800,800,1.0,1.0,120.3839999998905,120.38399999999996,0.2514290584704782,narrow_sensitivity
L100_Ts120_Tr60p0_dT5_F0p8_LP30,1.0,120.0,60.0,5.0,0.8,0.3,S2a,800,1201,800,800,1.0,1.0,120.3839999998905,120.38399999999996,0.1576494863062719,narrow_sensitivity
L100_Ts120_Tr60p0_dT5_F0p8_LP30,1.0,120.0,60.0,5.0,0.8,0.3,S2b,800,1201,800,800,1.0,1.0,120.3839999998905,120.38399999999996,0.1706081544141595,narrow_sensitivity
L100_Ts120_Tr60p0_dT5_F0p8_LP40,1.0,120.0,60.0,5.0,0.8,0.4,S1,800,1201,800,800,1.0,1.0,120.3839999998905,120.38399999999996,0.2514290584704782,narrow_sensitivity
L100_Ts120_Tr60p0_dT5_F0p8_LP40,1.0,120.0,60.0,5.0,0.8,0.4,S2a,800,1201,800,800,1.0,1.0,120.3839999998905,120.38399999999996,0.1576494863062719,narrow_sensitivity
L100_Ts120_Tr60p0_dT5_F0p8_LP40,1.0,120.0,60.0,5.0,0.8,0.4,S2b,800,1201,800,800,1.0,1.0,120.3839999998905,120.38399999999996,0.1706081544141595,narrow_sensitivity
L100_Ts120_Tr60p0_dT5_F0p8_LP45,1.0,120.0,60.0,5.0,0.8,0.45,S1,800,1201,800,800,1.0,1.0,120.3839999998905,120.38399999999996,0.2514290584704782,narrow_sensitivity
L100_Ts120_Tr60p0_dT5_F0p8_LP45,1.0,120.0,60.0,5.0,0.8,0.45,S2a,800,1201,800,800,1.0,1.0,120.3839999998905,120.38399999999996,0.1576494863062719,narrow_sensitivity
L100_Ts120_Tr60p0_dT5_F0p8_LP45,1.0,120.0,60.0,5.0,0.8,0.45,S2b,800,1201,800,800,1.0,1.0,120.3839999998905,120.38399999999996,0.1706081544141595,narrow_sensitivity
L100_Ts120_Tr60p0_dT5_F1p0_LP20,1.0,120.0,60.0,5.0,1.0,0.2,S1,800,1201,800,800,1.0,1.0,150.47999999986314,150.48,0.2503546020028701,narrow_sensitivity
L100_Ts120_Tr60p0_dT5_F1p0_LP20,1.0,120.0,60.0,5.0,1.0,0.2,S2a,800,1201,800,800,1.0,1.0,150.47999999986314,150.48,0.1583916270591064,narrow_sensitivity
L100_Ts120_Tr60p0_dT5_F1p0_LP20,1.0,120.0,60.0,5.0,1.0,0.2,S2b,800,1201,800,800,1.0,1.0,150.47999999986314,150.48,0.1721733179660448,narrow_sensitivity
L100_Ts120_Tr60p0_dT5_F1p0_LP30,1.0,120.0,60.0,5.0,1.0,0.3,S1,800,1201,800,800,1.0,1.0,150.47999999986314,150.48,0.2503546020028701,main_reference
L100_Ts120_Tr60p0_dT5_F1p0_LP30,1.0,120.0,60.0,5.0,1.0,0.3,S2a,800,1201,800,800,1.0,1.0,150.47999999986314,150.48,0.1583916270591064,main_reference
L100_Ts120_Tr60p0_dT5_F1p0_LP30,1.0,120.0,60.0,5.0,1.0,0.3,S2b,800,1201,800,800,1.0,1.0,150.47999999986314,150.48,0.1721733179660448,main_reference
L100_Ts120_Tr60p0_dT5_F1p0_LP40,1.0,120.0,60.0,5.0,1.0,0.4,S1,800,1201,800,800,1.0,1.0,150.47999999986314,150.48,0.2503546020028701,narrow_sensitivity
L100_Ts120_Tr60p0_dT5_F1p0_LP40,1.0,120.0,60.0,5.0,1.0,0.4,S2a,800,1201,800,800,1.0,1.0,150.47999999986314,150.48,0.1583916270591064,narrow_sensitivity
L100_Ts120_Tr60p0_dT5_F1p0_LP40,1.0,120.0,60.0,5.0,1.0,0.4,S2b,800,1201,800,800,1.0,1.0,150.47999999986314,150.48,0.1721733179660448,narrow_sensitivity
L100_Ts120_Tr60p0_dT5_F1p0_LP45,1.0,120.0,60.0,5.0,1.0,0.45,S1,800,1201,800,800,1.0,1.0,150.47999999986314,150.48,0.2503546020028701,narrow_sensitivity
L100_Ts120_Tr60p0_dT5_F1p0_LP45,1.0,120.0,60.0,5.0,1.0,0.45,S2a,800,1201,800,800,1.0,1.0,150.47999999986314,150.48,0.1583916270591064,narrow_sensitivity
L100_Ts120_Tr60p0_dT5_F1p0_LP45,1.0,120.0,60.0,5.0,1.0,0.45,S2b,800,1201,800,800,1.0,1.0,150.47999999986314,150.48,0.1721733179660448,narrow_sensitivity
L100_Ts120_Tr60p0_dT5_F1p2_LP20,1.0,120.0,60.0,5.0,1.2,0.2,S1,800,1201,800,800,1.0,1.0,180.57599999983572,180.576,0.249280145535262,narrow_sensitivity
L100_Ts120_Tr60p0_dT5_F1p2_LP20,1.0,120.0,60.0,5.0,1.2,0.2,S2a,800,1201,800,800,1.0,1.0,180.57599999983572,180.576,0.1591977490345719,narrow_sensitivity
L100_Ts120_Tr60p0_dT5_F1p2_LP20,1.0,120.0,60.0,5.0,1.2,0.2,S2b,800,1201,800,800,1.0,1.0,180.57599999983572,180.576,0.1738267897257966,narrow_sensitivity
L100_Ts120_Tr60p0_dT5_F1p2_LP30,1.0,120.0,60.0,5.0,1.2,0.3,S1,800,1201,800,800,1.0,1.0,180.57599999983572,180.576,0.249280145535262,narrow_sensitivity
L100_Ts120_Tr60p0_dT5_F1p2_LP30,1.0,120.0,60.0,5.0,1.2,0.3,S2a,800,1201,800,800,1.0,1.0,180.57599999983572,180.576,0.1591977490345719,narrow_sensitivity
L100_Ts120_Tr60p0_dT5_F1p2_LP30,1.0,120.0,60.0,5.0,1.2,0.3,S2b,800,1201,800,800,1.0,1.0,180.57599999983572,180.576,0.1738267897257966,narrow_sensitivity
L100_Ts120_Tr60p0_dT5_F1p2_LP40,1.0,120.0,60.0,5.0,1.2,0.4,S1,800,1201,800,800,1.0,1.0,180.57599999983572,180.576,0.249280145535262,narrow_sensitivity
L100_Ts120_Tr60p0_dT5_F1p2_LP40,1.0,120.0,60.0,5.0,1.2,0.4,S2a,800,1201,800,800,1.0,1.0,180.57599999983572,180.576,0.1591977490345719,narrow_sensitivity
L100_Ts120_Tr60p0_dT5_F1p2_LP40,1.0,120.0,60.0,5.0,1.2,0.4,S2b,800,1201,800,800,1.0,1.0,180.57599999983572,180.576,0.1738267897257966,narrow_sensitivity
L100_Ts120_Tr60p0_dT5_F1p2_LP45,1.0,120.0,60.0,5.0,1.2,0.45,S1,800,1201,800,800,1.0,1.0,180.57599999983572,180.576,0.249280145535262,narrow_sensitivity
L100_Ts120_Tr60p0_dT5_F1p2_LP45,1.0,120.0,60.0,5.0,1.2,0.45,S2a,800,1201,800,800,1.0,1.0,180.57599999983572,180.576,0.1591977490345719,narrow_sensitivity
L100_Ts120_Tr60p0_dT5_F1p2_LP45,1.0,120.0,60.0,5.0,1.2,0.45,S2b,800,1201,800,800,1.0,1.0,180.57599999983572,180.576,0.1738267897257966,narrow_sensitivity
L100_Ts120_Tr60p0_dT10_F0p8_LP20,1.0,120.0,60.0,10.0,0.8,0.2,S1,800,1201,800,800,1.0,1.0,120.3839999998905,120.38399999999996,0.2514290584704782,narrow_sensitivity
L100_Ts120_Tr60p0_dT10_F0p8_LP20,1.0,120.0,60.0,10.0,0.8,0.2,S2a,800,1201,800,800,1.0,1.0,120.3839999998905,120.38399999999996,0.1642856916538543,narrow_sensitivity
L100_Ts120_Tr60p0_dT10_F0p8_LP20,1.0,120.0,60.0,10.0,0.8,0.2,S2b,800,1201,800,800,1.0,1.0,120.3839999998905,120.38399999999996,0.182534476064031,narrow_sensitivity
L100_Ts120_Tr60p0_dT10_F0p8_LP30,1.0,120.0,60.0,10.0,0.8,0.3,S1,800,1201,800,800,1.0,1.0,120.3839999998905,120.38399999999996,0.2514290584704782,narrow_sensitivity
L100_Ts120_Tr60p0_dT10_F0p8_LP30,1.0,120.0,60.0,10.0,0.8,0.3,S2a,800,1201,800,800,1.0,1.0,120.3839999998905,120.38399999999996,0.1642856916538543,narrow_sensitivity
L100_Ts120_Tr60p0_dT10_F0p8_LP30,1.0,120.0,60.0,10.0,0.8,0.3,S2b,800,1201,800,800,1.0,1.0,120.3839999998905,120.38399999999996,0.182534476064031,narrow_sensitivity
L100_Ts120_Tr60p0_dT10_F0p8_LP40,1.0,120.0,60.0,10.0,0.8,0.4,S1,800,1201,800,800,1.0,1.0,120.3839999998905,120.38399999999996,0.2514290584704782,narrow_sensitivity
L100_Ts120_Tr60p0_dT10_F0p8_LP40,1.0,120.0,60.0,10.0,0.8,0.4,S2a,800,1201,800,800,1.0,1.0,120.3839999998905,120.38399999999996,0.1642856916538543,narrow_sensitivity
L100_Ts120_Tr60p0_dT10_F0p8_LP40,1.0,120.0,60.0,10.0,0.8,0.4,S2b,800,1201,800,800,1.0,1.0,120.3839999998905,120.38399999999996,0.182534476064031,narrow_sensitivity
L100_Ts120_Tr60p0_dT10_F0p8_LP45,1.0,120.0,60.0,10.0,0.8,0.45,S1,800,1201,800,800,1.0,1.0,120.3839999998905,120.38399999999996,0.2514290584704782,narrow_sensitivity
L100_Ts120_Tr60p0_dT10_F0p8_LP45,1.0,120.0,60.0,10.0,0.8,0.45,S2a,800,1201,800,800,1.0,1.0,120.3839999998905,120.38399999999996,0.1642856916538543,narrow_sensitivity
L100_Ts120_Tr60p0_dT10_F0p8_LP45,1.0,120.0,60.0,10.0,0.8,0.45,S2b,800,1201,800,800,1.0,1.0,120.3839999998905,120.38399999999996,0.182534476064031,narrow_sensitivity
L100_Ts120_Tr60p0_dT10_F1p0_LP20,1.0,120.0,60.0,10.0,1.0,0.2,S1,800,1201,800,800,1.0,1.0,150.47999999986314,150.48,0.2503546020028701,narrow_sensitivity
L100_Ts120_Tr60p0_dT10_F1p0_LP20,1.0,120.0,60.0,10.0,1.0,0.2,S2a,800,1201,800,800,1.0,1.0,150.47999999986314,150.48,0.1652016403218922,narrow_sensitivity
L100_Ts120_Tr60p0_dT10_F1p0_LP20,1.0,120.0,60.0,10.0,1.0,0.2,S2b,800,1201,800,800,1.0,1.0,150.47999999986314,150.48,0.1843600883070208,narrow_sensitivity
L100_Ts120_Tr60p0_dT10_F1p0_LP30,1.0,120.0,60.0,10.0,1.0,0.3,S1,800,1201,800,800,1.0,1.0,150.47999999986314,150.48,0.2503546020028701,narrow_sensitivity
L100_Ts120_Tr60p0_dT10_F1p0_LP30,1.0,120.0,60.0,10.0,1.0,0.3,S2a,800,1201,800,800,1.0,1.0,150.47999999986314,150.48,0.1652016403218922,narrow_sensitivity
L100_Ts120_Tr60p0_dT10_F1p0_LP30,1.0,120.0,60.0,10.0,1.0,0.3,S2b,800,1201,800,800,1.0,1.0,150.47999999986314,150.48,0.1843600883070208,narrow_sensitivity
L100_Ts120_Tr60p0_dT10_F1p0_LP40,1.0,120.0,60.0,10.0,1.0,0.4,S1,800,1201,800,800,1.0,1.0,150.47999999986314,150.48,0.2503546020028701,narrow_sensitivity
L100_Ts120_Tr60p0_dT10_F1p0_LP40,1.0,120.0,60.0,10.0,1.0,0.4,S2a,800,1201,800,800,1.0,1.0,150.47999999986314,150.48,0.1652016403218922,narrow_sensitivity
L100_Ts120_Tr60p0_dT10_F1p0_LP40,1.0,120.0,60.0,10.0,1.0,0.4,S2b,800,1201,800,800,1.0,1.0,150.47999999986314,150.48,0.1843600883070208,narrow_sensitivity
L100_Ts120_Tr60p0_dT10_F1p0_LP45,1.0,120.0,60.0,10.0,1.0,0.45,S1,800,1201,800,800,1.0,1.0,150.47999999986314,150.48,0.2503546020028701,narrow_sensitivity
L100_Ts120_Tr60p0_dT10_F1p0_LP45,1.0,120.0,60.0,10.0,1.0,0.45,S2a,800,1201,800,800,1.0,1.0,150.47999999986314,150.48,0.1652016403218922,narrow_sensitivity
L100_Ts120_Tr60p0_dT10_F1p0_LP45,1.0,120.0,60.0,10.0,1.0,0.45,S2b,800,1201,800,800,1.0,1.0,150.47999999986314,150.48,0.1843600883070208,narrow_sensitivity
L100_Ts120_Tr60p0_dT10_F1p2_LP20,1.0,120.0,60.0,10.0,1.2,0.2,S1,800,1201,800,800,1.0,1.0,180.57599999983572,180.576,0.249280145535262,narrow_sensitivity
L100_Ts120_Tr60p0_dT10_F1p2_LP20,1.0,120.0,60.0,10.0,1.2,0.2,S2a,800,1201,800,800,1.0,1.0,180.57599999983572,180.576,0.1661660177936632,narrow_sensitivity
L100_Ts120_Tr60p0_dT10_F1p2_LP20,1.0,120.0,60.0,10.0,1.2,0.2,S2b,800,1201,800,800,1.0,1.0,180.57599999983572,180.576,0.1862519052063213,narrow_sensitivity
L100_Ts120_Tr60p0_dT10_F1p2_LP30,1.0,120.0,60.0,10.0,1.2,0.3,S1,800,1201,800,800,1.0,1.0,180.57599999983572,180.576,0.249280145535262,narrow_sensitivity
L100_Ts120_Tr60p0_dT10_F1p2_LP30,1.0,120.0,60.0,10.0,1.2,0.3,S2a,800,1201,800,800,1.0,1.0,180.57599999983572,180.576,0.1661660177936632,narrow_sensitivity
L100_Ts120_Tr60p0_dT10_F1p2_LP30,1.0,120.0,60.0,10.0,1.2,0.3,S2b,800,1201,800,800,1.0,1.0,180.57599999983572,180.576,0.1862519052063213,narrow_sensitivity
L100_Ts120_Tr60p0_dT10_F1p2_LP40,1.0,120.0,60.0,10.0,1.2,0.4,S1,800,1201,800,800,1.0,1.0,180.57599999983572,180.576,0.249280145535262,narrow_sensitivity
L100_Ts120_Tr60p0_dT10_F1p2_LP40,1.0,120.0,60.0,10.0,1.2,0.4,S2a,800,1201,800,800,1.0,1.0,180.57599999983572,180.576,0.1661660177936632,narrow_sensitivity
L100_Ts120_Tr60p0_dT10_F1p2_LP40,1.0,120.0,60.0,10.0,1.2,0.4,S2b,800,1201,800,800,1.0,1.0,180.57599999983572,180.576,0.1862519052063213,narrow_sensitivity
L100_Ts120_Tr60p0_dT10_F1p2_LP45,1.0,120.0,60.0,10.0,1.2,0.45,S1,800,1201,800,800,1.0,1.0,180.57599999983572,180.576,0.249280145535262,narrow_sensitivity
L100_Ts120_Tr60p0_dT10_F1p2_LP45,1.0,120.0,60.0,10.0,1.2,0.45,S2a,800,1201,800,800,1.0,1.0,180.57599999983572,180.576,0.1661660177936632,narrow_sensitivity
L100_Ts120_Tr60p0_dT10_F1p2_LP45,1.0,120.0,60.0,10.0,1.2,0.45,S2b,800,1201,800,800,1.0,1.0,180.57599999983572,180.576,0.1862519052063213,narrow_sensitivity
L100_Ts120_Tr60p0_dT15_F0p8_LP20,1.0,120.0,60.0,15.0,0.8,0.2,S1,800,1201,800,800,1.0,1.0,120.3839999998905,120.38399999999996,0.2514290584704782,narrow_sensitivity
L100_Ts120_Tr60p0_dT15_F0p8_LP20,1.0,120.0,60.0,15.0,0.8,0.2,S2a,800,1201,800,800,1.0,1.0,120.3839999998905,120.38399999999996,0.1723897288303494,narrow_sensitivity
L100_Ts120_Tr60p0_dT15_F0p8_LP20,1.0,120.0,60.0,15.0,0.8,0.2,S2b,800,1201,800,800,1.0,1.0,120.3839999998905,120.38399999999996,0.1971922251590572,narrow_sensitivity
L100_Ts120_Tr60p0_dT15_F0p8_LP30,1.0,120.0,60.0,15.0,0.8,0.3,S1,800,1201,800,800,1.0,1.0,120.3839999998905,120.38399999999996,0.2514290584704782,narrow_sensitivity
L100_Ts120_Tr60p0_dT15_F0p8_LP30,1.0,120.0,60.0,15.0,0.8,0.3,S2a,800,1201,800,800,1.0,1.0,120.3839999998905,120.38399999999996,0.1723897288303494,narrow_sensitivity
L100_Ts120_Tr60p0_dT15_F0p8_LP30,1.0,120.0,60.0,15.0,0.8,0.3,S2b,800,1201,800,800,1.0,1.0,120.3839999998905,120.38399999999996,0.1971922251590572,narrow_sensitivity
L100_Ts120_Tr60p0_dT15_F0p8_LP40,1.0,120.0,60.0,15.0,0.8,0.4,S1,800,1201,800,800,1.0,1.0,120.3839999998905,120.38399999999996,0.2514290584704782,narrow_sensitivity
L100_Ts120_Tr60p0_dT15_F0p8_LP40,1.0,120.0,60.0,15.0,0.8,0.4,S2a,800,1201,800,800,1.0,1.0,120.3839999998905,120.38399999999996,0.1723897288303494,narrow_sensitivity
L100_Ts120_Tr60p0_dT15_F0p8_LP40,1.0,120.0,60.0,15.0,0.8,0.4,S2b,800,1201,800,800,1.0,1.0,120.3839999998905,120.38399999999996,0.1971922251590572,narrow_sensitivity
L100_Ts120_Tr60p0_dT15_F0p8_LP45,1.0,120.0,60.0,15.0,0.8,0.45,S1,800,1201,800,800,1.0,1.0,120.3839999998905,120.38399999999996,0.2514290584704782,narrow_sensitivity
L100_Ts120_Tr60p0_dT15_F0p8_LP45,1.0,120.0,60.0,15.0,0.8,0.45,S2a,800,1201,800,800,1.0,1.0,120.3839999998905,120.38399999999996,0.1723897288303494,narrow_sensitivity
L100_Ts120_Tr60p0_dT15_F0p8_LP45,1.0,120.0,60.0,15.0,0.8,0.45,S2b,800,1201,800,800,1.0,1.0,120.3839999998905,120.38399999999996,0.1971922251590572,narrow_sensitivity
L100_Ts120_Tr60p0_dT15_F1p0_LP20,1.0,120.0,60.0,15.0,1.0,0.2,S1,800,1201,800,800,1.0,1.0,150.47999999986314,150.48,0.2503546020028701,narrow_sensitivity
L100_Ts120_Tr60p0_dT15_F1p0_LP20,1.0,120.0,60.0,15.0,1.0,0.2,S2a,800,1201,800,800,1.0,1.0,150.47999999986314,150.48,0.173444049805689,narrow_sensitivity
L100_Ts120_Tr60p0_dT15_F1p0_LP20,1.0,120.0,60.0,15.0,1.0,0.2,S2b,800,1201,800,800,1.0,1.0,150.47999999986314,150.48,0.1992287452747177,narrow_sensitivity
L100_Ts120_Tr60p0_dT15_F1p0_LP30,1.0,120.0,60.0,15.0,1.0,0.3,S1,800,1201,800,800,1.0,1.0,150.47999999986314,150.48,0.2503546020028701,narrow_sensitivity
L100_Ts120_Tr60p0_dT15_F1p0_LP30,1.0,120.0,60.0,15.0,1.0,0.3,S2a,800,1201,800,800,1.0,1.0,150.47999999986314,150.48,0.173444049805689,narrow_sensitivity
L100_Ts120_Tr60p0_dT15_F1p0_LP30,1.0,120.0,60.0,15.0,1.0,0.3,S2b,800,1201,800,800,1.0,1.0,150.47999999986314,150.48,0.1992287452747177,narrow_sensitivity
L100_Ts120_Tr60p0_dT15_F1p0_LP40,1.0,120.0,60.0,15.0,1.0,0.4,S1,800,1201,800,800,1.0,1.0,150.47999999986314,150.48,0.2503546020028701,narrow_sensitivity
L100_Ts120_Tr60p0_dT15_F1p0_LP40,1.0,120.0,60.0,15.0,1.0,0.4,S2a,800,1201,800,800,1.0,1.0,150.47999999986314,150.48,0.173444049805689,narrow_sensitivity
L100_Ts120_Tr60p0_dT15_F1p0_LP40,1.0,120.0,60.0,15.0,1.0,0.4,S2b,800,1201,800,800,1.0,1.0,150.47999999986314,150.48,0.1992287452747177,narrow_sensitivity
L100_Ts120_Tr60p0_dT15_F1p0_LP45,1.0,120.0,60.0,15.0,1.0,0.45,S1,800,1201,800,800,1.0,1.0,150.47999999986314,150.48,0.2503546020028701,narrow_sensitivity
L100_Ts120_Tr60p0_dT15_F1p0_LP45,1.0,120.0,60.0,15.0,1.0,0.45,S2a,800,1201,800,800,1.0,1.0,150.47999999986314,150.48,0.173444049805689,narrow_sensitivity
L100_Ts120_Tr60p0_dT15_F1p0_LP45,1.0,120.0,60.0,15.0,1.0,0.45,S2b,800,1201,800,800,1.0,1.0,150.47999999986314,150.48,0.1992287452747177,narrow_sensitivity
L100_Ts120_Tr60p0_dT15_F1p2_LP20,1.0,120.0,60.0,15.0,1.2,0.2,S1,800,1201,800,800,1.0,1.0,180.57599999983572,180.576,0.249280145535262,narrow_sensitivity
L100_Ts120_Tr60p0_dT15_F1p2_LP20,1.0,120.0,60.0,15.0,1.2,0.2,S2a,800,1201,800,800,1.0,1.0,180.57599999983572,180.576,0.1745292461068429,narrow_sensitivity
L100_Ts120_Tr60p0_dT15_F1p2_LP20,1.0,120.0,60.0,15.0,1.2,0.2,S2b,800,1201,800,800,1.0,1.0,180.57599999983572,180.576,0.2013069580772257,narrow_sensitivity
L100_Ts120_Tr60p0_dT15_F1p2_LP30,1.0,120.0,60.0,15.0,1.2,0.3,S1,800,1201,800,800,1.0,1.0,180.57599999983572,180.576,0.249280145535262,narrow_sensitivity
L100_Ts120_Tr60p0_dT15_F1p2_LP30,1.0,120.0,60.0,15.0,1.2,0.3,S2a,800,1201,800,800,1.0,1.0,180.57599999983572,180.576,0.1745292461068429,narrow_sensitivity
L100_Ts120_Tr60p0_dT15_F1p2_LP30,1.0,120.0,60.0,15.0,1.2,0.3,S2b,800,1201,800,800,1.0,1.0,180.57599999983572,180.576,0.2013069580772257,narrow_sensitivity
L100_Ts120_Tr60p0_dT15_F1p2_LP40,1.0,120.0,60.0,15.0,1.2,0.4,S1,800,1201,800,800,1.0,1.0,180.57599999983572,180.576,0.249280145535262,narrow_sensitivity
L100_Ts120_Tr60p0_dT15_F1p2_LP40,1.0,120.0,60.0,15.0,1.2,0.4,S2a,800,1201,800,800,1.0,1.0,180.57599999983572,180.576,0.1745292461068429,narrow_sensitivity
L100_Ts120_Tr60p0_dT15_F1p2_LP40,1.0,120.0,60.0,15.0,1.2,0.4,S2b,800,1201,800,800,1.0,1.0,180.57599999983572,180.576,0.2013069580772257,narrow_sensitivity
L100_Ts120_Tr60p0_dT15_F1p2_LP45,1.0,120.0,60.0,15.0,1.2,0.45,S1,800,1201,800,800,1.0,1.0,180.57599999983572,180.576,0.249280145535262,narrow_sensitivity
L100_Ts120_Tr60p0_dT15_F1p2_LP45,1.0,120.0,60.0,15.0,1.2,0.45,S2a,800,1201,800,800,1.0,1.0,180.57599999983572,180.576,0.1745292461068429,narrow_sensitivity
L100_Ts120_Tr60p0_dT15_F1p2_LP45,1.0,120.0,60.0,15.0,1.2,0.45,S2b,800,1201,800,800,1.0,1.0,180.57599999983572,180.576,0.2013069580772257,narrow_sensitivity
L100_Ts130_Tr35p0_dT5_F0p8_LP20,1.0,130.0,35.0,5.0,0.8,0.2,S1,800,1201,800,800,1.0,1.0,190.60799999982663,190.608,0.2489219933793926,historical_extension
L100_Ts130_Tr35p0_dT5_F0p8_LP20,1.0,130.0,35.0,5.0,0.8,0.2,S2a,800,1201,800,800,1.0,1.0,190.60799999982663,190.608,0.1532660194784463,historical_extension
L100_Ts130_Tr35p0_dT5_F0p8_LP20,1.0,130.0,35.0,5.0,0.8,0.2,S2b,800,1201,800,800,1.0,1.0,190.60799999982663,190.608,0.1635857314930491,historical_extension
L100_Ts130_Tr35p0_dT5_F0p8_LP30,1.0,130.0,35.0,5.0,0.8,0.3,S1,800,1201,800,800,1.0,1.0,190.60799999982663,190.608,0.2489219933793926,historical_extension
L100_Ts130_Tr35p0_dT5_F0p8_LP30,1.0,130.0,35.0,5.0,0.8,0.3,S2a,800,1201,800,800,1.0,1.0,190.60799999982663,190.608,0.1532660194784463,historical_extension
L100_Ts130_Tr35p0_dT5_F0p8_LP30,1.0,130.0,35.0,5.0,0.8,0.3,S2b,800,1201,800,800,1.0,1.0,190.60799999982663,190.608,0.1635857314930491,historical_extension
L100_Ts130_Tr35p0_dT5_F0p8_LP40,1.0,130.0,35.0,5.0,0.8,0.4,S1,800,1201,800,800,1.0,1.0,190.60799999982663,190.608,0.2489219933793926,historical_extension
L100_Ts130_Tr35p0_dT5_F0p8_LP40,1.0,130.0,35.0,5.0,0.8,0.4,S2a,800,1201,800,800,1.0,1.0,190.60799999982663,190.608,0.1532660194784463,historical_extension
L100_Ts130_Tr35p0_dT5_F0p8_LP40,1.0,130.0,35.0,5.0,0.8,0.4,S2b,800,1201,800,800,1.0,1.0,190.60799999982663,190.608,0.1635857314930491,historical_extension
L100_Ts130_Tr35p0_dT5_F0p8_LP45,1.0,130.0,35.0,5.0,0.8,0.45,S1,800,1201,800,800,1.0,1.0,190.60799999982663,190.608,0.2489219933793926,historical_extension
L100_Ts130_Tr35p0_dT5_F0p8_LP45,1.0,130.0,35.0,5.0,0.8,0.45,S2a,800,1201,800,800,1.0,1.0,190.60799999982663,190.608,0.1532660194784463,historical_extension
L100_Ts130_Tr35p0_dT5_F0p8_LP45,1.0,130.0,35.0,5.0,0.8,0.45,S2b,800,1201,800,800,1.0,1.0,190.60799999982663,190.608,0.1635857314930491,historical_extension
L100_Ts130_Tr35p0_dT5_F1p0_LP20,1.0,130.0,35.0,5.0,1.0,0.2,S1,800,1201,800,800,1.0,1.0,238.2599999997833,238.26,0.2472207706390132,historical_extension
L100_Ts130_Tr35p0_dT5_F1p0_LP20,1.0,130.0,35.0,5.0,1.0,0.2,S2a,800,1201,800,800,1.0,1.0,238.2599999997833,238.26,0.1537236556987503,historical_extension
L100_Ts130_Tr35p0_dT5_F1p0_LP20,1.0,130.0,35.0,5.0,1.0,0.2,S2b,800,1201,800,800,1.0,1.0,238.2599999997833,238.26,0.1648404952869095,historical_extension
L100_Ts130_Tr35p0_dT5_F1p0_LP30,1.0,130.0,35.0,5.0,1.0,0.3,S1,800,1201,800,800,1.0,1.0,238.2599999997833,238.26,0.2472207706390132,historical_extension
L100_Ts130_Tr35p0_dT5_F1p0_LP30,1.0,130.0,35.0,5.0,1.0,0.3,S2a,800,1201,800,800,1.0,1.0,238.2599999997833,238.26,0.1537236556987503,historical_extension
L100_Ts130_Tr35p0_dT5_F1p0_LP30,1.0,130.0,35.0,5.0,1.0,0.3,S2b,800,1201,800,800,1.0,1.0,238.2599999997833,238.26,0.1648404952869095,historical_extension
L100_Ts130_Tr35p0_dT5_F1p0_LP40,1.0,130.0,35.0,5.0,1.0,0.4,S1,800,1201,800,800,1.0,1.0,238.2599999997833,238.26,0.2472207706390132,historical_extension
L100_Ts130_Tr35p0_dT5_F1p0_LP40,1.0,130.0,35.0,5.0,1.0,0.4,S2a,800,1201,800,800,1.0,1.0,238.2599999997833,238.26,0.1537236556987503,historical_extension
L100_Ts130_Tr35p0_dT5_F1p0_LP40,1.0,130.0,35.0,5.0,1.0,0.4,S2b,800,1201,800,800,1.0,1.0,238.2599999997833,238.26,0.1648404952869095,historical_extension
L100_Ts130_Tr35p0_dT5_F1p0_LP45,1.0,130.0,35.0,5.0,1.0,0.45,S1,800,1201,800,800,1.0,1.0,238.2599999997833,238.26,0.2472207706390132,historical_extension
L100_Ts130_Tr35p0_dT5_F1p0_LP45,1.0,130.0,35.0,5.0,1.0,0.45,S2a,800,1201,800,800,1.0,1.0,238.2599999997833,238.26,0.1537236556987503,historical_extension
L100_Ts130_Tr35p0_dT5_F1p0_LP45,1.0,130.0,35.0,5.0,1.0,0.45,S2b,800,1201,800,800,1.0,1.0,238.2599999997833,238.26,0.1648404952869095,historical_extension
L100_Ts130_Tr35p0_dT5_F1p2_LP20,1.0,130.0,35.0,5.0,1.2,0.2,S1,800,1201,800,789,1.0,0.98625,282.0324498734859,281.98071,0.2456597235551443,historical_extension
L100_Ts130_Tr35p0_dT5_F1p2_LP20,1.0,130.0,35.0,5.0,1.2,0.2,S2a,800,1201,800,800,1.0,1.0,285.9119999997399,285.912,0.1543026765061199,historical_extension
L100_Ts130_Tr35p0_dT5_F1p2_LP20,1.0,130.0,35.0,5.0,1.2,0.2,S2b,800,1201,800,800,1.0,1.0,285.9119999997399,285.912,0.1662542520197966,historical_extension
L100_Ts130_Tr35p0_dT5_F1p2_LP30,1.0,130.0,35.0,5.0,1.2,0.3,S1,800,1201,800,789,1.0,0.98625,282.0324498734859,281.98071,0.2456597235551443,historical_extension
L100_Ts130_Tr35p0_dT5_F1p2_LP30,1.0,130.0,35.0,5.0,1.2,0.3,S2a,800,1201,800,800,1.0,1.0,285.9119999997399,285.912,0.1543026765061199,historical_extension
L100_Ts130_Tr35p0_dT5_F1p2_LP30,1.0,130.0,35.0,5.0,1.2,0.3,S2b,800,1201,800,800,1.0,1.0,285.9119999997399,285.912,0.1662542520197966,historical_extension
L100_Ts130_Tr35p0_dT5_F1p2_LP40,1.0,130.0,35.0,5.0,1.2,0.4,S1,800,1201,800,789,1.0,0.98625,282.0324498734859,281.98071,0.2456597235551443,historical_extension
L100_Ts130_Tr35p0_dT5_F1p2_LP40,1.0,130.0,35.0,5.0,1.2,0.4,S2a,800,1201,800,800,1.0,1.0,285.9119999997399,285.912,0.1543026765061199,historical_extension
L100_Ts130_Tr35p0_dT5_F1p2_LP40,1.0,130.0,35.0,5.0,1.2,0.4,S2b,800,1201,800,800,1.0,1.0,285.9119999997399,285.912,0.1662542520197966,historical_extension
L100_Ts130_Tr35p0_dT5_F1p2_LP45,1.0,130.0,35.0,5.0,1.2,0.45,S1,800,1201,800,789,1.0,0.98625,282.0324498734859,281.98071,0.2456597235551443,historical_extension
L100_Ts130_Tr35p0_dT5_F1p2_LP45,1.0,130.0,35.0,5.0,1.2,0.45,S2a,800,1201,800,800,1.0,1.0,285.9119999997399,285.912,0.1543026765061199,historical_extension
L100_Ts130_Tr35p0_dT5_F1p2_LP45,1.0,130.0,35.0,5.0,1.2,0.45,S2b,800,1201,800,800,1.0,1.0,285.9119999997399,285.912,0.1662542520197966,historical_extension
L100_Ts130_Tr35p0_dT10_F0p8_LP20,1.0,130.0,35.0,10.0,0.8,0.2,S1,800,1201,800,800,1.0,1.0,190.60799999982663,190.608,0.2489219933793926,historical_extension
L100_Ts130_Tr35p0_dT10_F0p8_LP20,1.0,130.0,35.0,10.0,0.8,0.2,S2a,800,1201,800,800,1.0,1.0,190.60799999982663,190.608,0.1568820039712591,historical_extension
L100_Ts130_Tr35p0_dT10_F0p8_LP20,1.0,130.0,35.0,10.0,0.8,0.2,S2b,800,1201,800,800,1.0,1.0,190.60799999982663,190.608,0.1699740821284137,historical_extension
L100_Ts130_Tr35p0_dT10_F0p8_LP30,1.0,130.0,35.0,10.0,0.8,0.3,S1,800,1201,800,800,1.0,1.0,190.60799999982663,190.608,0.2489219933793926,historical_extension
L100_Ts130_Tr35p0_dT10_F0p8_LP30,1.0,130.0,35.0,10.0,0.8,0.3,S2a,800,1201,800,800,1.0,1.0,190.60799999982663,190.608,0.1568820039712591,historical_extension
L100_Ts130_Tr35p0_dT10_F0p8_LP30,1.0,130.0,35.0,10.0,0.8,0.3,S2b,800,1201,800,800,1.0,1.0,190.60799999982663,190.608,0.1699740821284137,historical_extension
L100_Ts130_Tr35p0_dT10_F0p8_LP40,1.0,130.0,35.0,10.0,0.8,0.4,S1,800,1201,800,800,1.0,1.0,190.60799999982663,190.608,0.2489219933793926,historical_extension
L100_Ts130_Tr35p0_dT10_F0p8_LP40,1.0,130.0,35.0,10.0,0.8,0.4,S2a,800,1201,800,800,1.0,1.0,190.60799999982663,190.608,0.1568820039712591,historical_extension
L100_Ts130_Tr35p0_dT10_F0p8_LP40,1.0,130.0,35.0,10.0,0.8,0.4,S2b,800,1201,800,800,1.0,1.0,190.60799999982663,190.608,0.1699740821284137,historical_extension
L100_Ts130_Tr35p0_dT10_F0p8_LP45,1.0,130.0,35.0,10.0,0.8,0.45,S1,800,1201,800,800,1.0,1.0,190.60799999982663,190.608,0.2489219933793926,historical_extension
L100_Ts130_Tr35p0_dT10_F0p8_LP45,1.0,130.0,35.0,10.0,0.8,0.45,S2a,800,1201,800,800,1.0,1.0,190.60799999982663,190.608,0.1568820039712591,historical_extension
L100_Ts130_Tr35p0_dT10_F0p8_LP45,1.0,130.0,35.0,10.0,0.8,0.45,S2b,800,1201,800,800,1.0,1.0,190.60799999982663,190.608,0.1699740821284137,historical_extension
L100_Ts130_Tr35p0_dT10_F1p0_LP20,1.0,130.0,35.0,10.0,1.0,0.2,S1,800,1201,800,780,1.0,0.975,232.34627201307177,232.3035,0.2474331579973626,historical_extension
L100_Ts130_Tr35p0_dT10_F1p0_LP20,1.0,130.0,35.0,10.0,1.0,0.2,S2a,800,1201,800,800,1.0,1.0,238.2599999997833,238.26,0.1574730850075582,historical_extension
L100_Ts130_Tr35p0_dT10_F1p0_LP20,1.0,130.0,35.0,10.0,1.0,0.2,S2b,800,1201,800,800,1.0,1.0,238.2599999997833,238.26,0.1714075214299951,historical_extension
L100_Ts130_Tr35p0_dT10_F1p0_LP30,1.0,130.0,35.0,10.0,1.0,0.3,S1,800,1201,800,780,1.0,0.975,232.34627201307177,232.3035,0.2474331579973626,historical_extension
L100_Ts130_Tr35p0_dT10_F1p0_LP30,1.0,130.0,35.0,10.0,1.0,0.3,S2a,800,1201,800,800,1.0,1.0,238.2599999997833,238.26,0.1574730850075582,historical_extension
L100_Ts130_Tr35p0_dT10_F1p0_LP30,1.0,130.0,35.0,10.0,1.0,0.3,S2b,800,1201,800,800,1.0,1.0,238.2599999997833,238.26,0.1714075214299951,historical_extension
L100_Ts130_Tr35p0_dT10_F1p0_LP40,1.0,130.0,35.0,10.0,1.0,0.4,S1,800,1201,800,780,1.0,0.975,232.34627201307177,232.3035,0.2474331579973626,historical_extension
L100_Ts130_Tr35p0_dT10_F1p0_LP40,1.0,130.0,35.0,10.0,1.0,0.4,S2a,800,1201,800,800,1.0,1.0,238.2599999997833,238.26,0.1574730850075582,historical_extension
L100_Ts130_Tr35p0_dT10_F1p0_LP40,1.0,130.0,35.0,10.0,1.0,0.4,S2b,800,1201,800,800,1.0,1.0,238.2599999997833,238.26,0.1714075214299951,historical_extension
L100_Ts130_Tr35p0_dT10_F1p0_LP45,1.0,130.0,35.0,10.0,1.0,0.45,S1,800,1201,800,780,1.0,0.975,232.34627201307177,232.3035,0.2474331579973626,historical_extension
L100_Ts130_Tr35p0_dT10_F1p0_LP45,1.0,130.0,35.0,10.0,1.0,0.45,S2a,800,1201,800,800,1.0,1.0,238.2599999997833,238.26,0.1574730850075582,historical_extension
L100_Ts130_Tr35p0_dT10_F1p0_LP45,1.0,130.0,35.0,10.0,1.0,0.45,S2b,800,1201,800,800,1.0,1.0,238.2599999997833,238.26,0.1714075214299951,historical_extension
L100_Ts130_Tr35p0_dT10_F1p2_LP20,1.0,130.0,35.0,10.0,1.2,0.2,S1,800,1201,800,755,1.0,0.94375,269.9608593309206,269.82945,0.2460929937661773,historical_extension
L100_Ts130_Tr35p0_dT10_F1p2_LP20,1.0,130.0,35.0,10.0,1.2,0.2,S2a,800,1201,800,800,1.0,1.0,285.9119999997399,285.912,0.158169428381752,historical_extension
L100_Ts130_Tr35p0_dT10_F1p2_LP20,1.0,130.0,35.0,10.0,1.2,0.2,S2b,800,1201,800,800,1.0,1.0,285.9119999997399,285.912,0.1729902885044891,historical_extension
L100_Ts130_Tr35p0_dT10_F1p2_LP30,1.0,130.0,35.0,10.0,1.2,0.3,S1,800,1201,800,755,1.0,0.94375,269.9608593309206,269.82945,0.2460929937661773,historical_extension
L100_Ts130_Tr35p0_dT10_F1p2_LP30,1.0,130.0,35.0,10.0,1.2,0.3,S2a,800,1201,800,800,1.0,1.0,285.9119999997399,285.912,0.158169428381752,historical_extension
L100_Ts130_Tr35p0_dT10_F1p2_LP30,1.0,130.0,35.0,10.0,1.2,0.3,S2b,800,1201,800,800,1.0,1.0,285.9119999997399,285.912,0.1729902885044891,historical_extension
L100_Ts130_Tr35p0_dT10_F1p2_LP40,1.0,130.0,35.0,10.0,1.2,0.4,S1,800,1201,800,755,1.0,0.94375,269.9608593309206,269.82945,0.2460929937661773,historical_extension
L100_Ts130_Tr35p0_dT10_F1p2_LP40,1.0,130.0,35.0,10.0,1.2,0.4,S2a,800,1201,800,800,1.0,1.0,285.9119999997399,285.912,0.158169428381752,historical_extension
L100_Ts130_Tr35p0_dT10_F1p2_LP40,1.0,130.0,35.0,10.0,1.2,0.4,S2b,800,1201,800,800,1.0,1.0,285.9119999997399,285.912,0.1729902885044891,historical_extension
L100_Ts130_Tr35p0_dT10_F1p2_LP45,1.0,130.0,35.0,10.0,1.2,0.45,S1,800,1201,800,755,1.0,0.94375,269.9608593309206,269.82945,0.2460929937661773,historical_extension
L100_Ts130_Tr35p0_dT10_F1p2_LP45,1.0,130.0,35.0,10.0,1.2,0.45,S2a,800,1201,800,800,1.0,1.0,285.9119999997399,285.912,0.158169428381752,historical_extension
L100_Ts130_Tr35p0_dT10_F1p2_LP45,1.0,130.0,35.0,10.0,1.2,0.45,S2b,800,1201,800,800,1.0,1.0,285.9119999997399,285.912,0.1729902885044891,historical_extension
L100_Ts130_Tr35p0_dT15_F0p8_LP20,1.0,130.0,35.0,15.0,0.8,0.2,S1,800,1201,800,768,1.0,0.96,183.02322059480764,182.98368,0.24919384919808,historical_extension
L100_Ts130_Tr35p0_dT15_F0p8_LP20,1.0,130.0,35.0,15.0,0.8,0.2,S2a,800,1201,800,800,1.0,1.0,190.60799999982663,190.608,0.1609916717640823,historical_extension
L100_Ts130_Tr35p0_dT15_F0p8_LP20,1.0,130.0,35.0,15.0,0.8,0.2,S2b,800,1201,800,800,1.0,1.0,190.60799999982663,190.608,0.1772808320563809,historical_extension
L100_Ts130_Tr35p0_dT15_F0p8_LP30,1.0,130.0,35.0,15.0,0.8,0.3,S1,800,1201,800,768,1.0,0.96,183.02322059480764,182.98368,0.24919384919808,historical_extension
L100_Ts130_Tr35p0_dT15_F0p8_LP30,1.0,130.0,35.0,15.0,0.8,0.3,S2a,800,1201,800,800,1.0,1.0,190.60799999982663,190.608,0.1609916717640823,historical_extension
L100_Ts130_Tr35p0_dT15_F0p8_LP30,1.0,130.0,35.0,15.0,0.8,0.3,S2b,800,1201,800,800,1.0,1.0,190.60799999982663,190.608,0.1772808320563809,historical_extension
L100_Ts130_Tr35p0_dT15_F0p8_LP40,1.0,130.0,35.0,15.0,0.8,0.4,S1,800,1201,800,768,1.0,0.96,183.02322059480764,182.98368,0.24919384919808,historical_extension
L100_Ts130_Tr35p0_dT15_F0p8_LP40,1.0,130.0,35.0,15.0,0.8,0.4,S2a,800,1201,800,800,1.0,1.0,190.60799999982663,190.608,0.1609916717640823,historical_extension
L100_Ts130_Tr35p0_dT15_F0p8_LP40,1.0,130.0,35.0,15.0,0.8,0.4,S2b,800,1201,800,800,1.0,1.0,190.60799999982663,190.608,0.1772808320563809,historical_extension
L100_Ts130_Tr35p0_dT15_F0p8_LP45,1.0,130.0,35.0,15.0,0.8,0.45,S1,800,1201,800,768,1.0,0.96,183.02322059480764,182.98368,0.24919384919808,historical_extension
L100_Ts130_Tr35p0_dT15_F0p8_LP45,1.0,130.0,35.0,15.0,0.8,0.45,S2a,800,1201,800,800,1.0,1.0,190.60799999982663,190.608,0.1609916717640823,historical_extension
L100_Ts130_Tr35p0_dT15_F0p8_LP45,1.0,130.0,35.0,15.0,0.8,0.45,S2b,800,1201,800,800,1.0,1.0,190.60799999982663,190.608,0.1772808320563809,historical_extension
L100_Ts130_Tr35p0_dT15_F1p0_LP20,1.0,130.0,35.0,15.0,1.0,0.2,S1,800,1201,800,744,1.0,0.93,221.78961540424365,221.5818,0.2478154552423917,historical_extension
L100_Ts130_Tr35p0_dT15_F1p0_LP20,1.0,130.0,35.0,15.0,1.0,0.2,S2a,800,1201,800,790,1.0,0.9875,235.36480377031432,235.28175,0.1611745642197016,historical_extension
L100_Ts130_Tr35p0_dT15_F1p0_LP20,1.0,130.0,35.0,15.0,1.0,0.2,S2b,800,1201,800,800,1.0,1.0,238.2599999997833,238.26,0.1788786802979573,historical_extension
L100_Ts130_Tr35p0_dT15_F1p0_LP30,1.0,130.0,35.0,15.0,1.0,0.3,S1,800,1201,800,744,1.0,0.93,221.78961540424365,221.5818,0.2478154552423917,historical_extension
L100_Ts130_Tr35p0_dT15_F1p0_LP30,1.0,130.0,35.0,15.0,1.0,0.3,S2a,800,1201,800,790,1.0,0.9875,235.36480377031432,235.28175,0.1611745642197016,historical_extension
L100_Ts130_Tr35p0_dT15_F1p0_LP30,1.0,130.0,35.0,15.0,1.0,0.3,S2b,800,1201,800,800,1.0,1.0,238.2599999997833,238.26,0.1788786802979573,historical_extension
L100_Ts130_Tr35p0_dT15_F1p0_LP40,1.0,130.0,35.0,15.0,1.0,0.4,S1,800,1201,800,744,1.0,0.93,221.78961540424365,221.5818,0.2478154552423917,historical_extension
L100_Ts130_Tr35p0_dT15_F1p0_LP40,1.0,130.0,35.0,15.0,1.0,0.4,S2a,800,1201,800,790,1.0,0.9875,235.36480377031432,235.28175,0.1611745642197016,historical_extension
L100_Ts130_Tr35p0_dT15_F1p0_LP40,1.0,130.0,35.0,15.0,1.0,0.4,S2b,800,1201,800,800,1.0,1.0,238.2599999997833,238.26,0.1788786802979573,historical_extension
L100_Ts130_Tr35p0_dT15_F1p0_LP45,1.0,130.0,35.0,15.0,1.0,0.45,S1,800,1201,800,744,1.0,0.93,221.78961540424365,221.5818,0.2478154552423917,historical_extension
L100_Ts130_Tr35p0_dT15_F1p0_LP45,1.0,130.0,35.0,15.0,1.0,0.45,S2a,800,1201,800,790,1.0,0.9875,235.36480377031432,235.28175,0.1611745642197016,historical_extension
L100_Ts130_Tr35p0_dT15_F1p0_LP45,1.0,130.0,35.0,15.0,1.0,0.45,S2b,800,1201,800,800,1.0,1.0,238.2599999997833,238.26,0.1788786802979573,historical_extension
L100_Ts130_Tr35p0_dT15_F1p2_LP20,1.0,130.0,35.0,15.0,1.2,0.2,S1,800,1201,800,721,1.0,0.90125,257.83451581024906,257.67819,0.2465262639772103,historical_extension
L100_Ts130_Tr35p0_dT15_F1p2_LP20,1.0,130.0,35.0,15.0,1.2,0.2,S2a,800,1201,800,773,1.0,0.96625,276.5177785641581,276.26247,0.1610470456105853,historical_extension
L100_Ts130_Tr35p0_dT15_F1p2_LP20,1.0,130.0,35.0,15.0,1.2,0.2,S2b,800,1201,800,800,1.0,1.0,285.9119999997399,285.912,0.1806016506182965,historical_extension
L100_Ts130_Tr35p0_dT15_F1p2_LP30,1.0,130.0,35.0,15.0,1.2,0.3,S1,800,1201,800,721,1.0,0.90125,257.83451581024906,257.67819,0.2465262639772103,historical_extension
L100_Ts130_Tr35p0_dT15_F1p2_LP30,1.0,130.0,35.0,15.0,1.2,0.3,S2a,800,1201,800,773,1.0,0.96625,276.5177785641581,276.26247,0.1610470456105853,historical_extension
L100_Ts130_Tr35p0_dT15_F1p2_LP30,1.0,130.0,35.0,15.0,1.2,0.3,S2b,800,1201,800,800,1.0,1.0,285.9119999997399,285.912,0.1806016506182965,historical_extension
L100_Ts130_Tr35p0_dT15_F1p2_LP40,1.0,130.0,35.0,15.0,1.2,0.4,S1,800,1201,800,721,1.0,0.90125,257.83451581024906,257.67819,0.2465262639772103,historical_extension
L100_Ts130_Tr35p0_dT15_F1p2_LP40,1.0,130.0,35.0,15.0,1.2,0.4,S2a,800,1201,800,773,1.0,0.96625,276.5177785641581,276.26247,0.1610470456105853,historical_extension
L100_Ts130_Tr35p0_dT15_F1p2_LP40,1.0,130.0,35.0,15.0,1.2,0.4,S2b,800,1201,800,800,1.0,1.0,285.9119999997399,285.912,0.1806016506182965,historical_extension
L100_Ts130_Tr35p0_dT15_F1p2_LP45,1.0,130.0,35.0,15.0,1.2,0.45,S1,800,1201,800,721,1.0,0.90125,257.83451581024906,257.67819,0.2465262639772103,historical_extension
L100_Ts130_Tr35p0_dT15_F1p2_LP45,1.0,130.0,35.0,15.0,1.2,0.45,S2a,800,1201,800,773,1.0,0.96625,276.5177785641581,276.26247,0.1610470456105853,historical_extension
L100_Ts130_Tr35p0_dT15_F1p2_LP45,1.0,130.0,35.0,15.0,1.2,0.45,S2b,800,1201,800,800,1.0,1.0,285.9119999997399,285.912,0.1806016506182965,historical_extension
L100_Ts130_Tr41p44_dT5_F0p8_LP20,1.0,130.0,41.44,5.0,0.8,0.2,S1,800,1201,800,800,1.0,1.0,177.68678399983838,177.68678399999996,0.2493832933561524,historical_extension
L100_Ts130_Tr41p44_dT5_F0p8_LP20,1.0,130.0,41.44,5.0,0.8,0.2,S2a,800,1201,800,800,1.0,1.0,177.68678399983838,177.68678399999996,0.1552447448166291,historical_extension
L100_Ts130_Tr41p44_dT5_F0p8_LP20,1.0,130.0,41.44,5.0,0.8,0.2,S2b,800,1201,800,800,1.0,1.0,177.68678399983838,177.68678399999996,0.1669370771713959,historical_extension
L100_Ts130_Tr41p44_dT5_F0p8_LP30,1.0,130.0,41.44,5.0,0.8,0.3,S1,800,1201,800,800,1.0,1.0,177.68678399983838,177.68678399999996,0.2493832933561524,historical_extension
L100_Ts130_Tr41p44_dT5_F0p8_LP30,1.0,130.0,41.44,5.0,0.8,0.3,S2a,800,1201,800,800,1.0,1.0,177.68678399983838,177.68678399999996,0.1552447448166291,historical_extension
L100_Ts130_Tr41p44_dT5_F0p8_LP30,1.0,130.0,41.44,5.0,0.8,0.3,S2b,800,1201,800,800,1.0,1.0,177.68678399983838,177.68678399999996,0.1669370771713959,historical_extension
L100_Ts130_Tr41p44_dT5_F0p8_LP40,1.0,130.0,41.44,5.0,0.8,0.4,S1,800,1201,800,800,1.0,1.0,177.68678399983838,177.68678399999996,0.2493832933561524,historical_extension
L100_Ts130_Tr41p44_dT5_F0p8_LP40,1.0,130.0,41.44,5.0,0.8,0.4,S2a,800,1201,800,800,1.0,1.0,177.68678399983838,177.68678399999996,0.1552447448166291,historical_extension
L100_Ts130_Tr41p44_dT5_F0p8_LP40,1.0,130.0,41.44,5.0,0.8,0.4,S2b,800,1201,800,800,1.0,1.0,177.68678399983838,177.68678399999996,0.1669370771713959,historical_extension
L100_Ts130_Tr41p44_dT5_F0p8_LP45,1.0,130.0,41.44,5.0,0.8,0.45,S1,800,1201,800,800,1.0,1.0,177.68678399983838,177.68678399999996,0.2493832933561524,historical_extension
L100_Ts130_Tr41p44_dT5_F0p8_LP45,1.0,130.0,41.44,5.0,0.8,0.45,S2a,800,1201,800,800,1.0,1.0,177.68678399983838,177.68678399999996,0.1552447448166291,historical_extension
L100_Ts130_Tr41p44_dT5_F0p8_LP45,1.0,130.0,41.44,5.0,0.8,0.45,S2b,800,1201,800,800,1.0,1.0,177.68678399983838,177.68678399999996,0.1669370771713959,historical_extension
L100_Ts130_Tr41p44_dT5_F1p0_LP20,1.0,130.0,41.44,5.0,1.0,0.2,S1,800,1201,800,800,1.0,1.0,222.108479999798,222.10848,0.2477973956099628,historical_extension
L100_Ts130_Tr41p44_dT5_F1p0_LP20,1.0,130.0,41.44,5.0,1.0,0.2,S2a,800,1201,800,800,1.0,1.0,222.108479999798,222.10848,0.1557982703085331,historical_extension
L100_Ts130_Tr41p44_dT5_F1p0_LP20,1.0,130.0,41.44,5.0,1.0,0.2,S2b,800,1201,800,800,1.0,1.0,222.108479999798,222.10848,0.1683082088457362,historical_extension
L100_Ts130_Tr41p44_dT5_F1p0_LP30,1.0,130.0,41.44,5.0,1.0,0.3,S1,800,1201,800,800,1.0,1.0,222.108479999798,222.10848,0.2477973956099628,historical_extension
L100_Ts130_Tr41p44_dT5_F1p0_LP30,1.0,130.0,41.44,5.0,1.0,0.3,S2a,800,1201,800,800,1.0,1.0,222.108479999798,222.10848,0.1557982703085331,historical_extension
L100_Ts130_Tr41p44_dT5_F1p0_LP30,1.0,130.0,41.44,5.0,1.0,0.3,S2b,800,1201,800,800,1.0,1.0,222.108479999798,222.10848,0.1683082088457362,historical_extension
L100_Ts130_Tr41p44_dT5_F1p0_LP40,1.0,130.0,41.44,5.0,1.0,0.4,S1,800,1201,800,800,1.0,1.0,222.108479999798,222.10848,0.2477973956099628,historical_extension
L100_Ts130_Tr41p44_dT5_F1p0_LP40,1.0,130.0,41.44,5.0,1.0,0.4,S2a,800,1201,800,800,1.0,1.0,222.108479999798,222.10848,0.1557982703085331,historical_extension
L100_Ts130_Tr41p44_dT5_F1p0_LP40,1.0,130.0,41.44,5.0,1.0,0.4,S2b,800,1201,800,800,1.0,1.0,222.108479999798,222.10848,0.1683082088457362,historical_extension
L100_Ts130_Tr41p44_dT5_F1p0_LP45,1.0,130.0,41.44,5.0,1.0,0.45,S1,800,1201,800,800,1.0,1.0,222.108479999798,222.10848,0.2477973956099628,historical_extension
L100_Ts130_Tr41p44_dT5_F1p0_LP45,1.0,130.0,41.44,5.0,1.0,0.45,S2a,800,1201,800,800,1.0,1.0,222.108479999798,222.10848,0.1557982703085331,historical_extension
L100_Ts130_Tr41p44_dT5_F1p0_LP45,1.0,130.0,41.44,5.0,1.0,0.45,S2b,800,1201,800,800,1.0,1.0,222.108479999798,222.10848,0.1683082088457362,historical_extension
L100_Ts130_Tr41p44_dT5_F1p2_LP20,1.0,130.0,41.44,5.0,1.2,0.2,S1,800,1201,800,799,1.0,0.99875,266.47399325311176,266.19701328,0.2462233772476398,historical_extension
L100_Ts130_Tr41p44_dT5_F1p2_LP20,1.0,130.0,41.44,5.0,1.2,0.2,S2a,800,1201,800,800,1.0,1.0,266.5301759997576,266.530176,0.1564567977712043,historical_extension
L100_Ts130_Tr41p44_dT5_F1p2_LP20,1.0,130.0,41.44,5.0,1.2,0.2,S2b,800,1201,800,800,1.0,1.0,266.5301759997576,266.530176,0.1698215365749899,historical_extension
L100_Ts130_Tr41p44_dT5_F1p2_LP30,1.0,130.0,41.44,5.0,1.2,0.3,S1,800,1201,800,799,1.0,0.99875,266.47399325311176,266.19701328,0.2462233772476398,historical_extension
L100_Ts130_Tr41p44_dT5_F1p2_LP30,1.0,130.0,41.44,5.0,1.2,0.3,S2a,800,1201,800,800,1.0,1.0,266.5301759997576,266.530176,0.1564567977712043,historical_extension
L100_Ts130_Tr41p44_dT5_F1p2_LP30,1.0,130.0,41.44,5.0,1.2,0.3,S2b,800,1201,800,800,1.0,1.0,266.5301759997576,266.530176,0.1698215365749899,historical_extension
L100_Ts130_Tr41p44_dT5_F1p2_LP40,1.0,130.0,41.44,5.0,1.2,0.4,S1,800,1201,800,799,1.0,0.99875,266.47399325311176,266.19701328,0.2462233772476398,historical_extension
L100_Ts130_Tr41p44_dT5_F1p2_LP40,1.0,130.0,41.44,5.0,1.2,0.4,S2a,800,1201,800,800,1.0,1.0,266.5301759997576,266.530176,0.1564567977712043,historical_extension
L100_Ts130_Tr41p44_dT5_F1p2_LP40,1.0,130.0,41.44,5.0,1.2,0.4,S2b,800,1201,800,800,1.0,1.0,266.5301759997576,266.530176,0.1698215365749899,historical_extension
L100_Ts130_Tr41p44_dT5_F1p2_LP45,1.0,130.0,41.44,5.0,1.2,0.45,S1,800,1201,800,799,1.0,0.99875,266.47399325311176,266.19701328,0.2462233772476398,historical_extension
L100_Ts130_Tr41p44_dT5_F1p2_LP45,1.0,130.0,41.44,5.0,1.2,0.45,S2a,800,1201,800,800,1.0,1.0,266.5301759997576,266.530176,0.1564567977712043,historical_extension
L100_Ts130_Tr41p44_dT5_F1p2_LP45,1.0,130.0,41.44,5.0,1.2,0.45,S2b,800,1201,800,800,1.0,1.0,266.5301759997576,266.530176,0.1698215365749899,historical_extension
L100_Ts130_Tr41p44_dT10_F0p8_LP20,1.0,130.0,41.44,10.0,0.8,0.2,S1,800,1201,800,800,1.0,1.0,177.68678399983838,177.68678399999996,0.2493832933561524,historical_extension
L100_Ts130_Tr41p44_dT10_F0p8_LP20,1.0,130.0,41.44,10.0,0.8,0.2,S2a,800,1201,800,800,1.0,1.0,177.68678399983838,177.68678399999996,0.1593976547106955,historical_extension
L100_Ts130_Tr41p44_dT10_F0p8_LP20,1.0,130.0,41.44,10.0,0.8,0.2,S2b,800,1201,800,800,1.0,1.0,177.68678399983838,177.68678399999996,0.17431178355905,historical_extension
L100_Ts130_Tr41p44_dT10_F0p8_LP30,1.0,130.0,41.44,10.0,0.8,0.3,S1,800,1201,800,800,1.0,1.0,177.68678399983838,177.68678399999996,0.2493832933561524,historical_extension
L100_Ts130_Tr41p44_dT10_F0p8_LP30,1.0,130.0,41.44,10.0,0.8,0.3,S2a,800,1201,800,800,1.0,1.0,177.68678399983838,177.68678399999996,0.1593976547106955,historical_extension
L100_Ts130_Tr41p44_dT10_F0p8_LP30,1.0,130.0,41.44,10.0,0.8,0.3,S2b,800,1201,800,800,1.0,1.0,177.68678399983838,177.68678399999996,0.17431178355905,historical_extension
L100_Ts130_Tr41p44_dT10_F0p8_LP40,1.0,130.0,41.44,10.0,0.8,0.4,S1,800,1201,800,800,1.0,1.0,177.68678399983838,177.68678399999996,0.2493832933561524,historical_extension
L100_Ts130_Tr41p44_dT10_F0p8_LP40,1.0,130.0,41.44,10.0,0.8,0.4,S2a,800,1201,800,800,1.0,1.0,177.68678399983838,177.68678399999996,0.1593976547106955,historical_extension
L100_Ts130_Tr41p44_dT10_F0p8_LP40,1.0,130.0,41.44,10.0,0.8,0.4,S2b,800,1201,800,800,1.0,1.0,177.68678399983838,177.68678399999996,0.17431178355905,historical_extension
L100_Ts130_Tr41p44_dT10_F0p8_LP45,1.0,130.0,41.44,10.0,0.8,0.45,S1,800,1201,800,800,1.0,1.0,177.68678399983838,177.68678399999996,0.2493832933561524,historical_extension
L100_Ts130_Tr41p44_dT10_F0p8_LP45,1.0,130.0,41.44,10.0,0.8,0.45,S2a,800,1201,800,800,1.0,1.0,177.68678399983838,177.68678399999996,0.1593976547106955,historical_extension
L100_Ts130_Tr41p44_dT10_F0p8_LP45,1.0,130.0,41.44,10.0,0.8,0.45,S2b,800,1201,800,800,1.0,1.0,177.68678399983838,177.68678399999996,0.17431178355905,historical_extension
L100_Ts130_Tr41p44_dT10_F1p0_LP20,1.0,130.0,41.44,10.0,1.0,0.2,S1,800,1201,800,787,1.0,0.98375,218.7436928486598,218.49921720000003,0.2479260889351842,historical_extension
L100_Ts130_Tr41p44_dT10_F1p0_LP20,1.0,130.0,41.44,10.0,1.0,0.2,S2a,800,1201,800,800,1.0,1.0,222.108479999798,222.10848,0.1600853840784567,historical_extension
L100_Ts130_Tr41p44_dT10_F1p0_LP20,1.0,130.0,41.44,10.0,1.0,0.2,S2b,800,1201,800,800,1.0,1.0,222.108479999798,222.10848,0.175871704070168,historical_extension
L100_Ts130_Tr41p44_dT10_F1p0_LP30,1.0,130.0,41.44,10.0,1.0,0.3,S1,800,1201,800,787,1.0,0.98375,218.7436928486598,218.49921720000003,0.2479260889351842,historical_extension
L100_Ts130_Tr41p44_dT10_F1p0_LP30,1.0,130.0,41.44,10.0,1.0,0.3,S2a,800,1201,800,800,1.0,1.0,222.108479999798,222.10848,0.1600853840784567,historical_extension
L100_Ts130_Tr41p44_dT10_F1p0_LP30,1.0,130.0,41.44,10.0,1.0,0.3,S2b,800,1201,800,800,1.0,1.0,222.108479999798,222.10848,0.175871704070168,historical_extension
L100_Ts130_Tr41p44_dT10_F1p0_LP40,1.0,130.0,41.44,10.0,1.0,0.4,S1,800,1201,800,787,1.0,0.98375,218.7436928486598,218.49921720000003,0.2479260889351842,historical_extension
L100_Ts130_Tr41p44_dT10_F1p0_LP40,1.0,130.0,41.44,10.0,1.0,0.4,S2a,800,1201,800,800,1.0,1.0,222.108479999798,222.10848,0.1600853840784567,historical_extension
L100_Ts130_Tr41p44_dT10_F1p0_LP40,1.0,130.0,41.44,10.0,1.0,0.4,S2b,800,1201,800,800,1.0,1.0,222.108479999798,222.10848,0.175871704070168,historical_extension
L100_Ts130_Tr41p44_dT10_F1p0_LP45,1.0,130.0,41.44,10.0,1.0,0.45,S1,800,1201,800,787,1.0,0.98375,218.7436928486598,218.49921720000003,0.2479260889351842,historical_extension
L100_Ts130_Tr41p44_dT10_F1p0_LP45,1.0,130.0,41.44,10.0,1.0,0.45,S2a,800,1201,800,800,1.0,1.0,222.108479999798,222.10848,0.1600853840784567,historical_extension
L100_Ts130_Tr41p44_dT10_F1p0_LP45,1.0,130.0,41.44,10.0,1.0,0.45,S2b,800,1201,800,800,1.0,1.0,222.108479999798,222.10848,0.175871704070168,historical_extension
L100_Ts130_Tr41p44_dT10_F1p2_LP20,1.0,130.0,41.44,10.0,1.2,0.2,S1,800,1201,800,763,1.0,0.95375,254.3322680035878,254.20315536,0.246651035066837,historical_extension
L100_Ts130_Tr41p44_dT10_F1p2_LP20,1.0,130.0,41.44,10.0,1.2,0.2,S2a,800,1201,800,800,1.0,1.0,266.5301759997576,266.530176,0.160862705179378,historical_extension
L100_Ts130_Tr41p44_dT10_F1p2_LP20,1.0,130.0,41.44,10.0,1.2,0.2,S2b,800,1201,800,800,1.0,1.0,266.5301759997576,266.530176,0.1775520856107005,historical_extension
L100_Ts130_Tr41p44_dT10_F1p2_LP30,1.0,130.0,41.44,10.0,1.2,0.3,S1,800,1201,800,763,1.0,0.95375,254.3322680035878,254.20315536,0.246651035066837,historical_extension
L100_Ts130_Tr41p44_dT10_F1p2_LP30,1.0,130.0,41.44,10.0,1.2,0.3,S2a,800,1201,800,800,1.0,1.0,266.5301759997576,266.530176,0.160862705179378,historical_extension
L100_Ts130_Tr41p44_dT10_F1p2_LP30,1.0,130.0,41.44,10.0,1.2,0.3,S2b,800,1201,800,800,1.0,1.0,266.5301759997576,266.530176,0.1775520856107005,historical_extension
L100_Ts130_Tr41p44_dT10_F1p2_LP40,1.0,130.0,41.44,10.0,1.2,0.4,S1,800,1201,800,763,1.0,0.95375,254.3322680035878,254.20315536,0.246651035066837,historical_extension
L100_Ts130_Tr41p44_dT10_F1p2_LP40,1.0,130.0,41.44,10.0,1.2,0.4,S2a,800,1201,800,800,1.0,1.0,266.5301759997576,266.530176,0.160862705179378,historical_extension
L100_Ts130_Tr41p44_dT10_F1p2_LP40,1.0,130.0,41.44,10.0,1.2,0.4,S2b,800,1201,800,800,1.0,1.0,266.5301759997576,266.530176,0.1775520856107005,historical_extension
L100_Ts130_Tr41p44_dT10_F1p2_LP45,1.0,130.0,41.44,10.0,1.2,0.45,S1,800,1201,800,763,1.0,0.95375,254.3322680035878,254.20315536,0.246651035066837,historical_extension
L100_Ts130_Tr41p44_dT10_F1p2_LP45,1.0,130.0,41.44,10.0,1.2,0.45,S2a,800,1201,800,800,1.0,1.0,266.5301759997576,266.530176,0.160862705179378,historical_extension
L100_Ts130_Tr41p44_dT10_F1p2_LP45,1.0,130.0,41.44,10.0,1.2,0.45,S2b,800,1201,800,800,1.0,1.0,266.5301759997576,266.530176,0.1775520856107005,historical_extension
L100_Ts130_Tr41p44_dT15_F0p8_LP20,1.0,130.0,41.44,15.0,0.8,0.2,S1,800,1201,800,772,1.0,0.965,171.6741011631736,171.46774655999997,0.2496050418549953,historical_extension
L100_Ts130_Tr41p44_dT15_F0p8_LP20,1.0,130.0,41.44,15.0,0.8,0.2,S2a,800,1201,800,800,1.0,1.0,177.68678399983838,177.68678399999996,0.164151570066988,historical_extension
L100_Ts130_Tr41p44_dT15_F0p8_LP20,1.0,130.0,41.44,15.0,0.8,0.2,S2b,800,1201,800,800,1.0,1.0,177.68678399983838,177.68678399999996,0.1828137370641638,historical_extension
L100_Ts130_Tr41p44_dT15_F0p8_LP30,1.0,130.0,41.44,15.0,0.8,0.3,S1,800,1201,800,772,1.0,0.965,171.6741011631736,171.46774655999997,0.2496050418549953,historical_extension
L100_Ts130_Tr41p44_dT15_F0p8_LP30,1.0,130.0,41.44,15.0,0.8,0.3,S2a,800,1201,800,800,1.0,1.0,177.68678399983838,177.68678399999996,0.164151570066988,historical_extension
L100_Ts130_Tr41p44_dT15_F0p8_LP30,1.0,130.0,41.44,15.0,0.8,0.3,S2b,800,1201,800,800,1.0,1.0,177.68678399983838,177.68678399999996,0.1828137370641638,historical_extension
L100_Ts130_Tr41p44_dT15_F0p8_LP40,1.0,130.0,41.44,15.0,0.8,0.4,S1,800,1201,800,772,1.0,0.965,171.6741011631736,171.46774655999997,0.2496050418549953,historical_extension
L100_Ts130_Tr41p44_dT15_F0p8_LP40,1.0,130.0,41.44,15.0,0.8,0.4,S2a,800,1201,800,800,1.0,1.0,177.68678399983838,177.68678399999996,0.164151570066988,historical_extension
L100_Ts130_Tr41p44_dT15_F0p8_LP40,1.0,130.0,41.44,15.0,0.8,0.4,S2b,800,1201,800,800,1.0,1.0,177.68678399983838,177.68678399999996,0.1828137370641638,historical_extension
L100_Ts130_Tr41p44_dT15_F0p8_LP45,1.0,130.0,41.44,15.0,0.8,0.45,S1,800,1201,800,772,1.0,0.965,171.6741011631736,171.46774655999997,0.2496050418549953,historical_extension
L100_Ts130_Tr41p44_dT15_F0p8_LP45,1.0,130.0,41.44,15.0,0.8,0.45,S2a,800,1201,800,800,1.0,1.0,177.68678399983838,177.68678399999996,0.164151570066988,historical_extension
L100_Ts130_Tr41p44_dT15_F0p8_LP45,1.0,130.0,41.44,15.0,0.8,0.45,S2b,800,1201,800,800,1.0,1.0,177.68678399983838,177.68678399999996,0.1828137370641638,historical_extension
L100_Ts130_Tr41p44_dT15_F1p0_LP20,1.0,130.0,41.44,15.0,1.0,0.2,S1,800,1201,800,749,1.0,0.93625,208.14858427314917,207.94906440000003,0.2483022694242928,historical_extension
L100_Ts130_Tr41p44_dT15_F1p0_LP20,1.0,130.0,41.44,15.0,1.0,0.2,S2a,800,1201,800,791,1.0,0.98875,219.668084779413,219.6097596,0.1644722383111576,historical_extension
L100_Ts130_Tr41p44_dT15_F1p0_LP20,1.0,130.0,41.44,15.0,1.0,0.2,S2b,800,1201,800,800,1.0,1.0,222.108479999798,222.10848,0.1845301464794654,historical_extension
L100_Ts130_Tr41p44_dT15_F1p0_LP30,1.0,130.0,41.44,15.0,1.0,0.3,S1,800,1201,800,749,1.0,0.93625,208.14858427314917,207.94906440000003,0.2483022694242928,historical_extension
L100_Ts130_Tr41p44_dT15_F1p0_LP30,1.0,130.0,41.44,15.0,1.0,0.3,S2a,800,1201,800,791,1.0,0.98875,219.668084779413,219.6097596,0.1644722383111576,historical_extension
L100_Ts130_Tr41p44_dT15_F1p0_LP30,1.0,130.0,41.44,15.0,1.0,0.3,S2b,800,1201,800,800,1.0,1.0,222.108479999798,222.10848,0.1845301464794654,historical_extension
L100_Ts130_Tr41p44_dT15_F1p0_LP40,1.0,130.0,41.44,15.0,1.0,0.4,S1,800,1201,800,749,1.0,0.93625,208.14858427314917,207.94906440000003,0.2483022694242928,historical_extension
L100_Ts130_Tr41p44_dT15_F1p0_LP40,1.0,130.0,41.44,15.0,1.0,0.4,S2a,800,1201,800,791,1.0,0.98875,219.668084779413,219.6097596,0.1644722383111576,historical_extension
L100_Ts130_Tr41p44_dT15_F1p0_LP40,1.0,130.0,41.44,15.0,1.0,0.4,S2b,800,1201,800,800,1.0,1.0,222.108479999798,222.10848,0.1845301464794654,historical_extension
L100_Ts130_Tr41p44_dT15_F1p0_LP45,1.0,130.0,41.44,15.0,1.0,0.45,S1,800,1201,800,749,1.0,0.93625,208.14858427314917,207.94906440000003,0.2483022694242928,historical_extension
L100_Ts130_Tr41p44_dT15_F1p0_LP45,1.0,130.0,41.44,15.0,1.0,0.45,S2a,800,1201,800,791,1.0,0.98875,219.668084779413,219.6097596,0.1644722383111576,historical_extension
L100_Ts130_Tr41p44_dT15_F1p0_LP45,1.0,130.0,41.44,15.0,1.0,0.45,S2b,800,1201,800,800,1.0,1.0,222.108479999798,222.10848,0.1845301464794654,historical_extension
L100_Ts130_Tr41p44_dT15_F1p2_LP20,1.0,130.0,41.44,15.0,1.2,0.2,S1,800,1201,800,726,1.0,0.9075,242.13842221620013,241.87613472,0.2470905722699008,historical_extension
L100_Ts130_Tr41p44_dT15_F1p2_LP20,1.0,130.0,41.44,15.0,1.2,0.2,S2a,800,1201,800,774,1.0,0.9675,257.88741326472257,257.86794528,0.1644160218452474,historical_extension
L100_Ts130_Tr41p44_dT15_F1p2_LP20,1.0,130.0,41.44,15.0,1.2,0.2,S2b,800,1201,800,800,1.0,1.0,266.5301759997576,266.530176,0.1863454234810247,historical_extension
L100_Ts130_Tr41p44_dT15_F1p2_LP30,1.0,130.0,41.44,15.0,1.2,0.3,S1,800,1201,800,726,1.0,0.9075,242.13842221620013,241.87613472,0.2470905722699008,historical_extension
L100_Ts130_Tr41p44_dT15_F1p2_LP30,1.0,130.0,41.44,15.0,1.2,0.3,S2a,800,1201,800,774,1.0,0.9675,257.88741326472257,257.86794528,0.1644160218452474,historical_extension
L100_Ts130_Tr41p44_dT15_F1p2_LP30,1.0,130.0,41.44,15.0,1.2,0.3,S2b,800,1201,800,800,1.0,1.0,266.5301759997576,266.530176,0.1863454234810247,historical_extension
L100_Ts130_Tr41p44_dT15_F1p2_LP40,1.0,130.0,41.44,15.0,1.2,0.4,S1,800,1201,800,726,1.0,0.9075,242.13842221620013,241.87613472,0.2470905722699008,historical_extension
L100_Ts130_Tr41p44_dT15_F1p2_LP40,1.0,130.0,41.44,15.0,1.2,0.4,S2a,800,1201,800,774,1.0,0.9675,257.88741326472257,257.86794528,0.1644160218452474,historical_extension
L100_Ts130_Tr41p44_dT15_F1p2_LP40,1.0,130.0,41.44,15.0,1.2,0.4,S2b,800,1201,800,800,1.0,1.0,266.5301759997576,266.530176,0.1863454234810247,historical_extension
L100_Ts130_Tr41p44_dT15_F1p2_LP45,1.0,130.0,41.44,15.0,1.2,0.45,S1,800,1201,800,726,1.0,0.9075,242.13842221620013,241.87613472,0.2470905722699008,historical_extension
L100_Ts130_Tr41p44_dT15_F1p2_LP45,1.0,130.0,41.44,15.0,1.2,0.45,S2a,800,1201,800,774,1.0,0.9675,257.88741326472257,257.86794528,0.1644160218452474,historical_extension
L100_Ts130_Tr41p44_dT15_F1p2_LP45,1.0,130.0,41.44,15.0,1.2,0.45,S2b,800,1201,800,800,1.0,1.0,266.5301759997576,266.530176,0.1863454234810247,historical_extension
L100_Ts130_Tr50p0_dT5_F0p8_LP20,1.0,130.0,50.0,5.0,0.8,0.2,S1,800,1201,800,800,1.0,1.0,160.51199999985397,160.51199999999997,0.2499964498470007,narrow_sensitivity
L100_Ts130_Tr50p0_dT5_F0p8_LP20,1.0,130.0,50.0,5.0,0.8,0.2,S2a,800,1201,800,800,1.0,1.0,160.51199999985397,160.51199999999997,0.1585566152374128,narrow_sensitivity
L100_Ts130_Tr50p0_dT5_F0p8_LP20,1.0,130.0,50.0,5.0,0.8,0.2,S2b,800,1201,800,800,1.0,1.0,160.51199999985397,160.51199999999997,0.1726424385265766,narrow_sensitivity
L100_Ts130_Tr50p0_dT5_F0p8_LP30,1.0,130.0,50.0,5.0,0.8,0.3,S1,800,1201,800,800,1.0,1.0,160.51199999985397,160.51199999999997,0.2499964498470007,narrow_sensitivity
L100_Ts130_Tr50p0_dT5_F0p8_LP30,1.0,130.0,50.0,5.0,0.8,0.3,S2a,800,1201,800,800,1.0,1.0,160.51199999985397,160.51199999999997,0.1585566152374128,narrow_sensitivity
L100_Ts130_Tr50p0_dT5_F0p8_LP30,1.0,130.0,50.0,5.0,0.8,0.3,S2b,800,1201,800,800,1.0,1.0,160.51199999985397,160.51199999999997,0.1726424385265766,narrow_sensitivity
L100_Ts130_Tr50p0_dT5_F0p8_LP40,1.0,130.0,50.0,5.0,0.8,0.4,S1,800,1201,800,800,1.0,1.0,160.51199999985397,160.51199999999997,0.2499964498470007,narrow_sensitivity
L100_Ts130_Tr50p0_dT5_F0p8_LP40,1.0,130.0,50.0,5.0,0.8,0.4,S2a,800,1201,800,800,1.0,1.0,160.51199999985397,160.51199999999997,0.1585566152374128,narrow_sensitivity
L100_Ts130_Tr50p0_dT5_F0p8_LP40,1.0,130.0,50.0,5.0,0.8,0.4,S2b,800,1201,800,800,1.0,1.0,160.51199999985397,160.51199999999997,0.1726424385265766,narrow_sensitivity
L100_Ts130_Tr50p0_dT5_F0p8_LP45,1.0,130.0,50.0,5.0,0.8,0.45,S1,800,1201,800,800,1.0,1.0,160.51199999985397,160.51199999999997,0.2499964498470007,narrow_sensitivity
L100_Ts130_Tr50p0_dT5_F0p8_LP45,1.0,130.0,50.0,5.0,0.8,0.45,S2a,800,1201,800,800,1.0,1.0,160.51199999985397,160.51199999999997,0.1585566152374128,narrow_sensitivity
L100_Ts130_Tr50p0_dT5_F0p8_LP45,1.0,130.0,50.0,5.0,0.8,0.45,S2b,800,1201,800,800,1.0,1.0,160.51199999985397,160.51199999999997,0.1726424385265766,narrow_sensitivity
L100_Ts130_Tr50p0_dT5_F1p0_LP20,1.0,130.0,50.0,5.0,1.0,0.2,S1,800,1201,800,800,1.0,1.0,200.63999999981752,200.64,0.2485638412235233,narrow_sensitivity
L100_Ts130_Tr50p0_dT5_F1p0_LP20,1.0,130.0,50.0,5.0,1.0,0.2,S2a,800,1201,800,800,1.0,1.0,200.63999999981752,200.64,0.1592506836817267,narrow_sensitivity
L100_Ts130_Tr50p0_dT5_F1p0_LP20,1.0,130.0,50.0,5.0,1.0,0.2,S2b,800,1201,800,800,1.0,1.0,200.63999999981752,200.64,0.1741920960106022,narrow_sensitivity
L100_Ts130_Tr50p0_dT5_F1p0_LP30,1.0,130.0,50.0,5.0,1.0,0.3,S1,800,1201,800,800,1.0,1.0,200.63999999981752,200.64,0.2485638412235233,main_reference
L100_Ts130_Tr50p0_dT5_F1p0_LP30,1.0,130.0,50.0,5.0,1.0,0.3,S2a,800,1201,800,800,1.0,1.0,200.63999999981752,200.64,0.1592506836817267,main_reference
L100_Ts130_Tr50p0_dT5_F1p0_LP30,1.0,130.0,50.0,5.0,1.0,0.3,S2b,800,1201,800,800,1.0,1.0,200.63999999981752,200.64,0.1741920960106022,main_reference
L100_Ts130_Tr50p0_dT5_F1p0_LP40,1.0,130.0,50.0,5.0,1.0,0.4,S1,800,1201,800,800,1.0,1.0,200.63999999981752,200.64,0.2485638412235233,narrow_sensitivity
L100_Ts130_Tr50p0_dT5_F1p0_LP40,1.0,130.0,50.0,5.0,1.0,0.4,S2a,800,1201,800,800,1.0,1.0,200.63999999981752,200.64,0.1592506836817267,narrow_sensitivity
L100_Ts130_Tr50p0_dT5_F1p0_LP40,1.0,130.0,50.0,5.0,1.0,0.4,S2b,800,1201,800,800,1.0,1.0,200.63999999981752,200.64,0.1741920960106022,narrow_sensitivity
L100_Ts130_Tr50p0_dT5_F1p0_LP45,1.0,130.0,50.0,5.0,1.0,0.45,S1,800,1201,800,800,1.0,1.0,200.63999999981752,200.64,0.2485638412235233,narrow_sensitivity
L100_Ts130_Tr50p0_dT5_F1p0_LP45,1.0,130.0,50.0,5.0,1.0,0.45,S2a,800,1201,800,800,1.0,1.0,200.63999999981752,200.64,0.1592506836817267,narrow_sensitivity
L100_Ts130_Tr50p0_dT5_F1p0_LP45,1.0,130.0,50.0,5.0,1.0,0.45,S2b,800,1201,800,800,1.0,1.0,200.63999999981752,200.64,0.1741920960106022,narrow_sensitivity
L100_Ts130_Tr50p0_dT5_F1p2_LP20,1.0,130.0,50.0,5.0,1.2,0.2,S1,800,1201,800,800,1.0,1.0,240.767999999781,240.76799999999997,0.2471312326000458,narrow_sensitivity
L100_Ts130_Tr50p0_dT5_F1p2_LP20,1.0,130.0,50.0,5.0,1.2,0.2,S2a,800,1201,800,800,1.0,1.0,240.767999999781,240.76799999999997,0.1600258625316647,narrow_sensitivity
L100_Ts130_Tr50p0_dT5_F1p2_LP20,1.0,130.0,50.0,5.0,1.2,0.2,S2b,800,1201,800,800,1.0,1.0,240.767999999781,240.76799999999997,0.1758538918852239,narrow_sensitivity
L100_Ts130_Tr50p0_dT5_F1p2_LP30,1.0,130.0,50.0,5.0,1.2,0.3,S1,800,1201,800,800,1.0,1.0,240.767999999781,240.76799999999997,0.2471312326000458,narrow_sensitivity
L100_Ts130_Tr50p0_dT5_F1p2_LP30,1.0,130.0,50.0,5.0,1.2,0.3,S2a,800,1201,800,800,1.0,1.0,240.767999999781,240.76799999999997,0.1600258625316647,narrow_sensitivity
L100_Ts130_Tr50p0_dT5_F1p2_LP30,1.0,130.0,50.0,5.0,1.2,0.3,S2b,800,1201,800,800,1.0,1.0,240.767999999781,240.76799999999997,0.1758538918852239,narrow_sensitivity
L100_Ts130_Tr50p0_dT5_F1p2_LP40,1.0,130.0,50.0,5.0,1.2,0.4,S1,800,1201,800,800,1.0,1.0,240.767999999781,240.76799999999997,0.2471312326000458,narrow_sensitivity
L100_Ts130_Tr50p0_dT5_F1p2_LP40,1.0,130.0,50.0,5.0,1.2,0.4,S2a,800,1201,800,800,1.0,1.0,240.767999999781,240.76799999999997,0.1600258625316647,narrow_sensitivity
L100_Ts130_Tr50p0_dT5_F1p2_LP40,1.0,130.0,50.0,5.0,1.2,0.4,S2b,800,1201,800,800,1.0,1.0,240.767999999781,240.76799999999997,0.1758538918852239,narrow_sensitivity
L100_Ts130_Tr50p0_dT5_F1p2_LP45,1.0,130.0,50.0,5.0,1.2,0.45,S1,800,1201,800,800,1.0,1.0,240.767999999781,240.76799999999997,0.2471312326000458,narrow_sensitivity
L100_Ts130_Tr50p0_dT5_F1p2_LP45,1.0,130.0,50.0,5.0,1.2,0.45,S2a,800,1201,800,800,1.0,1.0,240.767999999781,240.76799999999997,0.1600258625316647,narrow_sensitivity
L100_Ts130_Tr50p0_dT5_F1p2_LP45,1.0,130.0,50.0,5.0,1.2,0.45,S2b,800,1201,800,800,1.0,1.0,240.767999999781,240.76799999999997,0.1758538918852239,narrow_sensitivity
L100_Ts130_Tr50p0_dT10_F0p8_LP20,1.0,130.0,50.0,10.0,0.8,0.2,S1,800,1201,800,800,1.0,1.0,160.51199999985397,160.51199999999997,0.2499964498470007,narrow_sensitivity
L100_Ts130_Tr50p0_dT10_F0p8_LP20,1.0,130.0,50.0,10.0,0.8,0.2,S2a,800,1201,800,800,1.0,1.0,160.51199999985397,160.51199999999997,0.1636755790636823,narrow_sensitivity
L100_Ts130_Tr50p0_dT10_F0p8_LP20,1.0,130.0,50.0,10.0,0.8,0.2,S2b,800,1201,800,800,1.0,1.0,160.51199999985397,160.51199999999997,0.1818031229564219,narrow_sensitivity
L100_Ts130_Tr50p0_dT10_F0p8_LP30,1.0,130.0,50.0,10.0,0.8,0.3,S1,800,1201,800,800,1.0,1.0,160.51199999985397,160.51199999999997,0.2499964498470007,narrow_sensitivity
L100_Ts130_Tr50p0_dT10_F0p8_LP30,1.0,130.0,50.0,10.0,0.8,0.3,S2a,800,1201,800,800,1.0,1.0,160.51199999985397,160.51199999999997,0.1636755790636823,narrow_sensitivity
L100_Ts130_Tr50p0_dT10_F0p8_LP30,1.0,130.0,50.0,10.0,0.8,0.3,S2b,800,1201,800,800,1.0,1.0,160.51199999985397,160.51199999999997,0.1818031229564219,narrow_sensitivity
L100_Ts130_Tr50p0_dT10_F0p8_LP40,1.0,130.0,50.0,10.0,0.8,0.4,S1,800,1201,800,800,1.0,1.0,160.51199999985397,160.51199999999997,0.2499964498470007,narrow_sensitivity
L100_Ts130_Tr50p0_dT10_F0p8_LP40,1.0,130.0,50.0,10.0,0.8,0.4,S2a,800,1201,800,800,1.0,1.0,160.51199999985397,160.51199999999997,0.1636755790636823,narrow_sensitivity
L100_Ts130_Tr50p0_dT10_F0p8_LP40,1.0,130.0,50.0,10.0,0.8,0.4,S2b,800,1201,800,800,1.0,1.0,160.51199999985397,160.51199999999997,0.1818031229564219,narrow_sensitivity
L100_Ts130_Tr50p0_dT10_F0p8_LP45,1.0,130.0,50.0,10.0,0.8,0.45,S1,800,1201,800,800,1.0,1.0,160.51199999985397,160.51199999999997,0.2499964498470007,narrow_sensitivity
L100_Ts130_Tr50p0_dT10_F0p8_LP45,1.0,130.0,50.0,10.0,0.8,0.45,S2a,800,1201,800,800,1.0,1.0,160.51199999985397,160.51199999999997,0.1636755790636823,narrow_sensitivity
L100_Ts130_Tr50p0_dT10_F0p8_LP45,1.0,130.0,50.0,10.0,0.8,0.45,S2b,800,1201,800,800,1.0,1.0,160.51199999985397,160.51199999999997,0.1818031229564219,narrow_sensitivity
L100_Ts130_Tr50p0_dT10_F1p0_LP20,1.0,130.0,50.0,10.0,1.0,0.2,S1,800,1201,800,799,1.0,0.99875,200.5872753917045,200.3892,0.248572783849138,narrow_sensitivity
L100_Ts130_Tr50p0_dT10_F1p0_LP20,1.0,130.0,50.0,10.0,1.0,0.2,S2a,800,1201,800,800,1.0,1.0,200.63999999981752,200.64,0.1644976284626153,narrow_sensitivity
L100_Ts130_Tr50p0_dT10_F1p0_LP20,1.0,130.0,50.0,10.0,1.0,0.2,S2b,800,1201,800,800,1.0,1.0,200.63999999981752,200.64,0.1835365082482827,narrow_sensitivity
L100_Ts130_Tr50p0_dT10_F1p0_LP30,1.0,130.0,50.0,10.0,1.0,0.3,S1,800,1201,800,799,1.0,0.99875,200.5872753917045,200.3892,0.248572783849138,narrow_sensitivity
L100_Ts130_Tr50p0_dT10_F1p0_LP30,1.0,130.0,50.0,10.0,1.0,0.3,S2a,800,1201,800,800,1.0,1.0,200.63999999981752,200.64,0.1644976284626153,narrow_sensitivity
L100_Ts130_Tr50p0_dT10_F1p0_LP30,1.0,130.0,50.0,10.0,1.0,0.3,S2b,800,1201,800,800,1.0,1.0,200.63999999981752,200.64,0.1835365082482827,narrow_sensitivity
L100_Ts130_Tr50p0_dT10_F1p0_LP40,1.0,130.0,50.0,10.0,1.0,0.4,S1,800,1201,800,799,1.0,0.99875,200.5872753917045,200.3892,0.248572783849138,narrow_sensitivity
L100_Ts130_Tr50p0_dT10_F1p0_LP40,1.0,130.0,50.0,10.0,1.0,0.4,S2a,800,1201,800,800,1.0,1.0,200.63999999981752,200.64,0.1644976284626153,narrow_sensitivity
L100_Ts130_Tr50p0_dT10_F1p0_LP40,1.0,130.0,50.0,10.0,1.0,0.4,S2b,800,1201,800,800,1.0,1.0,200.63999999981752,200.64,0.1835365082482827,narrow_sensitivity
L100_Ts130_Tr50p0_dT10_F1p0_LP45,1.0,130.0,50.0,10.0,1.0,0.45,S1,800,1201,800,799,1.0,0.99875,200.5872753917045,200.3892,0.248572783849138,narrow_sensitivity
L100_Ts130_Tr50p0_dT10_F1p0_LP45,1.0,130.0,50.0,10.0,1.0,0.45,S2a,800,1201,800,800,1.0,1.0,200.63999999981752,200.64,0.1644976284626153,narrow_sensitivity
L100_Ts130_Tr50p0_dT10_F1p0_LP45,1.0,130.0,50.0,10.0,1.0,0.45,S2b,800,1201,800,800,1.0,1.0,200.63999999981752,200.64,0.1835365082482827,narrow_sensitivity
L100_Ts130_Tr50p0_dT10_F1p2_LP20,1.0,130.0,50.0,10.0,1.2,0.2,S1,800,1201,800,775,1.0,0.96875,233.4256990702586,233.244,0.2473995113684873,narrow_sensitivity
L100_Ts130_Tr50p0_dT10_F1p2_LP20,1.0,130.0,50.0,10.0,1.2,0.2,S2a,800,1201,800,800,1.0,1.0,240.767999999781,240.76799999999997,0.1653857064437429,narrow_sensitivity
L100_Ts130_Tr50p0_dT10_F1p2_LP20,1.0,130.0,50.0,10.0,1.2,0.2,S2b,800,1201,800,800,1.0,1.0,240.767999999781,240.76799999999997,0.1853617252444912,narrow_sensitivity
L100_Ts130_Tr50p0_dT10_F1p2_LP30,1.0,130.0,50.0,10.0,1.2,0.3,S1,800,1201,800,775,1.0,0.96875,233.4256990702586,233.244,0.2473995113684873,narrow_sensitivity
L100_Ts130_Tr50p0_dT10_F1p2_LP30,1.0,130.0,50.0,10.0,1.2,0.3,S2a,800,1201,800,800,1.0,1.0,240.767999999781,240.76799999999997,0.1653857064437429,narrow_sensitivity
L100_Ts130_Tr50p0_dT10_F1p2_LP30,1.0,130.0,50.0,10.0,1.2,0.3,S2b,800,1201,800,800,1.0,1.0,240.767999999781,240.76799999999997,0.1853617252444912,narrow_sensitivity
L100_Ts130_Tr50p0_dT10_F1p2_LP40,1.0,130.0,50.0,10.0,1.2,0.4,S1,800,1201,800,775,1.0,0.96875,233.4256990702586,233.244,0.2473995113684873,narrow_sensitivity
L100_Ts130_Tr50p0_dT10_F1p2_LP40,1.0,130.0,50.0,10.0,1.2,0.4,S2a,800,1201,800,800,1.0,1.0,240.767999999781,240.76799999999997,0.1653857064437429,narrow_sensitivity
L100_Ts130_Tr50p0_dT10_F1p2_LP40,1.0,130.0,50.0,10.0,1.2,0.4,S2b,800,1201,800,800,1.0,1.0,240.767999999781,240.76799999999997,0.1853617252444912,narrow_sensitivity
L100_Ts130_Tr50p0_dT10_F1p2_LP45,1.0,130.0,50.0,10.0,1.2,0.45,S1,800,1201,800,775,1.0,0.96875,233.4256990702586,233.244,0.2473995113684873,narrow_sensitivity
L100_Ts130_Tr50p0_dT10_F1p2_LP45,1.0,130.0,50.0,10.0,1.2,0.45,S2a,800,1201,800,800,1.0,1.0,240.767999999781,240.76799999999997,0.1653857064437429,narrow_sensitivity
L100_Ts130_Tr50p0_dT10_F1p2_LP45,1.0,130.0,50.0,10.0,1.2,0.45,S2b,800,1201,800,800,1.0,1.0,240.767999999781,240.76799999999997,0.1853617252444912,narrow_sensitivity
L100_Ts130_Tr50p0_dT15_F0p8_LP20,1.0,130.0,50.0,15.0,0.8,0.2,S1,800,1201,800,780,1.0,0.975,156.55186702475368,156.49919999999997,0.2501395318568362,narrow_sensitivity
L100_Ts130_Tr50p0_dT15_F0p8_LP20,1.0,130.0,50.0,15.0,0.8,0.2,S2a,800,1201,800,800,1.0,1.0,160.51199999985397,160.51199999999997,0.1695986453833499,narrow_sensitivity
L100_Ts130_Tr50p0_dT15_F0p8_LP20,1.0,130.0,50.0,15.0,0.8,0.2,S2b,800,1201,800,800,1.0,1.0,160.51199999985397,160.51199999999997,0.192473967500723,narrow_sensitivity
L100_Ts130_Tr50p0_dT15_F0p8_LP30,1.0,130.0,50.0,15.0,0.8,0.3,S1,800,1201,800,780,1.0,0.975,156.55186702475368,156.49919999999997,0.2501395318568362,narrow_sensitivity
L100_Ts130_Tr50p0_dT15_F0p8_LP30,1.0,130.0,50.0,15.0,0.8,0.3,S2a,800,1201,800,800,1.0,1.0,160.51199999985397,160.51199999999997,0.1695986453833499,narrow_sensitivity
L100_Ts130_Tr50p0_dT15_F0p8_LP30,1.0,130.0,50.0,15.0,0.8,0.3,S2b,800,1201,800,800,1.0,1.0,160.51199999985397,160.51199999999997,0.192473967500723,narrow_sensitivity
L100_Ts130_Tr50p0_dT15_F0p8_LP40,1.0,130.0,50.0,15.0,0.8,0.4,S1,800,1201,800,780,1.0,0.975,156.55186702475368,156.49919999999997,0.2501395318568362,narrow_sensitivity
L100_Ts130_Tr50p0_dT15_F0p8_LP40,1.0,130.0,50.0,15.0,0.8,0.4,S2a,800,1201,800,800,1.0,1.0,160.51199999985397,160.51199999999997,0.1695986453833499,narrow_sensitivity
L100_Ts130_Tr50p0_dT15_F0p8_LP40,1.0,130.0,50.0,15.0,0.8,0.4,S2b,800,1201,800,800,1.0,1.0,160.51199999985397,160.51199999999997,0.192473967500723,narrow_sensitivity
L100_Ts130_Tr50p0_dT15_F0p8_LP45,1.0,130.0,50.0,15.0,0.8,0.45,S1,800,1201,800,780,1.0,0.975,156.55186702475368,156.49919999999997,0.2501395318568362,narrow_sensitivity
L100_Ts130_Tr50p0_dT15_F0p8_LP45,1.0,130.0,50.0,15.0,0.8,0.45,S2a,800,1201,800,800,1.0,1.0,160.51199999985397,160.51199999999997,0.1695986453833499,narrow_sensitivity
L100_Ts130_Tr50p0_dT15_F0p8_LP45,1.0,130.0,50.0,15.0,0.8,0.45,S2b,800,1201,800,800,1.0,1.0,160.51199999985397,160.51199999999997,0.192473967500723,narrow_sensitivity
L100_Ts130_Tr50p0_dT15_F1p0_LP20,1.0,130.0,50.0,15.0,1.0,0.2,S1,800,1201,800,757,1.0,0.94625,189.94344891008893,189.8556,0.248948374124956,narrow_sensitivity
L100_Ts130_Tr50p0_dT15_F1p0_LP20,1.0,130.0,50.0,15.0,1.0,0.2,S2a,800,1201,800,792,1.0,0.99,198.77762926921247,198.6336,0.1700957514014335,narrow_sensitivity
L100_Ts130_Tr50p0_dT15_F1p0_LP20,1.0,130.0,50.0,15.0,1.0,0.2,S2b,800,1201,800,800,1.0,1.0,200.63999999981752,200.64,0.1943544689951705,narrow_sensitivity
L100_Ts130_Tr50p0_dT15_F1p0_LP30,1.0,130.0,50.0,15.0,1.0,0.3,S1,800,1201,800,757,1.0,0.94625,189.94344891008893,189.8556,0.248948374124956,narrow_sensitivity
L100_Ts130_Tr50p0_dT15_F1p0_LP30,1.0,130.0,50.0,15.0,1.0,0.3,S2a,800,1201,800,792,1.0,0.99,198.77762926921247,198.6336,0.1700957514014335,narrow_sensitivity
L100_Ts130_Tr50p0_dT15_F1p0_LP30,1.0,130.0,50.0,15.0,1.0,0.3,S2b,800,1201,800,800,1.0,1.0,200.63999999981752,200.64,0.1943544689951705,narrow_sensitivity
L100_Ts130_Tr50p0_dT15_F1p0_LP40,1.0,130.0,50.0,15.0,1.0,0.4,S1,800,1201,800,757,1.0,0.94625,189.94344891008893,189.8556,0.248948374124956,narrow_sensitivity
L100_Ts130_Tr50p0_dT15_F1p0_LP40,1.0,130.0,50.0,15.0,1.0,0.4,S2a,800,1201,800,792,1.0,0.99,198.77762926921247,198.6336,0.1700957514014335,narrow_sensitivity
L100_Ts130_Tr50p0_dT15_F1p0_LP40,1.0,130.0,50.0,15.0,1.0,0.4,S2b,800,1201,800,800,1.0,1.0,200.63999999981752,200.64,0.1943544689951705,narrow_sensitivity
L100_Ts130_Tr50p0_dT15_F1p0_LP45,1.0,130.0,50.0,15.0,1.0,0.45,S1,800,1201,800,757,1.0,0.94625,189.94344891008893,189.8556,0.248948374124956,narrow_sensitivity
L100_Ts130_Tr50p0_dT15_F1p0_LP45,1.0,130.0,50.0,15.0,1.0,0.45,S2a,800,1201,800,792,1.0,0.99,198.77762926921247,198.6336,0.1700957514014335,narrow_sensitivity
L100_Ts130_Tr50p0_dT15_F1p0_LP45,1.0,130.0,50.0,15.0,1.0,0.45,S2b,800,1201,800,800,1.0,1.0,200.63999999981752,200.64,0.1943544689951705,narrow_sensitivity
L100_Ts130_Tr50p0_dT15_F1p2_LP20,1.0,130.0,50.0,15.0,1.2,0.2,S1,800,1201,800,734,1.0,0.9175,221.147020227174,220.90464,0.2478394885487313,narrow_sensitivity
L100_Ts130_Tr50p0_dT15_F1p2_LP20,1.0,130.0,50.0,15.0,1.2,0.2,S2a,800,1201,800,774,1.0,0.9675,233.0881074067661,232.94304,0.1700856516742954,narrow_sensitivity
L100_Ts130_Tr50p0_dT15_F1p2_LP20,1.0,130.0,50.0,15.0,1.2,0.2,S2b,800,1201,800,800,1.0,1.0,240.767999999781,240.76799999999997,0.1963044904146982,narrow_sensitivity
L100_Ts130_Tr50p0_dT15_F1p2_LP30,1.0,130.0,50.0,15.0,1.2,0.3,S1,800,1201,800,734,1.0,0.9175,221.147020227174,220.90464,0.2478394885487313,narrow_sensitivity
L100_Ts130_Tr50p0_dT15_F1p2_LP30,1.0,130.0,50.0,15.0,1.2,0.3,S2a,800,1201,800,774,1.0,0.9675,233.0881074067661,232.94304,0.1700856516742954,narrow_sensitivity
L100_Ts130_Tr50p0_dT15_F1p2_LP30,1.0,130.0,50.0,15.0,1.2,0.3,S2b,800,1201,800,800,1.0,1.0,240.767999999781,240.76799999999997,0.1963044904146982,narrow_sensitivity
L100_Ts130_Tr50p0_dT15_F1p2_LP40,1.0,130.0,50.0,15.0,1.2,0.4,S1,800,1201,800,734,1.0,0.9175,221.147020227174,220.90464,0.2478394885487313,narrow_sensitivity
L100_Ts130_Tr50p0_dT15_F1p2_LP40,1.0,130.0,50.0,15.0,1.2,0.4,S2a,800,1201,800,774,1.0,0.9675,233.0881074067661,232.94304,0.1700856516742954,narrow_sensitivity
L100_Ts130_Tr50p0_dT15_F1p2_LP40,1.0,130.0,50.0,15.0,1.2,0.4,S2b,800,1201,800,800,1.0,1.0,240.767999999781,240.76799999999997,0.1963044904146982,narrow_sensitivity
L100_Ts130_Tr50p0_dT15_F1p2_LP45,1.0,130.0,50.0,15.0,1.2,0.45,S1,800,1201,800,734,1.0,0.9175,221.147020227174,220.90464,0.2478394885487313,narrow_sensitivity
L100_Ts130_Tr50p0_dT15_F1p2_LP45,1.0,130.0,50.0,15.0,1.2,0.45,S2a,800,1201,800,774,1.0,0.9675,233.0881074067661,232.94304,0.1700856516742954,narrow_sensitivity
L100_Ts130_Tr50p0_dT15_F1p2_LP45,1.0,130.0,50.0,15.0,1.2,0.45,S2b,800,1201,800,800,1.0,1.0,240.767999999781,240.76799999999997,0.1963044904146982,narrow_sensitivity
L100_Ts130_Tr60p0_dT5_F0p8_LP20,1.0,130.0,60.0,5.0,0.8,0.2,S1,800,1201,800,800,1.0,1.0,140.44799999987225,140.44799999999998,0.2507127541587395,narrow_sensitivity
L100_Ts130_Tr60p0_dT5_F0p8_LP20,1.0,130.0,60.0,5.0,0.8,0.2,S2a,800,1201,800,800,1.0,1.0,140.44799999987225,140.44799999999998,0.1639736928982983,narrow_sensitivity
L100_Ts130_Tr60p0_dT5_F0p8_LP20,1.0,130.0,60.0,5.0,0.8,0.2,S2b,800,1201,800,800,1.0,1.0,140.44799999987225,140.44799999999998,0.1821578581542517,narrow_sensitivity
L100_Ts130_Tr60p0_dT5_F0p8_LP30,1.0,130.0,60.0,5.0,0.8,0.3,S1,800,1201,800,800,1.0,1.0,140.44799999987225,140.44799999999998,0.2507127541587395,narrow_sensitivity
L100_Ts130_Tr60p0_dT5_F0p8_LP30,1.0,130.0,60.0,5.0,0.8,0.3,S2a,800,1201,800,800,1.0,1.0,140.44799999987225,140.44799999999998,0.1639736928982983,narrow_sensitivity
L100_Ts130_Tr60p0_dT5_F0p8_LP30,1.0,130.0,60.0,5.0,0.8,0.3,S2b,800,1201,800,800,1.0,1.0,140.44799999987225,140.44799999999998,0.1821578581542517,narrow_sensitivity
L100_Ts130_Tr60p0_dT5_F0p8_LP40,1.0,130.0,60.0,5.0,0.8,0.4,S1,800,1201,800,800,1.0,1.0,140.44799999987225,140.44799999999998,0.2507127541587395,narrow_sensitivity
L100_Ts130_Tr60p0_dT5_F0p8_LP40,1.0,130.0,60.0,5.0,0.8,0.4,S2a,800,1201,800,800,1.0,1.0,140.44799999987225,140.44799999999998,0.1639736928982983,narrow_sensitivity
L100_Ts130_Tr60p0_dT5_F0p8_LP40,1.0,130.0,60.0,5.0,0.8,0.4,S2b,800,1201,800,800,1.0,1.0,140.44799999987225,140.44799999999998,0.1821578581542517,narrow_sensitivity
L100_Ts130_Tr60p0_dT5_F0p8_LP45,1.0,130.0,60.0,5.0,0.8,0.45,S1,800,1201,800,800,1.0,1.0,140.44799999987225,140.44799999999998,0.2507127541587395,narrow_sensitivity
L100_Ts130_Tr60p0_dT5_F0p8_LP45,1.0,130.0,60.0,5.0,0.8,0.45,S2a,800,1201,800,800,1.0,1.0,140.44799999987225,140.44799999999998,0.1639736928982983,narrow_sensitivity
L100_Ts130_Tr60p0_dT5_F0p8_LP45,1.0,130.0,60.0,5.0,0.8,0.45,S2b,800,1201,800,800,1.0,1.0,140.44799999987225,140.44799999999998,0.1821578581542517,narrow_sensitivity
L100_Ts130_Tr60p0_dT5_F1p0_LP20,1.0,130.0,60.0,5.0,1.0,0.2,S1,800,1201,800,800,1.0,1.0,175.55999999984033,175.56,0.2494592216131967,narrow_sensitivity
L100_Ts130_Tr60p0_dT5_F1p0_LP20,1.0,130.0,60.0,5.0,1.0,0.2,S2a,800,1201,800,800,1.0,1.0,175.55999999984033,175.56,0.1648413321237098,narrow_sensitivity
L100_Ts130_Tr60p0_dT5_F1p0_LP20,1.0,130.0,60.0,5.0,1.0,0.2,S2b,800,1201,800,800,1.0,1.0,175.55999999984033,175.56,0.1839338065956728,narrow_sensitivity
L100_Ts130_Tr60p0_dT5_F1p0_LP30,1.0,130.0,60.0,5.0,1.0,0.3,S1,800,1201,800,800,1.0,1.0,175.55999999984033,175.56,0.2494592216131967,main_reference
L100_Ts130_Tr60p0_dT5_F1p0_LP30,1.0,130.0,60.0,5.0,1.0,0.3,S2a,800,1201,800,800,1.0,1.0,175.55999999984033,175.56,0.1648413321237098,main_reference
L100_Ts130_Tr60p0_dT5_F1p0_LP30,1.0,130.0,60.0,5.0,1.0,0.3,S2b,800,1201,800,800,1.0,1.0,175.55999999984033,175.56,0.1839338065956728,main_reference
L100_Ts130_Tr60p0_dT5_F1p0_LP40,1.0,130.0,60.0,5.0,1.0,0.4,S1,800,1201,800,800,1.0,1.0,175.55999999984033,175.56,0.2494592216131967,narrow_sensitivity
L100_Ts130_Tr60p0_dT5_F1p0_LP40,1.0,130.0,60.0,5.0,1.0,0.4,S2a,800,1201,800,800,1.0,1.0,175.55999999984033,175.56,0.1648413321237098,narrow_sensitivity
L100_Ts130_Tr60p0_dT5_F1p0_LP40,1.0,130.0,60.0,5.0,1.0,0.4,S2b,800,1201,800,800,1.0,1.0,175.55999999984033,175.56,0.1839338065956728,narrow_sensitivity
L100_Ts130_Tr60p0_dT5_F1p0_LP45,1.0,130.0,60.0,5.0,1.0,0.45,S1,800,1201,800,800,1.0,1.0,175.55999999984033,175.56,0.2494592216131967,narrow_sensitivity
L100_Ts130_Tr60p0_dT5_F1p0_LP45,1.0,130.0,60.0,5.0,1.0,0.45,S2a,800,1201,800,800,1.0,1.0,175.55999999984033,175.56,0.1648413321237098,narrow_sensitivity
L100_Ts130_Tr60p0_dT5_F1p0_LP45,1.0,130.0,60.0,5.0,1.0,0.45,S2b,800,1201,800,800,1.0,1.0,175.55999999984033,175.56,0.1839338065956728,narrow_sensitivity
L100_Ts130_Tr60p0_dT5_F1p2_LP20,1.0,130.0,60.0,5.0,1.2,0.2,S1,800,1201,800,800,1.0,1.0,210.6719999998084,210.672,0.2482056890676539,narrow_sensitivity
L100_Ts130_Tr60p0_dT5_F1p2_LP20,1.0,130.0,60.0,5.0,1.2,0.2,S2a,800,1201,800,800,1.0,1.0,210.6719999998084,210.672,0.1657670063232803,narrow_sensitivity
L100_Ts130_Tr60p0_dT5_F1p2_LP20,1.0,130.0,60.0,5.0,1.2,0.2,S2b,800,1201,800,800,1.0,1.0,210.6719999998084,210.672,0.1857901590441488,narrow_sensitivity
L100_Ts130_Tr60p0_dT5_F1p2_LP30,1.0,130.0,60.0,5.0,1.2,0.3,S1,800,1201,800,800,1.0,1.0,210.6719999998084,210.672,0.2482056890676539,narrow_sensitivity
L100_Ts130_Tr60p0_dT5_F1p2_LP30,1.0,130.0,60.0,5.0,1.2,0.3,S2a,800,1201,800,800,1.0,1.0,210.6719999998084,210.672,0.1657670063232803,narrow_sensitivity
L100_Ts130_Tr60p0_dT5_F1p2_LP30,1.0,130.0,60.0,5.0,1.2,0.3,S2b,800,1201,800,800,1.0,1.0,210.6719999998084,210.672,0.1857901590441488,narrow_sensitivity
L100_Ts130_Tr60p0_dT5_F1p2_LP40,1.0,130.0,60.0,5.0,1.2,0.4,S1,800,1201,800,800,1.0,1.0,210.6719999998084,210.672,0.2482056890676539,narrow_sensitivity
L100_Ts130_Tr60p0_dT5_F1p2_LP40,1.0,130.0,60.0,5.0,1.2,0.4,S2a,800,1201,800,800,1.0,1.0,210.6719999998084,210.672,0.1657670063232803,narrow_sensitivity
L100_Ts130_Tr60p0_dT5_F1p2_LP40,1.0,130.0,60.0,5.0,1.2,0.4,S2b,800,1201,800,800,1.0,1.0,210.6719999998084,210.672,0.1857901590441488,narrow_sensitivity
L100_Ts130_Tr60p0_dT5_F1p2_LP45,1.0,130.0,60.0,5.0,1.2,0.45,S1,800,1201,800,800,1.0,1.0,210.6719999998084,210.672,0.2482056890676539,narrow_sensitivity
L100_Ts130_Tr60p0_dT5_F1p2_LP45,1.0,130.0,60.0,5.0,1.2,0.45,S2a,800,1201,800,800,1.0,1.0,210.6719999998084,210.672,0.1657670063232803,narrow_sensitivity
L100_Ts130_Tr60p0_dT5_F1p2_LP45,1.0,130.0,60.0,5.0,1.2,0.45,S2b,800,1201,800,800,1.0,1.0,210.6719999998084,210.672,0.1857901590441488,narrow_sensitivity
L100_Ts130_Tr60p0_dT10_F0p8_LP20,1.0,130.0,60.0,10.0,0.8,0.2,S1,800,1201,800,800,1.0,1.0,140.44799999987225,140.44799999999998,0.2507127541587395,narrow_sensitivity
L100_Ts130_Tr60p0_dT10_F0p8_LP20,1.0,130.0,60.0,10.0,0.8,0.2,S2a,800,1201,800,800,1.0,1.0,140.44799999987225,140.44799999999998,0.1708151454702345,narrow_sensitivity
L100_Ts130_Tr60p0_dT10_F0p8_LP20,1.0,130.0,60.0,10.0,0.8,0.2,S2b,800,1201,800,800,1.0,1.0,140.44799999987225,140.44799999999998,0.194510464505221,narrow_sensitivity
L100_Ts130_Tr60p0_dT10_F0p8_LP30,1.0,130.0,60.0,10.0,0.8,0.3,S1,800,1201,800,800,1.0,1.0,140.44799999987225,140.44799999999998,0.2507127541587395,narrow_sensitivity
L100_Ts130_Tr60p0_dT10_F0p8_LP30,1.0,130.0,60.0,10.0,0.8,0.3,S2a,800,1201,800,800,1.0,1.0,140.44799999987225,140.44799999999998,0.1708151454702345,narrow_sensitivity
L100_Ts130_Tr60p0_dT10_F0p8_LP30,1.0,130.0,60.0,10.0,0.8,0.3,S2b,800,1201,800,800,1.0,1.0,140.44799999987225,140.44799999999998,0.194510464505221,narrow_sensitivity
L100_Ts130_Tr60p0_dT10_F0p8_LP40,1.0,130.0,60.0,10.0,0.8,0.4,S1,800,1201,800,800,1.0,1.0,140.44799999987225,140.44799999999998,0.2507127541587395,narrow_sensitivity
L100_Ts130_Tr60p0_dT10_F0p8_LP40,1.0,130.0,60.0,10.0,0.8,0.4,S2a,800,1201,800,800,1.0,1.0,140.44799999987225,140.44799999999998,0.1708151454702345,narrow_sensitivity
L100_Ts130_Tr60p0_dT10_F0p8_LP40,1.0,130.0,60.0,10.0,0.8,0.4,S2b,800,1201,800,800,1.0,1.0,140.44799999987225,140.44799999999998,0.194510464505221,narrow_sensitivity
L100_Ts130_Tr60p0_dT10_F0p8_LP45,1.0,130.0,60.0,10.0,0.8,0.45,S1,800,1201,800,800,1.0,1.0,140.44799999987225,140.44799999999998,0.2507127541587395,narrow_sensitivity
L100_Ts130_Tr60p0_dT10_F0p8_LP45,1.0,130.0,60.0,10.0,0.8,0.45,S2a,800,1201,800,800,1.0,1.0,140.44799999987225,140.44799999999998,0.1708151454702345,narrow_sensitivity
L100_Ts130_Tr60p0_dT10_F0p8_LP45,1.0,130.0,60.0,10.0,0.8,0.45,S2b,800,1201,800,800,1.0,1.0,140.44799999987225,140.44799999999998,0.194510464505221,narrow_sensitivity
L100_Ts130_Tr60p0_dT10_F1p0_LP20,1.0,130.0,60.0,10.0,1.0,0.2,S1,800,1201,800,800,1.0,1.0,175.55999999984033,175.56,0.2494592216131967,narrow_sensitivity
L100_Ts130_Tr60p0_dT10_F1p0_LP20,1.0,130.0,60.0,10.0,1.0,0.2,S2a,800,1201,800,800,1.0,1.0,175.55999999984033,175.56,0.1718025382360792,narrow_sensitivity
L100_Ts130_Tr60p0_dT10_F1p0_LP20,1.0,130.0,60.0,10.0,1.0,0.2,S2b,800,1201,800,800,1.0,1.0,175.55999999984033,175.56,0.1964624262858625,narrow_sensitivity
L100_Ts130_Tr60p0_dT10_F1p0_LP30,1.0,130.0,60.0,10.0,1.0,0.3,S1,800,1201,800,800,1.0,1.0,175.55999999984033,175.56,0.2494592216131967,narrow_sensitivity
L100_Ts130_Tr60p0_dT10_F1p0_LP30,1.0,130.0,60.0,10.0,1.0,0.3,S2a,800,1201,800,800,1.0,1.0,175.55999999984033,175.56,0.1718025382360792,narrow_sensitivity
L100_Ts130_Tr60p0_dT10_F1p0_LP30,1.0,130.0,60.0,10.0,1.0,0.3,S2b,800,1201,800,800,1.0,1.0,175.55999999984033,175.56,0.1964624262858625,narrow_sensitivity
L100_Ts130_Tr60p0_dT10_F1p0_LP40,1.0,130.0,60.0,10.0,1.0,0.4,S1,800,1201,800,800,1.0,1.0,175.55999999984033,175.56,0.2494592216131967,narrow_sensitivity
L100_Ts130_Tr60p0_dT10_F1p0_LP40,1.0,130.0,60.0,10.0,1.0,0.4,S2a,800,1201,800,800,1.0,1.0,175.55999999984033,175.56,0.1718025382360792,narrow_sensitivity
L100_Ts130_Tr60p0_dT10_F1p0_LP40,1.0,130.0,60.0,10.0,1.0,0.4,S2b,800,1201,800,800,1.0,1.0,175.55999999984033,175.56,0.1964624262858625,narrow_sensitivity
L100_Ts130_Tr60p0_dT10_F1p0_LP45,1.0,130.0,60.0,10.0,1.0,0.45,S1,800,1201,800,800,1.0,1.0,175.55999999984033,175.56,0.2494592216131967,narrow_sensitivity
L100_Ts130_Tr60p0_dT10_F1p0_LP45,1.0,130.0,60.0,10.0,1.0,0.45,S2a,800,1201,800,800,1.0,1.0,175.55999999984033,175.56,0.1718025382360792,narrow_sensitivity
L100_Ts130_Tr60p0_dT10_F1p0_LP45,1.0,130.0,60.0,10.0,1.0,0.45,S2b,800,1201,800,800,1.0,1.0,175.55999999984033,175.56,0.1964624262858625,narrow_sensitivity
L100_Ts130_Tr60p0_dT10_F1p2_LP20,1.0,130.0,60.0,10.0,1.2,0.2,S1,800,1201,800,792,1.0,0.99,208.8211916652413,208.56528,0.2482808071228175,narrow_sensitivity
L100_Ts130_Tr60p0_dT10_F1p2_LP20,1.0,130.0,60.0,10.0,1.2,0.2,S2a,800,1201,800,800,1.0,1.0,210.6719999998084,210.672,0.172825376039953,narrow_sensitivity
L100_Ts130_Tr60p0_dT10_F1p2_LP20,1.0,130.0,60.0,10.0,1.2,0.2,S2b,800,1201,800,800,1.0,1.0,210.6719999998084,210.672,0.1984690668140682,narrow_sensitivity
L100_Ts130_Tr60p0_dT10_F1p2_LP30,1.0,130.0,60.0,10.0,1.2,0.3,S1,800,1201,800,792,1.0,0.99,208.8211916652413,208.56528,0.2482808071228175,narrow_sensitivity
L100_Ts130_Tr60p0_dT10_F1p2_LP30,1.0,130.0,60.0,10.0,1.2,0.3,S2a,800,1201,800,800,1.0,1.0,210.6719999998084,210.672,0.172825376039953,narrow_sensitivity
L100_Ts130_Tr60p0_dT10_F1p2_LP30,1.0,130.0,60.0,10.0,1.2,0.3,S2b,800,1201,800,800,1.0,1.0,210.6719999998084,210.672,0.1984690668140682,narrow_sensitivity
L100_Ts130_Tr60p0_dT10_F1p2_LP40,1.0,130.0,60.0,10.0,1.2,0.4,S1,800,1201,800,792,1.0,0.99,208.8211916652413,208.56528,0.2482808071228175,narrow_sensitivity
L100_Ts130_Tr60p0_dT10_F1p2_LP40,1.0,130.0,60.0,10.0,1.2,0.4,S2a,800,1201,800,800,1.0,1.0,210.6719999998084,210.672,0.172825376039953,narrow_sensitivity
L100_Ts130_Tr60p0_dT10_F1p2_LP40,1.0,130.0,60.0,10.0,1.2,0.4,S2b,800,1201,800,800,1.0,1.0,210.6719999998084,210.672,0.1984690668140682,narrow_sensitivity
L100_Ts130_Tr60p0_dT10_F1p2_LP45,1.0,130.0,60.0,10.0,1.2,0.45,S1,800,1201,800,792,1.0,0.99,208.8211916652413,208.56528,0.2482808071228175,narrow_sensitivity
L100_Ts130_Tr60p0_dT10_F1p2_LP45,1.0,130.0,60.0,10.0,1.2,0.45,S2a,800,1201,800,800,1.0,1.0,210.6719999998084,210.672,0.172825376039953,narrow_sensitivity
L100_Ts130_Tr60p0_dT10_F1p2_LP45,1.0,130.0,60.0,10.0,1.2,0.45,S2b,800,1201,800,800,1.0,1.0,210.6719999998084,210.672,0.1984690668140682,narrow_sensitivity
L100_Ts130_Tr60p0_dT15_F0p8_LP20,1.0,130.0,60.0,15.0,0.8,0.2,S1,800,1201,800,790,1.0,0.9875,138.83435791786053,138.6924,0.2507753525380425,narrow_sensitivity
L100_Ts130_Tr60p0_dT15_F0p8_LP20,1.0,130.0,60.0,15.0,0.8,0.2,S2a,800,1201,800,800,1.0,1.0,140.44799999987225,140.44799999999998,0.1788858171158501,narrow_sensitivity
L100_Ts130_Tr60p0_dT15_F0p8_LP20,1.0,130.0,60.0,15.0,0.8,0.2,S2b,800,1201,800,800,1.0,1.0,140.44799999987225,140.44799999999998,0.2091751499481442,narrow_sensitivity
L100_Ts130_Tr60p0_dT15_F0p8_LP30,1.0,130.0,60.0,15.0,0.8,0.3,S1,800,1201,800,790,1.0,0.9875,138.83435791786053,138.6924,0.2507753525380425,narrow_sensitivity
L100_Ts130_Tr60p0_dT15_F0p8_LP30,1.0,130.0,60.0,15.0,0.8,0.3,S2a,800,1201,800,800,1.0,1.0,140.44799999987225,140.44799999999998,0.1788858171158501,narrow_sensitivity
L100_Ts130_Tr60p0_dT15_F0p8_LP30,1.0,130.0,60.0,15.0,0.8,0.3,S2b,800,1201,800,800,1.0,1.0,140.44799999987225,140.44799999999998,0.2091751499481442,narrow_sensitivity
L100_Ts130_Tr60p0_dT15_F0p8_LP40,1.0,130.0,60.0,15.0,0.8,0.4,S1,800,1201,800,790,1.0,0.9875,138.83435791786053,138.6924,0.2507753525380425,narrow_sensitivity
L100_Ts130_Tr60p0_dT15_F0p8_LP40,1.0,130.0,60.0,15.0,0.8,0.4,S2a,800,1201,800,800,1.0,1.0,140.44799999987225,140.44799999999998,0.1788858171158501,narrow_sensitivity
L100_Ts130_Tr60p0_dT15_F0p8_LP40,1.0,130.0,60.0,15.0,0.8,0.4,S2b,800,1201,800,800,1.0,1.0,140.44799999987225,140.44799999999998,0.2091751499481442,narrow_sensitivity
L100_Ts130_Tr60p0_dT15_F0p8_LP45,1.0,130.0,60.0,15.0,0.8,0.45,S1,800,1201,800,790,1.0,0.9875,138.83435791786053,138.6924,0.2507753525380425,narrow_sensitivity
L100_Ts130_Tr60p0_dT15_F0p8_LP45,1.0,130.0,60.0,15.0,0.8,0.45,S2a,800,1201,800,800,1.0,1.0,140.44799999987225,140.44799999999998,0.1788858171158501,narrow_sensitivity
L100_Ts130_Tr60p0_dT15_F0p8_LP45,1.0,130.0,60.0,15.0,0.8,0.45,S2b,800,1201,800,800,1.0,1.0,140.44799999987225,140.44799999999998,0.2091751499481442,narrow_sensitivity
L100_Ts130_Tr60p0_dT15_F1p0_LP20,1.0,130.0,60.0,15.0,1.0,0.2,S1,800,1201,800,768,1.0,0.96,168.5748105151439,168.53760000000003,0.2497096151304088,narrow_sensitivity
L100_Ts130_Tr60p0_dT15_F1p0_LP20,1.0,130.0,60.0,15.0,1.0,0.2,S2a,800,1201,800,794,1.0,0.9925,174.33404284415934,174.2433,0.1796405157605024,narrow_sensitivity
L100_Ts130_Tr60p0_dT15_F1p0_LP20,1.0,130.0,60.0,15.0,1.0,0.2,S2b,800,1201,800,800,1.0,1.0,175.55999999984033,175.56,0.2112526516542267,narrow_sensitivity
L100_Ts130_Tr60p0_dT15_F1p0_LP30,1.0,130.0,60.0,15.0,1.0,0.3,S1,800,1201,800,768,1.0,0.96,168.5748105151439,168.53760000000003,0.2497096151304088,narrow_sensitivity
L100_Ts130_Tr60p0_dT15_F1p0_LP30,1.0,130.0,60.0,15.0,1.0,0.3,S2a,800,1201,800,794,1.0,0.9925,174.33404284415934,174.2433,0.1796405157605024,narrow_sensitivity
L100_Ts130_Tr60p0_dT15_F1p0_LP30,1.0,130.0,60.0,15.0,1.0,0.3,S2b,800,1201,800,800,1.0,1.0,175.55999999984033,175.56,0.2112526516542267,narrow_sensitivity
L100_Ts130_Tr60p0_dT15_F1p0_LP40,1.0,130.0,60.0,15.0,1.0,0.4,S1,800,1201,800,768,1.0,0.96,168.5748105151439,168.53760000000003,0.2497096151304088,narrow_sensitivity
L100_Ts130_Tr60p0_dT15_F1p0_LP40,1.0,130.0,60.0,15.0,1.0,0.4,S2a,800,1201,800,794,1.0,0.9925,174.33404284415934,174.2433,0.1796405157605024,narrow_sensitivity
L100_Ts130_Tr60p0_dT15_F1p0_LP40,1.0,130.0,60.0,15.0,1.0,0.4,S2b,800,1201,800,800,1.0,1.0,175.55999999984033,175.56,0.2112526516542267,narrow_sensitivity
L100_Ts130_Tr60p0_dT15_F1p0_LP45,1.0,130.0,60.0,15.0,1.0,0.45,S1,800,1201,800,768,1.0,0.96,168.5748105151439,168.53760000000003,0.2497096151304088,narrow_sensitivity
L100_Ts130_Tr60p0_dT15_F1p0_LP45,1.0,130.0,60.0,15.0,1.0,0.45,S2a,800,1201,800,794,1.0,0.9925,174.33404284415934,174.2433,0.1796405157605024,narrow_sensitivity
L100_Ts130_Tr60p0_dT15_F1p0_LP45,1.0,130.0,60.0,15.0,1.0,0.45,S2b,800,1201,800,800,1.0,1.0,175.55999999984033,175.56,0.2112526516542267,narrow_sensitivity
L100_Ts130_Tr60p0_dT15_F1p2_LP20,1.0,130.0,60.0,15.0,1.2,0.2,S1,800,1201,800,745,1.0,0.93125,196.44987196996192,196.1883,0.2487221256969037,narrow_sensitivity
L100_Ts130_Tr60p0_dT15_F1p2_LP20,1.0,130.0,60.0,15.0,1.2,0.2,S2a,800,1201,800,775,1.0,0.96875,204.0945029570758,204.0885,0.179723795606004,narrow_sensitivity
L100_Ts130_Tr60p0_dT15_F1p2_LP20,1.0,130.0,60.0,15.0,1.2,0.2,S2b,800,1201,800,800,1.0,1.0,210.6719999998084,210.672,0.2133576779289306,narrow_sensitivity
L100_Ts130_Tr60p0_dT15_F1p2_LP30,1.0,130.0,60.0,15.0,1.2,0.3,S1,800,1201,800,745,1.0,0.93125,196.44987196996192,196.1883,0.2487221256969037,narrow_sensitivity
L100_Ts130_Tr60p0_dT15_F1p2_LP30,1.0,130.0,60.0,15.0,1.2,0.3,S2a,800,1201,800,775,1.0,0.96875,204.0945029570758,204.0885,0.179723795606004,narrow_sensitivity
L100_Ts130_Tr60p0_dT15_F1p2_LP30,1.0,130.0,60.0,15.0,1.2,0.3,S2b,800,1201,800,800,1.0,1.0,210.6719999998084,210.672,0.2133576779289306,narrow_sensitivity
L100_Ts130_Tr60p0_dT15_F1p2_LP40,1.0,130.0,60.0,15.0,1.2,0.4,S1,800,1201,800,745,1.0,0.93125,196.44987196996192,196.1883,0.2487221256969037,narrow_sensitivity
L100_Ts130_Tr60p0_dT15_F1p2_LP40,1.0,130.0,60.0,15.0,1.2,0.4,S2a,800,1201,800,775,1.0,0.96875,204.0945029570758,204.0885,0.179723795606004,narrow_sensitivity
L100_Ts130_Tr60p0_dT15_F1p2_LP40,1.0,130.0,60.0,15.0,1.2,0.4,S2b,800,1201,800,800,1.0,1.0,210.6719999998084,210.672,0.2133576779289306,narrow_sensitivity
L100_Ts130_Tr60p0_dT15_F1p2_LP45,1.0,130.0,60.0,15.0,1.2,0.45,S1,800,1201,800,745,1.0,0.93125,196.44987196996192,196.1883,0.2487221256969037,narrow_sensitivity
L100_Ts130_Tr60p0_dT15_F1p2_LP45,1.0,130.0,60.0,15.0,1.2,0.45,S2a,800,1201,800,775,1.0,0.96875,204.0945029570758,204.0885,0.179723795606004,narrow_sensitivity
L100_Ts130_Tr60p0_dT15_F1p2_LP45,1.0,130.0,60.0,15.0,1.2,0.45,S2b,800,1201,800,800,1.0,1.0,210.6719999998084,210.672,0.2133576779289306,narrow_sensitivity
L100_Ts150_Tr35p0_dT5_F0p8_LP20,1.0,150.0,35.0,5.0,0.8,0.2,S1,800,1201,800,695,1.0,0.86875,200.5964949668759,200.45189999999997,0.2485692067988921,historical_extension
L100_Ts150_Tr35p0_dT5_F0p8_LP20,1.0,150.0,35.0,5.0,0.8,0.2,S2a,800,1201,800,734,1.0,0.9175,211.7616457245644,211.70027999999996,0.1573432225229959,historical_extension
L100_Ts150_Tr35p0_dT5_F0p8_LP20,1.0,150.0,35.0,5.0,0.8,0.2,S2b,800,1201,800,800,1.0,1.0,230.73599999979007,230.736,0.1773383680802018,historical_extension
L100_Ts150_Tr35p0_dT5_F0p8_LP30,1.0,150.0,35.0,5.0,0.8,0.3,S1,800,1201,800,695,1.0,0.86875,200.5964949668759,200.45189999999997,0.2485692067988921,historical_extension
L100_Ts150_Tr35p0_dT5_F0p8_LP30,1.0,150.0,35.0,5.0,0.8,0.3,S2a,800,1201,800,734,1.0,0.9175,211.7616457245644,211.70027999999996,0.1573432225229959,historical_extension
L100_Ts150_Tr35p0_dT5_F0p8_LP30,1.0,150.0,35.0,5.0,0.8,0.3,S2b,800,1201,800,800,1.0,1.0,230.73599999979007,230.736,0.1773383680802018,historical_extension
L100_Ts150_Tr35p0_dT5_F0p8_LP40,1.0,150.0,35.0,5.0,0.8,0.4,S1,800,1201,800,695,1.0,0.86875,200.5964949668759,200.45189999999997,0.2485692067988921,historical_extension
L100_Ts150_Tr35p0_dT5_F0p8_LP40,1.0,150.0,35.0,5.0,0.8,0.4,S2a,800,1201,800,734,1.0,0.9175,211.7616457245644,211.70027999999996,0.1573432225229959,historical_extension
L100_Ts150_Tr35p0_dT5_F0p8_LP40,1.0,150.0,35.0,5.0,0.8,0.4,S2b,800,1201,800,800,1.0,1.0,230.73599999979007,230.736,0.1773383680802018,historical_extension
L100_Ts150_Tr35p0_dT5_F0p8_LP45,1.0,150.0,35.0,5.0,0.8,0.45,S1,800,1201,800,695,1.0,0.86875,200.5964949668759,200.45189999999997,0.2485692067988921,historical_extension
L100_Ts150_Tr35p0_dT5_F0p8_LP45,1.0,150.0,35.0,5.0,0.8,0.45,S2a,800,1201,800,734,1.0,0.9175,211.7616457245644,211.70027999999996,0.1573432225229959,historical_extension
L100_Ts150_Tr35p0_dT5_F0p8_LP45,1.0,150.0,35.0,5.0,0.8,0.45,S2b,800,1201,800,800,1.0,1.0,230.73599999979007,230.736,0.1773383680802018,historical_extension
L100_Ts150_Tr35p0_dT5_F1p0_LP20,1.0,150.0,35.0,5.0,1.0,0.2,S1,800,1201,800,673,1.0,0.84125,242.87193883452832,242.633325,0.2470625979484529,historical_extension
L100_Ts150_Tr35p0_dT5_F1p0_LP20,1.0,150.0,35.0,5.0,1.0,0.2,S2a,800,1201,800,720,1.0,0.9,259.7496597254573,259.57800000000003,0.1571342477980736,historical_extension
L100_Ts150_Tr35p0_dT5_F1p0_LP20,1.0,150.0,35.0,5.0,1.0,0.2,S2b,800,1201,800,800,1.0,1.0,288.4199999997377,288.42,0.1788827555475926,historical_extension
L100_Ts150_Tr35p0_dT5_F1p0_LP30,1.0,150.0,35.0,5.0,1.0,0.3,S1,800,1201,800,673,1.0,0.84125,242.87193883452832,242.633325,0.2470625979484529,historical_extension
L100_Ts150_Tr35p0_dT5_F1p0_LP30,1.0,150.0,35.0,5.0,1.0,0.3,S2a,800,1201,800,720,1.0,0.9,259.7496597254573,259.57800000000003,0.1571342477980736,historical_extension
L100_Ts150_Tr35p0_dT5_F1p0_LP30,1.0,150.0,35.0,5.0,1.0,0.3,S2b,800,1201,800,800,1.0,1.0,288.4199999997377,288.42,0.1788827555475926,historical_extension
L100_Ts150_Tr35p0_dT5_F1p0_LP40,1.0,150.0,35.0,5.0,1.0,0.4,S1,800,1201,800,673,1.0,0.84125,242.87193883452832,242.633325,0.2470625979484529,historical_extension
L100_Ts150_Tr35p0_dT5_F1p0_LP40,1.0,150.0,35.0,5.0,1.0,0.4,S2a,800,1201,800,720,1.0,0.9,259.7496597254573,259.57800000000003,0.1571342477980736,historical_extension
L100_Ts150_Tr35p0_dT5_F1p0_LP40,1.0,150.0,35.0,5.0,1.0,0.4,S2b,800,1201,800,800,1.0,1.0,288.4199999997377,288.42,0.1788827555475926,historical_extension
L100_Ts150_Tr35p0_dT5_F1p0_LP45,1.0,150.0,35.0,5.0,1.0,0.45,S1,800,1201,800,673,1.0,0.84125,242.87193883452832,242.633325,0.2470625979484529,historical_extension
L100_Ts150_Tr35p0_dT5_F1p0_LP45,1.0,150.0,35.0,5.0,1.0,0.45,S2a,800,1201,800,720,1.0,0.9,259.7496597254573,259.57800000000003,0.1571342477980736,historical_extension
L100_Ts150_Tr35p0_dT5_F1p0_LP45,1.0,150.0,35.0,5.0,1.0,0.45,S2b,800,1201,800,800,1.0,1.0,288.4199999997377,288.42,0.1788827555475926,historical_extension
L100_Ts150_Tr35p0_dT5_F1p2_LP20,1.0,150.0,35.0,5.0,1.2,0.2,S1,800,1201,800,651,1.0,0.81375,282.03244987358164,281.64213,0.2456691133120397,historical_extension
L100_Ts150_Tr35p0_dT5_F1p2_LP20,1.0,150.0,35.0,5.0,1.2,0.2,S2a,800,1201,800,705,1.0,0.88125,305.3756992367417,305.00415,0.1569386766009856,historical_extension
L100_Ts150_Tr35p0_dT5_F1p2_LP20,1.0,150.0,35.0,5.0,1.2,0.2,S2b,800,1201,800,800,1.0,1.0,346.10399999968524,346.10400000000004,0.1805790081748935,historical_extension
L100_Ts150_Tr35p0_dT5_F1p2_LP30,1.0,150.0,35.0,5.0,1.2,0.3,S1,800,1201,800,651,1.0,0.81375,282.03244987358164,281.64213,0.2456691133120397,historical_extension
L100_Ts150_Tr35p0_dT5_F1p2_LP30,1.0,150.0,35.0,5.0,1.2,0.3,S2a,800,1201,800,705,1.0,0.88125,305.3756992367417,305.00415,0.1569386766009856,historical_extension
L100_Ts150_Tr35p0_dT5_F1p2_LP30,1.0,150.0,35.0,5.0,1.2,0.3,S2b,800,1201,800,800,1.0,1.0,346.10399999968524,346.10400000000004,0.1805790081748935,historical_extension
L100_Ts150_Tr35p0_dT5_F1p2_LP40,1.0,150.0,35.0,5.0,1.2,0.4,S1,800,1201,800,651,1.0,0.81375,282.03244987358164,281.64213,0.2456691133120397,historical_extension
L100_Ts150_Tr35p0_dT5_F1p2_LP40,1.0,150.0,35.0,5.0,1.2,0.4,S2a,800,1201,800,705,1.0,0.88125,305.3756992367417,305.00415,0.1569386766009856,historical_extension
L100_Ts150_Tr35p0_dT5_F1p2_LP40,1.0,150.0,35.0,5.0,1.2,0.4,S2b,800,1201,800,800,1.0,1.0,346.10399999968524,346.10400000000004,0.1805790081748935,historical_extension
L100_Ts150_Tr35p0_dT5_F1p2_LP45,1.0,150.0,35.0,5.0,1.2,0.45,S1,800,1201,800,651,1.0,0.81375,282.03244987358164,281.64213,0.2456691133120397,historical_extension
L100_Ts150_Tr35p0_dT5_F1p2_LP45,1.0,150.0,35.0,5.0,1.2,0.45,S2a,800,1201,800,705,1.0,0.88125,305.3756992367417,305.00415,0.1569386766009856,historical_extension
L100_Ts150_Tr35p0_dT5_F1p2_LP45,1.0,150.0,35.0,5.0,1.2,0.45,S2b,800,1201,800,800,1.0,1.0,346.10399999968524,346.10400000000004,0.1805790081748935,historical_extension
L100_Ts150_Tr35p0_dT10_F0p8_LP20,1.0,150.0,35.0,10.0,0.8,0.2,S1,800,1201,800,665,1.0,0.83125,191.8175509975569,191.7993,0.2488777273825998,historical_extension
L100_Ts150_Tr35p0_dT10_F0p8_LP20,1.0,150.0,35.0,10.0,0.8,0.2,S2a,800,1201,800,700,1.0,0.875,201.9247597386836,201.894,0.1591905137996914,historical_extension
L100_Ts150_Tr35p0_dT10_F0p8_LP20,1.0,150.0,35.0,10.0,0.8,0.2,S2b,800,1201,800,800,1.0,1.0,230.73599999979007,230.736,0.1841934556046093,historical_extension
L100_Ts150_Tr35p0_dT10_F0p8_LP30,1.0,150.0,35.0,10.0,0.8,0.3,S1,800,1201,800,665,1.0,0.83125,191.8175509975569,191.7993,0.2488777273825998,historical_extension
L100_Ts150_Tr35p0_dT10_F0p8_LP30,1.0,150.0,35.0,10.0,0.8,0.3,S2a,800,1201,800,700,1.0,0.875,201.9247597386836,201.894,0.1591905137996914,historical_extension
L100_Ts150_Tr35p0_dT10_F0p8_LP30,1.0,150.0,35.0,10.0,0.8,0.3,S2b,800,1201,800,800,1.0,1.0,230.73599999979007,230.736,0.1841934556046093,historical_extension
L100_Ts150_Tr35p0_dT10_F0p8_LP40,1.0,150.0,35.0,10.0,0.8,0.4,S1,800,1201,800,665,1.0,0.83125,191.8175509975569,191.7993,0.2488777273825998,historical_extension
L100_Ts150_Tr35p0_dT10_F0p8_LP40,1.0,150.0,35.0,10.0,0.8,0.4,S2a,800,1201,800,700,1.0,0.875,201.9247597386836,201.894,0.1591905137996914,historical_extension
L100_Ts150_Tr35p0_dT10_F0p8_LP40,1.0,150.0,35.0,10.0,0.8,0.4,S2b,800,1201,800,800,1.0,1.0,230.73599999979007,230.736,0.1841934556046093,historical_extension
L100_Ts150_Tr35p0_dT10_F0p8_LP45,1.0,150.0,35.0,10.0,0.8,0.45,S1,800,1201,800,665,1.0,0.83125,191.8175509975569,191.7993,0.2488777273825998,historical_extension
L100_Ts150_Tr35p0_dT10_F0p8_LP45,1.0,150.0,35.0,10.0,0.8,0.45,S2a,800,1201,800,700,1.0,0.875,201.9247597386836,201.894,0.1591905137996914,historical_extension
L100_Ts150_Tr35p0_dT10_F0p8_LP45,1.0,150.0,35.0,10.0,0.8,0.45,S2b,800,1201,800,800,1.0,1.0,230.73599999979007,230.736,0.1841934556046093,historical_extension
L100_Ts150_Tr35p0_dT10_F1p0_LP20,1.0,150.0,35.0,10.0,1.0,0.2,S1,800,1201,800,644,1.0,0.805,232.3462720129236,232.1781,0.2474353936537663,historical_extension
L100_Ts150_Tr35p0_dT10_F1p0_LP20,1.0,150.0,35.0,10.0,1.0,0.2,S2a,800,1201,800,686,1.0,0.8575,247.5633798061964,247.32015000000004,0.1590010460291841,historical_extension
L100_Ts150_Tr35p0_dT10_F1p0_LP20,1.0,150.0,35.0,10.0,1.0,0.2,S2b,800,1201,800,800,1.0,1.0,288.4199999997377,288.42,0.1858361052616461,historical_extension
L100_Ts150_Tr35p0_dT10_F1p0_LP30,1.0,150.0,35.0,10.0,1.0,0.3,S1,800,1201,800,644,1.0,0.805,232.3462720129236,232.1781,0.2474353936537663,historical_extension
L100_Ts150_Tr35p0_dT10_F1p0_LP30,1.0,150.0,35.0,10.0,1.0,0.3,S2a,800,1201,800,686,1.0,0.8575,247.5633798061964,247.32015000000004,0.1590010460291841,historical_extension
L100_Ts150_Tr35p0_dT10_F1p0_LP30,1.0,150.0,35.0,10.0,1.0,0.3,S2b,800,1201,800,800,1.0,1.0,288.4199999997377,288.42,0.1858361052616461,historical_extension
L100_Ts150_Tr35p0_dT10_F1p0_LP40,1.0,150.0,35.0,10.0,1.0,0.4,S1,800,1201,800,644,1.0,0.805,232.3462720129236,232.1781,0.2474353936537663,historical_extension
L100_Ts150_Tr35p0_dT10_F1p0_LP40,1.0,150.0,35.0,10.0,1.0,0.4,S2a,800,1201,800,686,1.0,0.8575,247.5633798061964,247.32015000000004,0.1590010460291841,historical_extension
L100_Ts150_Tr35p0_dT10_F1p0_LP40,1.0,150.0,35.0,10.0,1.0,0.4,S2b,800,1201,800,800,1.0,1.0,288.4199999997377,288.42,0.1858361052616461,historical_extension
L100_Ts150_Tr35p0_dT10_F1p0_LP45,1.0,150.0,35.0,10.0,1.0,0.45,S1,800,1201,800,644,1.0,0.805,232.3462720129236,232.1781,0.2474353936537663,historical_extension
L100_Ts150_Tr35p0_dT10_F1p0_LP45,1.0,150.0,35.0,10.0,1.0,0.45,S2a,800,1201,800,686,1.0,0.8575,247.5633798061964,247.32015000000004,0.1590010460291841,historical_extension
L100_Ts150_Tr35p0_dT10_F1p0_LP45,1.0,150.0,35.0,10.0,1.0,0.45,S2b,800,1201,800,800,1.0,1.0,288.4199999997377,288.42,0.1858361052616461,historical_extension
L100_Ts150_Tr35p0_dT10_F1p2_LP20,1.0,150.0,35.0,10.0,1.2,0.2,S1,800,1201,800,623,1.0,0.77875,269.96085933079723,269.52849,0.2461010421292306,historical_extension
L100_Ts150_Tr35p0_dT10_F1p2_LP20,1.0,150.0,35.0,10.0,1.2,0.2,S2a,800,1201,800,672,1.0,0.84,290.9578532665038,290.72736,0.158871087778037,historical_extension
L100_Ts150_Tr35p0_dT10_F1p2_LP20,1.0,150.0,35.0,10.0,1.2,0.2,S2b,800,1201,800,800,1.0,1.0,346.10399999968524,346.10400000000004,0.1876133767815101,historical_extension
L100_Ts150_Tr35p0_dT10_F1p2_LP30,1.0,150.0,35.0,10.0,1.2,0.3,S1,800,1201,800,623,1.0,0.77875,269.96085933079723,269.52849,0.2461010421292306,historical_extension
L100_Ts150_Tr35p0_dT10_F1p2_LP30,1.0,150.0,35.0,10.0,1.2,0.3,S2a,800,1201,800,672,1.0,0.84,290.9578532665038,290.72736,0.158871087778037,historical_extension
L100_Ts150_Tr35p0_dT10_F1p2_LP30,1.0,150.0,35.0,10.0,1.2,0.3,S2b,800,1201,800,800,1.0,1.0,346.10399999968524,346.10400000000004,0.1876133767815101,historical_extension
L100_Ts150_Tr35p0_dT10_F1p2_LP40,1.0,150.0,35.0,10.0,1.2,0.4,S1,800,1201,800,623,1.0,0.77875,269.96085933079723,269.52849,0.2461010421292306,historical_extension
L100_Ts150_Tr35p0_dT10_F1p2_LP40,1.0,150.0,35.0,10.0,1.2,0.4,S2a,800,1201,800,672,1.0,0.84,290.9578532665038,290.72736,0.158871087778037,historical_extension
L100_Ts150_Tr35p0_dT10_F1p2_LP40,1.0,150.0,35.0,10.0,1.2,0.4,S2b,800,1201,800,800,1.0,1.0,346.10399999968524,346.10400000000004,0.1876133767815101,historical_extension
L100_Ts150_Tr35p0_dT10_F1p2_LP45,1.0,150.0,35.0,10.0,1.2,0.45,S1,800,1201,800,623,1.0,0.77875,269.96085933079723,269.52849,0.2461010421292306,historical_extension
L100_Ts150_Tr35p0_dT10_F1p2_LP45,1.0,150.0,35.0,10.0,1.2,0.45,S2a,800,1201,800,672,1.0,0.84,290.9578532665038,290.72736,0.158871087778037,historical_extension
L100_Ts150_Tr35p0_dT10_F1p2_LP45,1.0,150.0,35.0,10.0,1.2,0.45,S2b,800,1201,800,800,1.0,1.0,346.10399999968524,346.10400000000004,0.1876133767815101,historical_extension
L100_Ts150_Tr35p0_dT15_F0p8_LP20,1.0,150.0,35.0,15.0,0.8,0.2,S1,800,1201,800,634,1.0,0.7925,183.02322059468892,182.85828,0.2491965319857644,historical_extension
L100_Ts150_Tr35p0_dT15_F0p8_LP20,1.0,150.0,35.0,15.0,0.8,0.2,S2a,800,1201,800,665,1.0,0.83125,192.07975575397057,191.7993,0.161253816711735,historical_extension
L100_Ts150_Tr35p0_dT15_F0p8_LP20,1.0,150.0,35.0,15.0,0.8,0.2,S2b,800,1201,800,800,1.0,1.0,230.73599999979007,230.736,0.1917848558836029,historical_extension
L100_Ts150_Tr35p0_dT15_F0p8_LP30,1.0,150.0,35.0,15.0,0.8,0.3,S1,800,1201,800,634,1.0,0.7925,183.02322059468892,182.85828,0.2491965319857644,historical_extension
L100_Ts150_Tr35p0_dT15_F0p8_LP30,1.0,150.0,35.0,15.0,0.8,0.3,S2a,800,1201,800,665,1.0,0.83125,192.07975575397057,191.7993,0.161253816711735,historical_extension
L100_Ts150_Tr35p0_dT15_F0p8_LP30,1.0,150.0,35.0,15.0,0.8,0.3,S2b,800,1201,800,800,1.0,1.0,230.73599999979007,230.736,0.1917848558836029,historical_extension
L100_Ts150_Tr35p0_dT15_F0p8_LP40,1.0,150.0,35.0,15.0,0.8,0.4,S1,800,1201,800,634,1.0,0.7925,183.02322059468892,182.85828,0.2491965319857644,historical_extension
L100_Ts150_Tr35p0_dT15_F0p8_LP40,1.0,150.0,35.0,15.0,0.8,0.4,S2a,800,1201,800,665,1.0,0.83125,192.07975575397057,191.7993,0.161253816711735,historical_extension
L100_Ts150_Tr35p0_dT15_F0p8_LP40,1.0,150.0,35.0,15.0,0.8,0.4,S2b,800,1201,800,800,1.0,1.0,230.73599999979007,230.736,0.1917848558836029,historical_extension
L100_Ts150_Tr35p0_dT15_F0p8_LP45,1.0,150.0,35.0,15.0,0.8,0.45,S1,800,1201,800,634,1.0,0.7925,183.02322059468892,182.85828,0.2491965319857644,historical_extension
L100_Ts150_Tr35p0_dT15_F0p8_LP45,1.0,150.0,35.0,15.0,0.8,0.45,S2a,800,1201,800,665,1.0,0.83125,192.07975575397057,191.7993,0.161253816711735,historical_extension
L100_Ts150_Tr35p0_dT15_F0p8_LP45,1.0,150.0,35.0,15.0,0.8,0.45,S2b,800,1201,800,800,1.0,1.0,230.73599999979007,230.736,0.1917848558836029,historical_extension
L100_Ts150_Tr35p0_dT15_F1p0_LP20,1.0,150.0,35.0,15.0,1.0,0.2,S1,800,1201,800,615,1.0,0.76875,221.78961540414105,221.722875,0.2478081893590798,historical_extension
L100_Ts150_Tr35p0_dT15_F1p0_LP20,1.0,150.0,35.0,15.0,1.0,0.2,S2a,800,1201,800,652,1.0,0.815,235.36480377025737,235.0623,0.1611436844360566,historical_extension
L100_Ts150_Tr35p0_dT15_F1p0_LP20,1.0,150.0,35.0,15.0,1.0,0.2,S2b,800,1201,800,800,1.0,1.0,288.4199999997377,288.42,0.1935032402617774,historical_extension
L100_Ts150_Tr35p0_dT15_F1p0_LP30,1.0,150.0,35.0,15.0,1.0,0.3,S1,800,1201,800,615,1.0,0.76875,221.78961540414105,221.722875,0.2478081893590798,historical_extension
L100_Ts150_Tr35p0_dT15_F1p0_LP30,1.0,150.0,35.0,15.0,1.0,0.3,S2a,800,1201,800,652,1.0,0.815,235.36480377025737,235.0623,0.1611436844360566,historical_extension
L100_Ts150_Tr35p0_dT15_F1p0_LP30,1.0,150.0,35.0,15.0,1.0,0.3,S2b,800,1201,800,800,1.0,1.0,288.4199999997377,288.42,0.1935032402617774,historical_extension
L100_Ts150_Tr35p0_dT15_F1p0_LP40,1.0,150.0,35.0,15.0,1.0,0.4,S1,800,1201,800,615,1.0,0.76875,221.78961540414105,221.722875,0.2478081893590798,historical_extension
L100_Ts150_Tr35p0_dT15_F1p0_LP40,1.0,150.0,35.0,15.0,1.0,0.4,S2a,800,1201,800,652,1.0,0.815,235.36480377025737,235.0623,0.1611436844360566,historical_extension
L100_Ts150_Tr35p0_dT15_F1p0_LP40,1.0,150.0,35.0,15.0,1.0,0.4,S2b,800,1201,800,800,1.0,1.0,288.4199999997377,288.42,0.1935032402617774,historical_extension
L100_Ts150_Tr35p0_dT15_F1p0_LP45,1.0,150.0,35.0,15.0,1.0,0.45,S1,800,1201,800,615,1.0,0.76875,221.78961540414105,221.722875,0.2478081893590798,historical_extension
L100_Ts150_Tr35p0_dT15_F1p0_LP45,1.0,150.0,35.0,15.0,1.0,0.45,S2a,800,1201,800,652,1.0,0.815,235.36480377025737,235.0623,0.1611436844360566,historical_extension
L100_Ts150_Tr35p0_dT15_F1p0_LP45,1.0,150.0,35.0,15.0,1.0,0.45,S2b,800,1201,800,800,1.0,1.0,288.4199999997377,288.42,0.1935032402617774,historical_extension
L100_Ts150_Tr35p0_dT15_F1p2_LP20,1.0,150.0,35.0,15.0,1.2,0.2,S1,800,1201,800,595,1.0,0.74375,257.8345158102628,257.41485,0.2465329709464213,historical_extension
L100_Ts150_Tr35p0_dT15_F1p2_LP20,1.0,150.0,35.0,15.0,1.2,0.2,S2a,800,1201,800,639,1.0,0.79875,276.51777856424013,276.45057,0.1610833700197605,historical_extension
L100_Ts150_Tr35p0_dT15_F1p2_LP20,1.0,150.0,35.0,15.0,1.2,0.2,S2b,800,1201,800,800,1.0,1.0,346.10399999968524,346.10400000000004,0.1953348550014587,historical_extension
L100_Ts150_Tr35p0_dT15_F1p2_LP30,1.0,150.0,35.0,15.0,1.2,0.3,S1,800,1201,800,595,1.0,0.74375,257.8345158102628,257.41485,0.2465329709464213,historical_extension
L100_Ts150_Tr35p0_dT15_F1p2_LP30,1.0,150.0,35.0,15.0,1.2,0.3,S2a,800,1201,800,639,1.0,0.79875,276.51777856424013,276.45057,0.1610833700197605,historical_extension
L100_Ts150_Tr35p0_dT15_F1p2_LP30,1.0,150.0,35.0,15.0,1.2,0.3,S2b,800,1201,800,800,1.0,1.0,346.10399999968524,346.10400000000004,0.1953348550014587,historical_extension
L100_Ts150_Tr35p0_dT15_F1p2_LP40,1.0,150.0,35.0,15.0,1.2,0.4,S1,800,1201,800,595,1.0,0.74375,257.8345158102628,257.41485,0.2465329709464213,historical_extension
L100_Ts150_Tr35p0_dT15_F1p2_LP40,1.0,150.0,35.0,15.0,1.2,0.4,S2a,800,1201,800,639,1.0,0.79875,276.51777856424013,276.45057,0.1610833700197605,historical_extension
L100_Ts150_Tr35p0_dT15_F1p2_LP40,1.0,150.0,35.0,15.0,1.2,0.4,S2b,800,1201,800,800,1.0,1.0,346.10399999968524,346.10400000000004,0.1953348550014587,historical_extension
L100_Ts150_Tr35p0_dT15_F1p2_LP45,1.0,150.0,35.0,15.0,1.2,0.45,S1,800,1201,800,595,1.0,0.74375,257.8345158102628,257.41485,0.2465329709464213,historical_extension
L100_Ts150_Tr35p0_dT15_F1p2_LP45,1.0,150.0,35.0,15.0,1.2,0.45,S2a,800,1201,800,639,1.0,0.79875,276.51777856424013,276.45057,0.1610833700197605,historical_extension
L100_Ts150_Tr35p0_dT15_F1p2_LP45,1.0,150.0,35.0,15.0,1.2,0.45,S2b,800,1201,800,800,1.0,1.0,346.10399999968524,346.10400000000004,0.1953348550014587,historical_extension
L100_Ts150_Tr41p44_dT5_F0p8_LP20,1.0,150.0,41.44,5.0,0.8,0.2,S1,800,1201,800,695,1.0,0.86875,189.28634332111312,189.2265936,0.2489700367412451,historical_extension
L100_Ts150_Tr41p44_dT5_F0p8_LP20,1.0,150.0,41.44,5.0,0.8,0.2,S2a,800,1201,800,731,1.0,0.91375,199.0854130806528,199.02825888,0.1597625348523768,historical_extension
L100_Ts150_Tr41p44_dT5_F0p8_LP20,1.0,150.0,41.44,5.0,0.8,0.2,S2b,800,1201,800,800,1.0,1.0,217.81478399980188,217.814784,0.1819313550794273,historical_extension
L100_Ts150_Tr41p44_dT5_F0p8_LP30,1.0,150.0,41.44,5.0,0.8,0.3,S1,800,1201,800,695,1.0,0.86875,189.28634332111312,189.2265936,0.2489700367412451,historical_extension
L100_Ts150_Tr41p44_dT5_F0p8_LP30,1.0,150.0,41.44,5.0,0.8,0.3,S2a,800,1201,800,731,1.0,0.91375,199.0854130806528,199.02825888,0.1597625348523768,historical_extension
L100_Ts150_Tr41p44_dT5_F0p8_LP30,1.0,150.0,41.44,5.0,0.8,0.3,S2b,800,1201,800,800,1.0,1.0,217.81478399980188,217.814784,0.1819313550794273,historical_extension
L100_Ts150_Tr41p44_dT5_F0p8_LP40,1.0,150.0,41.44,5.0,0.8,0.4,S1,800,1201,800,695,1.0,0.86875,189.28634332111312,189.2265936,0.2489700367412451,historical_extension
L100_Ts150_Tr41p44_dT5_F0p8_LP40,1.0,150.0,41.44,5.0,0.8,0.4,S2a,800,1201,800,731,1.0,0.91375,199.0854130806528,199.02825888,0.1597625348523768,historical_extension
L100_Ts150_Tr41p44_dT5_F0p8_LP40,1.0,150.0,41.44,5.0,0.8,0.4,S2b,800,1201,800,800,1.0,1.0,217.81478399980188,217.814784,0.1819313550794273,historical_extension
L100_Ts150_Tr41p44_dT5_F0p8_LP45,1.0,150.0,41.44,5.0,0.8,0.45,S1,800,1201,800,695,1.0,0.86875,189.28634332111312,189.2265936,0.2489700367412451,historical_extension
L100_Ts150_Tr41p44_dT5_F0p8_LP45,1.0,150.0,41.44,5.0,0.8,0.45,S2a,800,1201,800,731,1.0,0.91375,199.0854130806528,199.02825888,0.1597625348523768,historical_extension
L100_Ts150_Tr41p44_dT5_F0p8_LP45,1.0,150.0,41.44,5.0,0.8,0.45,S2b,800,1201,800,800,1.0,1.0,217.81478399980188,217.814784,0.1819313550794273,historical_extension
L100_Ts150_Tr41p44_dT5_F1p0_LP20,1.0,150.0,41.44,5.0,1.0,0.2,S1,800,1201,800,673,1.0,0.84125,229.30908741467888,229.0458588,0.2475477979864304,historical_extension
L100_Ts150_Tr41p44_dT5_F1p0_LP20,1.0,150.0,41.44,5.0,1.0,0.2,S2a,800,1201,800,717,1.0,0.89625,244.04391365711817,244.0206252,0.1596234290676809,historical_extension
L100_Ts150_Tr41p44_dT5_F1p0_LP20,1.0,150.0,41.44,5.0,1.0,0.2,S2b,800,1201,800,800,1.0,1.0,272.26847999975234,272.26848,0.1835624552173873,historical_extension
L100_Ts150_Tr41p44_dT5_F1p0_LP30,1.0,150.0,41.44,5.0,1.0,0.3,S1,800,1201,800,673,1.0,0.84125,229.30908741467888,229.0458588,0.2475477979864304,historical_extension
L100_Ts150_Tr41p44_dT5_F1p0_LP30,1.0,150.0,41.44,5.0,1.0,0.3,S2a,800,1201,800,717,1.0,0.89625,244.04391365711817,244.0206252,0.1596234290676809,historical_extension
L100_Ts150_Tr41p44_dT5_F1p0_LP30,1.0,150.0,41.44,5.0,1.0,0.3,S2b,800,1201,800,800,1.0,1.0,272.26847999975234,272.26848,0.1835624552173873,historical_extension
L100_Ts150_Tr41p44_dT5_F1p0_LP40,1.0,150.0,41.44,5.0,1.0,0.4,S1,800,1201,800,673,1.0,0.84125,229.30908741467888,229.0458588,0.2475477979864304,historical_extension
L100_Ts150_Tr41p44_dT5_F1p0_LP40,1.0,150.0,41.44,5.0,1.0,0.4,S2a,800,1201,800,717,1.0,0.89625,244.04391365711817,244.0206252,0.1596234290676809,historical_extension
L100_Ts150_Tr41p44_dT5_F1p0_LP40,1.0,150.0,41.44,5.0,1.0,0.4,S2b,800,1201,800,800,1.0,1.0,272.26847999975234,272.26848,0.1835624552173873,historical_extension
L100_Ts150_Tr41p44_dT5_F1p0_LP45,1.0,150.0,41.44,5.0,1.0,0.45,S1,800,1201,800,673,1.0,0.84125,229.30908741467888,229.0458588,0.2475477979864304,historical_extension
L100_Ts150_Tr41p44_dT5_F1p0_LP45,1.0,150.0,41.44,5.0,1.0,0.45,S2a,800,1201,800,717,1.0,0.89625,244.04391365711817,244.0206252,0.1596234290676809,historical_extension
L100_Ts150_Tr41p44_dT5_F1p0_LP45,1.0,150.0,41.44,5.0,1.0,0.45,S2b,800,1201,800,800,1.0,1.0,272.26847999975234,272.26848,0.1835624552173873,historical_extension
L100_Ts150_Tr41p44_dT5_F1p2_LP20,1.0,150.0,41.44,5.0,1.2,0.2,S1,800,1201,800,652,1.0,0.815,266.4739932530937,266.27857344,0.2462177863181055,historical_extension
L100_Ts150_Tr41p44_dT5_F1p2_LP20,1.0,150.0,41.44,5.0,1.2,0.2,S2a,800,1201,800,702,1.0,0.8775,286.77869788044165,286.69870944,0.159484685603615,historical_extension
L100_Ts150_Tr41p44_dT5_F1p2_LP20,1.0,150.0,41.44,5.0,1.2,0.2,S2b,800,1201,800,800,1.0,1.0,326.7221759997028,326.722176,0.1853306127969413,historical_extension
L100_Ts150_Tr41p44_dT5_F1p2_LP30,1.0,150.0,41.44,5.0,1.2,0.3,S1,800,1201,800,652,1.0,0.815,266.4739932530937,266.27857344,0.2462177863181055,historical_extension
L100_Ts150_Tr41p44_dT5_F1p2_LP30,1.0,150.0,41.44,5.0,1.2,0.3,S2a,800,1201,800,702,1.0,0.8775,286.77869788044165,286.69870944,0.159484685603615,historical_extension
L100_Ts150_Tr41p44_dT5_F1p2_LP30,1.0,150.0,41.44,5.0,1.2,0.3,S2b,800,1201,800,800,1.0,1.0,326.7221759997028,326.722176,0.1853306127969413,historical_extension
L100_Ts150_Tr41p44_dT5_F1p2_LP40,1.0,150.0,41.44,5.0,1.2,0.4,S1,800,1201,800,652,1.0,0.815,266.4739932530937,266.27857344,0.2462177863181055,historical_extension
L100_Ts150_Tr41p44_dT5_F1p2_LP40,1.0,150.0,41.44,5.0,1.2,0.4,S2a,800,1201,800,702,1.0,0.8775,286.77869788044165,286.69870944,0.159484685603615,historical_extension
L100_Ts150_Tr41p44_dT5_F1p2_LP40,1.0,150.0,41.44,5.0,1.2,0.4,S2b,800,1201,800,800,1.0,1.0,326.7221759997028,326.722176,0.1853306127969413,historical_extension
L100_Ts150_Tr41p44_dT5_F1p2_LP45,1.0,150.0,41.44,5.0,1.2,0.45,S1,800,1201,800,652,1.0,0.815,266.4739932530937,266.27857344,0.2462177863181055,historical_extension
L100_Ts150_Tr41p44_dT5_F1p2_LP45,1.0,150.0,41.44,5.0,1.2,0.45,S2a,800,1201,800,702,1.0,0.8775,286.77869788044165,286.69870944,0.159484685603615,historical_extension
L100_Ts150_Tr41p44_dT5_F1p2_LP45,1.0,150.0,41.44,5.0,1.2,0.45,S2b,800,1201,800,800,1.0,1.0,326.7221759997028,326.722176,0.1853306127969413,historical_extension
L100_Ts150_Tr41p44_dT10_F0p8_LP20,1.0,150.0,41.44,10.0,0.8,0.2,S1,800,1201,800,662,1.0,0.8275,180.487657149044,180.24173376,0.2492904045153672,historical_extension
L100_Ts150_Tr41p44_dT10_F0p8_LP20,1.0,150.0,41.44,10.0,0.8,0.2,S2a,800,1201,800,695,1.0,0.86875,189.237481096124,189.2265936,0.1619785103173498,historical_extension
L100_Ts150_Tr41p44_dT10_F0p8_LP20,1.0,150.0,41.44,10.0,0.8,0.2,S2b,800,1201,800,800,1.0,1.0,217.81478399980188,217.814784,0.1897227313710908,historical_extension
L100_Ts150_Tr41p44_dT10_F0p8_LP30,1.0,150.0,41.44,10.0,0.8,0.3,S1,800,1201,800,662,1.0,0.8275,180.487657149044,180.24173376,0.2492904045153672,historical_extension
L100_Ts150_Tr41p44_dT10_F0p8_LP30,1.0,150.0,41.44,10.0,0.8,0.3,S2a,800,1201,800,695,1.0,0.86875,189.237481096124,189.2265936,0.1619785103173498,historical_extension
L100_Ts150_Tr41p44_dT10_F0p8_LP30,1.0,150.0,41.44,10.0,0.8,0.3,S2b,800,1201,800,800,1.0,1.0,217.81478399980188,217.814784,0.1897227313710908,historical_extension
L100_Ts150_Tr41p44_dT10_F0p8_LP40,1.0,150.0,41.44,10.0,0.8,0.4,S1,800,1201,800,662,1.0,0.8275,180.487657149044,180.24173376,0.2492904045153672,historical_extension
L100_Ts150_Tr41p44_dT10_F0p8_LP40,1.0,150.0,41.44,10.0,0.8,0.4,S2a,800,1201,800,695,1.0,0.86875,189.237481096124,189.2265936,0.1619785103173498,historical_extension
L100_Ts150_Tr41p44_dT10_F0p8_LP40,1.0,150.0,41.44,10.0,0.8,0.4,S2b,800,1201,800,800,1.0,1.0,217.81478399980188,217.814784,0.1897227313710908,historical_extension
L100_Ts150_Tr41p44_dT10_F0p8_LP45,1.0,150.0,41.44,10.0,0.8,0.45,S1,800,1201,800,662,1.0,0.8275,180.487657149044,180.24173376,0.2492904045153672,historical_extension
L100_Ts150_Tr41p44_dT10_F0p8_LP45,1.0,150.0,41.44,10.0,0.8,0.45,S2a,800,1201,800,695,1.0,0.86875,189.237481096124,189.2265936,0.1619785103173498,historical_extension
L100_Ts150_Tr41p44_dT10_F0p8_LP45,1.0,150.0,41.44,10.0,0.8,0.45,S2b,800,1201,800,800,1.0,1.0,217.81478399980188,217.814784,0.1897227313710908,historical_extension
L100_Ts150_Tr41p44_dT10_F1p0_LP20,1.0,150.0,41.44,10.0,1.0,0.2,S1,800,1201,800,642,1.0,0.8025,218.74369284849985,218.4954552,0.2479239874181647,historical_extension
L100_Ts150_Tr41p44_dT10_F1p0_LP20,1.0,150.0,41.44,10.0,1.0,0.2,S2a,800,1201,800,681,1.0,0.85125,231.867913986755,231.7685436,0.161859761811639,historical_extension
L100_Ts150_Tr41p44_dT10_F1p0_LP20,1.0,150.0,41.44,10.0,1.0,0.2,S2b,800,1201,800,800,1.0,1.0,272.26847999975234,272.26848,0.1914492753674595,historical_extension
L100_Ts150_Tr41p44_dT10_F1p0_LP30,1.0,150.0,41.44,10.0,1.0,0.3,S1,800,1201,800,642,1.0,0.8025,218.74369284849985,218.4954552,0.2479239874181647,historical_extension
L100_Ts150_Tr41p44_dT10_F1p0_LP30,1.0,150.0,41.44,10.0,1.0,0.3,S2a,800,1201,800,681,1.0,0.85125,231.867913986755,231.7685436,0.161859761811639,historical_extension
L100_Ts150_Tr41p44_dT10_F1p0_LP30,1.0,150.0,41.44,10.0,1.0,0.3,S2b,800,1201,800,800,1.0,1.0,272.26847999975234,272.26848,0.1914492753674595,historical_extension
L100_Ts150_Tr41p44_dT10_F1p0_LP40,1.0,150.0,41.44,10.0,1.0,0.4,S1,800,1201,800,642,1.0,0.8025,218.74369284849985,218.4954552,0.2479239874181647,historical_extension
L100_Ts150_Tr41p44_dT10_F1p0_LP40,1.0,150.0,41.44,10.0,1.0,0.4,S2a,800,1201,800,681,1.0,0.85125,231.867913986755,231.7685436,0.161859761811639,historical_extension
L100_Ts150_Tr41p44_dT10_F1p0_LP40,1.0,150.0,41.44,10.0,1.0,0.4,S2b,800,1201,800,800,1.0,1.0,272.26847999975234,272.26848,0.1914492753674595,historical_extension
L100_Ts150_Tr41p44_dT10_F1p0_LP45,1.0,150.0,41.44,10.0,1.0,0.45,S1,800,1201,800,642,1.0,0.8025,218.74369284849985,218.4954552,0.2479239874181647,historical_extension
L100_Ts150_Tr41p44_dT10_F1p0_LP45,1.0,150.0,41.44,10.0,1.0,0.45,S2a,800,1201,800,681,1.0,0.85125,231.867913986755,231.7685436,0.161859761811639,historical_extension
L100_Ts150_Tr41p44_dT10_F1p0_LP45,1.0,150.0,41.44,10.0,1.0,0.45,S2b,800,1201,800,800,1.0,1.0,272.26847999975234,272.26848,0.1914492753674595,historical_extension
L100_Ts150_Tr41p44_dT10_F1p2_LP20,1.0,150.0,41.44,10.0,1.2,0.2,S1,800,1201,800,622,1.0,0.7775,254.33226800344812,254.02649184,0.2466546514646357,historical_extension
L100_Ts150_Tr41p44_dT10_F1p2_LP20,1.0,150.0,41.44,10.0,1.2,0.2,S2a,800,1201,800,666,1.0,0.8325,272.3317479605114,271.99621152,0.1617259925933709,historical_extension
L100_Ts150_Tr41p44_dT10_F1p2_LP20,1.0,150.0,41.44,10.0,1.2,0.2,S2b,800,1201,800,800,1.0,1.0,326.7221759997028,326.722176,0.1932860344979208,historical_extension
L100_Ts150_Tr41p44_dT10_F1p2_LP30,1.0,150.0,41.44,10.0,1.2,0.3,S1,800,1201,800,622,1.0,0.7775,254.33226800344812,254.02649184,0.2466546514646357,historical_extension
L100_Ts150_Tr41p44_dT10_F1p2_LP30,1.0,150.0,41.44,10.0,1.2,0.3,S2a,800,1201,800,666,1.0,0.8325,272.3317479605114,271.99621152,0.1617259925933709,historical_extension
L100_Ts150_Tr41p44_dT10_F1p2_LP30,1.0,150.0,41.44,10.0,1.2,0.3,S2b,800,1201,800,800,1.0,1.0,326.7221759997028,326.722176,0.1932860344979208,historical_extension
L100_Ts150_Tr41p44_dT10_F1p2_LP40,1.0,150.0,41.44,10.0,1.2,0.4,S1,800,1201,800,622,1.0,0.7775,254.33226800344812,254.02649184,0.2466546514646357,historical_extension
L100_Ts150_Tr41p44_dT10_F1p2_LP40,1.0,150.0,41.44,10.0,1.2,0.4,S2a,800,1201,800,666,1.0,0.8325,272.3317479605114,271.99621152,0.1617259925933709,historical_extension
L100_Ts150_Tr41p44_dT10_F1p2_LP40,1.0,150.0,41.44,10.0,1.2,0.4,S2b,800,1201,800,800,1.0,1.0,326.7221759997028,326.722176,0.1932860344979208,historical_extension
L100_Ts150_Tr41p44_dT10_F1p2_LP45,1.0,150.0,41.44,10.0,1.2,0.45,S1,800,1201,800,622,1.0,0.7775,254.33226800344812,254.02649184,0.2466546514646357,historical_extension
L100_Ts150_Tr41p44_dT10_F1p2_LP45,1.0,150.0,41.44,10.0,1.2,0.45,S2a,800,1201,800,666,1.0,0.8325,272.3317479605114,271.99621152,0.1617259925933709,historical_extension
L100_Ts150_Tr41p44_dT10_F1p2_LP45,1.0,150.0,41.44,10.0,1.2,0.45,S2b,800,1201,800,800,1.0,1.0,326.7221759997028,326.722176,0.1932860344979208,historical_extension
L100_Ts150_Tr41p44_dT15_F0p8_LP20,1.0,150.0,41.44,15.0,0.8,0.2,S1,800,1201,800,630,1.0,0.7875,171.67410116318877,171.52914239999998,0.2496010641751219,historical_extension
L100_Ts150_Tr41p44_dT15_F0p8_LP20,1.0,150.0,41.44,15.0,0.8,0.2,S2a,800,1201,800,658,1.0,0.8225,179.39220960893175,179.15265983999998,0.1645021947177234,historical_extension
L100_Ts150_Tr41p44_dT15_F0p8_LP20,1.0,150.0,41.44,15.0,0.8,0.2,S2b,800,1201,800,800,1.0,1.0,217.81478399980188,217.814784,0.1984077552957112,historical_extension
L100_Ts150_Tr41p44_dT15_F0p8_LP30,1.0,150.0,41.44,15.0,0.8,0.3,S1,800,1201,800,630,1.0,0.7875,171.67410116318877,171.52914239999998,0.2496010641751219,historical_extension
L100_Ts150_Tr41p44_dT15_F0p8_LP30,1.0,150.0,41.44,15.0,0.8,0.3,S2a,800,1201,800,658,1.0,0.8225,179.39220960893175,179.15265983999998,0.1645021947177234,historical_extension
L100_Ts150_Tr41p44_dT15_F0p8_LP30,1.0,150.0,41.44,15.0,0.8,0.3,S2b,800,1201,800,800,1.0,1.0,217.81478399980188,217.814784,0.1984077552957112,historical_extension
L100_Ts150_Tr41p44_dT15_F0p8_LP40,1.0,150.0,41.44,15.0,0.8,0.4,S1,800,1201,800,630,1.0,0.7875,171.67410116318877,171.52914239999998,0.2496010641751219,historical_extension
L100_Ts150_Tr41p44_dT15_F0p8_LP40,1.0,150.0,41.44,15.0,0.8,0.4,S2a,800,1201,800,658,1.0,0.8225,179.39220960893175,179.15265983999998,0.1645021947177234,historical_extension
L100_Ts150_Tr41p44_dT15_F0p8_LP40,1.0,150.0,41.44,15.0,0.8,0.4,S2b,800,1201,800,800,1.0,1.0,217.81478399980188,217.814784,0.1984077552957112,historical_extension
L100_Ts150_Tr41p44_dT15_F0p8_LP45,1.0,150.0,41.44,15.0,0.8,0.45,S1,800,1201,800,630,1.0,0.7875,171.67410116318877,171.52914239999998,0.2496010641751219,historical_extension
L100_Ts150_Tr41p44_dT15_F0p8_LP45,1.0,150.0,41.44,15.0,0.8,0.45,S2a,800,1201,800,658,1.0,0.8225,179.39220960893175,179.15265983999998,0.1645021947177234,historical_extension
L100_Ts150_Tr41p44_dT15_F0p8_LP45,1.0,150.0,41.44,15.0,0.8,0.45,S2b,800,1201,800,800,1.0,1.0,217.81478399980188,217.814784,0.1984077552957112,historical_extension
L100_Ts150_Tr41p44_dT15_F1p0_LP20,1.0,150.0,41.44,15.0,1.0,0.2,S1,800,1201,800,611,1.0,0.76375,208.14858427302232,207.9450516,0.248300176849899,historical_extension
L100_Ts150_Tr41p44_dT15_F1p0_LP20,1.0,150.0,41.44,15.0,1.0,0.2,S2a,800,1201,800,645,1.0,0.80625,219.6680847794344,219.516462,0.1644623961911971,historical_extension
L100_Ts150_Tr41p44_dT15_F1p0_LP20,1.0,150.0,41.44,15.0,1.0,0.2,S2b,800,1201,800,800,1.0,1.0,272.26847999975234,272.26848,0.2001981079442733,historical_extension
L100_Ts150_Tr41p44_dT15_F1p0_LP30,1.0,150.0,41.44,15.0,1.0,0.3,S1,800,1201,800,611,1.0,0.76375,208.14858427302232,207.9450516,0.248300176849899,historical_extension
L100_Ts150_Tr41p44_dT15_F1p0_LP30,1.0,150.0,41.44,15.0,1.0,0.3,S2a,800,1201,800,645,1.0,0.80625,219.6680847794344,219.516462,0.1644623961911971,historical_extension
L100_Ts150_Tr41p44_dT15_F1p0_LP30,1.0,150.0,41.44,15.0,1.0,0.3,S2b,800,1201,800,800,1.0,1.0,272.26847999975234,272.26848,0.2001981079442733,historical_extension
L100_Ts150_Tr41p44_dT15_F1p0_LP40,1.0,150.0,41.44,15.0,1.0,0.4,S1,800,1201,800,611,1.0,0.76375,208.14858427302232,207.9450516,0.248300176849899,historical_extension
L100_Ts150_Tr41p44_dT15_F1p0_LP40,1.0,150.0,41.44,15.0,1.0,0.4,S2a,800,1201,800,645,1.0,0.80625,219.6680847794344,219.516462,0.1644623961911971,historical_extension
L100_Ts150_Tr41p44_dT15_F1p0_LP40,1.0,150.0,41.44,15.0,1.0,0.4,S2b,800,1201,800,800,1.0,1.0,272.26847999975234,272.26848,0.2001981079442733,historical_extension
L100_Ts150_Tr41p44_dT15_F1p0_LP45,1.0,150.0,41.44,15.0,1.0,0.45,S1,800,1201,800,611,1.0,0.76375,208.14858427302232,207.9450516,0.248300176849899,historical_extension
L100_Ts150_Tr41p44_dT15_F1p0_LP45,1.0,150.0,41.44,15.0,1.0,0.45,S2a,800,1201,800,645,1.0,0.80625,219.6680847794344,219.516462,0.1644623961911971,historical_extension
L100_Ts150_Tr41p44_dT15_F1p0_LP45,1.0,150.0,41.44,15.0,1.0,0.45,S2b,800,1201,800,800,1.0,1.0,272.26847999975234,272.26848,0.2001981079442733,historical_extension
L100_Ts150_Tr41p44_dT15_F1p2_LP20,1.0,150.0,41.44,15.0,1.2,0.2,S1,800,1201,800,592,1.0,0.74,242.13842221635,241.77441024,0.2470915166111657,historical_extension
L100_Ts150_Tr41p44_dT15_F1p2_LP20,1.0,150.0,41.44,15.0,1.2,0.2,S2a,800,1201,800,631,1.0,0.78875,257.887413264816,257.70211632,0.1643972757656009,historical_extension
L100_Ts150_Tr41p44_dT15_F1p2_LP20,1.0,150.0,41.44,15.0,1.2,0.2,S2b,800,1201,800,800,1.0,1.0,326.7221759997028,326.722176,0.2020738462146755,historical_extension
L100_Ts150_Tr41p44_dT15_F1p2_LP30,1.0,150.0,41.44,15.0,1.2,0.3,S1,800,1201,800,592,1.0,0.74,242.13842221635,241.77441024,0.2470915166111657,historical_extension
L100_Ts150_Tr41p44_dT15_F1p2_LP30,1.0,150.0,41.44,15.0,1.2,0.3,S2a,800,1201,800,631,1.0,0.78875,257.887413264816,257.70211632,0.1643972757656009,historical_extension
L100_Ts150_Tr41p44_dT15_F1p2_LP30,1.0,150.0,41.44,15.0,1.2,0.3,S2b,800,1201,800,800,1.0,1.0,326.7221759997028,326.722176,0.2020738462146755,historical_extension
L100_Ts150_Tr41p44_dT15_F1p2_LP40,1.0,150.0,41.44,15.0,1.2,0.4,S1,800,1201,800,592,1.0,0.74,242.13842221635,241.77441024,0.2470915166111657,historical_extension
L100_Ts150_Tr41p44_dT15_F1p2_LP40,1.0,150.0,41.44,15.0,1.2,0.4,S2a,800,1201,800,631,1.0,0.78875,257.887413264816,257.70211632,0.1643972757656009,historical_extension
L100_Ts150_Tr41p44_dT15_F1p2_LP40,1.0,150.0,41.44,15.0,1.2,0.4,S2b,800,1201,800,800,1.0,1.0,326.7221759997028,326.722176,0.2020738462146755,historical_extension
L100_Ts150_Tr41p44_dT15_F1p2_LP45,1.0,150.0,41.44,15.0,1.2,0.45,S1,800,1201,800,592,1.0,0.74,242.13842221635,241.77441024,0.2470915166111657,historical_extension
L100_Ts150_Tr41p44_dT15_F1p2_LP45,1.0,150.0,41.44,15.0,1.2,0.45,S2a,800,1201,800,631,1.0,0.78875,257.887413264816,257.70211632,0.1643972757656009,historical_extension
L100_Ts150_Tr41p44_dT15_F1p2_LP45,1.0,150.0,41.44,15.0,1.2,0.45,S2b,800,1201,800,800,1.0,1.0,326.7221759997028,326.722176,0.2020738462146755,historical_extension
L100_Ts150_Tr50p0_dT5_F0p8_LP20,1.0,150.0,50.0,5.0,0.8,0.2,S1,800,1201,800,694,1.0,0.8675,174.21390714797974,174.0552,0.2495117595386831,historical_extension
L100_Ts150_Tr50p0_dT5_F0p8_LP20,1.0,150.0,50.0,5.0,0.8,0.2,S2a,800,1201,800,726,1.0,0.9075,182.2348171393046,182.0808,0.1637348988645494,historical_extension
L100_Ts150_Tr50p0_dT5_F0p8_LP20,1.0,150.0,50.0,5.0,0.8,0.2,S2b,800,1201,800,800,1.0,1.0,200.63999999981752,200.64,0.1895258865541414,historical_extension
L100_Ts150_Tr50p0_dT5_F0p8_LP30,1.0,150.0,50.0,5.0,0.8,0.3,S1,800,1201,800,694,1.0,0.8675,174.21390714797974,174.0552,0.2495117595386831,historical_extension
L100_Ts150_Tr50p0_dT5_F0p8_LP30,1.0,150.0,50.0,5.0,0.8,0.3,S2a,800,1201,800,726,1.0,0.9075,182.2348171393046,182.0808,0.1637348988645494,historical_extension
L100_Ts150_Tr50p0_dT5_F0p8_LP30,1.0,150.0,50.0,5.0,0.8,0.3,S2b,800,1201,800,800,1.0,1.0,200.63999999981752,200.64,0.1895258865541414,historical_extension
L100_Ts150_Tr50p0_dT5_F0p8_LP40,1.0,150.0,50.0,5.0,0.8,0.4,S1,800,1201,800,694,1.0,0.8675,174.21390714797974,174.0552,0.2495117595386831,historical_extension
L100_Ts150_Tr50p0_dT5_F0p8_LP40,1.0,150.0,50.0,5.0,0.8,0.4,S2a,800,1201,800,726,1.0,0.9075,182.2348171393046,182.0808,0.1637348988645494,historical_extension
L100_Ts150_Tr50p0_dT5_F0p8_LP40,1.0,150.0,50.0,5.0,0.8,0.4,S2b,800,1201,800,800,1.0,1.0,200.63999999981752,200.64,0.1895258865541414,historical_extension
L100_Ts150_Tr50p0_dT5_F0p8_LP45,1.0,150.0,50.0,5.0,0.8,0.45,S1,800,1201,800,694,1.0,0.8675,174.21390714797974,174.0552,0.2495117595386831,historical_extension
L100_Ts150_Tr50p0_dT5_F0p8_LP45,1.0,150.0,50.0,5.0,0.8,0.45,S2a,800,1201,800,726,1.0,0.9075,182.2348171393046,182.0808,0.1637348988645494,historical_extension
L100_Ts150_Tr50p0_dT5_F0p8_LP45,1.0,150.0,50.0,5.0,0.8,0.45,S2b,800,1201,800,800,1.0,1.0,200.63999999981752,200.64,0.1895258865541414,historical_extension
L100_Ts150_Tr50p0_dT5_F1p0_LP20,1.0,150.0,50.0,5.0,1.0,0.2,S1,800,1201,800,673,1.0,0.84125,211.20296636887684,210.9855,0.2481927222605126,historical_extension
L100_Ts150_Tr50p0_dT5_F1p0_LP20,1.0,150.0,50.0,5.0,1.0,0.2,S2a,800,1201,800,711,1.0,0.88875,223.16687113163613,222.8985,0.1636390620684611,historical_extension
L100_Ts150_Tr50p0_dT5_F1p0_LP20,1.0,150.0,50.0,5.0,1.0,0.2,S2b,800,1201,800,800,1.0,1.0,250.7999999997719,250.8,0.1912850607461703,historical_extension
L100_Ts150_Tr50p0_dT5_F1p0_LP30,1.0,150.0,50.0,5.0,1.0,0.3,S1,800,1201,800,673,1.0,0.84125,211.20296636887684,210.9855,0.2481927222605126,historical_extension
L100_Ts150_Tr50p0_dT5_F1p0_LP30,1.0,150.0,50.0,5.0,1.0,0.3,S2a,800,1201,800,711,1.0,0.88875,223.16687113163613,222.8985,0.1636390620684611,historical_extension
L100_Ts150_Tr50p0_dT5_F1p0_LP30,1.0,150.0,50.0,5.0,1.0,0.3,S2b,800,1201,800,800,1.0,1.0,250.7999999997719,250.8,0.1912850607461703,historical_extension
L100_Ts150_Tr50p0_dT5_F1p0_LP40,1.0,150.0,50.0,5.0,1.0,0.4,S1,800,1201,800,673,1.0,0.84125,211.20296636887684,210.9855,0.2481927222605126,historical_extension
L100_Ts150_Tr50p0_dT5_F1p0_LP40,1.0,150.0,50.0,5.0,1.0,0.4,S2a,800,1201,800,711,1.0,0.88875,223.16687113163613,222.8985,0.1636390620684611,historical_extension
L100_Ts150_Tr50p0_dT5_F1p0_LP40,1.0,150.0,50.0,5.0,1.0,0.4,S2b,800,1201,800,800,1.0,1.0,250.7999999997719,250.8,0.1912850607461703,historical_extension
L100_Ts150_Tr50p0_dT5_F1p0_LP45,1.0,150.0,50.0,5.0,1.0,0.45,S1,800,1201,800,673,1.0,0.84125,211.20296636887684,210.9855,0.2481927222605126,historical_extension
L100_Ts150_Tr50p0_dT5_F1p0_LP45,1.0,150.0,50.0,5.0,1.0,0.45,S2a,800,1201,800,711,1.0,0.88875,223.16687113163613,222.8985,0.1636390620684611,historical_extension
L100_Ts150_Tr50p0_dT5_F1p0_LP45,1.0,150.0,50.0,5.0,1.0,0.45,S2b,800,1201,800,800,1.0,1.0,250.7999999997719,250.8,0.1912850607461703,historical_extension
L100_Ts150_Tr50p0_dT5_F1p2_LP20,1.0,150.0,50.0,5.0,1.2,0.2,S1,800,1201,800,652,1.0,0.815,245.65547939993175,245.2824,0.2469675825512965,historical_extension
L100_Ts150_Tr50p0_dT5_F1p2_LP20,1.0,150.0,50.0,5.0,1.2,0.2,S2a,800,1201,800,696,1.0,0.87,262.03731614433724,261.8352,0.1635826067794617,historical_extension
L100_Ts150_Tr50p0_dT5_F1p2_LP20,1.0,150.0,50.0,5.0,1.2,0.2,S2b,800,1201,800,800,1.0,1.0,300.9599999997263,300.96,0.1931429337673816,historical_extension
L100_Ts150_Tr50p0_dT5_F1p2_LP30,1.0,150.0,50.0,5.0,1.2,0.3,S1,800,1201,800,652,1.0,0.815,245.65547939993175,245.2824,0.2469675825512965,historical_extension
L100_Ts150_Tr50p0_dT5_F1p2_LP30,1.0,150.0,50.0,5.0,1.2,0.3,S2a,800,1201,800,696,1.0,0.87,262.03731614433724,261.8352,0.1635826067794617,historical_extension
L100_Ts150_Tr50p0_dT5_F1p2_LP30,1.0,150.0,50.0,5.0,1.2,0.3,S2b,800,1201,800,800,1.0,1.0,300.9599999997263,300.96,0.1931429337673816,historical_extension
L100_Ts150_Tr50p0_dT5_F1p2_LP40,1.0,150.0,50.0,5.0,1.2,0.4,S1,800,1201,800,652,1.0,0.815,245.65547939993175,245.2824,0.2469675825512965,historical_extension
L100_Ts150_Tr50p0_dT5_F1p2_LP40,1.0,150.0,50.0,5.0,1.2,0.4,S2a,800,1201,800,696,1.0,0.87,262.03731614433724,261.8352,0.1635826067794617,historical_extension
L100_Ts150_Tr50p0_dT5_F1p2_LP40,1.0,150.0,50.0,5.0,1.2,0.4,S2b,800,1201,800,800,1.0,1.0,300.9599999997263,300.96,0.1931429337673816,historical_extension
L100_Ts150_Tr50p0_dT5_F1p2_LP45,1.0,150.0,50.0,5.0,1.2,0.45,S1,800,1201,800,652,1.0,0.815,245.65547939993175,245.2824,0.2469675825512965,historical_extension
L100_Ts150_Tr50p0_dT5_F1p2_LP45,1.0,150.0,50.0,5.0,1.2,0.45,S2a,800,1201,800,696,1.0,0.87,262.03731614433724,261.8352,0.1635826067794617,historical_extension
L100_Ts150_Tr50p0_dT5_F1p2_LP45,1.0,150.0,50.0,5.0,1.2,0.45,S2b,800,1201,800,800,1.0,1.0,300.9599999997263,300.96,0.1931429337673816,historical_extension
L100_Ts150_Tr50p0_dT10_F0p8_LP20,1.0,150.0,50.0,10.0,0.8,0.2,S1,800,1201,800,659,1.0,0.82375,165.38999835643364,165.27719999999997,0.2498247514351982,historical_extension
L100_Ts150_Tr50p0_dT10_F0p8_LP20,1.0,150.0,50.0,10.0,0.8,0.2,S2a,800,1201,800,687,1.0,0.85875,172.38234492743123,172.2996,0.1666469685859378,historical_extension
L100_Ts150_Tr50p0_dT10_F0p8_LP20,1.0,150.0,50.0,10.0,0.8,0.2,S2b,800,1201,800,800,1.0,1.0,200.63999999981752,200.64,0.1989553505464825,historical_extension
L100_Ts150_Tr50p0_dT10_F0p8_LP30,1.0,150.0,50.0,10.0,0.8,0.3,S1,800,1201,800,659,1.0,0.82375,165.38999835643364,165.27719999999997,0.2498247514351982,historical_extension
L100_Ts150_Tr50p0_dT10_F0p8_LP30,1.0,150.0,50.0,10.0,0.8,0.3,S2a,800,1201,800,687,1.0,0.85875,172.38234492743123,172.2996,0.1666469685859378,historical_extension
L100_Ts150_Tr50p0_dT10_F0p8_LP30,1.0,150.0,50.0,10.0,0.8,0.3,S2b,800,1201,800,800,1.0,1.0,200.63999999981752,200.64,0.1989553505464825,historical_extension
L100_Ts150_Tr50p0_dT10_F0p8_LP40,1.0,150.0,50.0,10.0,0.8,0.4,S1,800,1201,800,659,1.0,0.82375,165.38999835643364,165.27719999999997,0.2498247514351982,historical_extension
L100_Ts150_Tr50p0_dT10_F0p8_LP40,1.0,150.0,50.0,10.0,0.8,0.4,S2a,800,1201,800,687,1.0,0.85875,172.38234492743123,172.2996,0.1666469685859378,historical_extension
L100_Ts150_Tr50p0_dT10_F0p8_LP40,1.0,150.0,50.0,10.0,0.8,0.4,S2b,800,1201,800,800,1.0,1.0,200.63999999981752,200.64,0.1989553505464825,historical_extension
L100_Ts150_Tr50p0_dT10_F0p8_LP45,1.0,150.0,50.0,10.0,0.8,0.45,S1,800,1201,800,659,1.0,0.82375,165.38999835643364,165.27719999999997,0.2498247514351982,historical_extension
L100_Ts150_Tr50p0_dT10_F0p8_LP45,1.0,150.0,50.0,10.0,0.8,0.45,S2a,800,1201,800,687,1.0,0.85875,172.38234492743123,172.2996,0.1666469685859378,historical_extension
L100_Ts150_Tr50p0_dT10_F0p8_LP45,1.0,150.0,50.0,10.0,0.8,0.45,S2b,800,1201,800,800,1.0,1.0,200.63999999981752,200.64,0.1989553505464825,historical_extension
L100_Ts150_Tr50p0_dT10_F1p0_LP20,1.0,150.0,50.0,10.0,1.0,0.2,S1,800,1201,800,639,1.0,0.79875,200.5872753916589,200.3265,0.248572783849138,historical_extension
L100_Ts150_Tr50p0_dT10_F1p0_LP20,1.0,150.0,50.0,10.0,1.0,0.2,S2a,800,1201,800,672,1.0,0.84,210.98220209412943,210.672,0.1665685978456682,historical_extension
L100_Ts150_Tr50p0_dT10_F1p0_LP20,1.0,150.0,50.0,10.0,1.0,0.2,S2b,800,1201,800,800,1.0,1.0,250.7999999997719,250.8,0.2007926469694262,historical_extension
L100_Ts150_Tr50p0_dT10_F1p0_LP30,1.0,150.0,50.0,10.0,1.0,0.3,S1,800,1201,800,639,1.0,0.79875,200.5872753916589,200.3265,0.248572783849138,historical_extension
L100_Ts150_Tr50p0_dT10_F1p0_LP30,1.0,150.0,50.0,10.0,1.0,0.3,S2a,800,1201,800,672,1.0,0.84,210.98220209412943,210.672,0.1665685978456682,historical_extension
L100_Ts150_Tr50p0_dT10_F1p0_LP30,1.0,150.0,50.0,10.0,1.0,0.3,S2b,800,1201,800,800,1.0,1.0,250.7999999997719,250.8,0.2007926469694262,historical_extension
L100_Ts150_Tr50p0_dT10_F1p0_LP40,1.0,150.0,50.0,10.0,1.0,0.4,S1,800,1201,800,639,1.0,0.79875,200.5872753916589,200.3265,0.248572783849138,historical_extension
L100_Ts150_Tr50p0_dT10_F1p0_LP40,1.0,150.0,50.0,10.0,1.0,0.4,S2a,800,1201,800,672,1.0,0.84,210.98220209412943,210.672,0.1665685978456682,historical_extension
L100_Ts150_Tr50p0_dT10_F1p0_LP40,1.0,150.0,50.0,10.0,1.0,0.4,S2b,800,1201,800,800,1.0,1.0,250.7999999997719,250.8,0.2007926469694262,historical_extension
L100_Ts150_Tr50p0_dT10_F1p0_LP45,1.0,150.0,50.0,10.0,1.0,0.45,S1,800,1201,800,639,1.0,0.79875,200.5872753916589,200.3265,0.248572783849138,historical_extension
L100_Ts150_Tr50p0_dT10_F1p0_LP45,1.0,150.0,50.0,10.0,1.0,0.45,S2a,800,1201,800,672,1.0,0.84,210.98220209412943,210.672,0.1665685978456682,historical_extension
L100_Ts150_Tr50p0_dT10_F1p0_LP45,1.0,150.0,50.0,10.0,1.0,0.45,S2b,800,1201,800,800,1.0,1.0,250.7999999997719,250.8,0.2007926469694262,historical_extension
L100_Ts150_Tr50p0_dT10_F1p2_LP20,1.0,150.0,50.0,10.0,1.2,0.2,S1,800,1201,800,620,1.0,0.775,233.42569907036813,233.244,0.2473968285808029,historical_extension
L100_Ts150_Tr50p0_dT10_F1p2_LP20,1.0,150.0,50.0,10.0,1.2,0.2,S2a,800,1201,800,658,1.0,0.8225,247.57648593792905,247.5396,0.1665803966992289,historical_extension
L100_Ts150_Tr50p0_dT10_F1p2_LP20,1.0,150.0,50.0,10.0,1.2,0.2,S2b,800,1201,800,800,1.0,1.0,300.9599999997263,300.96,0.2027031942942816,historical_extension
L100_Ts150_Tr50p0_dT10_F1p2_LP30,1.0,150.0,50.0,10.0,1.2,0.3,S1,800,1201,800,620,1.0,0.775,233.42569907036813,233.244,0.2473968285808029,historical_extension
L100_Ts150_Tr50p0_dT10_F1p2_LP30,1.0,150.0,50.0,10.0,1.2,0.3,S2a,800,1201,800,658,1.0,0.8225,247.57648593792905,247.5396,0.1665803966992289,historical_extension
L100_Ts150_Tr50p0_dT10_F1p2_LP30,1.0,150.0,50.0,10.0,1.2,0.3,S2b,800,1201,800,800,1.0,1.0,300.9599999997263,300.96,0.2027031942942816,historical_extension
L100_Ts150_Tr50p0_dT10_F1p2_LP40,1.0,150.0,50.0,10.0,1.2,0.4,S1,800,1201,800,620,1.0,0.775,233.42569907036813,233.244,0.2473968285808029,historical_extension
L100_Ts150_Tr50p0_dT10_F1p2_LP40,1.0,150.0,50.0,10.0,1.2,0.4,S2a,800,1201,800,658,1.0,0.8225,247.57648593792905,247.5396,0.1665803966992289,historical_extension
L100_Ts150_Tr50p0_dT10_F1p2_LP40,1.0,150.0,50.0,10.0,1.2,0.4,S2b,800,1201,800,800,1.0,1.0,300.9599999997263,300.96,0.2027031942942816,historical_extension
L100_Ts150_Tr50p0_dT10_F1p2_LP45,1.0,150.0,50.0,10.0,1.2,0.45,S1,800,1201,800,620,1.0,0.775,233.42569907036813,233.244,0.2473968285808029,historical_extension
L100_Ts150_Tr50p0_dT10_F1p2_LP45,1.0,150.0,50.0,10.0,1.2,0.45,S2a,800,1201,800,658,1.0,0.8225,247.57648593792905,247.5396,0.1665803966992289,historical_extension
L100_Ts150_Tr50p0_dT10_F1p2_LP45,1.0,150.0,50.0,10.0,1.2,0.45,S2b,800,1201,800,800,1.0,1.0,300.9599999997263,300.96,0.2027031942942816,historical_extension
L100_Ts150_Tr50p0_dT15_F0p8_LP20,1.0,150.0,50.0,15.0,0.8,0.2,S1,800,1201,800,624,1.0,0.78,156.55186702471718,156.49919999999997,0.2501377433317133,historical_extension
L100_Ts150_Tr50p0_dT15_F0p8_LP20,1.0,150.0,50.0,15.0,0.8,0.2,S2a,800,1201,800,648,1.0,0.81,162.51845574821346,162.5184,0.1701307559632202,historical_extension
L100_Ts150_Tr50p0_dT15_F0p8_LP20,1.0,150.0,50.0,15.0,0.8,0.2,S2b,800,1201,800,800,1.0,1.0,200.63999999981752,200.64,0.209559236020662,historical_extension
L100_Ts150_Tr50p0_dT15_F0p8_LP30,1.0,150.0,50.0,15.0,0.8,0.3,S1,800,1201,800,624,1.0,0.78,156.55186702471718,156.49919999999997,0.2501377433317133,historical_extension
L100_Ts150_Tr50p0_dT15_F0p8_LP30,1.0,150.0,50.0,15.0,0.8,0.3,S2a,800,1201,800,648,1.0,0.81,162.51845574821346,162.5184,0.1701307559632202,historical_extension
L100_Ts150_Tr50p0_dT15_F0p8_LP30,1.0,150.0,50.0,15.0,0.8,0.3,S2b,800,1201,800,800,1.0,1.0,200.63999999981752,200.64,0.209559236020662,historical_extension
L100_Ts150_Tr50p0_dT15_F0p8_LP40,1.0,150.0,50.0,15.0,0.8,0.4,S1,800,1201,800,624,1.0,0.78,156.55186702471718,156.49919999999997,0.2501377433317133,historical_extension
L100_Ts150_Tr50p0_dT15_F0p8_LP40,1.0,150.0,50.0,15.0,0.8,0.4,S2a,800,1201,800,648,1.0,0.81,162.51845574821346,162.5184,0.1701307559632202,historical_extension
L100_Ts150_Tr50p0_dT15_F0p8_LP40,1.0,150.0,50.0,15.0,0.8,0.4,S2b,800,1201,800,800,1.0,1.0,200.63999999981752,200.64,0.209559236020662,historical_extension
L100_Ts150_Tr50p0_dT15_F0p8_LP45,1.0,150.0,50.0,15.0,0.8,0.45,S1,800,1201,800,624,1.0,0.78,156.55186702471718,156.49919999999997,0.2501377433317133,historical_extension
L100_Ts150_Tr50p0_dT15_F0p8_LP45,1.0,150.0,50.0,15.0,0.8,0.45,S2a,800,1201,800,648,1.0,0.81,162.51845574821346,162.5184,0.1701307559632202,historical_extension
L100_Ts150_Tr50p0_dT15_F0p8_LP45,1.0,150.0,50.0,15.0,0.8,0.45,S2b,800,1201,800,800,1.0,1.0,200.63999999981752,200.64,0.209559236020662,historical_extension
L100_Ts150_Tr50p0_dT15_F1p0_LP20,1.0,150.0,50.0,15.0,1.0,0.2,S1,800,1201,800,605,1.0,0.75625,189.9434489100433,189.6675,0.2489528454377634,historical_extension
L100_Ts150_Tr50p0_dT15_F1p0_LP20,1.0,150.0,50.0,15.0,1.0,0.2,S2a,800,1201,800,634,1.0,0.7925,198.77762926930376,198.759,0.1701330221684246,historical_extension
L100_Ts150_Tr50p0_dT15_F1p0_LP20,1.0,150.0,50.0,15.0,1.0,0.2,S2b,800,1201,800,800,1.0,1.0,250.7999999997719,250.8,0.2114405034366256,historical_extension
L100_Ts150_Tr50p0_dT15_F1p0_LP30,1.0,150.0,50.0,15.0,1.0,0.3,S1,800,1201,800,605,1.0,0.75625,189.9434489100433,189.6675,0.2489528454377634,historical_extension
L100_Ts150_Tr50p0_dT15_F1p0_LP30,1.0,150.0,50.0,15.0,1.0,0.3,S2a,800,1201,800,634,1.0,0.7925,198.77762926930376,198.759,0.1701330221684246,historical_extension
L100_Ts150_Tr50p0_dT15_F1p0_LP30,1.0,150.0,50.0,15.0,1.0,0.3,S2b,800,1201,800,800,1.0,1.0,250.7999999997719,250.8,0.2114405034366256,historical_extension
L100_Ts150_Tr50p0_dT15_F1p0_LP40,1.0,150.0,50.0,15.0,1.0,0.4,S1,800,1201,800,605,1.0,0.75625,189.9434489100433,189.6675,0.2489528454377634,historical_extension
L100_Ts150_Tr50p0_dT15_F1p0_LP40,1.0,150.0,50.0,15.0,1.0,0.4,S2a,800,1201,800,634,1.0,0.7925,198.77762926930376,198.759,0.1701330221684246,historical_extension
L100_Ts150_Tr50p0_dT15_F1p0_LP40,1.0,150.0,50.0,15.0,1.0,0.4,S2b,800,1201,800,800,1.0,1.0,250.7999999997719,250.8,0.2114405034366256,historical_extension
L100_Ts150_Tr50p0_dT15_F1p0_LP45,1.0,150.0,50.0,15.0,1.0,0.45,S1,800,1201,800,605,1.0,0.75625,189.9434489100433,189.6675,0.2489528454377634,historical_extension
L100_Ts150_Tr50p0_dT15_F1p0_LP45,1.0,150.0,50.0,15.0,1.0,0.45,S2a,800,1201,800,634,1.0,0.7925,198.77762926930376,198.759,0.1701330221684246,historical_extension
L100_Ts150_Tr50p0_dT15_F1p0_LP45,1.0,150.0,50.0,15.0,1.0,0.45,S2b,800,1201,800,800,1.0,1.0,250.7999999997719,250.8,0.2114405034366256,historical_extension
L100_Ts150_Tr50p0_dT15_F1p2_LP20,1.0,150.0,50.0,15.0,1.2,0.2,S1,800,1201,800,587,1.0,0.73375,221.1470202272288,220.8294,0.2478394885487313,historical_extension
L100_Ts150_Tr50p0_dT15_F1p2_LP20,1.0,150.0,50.0,15.0,1.2,0.2,S2a,800,1201,800,619,1.0,0.77375,233.0881074068756,232.8678,0.1700840445169788,historical_extension
L100_Ts150_Tr50p0_dT15_F1p2_LP20,1.0,150.0,50.0,15.0,1.2,0.2,S2b,800,1201,800,800,1.0,1.0,300.9599999997263,300.96,0.2133646823316961,historical_extension
L100_Ts150_Tr50p0_dT15_F1p2_LP30,1.0,150.0,50.0,15.0,1.2,0.3,S1,800,1201,800,587,1.0,0.73375,221.1470202272288,220.8294,0.2478394885487313,historical_extension
L100_Ts150_Tr50p0_dT15_F1p2_LP30,1.0,150.0,50.0,15.0,1.2,0.3,S2a,800,1201,800,619,1.0,0.77375,233.0881074068756,232.8678,0.1700840445169788,historical_extension
L100_Ts150_Tr50p0_dT15_F1p2_LP30,1.0,150.0,50.0,15.0,1.2,0.3,S2b,800,1201,800,800,1.0,1.0,300.9599999997263,300.96,0.2133646823316961,historical_extension
L100_Ts150_Tr50p0_dT15_F1p2_LP40,1.0,150.0,50.0,15.0,1.2,0.4,S1,800,1201,800,587,1.0,0.73375,221.1470202272288,220.8294,0.2478394885487313,historical_extension
L100_Ts150_Tr50p0_dT15_F1p2_LP40,1.0,150.0,50.0,15.0,1.2,0.4,S2a,800,1201,800,619,1.0,0.77375,233.0881074068756,232.8678,0.1700840445169788,historical_extension
L100_Ts150_Tr50p0_dT15_F1p2_LP40,1.0,150.0,50.0,15.0,1.2,0.4,S2b,800,1201,800,800,1.0,1.0,300.9599999997263,300.96,0.2133646823316961,historical_extension
L100_Ts150_Tr50p0_dT15_F1p2_LP45,1.0,150.0,50.0,15.0,1.2,0.45,S1,800,1201,800,587,1.0,0.73375,221.1470202272288,220.8294,0.2478394885487313,historical_extension
L100_Ts150_Tr50p0_dT15_F1p2_LP45,1.0,150.0,50.0,15.0,1.2,0.45,S2a,800,1201,800,619,1.0,0.77375,233.0881074068756,232.8678,0.1700840445169788,historical_extension
L100_Ts150_Tr50p0_dT15_F1p2_LP45,1.0,150.0,50.0,15.0,1.2,0.45,S2b,800,1201,800,800,1.0,1.0,300.9599999997263,300.96,0.2133646823316961,historical_extension
L100_Ts150_Tr60p0_dT5_F0p8_LP20,1.0,150.0,60.0,5.0,0.8,0.2,S1,800,1201,800,693,1.0,0.86625,156.55186702473543,156.42395999999997,0.2501413203819592,historical_extension
L100_Ts150_Tr60p0_dT5_F0p8_LP20,1.0,150.0,60.0,5.0,0.8,0.2,S2a,800,1201,800,720,1.0,0.9,162.51845574830463,162.51839999999996,0.1701268600849861,historical_extension
L100_Ts150_Tr60p0_dT5_F0p8_LP20,1.0,150.0,60.0,5.0,0.8,0.2,S2b,800,1201,800,800,1.0,1.0,180.57599999983572,180.57599999999996,0.201564763843385,historical_extension
L100_Ts150_Tr60p0_dT5_F0p8_LP30,1.0,150.0,60.0,5.0,0.8,0.3,S1,800,1201,800,693,1.0,0.86625,156.55186702473543,156.42395999999997,0.2501413203819592,historical_extension
L100_Ts150_Tr60p0_dT5_F0p8_LP30,1.0,150.0,60.0,5.0,0.8,0.3,S2a,800,1201,800,720,1.0,0.9,162.51845574830463,162.51839999999996,0.1701268600849861,historical_extension
L100_Ts150_Tr60p0_dT5_F0p8_LP30,1.0,150.0,60.0,5.0,0.8,0.3,S2b,800,1201,800,800,1.0,1.0,180.57599999983572,180.57599999999996,0.201564763843385,historical_extension
L100_Ts150_Tr60p0_dT5_F0p8_LP40,1.0,150.0,60.0,5.0,0.8,0.4,S1,800,1201,800,693,1.0,0.86625,156.55186702473543,156.42395999999997,0.2501413203819592,historical_extension
L100_Ts150_Tr60p0_dT5_F0p8_LP40,1.0,150.0,60.0,5.0,0.8,0.4,S2a,800,1201,800,720,1.0,0.9,162.51845574830463,162.51839999999996,0.1701268600849861,historical_extension
L100_Ts150_Tr60p0_dT5_F0p8_LP40,1.0,150.0,60.0,5.0,0.8,0.4,S2b,800,1201,800,800,1.0,1.0,180.57599999983572,180.57599999999996,0.201564763843385,historical_extension
L100_Ts150_Tr60p0_dT5_F0p8_LP45,1.0,150.0,60.0,5.0,0.8,0.45,S1,800,1201,800,693,1.0,0.86625,156.55186702473543,156.42395999999997,0.2501413203819592,historical_extension
L100_Ts150_Tr60p0_dT5_F0p8_LP45,1.0,150.0,60.0,5.0,0.8,0.45,S2a,800,1201,800,720,1.0,0.9,162.51845574830463,162.51839999999996,0.1701268600849861,historical_extension
L100_Ts150_Tr60p0_dT5_F0p8_LP45,1.0,150.0,60.0,5.0,0.8,0.45,S2b,800,1201,800,800,1.0,1.0,180.57599999983572,180.57599999999996,0.201564763843385,historical_extension
L100_Ts150_Tr60p0_dT5_F1p0_LP20,1.0,150.0,60.0,5.0,1.0,0.2,S1,800,1201,800,673,1.0,0.84125,189.94344890997488,189.88695,0.2489461384685524,historical_extension
L100_Ts150_Tr60p0_dT5_F1p0_LP20,1.0,150.0,60.0,5.0,1.0,0.2,S2a,800,1201,800,704,1.0,0.88,198.7776292692581,198.6336,0.1701010879063004,historical_extension
L100_Ts150_Tr60p0_dT5_F1p0_LP20,1.0,150.0,60.0,5.0,1.0,0.2,S2b,800,1201,800,800,1.0,1.0,225.7199999997947,225.72,0.2034763478369238,historical_extension
L100_Ts150_Tr60p0_dT5_F1p0_LP30,1.0,150.0,60.0,5.0,1.0,0.3,S1,800,1201,800,673,1.0,0.84125,189.94344890997488,189.88695,0.2489461384685524,historical_extension
L100_Ts150_Tr60p0_dT5_F1p0_LP30,1.0,150.0,60.0,5.0,1.0,0.3,S2a,800,1201,800,704,1.0,0.88,198.7776292692581,198.6336,0.1701010879063004,historical_extension
L100_Ts150_Tr60p0_dT5_F1p0_LP30,1.0,150.0,60.0,5.0,1.0,0.3,S2b,800,1201,800,800,1.0,1.0,225.7199999997947,225.72,0.2034763478369238,historical_extension
L100_Ts150_Tr60p0_dT5_F1p0_LP40,1.0,150.0,60.0,5.0,1.0,0.4,S1,800,1201,800,673,1.0,0.84125,189.94344890997488,189.88695,0.2489461384685524,historical_extension
L100_Ts150_Tr60p0_dT5_F1p0_LP40,1.0,150.0,60.0,5.0,1.0,0.4,S2a,800,1201,800,704,1.0,0.88,198.7776292692581,198.6336,0.1701010879063004,historical_extension
L100_Ts150_Tr60p0_dT5_F1p0_LP40,1.0,150.0,60.0,5.0,1.0,0.4,S2b,800,1201,800,800,1.0,1.0,225.7199999997947,225.72,0.2034763478369238,historical_extension
L100_Ts150_Tr60p0_dT5_F1p0_LP45,1.0,150.0,60.0,5.0,1.0,0.45,S1,800,1201,800,673,1.0,0.84125,189.94344890997488,189.88695,0.2489461384685524,historical_extension
L100_Ts150_Tr60p0_dT5_F1p0_LP45,1.0,150.0,60.0,5.0,1.0,0.45,S2a,800,1201,800,704,1.0,0.88,198.7776292692581,198.6336,0.1701010879063004,historical_extension
L100_Ts150_Tr60p0_dT5_F1p0_LP45,1.0,150.0,60.0,5.0,1.0,0.45,S2b,800,1201,800,800,1.0,1.0,225.7199999997947,225.72,0.2034763478369238,historical_extension
L100_Ts150_Tr60p0_dT5_F1p2_LP20,1.0,150.0,60.0,5.0,1.2,0.2,S1,800,1201,800,653,1.0,0.81625,221.14702022736557,221.09274,0.247831440185678,historical_extension
L100_Ts150_Tr60p0_dT5_F1p2_LP20,1.0,150.0,60.0,5.0,1.2,0.2,S2a,800,1201,800,688,1.0,0.86,233.08810740679348,232.94304,0.1700910048775232,historical_extension
L100_Ts150_Tr60p0_dT5_F1p2_LP20,1.0,150.0,60.0,5.0,1.2,0.2,S2b,800,1201,800,800,1.0,1.0,270.8639999997537,270.864,0.2054412000890386,historical_extension
L100_Ts150_Tr60p0_dT5_F1p2_LP30,1.0,150.0,60.0,5.0,1.2,0.3,S1,800,1201,800,653,1.0,0.81625,221.14702022736557,221.09274,0.247831440185678,historical_extension
L100_Ts150_Tr60p0_dT5_F1p2_LP30,1.0,150.0,60.0,5.0,1.2,0.3,S2a,800,1201,800,688,1.0,0.86,233.08810740679348,232.94304,0.1700910048775232,historical_extension
L100_Ts150_Tr60p0_dT5_F1p2_LP30,1.0,150.0,60.0,5.0,1.2,0.3,S2b,800,1201,800,800,1.0,1.0,270.8639999997537,270.864,0.2054412000890386,historical_extension
L100_Ts150_Tr60p0_dT5_F1p2_LP40,1.0,150.0,60.0,5.0,1.2,0.4,S1,800,1201,800,653,1.0,0.81625,221.14702022736557,221.09274,0.247831440185678,historical_extension
L100_Ts150_Tr60p0_dT5_F1p2_LP40,1.0,150.0,60.0,5.0,1.2,0.4,S2a,800,1201,800,688,1.0,0.86,233.08810740679348,232.94304,0.1700910048775232,historical_extension
L100_Ts150_Tr60p0_dT5_F1p2_LP40,1.0,150.0,60.0,5.0,1.2,0.4,S2b,800,1201,800,800,1.0,1.0,270.8639999997537,270.864,0.2054412000890386,historical_extension
L100_Ts150_Tr60p0_dT5_F1p2_LP45,1.0,150.0,60.0,5.0,1.2,0.45,S1,800,1201,800,653,1.0,0.81625,221.14702022736557,221.09274,0.247831440185678,historical_extension
L100_Ts150_Tr60p0_dT5_F1p2_LP45,1.0,150.0,60.0,5.0,1.2,0.45,S2a,800,1201,800,688,1.0,0.86,233.08810740679348,232.94304,0.1700910048775232,historical_extension
L100_Ts150_Tr60p0_dT5_F1p2_LP45,1.0,150.0,60.0,5.0,1.2,0.45,S2b,800,1201,800,800,1.0,1.0,270.8639999997537,270.864,0.2054412000890386,historical_extension
L100_Ts150_Tr60p0_dT10_F0p8_LP20,1.0,150.0,60.0,10.0,0.8,0.2,S1,800,1201,800,654,1.0,0.8175,147.69987180901387,147.62087999999997,0.2504552065410357,historical_extension
L100_Ts150_Tr60p0_dT10_F0p8_LP20,1.0,150.0,60.0,10.0,0.8,0.2,S2a,800,1201,800,676,1.0,0.845,152.67029092769826,152.58671999999996,0.174322435968056,historical_extension
L100_Ts150_Tr60p0_dT10_F0p8_LP20,1.0,150.0,60.0,10.0,0.8,0.2,S2b,800,1201,800,800,1.0,1.0,180.57599999983572,180.57599999999996,0.2137867268141126,historical_extension
L100_Ts150_Tr60p0_dT10_F0p8_LP30,1.0,150.0,60.0,10.0,0.8,0.3,S1,800,1201,800,654,1.0,0.8175,147.69987180901387,147.62087999999997,0.2504552065410357,historical_extension
L100_Ts150_Tr60p0_dT10_F0p8_LP30,1.0,150.0,60.0,10.0,0.8,0.3,S2a,800,1201,800,676,1.0,0.845,152.67029092769826,152.58671999999996,0.174322435968056,historical_extension
L100_Ts150_Tr60p0_dT10_F0p8_LP30,1.0,150.0,60.0,10.0,0.8,0.3,S2b,800,1201,800,800,1.0,1.0,180.57599999983572,180.57599999999996,0.2137867268141126,historical_extension
L100_Ts150_Tr60p0_dT10_F0p8_LP40,1.0,150.0,60.0,10.0,0.8,0.4,S1,800,1201,800,654,1.0,0.8175,147.69987180901387,147.62087999999997,0.2504552065410357,historical_extension
L100_Ts150_Tr60p0_dT10_F0p8_LP40,1.0,150.0,60.0,10.0,0.8,0.4,S2a,800,1201,800,676,1.0,0.845,152.67029092769826,152.58671999999996,0.174322435968056,historical_extension
L100_Ts150_Tr60p0_dT10_F0p8_LP40,1.0,150.0,60.0,10.0,0.8,0.4,S2b,800,1201,800,800,1.0,1.0,180.57599999983572,180.57599999999996,0.2137867268141126,historical_extension
L100_Ts150_Tr60p0_dT10_F0p8_LP45,1.0,150.0,60.0,10.0,0.8,0.45,S1,800,1201,800,654,1.0,0.8175,147.69987180901387,147.62087999999997,0.2504552065410357,historical_extension
L100_Ts150_Tr60p0_dT10_F0p8_LP45,1.0,150.0,60.0,10.0,0.8,0.45,S2a,800,1201,800,676,1.0,0.845,152.67029092769826,152.58671999999996,0.174322435968056,historical_extension
L100_Ts150_Tr60p0_dT10_F0p8_LP45,1.0,150.0,60.0,10.0,0.8,0.45,S2b,800,1201,800,800,1.0,1.0,180.57599999983572,180.57599999999996,0.2137867268141126,historical_extension
L100_Ts150_Tr60p0_dT10_F1p0_LP20,1.0,150.0,60.0,10.0,1.0,0.2,S1,800,1201,800,635,1.0,0.79375,179.27235194059702,179.16525,0.2493284357135815,historical_extension
L100_Ts150_Tr60p0_dT10_F1p0_LP20,1.0,150.0,60.0,10.0,1.0,0.2,S2a,800,1201,800,661,1.0,0.82625,186.55317774145584,186.50115,0.1743766287047584,historical_extension
L100_Ts150_Tr60p0_dT10_F1p0_LP20,1.0,150.0,60.0,10.0,1.0,0.2,S2b,800,1201,800,800,1.0,1.0,225.7199999997947,225.72,0.2157417751068186,historical_extension
L100_Ts150_Tr60p0_dT10_F1p0_LP30,1.0,150.0,60.0,10.0,1.0,0.3,S1,800,1201,800,635,1.0,0.79375,179.27235194059702,179.16525,0.2493284357135815,historical_extension
L100_Ts150_Tr60p0_dT10_F1p0_LP30,1.0,150.0,60.0,10.0,1.0,0.3,S2a,800,1201,800,661,1.0,0.82625,186.55317774145584,186.50115,0.1743766287047584,historical_extension
L100_Ts150_Tr60p0_dT10_F1p0_LP30,1.0,150.0,60.0,10.0,1.0,0.3,S2b,800,1201,800,800,1.0,1.0,225.7199999997947,225.72,0.2157417751068186,historical_extension
L100_Ts150_Tr60p0_dT10_F1p0_LP40,1.0,150.0,60.0,10.0,1.0,0.4,S1,800,1201,800,635,1.0,0.79375,179.27235194059702,179.16525,0.2493284357135815,historical_extension
L100_Ts150_Tr60p0_dT10_F1p0_LP40,1.0,150.0,60.0,10.0,1.0,0.4,S2a,800,1201,800,661,1.0,0.82625,186.55317774145584,186.50115,0.1743766287047584,historical_extension
L100_Ts150_Tr60p0_dT10_F1p0_LP40,1.0,150.0,60.0,10.0,1.0,0.4,S2b,800,1201,800,800,1.0,1.0,225.7199999997947,225.72,0.2157417751068186,historical_extension
L100_Ts150_Tr60p0_dT10_F1p0_LP45,1.0,150.0,60.0,10.0,1.0,0.45,S1,800,1201,800,635,1.0,0.79375,179.27235194059702,179.16525,0.2493284357135815,historical_extension
L100_Ts150_Tr60p0_dT10_F1p0_LP45,1.0,150.0,60.0,10.0,1.0,0.45,S2a,800,1201,800,661,1.0,0.82625,186.55317774145584,186.50115,0.1743766287047584,historical_extension
L100_Ts150_Tr60p0_dT10_F1p0_LP45,1.0,150.0,60.0,10.0,1.0,0.45,S2b,800,1201,800,800,1.0,1.0,225.7199999997947,225.72,0.2157417751068186,historical_extension
L100_Ts150_Tr60p0_dT10_F1p2_LP20,1.0,150.0,60.0,10.0,1.2,0.2,S1,800,1201,800,616,1.0,0.77,208.82119166510444,208.56528,0.2482781243351331,historical_extension
L100_Ts150_Tr60p0_dT10_F1p2_LP20,1.0,150.0,60.0,10.0,1.2,0.2,S2a,800,1201,800,645,1.0,0.80625,218.6028068737737,218.3841,0.1743712083149688,historical_extension
L100_Ts150_Tr60p0_dT10_F1p2_LP20,1.0,150.0,60.0,10.0,1.2,0.2,S2b,800,1201,800,800,1.0,1.0,270.8639999997537,270.864,0.2177297797152129,historical_extension
L100_Ts150_Tr60p0_dT10_F1p2_LP30,1.0,150.0,60.0,10.0,1.2,0.3,S1,800,1201,800,616,1.0,0.77,208.82119166510444,208.56528,0.2482781243351331,historical_extension
L100_Ts150_Tr60p0_dT10_F1p2_LP30,1.0,150.0,60.0,10.0,1.2,0.3,S2a,800,1201,800,645,1.0,0.80625,218.6028068737737,218.3841,0.1743712083149688,historical_extension
L100_Ts150_Tr60p0_dT10_F1p2_LP30,1.0,150.0,60.0,10.0,1.2,0.3,S2b,800,1201,800,800,1.0,1.0,270.8639999997537,270.864,0.2177297797152129,historical_extension
L100_Ts150_Tr60p0_dT10_F1p2_LP40,1.0,150.0,60.0,10.0,1.2,0.4,S1,800,1201,800,616,1.0,0.77,208.82119166510444,208.56528,0.2482781243351331,historical_extension
L100_Ts150_Tr60p0_dT10_F1p2_LP40,1.0,150.0,60.0,10.0,1.2,0.4,S2a,800,1201,800,645,1.0,0.80625,218.6028068737737,218.3841,0.1743712083149688,historical_extension
L100_Ts150_Tr60p0_dT10_F1p2_LP40,1.0,150.0,60.0,10.0,1.2,0.4,S2b,800,1201,800,800,1.0,1.0,270.8639999997537,270.864,0.2177297797152129,historical_extension
L100_Ts150_Tr60p0_dT10_F1p2_LP45,1.0,150.0,60.0,10.0,1.2,0.45,S1,800,1201,800,616,1.0,0.77,208.82119166510444,208.56528,0.2482781243351331,historical_extension
L100_Ts150_Tr60p0_dT10_F1p2_LP45,1.0,150.0,60.0,10.0,1.2,0.45,S2a,800,1201,800,645,1.0,0.80625,218.6028068737737,218.3841,0.1743712083149688,historical_extension
L100_Ts150_Tr60p0_dT10_F1p2_LP45,1.0,150.0,60.0,10.0,1.2,0.45,S2b,800,1201,800,800,1.0,1.0,270.8639999997537,270.864,0.2177297797152129,historical_extension
L100_Ts150_Tr60p0_dT15_F0p8_LP20,1.0,150.0,60.0,15.0,0.8,0.2,S1,800,1201,800,615,1.0,0.76875,138.83435791787872,138.81779999999998,0.2507690927001123,historical_extension
L100_Ts150_Tr60p0_dT15_F0p8_LP20,1.0,150.0,60.0,15.0,0.8,0.2,S2a,800,1201,800,632,1.0,0.79,142.80992625401336,142.65504,0.1795450185330145,historical_extension
L100_Ts150_Tr60p0_dT15_F0p8_LP20,1.0,150.0,60.0,15.0,0.8,0.2,S2b,800,1201,800,800,1.0,1.0,180.57599999983572,180.57599999999996,0.2277649757931496,historical_extension
L100_Ts150_Tr60p0_dT15_F0p8_LP30,1.0,150.0,60.0,15.0,0.8,0.3,S1,800,1201,800,615,1.0,0.76875,138.83435791787872,138.81779999999998,0.2507690927001123,historical_extension
L100_Ts150_Tr60p0_dT15_F0p8_LP30,1.0,150.0,60.0,15.0,0.8,0.3,S2a,800,1201,800,632,1.0,0.79,142.80992625401336,142.65504,0.1795450185330145,historical_extension
L100_Ts150_Tr60p0_dT15_F0p8_LP30,1.0,150.0,60.0,15.0,0.8,0.3,S2b,800,1201,800,800,1.0,1.0,180.57599999983572,180.57599999999996,0.2277649757931496,historical_extension
L100_Ts150_Tr60p0_dT15_F0p8_LP40,1.0,150.0,60.0,15.0,0.8,0.4,S1,800,1201,800,615,1.0,0.76875,138.83435791787872,138.81779999999998,0.2507690927001123,historical_extension
L100_Ts150_Tr60p0_dT15_F0p8_LP40,1.0,150.0,60.0,15.0,0.8,0.4,S2a,800,1201,800,632,1.0,0.79,142.80992625401336,142.65504,0.1795450185330145,historical_extension
L100_Ts150_Tr60p0_dT15_F0p8_LP40,1.0,150.0,60.0,15.0,0.8,0.4,S2b,800,1201,800,800,1.0,1.0,180.57599999983572,180.57599999999996,0.2277649757931496,historical_extension
L100_Ts150_Tr60p0_dT15_F0p8_LP45,1.0,150.0,60.0,15.0,0.8,0.45,S1,800,1201,800,615,1.0,0.76875,138.83435791787872,138.81779999999998,0.2507690927001123,historical_extension
L100_Ts150_Tr60p0_dT15_F0p8_LP45,1.0,150.0,60.0,15.0,0.8,0.45,S2a,800,1201,800,632,1.0,0.79,142.80992625401336,142.65504,0.1795450185330145,historical_extension
L100_Ts150_Tr60p0_dT15_F0p8_LP45,1.0,150.0,60.0,15.0,0.8,0.45,S2b,800,1201,800,800,1.0,1.0,180.57599999983572,180.57599999999996,0.2277649757931496,historical_extension
L100_Ts150_Tr60p0_dT15_F1p0_LP20,1.0,150.0,60.0,15.0,1.0,0.2,S1,800,1201,800,597,1.0,0.74625,168.57481051505266,168.44355,0.2497107329586106,historical_extension
L100_Ts150_Tr60p0_dT15_F1p0_LP20,1.0,150.0,60.0,15.0,1.0,0.2,S2a,800,1201,800,617,1.0,0.77125,174.3340428441137,174.08655,0.1796178124460834,historical_extension
L100_Ts150_Tr60p0_dT15_F1p0_LP20,1.0,150.0,60.0,15.0,1.0,0.2,S2b,800,1201,800,800,1.0,1.0,225.7199999997947,225.72,0.229720654500866,historical_extension
L100_Ts150_Tr60p0_dT15_F1p0_LP30,1.0,150.0,60.0,15.0,1.0,0.3,S1,800,1201,800,597,1.0,0.74625,168.57481051505266,168.44355,0.2497107329586106,historical_extension
L100_Ts150_Tr60p0_dT15_F1p0_LP30,1.0,150.0,60.0,15.0,1.0,0.3,S2a,800,1201,800,617,1.0,0.77125,174.3340428441137,174.08655,0.1796178124460834,historical_extension
L100_Ts150_Tr60p0_dT15_F1p0_LP30,1.0,150.0,60.0,15.0,1.0,0.3,S2b,800,1201,800,800,1.0,1.0,225.7199999997947,225.72,0.229720654500866,historical_extension
L100_Ts150_Tr60p0_dT15_F1p0_LP40,1.0,150.0,60.0,15.0,1.0,0.4,S1,800,1201,800,597,1.0,0.74625,168.57481051505266,168.44355,0.2497107329586106,historical_extension
L100_Ts150_Tr60p0_dT15_F1p0_LP40,1.0,150.0,60.0,15.0,1.0,0.4,S2a,800,1201,800,617,1.0,0.77125,174.3340428441137,174.08655,0.1796178124460834,historical_extension
L100_Ts150_Tr60p0_dT15_F1p0_LP40,1.0,150.0,60.0,15.0,1.0,0.4,S2b,800,1201,800,800,1.0,1.0,225.7199999997947,225.72,0.229720654500866,historical_extension
L100_Ts150_Tr60p0_dT15_F1p0_LP45,1.0,150.0,60.0,15.0,1.0,0.45,S1,800,1201,800,597,1.0,0.74625,168.57481051505266,168.44355,0.2497107329586106,historical_extension
L100_Ts150_Tr60p0_dT15_F1p0_LP45,1.0,150.0,60.0,15.0,1.0,0.45,S2a,800,1201,800,617,1.0,0.77125,174.3340428441137,174.08655,0.1796178124460834,historical_extension
L100_Ts150_Tr60p0_dT15_F1p0_LP45,1.0,150.0,60.0,15.0,1.0,0.45,S2b,800,1201,800,800,1.0,1.0,225.7199999997947,225.72,0.229720654500866,historical_extension
L100_Ts150_Tr60p0_dT15_F1p2_LP20,1.0,150.0,60.0,15.0,1.2,0.2,S1,800,1201,800,580,1.0,0.725,196.44987196996192,196.3764,0.2487127359400083,historical_extension
L100_Ts150_Tr60p0_dT15_F1p2_LP20,1.0,150.0,60.0,15.0,1.2,0.2,S2a,800,1201,800,602,1.0,0.7525,204.09450295713043,203.82516,0.1796846329189627,historical_extension
L100_Ts150_Tr60p0_dT15_F1p2_LP20,1.0,150.0,60.0,15.0,1.2,0.2,S2b,800,1201,800,800,1.0,1.0,270.8639999997537,270.864,0.2316805385544409,historical_extension
L100_Ts150_Tr60p0_dT15_F1p2_LP30,1.0,150.0,60.0,15.0,1.2,0.3,S1,800,1201,800,580,1.0,0.725,196.44987196996192,196.3764,0.2487127359400083,historical_extension
L100_Ts150_Tr60p0_dT15_F1p2_LP30,1.0,150.0,60.0,15.0,1.2,0.3,S2a,800,1201,800,602,1.0,0.7525,204.09450295713043,203.82516,0.1796846329189627,historical_extension
L100_Ts150_Tr60p0_dT15_F1p2_LP30,1.0,150.0,60.0,15.0,1.2,0.3,S2b,800,1201,800,800,1.0,1.0,270.8639999997537,270.864,0.2316805385544409,historical_extension
L100_Ts150_Tr60p0_dT15_F1p2_LP40,1.0,150.0,60.0,15.0,1.2,0.4,S1,800,1201,800,580,1.0,0.725,196.44987196996192,196.3764,0.2487127359400083,historical_extension
L100_Ts150_Tr60p0_dT15_F1p2_LP40,1.0,150.0,60.0,15.0,1.2,0.4,S2a,800,1201,800,602,1.0,0.7525,204.09450295713043,203.82516,0.1796846329189627,historical_extension
L100_Ts150_Tr60p0_dT15_F1p2_LP40,1.0,150.0,60.0,15.0,1.2,0.4,S2b,800,1201,800,800,1.0,1.0,270.8639999997537,270.864,0.2316805385544409,historical_extension
L100_Ts150_Tr60p0_dT15_F1p2_LP45,1.0,150.0,60.0,15.0,1.2,0.45,S1,800,1201,800,580,1.0,0.725,196.44987196996192,196.3764,0.2487127359400083,historical_extension
L100_Ts150_Tr60p0_dT15_F1p2_LP45,1.0,150.0,60.0,15.0,1.2,0.45,S2a,800,1201,800,602,1.0,0.7525,204.09450295713043,203.82516,0.1796846329189627,historical_extension
L100_Ts150_Tr60p0_dT15_F1p2_LP45,1.0,150.0,60.0,15.0,1.2,0.45,S2b,800,1201,800,800,1.0,1.0,270.8639999997537,270.864,0.2316805385544409,historical_extension
L100_Ts180_Tr35p0_dT5_F0p8_LP20,1.0,180.0,35.0,5.0,0.8,0.2,S1,800,1201,800,551,1.0,0.68875,200.59649496688507,200.37666,0.2485692067988921,historical_extension
L100_Ts180_Tr35p0_dT5_F0p8_LP20,1.0,180.0,35.0,5.0,0.8,0.2,S2a,800,1201,800,582,1.0,0.7275,211.76164572430892,211.65012,0.157342388361585,historical_extension
L100_Ts180_Tr35p0_dT5_F0p8_LP20,1.0,180.0,35.0,5.0,0.8,0.2,S2b,800,1201,800,785,1.0,0.98125,285.7778164585852,285.4731,0.1933606002091824,historical_extension
L100_Ts180_Tr35p0_dT5_F0p8_LP30,1.0,180.0,35.0,5.0,0.8,0.3,S1,800,1201,800,551,1.0,0.68875,200.59649496688507,200.37666,0.2485692067988921,historical_extension
L100_Ts180_Tr35p0_dT5_F0p8_LP30,1.0,180.0,35.0,5.0,0.8,0.3,S2a,800,1201,800,582,1.0,0.7275,211.76164572430892,211.65012,0.157342388361585,historical_extension
L100_Ts180_Tr35p0_dT5_F0p8_LP30,1.0,180.0,35.0,5.0,0.8,0.3,S2b,800,1201,800,785,1.0,0.98125,285.7778164585852,285.4731,0.1933606002091824,historical_extension
L100_Ts180_Tr35p0_dT5_F0p8_LP40,1.0,180.0,35.0,5.0,0.8,0.4,S1,800,1201,800,551,1.0,0.68875,200.59649496688507,200.37666,0.2485692067988921,historical_extension
L100_Ts180_Tr35p0_dT5_F0p8_LP40,1.0,180.0,35.0,5.0,0.8,0.4,S2a,800,1201,800,582,1.0,0.7275,211.76164572430892,211.65012,0.157342388361585,historical_extension
L100_Ts180_Tr35p0_dT5_F0p8_LP40,1.0,180.0,35.0,5.0,0.8,0.4,S2b,800,1201,800,785,1.0,0.98125,285.7778164585852,285.4731,0.1933606002091824,historical_extension
L100_Ts180_Tr35p0_dT5_F0p8_LP45,1.0,180.0,35.0,5.0,0.8,0.45,S1,800,1201,800,551,1.0,0.68875,200.59649496688507,200.37666,0.2485692067988921,historical_extension
L100_Ts180_Tr35p0_dT5_F0p8_LP45,1.0,180.0,35.0,5.0,0.8,0.45,S2a,800,1201,800,582,1.0,0.7275,211.76164572430892,211.65012,0.157342388361585,historical_extension
L100_Ts180_Tr35p0_dT5_F0p8_LP45,1.0,180.0,35.0,5.0,0.8,0.45,S2b,800,1201,800,785,1.0,0.98125,285.7778164585852,285.4731,0.1933606002091824,historical_extension
L100_Ts180_Tr35p0_dT5_F1p0_LP20,1.0,180.0,35.0,5.0,1.0,0.2,S1,800,1201,800,534,1.0,0.6675,242.87193883442563,242.74305,0.2470553320651409,historical_extension
L100_Ts180_Tr35p0_dT5_F1p0_LP20,1.0,180.0,35.0,5.0,1.0,0.2,S2a,800,1201,800,571,1.0,0.71375,259.7496597252178,259.56232500000004,0.1571408682290613,historical_extension
L100_Ts180_Tr35p0_dT5_F1p0_LP20,1.0,180.0,35.0,5.0,1.0,0.2,S2b,800,1201,800,765,1.0,0.95625,347.8493260164852,347.74987500000003,0.1930500039230807,historical_extension
L100_Ts180_Tr35p0_dT5_F1p0_LP30,1.0,180.0,35.0,5.0,1.0,0.3,S1,800,1201,800,534,1.0,0.6675,242.87193883442563,242.74305,0.2470553320651409,historical_extension
L100_Ts180_Tr35p0_dT5_F1p0_LP30,1.0,180.0,35.0,5.0,1.0,0.3,S2a,800,1201,800,571,1.0,0.71375,259.7496597252178,259.56232500000004,0.1571408682290613,historical_extension
L100_Ts180_Tr35p0_dT5_F1p0_LP30,1.0,180.0,35.0,5.0,1.0,0.3,S2b,800,1201,800,765,1.0,0.95625,347.8493260164852,347.74987500000003,0.1930500039230807,historical_extension
L100_Ts180_Tr35p0_dT5_F1p0_LP40,1.0,180.0,35.0,5.0,1.0,0.4,S1,800,1201,800,534,1.0,0.6675,242.87193883442563,242.74305,0.2470553320651409,historical_extension
L100_Ts180_Tr35p0_dT5_F1p0_LP40,1.0,180.0,35.0,5.0,1.0,0.4,S2a,800,1201,800,571,1.0,0.71375,259.7496597252178,259.56232500000004,0.1571408682290613,historical_extension
L100_Ts180_Tr35p0_dT5_F1p0_LP40,1.0,180.0,35.0,5.0,1.0,0.4,S2b,800,1201,800,765,1.0,0.95625,347.8493260164852,347.74987500000003,0.1930500039230807,historical_extension
L100_Ts180_Tr35p0_dT5_F1p0_LP45,1.0,180.0,35.0,5.0,1.0,0.45,S1,800,1201,800,534,1.0,0.6675,242.87193883442563,242.74305,0.2470553320651409,historical_extension
L100_Ts180_Tr35p0_dT5_F1p0_LP45,1.0,180.0,35.0,5.0,1.0,0.45,S2a,800,1201,800,571,1.0,0.71375,259.7496597252178,259.56232500000004,0.1571408682290613,historical_extension
L100_Ts180_Tr35p0_dT5_F1p0_LP45,1.0,180.0,35.0,5.0,1.0,0.45,S2b,800,1201,800,765,1.0,0.95625,347.8493260164852,347.74987500000003,0.1930500039230807,historical_extension
L100_Ts180_Tr35p0_dT5_F1p2_LP20,1.0,180.0,35.0,5.0,1.2,0.2,S1,800,1201,800,517,1.0,0.64625,282.0324498735679,282.01833,0.245651675192091,historical_extension
L100_Ts180_Tr35p0_dT5_F1p2_LP20,1.0,180.0,35.0,5.0,1.2,0.2,S2a,800,1201,800,559,1.0,0.69875,305.37569923674164,304.92891,0.15693654585178,historical_extension
L100_Ts180_Tr35p0_dT5_F1p2_LP20,1.0,180.0,35.0,5.0,1.2,0.2,S2b,800,1201,800,743,1.0,0.92875,405.549125307085,405.29907,0.1926280610169786,historical_extension
L100_Ts180_Tr35p0_dT5_F1p2_LP30,1.0,180.0,35.0,5.0,1.2,0.3,S1,800,1201,800,517,1.0,0.64625,282.0324498735679,282.01833,0.245651675192091,historical_extension
L100_Ts180_Tr35p0_dT5_F1p2_LP30,1.0,180.0,35.0,5.0,1.2,0.3,S2a,800,1201,800,559,1.0,0.69875,305.37569923674164,304.92891,0.15693654585178,historical_extension
L100_Ts180_Tr35p0_dT5_F1p2_LP30,1.0,180.0,35.0,5.0,1.2,0.3,S2b,800,1201,800,743,1.0,0.92875,405.549125307085,405.29907,0.1926280610169786,historical_extension
L100_Ts180_Tr35p0_dT5_F1p2_LP40,1.0,180.0,35.0,5.0,1.2,0.4,S1,800,1201,800,517,1.0,0.64625,282.0324498735679,282.01833,0.245651675192091,historical_extension
L100_Ts180_Tr35p0_dT5_F1p2_LP40,1.0,180.0,35.0,5.0,1.2,0.4,S2a,800,1201,800,559,1.0,0.69875,305.37569923674164,304.92891,0.15693654585178,historical_extension
L100_Ts180_Tr35p0_dT5_F1p2_LP40,1.0,180.0,35.0,5.0,1.2,0.4,S2b,800,1201,800,743,1.0,0.92875,405.549125307085,405.29907,0.1926280610169786,historical_extension
L100_Ts180_Tr35p0_dT5_F1p2_LP45,1.0,180.0,35.0,5.0,1.2,0.45,S1,800,1201,787,517,0.98375,0.64625,282.0324498731933,282.01833,0.245651675192091,historical_extension
L100_Ts180_Tr35p0_dT5_F1p2_LP45,1.0,180.0,35.0,5.0,1.2,0.45,S2a,800,1201,792,559,0.99,0.69875,305.3756992367755,304.92891,0.15693654585178,historical_extension
L100_Ts180_Tr35p0_dT5_F1p2_LP45,1.0,180.0,35.0,5.0,1.2,0.45,S2b,800,1201,800,743,1.0,0.92875,405.549125307085,405.29907,0.1926280610169786,historical_extension
L100_Ts180_Tr35p0_dT10_F0p8_LP20,1.0,180.0,35.0,10.0,0.8,0.2,S1,800,1201,800,527,1.0,0.65875,191.81755099755696,191.64882,0.2488804101702842,historical_extension
L100_Ts180_Tr35p0_dT10_F0p8_LP20,1.0,180.0,35.0,10.0,0.8,0.2,S2a,800,1201,800,555,1.0,0.69375,201.92475973861963,201.8313,0.1591896536916022,historical_extension
L100_Ts180_Tr35p0_dT10_F0p8_LP20,1.0,180.0,35.0,10.0,0.8,0.2,S2b,800,1201,800,758,1.0,0.9475,275.98803449846105,275.6542799999999,0.1976396793472141,historical_extension
L100_Ts180_Tr35p0_dT10_F0p8_LP30,1.0,180.0,35.0,10.0,0.8,0.3,S1,800,1201,800,527,1.0,0.65875,191.81755099755696,191.64882,0.2488804101702842,historical_extension
L100_Ts180_Tr35p0_dT10_F0p8_LP30,1.0,180.0,35.0,10.0,0.8,0.3,S2a,800,1201,800,555,1.0,0.69375,201.92475973861963,201.8313,0.1591896536916022,historical_extension
L100_Ts180_Tr35p0_dT10_F0p8_LP30,1.0,180.0,35.0,10.0,0.8,0.3,S2b,800,1201,800,758,1.0,0.9475,275.98803449846105,275.6542799999999,0.1976396793472141,historical_extension
L100_Ts180_Tr35p0_dT10_F0p8_LP40,1.0,180.0,35.0,10.0,0.8,0.4,S1,800,1201,800,527,1.0,0.65875,191.81755099755696,191.64882,0.2488804101702842,historical_extension
L100_Ts180_Tr35p0_dT10_F0p8_LP40,1.0,180.0,35.0,10.0,0.8,0.4,S2a,800,1201,800,555,1.0,0.69375,201.92475973861963,201.8313,0.1591896536916022,historical_extension
L100_Ts180_Tr35p0_dT10_F0p8_LP40,1.0,180.0,35.0,10.0,0.8,0.4,S2b,800,1201,800,758,1.0,0.9475,275.98803449846105,275.6542799999999,0.1976396793472141,historical_extension
L100_Ts180_Tr35p0_dT10_F0p8_LP45,1.0,180.0,35.0,10.0,0.8,0.45,S1,800,1201,800,527,1.0,0.65875,191.81755099755696,191.64882,0.2488804101702842,historical_extension
L100_Ts180_Tr35p0_dT10_F0p8_LP45,1.0,180.0,35.0,10.0,0.8,0.45,S2a,800,1201,800,555,1.0,0.69375,201.92475973861963,201.8313,0.1591896536916022,historical_extension
L100_Ts180_Tr35p0_dT10_F0p8_LP45,1.0,180.0,35.0,10.0,0.8,0.45,S2b,800,1201,800,758,1.0,0.9475,275.98803449846105,275.6542799999999,0.1976396793472141,historical_extension
L100_Ts180_Tr35p0_dT10_F1p0_LP20,1.0,180.0,35.0,10.0,1.0,0.2,S1,800,1201,800,511,1.0,0.63875,232.3462720129236,232.287825,0.2474281277704544,historical_extension
L100_Ts180_Tr35p0_dT10_F1p0_LP20,1.0,180.0,35.0,10.0,1.0,0.2,S2a,800,1201,800,544,1.0,0.68,247.56337980603675,247.2888,0.1590077101652903,historical_extension
L100_Ts180_Tr35p0_dT10_F1p0_LP20,1.0,180.0,35.0,10.0,1.0,0.2,S2b,800,1201,800,738,1.0,0.9225,335.76233709575445,335.47635,0.1973004919266495,historical_extension
L100_Ts180_Tr35p0_dT10_F1p0_LP30,1.0,180.0,35.0,10.0,1.0,0.3,S1,800,1201,800,511,1.0,0.63875,232.3462720129236,232.287825,0.2474281277704544,historical_extension
L100_Ts180_Tr35p0_dT10_F1p0_LP30,1.0,180.0,35.0,10.0,1.0,0.3,S2a,800,1201,800,544,1.0,0.68,247.56337980603675,247.2888,0.1590077101652903,historical_extension
L100_Ts180_Tr35p0_dT10_F1p0_LP30,1.0,180.0,35.0,10.0,1.0,0.3,S2b,800,1201,800,738,1.0,0.9225,335.76233709575445,335.47635,0.1973004919266495,historical_extension
L100_Ts180_Tr35p0_dT10_F1p0_LP40,1.0,180.0,35.0,10.0,1.0,0.4,S1,800,1201,800,511,1.0,0.63875,232.3462720129236,232.287825,0.2474281277704544,historical_extension
L100_Ts180_Tr35p0_dT10_F1p0_LP40,1.0,180.0,35.0,10.0,1.0,0.4,S2a,800,1201,800,544,1.0,0.68,247.56337980603675,247.2888,0.1590077101652903,historical_extension
L100_Ts180_Tr35p0_dT10_F1p0_LP40,1.0,180.0,35.0,10.0,1.0,0.4,S2b,800,1201,800,738,1.0,0.9225,335.76233709575445,335.47635,0.1973004919266495,historical_extension
L100_Ts180_Tr35p0_dT10_F1p0_LP45,1.0,180.0,35.0,10.0,1.0,0.45,S1,800,1201,800,511,1.0,0.63875,232.3462720129236,232.287825,0.2474281277704544,historical_extension
L100_Ts180_Tr35p0_dT10_F1p0_LP45,1.0,180.0,35.0,10.0,1.0,0.45,S2a,800,1201,800,544,1.0,0.68,247.56337980603675,247.2888,0.1590077101652903,historical_extension
L100_Ts180_Tr35p0_dT10_F1p0_LP45,1.0,180.0,35.0,10.0,1.0,0.45,S2b,800,1201,800,738,1.0,0.9225,335.76233709575445,335.47635,0.1973004919266495,historical_extension
L100_Ts180_Tr35p0_dT10_F1p2_LP20,1.0,180.0,35.0,10.0,1.2,0.2,S1,800,1201,800,494,1.0,0.6175,269.96085933100267,269.47206,0.2460990300384672,historical_extension
L100_Ts180_Tr35p0_dT10_F1p2_LP20,1.0,180.0,35.0,10.0,1.2,0.2,S2a,800,1201,800,533,1.0,0.66625,290.9578532666952,290.74617,0.1588848863975698,historical_extension
L100_Ts180_Tr35p0_dT10_F1p2_LP20,1.0,180.0,35.0,10.0,1.2,0.2,S2b,800,1201,800,717,1.0,0.89625,391.2748987996287,391.11633,0.1969303330677451,historical_extension
L100_Ts180_Tr35p0_dT10_F1p2_LP30,1.0,180.0,35.0,10.0,1.2,0.3,S1,800,1201,800,494,1.0,0.6175,269.96085933100267,269.47206,0.2460990300384672,historical_extension
L100_Ts180_Tr35p0_dT10_F1p2_LP30,1.0,180.0,35.0,10.0,1.2,0.3,S2a,800,1201,800,533,1.0,0.66625,290.9578532666952,290.74617,0.1588848863975698,historical_extension
L100_Ts180_Tr35p0_dT10_F1p2_LP30,1.0,180.0,35.0,10.0,1.2,0.3,S2b,800,1201,800,717,1.0,0.89625,391.2748987996287,391.11633,0.1969303330677451,historical_extension
L100_Ts180_Tr35p0_dT10_F1p2_LP40,1.0,180.0,35.0,10.0,1.2,0.4,S1,800,1201,800,494,1.0,0.6175,269.96085933100267,269.47206,0.2460990300384672,historical_extension
L100_Ts180_Tr35p0_dT10_F1p2_LP40,1.0,180.0,35.0,10.0,1.2,0.4,S2a,800,1201,800,533,1.0,0.66625,290.9578532666952,290.74617,0.1588848863975698,historical_extension
L100_Ts180_Tr35p0_dT10_F1p2_LP40,1.0,180.0,35.0,10.0,1.2,0.4,S2b,800,1201,800,717,1.0,0.89625,391.2748987996287,391.11633,0.1969303330677451,historical_extension
L100_Ts180_Tr35p0_dT10_F1p2_LP45,1.0,180.0,35.0,10.0,1.2,0.45,S1,800,1201,787,494,0.98375,0.6175,269.96085933097504,269.47206,0.2460990300384672,historical_extension
L100_Ts180_Tr35p0_dT10_F1p2_LP45,1.0,180.0,35.0,10.0,1.2,0.45,S2a,800,1201,792,533,0.99,0.66625,290.95785326633643,290.74617,0.1588848863975698,historical_extension
L100_Ts180_Tr35p0_dT10_F1p2_LP45,1.0,180.0,35.0,10.0,1.2,0.45,S2b,800,1201,800,717,1.0,0.89625,391.2748987996287,391.11633,0.1969303330677451,historical_extension
L100_Ts180_Tr35p0_dT15_F0p8_LP20,1.0,180.0,35.0,15.0,0.8,0.2,S1,800,1201,800,503,1.0,0.62875,183.02322059458865,182.92098,0.2491916135416763,historical_extension
L100_Ts180_Tr35p0_dT15_F0p8_LP20,1.0,180.0,35.0,15.0,0.8,0.2,S2a,800,1201,800,528,1.0,0.66,192.07975575397063,192.01247999999995,0.1613115435514961,historical_extension
L100_Ts180_Tr35p0_dT15_F0p8_LP20,1.0,180.0,35.0,15.0,0.8,0.2,S2b,800,1201,800,731,1.0,0.91375,266.17403988836963,265.83546,0.2024672183751292,historical_extension
L100_Ts180_Tr35p0_dT15_F0p8_LP30,1.0,180.0,35.0,15.0,0.8,0.3,S1,800,1201,800,503,1.0,0.62875,183.02322059458865,182.92098,0.2491916135416763,historical_extension
L100_Ts180_Tr35p0_dT15_F0p8_LP30,1.0,180.0,35.0,15.0,0.8,0.3,S2a,800,1201,800,528,1.0,0.66,192.07975575397063,192.01247999999995,0.1613115435514961,historical_extension
L100_Ts180_Tr35p0_dT15_F0p8_LP30,1.0,180.0,35.0,15.0,0.8,0.3,S2b,800,1201,800,731,1.0,0.91375,266.17403988836963,265.83546,0.2024672183751292,historical_extension
L100_Ts180_Tr35p0_dT15_F0p8_LP40,1.0,180.0,35.0,15.0,0.8,0.4,S1,800,1201,800,503,1.0,0.62875,183.02322059458865,182.92098,0.2491916135416763,historical_extension
L100_Ts180_Tr35p0_dT15_F0p8_LP40,1.0,180.0,35.0,15.0,0.8,0.4,S2a,800,1201,800,528,1.0,0.66,192.07975575397063,192.01247999999995,0.1613115435514961,historical_extension
L100_Ts180_Tr35p0_dT15_F0p8_LP40,1.0,180.0,35.0,15.0,0.8,0.4,S2b,800,1201,800,731,1.0,0.91375,266.17403988836963,265.83546,0.2024672183751292,historical_extension
L100_Ts180_Tr35p0_dT15_F0p8_LP45,1.0,180.0,35.0,15.0,0.8,0.45,S1,800,1201,800,503,1.0,0.62875,183.02322059458865,182.92098,0.2491916135416763,historical_extension
L100_Ts180_Tr35p0_dT15_F0p8_LP45,1.0,180.0,35.0,15.0,0.8,0.45,S2a,800,1201,800,528,1.0,0.66,192.07975575397063,192.01247999999995,0.1613115435514961,historical_extension
L100_Ts180_Tr35p0_dT15_F0p8_LP45,1.0,180.0,35.0,15.0,0.8,0.45,S2b,800,1201,800,731,1.0,0.91375,266.17403988836963,265.83546,0.2024672183751292,historical_extension
L100_Ts180_Tr35p0_dT15_F1p0_LP20,1.0,180.0,35.0,15.0,1.0,0.2,S1,800,1201,800,487,1.0,0.60875,221.7896154042209,221.378025,0.2478171319846945,historical_extension
L100_Ts180_Tr35p0_dT15_F1p0_LP20,1.0,180.0,35.0,15.0,1.0,0.2,S2a,800,1201,800,517,1.0,0.64625,235.3648037703372,235.015275,0.1611461675609999,historical_extension
L100_Ts180_Tr35p0_dT15_F1p0_LP20,1.0,180.0,35.0,15.0,1.0,0.2,S2b,800,1201,800,712,1.0,0.89,323.6648666577329,323.6574,0.2022058183339464,historical_extension
L100_Ts180_Tr35p0_dT15_F1p0_LP30,1.0,180.0,35.0,15.0,1.0,0.3,S1,800,1201,800,487,1.0,0.60875,221.7896154042209,221.378025,0.2478171319846945,historical_extension
L100_Ts180_Tr35p0_dT15_F1p0_LP30,1.0,180.0,35.0,15.0,1.0,0.3,S2a,800,1201,800,517,1.0,0.64625,235.3648037703372,235.015275,0.1611461675609999,historical_extension
L100_Ts180_Tr35p0_dT15_F1p0_LP30,1.0,180.0,35.0,15.0,1.0,0.3,S2b,800,1201,800,712,1.0,0.89,323.6648666577329,323.6574,0.2022058183339464,historical_extension
L100_Ts180_Tr35p0_dT15_F1p0_LP40,1.0,180.0,35.0,15.0,1.0,0.4,S1,800,1201,800,487,1.0,0.60875,221.7896154042209,221.378025,0.2478171319846945,historical_extension
L100_Ts180_Tr35p0_dT15_F1p0_LP40,1.0,180.0,35.0,15.0,1.0,0.4,S2a,800,1201,800,517,1.0,0.64625,235.3648037703372,235.015275,0.1611461675609999,historical_extension
L100_Ts180_Tr35p0_dT15_F1p0_LP40,1.0,180.0,35.0,15.0,1.0,0.4,S2b,800,1201,800,712,1.0,0.89,323.6648666577329,323.6574,0.2022058183339464,historical_extension
L100_Ts180_Tr35p0_dT15_F1p0_LP45,1.0,180.0,35.0,15.0,1.0,0.45,S1,800,1201,800,487,1.0,0.60875,221.7896154042209,221.378025,0.2478171319846945,historical_extension
L100_Ts180_Tr35p0_dT15_F1p0_LP45,1.0,180.0,35.0,15.0,1.0,0.45,S2a,800,1201,800,517,1.0,0.64625,235.3648037703372,235.015275,0.1611461675609999,historical_extension
L100_Ts180_Tr35p0_dT15_F1p0_LP45,1.0,180.0,35.0,15.0,1.0,0.45,S2b,800,1201,800,712,1.0,0.89,323.6648666577329,323.6574,0.2022058183339464,historical_extension
L100_Ts180_Tr35p0_dT15_F1p2_LP20,1.0,180.0,35.0,15.0,1.2,0.2,S1,800,1201,800,472,1.0,0.59,257.8345158101671,257.47128,0.2465269346741314,historical_extension
L100_Ts180_Tr35p0_dT15_F1p2_LP20,1.0,180.0,35.0,15.0,1.2,0.2,S2a,800,1201,800,506,1.0,0.6325,276.5177785642811,276.01793999999995,0.1610294642800956,historical_extension
L100_Ts180_Tr35p0_dT15_F1p2_LP20,1.0,180.0,35.0,15.0,1.2,0.2,S2b,800,1201,800,691,1.0,0.86375,377.0496999274861,376.93359,0.2017833003980836,historical_extension
L100_Ts180_Tr35p0_dT15_F1p2_LP30,1.0,180.0,35.0,15.0,1.2,0.3,S1,800,1201,800,472,1.0,0.59,257.8345158101671,257.47128,0.2465269346741314,historical_extension
L100_Ts180_Tr35p0_dT15_F1p2_LP30,1.0,180.0,35.0,15.0,1.2,0.3,S2a,800,1201,800,506,1.0,0.6325,276.5177785642811,276.01793999999995,0.1610294642800956,historical_extension
L100_Ts180_Tr35p0_dT15_F1p2_LP30,1.0,180.0,35.0,15.0,1.2,0.3,S2b,800,1201,800,691,1.0,0.86375,377.0496999274861,376.93359,0.2017833003980836,historical_extension
L100_Ts180_Tr35p0_dT15_F1p2_LP40,1.0,180.0,35.0,15.0,1.2,0.4,S1,800,1201,800,472,1.0,0.59,257.8345158101671,257.47128,0.2465269346741314,historical_extension
L100_Ts180_Tr35p0_dT15_F1p2_LP40,1.0,180.0,35.0,15.0,1.2,0.4,S2a,800,1201,800,506,1.0,0.6325,276.5177785642811,276.01793999999995,0.1610294642800956,historical_extension
L100_Ts180_Tr35p0_dT15_F1p2_LP40,1.0,180.0,35.0,15.0,1.2,0.4,S2b,800,1201,800,691,1.0,0.86375,377.0496999274861,376.93359,0.2017833003980836,historical_extension
L100_Ts180_Tr35p0_dT15_F1p2_LP45,1.0,180.0,35.0,15.0,1.2,0.45,S1,800,1201,787,472,0.98375,0.59,257.83451581006625,257.47128,0.2465269346741314,historical_extension
L100_Ts180_Tr35p0_dT15_F1p2_LP45,1.0,180.0,35.0,15.0,1.2,0.45,S2a,800,1201,792,506,0.99,0.6325,276.51777856425986,276.01793999999995,0.1610294642800956,historical_extension
L100_Ts180_Tr35p0_dT15_F1p2_LP45,1.0,180.0,35.0,15.0,1.2,0.45,S2b,800,1201,800,691,1.0,0.86375,377.0496999274861,376.93359,0.2017833003980836,historical_extension
L100_Ts180_Tr41p44_dT5_F0p8_LP20,1.0,180.0,41.44,5.0,0.8,0.2,S1,800,1201,800,544,1.0,0.68,189.2863433210977,189.04461312,0.2489738427227068,historical_extension
L100_Ts180_Tr41p44_dT5_F0p8_LP20,1.0,180.0,41.44,5.0,0.8,0.2,S2a,800,1201,800,572,1.0,0.715,199.08541308070545,198.77485056,0.1597208013621927,historical_extension
L100_Ts180_Tr41p44_dT5_F0p8_LP20,1.0,180.0,41.44,5.0,0.8,0.2,S2b,800,1201,800,786,1.0,0.9825,273.146109796627,273.14166528,0.1990508844889434,historical_extension
L100_Ts180_Tr41p44_dT5_F0p8_LP30,1.0,180.0,41.44,5.0,0.8,0.3,S1,800,1201,800,544,1.0,0.68,189.2863433210977,189.04461312,0.2489738427227068,historical_extension
L100_Ts180_Tr41p44_dT5_F0p8_LP30,1.0,180.0,41.44,5.0,0.8,0.3,S2a,800,1201,800,572,1.0,0.715,199.08541308070545,198.77485056,0.1597208013621927,historical_extension
L100_Ts180_Tr41p44_dT5_F0p8_LP30,1.0,180.0,41.44,5.0,0.8,0.3,S2b,800,1201,800,786,1.0,0.9825,273.146109796627,273.14166528,0.1990508844889434,historical_extension
L100_Ts180_Tr41p44_dT5_F0p8_LP40,1.0,180.0,41.44,5.0,0.8,0.4,S1,800,1201,800,544,1.0,0.68,189.2863433210977,189.04461312,0.2489738427227068,historical_extension
L100_Ts180_Tr41p44_dT5_F0p8_LP40,1.0,180.0,41.44,5.0,0.8,0.4,S2a,800,1201,800,572,1.0,0.715,199.08541308070545,198.77485056,0.1597208013621927,historical_extension
L100_Ts180_Tr41p44_dT5_F0p8_LP40,1.0,180.0,41.44,5.0,0.8,0.4,S2b,800,1201,800,786,1.0,0.9825,273.146109796627,273.14166528,0.1990508844889434,historical_extension
L100_Ts180_Tr41p44_dT5_F0p8_LP45,1.0,180.0,41.44,5.0,0.8,0.45,S1,800,1201,800,544,1.0,0.68,189.2863433210977,189.04461312,0.2489738427227068,historical_extension
L100_Ts180_Tr41p44_dT5_F0p8_LP45,1.0,180.0,41.44,5.0,0.8,0.45,S2a,800,1201,800,572,1.0,0.715,199.08541308070545,198.77485056,0.1597208013621927,historical_extension
L100_Ts180_Tr41p44_dT5_F0p8_LP45,1.0,180.0,41.44,5.0,0.8,0.45,S2b,800,1201,800,786,1.0,0.9825,273.146109796627,273.14166528,0.1990508844889434,historical_extension
L100_Ts180_Tr41p44_dT5_F1p0_LP20,1.0,180.0,41.44,5.0,1.0,0.2,S1,800,1201,800,527,1.0,0.65875,229.30908741456864,228.9212112,0.2475488889867555,historical_extension
L100_Ts180_Tr41p44_dT5_F1p0_LP20,1.0,180.0,41.44,5.0,1.0,0.2,S2a,800,1201,800,561,1.0,0.70125,244.04391365724024,243.69032160000003,0.1595795660972253,historical_extension
L100_Ts180_Tr41p44_dT5_F1p0_LP20,1.0,180.0,41.44,5.0,1.0,0.2,S2b,800,1201,800,764,1.0,0.955,332.24615075390034,331.8705984,0.1986048899467117,historical_extension
L100_Ts180_Tr41p44_dT5_F1p0_LP30,1.0,180.0,41.44,5.0,1.0,0.3,S1,800,1201,800,527,1.0,0.65875,229.30908741456864,228.9212112,0.2475488889867555,historical_extension
L100_Ts180_Tr41p44_dT5_F1p0_LP30,1.0,180.0,41.44,5.0,1.0,0.3,S2a,800,1201,800,561,1.0,0.70125,244.04391365724024,243.69032160000003,0.1595795660972253,historical_extension
L100_Ts180_Tr41p44_dT5_F1p0_LP30,1.0,180.0,41.44,5.0,1.0,0.3,S2b,800,1201,800,764,1.0,0.955,332.24615075390034,331.8705984,0.1986048899467117,historical_extension
L100_Ts180_Tr41p44_dT5_F1p0_LP40,1.0,180.0,41.44,5.0,1.0,0.4,S1,800,1201,800,527,1.0,0.65875,229.30908741456864,228.9212112,0.2475488889867555,historical_extension
L100_Ts180_Tr41p44_dT5_F1p0_LP40,1.0,180.0,41.44,5.0,1.0,0.4,S2a,800,1201,800,561,1.0,0.70125,244.04391365724024,243.69032160000003,0.1595795660972253,historical_extension
L100_Ts180_Tr41p44_dT5_F1p0_LP40,1.0,180.0,41.44,5.0,1.0,0.4,S2b,800,1201,800,764,1.0,0.955,332.24615075390034,331.8705984,0.1986048899467117,historical_extension
L100_Ts180_Tr41p44_dT5_F1p0_LP45,1.0,180.0,41.44,5.0,1.0,0.45,S1,800,1201,800,527,1.0,0.65875,229.30908741456864,228.9212112,0.2475488889867555,historical_extension
L100_Ts180_Tr41p44_dT5_F1p0_LP45,1.0,180.0,41.44,5.0,1.0,0.45,S2a,800,1201,800,561,1.0,0.70125,244.04391365724024,243.69032160000003,0.1595795660972253,historical_extension
L100_Ts180_Tr41p44_dT5_F1p0_LP45,1.0,180.0,41.44,5.0,1.0,0.45,S2b,800,1201,800,764,1.0,0.955,332.24615075390034,331.8705984,0.1986048899467117,historical_extension
L100_Ts180_Tr41p44_dT5_F1p2_LP20,1.0,180.0,41.44,5.0,1.2,0.2,S1,800,1201,800,511,1.0,0.63875,266.4739932531909,266.36524992,0.2462106715651665,historical_extension
L100_Ts180_Tr41p44_dT5_F1p2_LP20,1.0,180.0,41.44,5.0,1.2,0.2,S2a,800,1201,800,550,1.0,0.6875,286.7786978804936,286.694496,0.1594976252537553,historical_extension
L100_Ts180_Tr41p44_dT5_F1p2_LP20,1.0,180.0,41.44,5.0,1.2,0.2,S2b,800,1201,800,742,1.0,0.9275,387.179168576776,386.77693824,0.1982126416396472,historical_extension
L100_Ts180_Tr41p44_dT5_F1p2_LP30,1.0,180.0,41.44,5.0,1.2,0.3,S1,800,1201,800,511,1.0,0.63875,266.4739932531909,266.36524992,0.2462106715651665,historical_extension
L100_Ts180_Tr41p44_dT5_F1p2_LP30,1.0,180.0,41.44,5.0,1.2,0.3,S2a,800,1201,800,550,1.0,0.6875,286.7786978804936,286.694496,0.1594976252537553,historical_extension
L100_Ts180_Tr41p44_dT5_F1p2_LP30,1.0,180.0,41.44,5.0,1.2,0.3,S2b,800,1201,800,742,1.0,0.9275,387.179168576776,386.77693824,0.1982126416396472,historical_extension
L100_Ts180_Tr41p44_dT5_F1p2_LP40,1.0,180.0,41.44,5.0,1.2,0.4,S1,800,1201,800,511,1.0,0.63875,266.4739932531909,266.36524992,0.2462106715651665,historical_extension
L100_Ts180_Tr41p44_dT5_F1p2_LP40,1.0,180.0,41.44,5.0,1.2,0.4,S2a,800,1201,800,550,1.0,0.6875,286.7786978804936,286.694496,0.1594976252537553,historical_extension
L100_Ts180_Tr41p44_dT5_F1p2_LP40,1.0,180.0,41.44,5.0,1.2,0.4,S2b,800,1201,800,742,1.0,0.9275,387.179168576776,386.77693824,0.1982126416396472,historical_extension
L100_Ts180_Tr41p44_dT5_F1p2_LP45,1.0,180.0,41.44,5.0,1.2,0.45,S1,800,1201,800,511,1.0,0.63875,266.4739932531909,266.36524992,0.2462106715651665,historical_extension
L100_Ts180_Tr41p44_dT5_F1p2_LP45,1.0,180.0,41.44,5.0,1.2,0.45,S2a,800,1201,800,550,1.0,0.6875,286.778697880505,286.694496,0.1594976252537553,historical_extension
L100_Ts180_Tr41p44_dT5_F1p2_LP45,1.0,180.0,41.44,5.0,1.2,0.45,S2b,800,1201,800,742,1.0,0.9275,387.179168576776,386.77693824,0.1982126416396472,historical_extension
L100_Ts180_Tr41p44_dT10_F0p8_LP20,1.0,180.0,41.44,10.0,0.8,0.2,S1,800,1201,800,519,1.0,0.64875,180.4876571489357,180.35690112,0.2492836152740005,historical_extension
L100_Ts180_Tr41p44_dT10_F0p8_LP20,1.0,180.0,41.44,10.0,0.8,0.2,S2a,800,1201,800,544,1.0,0.68,189.23748109620144,189.04461312,0.1619502952371984,historical_extension
L100_Ts180_Tr41p44_dT10_F0p8_LP20,1.0,180.0,41.44,10.0,0.8,0.2,S2b,800,1201,800,757,1.0,0.94625,263.3652822887024,263.06391936,0.2039898226935134,historical_extension
L100_Ts180_Tr41p44_dT10_F0p8_LP30,1.0,180.0,41.44,10.0,0.8,0.3,S1,800,1201,800,519,1.0,0.64875,180.4876571489357,180.35690112,0.2492836152740005,historical_extension
L100_Ts180_Tr41p44_dT10_F0p8_LP30,1.0,180.0,41.44,10.0,0.8,0.3,S2a,800,1201,800,544,1.0,0.68,189.23748109620144,189.04461312,0.1619502952371984,historical_extension
L100_Ts180_Tr41p44_dT10_F0p8_LP30,1.0,180.0,41.44,10.0,0.8,0.3,S2b,800,1201,800,757,1.0,0.94625,263.3652822887024,263.06391936,0.2039898226935134,historical_extension
L100_Ts180_Tr41p44_dT10_F0p8_LP40,1.0,180.0,41.44,10.0,0.8,0.4,S1,800,1201,800,519,1.0,0.64875,180.4876571489357,180.35690112,0.2492836152740005,historical_extension
L100_Ts180_Tr41p44_dT10_F0p8_LP40,1.0,180.0,41.44,10.0,0.8,0.4,S2a,800,1201,800,544,1.0,0.68,189.23748109620144,189.04461312,0.1619502952371984,historical_extension
L100_Ts180_Tr41p44_dT10_F0p8_LP40,1.0,180.0,41.44,10.0,0.8,0.4,S2b,800,1201,800,757,1.0,0.94625,263.3652822887024,263.06391936,0.2039898226935134,historical_extension
L100_Ts180_Tr41p44_dT10_F0p8_LP45,1.0,180.0,41.44,10.0,0.8,0.45,S1,800,1201,800,519,1.0,0.64875,180.4876571489357,180.35690112,0.2492836152740005,historical_extension
L100_Ts180_Tr41p44_dT10_F0p8_LP45,1.0,180.0,41.44,10.0,0.8,0.45,S2a,800,1201,800,544,1.0,0.68,189.23748109620144,189.04461312,0.1619502952371984,historical_extension
L100_Ts180_Tr41p44_dT10_F0p8_LP45,1.0,180.0,41.44,10.0,0.8,0.45,S2b,800,1201,800,757,1.0,0.94625,263.3652822887024,263.06391936,0.2039898226935134,historical_extension
L100_Ts180_Tr41p44_dT10_F1p0_LP20,1.0,180.0,41.44,10.0,1.0,0.2,S1,800,1201,800,503,1.0,0.62875,218.7436928486655,218.4959568,0.247920616048308,historical_extension
L100_Ts180_Tr41p44_dT10_F1p0_LP20,1.0,180.0,41.44,10.0,1.0,0.2,S2a,800,1201,800,533,1.0,0.66625,231.8679139869763,231.52752480000004,0.1618302870449869,historical_extension
L100_Ts180_Tr41p44_dT10_F1p0_LP20,1.0,180.0,41.44,10.0,1.0,0.2,S2b,800,1201,800,737,1.0,0.92125,320.17411389607173,320.1421872,0.2037028737432515,historical_extension
L100_Ts180_Tr41p44_dT10_F1p0_LP30,1.0,180.0,41.44,10.0,1.0,0.3,S1,800,1201,800,503,1.0,0.62875,218.7436928486655,218.4959568,0.247920616048308,historical_extension
L100_Ts180_Tr41p44_dT10_F1p0_LP30,1.0,180.0,41.44,10.0,1.0,0.3,S2a,800,1201,800,533,1.0,0.66625,231.8679139869763,231.52752480000004,0.1618302870449869,historical_extension
L100_Ts180_Tr41p44_dT10_F1p0_LP30,1.0,180.0,41.44,10.0,1.0,0.3,S2b,800,1201,800,737,1.0,0.92125,320.17411389607173,320.1421872,0.2037028737432515,historical_extension
L100_Ts180_Tr41p44_dT10_F1p0_LP40,1.0,180.0,41.44,10.0,1.0,0.4,S1,800,1201,800,503,1.0,0.62875,218.7436928486655,218.4959568,0.247920616048308,historical_extension
L100_Ts180_Tr41p44_dT10_F1p0_LP40,1.0,180.0,41.44,10.0,1.0,0.4,S2a,800,1201,800,533,1.0,0.66625,231.8679139869763,231.52752480000004,0.1618302870449869,historical_extension
L100_Ts180_Tr41p44_dT10_F1p0_LP40,1.0,180.0,41.44,10.0,1.0,0.4,S2b,800,1201,800,737,1.0,0.92125,320.17411389607173,320.1421872,0.2037028737432515,historical_extension
L100_Ts180_Tr41p44_dT10_F1p0_LP45,1.0,180.0,41.44,10.0,1.0,0.45,S1,800,1201,800,503,1.0,0.62875,218.7436928486655,218.4959568,0.247920616048308,historical_extension
L100_Ts180_Tr41p44_dT10_F1p0_LP45,1.0,180.0,41.44,10.0,1.0,0.45,S2a,800,1201,800,533,1.0,0.66625,231.8679139869763,231.52752480000004,0.1618302870449869,historical_extension
L100_Ts180_Tr41p44_dT10_F1p0_LP45,1.0,180.0,41.44,10.0,1.0,0.45,S2b,800,1201,800,737,1.0,0.92125,320.17411389607173,320.1421872,0.2037028737432515,historical_extension
L100_Ts180_Tr41p44_dT10_F1p2_LP20,1.0,180.0,41.44,10.0,1.2,0.2,S1,800,1201,800,487,1.0,0.60875,254.3322680035215,253.85494464,0.2466567440390294,historical_extension
L100_Ts180_Tr41p44_dT10_F1p2_LP20,1.0,180.0,41.44,10.0,1.2,0.2,S2a,800,1201,800,522,1.0,0.6525,272.3317479607434,272.09913984,0.1617549812016273,historical_extension
L100_Ts180_Tr41p44_dT10_F1p2_LP20,1.0,180.0,41.44,10.0,1.2,0.2,S2b,800,1201,800,715,1.0,0.89375,372.9241269394773,372.7028448,0.2032700989632453,historical_extension
L100_Ts180_Tr41p44_dT10_F1p2_LP30,1.0,180.0,41.44,10.0,1.2,0.3,S1,800,1201,800,487,1.0,0.60875,254.3322680035215,253.85494464,0.2466567440390294,historical_extension
L100_Ts180_Tr41p44_dT10_F1p2_LP30,1.0,180.0,41.44,10.0,1.2,0.3,S2a,800,1201,800,522,1.0,0.6525,272.3317479607434,272.09913984,0.1617549812016273,historical_extension
L100_Ts180_Tr41p44_dT10_F1p2_LP30,1.0,180.0,41.44,10.0,1.2,0.3,S2b,800,1201,800,715,1.0,0.89375,372.9241269394773,372.7028448,0.2032700989632453,historical_extension
L100_Ts180_Tr41p44_dT10_F1p2_LP40,1.0,180.0,41.44,10.0,1.2,0.4,S1,800,1201,800,487,1.0,0.60875,254.3322680035215,253.85494464,0.2466567440390294,historical_extension
L100_Ts180_Tr41p44_dT10_F1p2_LP40,1.0,180.0,41.44,10.0,1.2,0.4,S2a,800,1201,800,522,1.0,0.6525,272.3317479607434,272.09913984,0.1617549812016273,historical_extension
L100_Ts180_Tr41p44_dT10_F1p2_LP40,1.0,180.0,41.44,10.0,1.2,0.4,S2b,800,1201,800,715,1.0,0.89375,372.9241269394773,372.7028448,0.2032700989632453,historical_extension
L100_Ts180_Tr41p44_dT10_F1p2_LP45,1.0,180.0,41.44,10.0,1.2,0.45,S1,800,1201,800,487,1.0,0.60875,254.3322680035215,253.85494464,0.2466567440390294,historical_extension
L100_Ts180_Tr41p44_dT10_F1p2_LP45,1.0,180.0,41.44,10.0,1.2,0.45,S2a,800,1201,800,522,1.0,0.6525,272.33174796067783,272.09913984,0.1617549812016273,historical_extension
L100_Ts180_Tr41p44_dT10_F1p2_LP45,1.0,180.0,41.44,10.0,1.2,0.45,S2b,800,1201,800,715,1.0,0.89375,372.9241269394773,372.7028448,0.2032700989632453,historical_extension
L100_Ts180_Tr41p44_dT15_F0p8_LP20,1.0,180.0,41.44,15.0,0.8,0.2,S1,800,1201,800,494,1.0,0.6175,171.6741011630467,171.66918911999997,0.2495933878252943,historical_extension
L100_Ts180_Tr41p44_dT15_F0p8_LP20,1.0,180.0,41.44,15.0,0.8,0.2,S2a,800,1201,800,516,1.0,0.645,179.39220960873706,179.31437567999998,0.164552146518233,historical_extension
L100_Ts180_Tr41p44_dT15_F0p8_LP20,1.0,180.0,41.44,15.0,0.8,0.2,S2b,800,1201,800,729,1.0,0.91125,253.55734474958476,253.33368192,0.209715951106708,historical_extension
L100_Ts180_Tr41p44_dT15_F0p8_LP30,1.0,180.0,41.44,15.0,0.8,0.3,S1,800,1201,800,494,1.0,0.6175,171.6741011630467,171.66918911999997,0.2495933878252943,historical_extension
L100_Ts180_Tr41p44_dT15_F0p8_LP30,1.0,180.0,41.44,15.0,0.8,0.3,S2a,800,1201,800,516,1.0,0.645,179.39220960873706,179.31437567999998,0.164552146518233,historical_extension
L100_Ts180_Tr41p44_dT15_F0p8_LP30,1.0,180.0,41.44,15.0,0.8,0.3,S2b,800,1201,800,729,1.0,0.91125,253.55734474958476,253.33368192,0.209715951106708,historical_extension
L100_Ts180_Tr41p44_dT15_F0p8_LP40,1.0,180.0,41.44,15.0,0.8,0.4,S1,800,1201,800,494,1.0,0.6175,171.6741011630467,171.66918911999997,0.2495933878252943,historical_extension
L100_Ts180_Tr41p44_dT15_F0p8_LP40,1.0,180.0,41.44,15.0,0.8,0.4,S2a,800,1201,800,516,1.0,0.645,179.39220960873706,179.31437567999998,0.164552146518233,historical_extension
L100_Ts180_Tr41p44_dT15_F0p8_LP40,1.0,180.0,41.44,15.0,0.8,0.4,S2b,800,1201,800,729,1.0,0.91125,253.55734474958476,253.33368192,0.209715951106708,historical_extension
L100_Ts180_Tr41p44_dT15_F0p8_LP45,1.0,180.0,41.44,15.0,0.8,0.45,S1,800,1201,800,494,1.0,0.6175,171.6741011630467,171.66918911999997,0.2495933878252943,historical_extension
L100_Ts180_Tr41p44_dT15_F0p8_LP45,1.0,180.0,41.44,15.0,0.8,0.45,S2a,800,1201,800,516,1.0,0.645,179.39220960873706,179.31437567999998,0.164552146518233,historical_extension
L100_Ts180_Tr41p44_dT15_F0p8_LP45,1.0,180.0,41.44,15.0,0.8,0.45,S2b,800,1201,800,729,1.0,0.91125,253.55734474958476,253.33368192,0.209715951106708,historical_extension
L100_Ts180_Tr41p44_dT15_F1p0_LP20,1.0,180.0,41.44,15.0,1.0,0.2,S1,800,1201,800,479,1.0,0.59875,208.14858427300192,208.0707024,0.2482923431098605,historical_extension
L100_Ts180_Tr41p44_dT15_F1p0_LP20,1.0,180.0,41.44,15.0,1.0,0.2,S2a,800,1201,800,505,1.0,0.63125,219.66808477948763,219.364728,0.1644493998000502,historical_extension
L100_Ts180_Tr41p44_dT15_F1p0_LP20,1.0,180.0,41.44,15.0,1.0,0.2,S2b,800,1201,800,709,1.0,0.88625,308.06048563030606,307.9793904,0.2094076830340711,historical_extension
L100_Ts180_Tr41p44_dT15_F1p0_LP30,1.0,180.0,41.44,15.0,1.0,0.3,S1,800,1201,800,479,1.0,0.59875,208.14858427300192,208.0707024,0.2482923431098605,historical_extension
L100_Ts180_Tr41p44_dT15_F1p0_LP30,1.0,180.0,41.44,15.0,1.0,0.3,S2a,800,1201,800,505,1.0,0.63125,219.66808477948763,219.364728,0.1644493998000502,historical_extension
L100_Ts180_Tr41p44_dT15_F1p0_LP30,1.0,180.0,41.44,15.0,1.0,0.3,S2b,800,1201,800,709,1.0,0.88625,308.06048563030606,307.9793904,0.2094076830340711,historical_extension
L100_Ts180_Tr41p44_dT15_F1p0_LP40,1.0,180.0,41.44,15.0,1.0,0.4,S1,800,1201,800,479,1.0,0.59875,208.14858427300192,208.0707024,0.2482923431098605,historical_extension
L100_Ts180_Tr41p44_dT15_F1p0_LP40,1.0,180.0,41.44,15.0,1.0,0.4,S2a,800,1201,800,505,1.0,0.63125,219.66808477948763,219.364728,0.1644493998000502,historical_extension
L100_Ts180_Tr41p44_dT15_F1p0_LP40,1.0,180.0,41.44,15.0,1.0,0.4,S2b,800,1201,800,709,1.0,0.88625,308.06048563030606,307.9793904,0.2094076830340711,historical_extension
L100_Ts180_Tr41p44_dT15_F1p0_LP45,1.0,180.0,41.44,15.0,1.0,0.45,S1,800,1201,800,479,1.0,0.59875,208.14858427300192,208.0707024,0.2482923431098605,historical_extension
L100_Ts180_Tr41p44_dT15_F1p0_LP45,1.0,180.0,41.44,15.0,1.0,0.45,S2a,800,1201,800,505,1.0,0.63125,219.66808477948763,219.364728,0.1644493998000502,historical_extension
L100_Ts180_Tr41p44_dT15_F1p0_LP45,1.0,180.0,41.44,15.0,1.0,0.45,S2b,800,1201,800,709,1.0,0.88625,308.06048563030606,307.9793904,0.2094076830340711,historical_extension
L100_Ts180_Tr41p44_dT15_F1p2_LP20,1.0,180.0,41.44,15.0,1.2,0.2,S1,800,1201,800,464,1.0,0.58,242.13842221619225,241.86590208,0.2470842301598148,historical_extension
L100_Ts180_Tr41p44_dT15_F1p2_LP20,1.0,180.0,41.44,15.0,1.2,0.2,S2a,800,1201,800,494,1.0,0.6175,257.88741326487303,257.50378368,0.1643766682518209,historical_extension
L100_Ts180_Tr41p44_dT15_F1p2_LP20,1.0,180.0,41.44,15.0,1.2,0.2,S2b,800,1201,800,687,1.0,0.85875,358.6099106164735,358.10748864,0.2089201264550339,historical_extension
L100_Ts180_Tr41p44_dT15_F1p2_LP30,1.0,180.0,41.44,15.0,1.2,0.3,S1,800,1201,800,464,1.0,0.58,242.13842221619225,241.86590208,0.2470842301598148,historical_extension
L100_Ts180_Tr41p44_dT15_F1p2_LP30,1.0,180.0,41.44,15.0,1.2,0.3,S2a,800,1201,800,494,1.0,0.6175,257.88741326487303,257.50378368,0.1643766682518209,historical_extension
L100_Ts180_Tr41p44_dT15_F1p2_LP30,1.0,180.0,41.44,15.0,1.2,0.3,S2b,800,1201,800,687,1.0,0.85875,358.6099106164735,358.10748864,0.2089201264550339,historical_extension
L100_Ts180_Tr41p44_dT15_F1p2_LP40,1.0,180.0,41.44,15.0,1.2,0.4,S1,800,1201,800,464,1.0,0.58,242.13842221619225,241.86590208,0.2470842301598148,historical_extension
L100_Ts180_Tr41p44_dT15_F1p2_LP40,1.0,180.0,41.44,15.0,1.2,0.4,S2a,800,1201,800,494,1.0,0.6175,257.88741326487303,257.50378368,0.1643766682518209,historical_extension
L100_Ts180_Tr41p44_dT15_F1p2_LP40,1.0,180.0,41.44,15.0,1.2,0.4,S2b,800,1201,800,687,1.0,0.85875,358.6099106164735,358.10748864,0.2089201264550339,historical_extension
L100_Ts180_Tr41p44_dT15_F1p2_LP45,1.0,180.0,41.44,15.0,1.2,0.45,S1,800,1201,800,464,1.0,0.58,242.13842221619225,241.86590208,0.2470842301598148,historical_extension
L100_Ts180_Tr41p44_dT15_F1p2_LP45,1.0,180.0,41.44,15.0,1.2,0.45,S2a,800,1201,800,494,1.0,0.6175,257.887413264624,257.50378368,0.1643766682518209,historical_extension
L100_Ts180_Tr41p44_dT15_F1p2_LP45,1.0,180.0,41.44,15.0,1.2,0.45,S2b,800,1201,800,687,1.0,0.85875,358.6099106164735,358.10748864,0.2089201264550339,historical_extension
L100_Ts180_Tr50p0_dT5_F0p8_LP20,1.0,180.0,50.0,5.0,0.8,0.2,S1,800,1201,800,534,1.0,0.6675,174.21390714803448,174.10536,0.2495072882258758,historical_extension
L100_Ts180_Tr50p0_dT5_F0p8_LP20,1.0,180.0,50.0,5.0,0.8,0.2,S2a,800,1201,800,558,1.0,0.6975,182.2348171392499,181.93032,0.163712490401037,historical_extension
L100_Ts180_Tr50p0_dT5_F0p8_LP20,1.0,180.0,50.0,5.0,0.8,0.2,S2b,800,1201,800,786,1.0,0.9825,256.3663704183907,256.26744,0.2080209332916255,historical_extension
L100_Ts180_Tr50p0_dT5_F0p8_LP30,1.0,180.0,50.0,5.0,0.8,0.3,S1,800,1201,800,534,1.0,0.6675,174.21390714803448,174.10536,0.2495072882258758,historical_extension
L100_Ts180_Tr50p0_dT5_F0p8_LP30,1.0,180.0,50.0,5.0,0.8,0.3,S2a,800,1201,800,558,1.0,0.6975,182.2348171392499,181.93032,0.163712490401037,historical_extension
L100_Ts180_Tr50p0_dT5_F0p8_LP30,1.0,180.0,50.0,5.0,0.8,0.3,S2b,800,1201,800,786,1.0,0.9825,256.3663704183907,256.26744,0.2080209332916255,historical_extension
L100_Ts180_Tr50p0_dT5_F0p8_LP40,1.0,180.0,50.0,5.0,0.8,0.4,S1,800,1201,800,534,1.0,0.6675,174.21390714803448,174.10536,0.2495072882258758,historical_extension
L100_Ts180_Tr50p0_dT5_F0p8_LP40,1.0,180.0,50.0,5.0,0.8,0.4,S2a,800,1201,800,558,1.0,0.6975,182.2348171392499,181.93032,0.163712490401037,historical_extension
L100_Ts180_Tr50p0_dT5_F0p8_LP40,1.0,180.0,50.0,5.0,0.8,0.4,S2b,800,1201,800,786,1.0,0.9825,256.3663704183907,256.26744,0.2080209332916255,historical_extension
L100_Ts180_Tr50p0_dT5_F0p8_LP45,1.0,180.0,50.0,5.0,0.8,0.45,S1,800,1201,800,534,1.0,0.6675,174.21390714803448,174.10536,0.2495072882258758,historical_extension
L100_Ts180_Tr50p0_dT5_F0p8_LP45,1.0,180.0,50.0,5.0,0.8,0.45,S2a,800,1201,800,558,1.0,0.6975,182.2348171392499,181.93032,0.163712490401037,historical_extension
L100_Ts180_Tr50p0_dT5_F0p8_LP45,1.0,180.0,50.0,5.0,0.8,0.45,S2b,800,1201,800,786,1.0,0.9825,256.3663704183907,256.26744,0.2080209332916255,historical_extension
L100_Ts180_Tr50p0_dT5_F1p0_LP20,1.0,180.0,50.0,5.0,1.0,0.2,S1,800,1201,800,518,1.0,0.6475,211.2029663688085,211.1109,0.2481848974630996,historical_extension
L100_Ts180_Tr50p0_dT5_F1p0_LP20,1.0,180.0,50.0,5.0,1.0,0.2,S2a,800,1201,800,547,1.0,0.68375,223.16687113159043,222.92985,0.1636582556930454,historical_extension
L100_Ts180_Tr50p0_dT5_F1p0_LP20,1.0,180.0,50.0,5.0,1.0,0.2,S2b,800,1201,800,764,1.0,0.955,311.5246342627076,311.36820000000006,0.2076545934370413,historical_extension
L100_Ts180_Tr50p0_dT5_F1p0_LP30,1.0,180.0,50.0,5.0,1.0,0.3,S1,800,1201,800,518,1.0,0.6475,211.2029663688085,211.1109,0.2481848974630996,historical_extension
L100_Ts180_Tr50p0_dT5_F1p0_LP30,1.0,180.0,50.0,5.0,1.0,0.3,S2a,800,1201,800,547,1.0,0.68375,223.16687113159043,222.92985,0.1636582556930454,historical_extension
L100_Ts180_Tr50p0_dT5_F1p0_LP30,1.0,180.0,50.0,5.0,1.0,0.3,S2b,800,1201,800,764,1.0,0.955,311.5246342627076,311.36820000000006,0.2076545934370413,historical_extension
L100_Ts180_Tr50p0_dT5_F1p0_LP40,1.0,180.0,50.0,5.0,1.0,0.4,S1,800,1201,800,518,1.0,0.6475,211.2029663688085,211.1109,0.2481848974630996,historical_extension
L100_Ts180_Tr50p0_dT5_F1p0_LP40,1.0,180.0,50.0,5.0,1.0,0.4,S2a,800,1201,800,547,1.0,0.68375,223.16687113159043,222.92985,0.1636582556930454,historical_extension
L100_Ts180_Tr50p0_dT5_F1p0_LP40,1.0,180.0,50.0,5.0,1.0,0.4,S2b,800,1201,800,764,1.0,0.955,311.5246342627076,311.36820000000006,0.2076545934370413,historical_extension
L100_Ts180_Tr50p0_dT5_F1p0_LP45,1.0,180.0,50.0,5.0,1.0,0.45,S1,800,1201,800,518,1.0,0.6475,211.2029663688085,211.1109,0.2481848974630996,historical_extension
L100_Ts180_Tr50p0_dT5_F1p0_LP45,1.0,180.0,50.0,5.0,1.0,0.45,S2a,800,1201,800,547,1.0,0.68375,223.16687113159043,222.92985,0.1636582556930454,historical_extension
L100_Ts180_Tr50p0_dT5_F1p0_LP45,1.0,180.0,50.0,5.0,1.0,0.45,S2b,800,1201,800,764,1.0,0.955,311.5246342627076,311.36820000000006,0.2076545934370413,historical_extension
L100_Ts180_Tr50p0_dT5_F1p2_LP20,1.0,180.0,50.0,5.0,1.2,0.2,S1,800,1201,800,502,1.0,0.6275,245.6554793997949,245.50812,0.2469555100067166,historical_extension
L100_Ts180_Tr50p0_dT5_F1p2_LP20,1.0,180.0,50.0,5.0,1.2,0.2,S2a,800,1201,800,535,1.0,0.66875,262.0373161442277,261.6471,0.1635659374910705,historical_extension
L100_Ts180_Tr50p0_dT5_F1p2_LP20,1.0,180.0,50.0,5.0,1.2,0.2,S2b,800,1201,800,741,1.0,0.92625,362.7578207320854,362.39346,0.2072254020827565,historical_extension
L100_Ts180_Tr50p0_dT5_F1p2_LP30,1.0,180.0,50.0,5.0,1.2,0.3,S1,800,1201,800,502,1.0,0.6275,245.6554793997949,245.50812,0.2469555100067166,historical_extension
L100_Ts180_Tr50p0_dT5_F1p2_LP30,1.0,180.0,50.0,5.0,1.2,0.3,S2a,800,1201,800,535,1.0,0.66875,262.0373161442277,261.6471,0.1635659374910705,historical_extension
L100_Ts180_Tr50p0_dT5_F1p2_LP30,1.0,180.0,50.0,5.0,1.2,0.3,S2b,800,1201,800,741,1.0,0.92625,362.7578207320854,362.39346,0.2072254020827565,historical_extension
L100_Ts180_Tr50p0_dT5_F1p2_LP40,1.0,180.0,50.0,5.0,1.2,0.4,S1,800,1201,800,502,1.0,0.6275,245.6554793997949,245.50812,0.2469555100067166,historical_extension
L100_Ts180_Tr50p0_dT5_F1p2_LP40,1.0,180.0,50.0,5.0,1.2,0.4,S2a,800,1201,800,535,1.0,0.66875,262.0373161442277,261.6471,0.1635659374910705,historical_extension
L100_Ts180_Tr50p0_dT5_F1p2_LP40,1.0,180.0,50.0,5.0,1.2,0.4,S2b,800,1201,800,741,1.0,0.92625,362.7578207320854,362.39346,0.2072254020827565,historical_extension
L100_Ts180_Tr50p0_dT5_F1p2_LP45,1.0,180.0,50.0,5.0,1.2,0.45,S1,800,1201,800,502,1.0,0.6275,245.6554793997949,245.50812,0.2469555100067166,historical_extension
L100_Ts180_Tr50p0_dT5_F1p2_LP45,1.0,180.0,50.0,5.0,1.2,0.45,S2a,800,1201,800,535,1.0,0.66875,262.0373161442277,261.6471,0.1635659374910705,historical_extension
L100_Ts180_Tr50p0_dT5_F1p2_LP45,1.0,180.0,50.0,5.0,1.2,0.45,S2b,800,1201,800,741,1.0,0.92625,362.7578207320854,362.39346,0.2072254020827565,historical_extension
L100_Ts180_Tr50p0_dT10_F0p8_LP20,1.0,180.0,50.0,10.0,0.8,0.2,S1,800,1201,800,507,1.0,0.63375,165.38999835636065,165.30228,0.2498211743849523,historical_extension
L100_Ts180_Tr50p0_dT10_F0p8_LP20,1.0,180.0,50.0,10.0,0.8,0.2,S2a,800,1201,800,528,1.0,0.66,172.3823449273583,172.14912,0.1666249166920221,historical_extension
L100_Ts180_Tr50p0_dT10_F0p8_LP20,1.0,180.0,50.0,10.0,0.8,0.2,S2b,800,1201,800,756,1.0,0.945,246.5493239736004,246.48624,0.2143181431368423,historical_extension
L100_Ts180_Tr50p0_dT10_F0p8_LP30,1.0,180.0,50.0,10.0,0.8,0.3,S1,800,1201,800,507,1.0,0.63375,165.38999835636065,165.30228,0.2498211743849523,historical_extension
L100_Ts180_Tr50p0_dT10_F0p8_LP30,1.0,180.0,50.0,10.0,0.8,0.3,S2a,800,1201,800,528,1.0,0.66,172.3823449273583,172.14912,0.1666249166920221,historical_extension
L100_Ts180_Tr50p0_dT10_F0p8_LP30,1.0,180.0,50.0,10.0,0.8,0.3,S2b,800,1201,800,756,1.0,0.945,246.5493239736004,246.48624,0.2143181431368423,historical_extension
L100_Ts180_Tr50p0_dT10_F0p8_LP40,1.0,180.0,50.0,10.0,0.8,0.4,S1,800,1201,800,507,1.0,0.63375,165.38999835636065,165.30228,0.2498211743849523,historical_extension
L100_Ts180_Tr50p0_dT10_F0p8_LP40,1.0,180.0,50.0,10.0,0.8,0.4,S2a,800,1201,800,528,1.0,0.66,172.3823449273583,172.14912,0.1666249166920221,historical_extension
L100_Ts180_Tr50p0_dT10_F0p8_LP40,1.0,180.0,50.0,10.0,0.8,0.4,S2b,800,1201,800,756,1.0,0.945,246.5493239736004,246.48624,0.2143181431368423,historical_extension
L100_Ts180_Tr50p0_dT10_F0p8_LP45,1.0,180.0,50.0,10.0,0.8,0.45,S1,800,1201,800,507,1.0,0.63375,165.38999835636065,165.30228,0.2498211743849523,historical_extension
L100_Ts180_Tr50p0_dT10_F0p8_LP45,1.0,180.0,50.0,10.0,0.8,0.45,S2a,800,1201,800,528,1.0,0.66,172.3823449273583,172.14912,0.1666249166920221,historical_extension
L100_Ts180_Tr50p0_dT10_F0p8_LP45,1.0,180.0,50.0,10.0,0.8,0.45,S2b,800,1201,800,756,1.0,0.945,246.5493239736004,246.48624,0.2143181431368423,historical_extension
L100_Ts180_Tr50p0_dT10_F1p0_LP20,1.0,180.0,50.0,10.0,1.0,0.2,S1,800,1201,800,492,1.0,0.615,200.58727539149925,200.51460000000003,0.2485627233953214,historical_extension
L100_Ts180_Tr50p0_dT10_F1p0_LP20,1.0,180.0,50.0,10.0,1.0,0.2,S2a,800,1201,800,517,1.0,0.64625,210.98220209406105,210.70335000000003,0.1665904023256295,historical_extension
L100_Ts180_Tr50p0_dT10_F1p0_LP20,1.0,180.0,50.0,10.0,1.0,0.2,S2b,800,1201,800,734,1.0,0.9175,299.4380450856796,299.1417,0.2139266175841085,historical_extension
L100_Ts180_Tr50p0_dT10_F1p0_LP30,1.0,180.0,50.0,10.0,1.0,0.3,S1,800,1201,800,492,1.0,0.615,200.58727539149925,200.51460000000003,0.2485627233953214,historical_extension
L100_Ts180_Tr50p0_dT10_F1p0_LP30,1.0,180.0,50.0,10.0,1.0,0.3,S2a,800,1201,800,517,1.0,0.64625,210.98220209406105,210.70335000000003,0.1665904023256295,historical_extension
L100_Ts180_Tr50p0_dT10_F1p0_LP30,1.0,180.0,50.0,10.0,1.0,0.3,S2b,800,1201,800,734,1.0,0.9175,299.4380450856796,299.1417,0.2139266175841085,historical_extension
L100_Ts180_Tr50p0_dT10_F1p0_LP40,1.0,180.0,50.0,10.0,1.0,0.4,S1,800,1201,800,492,1.0,0.615,200.58727539149925,200.51460000000003,0.2485627233953214,historical_extension
L100_Ts180_Tr50p0_dT10_F1p0_LP40,1.0,180.0,50.0,10.0,1.0,0.4,S2a,800,1201,800,517,1.0,0.64625,210.98220209406105,210.70335000000003,0.1665904023256295,historical_extension
L100_Ts180_Tr50p0_dT10_F1p0_LP40,1.0,180.0,50.0,10.0,1.0,0.4,S2b,800,1201,800,734,1.0,0.9175,299.4380450856796,299.1417,0.2139266175841085,historical_extension
L100_Ts180_Tr50p0_dT10_F1p0_LP45,1.0,180.0,50.0,10.0,1.0,0.45,S1,800,1201,800,492,1.0,0.615,200.58727539149925,200.51460000000003,0.2485627233953214,historical_extension
L100_Ts180_Tr50p0_dT10_F1p0_LP45,1.0,180.0,50.0,10.0,1.0,0.45,S2a,800,1201,800,517,1.0,0.64625,210.98220209406105,210.70335000000003,0.1665904023256295,historical_extension
L100_Ts180_Tr50p0_dT10_F1p0_LP45,1.0,180.0,50.0,10.0,1.0,0.45,S2b,800,1201,800,734,1.0,0.9175,299.4380450856796,299.1417,0.2139266175841085,historical_extension
L100_Ts180_Tr50p0_dT10_F1p2_LP20,1.0,180.0,50.0,10.0,1.2,0.2,S1,800,1201,800,477,1.0,0.59625,233.42569907034076,233.28162,0.247391463005434,historical_extension
L100_Ts180_Tr50p0_dT10_F1p2_LP20,1.0,180.0,50.0,10.0,1.2,0.2,S2a,800,1201,800,506,1.0,0.6325,247.57648593790168,247.46436,0.1665823013752131,historical_extension
L100_Ts180_Tr50p0_dT10_F1p2_LP20,1.0,180.0,50.0,10.0,1.2,0.2,S2b,800,1201,800,712,1.0,0.89,348.47128095483106,348.21072,0.2135544019102338,historical_extension
L100_Ts180_Tr50p0_dT10_F1p2_LP30,1.0,180.0,50.0,10.0,1.2,0.3,S1,800,1201,800,477,1.0,0.59625,233.42569907034076,233.28162,0.247391463005434,historical_extension
L100_Ts180_Tr50p0_dT10_F1p2_LP30,1.0,180.0,50.0,10.0,1.2,0.3,S2a,800,1201,800,506,1.0,0.6325,247.57648593790168,247.46436,0.1665823013752131,historical_extension
L100_Ts180_Tr50p0_dT10_F1p2_LP30,1.0,180.0,50.0,10.0,1.2,0.3,S2b,800,1201,800,712,1.0,0.89,348.47128095483106,348.21072,0.2135544019102338,historical_extension
L100_Ts180_Tr50p0_dT10_F1p2_LP40,1.0,180.0,50.0,10.0,1.2,0.4,S1,800,1201,800,477,1.0,0.59625,233.42569907034076,233.28162,0.247391463005434,historical_extension
L100_Ts180_Tr50p0_dT10_F1p2_LP40,1.0,180.0,50.0,10.0,1.2,0.4,S2a,800,1201,800,506,1.0,0.6325,247.57648593790168,247.46436,0.1665823013752131,historical_extension
L100_Ts180_Tr50p0_dT10_F1p2_LP40,1.0,180.0,50.0,10.0,1.2,0.4,S2b,800,1201,800,712,1.0,0.89,348.47128095483106,348.21072,0.2135544019102338,historical_extension
L100_Ts180_Tr50p0_dT10_F1p2_LP45,1.0,180.0,50.0,10.0,1.2,0.45,S1,800,1201,800,477,1.0,0.59625,233.42569907034076,233.28162,0.247391463005434,historical_extension
L100_Ts180_Tr50p0_dT10_F1p2_LP45,1.0,180.0,50.0,10.0,1.2,0.45,S2a,800,1201,800,506,1.0,0.6325,247.57648593790168,247.46436,0.1665823013752131,historical_extension
L100_Ts180_Tr50p0_dT10_F1p2_LP45,1.0,180.0,50.0,10.0,1.2,0.45,S2b,800,1201,800,712,1.0,0.89,348.47128095483106,348.21072,0.2135544019102338,historical_extension
L100_Ts180_Tr50p0_dT15_F0p8_LP20,1.0,180.0,50.0,15.0,0.8,0.2,S1,800,1201,800,480,1.0,0.6,156.55186702462595,156.4992,0.2501350605440288,historical_extension
L100_Ts180_Tr50p0_dT15_F0p8_LP20,1.0,180.0,50.0,15.0,0.8,0.2,S2a,800,1201,800,498,1.0,0.6225,162.51845574819518,162.36792,0.1701085161885093,historical_extension
L100_Ts180_Tr50p0_dT15_F0p8_LP20,1.0,180.0,50.0,15.0,0.8,0.2,S2b,800,1201,800,726,1.0,0.9075,236.74605511482332,236.70504,0.2216048615407011,historical_extension
L100_Ts180_Tr50p0_dT15_F0p8_LP30,1.0,180.0,50.0,15.0,0.8,0.3,S1,800,1201,800,480,1.0,0.6,156.55186702462595,156.4992,0.2501350605440288,historical_extension
L100_Ts180_Tr50p0_dT15_F0p8_LP30,1.0,180.0,50.0,15.0,0.8,0.3,S2a,800,1201,800,498,1.0,0.6225,162.51845574819518,162.36792,0.1701085161885093,historical_extension
L100_Ts180_Tr50p0_dT15_F0p8_LP30,1.0,180.0,50.0,15.0,0.8,0.3,S2b,800,1201,800,726,1.0,0.9075,236.74605511482332,236.70504,0.2216048615407011,historical_extension
L100_Ts180_Tr50p0_dT15_F0p8_LP40,1.0,180.0,50.0,15.0,0.8,0.4,S1,800,1201,800,480,1.0,0.6,156.55186702462595,156.4992,0.2501350605440288,historical_extension
L100_Ts180_Tr50p0_dT15_F0p8_LP40,1.0,180.0,50.0,15.0,0.8,0.4,S2a,800,1201,800,498,1.0,0.6225,162.51845574819518,162.36792,0.1701085161885093,historical_extension
L100_Ts180_Tr50p0_dT15_F0p8_LP40,1.0,180.0,50.0,15.0,0.8,0.4,S2b,800,1201,800,726,1.0,0.9075,236.74605511482332,236.70504,0.2216048615407011,historical_extension
L100_Ts180_Tr50p0_dT15_F0p8_LP45,1.0,180.0,50.0,15.0,0.8,0.45,S1,800,1201,800,480,1.0,0.6,156.55186702462595,156.4992,0.2501350605440288,historical_extension
L100_Ts180_Tr50p0_dT15_F0p8_LP45,1.0,180.0,50.0,15.0,0.8,0.45,S2a,800,1201,800,498,1.0,0.6225,162.51845574819518,162.36792,0.1701085161885093,historical_extension
L100_Ts180_Tr50p0_dT15_F0p8_LP45,1.0,180.0,50.0,15.0,0.8,0.45,S2b,800,1201,800,726,1.0,0.9075,236.74605511482332,236.70504,0.2216048615407011,historical_extension
L100_Ts180_Tr50p0_dT15_F1p0_LP20,1.0,180.0,50.0,15.0,1.0,0.2,S1,800,1201,800,466,1.0,0.5825,189.943448910089,189.9183,0.2489405493275432,historical_extension
L100_Ts180_Tr50p0_dT15_F1p0_LP20,1.0,180.0,50.0,15.0,1.0,0.2,S2a,800,1201,800,487,1.0,0.60875,198.77762926903,198.47685,0.1700900333285891,historical_extension
L100_Ts180_Tr50p0_dT15_F1p0_LP20,1.0,180.0,50.0,15.0,1.0,0.2,S2b,800,1201,800,704,1.0,0.88,287.31525244399774,286.9152,0.2211940733867766,historical_extension
L100_Ts180_Tr50p0_dT15_F1p0_LP30,1.0,180.0,50.0,15.0,1.0,0.3,S1,800,1201,800,466,1.0,0.5825,189.943448910089,189.9183,0.2489405493275432,historical_extension
L100_Ts180_Tr50p0_dT15_F1p0_LP30,1.0,180.0,50.0,15.0,1.0,0.3,S2a,800,1201,800,487,1.0,0.60875,198.77762926903,198.47685,0.1700900333285891,historical_extension
L100_Ts180_Tr50p0_dT15_F1p0_LP30,1.0,180.0,50.0,15.0,1.0,0.3,S2b,800,1201,800,704,1.0,0.88,287.31525244399774,286.9152,0.2211940733867766,historical_extension
L100_Ts180_Tr50p0_dT15_F1p0_LP40,1.0,180.0,50.0,15.0,1.0,0.4,S1,800,1201,800,466,1.0,0.5825,189.943448910089,189.9183,0.2489405493275432,historical_extension
L100_Ts180_Tr50p0_dT15_F1p0_LP40,1.0,180.0,50.0,15.0,1.0,0.4,S2a,800,1201,800,487,1.0,0.60875,198.77762926903,198.47685,0.1700900333285891,historical_extension
L100_Ts180_Tr50p0_dT15_F1p0_LP40,1.0,180.0,50.0,15.0,1.0,0.4,S2b,800,1201,800,704,1.0,0.88,287.31525244399774,286.9152,0.2211940733867766,historical_extension
L100_Ts180_Tr50p0_dT15_F1p0_LP45,1.0,180.0,50.0,15.0,1.0,0.45,S1,800,1201,800,466,1.0,0.5825,189.943448910089,189.9183,0.2489405493275432,historical_extension
L100_Ts180_Tr50p0_dT15_F1p0_LP45,1.0,180.0,50.0,15.0,1.0,0.45,S2a,800,1201,800,487,1.0,0.60875,198.77762926903,198.47685,0.1700900333285891,historical_extension
L100_Ts180_Tr50p0_dT15_F1p0_LP45,1.0,180.0,50.0,15.0,1.0,0.45,S2b,800,1201,800,704,1.0,0.88,287.31525244399774,286.9152,0.2211940733867766,historical_extension
L100_Ts180_Tr50p0_dT15_F1p2_LP20,1.0,180.0,50.0,15.0,1.2,0.2,S1,800,1201,800,452,1.0,0.565,221.14702022717407,221.05512,0.2478274160041514,historical_extension
L100_Ts180_Tr50p0_dT15_F1p2_LP20,1.0,180.0,50.0,15.0,1.2,0.2,S2a,800,1201,800,476,1.0,0.595,233.08810740682088,232.79256,0.1700860758770398,historical_extension
L100_Ts180_Tr50p0_dT15_F1p2_LP20,1.0,180.0,50.0,15.0,1.2,0.2,S2b,800,1201,800,683,1.0,0.85375,334.12057940635214,334.02798,0.2208865881416418,historical_extension
L100_Ts180_Tr50p0_dT15_F1p2_LP30,1.0,180.0,50.0,15.0,1.2,0.3,S1,800,1201,800,452,1.0,0.565,221.14702022717407,221.05512,0.2478274160041514,historical_extension
L100_Ts180_Tr50p0_dT15_F1p2_LP30,1.0,180.0,50.0,15.0,1.2,0.3,S2a,800,1201,800,476,1.0,0.595,233.08810740682088,232.79256,0.1700860758770398,historical_extension
L100_Ts180_Tr50p0_dT15_F1p2_LP30,1.0,180.0,50.0,15.0,1.2,0.3,S2b,800,1201,800,683,1.0,0.85375,334.12057940635214,334.02798,0.2208865881416418,historical_extension
L100_Ts180_Tr50p0_dT15_F1p2_LP40,1.0,180.0,50.0,15.0,1.2,0.4,S1,800,1201,800,452,1.0,0.565,221.14702022717407,221.05512,0.2478274160041514,historical_extension
L100_Ts180_Tr50p0_dT15_F1p2_LP40,1.0,180.0,50.0,15.0,1.2,0.4,S2a,800,1201,800,476,1.0,0.595,233.08810740682088,232.79256,0.1700860758770398,historical_extension
L100_Ts180_Tr50p0_dT15_F1p2_LP40,1.0,180.0,50.0,15.0,1.2,0.4,S2b,800,1201,800,683,1.0,0.85375,334.12057940635214,334.02798,0.2208865881416418,historical_extension
L100_Ts180_Tr50p0_dT15_F1p2_LP45,1.0,180.0,50.0,15.0,1.2,0.45,S1,800,1201,800,452,1.0,0.565,221.14702022717407,221.05512,0.2478274160041514,historical_extension
L100_Ts180_Tr50p0_dT15_F1p2_LP45,1.0,180.0,50.0,15.0,1.2,0.45,S2a,800,1201,800,476,1.0,0.595,233.08810740682088,232.79256,0.1700860758770398,historical_extension
L100_Ts180_Tr50p0_dT15_F1p2_LP45,1.0,180.0,50.0,15.0,1.2,0.45,S2b,800,1201,800,683,1.0,0.85375,334.12057940635214,334.02798,0.2208865881416418,historical_extension
L100_Ts180_Tr60p0_dT5_F0p8_LP20,1.0,180.0,60.0,5.0,0.8,0.2,S1,800,1201,800,520,1.0,0.65,156.5518670246807,156.49919999999997,0.2501359548065903,historical_extension
L100_Ts180_Tr60p0_dT5_F0p8_LP20,1.0,180.0,60.0,5.0,0.8,0.2,S2a,800,1201,800,540,1.0,0.675,162.51845574835934,162.5184,0.1701421911327984,historical_extension
L100_Ts180_Tr60p0_dT5_F0p8_LP20,1.0,180.0,60.0,5.0,0.8,0.2,S2b,800,1201,800,786,1.0,0.9825,236.74605511498748,236.55456,0.2215505459468494,historical_extension
L100_Ts180_Tr60p0_dT5_F0p8_LP30,1.0,180.0,60.0,5.0,0.8,0.3,S1,800,1201,800,520,1.0,0.65,156.5518670246807,156.49919999999997,0.2501359548065903,historical_extension
L100_Ts180_Tr60p0_dT5_F0p8_LP30,1.0,180.0,60.0,5.0,0.8,0.3,S2a,800,1201,800,540,1.0,0.675,162.51845574835934,162.5184,0.1701421911327984,historical_extension
L100_Ts180_Tr60p0_dT5_F0p8_LP30,1.0,180.0,60.0,5.0,0.8,0.3,S2b,800,1201,800,786,1.0,0.9825,236.74605511498748,236.55456,0.2215505459468494,historical_extension
L100_Ts180_Tr60p0_dT5_F0p8_LP40,1.0,180.0,60.0,5.0,0.8,0.4,S1,800,1201,800,520,1.0,0.65,156.5518670246807,156.49919999999997,0.2501359548065903,historical_extension
L100_Ts180_Tr60p0_dT5_F0p8_LP40,1.0,180.0,60.0,5.0,0.8,0.4,S2a,800,1201,800,540,1.0,0.675,162.51845574835934,162.5184,0.1701421911327984,historical_extension
L100_Ts180_Tr60p0_dT5_F0p8_LP40,1.0,180.0,60.0,5.0,0.8,0.4,S2b,800,1201,800,786,1.0,0.9825,236.74605511498748,236.55456,0.2215505459468494,historical_extension
L100_Ts180_Tr60p0_dT5_F0p8_LP45,1.0,180.0,60.0,5.0,0.8,0.45,S1,800,1201,800,520,1.0,0.65,156.5518670246807,156.49919999999997,0.2501359548065903,historical_extension
L100_Ts180_Tr60p0_dT5_F0p8_LP45,1.0,180.0,60.0,5.0,0.8,0.45,S2a,800,1201,800,540,1.0,0.675,162.51845574835934,162.5184,0.1701421911327984,historical_extension
L100_Ts180_Tr60p0_dT5_F0p8_LP45,1.0,180.0,60.0,5.0,0.8,0.45,S2b,800,1201,800,786,1.0,0.9825,236.74605511498748,236.55456,0.2215505459468494,historical_extension
L100_Ts180_Tr60p0_dT5_F1p0_LP20,1.0,180.0,60.0,5.0,1.0,0.2,S1,800,1201,800,504,1.0,0.63,189.9434489099064,189.6048,0.2489528454377634,historical_extension
L100_Ts180_Tr60p0_dT5_F1p0_LP20,1.0,180.0,60.0,5.0,1.0,0.2,S2a,800,1201,800,528,1.0,0.66,198.77762926912123,198.6336,0.1701172160933679,historical_extension
L100_Ts180_Tr60p0_dT5_F1p0_LP20,1.0,180.0,60.0,5.0,1.0,0.2,S2b,800,1201,800,763,1.0,0.95375,287.31525244404327,287.0406,0.2212172433623205,historical_extension
L100_Ts180_Tr60p0_dT5_F1p0_LP30,1.0,180.0,60.0,5.0,1.0,0.3,S1,800,1201,800,504,1.0,0.63,189.9434489099064,189.6048,0.2489528454377634,historical_extension
L100_Ts180_Tr60p0_dT5_F1p0_LP30,1.0,180.0,60.0,5.0,1.0,0.3,S2a,800,1201,800,528,1.0,0.66,198.77762926912123,198.6336,0.1701172160933679,historical_extension
L100_Ts180_Tr60p0_dT5_F1p0_LP30,1.0,180.0,60.0,5.0,1.0,0.3,S2b,800,1201,800,763,1.0,0.95375,287.31525244404327,287.0406,0.2212172433623205,historical_extension
L100_Ts180_Tr60p0_dT5_F1p0_LP40,1.0,180.0,60.0,5.0,1.0,0.4,S1,800,1201,800,504,1.0,0.63,189.9434489099064,189.6048,0.2489528454377634,historical_extension
L100_Ts180_Tr60p0_dT5_F1p0_LP40,1.0,180.0,60.0,5.0,1.0,0.4,S2a,800,1201,800,528,1.0,0.66,198.77762926912123,198.6336,0.1701172160933679,historical_extension
L100_Ts180_Tr60p0_dT5_F1p0_LP40,1.0,180.0,60.0,5.0,1.0,0.4,S2b,800,1201,800,763,1.0,0.95375,287.31525244404327,287.0406,0.2212172433623205,historical_extension
L100_Ts180_Tr60p0_dT5_F1p0_LP45,1.0,180.0,60.0,5.0,1.0,0.45,S1,800,1201,800,504,1.0,0.63,189.9434489099064,189.6048,0.2489528454377634,historical_extension
L100_Ts180_Tr60p0_dT5_F1p0_LP45,1.0,180.0,60.0,5.0,1.0,0.45,S2a,800,1201,800,528,1.0,0.66,198.77762926912123,198.6336,0.1701172160933679,historical_extension
L100_Ts180_Tr60p0_dT5_F1p0_LP45,1.0,180.0,60.0,5.0,1.0,0.45,S2b,800,1201,800,763,1.0,0.95375,287.31525244404327,287.0406,0.2212172433623205,historical_extension
L100_Ts180_Tr60p0_dT5_F1p2_LP20,1.0,180.0,60.0,5.0,1.2,0.2,S1,800,1201,800,489,1.0,0.61125,221.1470202272835,220.75416,0.2478394885487313,historical_extension
L100_Ts180_Tr60p0_dT5_F1p2_LP20,1.0,180.0,60.0,5.0,1.2,0.2,S2a,800,1201,800,516,1.0,0.645,233.0881074068756,232.94304,0.170108959625445,historical_extension
L100_Ts180_Tr60p0_dT5_F1p2_LP20,1.0,180.0,60.0,5.0,1.2,0.2,S2b,800,1201,800,740,1.0,0.925,334.12057940632485,334.0656,0.2208854443678114,historical_extension
L100_Ts180_Tr60p0_dT5_F1p2_LP30,1.0,180.0,60.0,5.0,1.2,0.3,S1,800,1201,800,489,1.0,0.61125,221.1470202272835,220.75416,0.2478394885487313,historical_extension
L100_Ts180_Tr60p0_dT5_F1p2_LP30,1.0,180.0,60.0,5.0,1.2,0.3,S2a,800,1201,800,516,1.0,0.645,233.0881074068756,232.94304,0.170108959625445,historical_extension
L100_Ts180_Tr60p0_dT5_F1p2_LP30,1.0,180.0,60.0,5.0,1.2,0.3,S2b,800,1201,800,740,1.0,0.925,334.12057940632485,334.0656,0.2208854443678114,historical_extension
L100_Ts180_Tr60p0_dT5_F1p2_LP40,1.0,180.0,60.0,5.0,1.2,0.4,S1,800,1201,800,489,1.0,0.61125,221.1470202272835,220.75416,0.2478394885487313,historical_extension
L100_Ts180_Tr60p0_dT5_F1p2_LP40,1.0,180.0,60.0,5.0,1.2,0.4,S2a,800,1201,800,516,1.0,0.645,233.0881074068756,232.94304,0.170108959625445,historical_extension
L100_Ts180_Tr60p0_dT5_F1p2_LP40,1.0,180.0,60.0,5.0,1.2,0.4,S2b,800,1201,800,740,1.0,0.925,334.12057940632485,334.0656,0.2208854443678114,historical_extension
L100_Ts180_Tr60p0_dT5_F1p2_LP45,1.0,180.0,60.0,5.0,1.2,0.45,S1,800,1201,800,489,1.0,0.61125,221.1470202272835,220.75416,0.2478394885487313,historical_extension
L100_Ts180_Tr60p0_dT5_F1p2_LP45,1.0,180.0,60.0,5.0,1.2,0.45,S2a,800,1201,800,516,1.0,0.645,233.0881074068756,232.94304,0.170108959625445,historical_extension
L100_Ts180_Tr60p0_dT5_F1p2_LP45,1.0,180.0,60.0,5.0,1.2,0.45,S2b,800,1201,800,740,1.0,0.925,334.12057940632485,334.0656,0.2208854443678114,historical_extension
L100_Ts180_Tr60p0_dT10_F0p8_LP20,1.0,180.0,60.0,10.0,0.8,0.2,S1,800,1201,800,490,1.0,0.6125,147.69987180901384,147.47039999999998,0.2504578893287201,historical_extension
L100_Ts180_Tr60p0_dT10_F0p8_LP20,1.0,180.0,60.0,10.0,0.8,0.2,S2a,800,1201,800,507,1.0,0.63375,152.6702909277531,152.58672,0.1743398306497898,historical_extension
L100_Ts180_Tr60p0_dT10_F0p8_LP20,1.0,180.0,60.0,10.0,0.8,0.2,S2b,800,1201,800,754,1.0,0.9425,226.93885617065015,226.92384,0.2301196700795909,historical_extension
L100_Ts180_Tr60p0_dT10_F0p8_LP30,1.0,180.0,60.0,10.0,0.8,0.3,S1,800,1201,800,490,1.0,0.6125,147.69987180901384,147.47039999999998,0.2504578893287201,historical_extension
L100_Ts180_Tr60p0_dT10_F0p8_LP30,1.0,180.0,60.0,10.0,0.8,0.3,S2a,800,1201,800,507,1.0,0.63375,152.6702909277531,152.58672,0.1743398306497898,historical_extension
L100_Ts180_Tr60p0_dT10_F0p8_LP30,1.0,180.0,60.0,10.0,0.8,0.3,S2b,800,1201,800,754,1.0,0.9425,226.93885617065015,226.92384,0.2301196700795909,historical_extension
L100_Ts180_Tr60p0_dT10_F0p8_LP40,1.0,180.0,60.0,10.0,0.8,0.4,S1,800,1201,800,490,1.0,0.6125,147.69987180901384,147.47039999999998,0.2504578893287201,historical_extension
L100_Ts180_Tr60p0_dT10_F0p8_LP40,1.0,180.0,60.0,10.0,0.8,0.4,S2a,800,1201,800,507,1.0,0.63375,152.6702909277531,152.58672,0.1743398306497898,historical_extension
L100_Ts180_Tr60p0_dT10_F0p8_LP40,1.0,180.0,60.0,10.0,0.8,0.4,S2b,800,1201,800,754,1.0,0.9425,226.93885617065015,226.92384,0.2301196700795909,historical_extension
L100_Ts180_Tr60p0_dT10_F0p8_LP45,1.0,180.0,60.0,10.0,0.8,0.45,S1,800,1201,800,490,1.0,0.6125,147.69987180901384,147.47039999999998,0.2504578893287201,historical_extension
L100_Ts180_Tr60p0_dT10_F0p8_LP45,1.0,180.0,60.0,10.0,0.8,0.45,S2a,800,1201,800,507,1.0,0.63375,152.6702909277531,152.58672,0.1743398306497898,historical_extension
L100_Ts180_Tr60p0_dT10_F0p8_LP45,1.0,180.0,60.0,10.0,0.8,0.45,S2b,800,1201,800,754,1.0,0.9425,226.93885617065015,226.92384,0.2301196700795909,historical_extension
L100_Ts180_Tr60p0_dT10_F1p0_LP20,1.0,180.0,60.0,10.0,1.0,0.2,S1,800,1201,800,476,1.0,0.595,179.27235194039164,179.07119999999998,0.2493284357135815,historical_extension
L100_Ts180_Tr60p0_dT10_F1p0_LP20,1.0,180.0,60.0,10.0,1.0,0.2,S2a,800,1201,800,495,1.0,0.61875,186.55317774145584,186.219,0.17433032276622,historical_extension
L100_Ts180_Tr60p0_dT10_F1p0_LP20,1.0,180.0,60.0,10.0,1.0,0.2,S2b,800,1201,800,731,1.0,0.91375,275.184313925745,275.0022,0.2297754452478578,historical_extension
L100_Ts180_Tr60p0_dT10_F1p0_LP30,1.0,180.0,60.0,10.0,1.0,0.3,S1,800,1201,800,476,1.0,0.595,179.27235194039164,179.07119999999998,0.2493284357135815,historical_extension
L100_Ts180_Tr60p0_dT10_F1p0_LP30,1.0,180.0,60.0,10.0,1.0,0.3,S2a,800,1201,800,495,1.0,0.61875,186.55317774145584,186.219,0.17433032276622,historical_extension
L100_Ts180_Tr60p0_dT10_F1p0_LP30,1.0,180.0,60.0,10.0,1.0,0.3,S2b,800,1201,800,731,1.0,0.91375,275.184313925745,275.0022,0.2297754452478578,historical_extension
L100_Ts180_Tr60p0_dT10_F1p0_LP40,1.0,180.0,60.0,10.0,1.0,0.4,S1,800,1201,800,476,1.0,0.595,179.27235194039164,179.07119999999998,0.2493284357135815,historical_extension
L100_Ts180_Tr60p0_dT10_F1p0_LP40,1.0,180.0,60.0,10.0,1.0,0.4,S2a,800,1201,800,495,1.0,0.61875,186.55317774145584,186.219,0.17433032276622,historical_extension
L100_Ts180_Tr60p0_dT10_F1p0_LP40,1.0,180.0,60.0,10.0,1.0,0.4,S2b,800,1201,800,731,1.0,0.91375,275.184313925745,275.0022,0.2297754452478578,historical_extension
L100_Ts180_Tr60p0_dT10_F1p0_LP45,1.0,180.0,60.0,10.0,1.0,0.45,S1,800,1201,800,476,1.0,0.595,179.27235194039164,179.07119999999998,0.2493284357135815,historical_extension
L100_Ts180_Tr60p0_dT10_F1p0_LP45,1.0,180.0,60.0,10.0,1.0,0.45,S2a,800,1201,800,495,1.0,0.61875,186.55317774145584,186.219,0.17433032276622,historical_extension
L100_Ts180_Tr60p0_dT10_F1p0_LP45,1.0,180.0,60.0,10.0,1.0,0.45,S2b,800,1201,800,731,1.0,0.91375,275.184313925745,275.0022,0.2297754452478578,historical_extension
L100_Ts180_Tr60p0_dT10_F1p2_LP20,1.0,180.0,60.0,10.0,1.2,0.2,S1,800,1201,800,462,1.0,0.5775,208.8211916650224,208.56528,0.2482741001536065,historical_extension
L100_Ts180_Tr60p0_dT10_F1p2_LP20,1.0,180.0,60.0,10.0,1.2,0.2,S2a,800,1201,800,484,1.0,0.605,218.6028068737737,218.49696,0.1744101989786857,historical_extension
L100_Ts180_Tr60p0_dT10_F1p2_LP20,1.0,180.0,60.0,10.0,1.2,0.2,S2b,800,1201,800,708,1.0,0.885,319.813504153675,319.61952,0.2294245271397292,historical_extension
L100_Ts180_Tr60p0_dT10_F1p2_LP30,1.0,180.0,60.0,10.0,1.2,0.3,S1,800,1201,800,462,1.0,0.5775,208.8211916650224,208.56528,0.2482741001536065,historical_extension
L100_Ts180_Tr60p0_dT10_F1p2_LP30,1.0,180.0,60.0,10.0,1.2,0.3,S2a,800,1201,800,484,1.0,0.605,218.6028068737737,218.49696,0.1744101989786857,historical_extension
L100_Ts180_Tr60p0_dT10_F1p2_LP30,1.0,180.0,60.0,10.0,1.2,0.3,S2b,800,1201,800,708,1.0,0.885,319.813504153675,319.61952,0.2294245271397292,historical_extension
L100_Ts180_Tr60p0_dT10_F1p2_LP40,1.0,180.0,60.0,10.0,1.2,0.4,S1,800,1201,800,462,1.0,0.5775,208.8211916650224,208.56528,0.2482741001536065,historical_extension
L100_Ts180_Tr60p0_dT10_F1p2_LP40,1.0,180.0,60.0,10.0,1.2,0.4,S2a,800,1201,800,484,1.0,0.605,218.6028068737737,218.49696,0.1744101989786857,historical_extension
L100_Ts180_Tr60p0_dT10_F1p2_LP40,1.0,180.0,60.0,10.0,1.2,0.4,S2b,800,1201,800,708,1.0,0.885,319.813504153675,319.61952,0.2294245271397292,historical_extension
L100_Ts180_Tr60p0_dT10_F1p2_LP45,1.0,180.0,60.0,10.0,1.2,0.45,S1,800,1201,800,462,1.0,0.5775,208.8211916650224,208.56528,0.2482741001536065,historical_extension
L100_Ts180_Tr60p0_dT10_F1p2_LP45,1.0,180.0,60.0,10.0,1.2,0.45,S2a,800,1201,800,484,1.0,0.605,218.6028068737737,218.49696,0.1744101989786857,historical_extension
L100_Ts180_Tr60p0_dT10_F1p2_LP45,1.0,180.0,60.0,10.0,1.2,0.45,S2b,800,1201,800,708,1.0,0.885,319.813504153675,319.61952,0.2294245271397292,historical_extension
L100_Ts180_Tr60p0_dT15_F0p8_LP20,1.0,180.0,60.0,15.0,0.8,0.2,S1,800,1201,800,461,1.0,0.57625,138.83435791771444,138.74255999999997,0.2507690927001122,historical_extension
L100_Ts180_Tr60p0_dT15_F0p8_LP20,1.0,180.0,60.0,15.0,0.8,0.2,S2a,800,1201,800,474,1.0,0.5925,142.80992625401342,142.65504,0.179566267260833,historical_extension
L100_Ts180_Tr60p0_dT15_F0p8_LP20,1.0,180.0,60.0,15.0,0.8,0.2,S2b,800,1201,800,721,1.0,0.90125,217.11446319234253,216.99216,0.2401813015856743,historical_extension
L100_Ts180_Tr60p0_dT15_F0p8_LP30,1.0,180.0,60.0,15.0,0.8,0.3,S1,800,1201,800,461,1.0,0.57625,138.83435791771444,138.74255999999997,0.2507690927001122,historical_extension
L100_Ts180_Tr60p0_dT15_F0p8_LP30,1.0,180.0,60.0,15.0,0.8,0.3,S2a,800,1201,800,474,1.0,0.5925,142.80992625401342,142.65504,0.179566267260833,historical_extension
L100_Ts180_Tr60p0_dT15_F0p8_LP30,1.0,180.0,60.0,15.0,0.8,0.3,S2b,800,1201,800,721,1.0,0.90125,217.11446319234253,216.99216,0.2401813015856743,historical_extension
L100_Ts180_Tr60p0_dT15_F0p8_LP40,1.0,180.0,60.0,15.0,0.8,0.4,S1,800,1201,800,461,1.0,0.57625,138.83435791771444,138.74255999999997,0.2507690927001122,historical_extension
L100_Ts180_Tr60p0_dT15_F0p8_LP40,1.0,180.0,60.0,15.0,0.8,0.4,S2a,800,1201,800,474,1.0,0.5925,142.80992625401342,142.65504,0.179566267260833,historical_extension
L100_Ts180_Tr60p0_dT15_F0p8_LP40,1.0,180.0,60.0,15.0,0.8,0.4,S2b,800,1201,800,721,1.0,0.90125,217.11446319234253,216.99216,0.2401813015856743,historical_extension
L100_Ts180_Tr60p0_dT15_F0p8_LP45,1.0,180.0,60.0,15.0,0.8,0.45,S1,800,1201,800,461,1.0,0.57625,138.83435791771444,138.74255999999997,0.2507690927001122,historical_extension
L100_Ts180_Tr60p0_dT15_F0p8_LP45,1.0,180.0,60.0,15.0,0.8,0.45,S2a,800,1201,800,474,1.0,0.5925,142.80992625401342,142.65504,0.179566267260833,historical_extension
L100_Ts180_Tr60p0_dT15_F0p8_LP45,1.0,180.0,60.0,15.0,0.8,0.45,S2b,800,1201,800,721,1.0,0.90125,217.11446319234253,216.99216,0.2401813015856743,historical_extension
L100_Ts180_Tr60p0_dT15_F1p0_LP20,1.0,180.0,60.0,15.0,1.0,0.2,S1,800,1201,800,448,1.0,0.56,168.5748105150526,168.5376,0.2497040259893996,historical_extension
L100_Ts180_Tr60p0_dT15_F1p0_LP20,1.0,180.0,60.0,15.0,1.0,0.2,S2a,800,1201,800,463,1.0,0.57875,174.33404284411364,174.18059999999997,0.1796599000026016,historical_extension
L100_Ts180_Tr60p0_dT15_F1p0_LP20,1.0,180.0,60.0,15.0,1.0,0.2,S2b,800,1201,800,699,1.0,0.87375,263.0503372580936,262.9638,0.2399399297040404,historical_extension
L100_Ts180_Tr60p0_dT15_F1p0_LP30,1.0,180.0,60.0,15.0,1.0,0.3,S1,800,1201,800,448,1.0,0.56,168.5748105150526,168.5376,0.2497040259893996,historical_extension
L100_Ts180_Tr60p0_dT15_F1p0_LP30,1.0,180.0,60.0,15.0,1.0,0.3,S2a,800,1201,800,463,1.0,0.57875,174.33404284411364,174.18059999999997,0.1796599000026016,historical_extension
L100_Ts180_Tr60p0_dT15_F1p0_LP30,1.0,180.0,60.0,15.0,1.0,0.3,S2b,800,1201,800,699,1.0,0.87375,263.0503372580936,262.9638,0.2399399297040404,historical_extension
L100_Ts180_Tr60p0_dT15_F1p0_LP40,1.0,180.0,60.0,15.0,1.0,0.4,S1,800,1201,800,448,1.0,0.56,168.5748105150526,168.5376,0.2497040259893996,historical_extension
L100_Ts180_Tr60p0_dT15_F1p0_LP40,1.0,180.0,60.0,15.0,1.0,0.4,S2a,800,1201,800,463,1.0,0.57875,174.33404284411364,174.18059999999997,0.1796599000026016,historical_extension
L100_Ts180_Tr60p0_dT15_F1p0_LP40,1.0,180.0,60.0,15.0,1.0,0.4,S2b,800,1201,800,699,1.0,0.87375,263.0503372580936,262.9638,0.2399399297040404,historical_extension
L100_Ts180_Tr60p0_dT15_F1p0_LP45,1.0,180.0,60.0,15.0,1.0,0.45,S1,800,1201,800,448,1.0,0.56,168.5748105150526,168.5376,0.2497040259893996,historical_extension
L100_Ts180_Tr60p0_dT15_F1p0_LP45,1.0,180.0,60.0,15.0,1.0,0.45,S2a,800,1201,800,463,1.0,0.57875,174.33404284411364,174.18059999999997,0.1796599000026016,historical_extension
L100_Ts180_Tr60p0_dT15_F1p0_LP45,1.0,180.0,60.0,15.0,1.0,0.45,S2b,800,1201,800,699,1.0,0.87375,263.0503372580936,262.9638,0.2399399297040404,historical_extension
L100_Ts180_Tr60p0_dT15_F1p2_LP20,1.0,180.0,60.0,15.0,1.2,0.2,S1,800,1201,800,435,1.0,0.54375,196.4498719697156,196.3764,0.2487087117584817,historical_extension
L100_Ts180_Tr60p0_dT15_F1p2_LP20,1.0,180.0,60.0,15.0,1.2,0.2,S2a,800,1201,800,452,1.0,0.565,204.09450295721263,204.05088,0.1797516612027321,historical_extension
L100_Ts180_Tr60p0_dT15_F1p2_LP20,1.0,180.0,60.0,15.0,1.2,0.2,S2b,800,1201,800,676,1.0,0.845,305.47271558007515,305.17344,0.2395866113335538,historical_extension
L100_Ts180_Tr60p0_dT15_F1p2_LP30,1.0,180.0,60.0,15.0,1.2,0.3,S1,800,1201,800,435,1.0,0.54375,196.4498719697156,196.3764,0.2487087117584817,historical_extension
L100_Ts180_Tr60p0_dT15_F1p2_LP30,1.0,180.0,60.0,15.0,1.2,0.3,S2a,800,1201,800,452,1.0,0.565,204.09450295721263,204.05088,0.1797516612027321,historical_extension
L100_Ts180_Tr60p0_dT15_F1p2_LP30,1.0,180.0,60.0,15.0,1.2,0.3,S2b,800,1201,800,676,1.0,0.845,305.47271558007515,305.17344,0.2395866113335538,historical_extension
L100_Ts180_Tr60p0_dT15_F1p2_LP40,1.0,180.0,60.0,15.0,1.2,0.4,S1,800,1201,800,435,1.0,0.54375,196.4498719697156,196.3764,0.2487087117584817,historical_extension
L100_Ts180_Tr60p0_dT15_F1p2_LP40,1.0,180.0,60.0,15.0,1.2,0.4,S2a,800,1201,800,452,1.0,0.565,204.09450295721263,204.05088,0.1797516612027321,historical_extension
L100_Ts180_Tr60p0_dT15_F1p2_LP40,1.0,180.0,60.0,15.0,1.2,0.4,S2b,800,1201,800,676,1.0,0.845,305.47271558007515,305.17344,0.2395866113335538,historical_extension
L100_Ts180_Tr60p0_dT15_F1p2_LP45,1.0,180.0,60.0,15.0,1.2,0.45,S1,800,1201,800,435,1.0,0.54375,196.4498719697156,196.3764,0.2487087117584817,historical_extension
L100_Ts180_Tr60p0_dT15_F1p2_LP45,1.0,180.0,60.0,15.0,1.2,0.45,S2a,800,1201,800,452,1.0,0.565,204.09450295721263,204.05088,0.1797516612027321,historical_extension
L100_Ts180_Tr60p0_dT15_F1p2_LP45,1.0,180.0,60.0,15.0,1.2,0.45,S2b,800,1201,800,676,1.0,0.845,305.47271558007515,305.17344,0.2395866113335538,historical_extension
